o obj1
v 0.023765 -0.121628 0.017575
v 0.021216 -0.122926 0.016886
v 0.021917 -0.123546 0.013754
v 0.024854 -0.124017 -0.000526
v 0.026701 -0.123066 0.002834
v 0.023987 -0.12438 0.0015
v 0.005446 -0.111505 -0.042378
v 0.005229 -0.113357 -0.04049
v 0.001478 -0.11276 -0.041445
v 0.00224 -0.110289 -0.043837
v 0.022612 -0.124642 -0.006194
v 0.022608 -0.124917 -0.002691
v 0.019816 -0.125941 -0.003461
v 0.018393 -0.125515 -0.010653
v 0.019107 -0.125805 -0.007418
v 0.015868 -0.126579 -0.008943
v 0.016551 -0.12685 0.005278
v 0.014079 -0.127153 0.008205
v 0.014076 -0.127557 0.004547
v 0.015024 -0.125866 -0.01371
v 0.012616 -0.126578 -0.013128
v 0.012618 -0.125634 -0.01671
v 0.036968 -0.116175 -0.006751
v 0.036816 -0.116728 -0.002305
v 0.034577 -0.117937 -0.007007
v 0.003519 -0.127066 0.016212
v 0.00246 -0.126227 0.019107
v 0.000636 -0.126713 0.01779
v 0.009328 -0.124662 -0.02145
v 0.008201 -0.126162 -0.017652
v 0.006719 -0.125627 -0.019854
v 0.023485 -0.11262 0.03435
v 0.024379 -0.109962 0.036879
v 0.021218 -0.111466 0.037134
v 0.007666 -0.128757 -0.00444
v 0.005231 -0.129186 -0.000632
v 0.002976 -0.12921 -0.004019
v 0.024679 -0.119309 -0.022394
v 0.025352 -0.120446 -0.018749
v 0.022608 -0.121067 -0.020478
v 0.002768 -0.128433 -0.010455
v -0.001494 -0.128901 -0.00773
v -0.001589 -0.128199 -0.011949
v 0.015529 -0.118935 0.030097
v 0.012616 -0.119911 0.029823
v 0.013491 -0.121319 0.026896
v 0.002837 -0.128937 -0.007026
v 0.035169 -0.111532 0.024233
v 0.034376 -0.110443 0.027088
v 0.031344 -0.114375 0.024394
v 0.011746 -0.1154 -0.03669
v 0.012617 -0.117214 -0.033973
v 0.009679 -0.117225 -0.034909
v 0.00968 -0.123784 0.023434
v 0.011154 -0.122294 0.026041
v 0.007461 -0.122988 0.025962
v 0.028736 -0.122078 0.000921
v 0.029343 -0.121457 0.005389
v 0.0082 -0.113111 -0.040263
v 0.008201 -0.115094 -0.038002
v 0.027366 -0.120015 0.01703
v 0.025349 -0.119869 0.020252
v 0.044394 -0.109275 0.006182
v 0.045953 -0.10776 0.003687
v 0.045882 -0.107582 0.005685
v 0.00225 -0.127798 0.013624
v -0.000752 -0.127593 0.014628
v 0.020705 -0.114709 0.033441
v 0.019813 -0.1137 0.03527
v 0.039124 -0.114713 -0.003935
v 0.039121 -0.114868 -0.001064
v 0.013567 -0.127096 -0.009458
v 0.009148 -0.12665 -0.015499
v 0.011785 -0.124915 -0.019526
v 0.018392 -0.118204 0.029658
v 0.018395 -0.116638 0.032088
v 0.00478 -0.122568 -0.027421
v 0.002228 -0.123978 -0.024836
v 0.000741 -0.123131 -0.026703
v 0.021219 -0.120752 -0.022643
v 0.01553 -0.116218 -0.034165
v 0.016463 -0.118463 -0.03038
v 0.012617 -0.118873 -0.031513
v 0.005832 -0.126273 0.018253
v 0.021217 -0.11582 0.031533
v 0.000618 -0.107521 -0.046307
v -0.000965 -0.109295 -0.044784
v 0.019814 -0.125001 0.010794
v 0.017782 -0.125363 0.01241
v 0.016964 -0.126278 0.008824
v 0.0082 -0.125617 0.019317
v 0.006719 -0.124453 0.022904
v 0.004171 -0.124986 0.022246
v 0.013209 -0.127929 0.001318
v 0.011364 -0.128169 0.004218
v 0.009678 -0.128602 0.001618
v 0.008197 -0.128831 -0.00138
v 0.00225 -0.121553 -0.029583
v -0.000735 -0.1222 -0.028496
v 0.04174 -0.110026 0.014385
v 0.039124 -0.111824 0.016388
v 0.039693 -0.112555 0.01273
v 0.032722 -0.114521 0.022217
v 0.029341 -0.116637 0.022519
v 0.005231 -0.109603 -0.044215
v 0.034405 -0.118151 0.006308
v 0.032406 -0.11885 0.010272
v 0.031732 -0.119952 0.006207
v 0.043565 -0.110644 0.000346
v 0.040692 -0.113433 0.002284
v 0.041489 -0.112728 -0.001281
v 0.028537 -0.118135 0.020285
v 0.042942 -0.111102 0.004067
v 0.030635 -0.120917 0.002719
v 0.000752 -0.128347 0.011214
v 0.032549 -0.118871 -0.009709
v 0.030361 -0.120041 -0.010666
v 0.030636 -0.119203 -0.013446
v 0.011155 -0.128333 -0.002113
v 0.005861 -0.124326 -0.023471
v 0.005863 -0.128665 -0.007481
v 0.010418 -0.124861 0.020416
v 0.043573 -0.10763 0.015368
v 0.040754 -0.109518 0.018141
v 0.003619 -0.107643 -0.046073
v 0.045224 -0.108733 0.002378
v 0.025575 -0.123517 -0.004346
v 0.016965 -0.120034 0.027355
v 0.02803 -0.118955 -0.018929
v 0.02724 -0.120313 -0.016336
v 0.020658 -0.119612 -0.025548
v 0.013457 -0.123086 0.023205
v 0.020518 -0.117524 -0.029383
v 0.018393 -0.119757 -0.026939
v 0.010938 -0.113535 -0.03913
v 0.0267 -0.110122 0.035033
v 0.027534 -0.107936 0.036803
v 0.023988 -0.114089 0.032039
v 0.036774 -0.109273 0.025612
v 0.035619 -0.116795 0.009211
v 0.030831 -0.118049 -0.016834
v 0.027827 -0.120643 -0.014175
v 0.025532 -0.121669 0.01469
v -0.001335 -0.120494 -0.03144
v 0.033178 -0.117149 -0.014839
v 0.038557 -0.114492 0.008969
v 0.035617 -0.116114 0.012183
v 0.031915 -0.116552 0.018923
v 0.037558 -0.114528 0.012365
v 0.005818 -0.127529 0.01376
v 0.019811 -0.125478 0.007966
v 0.02122 -0.117729 0.028538
v 0.007968 -0.110227 -0.043228
v 0.018394 -0.124903 -0.013479
v 0.035183 -0.116776 -0.010864
v 0.003189 -0.127955 -0.012759
v 0.00075 -0.127613 -0.014543
v 0.023175 -0.117813 -0.026839
v 0.018396 -0.117171 -0.03129
v 0.022614 -0.124098 0.009901
v 0.021217 -0.124669 -0.009779
v 0.006718 -0.127102 0.015043
v 0.027542 -0.111546 0.032626
v 0.0082 -0.123162 -0.025355
v 0.010617 -0.111874 -0.041022
v 0.025354 -0.122512 0.011719
v 0.028593 -0.122083 -0.00293
v 0.029901 -0.109603 0.033005
v 0.029685 -0.1079 0.035119
v 0.016249 -0.124878 -0.01611
v 0.016748 -0.121876 0.023799
v 0.002247 -0.119986 -0.032186
v 0.038968 -0.107722 0.024665
v 0.037867 -0.107868 0.026136
v 0.035984 -0.112457 0.021238
v 0.039266 -0.114121 -0.007614
v 0.003737 -0.128334 0.010675
v 0.023987 -0.115655 0.029738
v 0.028556 -0.117511 -0.021682
v 0.019244 -0.11992 0.02604
v 0.014803 -0.11387 -0.037462
v 0.0061 -0.107465 -0.045952
v 0.041887 -0.111997 -0.005573
v 0.002791 -0.128783 0.008235
v -0.000951 -0.12873 0.008935
v -0.000733 -0.129065 0.006392
v 0.044388 -0.107767 0.012427
v 0.038559 -0.109691 0.022123
v 0.026696 -0.113063 0.031302
v 0.033168 -0.119289 0.003254
v 0.031286 -0.117923 0.016349
v 0.018398 -0.1151 -0.034251
v 0.043347 -0.110773 -0.002795
v 0.009679 -0.12631 0.016383
v 0.011154 -0.123352 -0.023794
v 0.042423 -0.110163 0.011749
v 0.046008 -0.107883 -0.000966
v 0.046191 -0.107614 0.000989
v 0.015524 -0.124054 -0.019297
v 0.016966 -0.126937 0.001576
v 0.027299 -0.116879 -0.02452
v 0.000737 -0.118427 -0.03458
v 0.039919 -0.107789 0.023002
v 0.011155 -0.110145 -0.042591
v 0.034147 -0.114599 0.019757
v 0.037399 -0.115057 -0.01079
v 0.02803 -0.120562 0.014024
v 0.031533 -0.10788 0.033493
v 0.030637 -0.116859 -0.020208
v 0.020611 -0.125529 0.005168
v 0.014077 -0.111791 -0.040045
v 0.014943 -0.123773 0.020531
v 0.011153 -0.128074 -0.005833
v 0.012618 -0.125117 0.01836
v 0.005268 -0.121361 -0.029539
v 0.00746 -0.127991 -0.010652
v 0.036967 -0.116378 0.005168
v 0.021218 -0.11555 -0.031925
v 0.024597 -0.123406 -0.008942
v 0.022006 -0.12364 -0.013246
v 0.007846 -0.121286 -0.0291
v 0.014077 -0.127665 -0.00283
v 0.009681 -0.128067 -0.008092
v 0.035616 -0.115675 -0.013757
v 0.023987 -0.115784 -0.029538
v 0.024854 -0.116913 -0.026923
v 0.023332 -0.117882 0.026577
v 0.032708 -0.1197 0.000764
v 0.019812 -0.120827 0.023723
v 0.006718 -0.128078 0.010623
v 0.016153 -0.127191 -0.001265
v 0.002232 -0.129128 0.005376
v -0.001302 -0.129304 0.003446
v 0.026488 -0.115236 0.028248
v 0.004371 -0.12701 -0.016261
v 0.041223 -0.112019 0.009113
v 0.008683 -0.107466 -0.045531
v 0.033009 -0.115857 -0.018752
v 0.009682 -0.12724 0.012756
v 0.014945 -0.123047 -0.022356
v 0.00968 -0.121961 -0.027275
v 0.004097 -0.11924 -0.033158
v 0.012618 -0.125974 0.015523
v 0.030469 -0.119159 0.013987
v 0.010998 -0.107539 -0.044974
v 0.041346 -0.111897 -0.009178
v 0.035619 -0.117645 0.001938
v 0.01932 -0.112143 -0.037416
v 0.014057 -0.10974 -0.042114
v 0.031912 -0.120194 -0.001187
v 0.028028 -0.122042 -0.006578
v 0.024041 -0.123733 0.008393
v 0.018395 -0.123937 -0.016966
v 0.018965 -0.122339 0.020947
v 0.021221 -0.113443 -0.034781
v 0.016967 -0.111719 -0.038987
v 0.006716 -0.119686 -0.032034
v 0.002285 -0.11006 0.044048
v 0.0013 -0.108006 0.045888
v -0.000761 -0.109794 0.044342
v 0.044442 -0.109444 -0.004512
v 0.046023 -0.107761 -0.002571
v 0.003811 -0.107948 0.045792
v 0.000169 -0.112196 0.04205
v 0.006088 -0.128705 0.006968
v 0.03562 -0.114716 -0.016654
v 0.02934 -0.112315 0.029936
v 0.001494 -0.126647 -0.017959
v 0.005244 -0.109974 0.043873
v 0.023991 -0.113826 -0.032412
v 0.003738 -0.112759 0.041303
v 0.006004 -0.107873 0.045607
v 0.028688 -0.120939 0.011025
v 0.008807 -0.107942 0.045105
v 0.014036 -0.12247 -0.024229
v 0.037978 -0.113747 -0.013779
v 0.020343 -0.125859 0.000835
v 0.030636 -0.115188 -0.023748
v 0.026698 -0.115073 -0.02829
v 0.008396 -0.109505 0.043808
v 0.000752 -0.114432 0.039632
v 0.006718 -0.127519 -0.013342
v 0.006718 -0.112047 0.041665
v 0.039121 -0.113453 -0.011297
v 0.015529 -0.124675 0.017439
v 0.021216 -0.123202 -0.015985
v 0.034414 -0.115893 0.015962
v 0.003736 -0.11528 0.038476
v 0.000743 -0.129392 0.001359
v 0.003735 -0.117318 -0.03591
v 0.045872 -0.107792 -0.004321
v 0.002312 -0.117216 0.036178
v -0.000745 -0.116588 0.037046
v 0.022616 -0.120161 0.02264
v 0.039124 -0.114579 0.005251
v 0.014073 -0.127448 -0.005771
v 0.032209 -0.114513 -0.02297
v 0.011349 -0.107958 0.044521
v 0.041147 -0.107841 0.020672
v 0.024855 -0.122795 -0.011492
v 0.037363 -0.11233 0.018995
v 0.000751 -0.118227 0.034857
v 0.009681 -0.111223 0.041903
v 0.032905 -0.107919 0.032104
v 0.002235 -0.115994 -0.037729
v -0.001321 -0.117178 -0.036275
v 0.044846 -0.107834 0.010476
v 0.007318 -0.114843 0.038489
v 0.013938 -0.107514 -0.044169
v 0.01316 -0.12674 0.011889
v 0.012573 -0.109836 0.042488
v 0.003736 -0.129211 0.003152
v 0.029344 -0.114234 -0.026992
v 0.032466 -0.110141 0.029755
v 0.018393 -0.122757 -0.020371
v 0.016946 -0.109642 -0.041134
v 0.023223 -0.124579 0.004218
v 0.013431 -0.10791 0.043969
v 0.010276 -0.113527 0.039333
v 0.005228 -0.117538 0.03544
v 0.03798 -0.11279 -0.016555
v 0.034401 -0.114113 -0.020402
v 0.012111 -0.121228 -0.027725
v 0.01815 -0.124062 0.016869
v 0.026697 -0.113582 -0.030565
v 0.026699 -0.1225 0.008228
v 0.043443 -0.109832 -0.008748
v 0.010214 -0.127847 0.009012
v 0.040244 -0.111883 -0.013214
v 0.013349 -0.112008 0.040077
v 0.032102 -0.11988 -0.004697
v 0.030348 -0.120803 -0.006155
v 0.02803 -0.121527 -0.009892
v 0.00428 -0.119392 0.03291
v 0.000753 -0.119936 0.032334
v 0.029343 -0.114115 0.027176
v 0.020518 -0.122511 -0.018952
v 0.015492 -0.109773 0.041577
v 0.016825 -0.107905 0.042806
v 0.018156 -0.107435 -0.042665
v 0.045685 -0.107842 -0.005721
v 0.006718 -0.117564 -0.035152
v 0.001294 -0.114698 -0.039325
v 0.023986 -0.111682 -0.035152
v 0.040793 -0.112984 0.00591
v 0.020517 -0.109647 -0.03948
v 0.026206 -0.123029 0.006184
v 0.034413 -0.118503 -0.002392
v 0.008202 -0.116814 0.035835
v 0.023197 -0.110187 -0.037391
v 0.009685 -0.119344 -0.031822
v 0.015525 -0.125488 0.01462
v 0.036658 -0.112487 -0.019983
v 0.042462 -0.111109 0.007496
v 0.002228 -0.129366 -0.000694
v -0.001278 -0.129369 -0.002008
v 0.034199 -0.107864 0.030785
v 0.03141 -0.112521 0.02745
v 0.027543 -0.116274 0.025384
v 0.025927 -0.118127 0.023551
v 0.031911 -0.112927 -0.026189
v 0.010641 -0.127289 -0.01175
v 0.001491 -0.121369 0.029968
v 0.011156 -0.115982 0.036139
v 0.002247 -0.125436 -0.021345
v -0.001481 -0.125832 -0.020373
v 0.034413 -0.112441 -0.023738
v 0.027366 -0.111514 -0.032818
v 0.005229 -0.120483 0.031036
v 0.029343 -0.112058 -0.030299
v 0.04518 -0.107822 -0.008936
v 0.008941 -0.118695 0.033028
v 0.042386 -0.109786 -0.013105
v 0.036812 -0.11401 0.015948
v 0.033169 -0.117774 0.012618
v 0.038109 -0.11571 0.001559
v 0.020052 -0.107989 -0.041317
v 0.003192 -0.12244 0.027886
v -0.001494 -0.122987 0.026976
v 0.018556 -0.109501 0.040566
v 0.014078 -0.114563 0.036908
v 0.03146 -0.111416 -0.029064
v 0.016964 -0.126744 -0.004973
v 0.01759 -0.121567 -0.02389
v 0.040242 -0.110958 -0.015873
v 0.017488 -0.111491 0.039011
v 0.006717 -0.128985 0.002387
v 0.036198 -0.107871 0.028415
v 0.021218 -0.122002 0.01957
v 0.019794 -0.107887 0.041516
v 0.025349 -0.121904 -0.014173
v 0.044514 -0.108126 -0.010804
v 0.000971 -0.12409 0.024679
v 0.027334 -0.109819 -0.034908
v 0.010622 -0.128064 0.006878
v 0.008201 -0.128666 0.004634
v 0.023772 -0.107762 -0.039504
v -0.001485 -0.124721 -0.023217
v 0.03979 -0.110288 -0.018558
v 0.023678 -0.121743 -0.017321
v 0.015526 -0.120504 -0.027338
v 0.009142 -0.120135 0.03071
v 0.003737 -0.12346 0.025767
v 0.003649 -0.125366 -0.02137
v 0.036834 -0.110273 -0.023925
v 0.006715 -0.121494 0.029005
v 0.034077 -0.110415 -0.027496
v 0.026052 -0.107797 -0.038005
v 0.029342 -0.121119 0.008011
v 0.043952 -0.107848 -0.013677
v 0.021194 -0.109545 0.039213
v 0.022085 -0.107748 0.04046
v 0.030636 -0.109874 -0.031963
v 0.017782 -0.113268 0.036876
v -0.000752 -0.129191 -0.005067
v 0.005228 -0.115351 -0.038217
v 0.01316 -0.117833 0.032897
v 0.042316 -0.108234 -0.017315
v 0.039072 -0.109549 -0.021454
v 0.028089 -0.107777 -0.036538
v 0.04335 -0.107849 -0.015471
v 0.045269 -0.107737 0.008817
v 0.029547 -0.107607 -0.035526
v 0.030955 -0.108179 -0.033705
v 0.014075 -0.119747 -0.029444
v 0.033502 -0.107989 -0.031411
v 0.042099 -0.107804 -0.018679
v 0.041308 -0.107716 -0.020513
v 0.040493 -0.107791 -0.021973
v 0.038034 -0.107718 -0.026094
v 0.039168 -0.107904 -0.024089
v 0.034849 -0.107958 -0.029941
v 0.036516 -0.107927 -0.027921
v 0.016248 -0.11603 0.034083
v 0.009463 -0.121345 0.028493
v 0.000749 -0.12543 0.021465
v 0.023691 -0.107935 0.039379
v 0.042502 -0.107731 0.017904
v -0.000752 -0.111151 -0.043072
v 0.025897 -0.107737 0.038136
v -0.015526 -0.120389 0.02755
v -0.018396 -0.119293 0.027786
v -0.017683 -0.121006 0.025002
v -0.034657 -0.116238 -0.0143
v -0.034818 -0.116709 -0.012257
v -0.036812 -0.114979 -0.012926
v -0.034147 -0.113816 0.021456
v -0.035616 -0.112161 0.022398
v -0.035678 -0.113473 0.019599
v -0.02339 -0.12146 0.018548
v -0.026163 -0.120096 0.018602
v -0.02611 -0.121303 0.015021
v -0.011782 -0.126426 -0.014542
v -0.016445 -0.125107 -0.015083
v -0.014994 -0.124672 -0.017952
v -0.002246 -0.124452 0.023766
v -0.005588 -0.123628 0.025097
v -0.003102 -0.125542 0.020991
v -0.037599 -0.116148 0.001196
v -0.035617 -0.117533 0.003752
v -0.038661 -0.115198 0.002893
v -0.038995 -0.114923 -0.002501
v -0.040254 -0.113882 0.000631
v -0.041779 -0.112436 -0.001472
v -0.029341 -0.112439 -0.029757
v -0.0321 -0.11163 -0.028035
v -0.031866 -0.109733 -0.03092
v -0.005231 -0.128621 -0.00817
v -0.006182 -0.128798 -0.005957
v -0.009053 -0.12808 -0.008789
v -0.042298 -0.111502 -0.006075
v -0.043451 -0.1106 -0.003584
v -0.044374 -0.109322 -0.006018
v -0.028028 -0.122041 -0.00659
v -0.030636 -0.120667 -0.005746
v -0.029546 -0.120775 -0.00942
v -0.031915 -0.114692 0.023017
v -0.032074 -0.112894 0.02605
v -0.034408 -0.111726 0.024978
v -0.019815 -0.12122 -0.02285
v -0.018393 -0.122755 -0.020379
v -0.021217 -0.121575 -0.02068
v -0.03798 -0.111569 0.019452
v -0.03681 -0.113588 0.017067
v -0.031866 -0.119346 -0.009508
v -0.034403 -0.11757 -0.009771
v -0.02238 -0.119301 -0.024703
v -0.025349 -0.118285 -0.023819
v -0.026027 -0.116578 -0.026403
v -0.03906 -0.112989 0.013201
v -0.041324 -0.109965 0.015691
v -0.040325 -0.112411 0.011125
v -0.026877 -0.114818 -0.028524
v -0.029341 -0.11389 -0.027545
v -0.017516 -0.110418 0.040135
v -0.016534 -0.107913 0.042896
v -0.019362 -0.107884 0.041727
v -0.012353 -0.126835 0.01229
v -0.016151 -0.126129 0.011097
v -0.014079 -0.127161 0.008205
v -0.033166 -0.119191 0.004529
v -0.033172 -0.118808 0.007667
v -0.035568 -0.117237 0.006822
v -0.019017 -0.12373 -0.016984
v -0.007844 -0.127379 -0.013386
v -0.011152 -0.127328 -0.010999
v -0.044353 -0.109318 0.006154
v -0.043447 -0.109795 0.008879
v -0.04551 -0.107796 0.00719
v -0.011154 -0.118988 0.031881
v -0.011153 -0.116874 0.034948
v -0.013351 -0.117997 0.032565
v -0.039651 -0.110455 -0.018522
v -0.040862 -0.109877 -0.017067
v -0.042052 -0.107782 -0.018824
v -0.018396 -0.122134 0.021931
v -0.020896 -0.119688 0.025218
v -0.02122 -0.121221 0.021548
v -0.029341 -0.110877 -0.031895
v -0.009678 -0.127233 0.012754
v -0.009679 -0.126512 0.015664
v -0.003738 -0.129182 -0.003662
v -0.017542 -0.126353 0.007086
v -0.030469 -0.12062 0.006951
v -0.030833 -0.119741 0.010771
v -0.023505 -0.124517 -0.003381
v -0.022608 -0.124982 0.000112
v -0.025354 -0.123776 -0.001258
v -0.023389 -0.116707 -0.028562
v -0.045934 -0.107763 0.003936
v -0.041338 -0.112708 -0.003765
v -0.01549 -0.109871 0.04148
v -0.026206 -0.113756 -0.030747
v -0.037978 -0.113191 -0.015451
v -0.040243 -0.111154 -0.015346
v -0.031053 -0.108269 -0.033515
v -0.033269 -0.107726 -0.031937
v -0.020544 -0.112821 0.035961
v -0.019812 -0.110402 0.03905
v -0.023189 -0.110242 0.03734
v -0.023765 -0.114384 0.031814
v -0.024673 -0.111528 0.034869
v -0.026402 -0.112201 0.032712
v -0.015004 -0.119026 0.030208
v -0.014944 -0.123258 -0.021844
v -0.019815 -0.119678 -0.026081
v -0.027191 -0.122687 -0.004688
v -0.027502 -0.121837 0.009738
v -0.028028 -0.120899 0.012739
v -0.031913 -0.118616 -0.012608
v -0.035617 -0.114711 -0.016655
v -0.016969 -0.121459 -0.024553
v -0.028838 -0.114422 0.027234
v -0.003737 -0.115763 0.037893
v -0.00302 -0.114605 0.039346
v -0.006497 -0.114359 0.039182
v -0.006714 -0.116036 0.03714
v -0.008555 -0.117417 0.034946
v -0.004371 -0.128223 -0.011103
v -0.036621 -0.1148 0.014073
v -0.039122 -0.111821 0.016386
v -0.012617 -0.120649 0.028537
v -0.013973 -0.107959 0.043763
v -0.026696 -0.113847 0.03018
v -0.029341 -0.112691 0.02939
v -0.036811 -0.112983 -0.01857
v -0.041335 -0.107842 -0.020252
v -0.011364 -0.125315 -0.018565
v -0.036812 -0.116776 -0.000496
v -0.005228 -0.126631 0.017267
v -0.006117 -0.125512 0.020386
v -0.008832 -0.125805 0.018513
v -0.001684 -0.107821 0.046009
v -0.018393 -0.126512 0.000836
v -0.019015 -0.12616 0.004351
v -0.021218 -0.125484 0.002241
v -0.002251 -0.112772 0.041386
v -0.041883 -0.111717 0.007395
v -0.04241 -0.11032 0.011209
v -0.008942 -0.126392 -0.016546
v -0.012618 -0.124201 -0.020931
v -0.021916 -0.122986 0.015794
v -0.006177 -0.12719 0.014961
v -0.034407 -0.118551 0.00073
v -0.015525 -0.127188 0.004517
v -0.019203 -0.126229 -0.001972
v -0.025957 -0.112337 -0.032905
v -0.028694 -0.116539 0.023568
v -0.032549 -0.116308 0.018464
v -0.019129 -0.123321 0.018134
v -0.028048 -0.109726 -0.034432
v -0.025351 -0.123275 -0.007424
v -0.039869 -0.113781 -0.006405
v -0.04341 -0.109863 -0.008773
v -0.008943 -0.119911 0.031135
v -0.034354 -0.115914 0.016003
v -0.00968 -0.127804 0.009812
v -0.024598 -0.122836 0.011881
v -0.022207 -0.11528 -0.031661
v -0.044348 -0.109695 0.002896
v -0.026207 -0.122548 -0.009455
v -0.019811 -0.117544 -0.029821
v -0.045291 -0.108008 -0.007464
v -0.04507 -0.10778 -0.009595
v -0.029613 -0.107782 -0.03531
v -0.006482 -0.118532 0.033826
v -0.010796 -0.128035 0.006904
v -0.008203 -0.125695 -0.019086
v -0.013248 -0.122584 0.024448
v -0.017684 -0.119439 -0.028
v -0.012581 -0.110287 0.042066
v -0.017897 -0.113286 0.036798
v -0.021218 -0.115012 0.032688
v -0.03141 -0.118152 -0.015392
v -0.004485 -0.127082 -0.015958
v -0.024673 -0.116229 0.028253
v -0.030635 -0.120833 0.004011
v -0.009682 -0.124457 -0.02183
v -0.013247 -0.121987 -0.025705
v -0.015527 -0.122915 0.022256
v -0.028695 -0.120197 -0.014058
v -0.03335 -0.115886 -0.018087
v -0.026162 -0.11677 0.025919
v -0.030636 -0.116508 0.021014
v -0.02824 -0.122034 0.00579
v -0.031916 -0.120193 0.001385
v -0.022798 -0.124515 -0.006539
v -0.046073 -0.107797 0.000696
v -0.01254 -0.107899 0.044236
v -0.003518 -0.117404 0.035811
v -0.010763 -0.107956 0.044662
v -0.00223 -0.126797 0.017366
v -0.006719 -0.127789 0.012108
v -0.011156 -0.123036 -0.024477
v -0.015527 -0.127343 0.001588
v -0.021218 -0.125376 -0.004135
v -0.036808 -0.116647 -0.003485
v -0.041986 -0.11208 0.003917
v -0.040416 -0.107913 -0.021924
v -0.025375 -0.109826 -0.036336
v -0.009053 -0.121918 0.027597
v -0.005229 -0.126014 -0.019192
v -0.012618 -0.127942 0.003825
v -0.014079 -0.120472 -0.028167
v -0.023222 -0.111881 -0.035443
v -0.027369 -0.107855 -0.037005
v -0.014284 -0.112341 0.039377
v -0.038127 -0.115252 -0.00662
v -0.037543 -0.111176 -0.02108
v -0.041337 -0.112005 -0.008637
v -0.011151 -0.122296 0.026038
v -0.016446 -0.1177 -0.031574
v -0.026697 -0.121773 -0.012017
v -0.020657 -0.113849 -0.034603
v -0.037976 -0.11475 0.010008
v -0.002328 -0.127101 -0.01636
v -0.033914 -0.114471 -0.020469
v -0.015004 -0.1192 -0.029922
v -0.019811 -0.115565 -0.032797
v -0.006717 -0.124548 -0.022677
v -0.002982 -0.118706 0.034071
v -0.016445 -0.123755 0.019396
v -0.039606 -0.113997 0.006537
v -0.002888 -0.127953 0.012872
v -0.02502 -0.107762 -0.03873
v -0.020727 -0.11715 0.029853
v -0.005322 -0.124688 -0.022739
v -0.042843 -0.109451 -0.012667
v -0.044479 -0.107891 -0.011712
v -0.009688 -0.11011 0.042983
v -0.018397 -0.115383 0.033858
v -0.034404 -0.118459 -0.003013
v -0.0082 -0.123163 -0.025352
v -0.022104 -0.124448 -0.009071
v -0.016964 -0.115882 -0.033926
v -0.009678 -0.121611 -0.027937
v -0.037378 -0.109781 -0.023912
v -0.006715 -0.128328 0.009142
v -0.022612 -0.109763 -0.038184
v -0.044854 -0.109229 -0.001175
v -0.015271 -0.127393 -0.002452
v -0.019015 -0.12598 -0.006267
v -0.011153 -0.120288 -0.029766
v -0.023988 -0.123155 -0.01163
v -0.035262 -0.116824 0.01039
v -0.012618 -0.128061 0.000859
v -0.008742 -0.107928 0.045121
v -0.02122 -0.12405 0.012786
v -0.024808 -0.123532 0.007442
v -0.025348 -0.118191 0.024011
v -0.032892 -0.119518 -0.002695
v -0.029344 -0.118214 0.018877
v -0.034555 -0.116611 0.013267
v -0.019815 -0.111052 -0.038367
v -0.012618 -0.118471 -0.032134
v -0.006716 -0.120742 0.030315
v -0.018395 -0.113767 -0.035947
v -0.030635 -0.117352 -0.019015
v -0.005228 -0.123136 -0.026182
v -0.015525 -0.114268 0.036674
v -0.039253 -0.107878 -0.023994
v -0.014075 -0.116508 -0.034383
v -0.02289 -0.107816 -0.039977
v -0.006714 -0.121973 -0.02813
v -0.041215 -0.111418 -0.01162
v -0.028878 -0.118777 -0.018135
v -0.046073 -0.107752 -0.001669
v -0.035616 -0.111969 -0.022759
v -0.003735 -0.128464 0.00993
v -0.006724 -0.109894 0.043745
v -0.005984 -0.107882 0.045605
v -0.010561 -0.11299 0.039852
v -0.02481 -0.122087 -0.014475
v -0.031915 -0.118043 0.014681
v -0.035458 -0.117393 -0.006309
v -0.014662 -0.114423 -0.03685
v -0.002985 -0.120341 0.031576
v -0.009679 -0.128577 0.002367
v -0.042411 -0.111813 0.00117
v -0.007459 -0.120218 -0.031031
v -0.012083 -0.124192 0.021287
v -0.012619 -0.114341 0.037686
v -0.016966 -0.1127 -0.037897
v -0.022608 -0.117605 0.027652
v -0.022609 -0.124092 0.009901
v -0.009149 -0.11862 -0.033076
v -0.028823 -0.122022 0.001009
v -0.002247 -0.123624 -0.025596
v -0.007602 -0.128729 0.004925
v -0.03708 -0.116071 0.006864
v -0.010623 -0.117129 -0.034774
v -0.019608 -0.108092 -0.041443
v -0.017822 -0.117349 0.031364
v -0.018396 -0.124852 0.013713
v -0.026698 -0.118743 0.021265
v -0.012084 -0.128151 -0.002013
v -0.021219 -0.124406 -0.011162
v -0.003739 -0.121478 -0.029581
v -0.016977 -0.110207 -0.040572
v -0.015526 -0.124674 0.017445
v -0.004693 -0.128835 0.006872
v -0.014705 -0.116205 0.034553
v -0.011153 -0.115196 -0.037117
v -0.026208 -0.120505 -0.017377
v -0.030638 -0.116325 -0.021415
v -0.039121 -0.113729 -0.010161
v -0.044126 -0.107763 -0.013308
v -0.007969 -0.112194 0.041285
v -0.016249 -0.126769 -0.006806
v -0.014077 -0.111789 -0.040047
v -0.024756 -0.123949 0.00364
v -0.033167 -0.118083 0.011375
v -0.011745 -0.112986 -0.039524
v -0.015714 -0.107931 -0.043206
v -0.005229 -0.121987 0.028417
v -0.00487 -0.118825 -0.03367
v -0.008941 -0.124047 0.023137
v -0.033169 -0.113172 -0.024139
v -0.038246 -0.107732 -0.025753
v -0.006716 -0.117559 -0.035146
v -0.022609 -0.119263 0.024541
v -0.026695 -0.123094 0.002145
v -0.030641 -0.120932 -0.002495
v -0.009678 -0.128621 -0.000629
v -0.008204 -0.1151 -0.038006
v -0.017683 -0.125822 -0.010272
v -0.014077 -0.109673 -0.042172
v -0.034353 -0.111228 -0.025874
v -0.019813 -0.125133 0.01009
v -0.031286 -0.114393 -0.024443
v -0.002246 -0.119115 -0.033515
v -0.043495 -0.107793 -0.015182
v -0.012619 -0.127907 -0.004326
v -0.012619 -0.12488 0.019063
v -0.003822 -0.107978 0.045769
v -0.021218 -0.12377 -0.013931
v -0.005229 -0.116306 -0.037039
v -0.011182 -0.110147 -0.042595
v -0.033172 -0.118929 -0.006839
v -0.029344 -0.119507 0.01512
v -0.008199 -0.112598 -0.040813
v -0.036808 -0.115829 -0.009416
v -0.012764 -0.107444 -0.044565
v -0.005972 -0.129105 0.001348
v -0.00523 -0.113875 -0.039934
v -0.002226 -0.115939 -0.037797
v -0.027542 -0.118152 -0.02156
v -0.010268 -0.107473 -0.045195
v -0.001694 -0.10744 -0.046334
v -0.034957 -0.109398 -0.02789
v -0.009281 -0.110005 -0.043176
v -0.037058 -0.107812 -0.027333
v -0.002252 -0.121764 0.029208
v -0.003736 -0.129112 0.004663
v -0.015524 -0.125486 0.014629
v -0.022611 -0.122469 -0.01651
v -0.024678 -0.120123 -0.020486
v -0.033131 -0.109287 0.03016
v -0.034075 -0.107923 0.030849
v -0.03566 -0.107849 0.029095
v -0.002225 -0.113964 -0.040104
v -0.006683 -0.110075 -0.043594
v -0.023986 -0.119905 0.021766
v -0.039125 -0.113 -0.012943
v -0.0344 -0.11006 0.0276
v -0.036049 -0.108044 0.028357
v -0.017878 -0.125223 -0.012861
v -0.036807 -0.108044 0.027375
v -0.003518 -0.112141 -0.041944
v -0.021835 -0.124918 0.006554
v -0.006165 -0.10752 -0.045891
v -0.032521 -0.107949 0.032456
v -0.003737 -0.110233 -0.043787
v -0.003737 -0.110606 0.043438
v -0.036776 -0.109916 0.024594
v -0.037637 -0.108043 0.026239
v -0.038804 -0.109832 0.021413
v -0.040267 -0.10801 0.022054
v -0.041515 -0.10799 0.019642
v -0.004233 -0.107516 -0.046121
v -0.031229 -0.108113 0.033538
v -0.035516 -0.107883 -0.029235
v -0.012389 -0.127618 -0.007656
v -0.039265 -0.108096 0.023637
v -0.01442 -0.126936 -0.009105
v -0.045896 -0.107769 -0.004236
v -0.005445 -0.112392 0.04148
v -0.042669 -0.107961 0.017024
v -0.00968 -0.115244 0.037469
v -0.028625 -0.11626 -0.024194
v -0.008834 -0.128612 -0.004309
v -0.022103 -0.121981 -0.018644
v -0.028029 -0.122418 -0.001898
v -0.040243 -0.110026 0.01812
v -0.005974 -0.129096 -0.001602
v -0.029993 -0.111033 0.03109
v -0.012616 -0.125774 0.016235
v -0.043636 -0.107739 0.014923
v -0.02803 -0.110472 0.033554
v -0.029547 -0.108093 0.035039
v -0.031913 -0.111427 0.028528
v -0.027371 -0.108123 0.036754
v -0.042382 -0.109567 0.01373
v -0.026016 -0.108104 0.037737
v -0.023221 -0.108083 0.039533
v -0.04435 -0.107729 0.012654
v -0.014075 -0.126416 -0.012325
v -0.002245 -0.129368 0.000146
v -0.044704 -0.107824 0.01107
v -0.042942 -0.107777 -0.016704
v -0.034523 -0.107853 -0.030432
v -0.04575 -0.107633 -0.006289
v -0.045109 -0.107756 0.009515
v -0.02117 -0.108103 0.040638
v -0.043408 -0.107371 -0.016155
v -0.042482 -0.107374 -0.018456
v -0.0435 -0.106895 -0.016496
v -0.043187 -0.106947 -0.017262
v -0.04382 -0.106865 -0.015662
v -0.044125 -0.1069 -0.014731
v -0.044055 -0.107392 -0.014264
v -0.0456 -0.10754 -0.00763
v -0.04435 -0.106903 -0.014031
v -0.044723 -0.106962 -0.012712
v -0.044901 -0.106636 -0.012443
v -0.046311 -0.107334 -0.001986
v -0.024431 -0.10715 -0.03959
v -0.022236 -0.107215 -0.040826
v -0.026391 -0.107515 -0.038011
v -0.026504 -0.107038 -0.038293
v -0.028387 -0.107079 -0.036881
v -0.04481 -0.107274 -0.011954
v -0.028558 -0.107629 -0.036306
v -0.044978 -0.107459 -0.010885
v -0.045542 -0.107181 -0.008958
v -0.029955 -0.10706 -0.035615
v -0.045688 -0.106666 -0.009076
v -0.045419 -0.107056 -0.00977
v -0.031404 -0.106934 -0.03442
v -0.031407 -0.107598 -0.033896
v -0.045954 -0.106966 -0.007046
v -0.032439 -0.106944 -0.033432
v -0.046161 -0.10692 -0.00568
v -0.033039 -0.107119 -0.032703
v -0.045938 -0.107545 -0.005203
v -0.046252 -0.107018 -0.004561
v -0.033881 -0.10694 -0.031947
v 0.000702 -0.107079 -0.046609
v -0.034712 -0.107171 -0.030866
v -0.035476 -0.106987 -0.030126
v -0.008191 -0.107331 -0.045715
v -0.046433 -0.106726 -0.003397
v -0.036298 -0.107577 -0.028596
v -0.036524 -0.106907 -0.028886
v -0.046522 -0.106703 -0.002022
v -0.037126 -0.107135 -0.027924
v -0.037571 -0.106977 -0.027452
v -0.046506 -0.106941 0.000479
v -0.014668 -0.107301 -0.04408
v -0.040127 -0.107592 -0.022888
v -0.0403 -0.106867 -0.023307
v -0.039284 -0.107175 -0.024747
v -0.016715 -0.107321 -0.043323
v -0.040703 -0.107191 -0.022304
v -0.041431 -0.107444 -0.02063
v -0.042127 -0.107018 -0.019646
v -0.018187 -0.107151 -0.042842
v -0.020236 -0.1074 -0.041728
v -0.045251 -0.106657 -0.011058
v -0.038212 -0.106969 -0.026555
v -0.038776 -0.10696 -0.02571
v -0.039323 -0.106573 -0.025122
v -0.04122 -0.106621 -0.021801
v -0.041565 -0.106976 -0.020853
v -0.042032 -0.106583 -0.020184
v -0.042669 -0.106602 -0.018783
v -0.048588 -0.070936 -0.032313
v -0.048639 -0.074172 -0.028179
v -0.049382 -0.071327 -0.028708
v -0.045413 -0.038945 -0.100497
v -0.0439 -0.042817 -0.096026
v -0.045135 -0.041438 -0.095166
v -0.044211 -0.040351 -0.101387
v -0.054072 -0.063512 -0.007973
v -0.053361 -0.070459 -0.00214
v -0.054647 -0.060729 -0.005259
v -0.032185 -0.072321 -0.064472
v -0.030556 -0.07589 -0.061742
v -0.03324 -0.074077 -0.060817
v -0.0302 -0.073566 -0.065162
v -0.038888 -0.042786 -0.115218
v -0.039183 -0.043853 -0.10959
v -0.04019 -0.04159 -0.114231
v -0.018546 -0.092282 -0.053731
v -0.018004 -0.096333 -0.050572
v -0.020117 -0.095416 -0.050251
v -0.050358 -0.056675 -0.047723
v -0.05167 -0.055917 -0.04326
v -0.051208 -0.053533 -0.049965
v -0.030632 -0.095435 -0.0426
v -0.031735 -0.097655 -0.039959
v -0.032179 -0.094778 -0.041576
v -0.026031 -0.05914 -0.095341
v -0.026643 -0.060096 -0.092333
v -0.028195 -0.058008 -0.094908
v -0.046532 -0.039754 -0.094125
v -0.046361 -0.042795 -0.087864
v -0.047772 -0.038146 -0.093065
v -0.047602 -0.041286 -0.086795
v -0.028151 -0.097193 -0.043502
v -0.029707 -0.098823 -0.041023
v -0.052036 -0.068472 -0.018749
v -0.051391 -0.074605 -0.014454
v -0.052896 -0.065672 -0.016833
v -0.053037 -0.066616 -0.013859
v -0.042716 -0.072677 -0.046626
v -0.041895 -0.075659 -0.044804
v -0.043371 -0.075025 -0.042346
v -0.049811 -0.053586 -0.055508
v -0.048406 -0.060036 -0.049184
v -0.050609 -0.053345 -0.052822
v -0.048737 -0.055086 -0.056648
v -0.04966 -0.038439 -0.084996
v -0.048943 -0.036822 -0.091281
v -0.048658 -0.042343 -0.080876
v -0.035976 -0.074234 -0.056797
v -0.036501 -0.077297 -0.052331
v -0.037588 -0.072922 -0.055954
v -0.038067 -0.075961 -0.051438
v -0.041891 -0.040733 -0.109686
v -0.040448 -0.043308 -0.106656
v -0.04131 -0.043374 -0.103345
v -0.006768 -0.090462 -0.059414
v -0.007494 -0.092633 -0.057216
v -0.009996 -0.08967 -0.059467
v -0.010616 -0.091904 -0.057158
v -0.013813 -0.093286 -0.054891
v -0.015911 -0.095112 -0.052494
v -0.016278 -0.091059 -0.055903
v -0.047481 -0.0915 -0.016038
v -0.045681 -0.101852 -0.013833
v -0.04642 -0.100691 -0.012044
v -0.036124 -0.096257 -0.036015
v -0.034856 -0.099678 -0.035267
v -0.036559 -0.098755 -0.033784
v -0.013377 -0.09011 -0.057954
v -0.006191 -0.088077 -0.061917
v -0.004384 -0.09147 -0.05881
v -0.021772 -0.093463 -0.050933
v -0.023353 -0.094957 -0.04873
v -0.040915 -0.094604 -0.029994
v -0.040062 -0.09881 -0.028666
v -0.041872 -0.096201 -0.027181
v -0.018749 -0.057531 -0.110115
v -0.015702 -0.060307 -0.104442
v -0.017949 -0.059573 -0.104302
v -0.016535 -0.058293 -0.110287
v -0.039724 -0.072188 -0.053207
v -0.039854 -0.075029 -0.049475
v -0.041219 -0.073612 -0.048578
v -0.040483 -0.077112 -0.045937
v -0.048697 -0.094631 -0.006527
v -0.047849 -0.100019 -0.00411
v -0.049739 -0.090419 -0.004524
v -0.053582 -0.035789 -0.073144
v -0.054288 -0.03962 -0.062642
v -0.054835 -0.034689 -0.068853
v -0.033924 -0.095943 -0.03885
v -0.032429 -0.0997 -0.03789
v -0.005628 -0.068107 -0.090692
v -0.002759 -0.069839 -0.087845
v -0.006861 -0.069592 -0.087451
v -0.040347 -0.057804 -0.073992
v -0.040431 -0.061109 -0.068131
v -0.041918 -0.057138 -0.071742
v -0.01799 -0.071539 -0.078836
v -0.017262 -0.074649 -0.074489
v -0.019279 -0.073866 -0.074385
v -0.037332 -0.045476 -0.110511
v -0.036207 -0.044179 -0.122326
v -0.034239 -0.046709 -0.117349
v -0.03575 -0.045521 -0.116712
v -0.023329 -0.097886 -0.046464
v -0.025105 -0.096911 -0.046013
v -0.014009 -0.057748 -0.115946
v -0.010446 -0.059946 -0.110384
v -0.012306 -0.059505 -0.110403
v -0.011169 -0.058466 -0.115999
v -0.050549 -0.069718 -0.025589
v -0.049524 -0.073652 -0.025273
v -0.050721 -0.072162 -0.021465
v -0.020361 -0.057774 -0.10695
v -0.019709 -0.059847 -0.101504
v -0.012124 -0.070623 -0.083561
v -0.012297 -0.073269 -0.079092
v -0.014535 -0.069963 -0.083514
v -0.014694 -0.0726 -0.079027
v -0.037069 -0.101572 -0.031341
v -0.037925 -0.098343 -0.032198
v -0.033089 -0.046282 -0.1276
v -0.033791 -0.046213 -0.122864
v -0.035224 -0.044529 -0.127232
v -0.002427 -0.088742 -0.061735
v -0.002583 -0.058089 -0.125703
v -0.003226 -0.058507 -0.122386
v -0.005082 -0.057798 -0.12657
v -0.049893 -0.044341 -0.072528
v -0.050735 -0.037978 -0.081533
v -0.036581 -0.057608 -0.081764
v -0.034117 -0.061945 -0.077991
v -0.036581 -0.060176 -0.077017
v -0.03482 -0.058883 -0.082449
v -0.006519 -0.057878 -0.124401
v -0.00394 -0.059297 -0.117428
v -0.007471 -0.058199 -0.121249
v -0.013999 -0.09585 -0.052614
v -0.051532 -0.068393 -0.022116
v -0.026533 -0.061576 -0.08928
v -0.030241 -0.057312 -0.093327
v -0.02992 -0.059457 -0.0891
v -0.043409 -0.055664 -0.070864
v -0.042036 -0.061171 -0.064636
v -0.044147 -0.059029 -0.063255
v -0.042789 -0.041895 -0.102378
v -0.042442 -0.044329 -0.096982
v -0.01108 -0.094929 -0.054319
v -0.03389 -0.075421 -0.058251
v -0.034242 -0.07736 -0.055447
v -0.00565 -0.071998 -0.083356
v -0.00831 -0.071497 -0.083497
v -0.036837 -0.045416 -0.112614
v -0.008671 -0.058999 -0.115863
v -0.010137 -0.057711 -0.121352
v -0.044627 -0.072989 -0.041734
v -0.045536 -0.075031 -0.037028
v -0.045712 -0.071489 -0.040728
v -0.051864 -0.074095 -0.011828
v -0.039149 -0.045424 -0.104418
v -0.049456 -0.092665 -0.002543
v -0.047631 -0.075723 -0.030001
v -0.047315 -0.073149 -0.03396
v -0.053045 -0.039482 -0.068876
v -0.022095 -0.057985 -0.103842
v -0.021652 -0.059788 -0.099386
v -0.002906 -0.068003 -0.091505
v -2.2E-05 -0.069511 -0.088767
v -0.001982 -0.091977 -0.058573
v -0.031353 -0.077625 -0.058712
v -0.021421 -0.073069 -0.074051
v -0.021863 -0.076221 -0.069281
v -0.023889 -0.073712 -0.07116
v -0.051036 -0.074333 -0.017025
v -0.05289 -0.069768 -0.009701
v -0.027717 -0.100607 -0.041466
v -0.030749 -0.048342 -0.124541
v -0.026191 -0.072535 -0.070771
v -0.024349 -0.076863 -0.066507
v -0.026623 -0.075641 -0.066091
v -0.025807 -0.100198 -0.043147
v -0.02739 -0.095497 -0.045383
v -0.044935 -0.093783 -0.022097
v -0.043942 -0.101853 -0.018954
v -0.045155 -0.097732 -0.018662
v -0.043309 -0.098551 -0.022683
v -0.044892 -0.044767 -0.088293
v -0.029399 -0.062301 -0.084118
v -0.031509 -0.060077 -0.085453
v -0.046226 -0.056962 -0.061215
v -0.046321 -0.0598 -0.056147
v -0.047517 -0.056599 -0.057961
v -0.045834 -0.077016 -0.034046
v -0.039444 -0.046553 -0.100241
v 5E-05 -0.089136 -0.061475
v -0.006116 -0.059456 -0.115551
v -0.040177 -0.102814 -0.025989
v -0.041972 -0.099572 -0.024789
v -0.002846 -0.05905 -0.119242
v -0.032658 -0.047481 -0.120303
v -0.048177 -0.095192 -0.00928
v -0.046942 -0.102612 -0.007115
v -0.030966 -0.047748 -0.129151
v -0.021321 -0.061791 -0.094788
v -0.023954 -0.058769 -0.099114
v -0.023645 -0.060787 -0.094512
v -0.048012 -0.100124 -0.000925
v -0.048914 -0.095922 0.000402
v -0.021384 -0.098892 -0.046873
v -0.054344 -0.064427 0.000537
v -0.053245 -0.071921 0.001044
v -0.033076 -0.102197 -0.035632
v -0.047807 -0.093609 -0.012827
v -0.046635 -0.102286 -0.009353
v -0.038728 -0.061034 -0.071607
v -0.044262 -0.061866 -0.058325
v -0.05483 -0.040587 -0.057821
v -0.052329 -0.075529 -0.005305
v 0.000121 -0.092082 -0.05858
v -4.4E-05 -0.0582 -0.125336
v 0.000266 -0.058793 -0.121325
v -0.037735 -0.046615 -0.105197
v -0.00858 -0.095586 -0.054376
v -0.004775 -0.093706 -0.056691
v -0.031472 -0.062505 -0.08089
v -0.033103 -0.060046 -0.083039
v -0.014974 -0.075351 -0.074697
v -0.046252 -0.045451 -0.082659
v -0.041719 -0.078139 -0.042452
v -0.035656 -0.102635 -0.032482
v -0.040933 -0.045772 -0.097911
v -0.014184 -0.059007 -0.110384
v -0.013319 -0.060993 -0.10451
v -0.038572 -0.103309 -0.028215
v -0.03914 -0.098642 -0.030217
v -0.028759 -0.077943 -0.061108
v -0.028223 -0.074764 -0.065683
v -0.047386 -0.061364 -0.050371
v -0.030984 -0.102739 -0.037316
v -0.053227 -0.055341 -0.03552
v -0.053358 -0.057189 -0.030483
v -0.054176 -0.053728 -0.032183
v -0.035031 -0.047294 -0.111628
v -0.03747 -0.043909 -0.116764
v -0.023199 -0.100736 -0.04451
v -0.048971 -0.060993 -0.045585
v -0.038654 -0.058521 -0.076153
v -0.036658 -0.062729 -0.07246
v -0.052086 -0.035078 -0.081305
v -0.052325 -0.044031 -0.06348
v -0.051284 -0.059962 -0.037512
v -0.05276 -0.05348 -0.042363
v -0.009175 -0.074041 -0.079049
v -0.010194 -0.071087 -0.083547
v -0.007822 -0.060468 -0.110287
v -0.043931 -0.078317 -0.037478
v -0.043318 -0.045453 -0.091599
v -0.01935 -0.061725 -0.096982
v -0.002809 -0.072437 -0.083127
v -0.030028 -0.049372 -0.120575
v -0.051954 -0.059677 -0.034479
v -0.053603 -0.052532 -0.039285
v -0.015637 -0.098433 -0.049948
v -0.017471 -0.06134 -0.099818
v -0.053466 -0.058663 -0.026227
v -0.054871 -0.052611 -0.028538
v -0.019327 -0.099858 -0.047243
v -0.028154 -0.049964 -0.125561
v -0.012324 -0.098432 -0.051078
v -0.029129 -0.103043 -0.038741
v -2E-06 -0.071872 -0.084405
v -0.049913 -0.076449 -0.020332
v -0.038548 -0.079128 -0.047115
v -0.032001 -0.048888 -0.115351
v -0.019172 -0.076495 -0.07076
v -0.036069 -0.047982 -0.105863
v -0.047258 -0.046135 -0.078096
v -0.005755 -0.096259 -0.05432
v -0.002393 -0.095083 -0.055702
v -0.03317 -0.048699 -0.112219
v -0.051321 -0.037019 -0.080971
v -0.050155 -0.060721 -0.041399
v -0.027192 -0.078844 -0.061546
v 0.000172 -0.05947 -0.117591
v -0.045602 -0.099052 -0.016341
v -0.034802 -0.079567 -0.0522
v -0.047796 -0.078459 -0.026562
v -0.012641 -0.076072 -0.074712
v -0.016664 -0.101556 -0.047209
v -0.009884 -0.099134 -0.051187
v -0.000102 -0.095041 -0.055863
v -0.023704 -0.103314 -0.042443
v -0.03492 -0.063988 -0.073204
v -0.027349 -0.063409 -0.084599
v -0.027786 -0.103927 -0.039257
v -0.023436 -0.063025 -0.089842
v -0.046117 -0.078854 -0.031376
v -0.05318 -0.044522 -0.058605
v -0.011416 -0.06147 -0.104508
v -0.038858 -0.063213 -0.067775
v -0.042719 -0.080421 -0.038045
v -0.005036 -0.060911 -0.110061
v -0.031778 -0.07966 -0.055871
v -0.025313 -0.104045 -0.04095
v -0.052716 -0.059015 -0.031146
v -0.020051 -0.103613 -0.044256
v -5.7E-05 -0.060215 -0.114188
v -0.040991 -0.048411 -0.091335
v -0.037122 -0.080482 -0.047931
v -0.039144 -0.048592 -0.095766
v -0.039825 -0.08006 -0.043993
v -0.034425 -0.049206 -0.106555
v -0.014594 -0.06249 -0.099298
v -0.052592 -0.075836 -0.000334
v -0.005867 -0.074685 -0.078924
v -0.027179 -0.051062 -0.121499
v -0.048885 -0.07844 -0.022625
v -0.029858 -0.050485 -0.114989
v -0.022432 -0.079423 -0.064767
v -0.021801 -0.104012 -0.043092
v -0.043612 -0.047667 -0.085837
v -0.020071 -0.078721 -0.06725
v -0.007123 -0.09987 -0.051182
v -0.024487 -0.080327 -0.062123
v -0.03221 -0.081675 -0.053173
v -0.040651 -0.064809 -0.061774
v -0.037276 -0.048947 -0.099694
v -0.002297 -0.060637 -0.112061
v -0.009536 -0.061891 -0.10447
v -0.004021 -0.098476 -0.052704
v -0.042196 -0.064048 -0.059721
v -0.015896 -0.077721 -0.070962
v -0.017128 -0.063039 -0.095854
v -0.013599 -0.101613 -0.048291
v -0.017666 -0.104528 -0.044749
v -0.041147 -0.080731 -0.040912
v -0.025687 -0.064246 -0.084937
v -0.010687 -0.076476 -0.074873
v -0.042081 -0.048479 -0.088294
v -0.039864 -0.048911 -0.093125
v -2E-05 -0.097138 -0.054063
v -0.032863 -0.050297 -0.107149
v -0.001993 -0.098752 -0.05265
v -0.047099 -0.080857 -0.026497
v -0.028143 -0.051087 -0.117752
v -0.053895 -0.058303 -0.023267
v -0.054886 -0.054137 -0.023654
v -0.048737 -0.047223 -0.071156
v -0.014763 -0.104459 -0.045906
v -0.028532 -0.081307 -0.057462
v -0.011209 -0.102364 -0.048449
v -0.019013 -0.064175 -0.091658
v -0.044413 -0.08104 -0.033661
v -0.044389 -0.063947 -0.054765
v -0.045734 -0.063529 -0.051835
v -0.050222 -0.079539 -0.015394
v -0.051215 -0.081611 -0.006052
v -0.021067 -0.064628 -0.088873
v -0.008828 -0.076953 -0.07479
v -0.035607 -0.081854 -0.048689
v -0.03322 -0.065172 -0.073798
v -0.035572 -0.050287 -0.100342
v -0.029421 -0.064873 -0.079413
v -0.000238 -0.099883 -0.051826
v -0.044721 -0.049307 -0.079407
v -0.018054 -0.079496 -0.067488
v -5.4E-05 -0.073738 -0.081244
v -0.004434 -0.101596 -0.050255
v -0.003087 -0.075132 -0.078725
v -0.038994 -0.065457 -0.063994
v -0.012223 -0.104804 -0.04647
v -0.008901 -0.104122 -0.047737
v -0.054954 -0.002402 -0.124402
v -0.054977 -0.001415 -0.117442
v -0.055006 0.000218 -0.126582
v -0.055009 5.9E-05 -0.111722
v -0.031071 -0.050859 -0.10997
v -0.031241 -0.065262 -0.0764
v -0.054056 -0.044071 -0.055015
v -0.037994 -0.083156 -0.043931
v -0.054884 -0.003825 -0.115535
v -0.005414 -0.103867 -0.048493
v -0.00156 -0.102049 -0.050126
v -0.054865 -0.004182 -0.126852
v -0.054739 -0.005581 -0.121692
v -0.025618 -0.081203 -0.060192
v 0.00016 -0.103709 -0.048935
v -0.006884 -0.062388 -0.104348
v -0.002316 -0.104617 -0.048238
v -0.054598 -0.006971 -0.122445
v -0.054741 -0.005908 -0.116278
v -0.054518 -0.007705 -0.127065
v -0.046039 -0.081977 -0.028591
v -0.024063 -0.052738 -0.121993
v -0.025953 -0.051283 -0.125477
v -0.054909 -0.004562 -0.110949
v -0.04191 -0.082476 -0.037753
v -0.036834 -0.065743 -0.067318
v -0.054352 -0.008944 -0.122384
v -0.027624 -0.052068 -0.114492
v -0.023353 -0.06533 -0.085335
v -0.054277 -0.05825 -0.019176
v -0.054896 -0.056549 -0.015218
v -0.011723 -0.063218 -0.099407
v -0.034161 -0.083073 -0.049363
v -0.013242 -0.079378 -0.069969
v -0.045865 -0.04884 -0.077078
v -0.054175 -0.010035 -0.12458
v -0.054959 -0.008147 -0.105635
v -0.048992 -0.063324 -0.04174
v -0.054791 -0.007345 -0.109824
v -0.006276 -0.077544 -0.074599
v 0.000381 -0.06113 -0.11054
v -0.054374 -0.009762 -0.114994
v -0.039575 -0.083663 -0.040911
v -0.015855 -0.080273 -0.06767
v -0.033898 -0.051479 -0.100999
v -0.047528 -0.064982 -0.044277
v -0.025599 -0.052456 -0.118498
v -0.054595 -0.009152 -0.110805
v -8E-05 -0.075724 -0.078112
v -0.014841 -0.064008 -0.095362
v -0.054053 -0.011554 -0.116874
v -0.035624 -0.084276 -0.046324
v -0.049418 -0.082143 -0.016633
v -0.036997 -0.050895 -0.095377
v -0.048748 -0.083305 -0.018387
v -0.053644 -0.013587 -0.118203
v -0.021355 -0.081847 -0.062653
v -0.040739 -0.083754 -0.038798
v -0.053356 -0.014013 -0.13036
v -0.053061 -0.015306 -0.12603
v -0.053623 -0.012928 -0.125775
v -0.045144 -0.083631 -0.029498
v -0.053941 -0.01136 -0.125145
v -0.054258 -0.012408 -0.109802
v -0.054836 -0.045018 -0.048389
v -0.042895 -0.084901 -0.033579
v -0.002085 -0.061688 -0.10824
v -0.029055 -0.083678 -0.054424
v -0.054684 -0.011928 -0.104448
v -0.053166 -0.015488 -0.119784
v -0.038851 -0.051117 -0.090537
v -0.030718 -0.052176 -0.106275
v -0.023356 -0.052643 -0.125677
v -0.040335 -0.05187 -0.085427
v -0.035125 -0.067005 -0.068094
v -0.026487 -0.066446 -0.080105
v -0.004075 -0.062811 -0.104108
v -0.05386 -0.013996 -0.112006
v -0.052691 -0.017178 -0.120869
v -0.032345 -0.084434 -0.050195
v -0.041933 -0.052124 -0.081084
v -0.02798 -0.053496 -0.107985
v -0.051703 -0.080239 -0.00312
v -0.02763 -0.052905 -0.110917
v -0.016594 -0.065444 -0.09091
v -0.052372 -0.061918 -0.027777
v -0.043391 -0.051474 -0.07874
v -0.032305 -0.052545 -0.101561
v -0.053394 -0.015926 -0.11331
v -0.010526 -0.079241 -0.071156
v -0.050029 -0.064426 -0.035802
v -0.051944 -0.019621 -0.121527
v -0.052528 -0.017176 -0.127716
v -0.054326 -0.014694 -0.104057
v -0.003518 -0.078003 -0.074444
v -0.051068 -0.063138 -0.033069
v -0.054914 -0.015697 -0.096762
v -0.043775 -0.084927 -0.03167
v -0.052004 -0.018913 -0.126247
v -0.008934 -0.063866 -0.099263
v -0.041934 -0.067921 -0.054562
v -0.052789 -0.018324 -0.113552
v -0.047449 -0.051177 -0.067915
v -0.035269 -0.052218 -0.096016
v -0.042007 -0.084777 -0.035516
v -0.022975 -0.053862 -0.118285
v -0.053727 -0.016988 -0.106011
v -0.024905 -0.053589 -0.114652
v -0.02572 -0.08356 -0.057529
v -0.018237 -0.083058 -0.06314
v -0.052153 -0.019923 -0.116177
v -0.054674 -0.01493 -0.100017
v -0.043551 -0.066888 -0.052436
v -0.021221 -0.053545 -0.126655
v -0.021187 -0.053937 -0.123176
v -0.053203 -0.018376 -0.108396
v -0.012418 -0.064667 -0.095411
v -0.054035 -0.016921 -0.102933
v -0.014506 -0.065877 -0.091432
v 0.000117 -0.062253 -0.106637
v -0.047799 -0.084911 -0.020545
v -0.046411 -0.066566 -0.045377
v -0.029202 -0.067646 -0.075015
v -0.031312 -0.067534 -0.072619
v -0.05136 -0.020783 -0.126503
v -0.050891 -0.022369 -0.123215
v -0.036795 -0.052999 -0.090877
v -0.023493 -0.084097 -0.058673
v -0.051326 -0.022038 -0.11789
v -0.048695 -0.051174 -0.063911
v -0.049706 -0.08658 -0.010459
v -0.050407 -0.023251 -0.12637
v -0.030287 -0.053827 -0.102127
v -0.039167 -0.067617 -0.060476
v -0.054235 -0.019127 -0.097394
v -0.053081 -0.021517 -0.102015
v -0.007336 -0.079949 -0.071132
v -0.048269 -0.067459 -0.038122
v -0.052027 -0.021876 -0.110355
v -0.050496 -0.023972 -0.119241
v -0.04613 -0.052894 -0.068689
v -0.001468 -0.063035 -0.10402
v -0.052517 -0.021301 -0.107365
v -0.03574 -0.086316 -0.044279
v -0.011685 -0.081528 -0.06785
v -3.6E-05 -0.078194 -0.074523
v -0.046453 -0.084711 -0.025027
v -0.013912 -0.082663 -0.065654
v -0.05147 -0.02337 -0.110853
v -0.037696 -0.087336 -0.040649
v -0.05012 -0.023852 -0.127961
v -0.049281 -0.025729 -0.12738
v -0.030515 -0.085786 -0.050853
v -0.053665 -0.020343 -0.0997
v -0.033157 -0.068397 -0.068827
v -0.026193 -0.085501 -0.055128
v -0.049612 -0.025794 -0.120661
v -0.005932 -0.064189 -0.099684
v -0.050868 -0.024757 -0.111701
v -0.01641 -0.082774 -0.06442
v -0.048836 -0.027126 -0.122789
v -0.0528 -0.063942 -0.020839
v -0.038715 -0.053308 -0.086105
v -0.017842 -0.066742 -0.087403
v -0.033143 -0.053775 -0.096582
v -0.040257 -0.068885 -0.056629
v -0.052216 -0.064055 -0.024892
v -0.037088 -0.068708 -0.062482
v -0.054545 -0.020948 -0.092239
v -0.054875 -0.023917 -0.085804
v -0.020515 -0.083629 -0.061188
v -0.025074 -0.054814 -0.109302
v -0.018627 -0.055272 -0.121131
v -0.048119 -0.028103 -0.126984
v -0.04918 -0.066364 -0.036347
v -0.050016 -0.086955 -0.007928
v -0.050092 -0.025922 -0.114642
v -0.032833 -0.08656 -0.047631
v -0.035049 -0.054304 -0.091525
v -0.00986 -0.082003 -0.067863
v -0.045355 -0.067936 -0.046403
v -0.021031 -0.06773 -0.083023
v -0.052367 -0.023736 -0.102455
v -0.020418 -0.054847 -0.119332
v -0.053153 -0.023048 -0.098262
v -0.051831 -0.080526 0.000485
v -0.00929 -0.065408 -0.095332
v -0.054273 -0.060549 -0.012846
v -0.040521 -0.087645 -0.035852
v -0.051537 -0.02514 -0.105154
v -0.052376 -0.051997 -0.047489
v -0.027522 -0.068578 -0.075416
v -0.029042 -0.086759 -0.051374
v -0.023392 -0.067931 -0.080625
v -0.05366 -0.023975 -0.093144
v -0.048962 -0.027859 -0.117138
v -0.047552 -0.029526 -0.123401
v -0.021848 -0.05552 -0.112886
v -0.04467 -0.089897 -0.025607
v -0.04411 -0.088233 -0.028208
v -0.04193 -0.088172 -0.032846
v -0.01897 -0.054531 -0.12613
v 9E-06 -0.063796 -0.10202
v -0.038898 -0.087913 -0.038323
v -0.051152 -0.065549 -0.028662
v -0.049769 -0.027806 -0.110375
v -0.046487 -0.031303 -0.124053
v -0.046499 -0.030984 -0.127109
v -0.048106 -0.029097 -0.119446
v -0.028284 -0.054965 -0.102687
v -0.044693 -0.054325 -0.070021
v -0.04887 -0.028997 -0.112978
v -0.011477 -0.066431 -0.091993
v -0.00011 -0.079695 -0.07249
v -0.051632 -0.02682 -0.10025
v -0.047453 -0.068951 -0.038821
v -0.054198 -0.025515 -0.087319
v -0.024321 -0.087372 -0.054725
v -0.003435 -0.080631 -0.070956
v -0.021084 -0.0553 -0.11542
v -0.050513 -0.027716 -0.105284
v -0.021262 -0.086218 -0.057977
v -0.052235 -0.027274 -0.095568
v -0.053039 -0.026661 -0.092125
v -0.007294 -0.082601 -0.067804
v -0.053772 -0.062851 -0.013655
v -0.016291 -0.056094 -0.121206
v -0.035413 -0.069984 -0.063288
v -0.054923 -0.060065 -0.00011
v -0.048968 -0.088367 -0.012567
v -0.04035 -0.054538 -0.080052
v -0.046756 -0.032037 -0.116752
v -0.025875 -0.069423 -0.075778
v -0.043164 -0.089281 -0.029497
v -0.049632 -0.030009 -0.104405
v -0.047764 -0.030826 -0.114264
v -0.046338 -0.088195 -0.022511
v -0.022833 -0.055887 -0.10959
v -0.043718 -0.069441 -0.048506
v -0.033494 -0.088988 -0.044721
v -0.032962 -0.055319 -0.093213
v -0.030342 -0.055706 -0.097013
v -0.026792 -0.088185 -0.052034
v -0.030267 -0.088447 -0.048657
v -0.045224 -0.033044 -0.126402
v -0.015683 -0.085402 -0.061825
v -0.002378 -0.064544 -0.099687
v -0.045691 -0.033573 -0.117773
v -0.006213 -0.065642 -0.095947
v -0.026663 -0.055839 -0.103043
v -0.018907 -0.068537 -0.083245
v -0.035685 -0.089184 -0.041869
v -0.018533 -0.086324 -0.059451
v -0.050907 -0.029906 -0.097375
v -0.016447 -0.055427 -0.126209
v -0.048477 -0.031325 -0.107582
v -0.03966 -0.089739 -0.035642
v -0.038837 -0.070451 -0.05708
v -0.036649 -0.05529 -0.086263
v -0.01113 -0.084417 -0.064669
v -0.050238 -0.031088 -0.098236
v -0.04666 -0.069278 -0.040878
v -0.044704 -0.034541 -0.120898
v -0.038705 -0.055716 -0.081281
v -0.04851 -0.032852 -0.102925
v -0.018602 -0.056289 -0.115585
v -0.002933 -0.065907 -0.09615
v -0.04738 -0.032952 -0.108917
v -0.051476 -0.030975 -0.092095
v -0.053779 -0.029666 -0.082806
v -0.004608 -0.083111 -0.067696
v -0.031008 -0.069812 -0.069504
v -0.047076 -0.089833 -0.018858
v -0.054853 -0.049279 -0.03796
v -0.014473 -0.056626 -0.121422
v -0.050199 -0.067691 -0.030095
v -0.014519 -0.067785 -0.08756
v -0.029483 -0.070719 -0.069972
v -0.037379 -0.091543 -0.037701
v -0.05313 -0.030685 -0.084353
v 3E-05 -0.081736 -0.069843
v -0.043989 -0.034842 -0.126734
v -0.04286 -0.03698 -0.121719
v -0.050739 -0.085948 -0.002335
v -0.012581 -0.086439 -0.061963
v -0.021293 -0.088376 -0.055829
v -0.023554 -0.070557 -0.076158
v -0.046119 -0.034727 -0.110102
v -0.03376 -0.07122 -0.063919
v -0.054849 -0.029357 -0.077652
v -0.030809 -0.090289 -0.046517
v -0.052545 -0.031512 -0.085747
v -0.016813 -0.069258 -0.083405
v -0.044185 -0.036029 -0.116808
v -0.024374 -0.056942 -0.10357
v -0.039801 -0.092621 -0.033267
v -0.032725 -0.057457 -0.088878
v -0.036447 -0.071715 -0.059372
v -0.03489 -0.056582 -0.086921
v -0.00842 -0.067427 -0.091206
v -0.038299 -0.092604 -0.035597
v -0.014116 -0.05606 -0.126988
v -0.012654 -0.05714 -0.121316
v -0.050484 -0.087983 0.000425
v 9E-06 -0.065027 -0.098737
v -0.042426 -0.036945 -0.126635
v -0.040957 -0.039549 -0.120216
v -0.044983 -0.036219 -0.111044
v -0.027795 -0.091356 -0.048369
v -0.03586 -0.092999 -0.03865
v -0.049101 -0.033923 -0.097212
v -0.016368 -0.057054 -0.11577
v -0.041481 -0.071409 -0.050835
v -0.001981 -0.083565 -0.067474
v -0.047045 -0.034999 -0.104327
v -0.021154 -0.070334 -0.078506
v -0.00796 -0.085202 -0.064652
v -0.015984 -0.087938 -0.059066
v -0.018431 -0.089232 -0.056607
v -0.04267 -0.03811 -0.116564
v -0.011426 -0.068267 -0.088262
v -0.027015 -0.057307 -0.098471
v -0.004838 -0.066453 -0.09447
v -0.034469 -0.09231 -0.040894
v -0.022539 -0.090469 -0.053061
v -0.027816 -0.071677 -0.070387
v -0.043658 -0.037819 -0.112137
v -0.050322 -0.034322 -0.090705
v -0.047719 -0.035957 -0.09855
v -0.032505 -0.091927 -0.043406
v -0.009135 -0.08744 -0.061944
v -0.023842 -0.091643 -0.051149
v -0.045159 -0.037515 -0.105799
v -0.040627 -0.039116 -0.126785
v -0.040132 -0.040339 -0.121186
v -0.011468 -0.056793 -0.126374
v -0.041555 -0.039525 -0.116475
v -0.045979 -0.092376 -0.020281
v -0.02581 -0.09245 -0.049035
v -0.038745 -0.041187 -0.126799
v -0.03901 -0.041153 -0.124431
v -7.9E-05 -0.066955 -0.094106
v -0.00531 -0.085743 -0.064571
v 0.00014 -0.084032 -0.067068
v -0.043548 -0.093168 -0.025837
v -0.020619 -0.091376 -0.053419
v -0.030236 -0.093498 -0.044454
v -0.046502 -0.037505 -0.099822
v -0.03837 -0.042322 -0.120701
v -0.04318 -0.039813 -0.107256
v -0.00225 -0.086318 -0.064329
v -0.036812 -0.043108 -0.126844
v -0.008988 -0.057306 -0.126244
v 0.000206 -0.086554 -0.064217
v -0.040969 -0.041334 -0.111616
v -0.019451 -0.082544 0.048002
v -0.01671 -0.08011 0.049534
v -0.018488 -0.072809 0.050309
v -0.005459 -0.064459 0.054719
v -0.005125 -0.070905 0.053712
v -0.004046 -0.064902 0.054779
v 0.001014 -0.064874 0.054925
v -0.001561 -0.064903 0.054903
v 0.000954 -0.070854 0.053958
v -0.036052 -0.106861 0.029396
v -0.034614 -0.106834 0.031088
v -0.036146 -0.100803 0.031439
v -0.024505 -0.080049 0.046138
v -0.021658 -0.090829 0.045192
v -0.022535 -0.080074 0.047144
v -0.024643 -0.090827 0.043624
v -0.014053 -0.080112 0.050366
v -0.011886 -0.080112 0.050926
v -0.012914 -0.070907 0.052379
v -0.031212 -0.098946 0.036889
v -0.028831 -0.099 0.038775
v -0.032364 -0.090703 0.038229
v -0.046664 -0.090023 0.018543
v -0.045854 -0.090077 0.020448
v -0.047852 -0.080748 0.02037
v -0.030403 -0.090733 0.039804
v -0.002205 -0.070858 0.053922
v -0.049545 -0.089509 0.008541
v -0.047215 -0.098336 0.010932
v -0.049013 -0.089585 0.011224
v -0.034892 -0.100232 0.033018
v -0.047731 -0.098335 0.008329
v -0.032887 -0.106748 0.032947
v -0.033099 -0.098909 0.035211
v -0.009596 -0.079851 0.051472
v -0.010255 -0.070919 0.052958
v -0.03891 -0.071149 0.037146
v -0.03695 -0.072192 0.038865
v -0.038384 -0.064537 0.039293
v -0.031018 -0.106752 0.034709
v -0.043534 -0.08071 0.028503
v -0.043152 -0.072466 0.031677
v -0.044442 -0.072091 0.02994
v -0.029363 -0.087695 0.041361
v -0.018862 -0.090854 0.046444
v -0.007844 -0.070914 0.053377
v -0.026457 -0.098971 0.040444
v -0.0274 -0.090774 0.041935
v -0.046346 -0.106929 0.004006
v -0.047535 -0.102226 0.00209
v -0.04474 -0.090198 0.022732
v -0.046346 -0.08082 0.023574
v -0.00665 -0.079324 0.052038
v -0.041218 -0.08177 0.031456
v -0.041644 -0.073237 0.033442
v -0.029569 -0.106736 0.035952
v -0.03551 -0.073313 0.039931
v -0.035741 -0.064238 0.041782
v -0.047658 -0.100551 0.005475
v -0.046469 -0.09846 0.013679
v -0.048244 -0.089794 0.01406
v -0.016084 -0.090851 0.04749
v -0.023813 -0.099046 0.042056
v -0.027861 -0.106682 0.03732
v -0.045906 -0.106852 0.00769
v -0.003913 -0.078519 0.052468
v -0.033888 -0.071892 0.041653
v -0.043416 -0.090301 0.025127
v -0.044967 -0.080993 0.026063
v -0.01354 -0.090851 0.048292
v -0.001533 -0.078298 0.052632
v -0.025667 -0.106706 0.038855
v -0.033577 -0.064324 0.043534
v -0.04525 -0.100557 0.015976
v -0.047425 -0.089938 0.016549
v -0.045348 -0.10678 0.010577
v 0.001061 -0.078607 0.052592
v -0.020951 -0.09902 0.043566
v -0.031123 -0.071654 0.043828
v -0.010425 -0.090695 0.049111
v -0.008453 -0.086409 0.050375
v -0.023849 -0.106751 0.039983
v -0.01826 -0.099029 0.044774
v -0.041901 -0.09039 0.027544
v -0.031689 -0.064286 0.044935
v -0.022504 -0.106687 0.04078
v -0.038309 -0.076433 0.036409
v -0.038695 -0.082178 0.034391
v -0.040442 -0.072831 0.035006
v -0.006454 -0.086623 0.050636
v -0.003997 -0.086346 0.050951
v -0.044512 -0.098593 0.019061
v -0.015589 -0.099014 0.045784
v -0.020261 -0.106696 0.04194
v -0.030009 -0.064773 0.046
v -0.044646 -0.106789 0.013219
v -0.001664 -0.085542 0.05124
v 0.001008 -0.089178 0.050534
v -0.013134 -0.099022 0.046555
v -0.017605 -0.106724 0.043124
v -0.028518 -0.070845 0.045738
v -0.040563 -0.090466 0.029444
v -0.007389 -0.096503 0.048398
v -0.036205 -0.08227 0.037004
v -0.010132 -0.099036 0.047309
v -0.054101 -0.065904 0.00319
v -0.053642 -0.067123 0.006974
v -0.054869 -0.060214 0.00359
v -0.054557 -0.060738 0.006809
v -0.027618 -0.064809 0.047474
v -0.005609 -0.096497 0.048637
v -0.015189 -0.106394 0.044116
v -0.000988 -0.093564 0.049601
v -0.054141 -0.061503 0.009286
v -0.039221 -0.090494 0.031204
v -0.003697 -0.096503 0.048826
v -0.053115 -0.06862 0.009194
v -0.013651 -0.106809 0.044502
v -0.043086 -0.09866 0.022036
v -0.052684 -0.068514 0.011701
v -0.053906 -0.061281 0.010863
v -0.026104 -0.070882 0.047161
v -0.01141 -0.106739 0.045153
v -0.053222 -0.06175 0.0138
v -0.008793 -0.106701 0.045747
v -0.05191 -0.068824 0.014745
v -0.025146 -0.064865 0.048827
v -0.000979 -0.10112 0.047904
v -0.031705 -0.07994 0.041504
v -0.043202 -0.106756 0.017375
v -0.00611 -0.10666 0.046189
v -0.052357 -0.062513 0.016614
v -0.037417 -0.090601 0.033314
v -0.05205 -0.07875 0.003794
v -0.052567 -0.074398 0.006372
v -0.053257 -0.07121 0.004274
v -0.043841 -0.106856 0.015614
v -0.033457 -0.082323 0.039494
v -0.003648 -0.106677 0.046442
v -0.051664 -0.077917 0.008798
v -0.051024 -0.068892 0.017654
v -0.041811 -0.09872 0.024335
v -0.023225 -0.070857 0.048666
v -0.000901 -0.106796 0.046539
v -0.051349 -0.062865 0.019509
v -0.042459 -0.106874 0.019042
v -0.051115 -0.08313 0.005939
v -0.05126 -0.078067 0.010891
v -0.050324 -0.067464 0.020245
v -0.050649 -0.086587 0.003657
v -0.049294 -0.09371 0.003086
v -0.022064 -0.064855 0.050306
v -0.050872 -0.078227 0.012528
v -0.035861 -0.090618 0.034977
v -0.050438 -0.062682 0.021907
v -0.040351 -0.098787 0.026653
v -0.028555 -0.080001 0.043738
v -0.050327 -0.078411 0.014529
v -0.048886 -0.072231 0.02173
v -0.020269 -0.069824 0.050164
v -0.049489 -0.072976 0.019938
v -0.041427 -0.106871 0.021189
v -0.047939 -0.071897 0.023917
v -0.049397 -0.062928 0.024146
v -0.026282 -0.080029 0.045147
v -0.03433 -0.090663 0.036476
v -0.049482 -0.078645 0.017126
v -0.04828 -0.063221 0.026296
v -0.019577 -0.064429 0.051383
v -0.03833 -0.09887 0.029464
v -0.046745 -0.071837 0.026238
v -0.040033 -0.106804 0.023748
v -0.017543 -0.06489 0.052048
v -0.046295 -0.063917 0.029559
v -0.016164 -0.070973 0.051441
v -0.020568 -0.074739 0.04911
v -0.045728 -0.071853 0.027993
v -0.016206 -0.064439 0.052549
v -0.038621 -0.106841 0.025957
v -0.04906 -0.093942 0.005453
v -0.013561 -0.064523 0.053284
v -0.044304 -0.063727 0.032554
v -0.037243 -0.106767 0.027924
v -0.010823 -0.064493 0.053909
v -0.042594 -0.063729 0.034784
v -0.008086 -0.064486 0.05439
v -0.040903 -0.064398 0.036645
v -0.038145 0.039632 -0.125661
v -0.035307 0.042177 -0.126125
v -0.03641 0.041227 -0.132479
v -0.043488 0.033656 -0.123872
v -0.041452 0.036152 -0.125036
v -0.042785 0.03457 -0.129145
v -0.044604 0.032188 -0.127704
v -0.045721 0.030574 -0.123736
v -0.047996 0.026798 -0.121941
v -0.046737 0.028998 -0.123339
v -0.047695 0.0274 -0.132452
v -0.048829 0.025313 -0.132943
v -0.049668 0.023646 -0.121763
v -0.049738 0.023491 -0.129175
v -0.050864 0.020938 -0.131138
v -0.051054 0.020476 -0.120734
v -0.05182 0.018442 -0.130907
v -0.052135 0.017539 -0.119656
v -0.052844 0.015281 -0.13088
v -0.053332 0.013526 -0.118157
v -0.053787 0.01151 -0.127221
v -0.054316 0.008747 -0.116005
v -0.054175 0.009485 -0.132866
v -0.054538 0.007144 -0.127005
v -0.054748 0.005225 -0.114235
v -0.054911 0.003169 -0.113236
v -0.017863 -0.054261 -0.133049
v -0.046464 0.02943 -0.158655
v -0.047703 0.027384 -0.166261
v -0.047652 0.027471 -0.158236
v -0.048542 0.025866 -0.164369
v -0.046104 0.029997 -0.167386
v -0.015269 -0.054777 -0.136572
v -0.028183 -0.048015 -0.152418
v -0.030357 -0.047226 -0.142059
v -0.031238 -0.046144 -0.150374
v -0.021862 -0.051754 -0.144475
v -0.022178 -0.052277 -0.135659
v -0.025154 -0.050375 -0.141602
v -0.024518 -0.051377 -0.132948
v -0.034904 -0.042905 -0.161395
v -0.036112 -0.042317 -0.150366
v -0.036904 -0.041141 -0.162515
v -0.034263 -0.04394 -0.148927
v -0.028271 -0.048489 -0.143243
v -0.01278 -0.055788 -0.133096
v -0.053199 0.013979 -0.163274
v -0.053443 0.013016 -0.17297
v -0.053982 0.010573 -0.167759
v -0.03264 -0.044739 -0.159336
v -0.020542 -0.052917 -0.136455
v -0.051791 -0.019341 -0.134677
v -0.051806 -0.019115 -0.142283
v -0.051067 -0.021367 -0.132945
v -0.024872 -0.049988 -0.149895
v -0.050808 -0.021687 -0.145945
v -0.017758 -0.053637 -0.140786
v -0.009602 -0.056494 -0.132956
v -0.053806 0.011422 -0.182294
v -0.053056 0.01453 -0.18091
v -0.052902 0.015099 -0.192
v -0.030931 -0.04583 -0.162543
v -0.055 0.000639 -0.168674
v -0.054922 0.003054 -0.171555
v -0.054985 0.00147 -0.179396
v -0.029509 -0.046768 -0.162587
v -0.021782 -0.051306 -0.1524
v -0.054994 -0.001132 -0.167947
v -0.006367 -0.056824 -0.134501
v -0.055 -0.000547 -0.181957
v -0.054903 -0.00333 -0.170985
v -0.054956 -0.002249 -0.179291
v -0.054873 -0.003742 -0.179958
v -0.012644 -0.05487 -0.144194
v -0.026982 -0.04841 -0.159034
v -0.002028 -0.057526 -0.130965
v -0.043218 -0.035185 -0.140156
v -0.044851 -0.032824 -0.14293
v -0.042906 -0.035317 -0.146207
v -0.018468 -0.052792 -0.149433
v -0.011195 -0.055664 -0.138526
v -0.010705 -0.055151 -0.146295
v -0.003477 -0.056934 -0.136225
v 0.001056 -0.057502 -0.131537
v -0.04302 -0.03438 -0.17274
v -0.041052 -0.036581 -0.18254
v -0.041091 -0.036707 -0.171217
v -0.044229 -0.033376 -0.151197
v -0.045627 -0.031285 -0.154014
v -0.043906 -0.033652 -0.156217
v -0.008536 -0.055595 -0.145526
v -0.024343 -0.049784 -0.159503
v -0.045559 -0.031084 -0.164827
v -0.007838 -0.05623 -0.138947
v -0.045961 -0.030652 -0.158157
v -0.046681 -0.029257 -0.168974
v -0.047463 -0.028002 -0.166996
v -0.047233 -0.028591 -0.158852
v -0.039214 -0.03874 -0.169569
v -0.037951 -0.03994 -0.171326
v -0.014554 -0.054013 -0.149613
v -0.042764 -0.034547 -0.183398
v -0.019603 -0.051482 -0.171448
v -0.016313 -0.052572 -0.174486
v -0.016894 -0.052597 -0.165138
v -0.017069 -0.052284 -0.179891
v -0.014906 -0.052938 -0.181518
v -0.039332 -0.038419 -0.181938
v -0.021797 -0.050912 -0.160852
v -0.027162 0.04783 -0.135704
v -0.028374 0.047125 -0.126806
v -0.026014 0.048463 -0.126943
v -0.037739 -0.039978 -0.183152
v -0.029559 0.046387 -0.135541
v -0.006194 -0.056111 -0.142904
v -0.027296 0.047753 -0.142488
v -0.029645 0.046332 -0.142416
v -0.019239 -0.051931 -0.160968
v -0.029698 0.046298 -0.150237
v -0.001744 -0.056733 -0.139326
v 0.000824 -0.056801 -0.138849
v -0.027267 0.04777 -0.150297
v -0.027563 -0.047719 -0.170924
v -0.02488 -0.049173 -0.170324
v -0.029672 0.046314 -0.158534
v -0.016902 -0.053044 -0.154549
v -0.027278 0.047763 -0.158513
v -0.015003 -0.053258 -0.162646
v -0.0296 0.046359 -0.166692
v -0.022342 -0.050355 -0.171471
v -0.036477 -0.041326 -0.169527
v -0.028294 0.047168 -0.169754
v -0.02638 0.048264 -0.16925
v -0.048018 0.026823 -0.142565
v -0.049414 0.024154 -0.14208
v -0.049104 0.024785 -0.15074
v -0.035061 -0.042538 -0.169826
v -0.034776 -0.042596 -0.181322
v -0.033315 -0.043867 -0.172469
v -0.00787 -0.055211 -0.153002
v -0.030894 0.04551 -0.172804
v -0.036358 -0.041235 -0.183257
v -0.027048 0.047895 -0.179484
v -0.005873 -0.055729 -0.148698
v -0.02894 0.046781 -0.181663
v -0.013372 -0.054 -0.155423
v -0.047689 0.027409 -0.150777
v -0.031213 -0.045268 -0.18187
v -0.031586 -0.045159 -0.170805
v -0.010083 -0.054709 -0.155606
v -0.003526 -0.056315 -0.143383
v -0.001141 -0.056146 -0.147059
v -0.031865 0.044838 -0.180349
v -0.029512 -0.04647 -0.175746
v -0.033307 -0.043746 -0.182474
v -0.049069 0.024852 -0.158232
v -0.011579 -0.054199 -0.159933
v -0.049424 0.024134 -0.164499
v -0.004816 -0.055657 -0.151457
v -0.00687 -0.055041 -0.159077
v -0.014052 -0.053279 -0.170412
v -0.012633 -0.053612 -0.171338
v -0.02837 -0.047103 -0.185538
v -0.003104 -0.055627 -0.154052
v -0.000675 -0.055624 -0.15571
v -0.052232 0.017239 -0.179375
v -0.052735 0.015635 -0.169503
v -0.052221 0.01727 -0.16613
v -0.052533 -0.016852 -0.142342
v -0.052932 -0.015609 -0.134445
v -0.009893 -0.054294 -0.166597
v -0.024481 -0.049239 -0.1821
v -0.05432 0.008656 -0.178508
v -0.054395 0.008153 -0.172178
v -0.054701 0.005769 -0.168576
v -0.054689 0.005891 -0.180288
v -0.007621 -0.054642 -0.167243
v -0.022375 -0.050233 -0.182043
v -0.051659 0.018888 -0.180648
v -0.054087 0.010003 -0.183057
v -0.054879 0.003687 -0.180507
v -0.005427 -0.054998 -0.164242
v -0.020499 -0.05103 -0.181585
v -0.002408 -0.055418 -0.159004
v 2E-05 -0.055224 -0.165325
v -0.018789 -0.051687 -0.181484
v -0.047256 -0.028776 -0.15086
v -0.048705 -0.025932 -0.159137
v -0.048673 -0.025808 -0.167849
v -0.002853 -0.055115 -0.166699
v -0.000777 -0.055062 -0.171978
v -0.006257 -0.054688 -0.173663
v -0.003753 -0.054915 -0.173643
v -0.012197 -0.053633 -0.181943
v -0.032665 -0.044513 -0.165784
v -0.010557 -0.054032 -0.173426
v -0.009551 -0.054163 -0.181521
v -0.008348 -0.054417 -0.172663
v -0.024114 0.049433 -0.127069
v -0.02471 0.049142 -0.134762
v -0.02468 0.049157 -0.142395
v -0.024819 0.049087 -0.150929
v -0.001694 0.054977 -0.172467
v -0.00205 0.054966 -0.180615
v -0.004305 0.054835 -0.178421
v -0.006225 0.054656 -0.172187
v -0.008687 0.054314 -0.177055
v -0.01 0.054091 -0.170574
v -0.024788 0.049102 -0.15852
v -0.024214 0.049384 -0.16791
v -0.041028 0.036635 -0.144302
v -0.041041 0.036622 -0.138018
v -0.039824 0.037937 -0.139553
v -0.050397 0.022043 -0.141551
v -0.05136 0.019687 -0.137477
v -0.051435 0.019487 -0.146207
v -0.050777 0.021144 -0.149692
v -0.050137 0.022612 -0.155801
v -0.034152 0.043117 -0.171192
v -0.032732 0.044202 -0.169786
v -0.034115 0.043148 -0.183526
v -0.036004 0.041582 -0.175711
v -0.038007 0.039764 -0.167004
v -0.036496 0.041151 -0.160904
v -0.050734 0.021247 -0.158739
v -0.051413 0.019547 -0.157059
v -0.029701 -0.048322 -0.132911
v -0.04278 0.034571 -0.166791
v -0.044406 0.032458 -0.175956
v -0.04387 0.033175 -0.162038
v -0.04276 0.034603 -0.173597
v -0.053139 -0.014393 -0.163373
v -0.052917 -0.01509 -0.172239
v -0.052123 -0.01776 -0.165056
v -0.052425 -0.01666 -0.177029
v -0.051685 -0.018848 -0.177256
v -0.051161 -0.020401 -0.165792
v -0.050735 0.021243 -0.166562
v -0.049764 0.023429 -0.169198
v -0.03326 -0.045453 -0.136787
v -0.03519 -0.043754 -0.138646
v -0.040978 0.036693 -0.179413
v -0.041958 0.035566 -0.184093
v -0.042822 0.034523 -0.180228
v -0.043892 0.033148 -0.182873
v -0.048705 0.02556 -0.173074
v -0.038213 -0.040006 -0.159627
v -0.0401 -0.038034 -0.161302
v -0.041905 -0.035939 -0.163675
v -0.050643 0.021469 -0.172083
v -0.051515 0.019276 -0.169931
v -0.00724 -0.054524 -0.179349
v -0.046204 -0.030801 -0.142038
v -0.005107 -0.054766 -0.179237
v -0.003306 -0.054907 -0.181746
v -0.000656 -0.054999 -0.178383
v -0.048417 -0.026851 -0.145216
v -0.049034 -0.025491 -0.150672
v -0.038353 0.039426 -0.13372
v -0.040091 0.037657 -0.125423
v -0.049994 -0.023297 -0.158448
v -0.050067 -0.022957 -0.167728
v -0.00362 0.054885 -0.170545
v -0.00031 0.055001 -0.192
v -0.022132 0.050356 -0.13627
v -0.02204 0.050396 -0.127144
v -0.021611 0.050577 -0.142457
v -0.022108 0.050366 -0.150271
v -0.012451 0.053576 -0.173512
v -0.014552 0.053043 -0.168641
v -0.012489 0.053568 -0.167757
v -0.02217 0.050338 -0.158449
v -0.006443 0.054625 -0.180972
v -0.038318 0.039459 -0.148568
v -0.01704 0.052302 -0.171821
v -0.016602 0.052439 -0.163274
v -0.022077 0.050379 -0.165816
v -0.042655 0.034728 -0.142596
v -0.052206 0.017314 -0.140646
v -0.052686 0.015801 -0.134024
v -0.041069 0.036587 -0.150686
v -0.039826 0.037935 -0.150318
v -0.037503 0.040239 -0.181846
v -0.038634 0.039153 -0.1691
v -0.041475 0.036123 -0.167198
v -0.039358 0.03842 -0.180063
v -0.04024 0.037495 -0.168786
v -0.009777 0.054131 -0.127415
v -0.013557 0.053314 -0.134706
v -0.013156 0.053407 -0.127381
v -0.052249 0.017188 -0.155517
v -0.038357 0.039421 -0.158271
v -0.052414 0.016666 -0.145539
v -0.045281 0.031228 -0.172493
v -0.041085 0.036569 -0.158923
v -0.039856 0.037903 -0.158428
v -0.013529 0.053323 -0.142572
v -0.054108 -0.010337 -0.134628
v -0.048045 -0.027969 -0.133815
v -0.046524 -0.030596 -0.134561
v -0.053622 -0.012745 -0.137554
v -0.044906 -0.033147 -0.133879
v -5.5E-05 0.055014 -0.127613
v -0.043283 -0.035484 -0.132449
v -0.047405 -0.028805 -0.142063
v -0.003294 0.054906 -0.127487
v -0.013533 0.053322 -0.150369
v -0.046776 0.028938 -0.171631
v -0.046373 0.029583 -0.18286
v -0.047698 0.027395 -0.18315
v -0.00646 0.054627 -0.127436
v -0.050879 -0.020954 -0.175118
v -0.05042 -0.022508 -0.150509
v -0.049445 -0.024786 -0.145542
v -0.013537 0.053321 -0.158585
v -0.051124 -0.02062 -0.158599
v -0.037509 -0.041476 -0.141739
v -0.038483 -0.040067 -0.151175
v -0.019536 0.051417 -0.12723
v -0.016456 0.052493 -0.127337
v -0.019403 0.051467 -0.133893
v -0.016707 0.052409 -0.131888
v -0.041979 -0.036138 -0.154487
v -0.019497 0.051433 -0.142572
v -0.016691 0.052414 -0.139571
v -0.016696 0.052412 -0.147308
v -0.019511 0.051427 -0.151255
v -0.016701 0.052411 -0.155358
v -0.019534 0.051418 -0.158534
v -0.044468 -0.032609 -0.166603
v -0.046176 -0.029949 -0.17554
v -0.044439 -0.032481 -0.175015
v -0.045759 -0.030491 -0.182589
v -0.01953 0.05142 -0.167265
v -0.044082 -0.032851 -0.183523
v -0.05378 0.011539 -0.134984
v -0.053262 0.013726 -0.138308
v -0.053929 0.010865 -0.142572
v -0.053018 0.014649 -0.142564
v -0.053164 0.014123 -0.147298
v -0.053932 0.010849 -0.150369
v -0.033189 0.043863 -0.126379
v -0.034347 0.042961 -0.134309
v -0.054492 -0.007834 -0.132193
v -0.054873 -0.003985 -0.137231
v -0.047688 0.027408 -0.173252
v -0.053169 0.014103 -0.155346
v -0.053936 0.010832 -0.158585
v -0.036516 0.041134 -0.143852
v -0.054701 -0.005997 -0.140758
v -0.055014 -0.000469 -0.143213
v -0.055015 -0.000393 -0.134148
v -0.042755 0.034604 -0.135886
v -0.034299 0.042999 -0.144458
v -0.045207 0.031332 -0.182583
v -0.048579 0.025795 -0.180582
v -0.049913 0.023124 -0.181967
v -0.034313 0.042989 -0.152255
v -0.035982 0.041596 -0.151002
v -0.011601 0.053771 -0.181362
v -0.050985 0.020636 -0.182032
v -0.052187 -0.017811 -0.151037
v -0.05123 -0.020477 -0.152282
v -0.022026 0.050404 -0.172557
v -0.052303 -0.017377 -0.1554
v -0.014081 0.053173 -0.176474
v -0.053001 -0.01497 -0.158946
v -0.053903 -0.0112 -0.15808
v -0.053269 -0.014105 -0.149982
v -0.014639 0.053018 -0.183291
v -0.053579 -0.012551 -0.168486
v -0.054103 -0.010033 -0.167456
v -0.042807 0.034539 -0.14976
v -0.034344 0.042963 -0.162402
v -0.042823 0.034519 -0.157946
v -0.04164 -0.037626 -0.13143
v -0.041616 -0.037256 -0.138597
v -0.054524 -0.007343 -0.169798
v -0.054032 -0.010363 -0.172722
v -0.040105 -0.03876 -0.142849
v -0.039756 -0.039749 -0.132132
v -0.041149 -0.037461 -0.145741
v -0.036512 -0.042906 -0.133689
v -0.038236 -0.041311 -0.132577
v -0.054571 -0.00686 -0.184075
v -0.05475 -0.005281 -0.173223
v -0.053084 -0.014414 -0.179803
v -0.040204 -0.038235 -0.152382
v -0.050237 -0.022453 -0.175794
v -0.043732 -0.033759 -0.160513
v -0.048312 -0.026294 -0.179933
v -0.049428 -0.024181 -0.175794
v -0.050757 -0.021154 -0.184122
v -0.047537 -0.02775 -0.174445
v -0.032037 0.044712 -0.134482
v -0.030945 0.045475 -0.126628
v -0.032122 0.044651 -0.142558
v -0.032123 0.044651 -0.157928
v -0.031607 0.045011 -0.150192
v -0.044805 0.031898 -0.14269
v -0.044487 0.032349 -0.135654
v -0.044455 0.032392 -0.149304
v -0.016904 0.052344 -0.1802
v -0.045214 0.031326 -0.157221
v -0.049803 -0.024297 -0.1362
v -0.039138 -0.039903 -0.140692
v -0.053653 -0.012092 -0.181943
v -0.054224 -0.009239 -0.180433
v -0.049507 -0.023923 -0.183418
v -0.047223 -0.02815 -0.183762
v -0.046235 0.029797 -0.134987
v -0.046158 0.029917 -0.142765
v -0.025169 0.048903 -0.180671
v -0.019181 0.05155 -0.184137
v -0.020911 0.050876 -0.180556
v -0.031585 0.045027 -0.165437
v -0.046185 0.029875 -0.151147
v -0.054948 0.002666 -0.192
v -0.023345 0.049805 -0.182365
v -0.027219 -0.049727 -0.134778
v -0.028289 -0.063856 0.047188
v -0.023493 -0.063871 0.049755
v -0.001504 0.054909 -0.12649
v 0.001254 0.054917 -0.126482
v -0.054917 -0.005558 -0.106644
v -0.054918 0.001574 -0.11142
v -0.004353 0.054758 -0.126479
v -0.008024 0.054331 -0.126449
v -0.054904 -0.009813 -0.102301
v -0.010545 0.053868 -0.126286
v -0.054897 -0.015301 -0.095807
v -0.001055 -0.063904 0.055002
v -0.012838 0.053376 -0.126331
v -0.015861 0.052535 -0.126205
v -0.054908 -0.024975 -0.082753
v -0.020037 0.051114 -0.126222
v -0.054911 -0.032364 -0.071188
v -0.02327 0.049691 -0.125987
v -0.025829 0.048409 -0.1258
v -0.028197 0.0471 -0.125782
v -0.054895 -0.038689 -0.059655
v -0.030449 0.045694 -0.125631
v -0.054891 -0.043457 -0.049837
v -0.032004 0.044621 -0.125436
v -0.054914 -0.047765 -0.039459
v -0.034866 0.042453 -0.12519
v -0.036602 0.04092 -0.124614
v -0.054932 -0.049803 -0.033896
v -0.038423 0.039274 -0.124593
v -0.054957 -0.052383 -0.02624
v -0.040864 0.036737 -0.124092
v -0.054986 -0.055633 -0.014911
v -0.054996 -0.057809 -0.004728
v -0.055002 -0.059068 0.001033
v -0.044968 0.031577 -0.12301
v -0.046674 0.028908 -0.12197
v -0.04972 0.023366 -0.120628
v -0.052192 -0.061589 0.017415
v -0.051529 0.019043 -0.119165
v -0.052596 0.015823 -0.117922
v -0.053625 0.011962 -0.116406
v -0.046635 -0.062819 0.029181
v -0.054154 0.009058 -0.114851
v -0.039369 -0.063446 0.038438
v -0.054644 0.005651 -0.113394
v 0.043069 -0.0005 0.034266
v 0.043724 -0.063803 0.033324
v 0.045863 -0.062913 0.03038
v 0.046043 -0.0005 0.030091
v -0.055004 -0.0005 0.000406
v -0.054995 -0.013331 -0.001021
v -0.054782 -0.0005 0.005146
v 0.048346 -0.0005 0.026279
v 0.04803 -0.063177 0.026773
v 0.049365 -0.062977 0.024209
v 0.050635 -0.0005 0.021506
v 0.050724 -0.062044 0.021279
v -0.054181 -0.0005 0.009482
v 0.052182 -0.061592 0.017445
v -0.053266 -0.0005 0.013807
v 0.052631 -0.0005 0.016095
v 0.053221 -0.061752 0.013805
v -0.051681 -0.0005 0.018857
v 0.053887 -0.0005 0.011036
v 0.053897 -0.0613 0.010895
v 0.054626 -0.0005 0.006598
v 0.054573 -0.060685 0.006706
v -0.050317 -0.0005 0.022219
v 0.054833 -0.060266 0.004071
v -0.04868 -0.0005 0.02563
v 0.05496 -0.0005 0.002215
v 0.054995 -0.059136 0.001243
v 0.054991 -0.005498 0.000997
v -0.046435 -0.0005 0.029497
v 0.054993 -0.005498 -0.000996
v 0.054999 -0.0005 -0.000628
v 0.055 -0.002505 0
v -0.044388 -0.0005 0.032485
v -0.04169 -0.0005 0.03591
v -0.037687 -0.0005 0.040091
v -0.033184 -0.0005 0.043892
v -0.028805 -0.0005 0.046871
v -0.024227 -0.0005 0.049403
v -0.020211 -0.0005 0.051157
v -0.016795 -0.0005 0.052386
v -0.01251 -0.0005 0.053572
v -0.007331 -0.0005 0.054536
v -0.002031 -0.0005 0.054976
v 0.001374 -0.0005 0.054988
v 0.002658 -0.063936 0.054943
v 0.005141 -0.0005 0.054774
v 0.005917 -0.064468 0.054666
v 0.009731 -0.063874 0.054154
v 0.010417 -0.0005 0.054029
v 0.013744 -0.064486 0.05324
v 0.014621 -0.0005 0.053026
v 0.016407 -0.064502 0.052478
v 0.018825 -0.0005 0.051703
v 0.020224 -0.063904 0.05116
v 0.024196 -0.0005 0.049419
v 0.024721 -0.063844 0.049157
v 0.028172 -0.0005 0.047244
v 0.028211 -0.064383 0.047191
v 0.031108 -0.063758 0.045372
v 0.03136 -0.0005 0.045198
v 0.034009 -0.063686 0.043232
v 0.035485 -0.0005 0.042054
v 0.035806 -0.064227 0.041726
v 0.037872 -0.064135 0.039861
v 0.039227 -0.0005 0.03857
v 0.041265 -0.063335 0.036394
v -0.011785 -0.007794 -0.056295
v -0.012208 -0.007293 -0.055686
v -0.009204 -0.007308 -0.056382
v -0.016698 -0.007787 -0.054813
v -0.014773 -0.008146 -0.055864
v -0.016527 -0.008347 -0.055531
v -0.024353 -0.010253 -0.056125
v -0.024978 -0.010436 -0.057097
v -0.026883 -0.010658 -0.055973
v -0.011486 -0.006024 -0.05497
v -0.008549 -0.006067 -0.055581
v -0.00938 -0.006767 -0.055888
v -0.00367 -0.005126 -0.055753
v -0.005732 -0.00508 -0.055514
v -0.004616 -0.004169 -0.055299
v -0.012233 -0.006755 -0.055252
v -0.021901 -0.009209 -0.054498
v -0.018735 -0.009197 -0.056098
v -0.022596 -0.009635 -0.055073
v -0.002535 -0.005688 -0.05615
v -0.001845 -0.004987 -0.055805
v -0.000753 -0.005996 -0.056442
v -0.005769 -0.00585 -0.055906
v -0.003462 -0.006451 -0.056589
v -0.006722 -0.006464 -0.05615
v -0.027212 -0.010566 -0.054635
v -0.022663 -0.009872 -0.055785
v -0.025438 -0.0101 -0.054334
v -0.0155 -0.007514 -0.05496
v -0.000206 -0.003837 -0.055379
v -0.002595 -0.00414 -0.055425
v -0.002296 -0.00331 -0.055206
v 0.000257 -0.00461 -0.05567
v -0.019089 -0.007955 -0.054057
v -0.019241 -0.008657 -0.054875
v 0.001113 -0.005609 -0.056178
v -0.001705 -0.002719 -0.055101
v -0.014839 -0.00688 -0.054632
v -0.014608 -0.005931 -0.054121
v -0.022061 -0.00872 -0.053607
v 0.001497 -0.002903 -0.055135
v -0.025158 -0.009694 -0.05339
v -0.019096 -0.007403 -0.053555
v -0.021306 -0.008044 -0.053169
v -0.011824 -0.004952 -0.054415
v -0.004252 -0.003317 -0.055101
v -0.007224 -0.004363 -0.055051
v -0.00723 -0.003427 -0.054815
v -0.027117 -0.010232 -0.053231
v -0.028642 -0.010596 -0.052984
v -0.028491 -0.010167 -0.051759
v -0.017352 -0.006736 -0.053716
v -0.004285 -0.002115 -0.054899
v -0.001632 -0.0005 -0.054979
v 0.001255 -0.0005 -0.054992
v -0.001112 -0.001858 -0.055008
v -0.017189 -0.005909 -0.053303
v -0.010079 -0.004251 -0.05455
v -0.009114 -0.00519 -0.05505
v -0.002959 -0.001884 -0.054966
v -0.021738 -0.007401 -0.0524
v -0.010631 -0.003068 -0.054167
v -0.012826 -0.004366 -0.053978
v -0.023609 -0.008579 -0.052571
v -0.023409 -0.008069 -0.052131
v -0.008258 -0.002284 -0.05447
v -0.006264 -0.001969 -0.054712
v -0.026738 -0.009537 -0.051923
v -0.024825 -0.009149 -0.052601
v -0.015644 -0.004879 -0.053387
v -0.019606 -0.006611 -0.05278
v -0.025529 -0.008641 -0.051493
v -0.015363 -0.00367 -0.053128
v -0.005013 -0.0005 -0.054782
v -0.030639 -0.01072 -0.051044
v -0.032456 -0.010746 -0.049202
v -0.027285 -0.009326 -0.051174
v -0.030665 -0.010169 -0.049697
v -0.018275 -0.00421 -0.052314
v -0.028357 -0.009323 -0.050348
v -0.025764 -0.008147 -0.050846
v -0.024243 -0.007416 -0.051149
v -0.011081 -0.001599 -0.053912
v -0.011188 -0.0005 -0.053854
v -0.01916 -0.004801 -0.052159
v -0.033169 -0.011243 -0.049821
v -0.013791 -0.001603 -0.053287
v -0.014198 -0.002499 -0.053271
v -0.021094 -0.005519 -0.051639
v -0.012711 -0.003374 -0.053773
v -0.008441 -0.0005 -0.054353
v -0.014562 -0.0005 -0.053051
v -0.034206 -0.011226 -0.048521
v -0.034779 -0.011719 -0.049328
v -0.021274 -0.00655 -0.052044
v -0.027475 -0.008463 -0.050008
v -0.029405 -0.00899 -0.04911
v -0.02142 -0.004488 -0.051143
v -0.016858 -0.001591 -0.052394
v -0.033672 -0.010631 -0.047852
v -0.017768 -0.003025 -0.052242
v -0.030755 -0.009749 -0.048952
v -0.030622 -0.008859 -0.048073
v -0.033206 -0.009981 -0.047288
v -0.023575 -0.004488 -0.050158
v -0.024975 -0.005259 -0.049695
v -0.017944 -0.0005 -0.051997
v -0.035621 -0.011535 -0.047591
v -0.035526 -0.011095 -0.046808
v -0.029039 -0.008157 -0.048648
v -0.019978 -0.001996 -0.051311
v -0.023385 -0.006531 -0.051042
v -0.027113 -0.007437 -0.049459
v -0.033027 -0.00931 -0.046707
v -0.020595 -0.0005 -0.051004
v -0.02556 -0.004435 -0.049131
v -0.037508 -0.01169 -0.045499
v -0.037823 -0.012355 -0.04655
v -0.035141 -0.010481 -0.046243
v -0.025719 -0.006548 -0.049792
v -0.023051 -0.001935 -0.049997
v -0.023145 -0.0005 -0.049898
v -0.035355 -0.009818 -0.045285
v -0.035031 -0.008947 -0.044782
v -0.020662 -0.003251 -0.051202
v -0.028078 -0.005098 -0.04784
v -0.028951 -0.00439 -0.047135
v -0.039586 -0.012258 -0.043655
v -0.036862 -0.010991 -0.045146
v -0.03277 -0.008327 -0.0461
v -0.034359 -0.007881 -0.044601
v -0.027943 -0.006601 -0.048467
v -0.025569 -0.001936 -0.048749
v -0.026177 -0.0005 -0.048383
v -1.3E-05 -0.009402 -0.063082
v 0.003907 -0.009378 -0.063618
v -0.000863 -0.009354 -0.063885
v -0.031502 -0.007525 -0.046534
v -0.030495 -0.005859 -0.046507
v -0.036824 -0.009561 -0.043579
v -0.037413 -0.010344 -0.043713
v -0.035764 -0.008344 -0.043695
v -0.001363 -0.009402 -0.062643
v 0.001376 -0.009391 -0.062507
v -0.040763 -0.012462 -0.042248
v -0.039073 -0.011214 -0.042759
v 0.001313 -0.009282 -0.061591
v -0.027364 -0.001447 -0.047738
v -0.031336 -0.004412 -0.045559
v -0.027651 -0.002879 -0.04769
v -0.001286 -0.009205 -0.061182
v -0.023998 -0.003241 -0.04971
v -0.004166 -0.009306 -0.061393
v -0.004851 -0.009414 -0.062343
v -0.032965 -0.004938 -0.044518
v -0.04086 -0.011793 -0.041135
v -0.038699 -0.010052 -0.041989
v -0.042658 -0.013307 -0.040474
v -0.029535 -0.001904 -0.046442
v -0.030733 -0.0005 -0.045634
v -0.033326 -0.00351 -0.043977
v -0.042502 -0.012388 -0.039469
v -0.031209 -0.006655 -0.046315
v -0.034562 -0.004287 -0.04314
v -0.034662 -0.005737 -0.04344
v -0.04057 -0.010184 -0.039927
v -0.039424 -0.009261 -0.04059
v -0.03193 -0.001916 -0.044834
v -0.041009 -0.011052 -0.040145
v -0.042598 -0.010956 -0.037878
v -0.036062 -0.004354 -0.0419
v -0.041396 -0.008606 -0.037912
v -0.034307 -0.0005 -0.043001
v -0.037282 -0.004898 -0.040913
v -0.044303 -0.012702 -0.036872
v -0.044135 -0.011656 -0.036164
v -0.033914 -0.001913 -0.043347
v -0.035483 -0.002322 -0.0421
v -0.037233 -0.003387 -0.040682
v -0.036968 -0.0005 -0.040732
v -0.043329 -0.00998 -0.036163
v -0.039185 -0.005331 -0.039146
v -0.038987 -0.003035 -0.038939
v -0.045889 -0.012905 -0.034254
v -0.045751 -0.011721 -0.033544
v -0.033046 -0.006523 -0.044955
v -0.037243 -0.001893 -0.040523
v -0.041196 -0.002932 -0.036575
v -0.039669 -0.0005 -0.038116
v -0.044196 -0.009569 -0.034695
v -0.044994 -0.010834 -0.03419
v -0.041582 -0.004987 -0.036461
v -0.047363 -0.013119 -0.031565
v -0.04666 -0.011098 -0.031532
v -0.045536 -0.008791 -0.032302
v -0.0426 -0.003766 -0.035022
v -0.048752 -0.01357 -0.028908
v -0.04807 -0.011654 -0.029155
v -0.046334 -0.008282 -0.030826
v -0.052747 -0.011325 -0.01667
v -0.0535 -0.01316 -0.014074
v -0.053507 -0.009139 -0.013209
v -0.054197 -0.014265 -0.010643
v -0.053037 -0.004395 -0.014679
v -0.052307 -0.0005 -0.017017
v -0.052726 -0.005956 -0.015876
v -0.053074 -0.0005 -0.014446
v -0.053668 -0.005308 -0.012152
v -0.053731 -0.0005 -0.011769
v -0.014947 -0.009697 -0.061722
v -0.012673 -0.009592 -0.06089
v -0.011406 -0.009557 -0.062356
v -0.008318 -0.009367 -0.06076
v -0.007742 -0.009435 -0.061559
v -0.007954 -0.009166 -0.059853
v -0.008738 -0.009489 -0.062312
v -0.005017 -0.009075 -0.0602
v -0.034914 -0.006589 -0.043545
v -0.030606 -0.003143 -0.045861
v -0.036602 -0.00683 -0.042149
v -0.004765 -0.008672 -0.059179
v -0.003155 -0.008956 -0.060142
v -0.016072 -0.009641 -0.059021
v -0.012811 -0.009485 -0.059799
v -0.017438 -0.009837 -0.060101
v -0.002137 -0.008547 -0.059299
v -0.011874 -0.009195 -0.058845
v -0.009151 -0.008813 -0.058533
v -0.00728 -0.00884 -0.059046
v -0.003311 -0.008091 -0.058366
v -0.00079 -0.008188 -0.058745
v -0.018208 -0.009772 -0.058518
v -0.037108 -0.008487 -0.042512
v -0.006515 -0.008312 -0.058154
v -0.021947 -0.010122 -0.057974
v -0.021659 -0.010137 -0.059006
v -0.000868 -0.007563 -0.057883
v -0.009596 -0.008398 -0.057636
v -0.005797 -0.007663 -0.057397
v -0.01163 -0.008857 -0.057981
v -0.014564 -0.009121 -0.057699
v -0.014993 -0.009371 -0.058309
v -0.00349 -0.007343 -0.057396
v -0.001301 -0.006921 -0.057172
v -0.013994 -0.008823 -0.057206
v -0.02139 -0.009881 -0.056755
v 0.000543 -0.002027 -0.055025
v -0.017688 -0.009473 -0.057396
v -0.016754 -0.008948 -0.056446
v -0.038443 -0.006966 -0.040427
v -0.008483 -0.007797 -0.057042
v -0.005693 -0.007023 -0.056758
v -0.013134 -0.008258 -0.056511
v -0.039395 -0.008276 -0.040035
v -0.040878 -0.006805 -0.037748
v -0.030172 -0.011 -0.053076
v -0.039462 -0.006613 -0.03925
v -0.031781 -0.011159 -0.051372
v -0.042504 -0.007909 -0.036219
v -0.042164 -0.006388 -0.03611
v -0.04395 -0.008284 -0.034457
v -0.043304 -0.006653 -0.034748
v -0.045009 -0.006824 -0.032424
v -0.043885 -0.005853 -0.033755
v -0.0424 -0.0005 -0.035048
v -0.043558 -0.00248 -0.033676
v -0.047794 -0.009031 -0.028532
v -0.044269 -0.003442 -0.032816
v -0.045392 -0.005674 -0.031584
v -0.048786 -0.010927 -0.027285
v -0.049817 -0.013123 -0.026047
v -0.046782 -0.00626 -0.02951
v -0.044866 -0.0005 -0.031834
v -0.04792 -0.007631 -0.027874
v -0.045489 -0.002944 -0.031031
v -0.050017 -0.011505 -0.024782
v -0.050508 -0.013072 -0.024261
v -0.049165 -0.008455 -0.025639
v -0.046655 -0.003044 -0.029238
v -0.048063 -0.005865 -0.027204
v -0.049559 -0.007866 -0.024655
v -0.046795 -0.0005 -0.028908
v -0.047973 -0.003038 -0.027013
v -0.051242 -0.012254 -0.021851
v -0.049267 -0.004281 -0.024666
v -0.050776 -0.008491 -0.021943
v -0.049547 -0.002805 -0.02396
v -0.051671 -0.007591 -0.019381
v -0.051883 -0.010585 -0.019378
v -0.04864 -0.0005 -0.025706
v -0.050677 -0.003661 -0.021492
v -0.052016 -0.013022 -0.019776
v -0.052141 -0.007009 -0.01789
v -0.051603 -0.004027 -0.019149
v -0.053122 -0.015935 -0.016823
v -0.050157 -0.0005 -0.022576
v -0.051253 -0.0005 -0.019974
v -0.054344 -0.01267 -0.009211
v -0.054089 -0.006869 -0.010136
v -0.054316 -0.006891 -0.008783
v -0.054651 -0.012135 -0.006569
v -0.054881 -0.012267 -0.003902
v -0.054568 -0.006632 -0.007049
v -0.054245 -0.0005 -0.009124
v -0.054842 -0.006577 -0.004262
v -0.054659 -0.004115 -0.006184
v -0.054953 -0.006344 -0.002407
v -0.054654 -0.0005 -0.006202
v -0.05493 -0.0005 -0.002962
v -0.004362 -0.009391 -0.063471
v 0.000317 -0.008769 -0.059875
v 0.000589 -0.008329 -0.058994
v 0.0007 -0.006847 -0.057129
v 0.001359 -0.007551 -0.057861
v -0.010858 -0.008198 -0.057034
v -0.054493 -0.034085 -0.064717
v -0.044645 -0.013903 -0.071444
v -0.042526 -0.012218 -0.072412
v -0.044563 -0.012573 -0.074381
v -0.006026 -0.005614 -0.073995
v 0.002316 -0.005992 -0.073272
v 0.001746 -0.005037 -0.074726
v -0.049633 -0.020919 -0.066489
v -0.049472 -0.019506 -0.069161
v -0.050754 -0.021186 -0.069721
v -0.051231 -0.019255 -0.075132
v -0.051013 -0.01623 -0.079924
v -0.051779 -0.019134 -0.077152
v -0.042005 -0.015908 -0.057275
v -0.040769 -0.014771 -0.059729
v -0.043122 -0.01611 -0.060701
v -0.0135 -0.007819 -0.070321
v -0.004409 -0.007788 -0.069766
v -0.01057 -0.007183 -0.071492
v -0.036059 -0.012462 -0.061911
v -0.038013 -0.01346 -0.059341
v -0.035409 -0.012522 -0.058967
v -0.016027 -0.001058 -0.080322
v -0.013209 0.000873 -0.081562
v -0.017906 0.000444 -0.081943
v -0.053305 -0.024603 -0.073605
v -0.054092 -0.023895 -0.078887
v -0.05392 -0.026493 -0.073654
v -0.050115 -0.017207 -0.075748
v -0.052434 -0.034187 -0.050648
v -0.051515 -0.032544 -0.046799
v -0.051009 -0.030627 -0.049108
v -0.040274 -0.014862 -0.056665
v -0.0022 -0.006927 -0.071597
v -0.043181 -0.013796 -0.069266
v -0.048921 -0.013949 -0.079013
v -0.050031 -0.014674 -0.08011
v -0.049842 -0.015841 -0.077623
v -0.038933 -0.013774 -0.0602
v -0.038982 -0.014082 -0.057344
v -0.022842 -0.009931 -0.063986
v -0.024012 -0.009402 -0.067233
v -0.025744 -0.01001 -0.06518
v -0.0538 -0.032816 -0.062279
v -0.05429 -0.035007 -0.061679
v -0.044884 -0.014726 -0.069753
v -0.046173 -0.01555 -0.070252
v -0.03987 -0.012708 -0.067444
v -0.040027 -0.011918 -0.070148
v -0.041944 -0.012878 -0.069931
v -0.012656 -0.001352 -0.079605
v -0.032995 -0.011859 -0.058889
v -0.034334 -0.011906 -0.06235
v -0.037379 -0.011894 -0.06699
v -0.037567 -0.011088 -0.06989
v -0.032702 -0.011562 -0.061855
v -0.027523 -0.010562 -0.062658
v -0.029581 -0.010626 -0.064399
v -0.010226 0.000339 -0.080789
v -0.043297 -0.016867 -0.057455
v -0.042942 -0.016888 -0.055367
v -0.046771 -0.021231 -0.054287
v -0.047984 -0.023113 -0.054009
v -0.046457 -0.021174 -0.052332
v -0.045264 -0.017657 -0.061538
v -0.046592 -0.01761 -0.065631
v -0.04741 -0.018771 -0.064797
v -0.045276 -0.016657 -0.06497
v -0.030875 -0.011302 -0.060627
v -0.053231 -0.034309 -0.05602
v -0.054248 -0.037786 -0.056215
v -0.008191 -0.001672 -0.078863
v -0.041163 -0.015584 -0.054651
v -0.045424 -0.01982 -0.052403
v -0.045266 -0.019247 -0.054828
v -0.028449 -0.010865 -0.060798
v -0.024243 -0.010328 -0.061086
v -0.011972 -0.008914 -0.066804
v -0.005984 -0.008361 -0.068294
v -0.015675 -0.008605 -0.068324
v -0.033096 -0.010259 -0.068796
v -0.034293 -0.009929 -0.070646
v -0.036619 -0.011285 -0.068322
v -0.048368 -0.019947 -0.064654
v -0.048256 -0.017707 -0.069891
v -0.044205 -0.016975 -0.060599
v -0.042482 -0.016715 -0.053123
v 0.00116 -0.007851 -0.069543
v -0.048842 -0.015983 -0.075059
v -0.030577 -0.011325 -0.058582
v -0.01177 -0.002748 -0.078106
v -0.012746 -0.004172 -0.076549
v -0.007724 -0.003589 -0.076817
v -0.006118 -0.000255 -0.079983
v -0.007462 -0.002778 -0.077713
v -0.044039 -0.018235 -0.052483
v -0.05308 -0.03131 -0.060748
v -0.051869 -0.022906 -0.070427
v -0.052632 -0.022565 -0.074152
v -0.033616 -0.010832 -0.06712
v -0.050148 -0.025782 -0.057364
v -0.050275 -0.024171 -0.061597
v -0.051057 -0.025736 -0.061525
v -0.031059 -0.011407 -0.056131
v -0.047772 -0.015245 -0.074245
v -0.047618 -0.012782 -0.078629
v -0.045954 -0.020718 -0.049905
v -0.04765 -0.023237 -0.050657
v -0.031007 -0.010434 -0.066631
v -0.030117 -0.009671 -0.068969
v -0.04408 -0.015996 -0.064039
v -0.045309 -0.015804 -0.067639
v -0.049115 -0.022915 -0.059826
v -0.03429 -0.012246 -0.057186
v -0.033224 -0.011892 -0.054536
v -0.034853 -0.011446 -0.065777
v -0.004674 -0.008984 -0.066007
v -0.00261 -0.00876 -0.066848
v -0.050537 -0.019161 -0.07313
v -0.049591 -0.027542 -0.046618
v -0.050211 -0.028663 -0.049139
v -0.050479 -0.029878 -0.044921
v -0.051018 -0.027327 -0.058009
v -0.037797 -0.013605 -0.055122
v -0.03673 -0.013099 -0.053607
v -0.036655 -0.013068 -0.056857
v -0.001976 -0.00117 -0.079045
v -0.001382 -2.6E-05 -0.079979
v -0.04915 -0.024155 -0.05679
v -0.026449 -0.010654 -0.059219
v -0.047266 -0.019938 -0.060906
v -0.047398 -0.021385 -0.056994
v -0.046463 -0.02004 -0.057444
v -0.044578 -0.018924 -0.04998
v -0.048901 -0.021644 -0.062223
v -0.032515 -0.011051 -0.065049
v -0.019201 -0.009875 -0.062046
v -0.045635 -0.018644 -0.059268
v -0.035238 -0.012536 -0.054657
v -0.05457 -0.030443 -0.071434
v -0.004878 -0.009203 -0.064933
v -0.011472 -0.009227 -0.065233
v -0.011718 -0.00944 -0.063766
v -0.05077 -0.028355 -0.054322
v 0.001658 -0.001398 -0.078833
v -0.042415 -0.0167 -0.051307
v -0.040827 -0.01542 -0.052392
v -0.034694 -0.012206 -0.05238
v -0.044661 -0.018943 -0.048397
v -0.046243 -0.021115 -0.047843
v -0.05024 -0.027801 -0.052523
v -0.048483 -0.025092 -0.046117
v -0.049611 -0.027568 -0.043705
v -0.048613 -0.02516 -0.043712
v -0.047153 -0.022552 -0.046762
v -0.048063 -0.024236 -0.04776
v -0.035942 -0.012567 -0.051276
v -0.0087 -0.004432 -0.075853
v -0.003808 -0.004767 -0.075145
v -0.043124 -0.017214 -0.048727
v -0.043387 -0.01764 -0.050792
v -0.049207 -0.018133 -0.071443
v -0.045909 -0.020372 -0.045897
v -0.028396 -0.01008 -0.066397
v -0.003469 -0.00195 -0.078361
v -0.036248 -0.01211 -0.064413
v -0.052382 -0.031683 -0.056132
v -0.0512 -0.030157 -0.052315
v -0.048919 -0.025125 -0.052542
v -0.038164 -0.013329 -0.049095
v -0.037938 -0.013591 -0.051898
v -0.040204 -0.014829 -0.050166
v -0.042383 -0.016258 -0.047512
v -0.041519 -0.01574 -0.049004
v -0.046574 -0.021303 -0.045073
v -0.047689 -0.0233 -0.044568
v -0.033715 -0.011775 -0.051608
v -0.05411 -0.043679 -0.039302
v -0.054572 -0.046786 -0.036457
v -0.053635 -0.041737 -0.035167
v -0.04695 -0.021405 -0.042904
v -0.03932 -0.013951 -0.048592
v -0.043943 -0.017835 -0.046844
v -0.043041 -0.016364 -0.045372
v 3.7E-05 -0.004133 -0.075922
v -0.002201 -0.002897 -0.077359
v -0.054379 -0.028945 -0.072524
v -0.04809 -0.02353 -0.042067
v -0.050795 -0.030649 -0.041299
v -0.051611 -0.033007 -0.038541
v -0.050889 -0.030238 -0.038035
v -0.044553 -0.018429 -0.046
v -0.049349 -0.026227 -0.040543
v -0.04564 -0.019425 -0.043998
v -0.044247 -0.017317 -0.043903
v -0.031004 -0.011003 -0.063561
v -0.05376 -0.028231 -0.069778
v -0.039252 -0.013516 -0.047151
v -0.040421 -0.014528 -0.047565
v -0.039565 -0.013314 -0.04594
v -0.054268 -0.041625 -0.047983
v -0.053789 -0.038454 -0.051215
v -0.037541 -0.012652 -0.047912
v -0.036466 -0.012357 -0.048893
v -0.053991 -0.043791 -0.032532
v -0.054469 -0.046888 -0.032883
v -0.044781 -0.017365 -0.042333
v -0.047508 -0.021675 -0.040792
v -0.046232 -0.019333 -0.04133
v -0.045366 -0.017421 -0.040745
v -0.050318 -0.027702 -0.036878
v -0.050102 -0.028287 -0.040161
v -0.051381 -0.031258 -0.035736
v -0.048252 -0.022474 -0.038901
v -0.049233 -0.024603 -0.037766
v -0.046339 -0.017966 -0.038824
v -0.043817 -0.014975 -0.040672
v -0.047083 -0.019992 -0.039479
v -0.053571 -0.040973 -0.031226
v -0.053172 -0.038455 -0.031198
v -0.052996 -0.038547 -0.036237
v -0.047691 -0.01998 -0.037398
v -0.042114 -0.014146 -0.042786
v -0.051252 -0.028809 -0.0326
v -0.050418 -0.026288 -0.034077
v -0.040908 -0.013658 -0.044173
v -0.04925 -0.023498 -0.0361
v -0.049551 -0.026772 -0.050934
v -0.044913 -0.015394 -0.038916
v -0.049474 -0.022629 -0.034148
v -0.043922 -0.013696 -0.038734
v -0.052163 -0.029466 -0.05931
v -0.052962 -0.026188 -0.069133
v -0.051429 -0.026665 -0.029506
v -0.048737 -0.019604 -0.033699
v -0.048259 -0.019943 -0.035516
v -0.052149 -0.032544 -0.031325
v -0.052462 -0.030727 -0.027005
v -0.04979 -0.021369 -0.031777
v -0.045265 -0.014089 -0.036653
v -0.050411 -0.023381 -0.031172
v -0.046819 -0.014848 -0.034234
v -0.04592 -0.015363 -0.036708
v -0.047361 -0.017331 -0.035353
v -0.048168 -0.015542 -0.031768
v -0.048981 -0.025902 -0.049349
v -0.050284 -0.018875 -0.028347
v -0.051696 -0.025297 -0.027153
v -0.049094 -0.017964 -0.031287
v -0.053454 -0.038238 -0.048684
v -0.051122 -0.021256 -0.026952
v -0.052844 -0.037088 -0.045502
v -0.053572 -0.039921 -0.04498
v -0.051968 -0.02219 -0.02415
v -0.052685 -0.027752 -0.02362
v -0.049692 -0.015819 -0.028123
v -0.050663 -0.016846 -0.025985
v -0.039497 -0.014534 -0.053977
v -0.053213 -0.023787 -0.018949
v -0.053617 -0.030553 -0.018944
v -0.053692 -0.025238 -0.016532
v -0.054192 -0.032798 -0.014962
v -0.054451 -0.025189 -0.010652
v -0.054151 -0.025227 -0.013279
v -0.054588 -0.031947 -0.010125
v -0.054306 -0.017993 -0.010752
v -0.05468 -0.017637 -0.007346
v -0.052677 -0.012229 -0.09049
v -0.053216 -0.014611 -0.089008
v -0.052329 -0.013222 -0.088192
v -0.043156 -0.00473 -0.085293
v -0.041808 -0.004501 -0.084566
v -0.041539 -0.002055 -0.087282
v -0.043407 -0.002814 -0.087828
v -0.042637 -0.006534 -0.082546
v -0.044029 -0.008259 -0.081338
v -0.041792 -0.007597 -0.08036
v -0.036182 -0.002564 -0.083873
v -0.035809 0.000258 -0.086709
v -0.037131 -0.001133 -0.085849
v -0.052178 -0.024853 -0.068021
v -0.039265 -0.009096 -0.075953
v -0.039217 -0.007883 -0.078072
v -0.040907 -0.008979 -0.077427
v -0.03722 -0.007948 -0.076743
v -0.037826 -0.006722 -0.079106
v -0.051225 -0.02315 -0.067453
v -0.03468 -0.007143 -0.076869
v -0.03568 -0.005964 -0.079202
v -0.054136 -0.04278 -0.043185
v -0.028179 -0.00396 -0.079539
v -0.033646 -0.004461 -0.080528
v -0.029082 -0.00483 -0.078582
v -0.036586 -0.009366 -0.073539
v -0.034821 -0.008327 -0.074711
v -0.031587 -0.007271 -0.075383
v -0.031144 -0.005982 -0.077468
v -0.02867 -0.005993 -0.076701
v -0.023338 -0.00546 -0.076284
v -0.021375 -0.00462 -0.077155
v -0.023473 -0.003142 -0.079484
v -0.05026 -0.022518 -0.065145
v -0.033065 -0.009034 -0.072254
v -0.031446 -0.008109 -0.073633
v -0.027895 -0.006784 -0.07511
v -0.020095 -0.003443 -0.078472
v -0.022803 -0.001791 -0.080849
v -0.037209 -0.010374 -0.071563
v -0.039922 -0.010992 -0.07246
v -0.017346 -0.002307 -0.079295
v -0.018727 -0.009572 -0.06456
v -0.021024 3.4E-05 -0.082209
v -0.05208 -0.034852 -0.043204
v -0.016238 -0.003902 -0.077309
v -0.03138 -0.009041 -0.071413
v -0.025041 -0.006763 -0.074426
v -0.043626 -0.014964 -0.066512
v -0.019985 -0.006335 -0.074236
v -0.05099 -0.031217 -0.045693
v -0.027369 -0.008383 -0.071582
v -0.04202 -0.014851 -0.063172
v -0.041847 -0.014043 -0.06599
v -0.016527 -0.005207 -0.075569
v -0.02082 -0.00714 -0.07281
v -0.024926 -0.008271 -0.0711
v -0.011886 -0.005437 -0.074702
v -0.040953 -0.014244 -0.063254
v -0.042649 -0.015545 -0.061833
v -0.051459 -0.032835 -0.042384
v -0.023917 -0.008834 -0.069232
v -0.039498 -0.013541 -0.063268
v -0.038203 -0.012412 -0.066076
v -0.037768 -0.012833 -0.063297
v -0.019308 -0.007874 -0.070916
v -0.013573 -0.006038 -0.073905
v -0.027426 -0.009415 -0.068538
v -0.019329 -0.008518 -0.069176
v -0.039852 -0.014727 -0.051852
v -0.014335 -0.008288 -0.069152
v -0.008344 -0.006443 -0.072772
v -0.019186 -0.00925 -0.066451
v -0.044256 -0.017862 -0.056748
v -0.05308 -0.038811 -0.040917
v 0.001002 -0.008786 -0.066704
v 0.001146 -0.009119 -0.065265
v -0.054717 -0.003639 -0.10687
v -0.054475 -0.000706 -0.107748
v -0.05459 0.001348 -0.109452
v -0.054345 -0.002432 -0.106001
v -0.054042 0.000179 -0.106676
v -0.054711 -0.007281 -0.103706
v -0.053914 -0.001827 -0.104843
v -0.053073 -0.038946 -0.037911
v -0.054439 -0.006839 -0.102732
v -0.03724 -0.012992 -0.050046
v -0.052253 -0.035559 -0.039155
v -0.053184 -0.001089 -0.103249
v -0.05358 0.000828 -0.105673
v -0.053724 -0.004953 -0.101633
v -0.054038 -0.006006 -0.101812
v -0.041631 -0.015119 -0.046036
v -0.053479 -0.003959 -0.101725
v -0.054516 -0.009935 -0.099867
v -0.052367 -0.035537 -0.035799
v -0.052788 -0.004106 -0.099688
v -0.051913 -0.016753 -0.081633
v -0.051826 -0.014746 -0.084524
v -0.052798 -0.017675 -0.083096
v -0.049409 -0.012488 -0.082348
v -0.051035 -0.01366 -0.084107
v -0.027569 -0.002871 -0.080753
v -0.030242 -0.00259 -0.081814
v -0.027568 -0.00161 -0.082162
v -0.039866 -0.010127 -0.074327
v -0.013398 -0.006761 -0.072599
v -0.054766 -0.050274 -0.026914
v -0.054222 -0.045241 -0.028594
v -0.054612 -0.013416 -0.09638
v -0.042415 -0.015112 -0.044002
v -0.043512 -0.015968 -0.043087
v -0.052279 -0.03463 -0.03418
v -0.054093 -0.01028 -0.097554
v -0.052205 -0.002624 -0.099661
v -0.052582 0.000484 -0.102951
v -0.053173 -0.006496 -0.098425
v -0.053627 -0.008487 -0.097799
v -0.051878 -0.001075 -0.100286
v -0.052866 -0.036011 -0.030098
v -0.054565 -0.048154 -0.025158
v -0.054242 -0.013243 -0.094749
v -0.052843 -0.034329 -0.0278
v -0.054033 -0.042565 -0.02472
v -0.05463 -0.048585 -0.021735
v -0.053746 -0.040917 -0.027084
v -0.054366 -0.043799 -0.019739
v -0.054599 -0.046372 -0.017532
v -0.052308 -0.006321 -0.096326
v -0.054851 -0.051831 -0.017158
v -0.054025 -0.040184 -0.021439
v -0.054249 -0.039184 -0.017331
v -0.052685 -0.008579 -0.094859
v -0.053219 -0.031527 -0.022428
v -0.053719 -0.012572 -0.093429
v -0.051068 -0.003234 -0.096824
v -0.053929 -0.036429 -0.019414
v -0.052617 -0.021953 -0.021224
v -0.05164 -0.017277 -0.023054
v -0.051246 -0.006192 -0.094174
v -0.053623 -0.039167 -0.025787
v -0.054766 -0.043544 -0.010361
v -0.054857 -0.050684 -0.013063
v -0.054484 -0.042639 -0.016127
v -0.05319 -0.011136 -0.093393
v -0.054304 -0.015695 -0.0919
v -0.052405 -0.017716 -0.020453
v -0.054537 -0.018876 -0.08891
v -0.053399 -0.035898 -0.02429
v -0.054597 -0.039834 -0.012469
v -0.051971 -0.008645 -0.092988
v -0.053842 -0.015729 -0.089816
v -0.053665 -0.016894 -0.014482
v -0.052178 -0.01087 -0.090842
v -0.050558 -0.004689 -0.094471
v -0.051144 -0.009434 -0.090234
v -0.048607 -0.001778 -0.094409
v -0.04789 0.00112 -0.096137
v -0.048897 0.001639 -0.0978
v -0.049284 -0.001571 -0.095539
v -0.049824 -0.004692 -0.09321
v -0.054855 -0.028574 -0.005636
v -0.054885 -0.046859 -0.008091
v -0.054973 -0.043613 -0.003188
v -0.054897 -0.019234 -0.004358
v -0.054474 -0.021334 -0.085057
v -0.050047 -0.007342 -0.090614
v -0.053487 -0.01666 -0.087127
v -0.050198 -0.001686 -0.096772
v -0.051099 -0.000335 -0.09944
v -0.054168 -0.019388 -0.086251
v -0.053659 -0.018572 -0.085054
v -0.049955 0.001107 -0.098796
v -0.051357 -0.011938 -0.08742
v -0.053015 -0.019979 -0.080198
v -0.047357 -0.008734 -0.084535
v -0.04723 -0.006425 -0.087421
v -0.048575 -0.007039 -0.088554
v -0.045239 -0.006183 -0.08537
v -0.045715 -0.007911 -0.083604
v -0.04434 -0.006895 -0.083539
v -0.040181 -0.003933 -0.084204
v -0.04017 -0.002089 -0.086355
v -0.050183 -0.008715 -0.089206
v -0.048952 -0.004991 -0.091529
v -0.038226 -0.002912 -0.084372
v -0.040834 -0.006287 -0.081558
v -0.046526 -0.010278 -0.081141
v -0.044586 -0.010974 -0.077523
v -0.0452 -0.009497 -0.080702
v -0.047403 2.7E-05 -0.094629
v -0.046149 -0.011694 -0.078279
v -0.038584 -0.000296 -0.087425
v -0.048246 -0.003416 -0.092264
v -0.054936 -0.051126 -0.007815
v -0.038254 -0.004898 -0.081933
v -0.033002 -0.001652 -0.083708
v -0.032804 0.000603 -0.085948
v -0.047832 -0.004892 -0.090085
v -0.046988 -0.001649 -0.092578
v -0.04584 -0.000231 -0.092755
v -0.036329 -0.004393 -0.081672
v -0.043034 -0.009411 -0.078552
v -0.054656 -0.024761 -0.081136
v -0.039366 -0.006473 -0.080358
v -0.029455 -0.000214 -0.084095
v -0.042725 -0.010267 -0.076739
v -0.044899 -0.001315 -0.090777
v -0.033325 -0.003202 -0.08203
v -0.053566 -0.021049 -0.080826
v -0.046238 -0.003814 -0.089413
v -0.025342 -0.000279 -0.082919
v -0.042615 -0.011287 -0.074619
v -0.044529 -0.002905 -0.08872
v -0.044266 0.00034 -0.091873
v -0.03331 -0.005772 -0.078551
v -0.042452 0.00069 -0.090803
v -0.049936 -0.010909 -0.085763
v -0.042689 -0.001582 -0.088648
v -0.04874 -0.009664 -0.08537
v -0.045723 -0.004928 -0.087484
v -0.040777 0.000332 -0.089331
v -0.0478 -0.011105 -0.081705
v -0.047219 -0.013349 -0.076939
v -0.045906 -0.013128 -0.075238
v -0.046702 -0.014467 -0.073784
v -0.046836 -0.016191 -0.070077
v -0.03688 0.036102 -0.113349
v -0.037008 0.03435 -0.111052
v -0.035601 0.036563 -0.112506
v -0.010793 0.045972 -0.109073
v -0.007388 0.046853 -0.10921
v -0.010551 0.047113 -0.11049
v -0.050917 0.013873 -0.109248
v -0.049905 0.016287 -0.109629
v -0.051131 0.015415 -0.111393
v -0.021211 0.049242 -0.121665
v -0.019837 0.048922 -0.119433
v -0.018187 0.050467 -0.121732
v -0.006883 0.010196 -0.086173
v -0.003926 0.007981 -0.084901
v -0.003986 0.012581 -0.086949
v -0.054554 0.003916 -0.111077
v -0.043141 0.007753 -0.096925
v -0.041463 0.009524 -0.096941
v -0.043856 0.011743 -0.099913
v -0.041674 0.012498 -0.098846
v -0.012192 0.044086 -0.107358
v -0.00949 0.044966 -0.107504
v -0.041489 0.029632 -0.110791
v -0.039524 0.030646 -0.109571
v -0.039169 0.032868 -0.111761
v -0.039516 0.011468 -0.096957
v -0.039562 0.015219 -0.099075
v -0.053852 0.006112 -0.109898
v -0.054052 0.007475 -0.112141
v -0.010118 0.006153 -0.084582
v -0.006399 0.005046 -0.083589
v -0.006767 0.007249 -0.084784
v -0.019884 0.037919 -0.104252
v -0.015442 0.039472 -0.104028
v -0.016779 0.040563 -0.1055
v -0.01211 0.002525 -0.08261
v -0.02373 0.047069 -0.119112
v -0.02029 0.047805 -0.117445
v -0.007519 0.001971 -0.081753
v -0.01001 0.00427 -0.083488
v -0.004295 0.005862 -0.083886
v -0.046344 0.003642 -0.096568
v -0.04474 0.004587 -0.095867
v -0.046318 0.006671 -0.098731
v -0.044683 0.006488 -0.097203
v -0.006283 0.003358 -0.082585
v -0.015309 0.042122 -0.106455
v -0.014046 0.043976 -0.107944
v -0.001391 0.00777 -0.084696
v -0.002571 0.013348 -0.087199
v -0.004256 0.048785 -0.111281
v -0.002296 0.048811 -0.111104
v -0.003655 0.050459 -0.113901
v -0.001721 0.050169 -0.113211
v -0.046184 0.022835 -0.110036
v -0.044804 0.02382 -0.109066
v -0.045113 0.02546 -0.111207
v -0.013096 0.041858 -0.105397
v -0.01602 0.050665 -0.120222
v -0.015592 0.051613 -0.122522
v 0.00103 0.050209 -0.11324
v -0.001058 0.050961 -0.11459
v -0.044651 0.00856 -0.098556
v -0.001195 0.012558 -0.086785
v 0.001218 0.011438 -0.086289
v -0.032723 0.038902 -0.113004
v -0.030847 0.039607 -0.112351
v -0.032775 0.040301 -0.115385
v -0.030605 0.041186 -0.114624
v -0.032007 0.0255 -0.100544
v -0.029554 0.024561 -0.098953
v -0.029649 0.027009 -0.100335
v -0.034846 0.035997 -0.110898
v -0.001626 0.005799 -0.083753
v -0.0363 0.016308 -0.097882
v -0.034411 0.016634 -0.097133
v -0.037033 0.020154 -0.100263
v -0.033973 0.021143 -0.09919
v -0.022919 0.035223 -0.103165
v -0.018302 0.037389 -0.103221
v -0.047801 0.003371 -0.097838
v -0.02526 0.045312 -0.117018
v -0.022515 0.046023 -0.115941
v -0.002131 0.003994 -0.082747
v -0.027151 0.026427 -0.098975
v -0.029649 0.029315 -0.101734
v -0.027286 0.029808 -0.101031
v -0.034363 0.038315 -0.113815
v -0.028297 0.043148 -0.115842
v -0.026561 0.043335 -0.114646
v -0.027507 0.044624 -0.117874
v -0.049063 0.016496 -0.108372
v -0.048773 0.01847 -0.109767
v -0.03161 0.021157 -0.098104
v -0.034378 0.023379 -0.100565
v -0.009534 0.053323 -0.123086
v -0.053385 0.008705 -0.110672
v 0.000407 0.005854 -0.083763
v -0.004691 0.047086 -0.109022
v -0.006819 0.048678 -0.111607
v -0.009847 0.043271 -0.105816
v -0.003021 0.002394 -0.081783
v -0.024357 0.030391 -0.100267
v -0.024633 0.032216 -0.101573
v 0.001932 0.003925 -0.082704
v -0.000313 0.049515 -0.112094
v -0.003422 0.000951 -0.080779
v -0.020393 0.033245 -0.10079
v -0.02045 0.034992 -0.102072
v 0.000219 0.002305 -0.081661
v -0.037797 0.032336 -0.109552
v -0.013127 0.052792 -0.124185
v 0.00032 0.001133 -0.08085
v -0.028516 0.041554 -0.113379
v -0.040728 0.03655 -0.122517
v -0.038912 0.038457 -0.122862
v -0.039815 0.037011 -0.12078
v -0.034447 0.042441 -0.123624
v -0.037118 0.039905 -0.122144
v -0.034983 0.041518 -0.121774
v -0.035956 0.040046 -0.119709
v -0.02882 0.04594 -0.122911
v -0.026365 0.047124 -0.122461
v -0.041814 0.032619 -0.115477
v -0.040296 0.035074 -0.117113
v -0.042699 0.03244 -0.117071
v -0.041337 0.034593 -0.118483
v -0.036743 0.012301 -0.095967
v -0.049029 0.022425 -0.115546
v -0.049846 0.021411 -0.116469
v -0.049332 0.020571 -0.113478
v -0.038093 0.016178 -0.098758
v -0.050618 0.019155 -0.115165
v -0.029457 0.044322 -0.119528
v -0.027178 0.045747 -0.119978
v -0.041463 0.007324 -0.09551
v -0.048126 0.023369 -0.114526
v -0.050628 0.017568 -0.112803
v -0.049717 0.018352 -0.111509
v -0.047895 0.022325 -0.112483
v -0.048541 0.020551 -0.11162
v -0.030265 0.042517 -0.116671
v -0.046948 0.02267 -0.111091
v -0.047196 0.02413 -0.113409
v -0.045979 0.025329 -0.11256
v -0.047533 0.020325 -0.109574
v -0.008255 0.053939 -0.12472
v -0.053362 0.010444 -0.112581
v -0.052709 0.009614 -0.109443
v -0.052458 0.011834 -0.110991
v -0.041244 0.028087 -0.108876
v -0.043716 0.026115 -0.109898
v -0.04289 0.028904 -0.111878
v -0.046309 0.021319 -0.108738
v -0.050031 0.014161 -0.107875
v -0.051948 0.010681 -0.108512
v -0.051688 0.012848 -0.109981
v -0.047323 0.018799 -0.107859
v -0.053066 0.007164 -0.108336
v -0.044918 0.021895 -0.107508
v -0.05413 0.003392 -0.108849
v -0.052439 0.007905 -0.10739
v -0.033299 0.036546 -0.110205
v -0.043073 0.025208 -0.108251
v -0.041642 0.025588 -0.107076
v -0.053661 0.004498 -0.108055
v -0.045898 0.019172 -0.106441
v -0.007042 0.045384 -0.10741
v -0.050809 0.011254 -0.106807
v -0.049831 0.012586 -0.106316
v -0.051651 0.009366 -0.106865
v -0.043434 0.022545 -0.106441
v -0.037478 0.031055 -0.107933
v -0.039664 0.028604 -0.107728
v -0.03808 0.029162 -0.10678
v -0.045873 0.001885 -0.094698
v -0.053027 0.005338 -0.106956
v -0.048533 0.015693 -0.106916
v -0.048897 0.01229 -0.10489
v -0.043781 0.020293 -0.105127
v -0.029041 0.039897 -0.111367
v -0.031527 0.037552 -0.110115
v -0.028693 0.038787 -0.109692
v -0.052176 0.006265 -0.105768
v -0.0417 0.023345 -0.105416
v -0.049948 0.010225 -0.104843
v -0.035972 0.029907 -0.105717
v -0.039881 0.026313 -0.106034
v -0.039848 0.024099 -0.104425
v -0.041544 0.021306 -0.103907
v -0.03765 0.027216 -0.104926
v -0.038076 0.024744 -0.103565
v -0.027178 0.035847 -0.105637
v -0.026383 0.034378 -0.103953
v -0.024203 0.036742 -0.105033
v -0.026673 0.032542 -0.102639
v -0.043186 0.004377 -0.094523
v -0.016487 0.049678 -0.11824
v -0.002768 0.047107 -0.108837
v -0.007752 0.043921 -0.106001
v -0.039539 0.008084 -0.094902
v -0.029233 0.0213 -0.097179
v -0.024124 0.028405 -0.098984
v -0.00042 0.048252 -0.110231
v -0.044494 0.002402 -0.093931
v -0.015337 0.0377 -0.102535
v -0.011244 0.052436 -0.121356
v -0.013443 0.052098 -0.122051
v -0.015928 0.035797 -0.101263
v -0.004632 0.045472 -0.107121
v 0.001221 0.048991 -0.111304
v -0.01234 0.040543 -0.104012
v -0.020507 0.030824 -0.099254
v -0.010302 0.04075 -0.103669
v -0.00065 0.047061 -0.108667
v -0.012784 0.051281 -0.119235
v -0.036196 0.033548 -0.109275
v -0.041242 0.00496 -0.093674
v -0.006037 0.054144 -0.12418
v -0.047344 0.016628 -0.106151
v -0.022859 0.044782 -0.114129
v -0.024459 0.042998 -0.112546
v -0.037357 0.008866 -0.094257
v -0.011485 0.038473 -0.102138
v -0.006325 0.042347 -0.104271
v -0.004339 0.043934 -0.105486
v -0.033491 0.011822 -0.094219
v -0.024194 0.025556 -0.097455
v -0.04328 0.002267 -0.092852
v -0.00204 0.045518 -0.106931
v -0.035011 0.033791 -0.108483
v -0.026803 0.021873 -0.09653
v -0.032569 0.014837 -0.095407
v -0.019756 0.0467 -0.114987
v -0.00789 0.041343 -0.10367
v -0.016925 0.048552 -0.116259
v -0.017015 0.033456 -0.099947
v -0.039388 0.005267 -0.092834
v -0.020495 0.028497 -0.097879
v -0.035589 0.00988 -0.094033
v -0.013247 0.050297 -0.11725
v -0.003368 0.054542 -0.124913
v -0.011532 0.036441 -0.100683
v -0.03351 0.034686 -0.108244
v -0.009445 0.052416 -0.120124
v -0.041482 0.002765 -0.092042
v -0.007962 0.039361 -0.102119
v -0.016098 0.031396 -0.098402
v -0.031942 0.035632 -0.108143
v -0.028958 0.014258 -0.093673
v -0.037533 0.005989 -0.092411
v -0.013604 0.033921 -0.099427
v -0.023895 0.022277 -0.09571
v -0.025087 0.041268 -0.110566
v 0.000507 0.045376 -0.106716
v -0.035486 0.031855 -0.107002
v -0.051073 0.008343 -0.105217
v -0.007037 0.053195 -0.121189
v -0.000351 0.044001 -0.105295
v -0.003891 0.054116 -0.123174
v -0.020416 0.025991 -0.096497
v -0.042279 0.034787 -0.122325
v -0.005382 0.040632 -0.102727
v -0.017321 0.047235 -0.114176
v -0.044538 0.031861 -0.121734
v -0.002716 0.043018 -0.104481
v -0.047849 0.013074 -0.10424
v -0.035382 0.007538 -0.092467
v -0.043317 0.033068 -0.120534
v -0.038639 0.003586 -0.091083
v -0.018778 0.045547 -0.11247
v -0.017072 0.028862 -0.097166
v -0.048243 0.025716 -0.119761
v -0.045479 0.030034 -0.119946
v -0.000596 0.043248 -0.104602
v -0.031383 0.011082 -0.092953
v -0.003406 0.041503 -0.103233
v -0.045458 0.017565 -0.104836
v -0.013681 0.049169 -0.115263
v -0.041465 0.03512 -0.120264
v -0.03999 0.001446 -0.089933
v -0.03368 0.032822 -0.106558
v -0.033361 0.00855 -0.092262
v -0.026623 0.015793 -0.093576
v -0.047145 0.027279 -0.119125
v -0.026652 0.039401 -0.109169
v -0.008005 0.036617 -0.100217
v -0.028211 0.037285 -0.107658
v -0.052403 0.003073 -0.104312
v -0.053024 0.001753 -0.104828
v -0.020339 0.022758 -0.094845
v -0.049994 0.022118 -0.118652
v -0.004763 0.053332 -0.12071
v -0.038614 0.038067 -0.120534
v -0.004501 0.038764 -0.101265
v -0.01011 0.051277 -0.117611
v -0.000814 0.054682 -0.12509
v -0.001026 0.041365 -0.102986
v -0.035356 0.005302 -0.090874
v -0.032461 0.043683 -0.122989
v -0.009029 0.034299 -0.098856
v -0.002228 0.040215 -0.102143
v -0.046104 0.02852 -0.118305
v -0.044262 0.031139 -0.118509
v -0.028714 0.01049 -0.091618
v -0.046398 0.014543 -0.103753
v -0.048645 0.024212 -0.117716
v -0.011527 0.031708 -0.097661
v -0.016976 0.025265 -0.095202
v -0.00762 0.052359 -0.119067
v -0.030302 0.045406 -0.124124
v -0.051653 0.004025 -0.103519
v -0.013523 0.029163 -0.096546
v -0.02346 0.014424 -0.09186
v 0.001326 0.041706 -0.10327
v -0.037786 0.001821 -0.089106
v -0.001194 0.054214 -0.123011
v -0.005383 0.035677 -0.099316
v -0.042777 0.033174 -0.119036
v -0.031986 0.033283 -0.105902
v -0.03314 0.042561 -0.120916
v -0.03768 0.038365 -0.119042
v -0.030134 0.008043 -0.09069
v -0.049978 0.004972 -0.101629
v -0.014082 0.047845 -0.113189
v 0.001486 0.054609 -0.124772
v -0.029492 0.035646 -0.106689
v -0.035444 0.003845 -0.08977
v -0.05101 0.019671 -0.117862
v -0.039237 0.036833 -0.118762
v -0.030854 0.044457 -0.122126
v -0.0212 0.043265 -0.110806
v -0.047367 0.025878 -0.116731
v -0.042806 0.018029 -0.102838
v -0.044542 0.030166 -0.117142
v -0.002229 0.053486 -0.120597
v -0.032315 0.006172 -0.090269
v -0.000998 0.038325 -0.100776
v 0.000758 0.03956 -0.101621
v -0.022533 0.04124 -0.109008
v -0.026401 0.011871 -0.091543
v -0.035926 0.002138 -0.088533
v -0.008096 0.051503 -0.117186
v -0.002954 0.036887 -0.099926
v -0.050846 0.004663 -0.102645
v -0.05173 0.017524 -0.116778
v -0.013166 0.025805 -0.094645
v -0.033031 0.030873 -0.104544
v -0.010677 0.049935 -0.115092
v -0.044696 0.01607 -0.103185
v -0.046088 0.027688 -0.116487
v -0.032379 0.004687 -0.089222
v -0.005204 0.052562 -0.118695
v -0.007862 0.030785 -0.096599
v -0.019516 0.013847 -0.09041
v -0.048877 0.006694 -0.10137
v -0.034375 0.040839 -0.118713
v -0.009866 0.029317 -0.096019
v -0.044909 0.028757 -0.115394
v 0.001875 0.037789 -0.100453
v -0.035519 0.027788 -0.103874
v -0.046463 0.010682 -0.101417
v -0.033232 0.002092 -0.087427
v -0.051811 0.001825 -0.102355
v -0.052662 0.014605 -0.115762
v -0.031389 0.043297 -0.119854
v -0.018441 0.020477 -0.09323
v -0.029529 0.033774 -0.104973
v -0.043533 0.030426 -0.115179
v -0.014309 0.022954 -0.093429
v -0.023833 0.038756 -0.106842
v -0.032518 0.003299 -0.088188
v -0.039745 0.021831 -0.102907
v -0.036918 0.038166 -0.117111
v -0.014973 0.019843 -0.092062
v -0.002647 0.033113 -0.097584
v -0.025426 0.00886 -0.089563
v -0.017871 0.044873 -0.110973
v -0.027391 0.006808 -0.088962
v -0.014402 0.046588 -0.111453
v -0.047777 0.008156 -0.101098
v -0.005317 0.030539 -0.09622
v -0.005639 0.051725 -0.116821
v -0.039221 0.035782 -0.116391
v -0.046923 0.025657 -0.115097
v 0.000842 0.053715 -0.121201
v 0.001019 0.054168 -0.122823
v -0.010297 0.025604 -0.094047
v -0.008667 0.050163 -0.114661
v -0.02325 0.010281 -0.089679
v -0.022815 0.049189 -0.123524
v -0.036382 0.025335 -0.102831
v -0.027268 0.005237 -0.087886
v -0.017162 0.043775 -0.109152
v -0.05103 0.002189 -0.101248
v -0.041246 0.017876 -0.101614
v -0.032337 0.041689 -0.117523
v -0.045688 0.026887 -0.114133
v -0.032967 0.02866 -0.102947
v -0.020515 0.012432 -0.09
v 0.000635 0.033692 -0.09789
v -0.053141 0.012474 -0.114499
v -0.007749 0.025626 -0.093711
v -0.051577 0.016435 -0.11418
v -0.014636 0.045459 -0.110015
v -0.037311 0.022833 -0.101906
v -0.002679 0.052631 -0.118329
v -0.011238 0.048254 -0.112455
v -0.027197 0.003905 -0.086911
v -0.034848 0.039472 -0.116519
v -0.010951 0.020624 -0.091621
v -0.016179 0.01301 -0.089158
v -0.037975 0.036234 -0.115131
v -0.019659 0.041972 -0.108313
v -0.027229 0.002747 -0.086036
v -0.000948 0.030094 -0.095768
v -0.003338 0.028105 -0.094711
v -0.000512 0.052812 -0.118599
v -0.049119 0.004671 -0.100307
v -0.02428 0.047672 -0.121177
v -0.042586 0.030623 -0.113706
v -0.006008 0.050886 -0.115189
v -0.029716 0.031545 -0.103297
v -0.023036 0.006463 -0.08741
v -0.039612 0.01884 -0.101087
v -0.004173 0.025514 -0.093326
v -0.040914 0.032987 -0.114489
v -0.027293 0.001417 -0.084955
v -0.03419 0.025972 -0.101939
v -0.017304 0.051676 -0.124637
v -0.052232 0.013935 -0.112872
v -0.020356 0.008727 -0.088015
v -0.019666 0.050663 -0.124069
v -0.039315 0.034139 -0.113755
v -0.003124 0.051783 -0.116421
v -0.044182 0.027933 -0.112714
v -0.020058 0.03997 -0.106293
v -0.047766 0.005574 -0.099397
v -0.007235 0.020887 -0.091205
v -0.006383 0.050016 -0.113677
v -0.017868 0.008974 -0.087531
v -0.009234 0.048481 -0.112025
v -0.004955 0.023111 -0.092114
v -0.035931 0.037996 -0.115262
v -0.001013 0.025556 -0.09323
v -0.023157 0.003472 -0.085433
v -0.013597 0.012279 -0.088239
v -0.011842 0.01286 -0.088157
v -0.040999 0.031622 -0.112607
v -0.019233 0.00625 -0.086283
v -0.015893 0.008905 -0.087044
v -0.007511 0.01713 -0.089411
v -0.000948 0.051767 -0.116185
v -0.009505 0.015895 -0.08914
v -0.014264 0.009509 -0.08702
v -0.017238 0.042409 -0.1076
v -0.023248 0.001189 -0.083679
v -0.020263 0.038771 -0.105198
v -0.019225 0.004036 -0.084866
v -0.002912 0.020617 -0.090705
v -0.004369 0.018318 -0.089655
v 0.001683 0.052125 -0.116991
v -0.000645 0.020629 -0.090642
v -0.00526 0.015608 -0.088441
v -0.014801 0.004744 -0.084453
v -0.019268 0.002032 -0.083446
v -0.014238 0.006585 -0.085451
v -0.009375 0.010739 -0.086761
v 0.000626 0.024222 -0.092511
v -0.010189 0.008565 -0.08584
v -0.015786 0.003309 -0.083704
v -0.001691 0.017084 -0.088918
v -0.015786 0.001191 -0.082177
v 0.000136 0.017032 -0.088865
v -0.017235 -0.107358 0.043
v -0.011406 -0.107403 0.044869
v -0.013734 -0.107409 0.044211
v -0.009142 -0.107395 0.045388
v -0.004598 -0.107315 0.046109
v -0.006313 -0.107294 0.045914
v -0.002527 -0.107321 0.046262
v -0.03648 -0.107746 0.02817
v -0.037623 -0.107364 0.027027
v -0.037723 -0.107642 0.026609
v -0.036014 -0.107386 0.029106
v -0.046216 -0.107344 0.003449
v -0.045948 -0.107369 0.00595
v -0.045603 -0.107367 0.008217
v -0.045106 -0.107335 0.010667
v -0.044434 -0.107372 0.013131
v -0.038702 -0.108017 0.024655
v -0.039067 -0.107674 0.024561
v -0.043642 -0.107372 0.015557
v -0.046308 -0.107378 0.001205
v -0.039947 -0.107507 0.023316
v -0.042836 -0.107514 0.017459
v -0.042071 -0.107357 0.019412
v -0.041004 -0.107467 0.021454
v -0.03915 -0.107336 0.024777
v 0.000183 -0.107387 0.046303
v -0.03436 -0.107387 0.031039
v -0.032622 -0.107387 0.032857
v -0.030747 -0.107537 0.034518
v -0.028812 -0.107537 0.036147
v -0.026301 -0.107377 0.038116
v -0.022888 -0.10748 0.040205
v -0.020124 -0.107318 0.041739
v -0.051237 0.02005 -0.192
v -0.000467 -0.055011 -0.192
v -0.005348 -0.054756 -0.192
v -0.049562 0.023857 -0.192
v -0.009944 -0.0541 -0.192
v -0.047682 0.027448 -0.192
v -0.014971 -0.05294 -0.192
v -0.04552 0.030878 -0.192
v -0.042894 0.034469 -0.192
v -0.019898 -0.051268 -0.192
v -0.038946 0.038868 -0.192
v -0.024411 -0.049284 -0.192
v -0.035329 0.042168 -0.192
v -0.0285 -0.047015 -0.192
v -0.031467 0.045135 -0.192
v -0.031975 -0.044726 -0.192
v -0.035809 -0.041724 -0.192
v -0.025982 0.048519 -0.192
v -0.039334 -0.038404 -0.192
v -0.019634 0.051415 -0.192
v -0.041855 -0.035632 -0.192
v -0.044648 -0.032095 -0.192
v -0.0137 0.053288 -0.192
v -0.00964 0.054155 -0.192
v -0.048041 -0.02679 -0.192
v -0.00522 0.054775 -0.192
v -0.051106 -0.020362 -0.192
v -0.05314 -0.014224 -0.192
v -0.054182 -0.009477 -0.192
v -0.054798 -0.0049 -0.192
v -0.054996 -0.000947 -0.192
v -0.054482 0.007657 -0.192
v -0.053739 0.011737 -0.192
v 0.045446 -0.002893 -0.192
v 0.019706 -0.051335 -0.192
v 0.016241 -0.052547 -0.192
v 0.052312 -0.016959 -0.192
v 0.050134 -0.022646 -0.192
v 0.045701 -0.003172 -0.192
v 0.023575 -0.049688 -0.192
v 0.047256 -0.028115 -0.192
v 0.028413 -0.047083 -0.192
v 0.027812 0.047467 -0.192
v 0.045435 0.002879 -0.192
v 0.023181 0.049893 -0.192
v 0.018287 0.051893 -0.192
v 0.013334 0.053377 -0.192
v 0.008582 0.054339 -0.192
v 0.00359 0.054906 -0.192
v 0.044093 -0.032853 -0.192
v 0.033149 -0.043874 -0.192
v 0.040529 -0.037153 -0.192
v 0.03708 -0.040587 -0.192
v 0.053921 0.010927 -0.192
v 0.045707 0.003175 -0.192
v 0.05248 0.016527 -0.192
v 0.049679 0.003474 -0.192
v 0.054393 0.008157 -0.191999
v 0.050561 0.021705 -0.192
v 0.048002 0.026882 -0.192
v 0.054678 0.00599 -0.191999
v 0.054972 0.001957 -0.192
v 0.049823 -0.000197 -0.192
v 0.044959 0.031711 -0.192
v 0.042429 0.035005 -0.192
v 0.054945 -0.002573 -0.192
v 0.004493 -0.054836 -0.192
v 0.049679 -0.003474 -0.192
v 0.054748 -0.005265 -0.192
v 0.054376 -0.008253 -0.192
v 0.010686 -0.053984 -0.192
v 0.053869 -0.011073 -0.192
v 0.039913 0.037859 -0.192
v 0.036466 0.041198 -0.192
v 0.053099 -0.014296 -0.192
v 0.032425 0.04445 -0.192
v 0.045832 -0.0005 -0.030413
v 0.037161 -0.0005 -0.04057
v 0.031853 -0.000503 -0.044828
v 0.044247 -0.0005 -0.032676
v 0.040045 -0.0005 -0.037712
v 0.007634 -0.0005 -0.054478
v 0.003772 -0.000503 -0.054876
v 0.054607 -0.0005 -0.006608
v 0.054931 -0.0005 -0.002975
v 0.054165 -0.0005 -0.00957
v 0.010999 -0.0005 -0.053894
v 0.053647 -0.0005 -0.012147
v 0.053062 -0.0005 -0.014482
v 0.052156 -0.0005 -0.017474
v 0.013831 -0.0005 -0.053239
v 0.019392 -0.0005 -0.051474
v 0.016671 -0.0005 -0.052419
v 0.051152 -0.0005 -0.020225
v 0.022047 -0.0005 -0.050394
v 0.027011 -0.0005 -0.047917
v 0.024545 -0.0005 -0.049224
v 0.029543 -0.0005 -0.046399
v 0.050044 -0.0005 -0.022828
v 0.047387 -0.0005 -0.027929
v 0.048815 -0.0005 -0.025351
v 0.034064 -0.000502 -0.043185
v 0.042338 -0.0005 -0.03512
v 0.045656 0.030675 -0.180404
v 0.046857 0.028804 -0.180996
v 0.054245 0.009114 -0.18102
v 0.053789 0.011492 -0.183243
v 0.049665 0.023635 -0.182459
v 0.04855 0.025856 -0.180684
v 0.054156 -0.009581 -0.188227
v 0.050475 0.02186 -0.182287
v 0.051337 0.019745 -0.182253
v 0.05248 0.016472 -0.182766
v 0.053564 -0.012459 -0.186119
v 0.053032 0.014589 -0.180928
v 0.053467 0.012898 -0.177622
v 0.052447 -0.016566 -0.179006
v 0.051566 -0.019085 -0.184726
v 0.054983 -0.001469 -0.182578
v 0.054994 -0.000997 -0.187002
v 0.054387 -0.008233 -0.180585
v 0.054644 -0.006236 -0.187427
v 0.053788 -0.011481 -0.182641
v 0.053269 -0.013695 -0.179764
v 0.050596 -0.021521 -0.184166
v 0.049584 -0.023768 -0.182688
v 0.048108 -0.026608 -0.183926
v 0.047166 -0.028241 -0.184141
v 0.045604 -0.030704 -0.184272
v 0.044119 -0.032791 -0.184469
v 0.042304 -0.035105 -0.184624
v 0.040457 -0.037224 -0.18308
v 0.039386 -0.03835 -0.183856
v 0.037771 -0.039941 -0.183482
v 0.036273 -0.041309 -0.183591
v 0.034721 -0.042621 -0.183278
v 0.033318 -0.043734 -0.182542
v 0.031038 -0.045385 -0.182357
v 0.027773 -0.047445 -0.185101
v 0.025087 -0.048922 -0.185495
v 0.023487 -0.049718 -0.182511
v 0.021672 -0.050535 -0.182631
v 0.019907 -0.05126 -0.182248
v 0.018207 -0.051896 -0.180292
v 0.016377 -0.0525 -0.180765
v 0.014729 -0.052986 -0.181717
v 0.012729 -0.053501 -0.182277
v 0.011203 -0.053845 -0.181957
v 0.00211 0.054964 -0.180596
v 0.009102 -0.05424 -0.181838
v 0.003814 0.054869 -0.175147
v 0.005802 0.054696 -0.18142
v 0.00701 -0.054551 -0.180957
v 0.005849 -0.054691 -0.177912
v 0.008791 0.054294 -0.175049
v 0.004225 -0.054839 -0.177847
v 0.00996 0.054092 -0.177066
v 0.002052 -0.054965 -0.180854
v 0.012071 0.053665 -0.181492
v 0.054992 0.000998 -0.187002
v 0.055 0 -0.189994
v 0.014714 0.052999 -0.182634
v 0.017531 0.052133 -0.180332
v 0.019692 0.05136 -0.183418
v 0.021426 0.050657 -0.177023
v 0.023585 0.049694 -0.180458
v 0.054849 0.004087 -0.183262
v 0.025902 0.048521 -0.183739
v 0.027604 0.047575 -0.179852
v 0.029554 0.046391 -0.180916
v 0.031147 0.045334 -0.182852
v 0.03232 0.044504 -0.175472
v 0.033683 0.043483 -0.180204
v 0.035503 0.042015 -0.182432
v 0.037704 0.040049 -0.182114
v 0.03956 0.038217 -0.182348
v 0.041642 0.035937 -0.181767
v 0.042822 0.034516 -0.180772
v 0.043938 0.033089 -0.184251
v 0.005904 -0.10682 0.046162
v 0.008323 -0.107333 0.045574
v 0.009104 -0.106842 0.045635
v 0.007925 -0.106388 0.045986
v 0.006035 -0.107386 0.045905
v 0.025152 -0.10752 0.038795
v 0.027339 -0.107363 0.037381
v 0.026548 -0.1068 0.038225
v 0.024721 -0.106832 0.03942
v 0.003509 -0.107368 0.046175
v 0.002465 -0.106808 0.046488
v 0.023833 -0.107369 0.039707
v 0.005349 -0.106507 0.046325
v 0.023489 -0.106772 0.040192
v 0.021353 -0.107388 0.041088
v 0.022093 -0.106783 0.04097
v 0.020541 -0.106771 0.041779
v 0.019133 -0.107369 0.04218
v 0.046235 -0.107372 0.003018
v 0.046322 -0.106898 0.004303
v 0.046451 -0.106896 0.002506
v 0.046046 -0.106927 0.00658
v 0.045681 -0.107364 0.007771
v 0.01126 -0.107357 0.044928
v 0.012943 -0.106775 0.044726
v 0.010868 -0.106702 0.045296
v 0.045429 -0.106968 0.009991
v 0.044633 -0.107365 0.012445
v 0.042922 -0.107281 0.017569
v 0.042248 -0.106835 0.019528
v 0.041938 -0.10735 0.019709
v 0.043597 -0.106609 0.016467
v 0.040774 -0.10736 0.021998
v 0.039849 -0.107364 0.02362
v 0.038958 -0.107096 0.02528
v 0.040269 -0.10694 0.023255
v 0.039286 -0.106643 0.025033
v 0.037837 -0.107426 0.026669
v 0.046513 -0.106902 0.000324
v 0.037851 -0.107108 0.026892
v 0.03638 -0.107377 0.028658
v 0.035295 -0.1074 0.029959
v 0.035762 -0.106846 0.029752
v 0.034071 -0.107395 0.031351
v 0.045932 -0.106776 0.007632
v 0.034666 -0.106849 0.031023
v 0.032778 -0.107404 0.032687
v 0.033264 -0.106887 0.0325
v 0.031468 -0.107416 0.033943
v 0.04477 -0.106784 0.012801
v 0.03176 -0.106836 0.033999
v 0.044123 -0.106811 0.01484
v 0.030012 -0.107411 0.035239
v 0.028711 -0.1074 0.03631
v 0.028495 -0.10682 0.036786
v 0.041063 -0.106806 0.021916
v 0.013398 -0.107339 0.044348
v 0.009806 -0.107474 0.045201
v 0.036779 -0.106668 0.028575
v 0.037948 -0.106649 0.027003
v 0.018384 -0.106705 0.042795
v 0.016031 -0.107357 0.043456
v 0.016257 -0.106734 0.043639
v 0.030202 -0.10678 0.03541
v 0.013973 -0.106432 0.044508
v 0.032872 -0.107579 -0.032489
v 0.032639 -0.107046 -0.033162
v 0.034038 -0.106992 -0.031751
v 0.045033 -0.107513 -0.010524
v 0.030991 -0.107533 -0.034337
v 0.03152 -0.106982 -0.034279
v 0.044562 -0.107576 -0.012222
v 0.029842 -0.106959 -0.03578
v 0.046386 -0.107192 -0.001543
v 0.042924 -0.107618 -0.017035
v 0.043853 -0.107243 -0.015108
v 0.043153 -0.106908 -0.017404
v 0.04245 -0.107403 -0.018479
v 0.042488 -0.106874 -0.018996
v 0.045451 -0.107025 -0.009668
v 0.045401 -0.106695 -0.010393
v 0.045755 -0.107039 -0.008103
v 0.045436 -0.107363 -0.009034
v 0.044779 -0.107141 -0.012275
v 0.044231 -0.107138 -0.014112
v 0.044406 -0.10658 -0.014184
v 0.041257 -0.107032 -0.021428
v 0.040303 -0.106904 -0.023277
v 0.041429 -0.106705 -0.021335
v 0.040018 -0.107529 -0.023155
v 0.038696 -0.107539 -0.025293
v 0.046492 -0.106797 -0.002184
v 0.037537 -0.107506 -0.027021
v 0.037372 -0.106929 -0.027758
v 0.036292 -0.107418 -0.028763
v 0.035871 -0.106916 -0.029701
v 0.045902 -0.107415 -0.006067
v 0.046292 -0.10691 -0.004533
v 0.046229 -0.107272 -0.003652
v 0.046002 -0.106561 -0.007446
v 0.034768 -0.107404 -0.030606
v 0.028381 -0.107127 -0.036854
v 0.026998 -0.107102 -0.037906
v 0.025401 -0.107093 -0.03901
v 0.022691 -0.10724 -0.040554
v 0.020953 -0.107214 -0.041511
v 0.015887 -0.107272 -0.043668
v 0.039467 -0.107418 -0.024198
v 0.039391 -0.106856 -0.024837
v 0.038469 -0.106916 -0.026206
v 0.003121 -0.10705 -0.04653
v 0.045526 -0.107727 -0.007345
v 0.040805 0.000667 -0.089677
v 0.042359 0.002192 -0.092134
v 0.040652 0.002675 -0.091459
v 0.042986 0.000463 -0.090967
v 0.054418 0.001528 -0.108828
v 0.054748 -0.000545 -0.109168
v 0.054897 0.00129 -0.111044
v 0.003808 0.042419 -0.104025
v 0.002673 0.044007 -0.10541
v 0.045586 0.020333 -0.107008
v 0.047532 0.017086 -0.106728
v 0.046946 0.019577 -0.10804
v 0.004353 0.041511 -0.103318
v 0.025058 0.041902 -0.111401
v 0.028797 0.040716 -0.112342
v 0.029469 0.041565 -0.114181
v 0.025532 0.042983 -0.113299
v 0.011104 0.051892 -0.119705
v 0.014695 0.051585 -0.121564
v 0.010506 0.052777 -0.121891
v 0.014129 0.029174 -0.096667
v 0.017965 0.032341 -0.099472
v 0.014099 0.032677 -0.098748
v 0.016933 0.030073 -0.097829
v 0.038422 0.001987 -0.089574
v 0.037856 0.003807 -0.09086
v 0.017854 0.027561 -0.096637
v 0.020022 0.029722 -0.098446
v 0.02288 0.021328 -0.094931
v 0.024832 0.023053 -0.096396
v 0.020263 0.024824 -0.095849
v 0.034763 0.006542 -0.091523
v 0.036507 0.008747 -0.093764
v 0.034971 0.010458 -0.094105
v 0.011489 0.031748 -0.097676
v 0.011855 0.035644 -0.100204
v 0.038735 0.005697 -0.092807
v 0.036792 0.006134 -0.092152
v 0.004025 0.038866 -0.101294
v 0.008199 0.037983 -0.101168
v 0.008083 0.039568 -0.102297
v 0.004042 0.040258 -0.102298
v 0.043897 0.021275 -0.105945
v 0.04389 0.023381 -0.107587
v 0.042432 0.023636 -0.1063
v 0.042106 0.025773 -0.107692
v 0.01591 0.049085 -0.116553
v 0.019336 0.047665 -0.116385
v 0.017886 0.049279 -0.11849
v 0.007552 0.053106 -0.121145
v 0.009854 0.053557 -0.124266
v 0.007251 0.053858 -0.123692
v 0.022346 0.027042 -0.097635
v 0.020656 0.045618 -0.113849
v 0.023338 0.045002 -0.114844
v 0.014304 0.050748 -0.119028
v 0.017146 0.050137 -0.11987
v 0.0352 0.03358 -0.10843
v 0.035915 0.034344 -0.109903
v 0.033983 0.035425 -0.10942
v 0.028839 0.039273 -0.110389
v 0.030637 0.039685 -0.112301
v 0.019364 0.021215 -0.093826
v 0.032469 0.006931 -0.090856
v 0.03258 0.010686 -0.093216
v 0.045392 0.018617 -0.105504
v 0.029409 0.012402 -0.092892
v 0.031646 0.014902 -0.095042
v 0.027867 0.016206 -0.094221
v 0.029394 0.010084 -0.091629
v 0.050076 0.010282 -0.105035
v 0.050771 0.010674 -0.106324
v 0.050686 0.012818 -0.107855
v 0.025007 0.014107 -0.092205
v 0.049539 0.013822 -0.106836
v 0.048303 0.014279 -0.105575
v 0.003994 0.054103 -0.123133
v 0.006634 0.05451 -0.126378
v 0.004271 0.054735 -0.126265
v 0.034839 0.004392 -0.089956
v 0.053858 0.000471 -0.106256
v 0.053723 0.003438 -0.107564
v 0.054315 -0.000543 -0.107206
v 0.039576 2E-06 -0.088267
v 0.005105 0.03596 -0.099478
v 0.008035 0.035801 -0.09968
v 0.016714 0.024034 -0.094516
v 0.011745 0.050764 -0.117337
v 0.009046 0.031825 -0.097356
v 0.022176 0.043821 -0.112199
v 0.035947 0.002385 -0.088762
v 0.033519 0.03384 -0.107398
v 0.030189 0.03675 -0.10825
v 0.031855 0.036884 -0.109524
v 0.046866 0.016026 -0.105195
v 0.048932 0.011419 -0.10436
v 0.01609 0.048102 -0.114843
v 0.035604 0.031377 -0.10666
v 0.037188 0.029805 -0.106569
v 0.036979 0.031909 -0.108307
v 0.041533 0.023316 -0.105241
v 0.039782 0.026953 -0.106436
v 0.029298 0.007371 -0.089983
v 0.037124 0.000475 -0.087496
v 0.033047 0.004196 -0.089105
v 0.053137 0.001214 -0.104767
v 0.052811 0.005998 -0.106881
v 0.00598 0.031867 -0.097042
v 0.013823 0.024233 -0.093966
v 0.020595 0.014514 -0.091035
v 0.025589 0.010745 -0.090665
v 0.008261 0.052185 -0.118896
v 0.011272 0.026811 -0.094845
v 0.051169 0.008335 -0.105362
v 0.032345 0.0355 -0.108283
v 0.00293 0.033747 -0.097982
v 0.033599 0.001692 -0.087216
v 0.044363 0.017802 -0.103987
v 0.034469 0.000239 -0.086164
v 0.016338 0.047151 -0.113403
v 0.046032 0.014942 -0.10366
v 0.047621 0.012545 -0.103675
v 0.052541 0.002679 -0.104346
v 0.023592 0.041215 -0.109591
v 0.029383 0.005219 -0.088574
v 0.039112 0.02526 -0.104655
v 0.016283 0.019423 -0.092182
v 0.007898 0.026864 -0.094392
v 0.025339 0.007929 -0.088995
v 0.018703 0.045019 -0.111658
v 0.022289 0.01202 -0.090305
v 0.025968 0.038704 -0.10795
v 0.051702 0.003623 -0.103356
v 0.052152 0.007139 -0.106272
v 0.00892 0.051148 -0.116736
v 0.03065 0.034699 -0.106413
v 0.031904 0.003035 -0.087777
v 0.043047 0.018595 -0.103382
v 0.003399 0.053382 -0.120499
v 0.005476 0.053296 -0.120849
v 0.050724 0.004582 -0.102409
v 0.013391 0.019335 -0.091478
v 0.027764 0.003425 -0.086736
v 0.032219 0.032899 -0.105712
v 0.033181 0.031097 -0.104808
v 0.034354 0.032402 -0.106656
v 0.002038 0.029406 -0.095393
v 0.010918 0.021811 -0.092206
v 0.035346 0.029268 -0.104804
v 0.037495 0.028044 -0.105423
v 0.025213 0.005704 -0.087557
v 0.004409 0.027018 -0.094164
v 0.018825 0.012487 -0.089566
v 0.04636 0.029104 -0.121019
v 0.047227 0.028156 -0.122458
v 0.044943 0.03163 -0.123027
v 0.022176 0.008341 -0.088288
v 0.03994 0.022726 -0.103588
v 0.039048 0.038373 -0.12302
v 0.039533 0.038174 -0.124459
v 0.036291 0.041328 -0.125411
v 0.042464 0.034525 -0.122057
v 0.043438 0.033727 -0.123915
v 0.041057 0.036497 -0.12396
v 0.036943 0.040307 -0.123119
v 0.034803 0.042513 -0.12525
v 0.028269 0.001402 -0.085236
v 0.044839 0.031341 -0.121305
v 0.047517 0.027008 -0.119992
v 0.048616 0.025675 -0.121762
v 0.04093 0.036133 -0.121714
v 0.01916 0.042951 -0.10921
v 0.026554 0.036683 -0.106119
v 0.035552 0.041462 -0.123156
v 0.049052 0.024164 -0.119346
v 0.049363 0.024101 -0.120896
v 0.007566 0.021853 -0.091724
v 0.049823 0.00595 -0.102044
v 0.042012 0.018526 -0.10254
v 0.01026 0.049559 -0.114212
v 0.013004 0.049393 -0.1153
v 0.015952 0.012652 -0.088935
v 0.033752 0.043044 -0.124001
v 0.031147 0.045243 -0.125618
v 0.029663 -0.000767 -0.083614
v 0.039852 0.036983 -0.120816
v 0.045908 0.029055 -0.118902
v 0.044929 0.012494 -0.10121
v 0.018769 0.008676 -0.087576
v 0.043505 0.032545 -0.119708
v 0.012812 0.048054 -0.112858
v 0.051919 0.000376 -0.101495
v 0.022896 0.005449 -0.086725
v 0.04205 0.034351 -0.119926
v 0.026902 -8.3E-05 -0.083501
v 0.015702 0.046386 -0.111869
v 0.005247 0.052501 -0.118535
v 0.050406 0.021826 -0.120126
v 0.047631 0.026266 -0.118519
v 0.044632 0.030854 -0.119016
v 0.02301 0.03953 -0.107262
v 0.039456 0.021057 -0.102244
v 0.048807 0.006614 -0.10123
v 0.010675 0.01734 -0.090013
v 0.013122 0.012451 -0.088219
v 0.02374 0.002772 -0.085057
v 0.034634 0.027609 -0.1032
v 0.046198 0.00882 -0.100025
v 0.037117 0.024082 -0.102524
v 0.037051 0.026407 -0.103949
v 0.033882 0.042355 -0.121845
v 0.036236 0.040348 -0.121186
v 0.004611 0.021896 -0.09146
v 0.03025 0.032953 -0.104651
v 0.028003 0.047192 -0.12567
v 0.030874 0.044987 -0.123882
v 0.038429 0.03836 -0.120909
v 0.002564 0.024324 -0.092611
v 0.050582 0.020397 -0.117403
v 0.051391 0.019379 -0.119261
v 0.040637 0.035549 -0.119034
v 0.001782 0.052894 -0.118865
v 0.015263 0.045144 -0.109918
v 0.020095 0.005713 -0.086167
v 0.043786 0.012582 -0.100367
v 0.023987 0.00136 -0.084001
v 0.021132 0.003334 -0.084809
v 0.019775 0.041146 -0.107428
v 0.047523 0.006532 -0.099807
v 0.051692 0.017501 -0.116522
v 0.052331 0.016592 -0.117998
v 0.049857 0.021358 -0.116396
v 0.008054 0.01637 -0.089133
v 0.043802 0.031076 -0.117023
v 0.04835 0.024271 -0.116745
v 0.015677 0.008942 -0.087022
v 0.03842 0.037835 -0.119374
v 0.049613 0.003275 -0.099964
v 0.031961 0.029791 -0.103183
v 0.045414 0.02874 -0.116636
v 0.05075 0.001029 -0.099943
v 0.01695 0.005954 -0.085609
v 0.040896 0.034543 -0.117301
v 0.026184 0.047584 -0.123584
v 0.024866 0.048958 -0.126097
v 0.046751 0.026632 -0.116353
v 0.028394 0.046052 -0.122521
v 0.031707 0.043676 -0.121385
v 0.010231 0.009883 -0.086498
v 0.005148 0.018028 -0.089576
v 0.042673 0.032819 -0.117856
v 0.013036 0.046324 -0.110429
v 0.036944 0.039252 -0.119745
v 0.035361 0.040302 -0.119177
v 0.039314 0.036334 -0.117764
v 0.01278 0.009144 -0.086558
v 0.002086 0.019116 -0.089916
v 0.026373 0.034691 -0.104208
v 0.010354 0.048093 -0.111833
v 0.04111 0.016989 -0.101019
v 0.023031 0.037971 -0.105665
v 0.02056 0.001436 -0.08326
v 0.021851 -0.000495 -0.081899
v 0.005546 0.051793 -0.116944
v 0.015866 0.04347 -0.108157
v 0.048585 0.00387 -0.099117
v 0.016759 0.003285 -0.083854
v 0.019547 -0.000468 -0.081468
v 0.028291 0.032605 -0.103421
v 0.005905 0.014211 -0.087868
v 0.033647 0.041528 -0.119151
v 0.032207 0.027905 -0.102072
v 0.042155 0.032783 -0.116509
v 0.034766 0.024467 -0.101377
v 0.039487 0.01732 -0.100173
v 0.029595 0.03049 -0.102492
v 0.012681 0.006216 -0.084991
v 0.016663 0.001514 -0.082564
v 0.019304 0.039971 -0.105959
v 0.015625 0.004689 -0.084576
v 0.003525 0.01355 -0.087345
v 0.023232 0.036606 -0.104477
v 0.037617 0.020949 -0.101034
v 0.051058 0.017882 -0.114636
v 0.006801 0.00918 -0.085698
v 0.037467 0.037822 -0.117361
v 0.002236 0.051181 -0.115075
v 0.005992 0.051058 -0.11551
v 0.049333 0.021338 -0.114649
v 0.053048 0.013283 -0.115422
v 0.05314 0.013926 -0.117225
v 0.016745 0.000349 -0.081659
v 0.001623 0.014828 -0.087844
v 0.044677 0.028879 -0.115082
v 0.004339 0.05022 -0.113584
v 0.007695 0.050126 -0.114257
v 0.009958 0.006266 -0.084633
v 0.012666 0.003923 -0.083613
v 0.042969 0.031091 -0.115158
v 0.053894 0.01065 -0.115821
v 0.042246 0.01038 -0.097984
v 0.041344 0.033047 -0.115354
v 0.052387 0.01458 -0.114455
v 0.035162 0.02134 -0.099885
v 0.010377 0.046324 -0.109381
v 0.044756 0.008601 -0.098666
v 0.012812 0.044942 -0.108579
v 0.029652 0.044125 -0.119349
v 0.032098 0.042131 -0.11815
v 0.028781 0.045211 -0.12079
v 0.019734 0.038543 -0.104765
v 0.011497 0.002256 -0.082342
v 0.048285 0.022333 -0.11337
v 0.047759 0.023992 -0.114532
v 0.034078 0.040229 -0.116922
v 0.043235 0.029989 -0.113919
v 0.037231 0.018143 -0.099319
v 0.006574 0.006312 -0.084287
v 0.003409 0.007446 -0.084627
v 0.050098 0.019112 -0.113467
v 0.009884 0.00396 -0.083288
v 0.038081 0.03591 -0.114712
v 0.039441 0.035398 -0.116082
v 0.045818 0.005946 -0.097768
v 0.025177 0.0473 -0.121323
v 0.023715 0.048933 -0.124037
v 0.049636 0.000227 -0.097612
v 0.008585 0.047875 -0.110915
v 0.031819 0.025735 -0.100595
v 0.011567 0.000591 -0.081118
v 0.039801 0.034193 -0.114604
v 0.020826 0.050394 -0.124713
v 0.0215 0.050515 -0.126226
v 0.018496 0.051688 -0.126255
v 0.026603 0.031258 -0.101697
v 0.029631 0.028238 -0.101056
v 0.01601 0.041384 -0.105989
v 0.004668 0.049269 -0.112073
v 0.007939 0.049109 -0.112598
v 0.041488 0.031873 -0.113702
v 0.023359 0.03502 -0.103186
v 0.052079 0.014259 -0.112756
v 0.053565 0.011092 -0.114553
v 0.006476 0.003997 -0.082987
v 0.019908 0.037173 -0.103619
v 0.043738 0.008295 -0.097701
v 0.001575 0.007656 -0.084654
v 0.040552 0.010954 -0.097267
v 0.053035 0.011899 -0.113161
v 0.047578 0.002993 -0.097318
v 0.006489 0.001812 -0.081575
v 0.00297 0.005516 -0.083635
v 0.013384 0.043394 -0.107042
v 0.017437 0.05174 -0.125047
v 0.033107 0.022578 -0.099511
v 0.048622 2.3E-05 -0.096103
v 0.051236 0.01604 -0.11251
v 0.006347 -0.000345 -0.07992
v 0.026828 0.045208 -0.11835
v 0.006106 0.047748 -0.110122
v 0.003182 0.00179 -0.081386
v 0.024807 0.033199 -0.102354
v 0.036073 0.038256 -0.115941
v 0.038372 0.013975 -0.097729
v 0.015003 0.052814 -0.126377
v 0.01795 0.050818 -0.122511
v 0.010846 0.044015 -0.106846
v 0.002953 -0.00016 -0.079916
v 0.046194 0.002939 -0.095879
v 0.05392 0.008588 -0.11283
v 0.054523 0.006762 -0.113999
v 0.046765 0.024281 -0.112704
v 0.026626 0.028735 -0.100099
v 0.029483 0.025848 -0.099615
v 0.050453 0.016907 -0.111497
v 0.021173 0.049748 -0.123074
v 0.020616 0.03476 -0.101945
v 0.046191 0.026417 -0.11455
v 0.034348 0.038361 -0.113866
v 0.045081 0.026937 -0.112991
v 0.021343 0.049091 -0.121404
v 0.043948 0.027629 -0.111929
v 0.049136 0.019951 -0.112169
v 0.048334 0.020596 -0.111266
v 0.004154 0.047835 -0.10992
v 0.029098 0.04366 -0.117644
v 0.036361 0.036888 -0.113942
v 0.032525 0.040448 -0.115361
v 0.022221 0.048162 -0.120042
v 0.041553 0.030862 -0.112395
v 0.030379 0.042211 -0.11621
v 0.051533 0.013908 -0.110723
v 0.024228 0.04688 -0.119227
v 0.045963 0.023992 -0.110924
v 0.04258 0.028368 -0.110798
v 0.015587 0.039049 -0.103704
v 0.044575 0.025044 -0.10997
v 0.022586 0.047068 -0.118001
v 0.047201 0.021912 -0.110684
v 0.032319 0.03931 -0.113235
v 0.051018 0.014357 -0.109949
v 0.013859 0.041781 -0.105589
v 0.049402 0.017982 -0.110428
v 0.047983 0.019284 -0.109256
v 0.008182 0.046763 -0.109305
v 0.046185 0.0221 -0.109305
v 0.040642 0.030342 -0.110536
v 0.052325 0.011631 -0.110375
v 0.051757 0.011791 -0.109103
v 0.049722 0.015934 -0.108933
v 0.045354 0.022295 -0.108372
v 0.054348 0.003959 -0.110111
v 0.054807 0.003615 -0.112362
v 0.054362 0.005907 -0.112019
v 0.022462 0.031752 -0.100468
v 0.042283 0.027098 -0.109096
v 0.040623 0.028702 -0.108802
v 0.039442 0.032146 -0.111198
v 0.038363 0.031792 -0.109541
v 0.052995 0.008569 -0.109285
v 0.053229 0.009871 -0.111368
v 0.053874 0.006798 -0.110623
v 0.039282 0.033492 -0.112775
v 0.032993 0.01918 -0.097746
v 0.053748 0.005354 -0.108941
v 0.052141 0.009723 -0.108139
v 0.048712 0.016277 -0.107647
v 0.035727 0.036154 -0.112048
v 0.034399 0.036615 -0.111307
v 0.047644 0.000365 -0.095204
v 0.038999 0.029447 -0.107856
v 0.032708 0.037351 -0.110766
v 0.053209 0.006158 -0.107958
v 0.014023 0.052531 -0.124067
v 0.043567 0.025626 -0.109232
v 0.051629 0.010379 -0.107589
v 0.043682 0.005395 -0.095651
v 0.030087 0.022403 -0.098065
v 0.044777 0.003939 -0.09541
v 0.035355 0.014986 -0.096741
v 0.014048 0.040369 -0.104366
v 0.0422 0.007299 -0.095965
v 0.00543 0.046229 -0.108083
v 0.001974 0.047815 -0.109685
v 0.037433 0.034987 -0.112432
v 0.00893 0.0452 -0.107618
v 0.026453 0.026324 -0.098664
v 0.01696 0.036628 -0.102183
v 0.007636 0.044274 -0.106325
v 0.010944 0.042182 -0.105075
v 0.008725 0.041656 -0.104092
v 0.013909 0.037823 -0.10224
v 0.014569 0.035355 -0.100607
v 0.017818 0.034322 -0.100752
v 0.011505 0.039994 -0.103337
v 0.01136 0.038358 -0.102033
v 0.03789 0.01071 -0.09563
v 0.03973 0.008016 -0.094942
v 0.027112 0.043733 -0.115795
v 0.012495 0.053456 -0.126325
v 0.023389 0.029315 -0.099271
v 0.046455 7.3E-05 -0.093666
v 0.042236 0.004775 -0.094174
v 0.044889 0.001277 -0.093281
v 0.043607 0.002864 -0.093618
v 0.037315 0.034027 -0.111005
v 0.027768 0.022582 -0.097234
v 0.002091 0.046234 -0.10774
v 0.004024 0.045186 -0.106742
v 0.008749 0.054226 -0.126487
v 0.040546 0.005249 -0.093481
v 0.022959 0.046122 -0.116498
v 0.005697 0.043723 -0.10545
v 0.00694 0.0414 -0.10356
v 0.043891 -0.000901 -0.090332
v 0.008229 -0.064905 0.054306
v 0.01097 -0.064888 0.053822
v 0.054916 -0.01555 -0.09695
v 0.054958 -0.007799 -0.105928
v 0.054911 -0.007856 -0.104436
v 0.054899 -0.013863 -0.097623
v 0.00405 -0.064906 0.054778
v 0.003242 0.054909 -0.127475
v 0.054878 -0.023281 -0.086678
v 0.054901 -0.021673 -0.087408
v 0.006286 0.054647 -0.127414
v 0.054911 -0.026619 -0.080224
v 0.054848 -0.030109 -0.076451
v 0.008799 0.054294 -0.127446
v 0.054907 -0.034556 -0.067416
v 0.011389 0.053813 -0.127405
v 0.054833 -0.03525 -0.067892
v 0.014728 0.053002 -0.127341
v 0.05483 -0.040339 -0.058305
v 0.01809 0.051946 -0.12729
v 0.054888 -0.042528 -0.051932
v 0.020133 0.051183 -0.127213
v 0.054836 -0.044365 -0.049823
v 0.022092 0.050373 -0.127126
v 0.054844 -0.047506 -0.042462
v 0.025097 0.048951 -0.127031
v 0.054912 -0.047382 -0.040429
v 0.028022 0.047332 -0.126836
v 0.054945 -0.051003 -0.03051
v 0.054864 -0.05187 -0.030837
v 0.030523 0.04576 -0.126593
v 0.032579 0.044316 -0.126511
v 0.034287 0.04301 -0.126255
v 0.054974 -0.054059 -0.020672
v 0.054894 -0.055244 -0.019941
v 0.054901 -0.056949 -0.013681
v 0.039473 0.038311 -0.125474
v 0.037437 0.0403 -0.125965
v 0.054997 -0.057749 -0.005692
v 0.054914 -0.058907 -0.005411
v 0.041464 0.036144 -0.125104
v 0.054926 -0.060147 0.001013
v 0.045386 0.031071 -0.123924
v 0.054254 -0.061427 0.00858
v 0.052378 -0.062495 0.016547
v 0.050429 0.021996 -0.121262
v 0.051544 -0.062792 0.018983
v 0.050412 -0.063241 0.021783
v 0.052228 0.017308 -0.119603
v 0.053449 0.013 -0.11784
v 0.046588 -0.063807 0.029096
v 0.045297 -0.063937 0.031068
v 0.054314 0.008771 -0.116051
v 0.041784 -0.064372 0.035629
v 0.039689 -0.064454 0.037962
v 0.054786 0.004897 -0.114139
v 0.055001 0.00123 -0.112332
v 0.032869 -0.064677 0.044017
v 0.030007 -0.064773 0.046001
v 0.026457 -0.064818 0.048132
v 0.054994 -0.001499 -0.110751
v 0.024086 -0.064846 0.049361
v 0.054914 -0.004382 -0.107502
v 0.021566 -0.064881 0.050513
v 0.018874 -0.064886 0.05158
v 0.016724 -0.00941 -0.065055
v 0.018711 -0.00909 -0.067021
v 0.008809 -0.009277 -0.064666
v 0.011196 -0.008944 -0.066613
v 0.053337 -0.03584 -0.024903
v 0.053945 -0.037381 -0.019967
v 0.054223 -0.042894 -0.021623
v 0.040895 -0.015289 -0.04945
v 0.042421 -0.016611 -0.049522
v 0.042155 -0.016477 -0.051304
v 0.054813 -0.051268 -0.018403
v 0.054909 -0.052023 -0.01138
v 0.054149 -0.040849 -0.048722
v 0.053507 -0.039659 -0.045011
v 0.054243 -0.042434 -0.045588
v 0.020177 -0.003711 -0.078162
v 0.014821 -0.005185 -0.075373
v 0.019456 -0.005321 -0.075815
v 0.053443 -0.021874 -0.0789
v 0.053333 -0.025179 -0.072762
v 0.054146 -0.02251 -0.081445
v 0.053512 -0.031134 -0.02006
v 0.053242 -0.033219 -0.02342
v 0.052931 -0.029506 -0.023085
v 0.052152 -0.017049 -0.081889
v 0.051998 -0.020011 -0.076328
v 0.053034 -0.017357 -0.084443
v 0.052854 -0.021422 -0.077097
v 0.05317 -0.037076 -0.049236
v 0.048586 -0.010114 -0.084449
v 0.047394 -0.011114 -0.081062
v 0.048715 -0.012322 -0.081342
v 0.04976 -0.011948 -0.025588
v 0.050573 -0.017786 -0.026791
v 0.050015 -0.015441 -0.027005
v 0.050341 -0.01217 -0.02425
v 0.053544 -0.025691 -0.017601
v 0.050049 -0.012243 -0.08404
v 0.049823 -0.014216 -0.080416
v 0.053991 -0.026236 -0.074479
v 0.006114 -0.008332 -0.068377
v 0.051834 -0.019706 -0.023487
v 0.052738 -0.02128 -0.020454
v 0.052187 -0.0246 -0.024374
v 0.054045 -0.033378 -0.01659
v 0.051179 -0.015293 -0.081924
v 0.051019 -0.017694 -0.077358
v 0.054139 -0.043278 -0.04139
v 0.053258 -0.039436 -0.04172
v 0.054536 -0.040484 -0.013675
v 0.054857 -0.039517 -0.007136
v 0.054781 -0.047131 -0.012396
v 0.054929 -0.027107 -0.003957
v 0.054447 -0.036049 -0.013058
v 0.052324 -0.035677 -0.043179
v 0.048088 -0.014049 -0.077203
v 0.054777 -0.023232 -0.006636
v 0.049702 -0.016285 -0.076459
v 0.006034 -0.008826 -0.066741
v 0.054403 -0.027151 -0.011436
v 0.054583 -0.017412 -0.008313
v 0.054819 -0.01078 -0.004596
v 0.054686 -0.012132 -0.006226
v 0.054954 -0.012498 -0.002488
v 0.05455 -0.023578 -0.082226
v 0.053897 -0.020149 -0.083781
v 0.042055 -0.001524 -0.088248
v 0.03919 -0.001754 -0.086185
v 0.040865 -0.001914 -0.086989
v 0.050801 -0.020009 -0.072312
v 0.041343 -0.00715 -0.080697
v 0.043241 -0.007241 -0.082071
v 0.042355 -0.005341 -0.083891
v 0.053855 -0.027562 -0.071461
v 0.054509 -0.029269 -0.072897
v 0.046389 -0.012599 -0.076998
v 0.050038 -0.028671 -0.046149
v 0.049446 -0.027149 -0.043626
v 0.050541 -0.030025 -0.043158
v 0.042725 -0.008308 -0.080056
v 0.051946 -0.034439 -0.039988
v 0.038823 -0.003355 -0.08415
v 0.036693 -0.004312 -0.081933
v 0.038605 -0.005271 -0.081597
v 0.040504 -0.004916 -0.083172
v 0.039287 -0.006544 -0.080179
v 0.051818 -0.022331 -0.071335
v 0.0525 -0.024663 -0.069766
v 0.048722 -0.025398 -0.043743
v 0.048799 -0.025143 -0.041796
v 0.047605 -0.023161 -0.044658
v 0.033797 -0.001239 -0.084432
v 0.033597 -0.002649 -0.082798
v 0.03614 -0.002837 -0.083524
v 0.04163 -0.008982 -0.078013
v 0.049723 -0.017845 -0.073446
v 0.043301 -0.010443 -0.077039
v 0.042137 -0.010146 -0.076402
v 0.049415 -0.019585 -0.068813
v 0.048526 -0.016479 -0.073302
v 0.037461 -0.006795 -0.078788
v 0.03928 -0.007706 -0.078403
v 0.030506 -0.002264 -0.082261
v 0.030189 -0.003921 -0.080153
v 0.036523 -0.005747 -0.079908
v 0.03268 -0.004249 -0.080482
v 0.033626 -0.005359 -0.079272
v 0.047563 -0.016023 -0.072127
v 0.046255 -0.013639 -0.074723
v 0.053105 -0.027995 -0.066675
v 0.05237 -0.027623 -0.063751
v 0.024695 -0.001344 -0.081715
v 0.033276 -0.006732 -0.076978
v 0.04793 -0.020631 -0.037373
v 0.047395 -0.017128 -0.035068
v 0.048311 -0.019432 -0.034812
v 0.028159 -0.002852 -0.080933
v 0.042107 -0.011531 -0.073521
v 0.043668 -0.012107 -0.074143
v 0.046685 -0.015241 -0.072033
v 0.048246 -0.016204 -0.032106
v 0.049084 -0.020997 -0.033871
v 0.029472 -0.00527 -0.078054
v 0.029614 -0.006153 -0.076702
v 0.053659 -0.030194 -0.065904
v 0.05298 -0.030152 -0.062258
v 0.041124 -0.011416 -0.072672
v 0.042019 -0.012658 -0.070654
v 0.046477 -0.016356 -0.068809
v 0.018355 -0.002131 -0.079632
v 0.040941 -0.012055 -0.070857
v 0.042575 -0.013535 -0.069022
v 0.025565 -0.005004 -0.077458
v 0.045328 -0.013639 -0.073209
v 0.045422 -0.01477 -0.070667
v 0.051614 -0.025101 -0.065147
v 0.050486 -0.022772 -0.065383
v 0.051132 -0.02587 -0.061574
v 0.023304 -0.002403 -0.080293
v 0.024824 -0.003701 -0.079082
v 0.054425 -0.037374 -0.058363
v 0.029173 -0.007255 -0.07459
v 0.02573 -0.006716 -0.074664
v 0.03322 -0.008392 -0.073826
v 0.024919 -0.005825 -0.076035
v 0.053922 -0.033215 -0.062331
v 0.052869 -0.032518 -0.057305
v 0.046623 -0.018774 -0.062266
v 0.048367 -0.019418 -0.066047
v 0.04736 -0.018107 -0.06641
v 0.01225 -0.002187 -0.078742
v 0.01409 -0.001085 -0.080018
v 0.054047 -0.038886 -0.052427
v 0.041164 -0.01348 -0.066793
v 0.039275 -0.012382 -0.067738
v 0.054974 -0.049084 -0.004359
v 0.039065 -0.011556 -0.070075
v 0.037305 -0.011569 -0.068106
v 0.036031 -0.011049 -0.068604
v 0.05342 -0.035521 -0.054871
v 0.042932 -0.014819 -0.065475
v 0.043875 -0.014724 -0.067789
v 0.013038 -0.003017 -0.077939
v 0.016704 -0.004003 -0.077243
v 0.047273 -0.020043 -0.060619
v 0.049008 -0.020775 -0.064715
v 0.029656 -0.009346 -0.069738
v 0.032365 -0.009444 -0.070856
v 0.030482 -0.008439 -0.072537
v 0.010995 -0.00389 -0.076717
v 0.019394 -0.006501 -0.073839
v 0.017033 -0.005997 -0.074383
v 0.039072 -0.012915 -0.065366
v 0.03699 -0.011975 -0.066145
v 0.006604 -0.003583 -0.076783
v 0.011725 -0.004529 -0.07596
v 0.032646 -0.01029 -0.068375
v 0.041033 -0.014074 -0.064166
v 0.042538 -0.015409 -0.062112
v 0.03099 -0.01036 -0.066949
v 0.025824 -0.008828 -0.069827
v 0.04452 -0.002652 -0.089
v 0.043475 -0.002774 -0.087941
v 0.045025 -0.004189 -0.08766
v 0.019891 -0.007876 -0.071019
v 0.021846 -0.007223 -0.07284
v 0.014683 -0.007786 -0.070522
v 0.048381 -0.021649 -0.060273
v 0.046508 -0.019999 -0.057752
v 0.035247 -0.011876 -0.064125
v 0.033687 -0.011293 -0.065109
v 0.0443 -0.005895 -0.084824
v 0.007383 -0.00518 -0.074743
v 0.042245 -0.003785 -0.085745
v 0.044157 -0.017179 -0.059535
v 0.045166 -0.018441 -0.058125
v 0.044952 -0.017065 -0.062628
v 0.043132 -0.016292 -0.059831
v 0.040281 -0.003178 -0.085174
v 0.039987 -0.01425 -0.060391
v 0.039592 -0.013711 -0.062475
v 0.009679 -0.006437 -0.072867
v 0.015116 -0.00695 -0.072412
v 0.024353 -0.009359 -0.067532
v 0.027771 -0.00971 -0.067593
v 0.036478 -0.001157 -0.085531
v 0.048236 -0.022919 -0.055968
v 0.049157 -0.022635 -0.060743
v 0.049277 -0.024983 -0.055141
v 0.034458 -0.012025 -0.061546
v 0.037086 -0.01264 -0.062993
v 0.003945 -0.006814 -0.071871
v 0.051762 -0.032546 -0.049563
v 0.054568 -0.003304 -0.106331
v 0.015482 -0.008414 -0.068906
v 0.009181 -0.007152 -0.071463
v 0.042735 -0.016437 -0.057336
v 0.044253 -0.017729 -0.057332
v 0.035734 -0.012532 -0.060251
v 0.039822 -0.014528 -0.0573
v 0.041692 -0.015434 -0.059091
v 0.040326 -0.014569 -0.059376
v 0.005801 -0.007733 -0.069969
v 0.05464 -0.006237 -0.104288
v 0.036047 -0.012818 -0.057587
v 0.037944 -0.013377 -0.059937
v 0.054302 -0.005475 -0.103344
v 0.054051 -0.003185 -0.104271
v 0.03821 -0.013653 -0.05814
v 0.043021 -0.016958 -0.055358
v 0.053629 -0.00307 -0.102969
v 0.044755 -0.011945 -0.075902
v 0.045714 -0.010935 -0.079007
v 0.021239 -0.009864 -0.063478
v 0.026476 -0.010242 -0.064202
v 0.023917 -0.009754 -0.065575
v 0.031739 -0.011328 -0.062039
v 0.030384 -0.011261 -0.059627
v 0.033061 -0.011854 -0.059206
v 0.05466 -0.009676 -0.100931
v 0.054489 -0.034127 -0.064637
v 0.020558 -0.009537 -0.065426
v 0.053184 -0.00154 -0.102888
v 0.044019 -0.018087 -0.053861
v 0.054397 -0.008495 -0.100831
v 0.050879 -0.03092 -0.045592
v 0.041168 -0.015534 -0.055426
v 0.053735 -0.005671 -0.101
v 0.013729 -0.008754 -0.067602
v 0.027603 -0.010829 -0.05893
v 0.02743 -0.010653 -0.061802
v 0.045419 -0.019475 -0.054559
v 0.046079 -0.020789 -0.051369
v 0.046797 -0.021102 -0.054975
v 0.053986 -0.007106 -0.10052
v 0.038909 -0.008848 -0.076162
v 0.02501 -0.010383 -0.061487
v 0.044955 -0.019203 -0.052832
v 0.052562 -0.001896 -0.101085
v 0.054647 -0.013518 -0.096434
v 0.053225 -0.006623 -0.098464
v 0.029845 -0.011195 -0.057184
v 0.041693 -0.016049 -0.05327
v 0.054122 -0.012438 -0.095196
v 0.046103 -0.017104 -0.065808
v 0.045364 -0.015835 -0.067697
v 0.044435 -0.018785 -0.049978
v 0.044155 -0.013734 -0.071059
v 0.053732 -0.009654 -0.096865
v 0.043464 -0.017698 -0.051062
v 0.039119 -0.010774 -0.072249
v 0.015443 -0.009731 -0.060872
v 0.01861 -0.009798 -0.062593
v 0.011536 -0.009528 -0.062779
v 0.020889 -0.010039 -0.061086
v 0.019129 -0.009942 -0.059408
v 0.03217 -0.011675 -0.056229
v 0.052892 -0.004316 -0.09977
v 0.052493 -0.006887 -0.096191
v 0.014962 -0.00952 -0.063731
v 0.05203 -0.002487 -0.099382
v 0.044278 -0.015528 -0.066146
v 0.021936 -0.010145 -0.058287
v 0.040952 -0.015484 -0.051258
v 0.052649 -0.008798 -0.09451
v 0.051877 -0.005784 -0.095925
v 0.05101 -0.002199 -0.097668
v 0.024987 -0.010477 -0.059264
v 0.046957 -0.022255 -0.047623
v 0.048196 -0.024524 -0.046483
v 0.047535 -0.02316 -0.049895
v 0.051212 -0.004584 -0.095776
v 0.02575 -0.010517 -0.056636
v 0.049554 -0.001911 -0.095596
v 0.050153 -0.003128 -0.095353
v 0.031902 -0.011489 -0.053931
v 0.05074 -0.005068 -0.094388
v 0.045144 -0.019582 -0.048197
v 0.046535 -0.021602 -0.049199
v 0.049452 -0.004684 -0.092637
v 0.048149 -0.002695 -0.092899
v 0.049779 -0.006444 -0.09118
v 0.043738 -0.01792 -0.048833
v 0.048228 -0.005286 -0.090172
v 0.03398 -0.012159 -0.05554
v 0.048805 -0.006663 -0.089392
v 0.034619 -0.012186 -0.052582
v 0.036752 -0.013086 -0.053101
v 0.035392 -0.012584 -0.054352
v 0.027936 -0.010713 -0.054581
v 0.045803 -0.001185 -0.091789
v 0.046224 -0.002753 -0.090574
v 0.046828 -0.004318 -0.089499
v 0.009293 -0.00144 -0.079175
v 0.052094 -0.030874 -0.056154
v 0.051646 -0.033424 -0.042946
v 0.044351 -0.016372 -0.063429
v 0.037836 -0.013415 -0.050697
v 0.038368 -0.013887 -0.052914
v 0.036277 -0.012681 -0.051096
v 0.02992 -0.010943 -0.053024
v 0.046792 -0.006207 -0.087139
v 0.048011 -0.00781 -0.08672
v 0.0395 -0.014434 -0.05091
v 0.051208 -0.031956 -0.041083
v 0.031879 -0.011247 -0.051745
v 0.045538 -0.006601 -0.085173
v 0.053227 -0.03961 -0.038928
v 0.054345 -0.045486 -0.036178
v 0.054532 -0.046086 -0.038191
v 0.037699 -0.013032 -0.049017
v 0.054346 -0.016846 -0.090606
v 0.050999 -0.027784 -0.056917
v 0.049316 -0.008621 -0.087785
v 0.039339 -0.014035 -0.048854
v 0.034453 -0.010207 -0.069946
v 0.047404 -0.008795 -0.08453
v 0.053378 -0.011714 -0.093293
v 0.046443 -0.007948 -0.084421
v 0.044433 -0.018429 -0.046741
v 0.045676 -0.020031 -0.046028
v 0.050115 -0.028616 -0.041521
v 0.033961 -0.011657 -0.050346
v 0.033838 -0.010927 -0.066948
v 0.042846 -0.016123 -0.045286
v 0.042007 -0.015952 -0.04776
v 0.041565 -0.014871 -0.045512
v 0.035442 -0.012115 -0.049916
v 0.052543 -0.036611 -0.037265
v 0.052929 -0.038178 -0.035614
v 0.005054 -0.003046 -0.0773
v 0.044992 -0.018676 -0.044796
v 0.046384 -0.020598 -0.043678
v 0.046614 -0.021472 -0.045483
v 0.050161 -0.024096 -0.061275
v 0.034203 -0.011273 -0.048652
v 0.054572 -0.019005 -0.088912
v 0.047131 -0.021532 -0.042264
v 0.047847 -0.022674 -0.041244
v 0.035913 -0.011868 -0.048095
v 0.050251 -0.026648 -0.055778
v 0.053752 -0.042349 -0.034801
v 0.050603 -0.029437 -0.038711
v 0.045836 -0.009438 -0.081549
v 0.037474 -0.012523 -0.04761
v 0.053782 -0.015352 -0.090064
v 0.049199 -0.025476 -0.039777
v 0.054334 -0.04615 -0.031182
v 0.051692 -0.033052 -0.037328
v 0.044653 -0.01773 -0.043503
v 0.04368 -0.016902 -0.04471
v 0.043931 -0.016255 -0.042555
v 0.042765 -0.014811 -0.042641
v 0.052522 -0.035587 -0.03344
v 0.046384 -0.018918 -0.040052
v 0.045744 -0.019096 -0.042713
v 0.045212 -0.01724 -0.04086
v 0.048506 -0.022901 -0.038445
v 0.038987 -0.013427 -0.047458
v 0.037773 -0.012054 -0.045868
v 0.039878 -0.013389 -0.045557
v 0.044513 -0.007583 -0.082785
v 0.038576 -0.011797 -0.044265
v 0.041765 -0.013977 -0.04316
v 0.04054 -0.012843 -0.043251
v 0.047194 -0.020226 -0.039423
v 0.053099 -0.038211 -0.031674
v 0.05131 -0.030841 -0.035656
v 0.053722 -0.041947 -0.031298
v 0.049697 -0.025351 -0.036615
v 0.028364 -0.010209 -0.065743
v 0.051865 -0.009879 -0.091298
v 0.044207 -0.009096 -0.080241
v 0.04141 -0.012443 -0.041215
v 0.052434 -0.012172 -0.089901
v 0.030083 -0.010685 -0.064553
v 0.04374 -0.014189 -0.039712
v 0.048704 -0.021311 -0.035506
v 0.047026 -0.018404 -0.037455
v 0.054603 -0.048619 -0.027063
v 0.044843 -0.014998 -0.038564
v 0.054246 -0.045179 -0.026661
v 0.051061 -0.028818 -0.03387
v 0.052138 -0.032881 -0.03201
v 0.048037 -0.023508 -0.052726
v 0.042024 -0.012165 -0.039892
v 0.052619 -0.033191 -0.028298
v 0.050047 -0.023908 -0.033198
v 0.049542 -0.023927 -0.035346
v 0.043445 -0.012613 -0.038211
v 0.053629 -0.039988 -0.027006
v 0.046793 -0.015059 -0.034482
v 0.046027 -0.016627 -0.037918
v 0.045621 -0.014132 -0.036005
v 0.050923 -0.026255 -0.031515
v 0.051714 -0.029335 -0.030362
v 0.045196 -0.012843 -0.035456
v 0.053023 -0.013596 -0.089738
v 0.051503 -0.030442 -0.053534
v 0.050814 -0.008606 -0.09054
v 0.044668 -0.01048 -0.078488
v 0.03062 -0.01103 -0.062811
v 0.046802 -0.013068 -0.03265
v 0.054607 -0.048373 -0.021977
v 0.049982 -0.021039 -0.030841
v 0.05079 -0.022102 -0.028732
v 0.049292 -0.018818 -0.031361
v 0.051484 -0.024506 -0.027511
v 0.051983 -0.033928 -0.046811
v 0.052299 -0.028953 -0.026595
v 0.048084 -0.013521 -0.030351
v 0.04704 -0.022071 -0.052072
v 0.048877 -0.012857 -0.028127
v 0.050848 -0.029159 -0.052612
v 0.054594 -0.046953 -0.018509
v 0.05115 -0.017811 -0.024962
v 0.053546 -0.01832 -0.084984
v 0.049493 -0.026195 -0.052587
v 0.048935 -0.025723 -0.049937
v 0.050627 -0.029676 -0.04904
v 0.051998 -0.012905 -0.019763
v 0.053662 -0.020202 -0.015413
v 0.053934 -0.027815 -0.015547
v 0.052627 -0.012986 -0.017622
v 0.053253 -0.013447 -0.015293
v 0.051614 -0.011571 -0.088554
v 0.053533 -0.013288 -0.013946
v 0.054288 -0.016591 -0.010599
v 0.053933 -0.012587 -0.011681
v 0.049342 -0.02692 -0.047396
v 0.051163 -0.021228 -0.071082
v 0.039739 -0.014679 -0.052719
v 0.039762 -0.014679 -0.054555
v 0.03991 -0.009879 -0.074894
v 0.034335 -0.007182 -0.076649
v 0.052343 -0.015066 -0.085567
v 0.036839 -0.007817 -0.076759
v 0.036963 -0.013217 -0.056091
v 0.050344 -0.01025 -0.087505
v 0.035646 -0.008088 -0.075615
v 0.038485 -0.013934 -0.055585
v 0.036498 -0.009251 -0.073728
v 0.037699 -0.010425 -0.071861
v 0.035312 -0.009933 -0.071311
v 0.026734 -0.007882 -0.072553
v 0.051356 -0.013454 -0.08523
v 0.024388 -0.008244 -0.07103
v 0.02162 -0.00871 -0.069034
v 0.003937 -0.002173 -0.078158
v 0.040318 -0.014303 -0.047092
v 0.043364 -0.0172 -0.047062
v 0.051131 -0.01314 -0.022563
v 0.002758 -0.004376 -0.055502
v 0.001833 -0.004883 -0.055757
v 0.005369 -0.004682 -0.055405
v 0.004401 -0.00351 -0.055131
v 0.003769 -0.005302 -0.055831
v 0.012958 -0.005611 -0.054421
v 0.011042 -0.006605 -0.055424
v 0.008987 -0.006002 -0.055462
v 0.012059 -0.007552 -0.055971
v 0.012064 -0.007076 -0.055543
v 0.014926 -0.007292 -0.05494
v 0.025154 -0.010268 -0.055334
v 0.028131 -0.010572 -0.053506
v 0.024904 -0.009972 -0.054335
v 0.022428 -0.0095 -0.054807
v 0.024776 -0.009597 -0.053468
v 0.015867 -0.006724 -0.054217
v 0.002664 -0.003492 -0.055233
v 0.019893 -0.008053 -0.053822
v 0.020207 -0.008601 -0.054348
v 0.01732 -0.008431 -0.055364
v 0.013844 -0.006432 -0.054623
v 0.02741 -0.01028 -0.05313
v 0.01856 -0.007479 -0.053834
v 0.015619 -0.007796 -0.055195
v 0.017823 -0.00805 -0.054678
v 0.00653 -0.006186 -0.055989
v 0.009043 -0.005086 -0.055019
v 0.008273 -0.004265 -0.054861
v 0.005848 -0.005519 -0.055706
v 0.021567 -0.009073 -0.054424
v 0.025033 -0.009292 -0.052718
v 0.021702 -0.008065 -0.052997
v 0.022991 -0.008853 -0.053295
v 0.01079 -0.004625 -0.05451
v 0.005953 -0.003691 -0.055018
v 0.027469 -0.010046 -0.052387
v 0.030808 -0.010907 -0.051547
v 0.029627 -0.010426 -0.051285
v 0.015665 -0.005897 -0.053785
v 0.023157 -0.008414 -0.052626
v 0.004422 -0.002483 -0.054943
v 0.009049 -0.003448 -0.054541
v 0.022347 -0.007389 -0.052118
v 0.013708 -0.00491 -0.053936
v 0.01356 -0.004238 -0.053771
v 0.008019 -0.002308 -0.05451
v 0.006519 -0.001996 -0.05468
v 0.018508 -0.006598 -0.053201
v 0.011588 -0.002237 -0.053863
v 0.027836 -0.009576 -0.051143
v 0.016282 -0.004548 -0.053066
v 0.033133 -0.011225 -0.049804
v 0.017939 -0.005169 -0.052722
v 0.027717 -0.008998 -0.050419
v 0.025418 -0.008744 -0.051675
v 0.026052 -0.008126 -0.05064
v 0.011131 -0.001613 -0.053903
v 0.031332 -0.010473 -0.049672
v 0.029652 -0.009639 -0.049718
v 0.019513 -0.004492 -0.05192
v 0.028272 -0.008692 -0.049666
v 0.028242 -0.008142 -0.049197
v 0.004161 -0.001481 -0.054873
v 0.020738 -0.005523 -0.05179
v 0.013022 -0.003377 -0.053709
v 0.033614 -0.010624 -0.047891
v 0.020572 -0.006563 -0.052354
v 0.02161 -0.004797 -0.051158
v 0.024186 -0.008022 -0.051662
v 0.03162 -0.009998 -0.048595
v 0.014211 -0.002039 -0.053204
v 0.022535 -0.003564 -0.050447
v 0.030296 -0.009028 -0.048469
v 0.023492 -0.005137 -0.05039
v 0.03295 -0.009893 -0.047388
v 0.016874 -0.002001 -0.052411
v 0.035761 -0.011465 -0.047263
v 0.035284 -0.01082 -0.046609
v 0.026407 -0.007432 -0.049911
v 0.023413 -0.006577 -0.051045
v 0.018737 -0.001576 -0.051749
v 0.020171 -0.002002 -0.051231
v 0.033801 -0.009049 -0.045866
v 0.016913 -0.00329 -0.052585
v 0.022065 -0.006325 -0.051567
v 0.025307 -0.004202 -0.049214
v 0.025068 -0.005177 -0.049601
v 0.034497 -0.010024 -0.046265
v 0.026754 -0.004474 -0.048471
v 0.027476 -0.005816 -0.048436
v 0.037065 -0.011003 -0.044921
v 0.022301 -0.001928 -0.050332
v 0.025291 -0.006555 -0.050038
v 0.023757 -0.001536 -0.049637
v 0.024998 -0.002927 -0.04915
v 0.035388 -0.008968 -0.044482
v 0.036059 -0.01004 -0.044821
v 0.029058 -0.005072 -0.047219
v 0.020297 -0.003265 -0.051352
v 0.027654 -0.003365 -0.04776
v 0.025788 -0.001497 -0.04861
v 0.033934 -0.007809 -0.044903
v 0.030458 -0.00442 -0.046159
v 0.039168 -0.011304 -0.042757
v 0.027565 -0.001938 -0.047642
v 0.026942 -0.006713 -0.049146
v 0.031856 -0.00585 -0.045571
v 0.030596 -0.00752 -0.047159
v 0.037808 -0.0103 -0.043218
v 0.032545 -0.004951 -0.044828
v 0.029472 -0.001917 -0.046486
v 0.036157 -0.008164 -0.043236
v 0.036964 -0.00907 -0.043042
v 0.033347 -0.003938 -0.044019
v 0.03842 -0.009497 -0.041847
v 0.028926 -0.006588 -0.04782
v 0.03283 -0.008337 -0.046065
v 0.040673 -0.011141 -0.040648
v 0.035265 -0.004849 -0.042695
v 0.031403 -0.002891 -0.045292
v 0.039816 -0.009538 -0.040321
v 0.042571 -0.011359 -0.038279
v 0.035061 -0.003114 -0.042549
v 0.004354 -0.009382 -0.061953
v 0.035773 -0.006118 -0.042622
v 0.037047 -0.004915 -0.041136
v 0.037322 -0.003395 -0.040605
v 0.004733 -0.009259 -0.06102
v 0.044325 -0.011648 -0.035861
v 0.035168 -0.001898 -0.042341
v 0.032074 -0.006692 -0.045731
v 0.039027 -0.004956 -0.039228
v 0.043084 -0.008602 -0.035773
v 0.043357 -0.010428 -0.036415
v 0.04152 -0.009959 -0.038547
v 0.039778 -0.003459 -0.038184
v 0.046024 -0.011807 -0.033131
v 0.037499 -0.001879 -0.040288
v 0.041031 -0.004939 -0.037074
v 0.045118 -0.010528 -0.033817
v 0.044443 -0.008579 -0.033863
v 0.038792 -0.002676 -0.039099
v 0.040859 -0.002869 -0.036939
v 0.047477 -0.011507 -0.030244
v 0.046033 -0.010192 -0.032129
v 0.042535 -0.003027 -0.035002
v 0.042848 -0.00554 -0.035041
v 0.045568 -0.00814 -0.031999
v 0.052397 -0.008569 -0.01734
v 0.052809 -0.007418 -0.015732
v 0.051776 -0.004591 -0.018724
v 0.054296 -0.010935 -0.009235
v 0.053398 -0.008926 -0.013643
v 0.052806 -0.003528 -0.015457
v 0.053677 -0.007186 -0.012251
v 0.053947 -0.005859 -0.010843
v 0.054802 -0.003948 -0.004734
v 0.054941 -0.004176 -0.002623
v 0.05458 -0.006409 -0.006937
v 0.008659 -0.009467 -0.061667
v 0.006295 -0.009434 -0.062902
v 0.007004 -0.009378 -0.061262
v 0.01189 -0.009581 -0.061882
v 0.002462 -0.009001 -0.060356
v 0.012722 -0.009555 -0.060374
v 0.008709 -0.009331 -0.060407
v 0.005097 -0.009099 -0.060283
v 0.035503 -0.007378 -0.043397
v 0.004853 -0.008806 -0.059486
v 0.034387 -0.006462 -0.043913
v 0.016503 -0.009715 -0.05935
v 0.00853 -0.009115 -0.059544
v 0.004927 -0.008316 -0.058473
v 0.006643 -0.008624 -0.05871
v 0.009302 -0.008845 -0.058577
v 0.008499 -0.008272 -0.057676
v 0.020835 -0.009926 -0.057439
v 0.016534 -0.009531 -0.05824
v 0.011377 -0.009133 -0.058785
v 0.013381 -0.00889 -0.057538
v 0.038124 -0.006924 -0.040731
v 0.004543 -0.007848 -0.057848
v 0.004785 -0.007274 -0.057138
v 0.002564 -0.008208 -0.058646
v 0.038331 -0.00817 -0.041102
v 0.008145 -0.007652 -0.056942
v 0.016044 -0.008936 -0.056699
v 0.018456 -0.009352 -0.056659
v 0.014212 -0.009241 -0.058188
v 0.024647 -0.010322 -0.056239
v 0.003571 -0.006575 -0.056683
v 0.002906 -0.007105 -0.057227
v 0.007261 -0.006788 -0.056301
v 0.008776 -0.007073 -0.056252
v 0.018376 -0.008982 -0.055819
v 0.014272 -0.008137 -0.056021
v 0.003548 -0.005949 -0.05623
v 0.001324 -0.006126 -0.056513
v 0.037111 -0.006446 -0.041534
v 0.021857 -0.009645 -0.05556
v 0.040338 -0.007955 -0.038826
v 0.039543 -0.006462 -0.039107
v 0.042082 -0.00799 -0.036783
v 0.012824 -0.009409 -0.059383
v 0.041294 -0.00644 -0.037167
v 0.012486 -0.008435 -0.056972
v 0.020541 -0.009789 -0.056945
v 0.043218 -0.006767 -0.034902
v 0.044506 -0.006816 -0.033148
v 0.044725 -0.005689 -0.032558
v 0.047409 -0.009046 -0.029234
v 0.046569 -0.00801 -0.030351
v 0.044212 -0.003044 -0.032844
v 0.048237 -0.008608 -0.027534
v 0.048855 -0.011321 -0.027354
v 0.046565 -0.005932 -0.029817
v 0.045888 -0.003005 -0.03044
v 0.048951 -0.008965 -0.026237
v 0.047842 -0.005807 -0.027595
v 0.049288 -0.00809 -0.025291
v 0.048385 -0.003756 -0.026307
v 0.047131 -0.002868 -0.02845
v 0.050722 -0.009437 -0.022331
v 0.049753 -0.006564 -0.023951
v 0.051292 -0.011847 -0.021559
v 0.050869 -0.007402 -0.021512
v 0.049292 -0.003026 -0.024491
v 0.051826 -0.008715 -0.019125
v 0.050303 -0.003333 -0.022356
v 0.054417 -0.007772 -0.008193
v 0.011291 -0.008038 -0.056705
v 0.046592 -0.097189 0.014253
v 0.048653 -0.091636 0.010911
v 0.04826 -0.090089 0.013766
v 0.047498 -0.097156 0.010847
v 0.024255 -0.096863 0.042361
v 0.025563 -0.08802 0.043742
v 0.023199 -0.091166 0.044329
v 0.051981 -0.07306 0.01154
v 0.052556 -0.072636 0.008743
v 0.052992 -0.067688 0.01075
v 0.037714 -0.070458 0.038538
v 0.019002 -0.090325 0.046506
v 0.021949 -0.08511 0.046348
v 0.019061 -0.08053 0.048578
v 0.033109 -0.09889 0.035207
v 0.031304 -0.098913 0.03682
v 0.049605 -0.084921 0.012606
v 0.05034 -0.083497 0.010561
v 0.026459 -0.098953 0.040448
v 0.028907 -0.09899 0.038722
v 0.029964 -0.090716 0.040151
v 0.027404 -0.090737 0.041942
v 0.047321 -0.103352 0.000678
v 0.04963 -0.08934 0.00821
v 0.006775 -0.07803 0.05226
v 0.009519 -0.074045 0.052558
v 0.007866 -0.070929 0.053369
v 0.034304 -0.102324 0.032949
v 0.047682 -0.100221 0.005852
v 0.048163 -0.099008 0.003595
v 0.035811 -0.070512 0.040317
v 0.005141 -0.070873 0.053716
v 0.042453 -0.083231 0.029256
v 0.045271 -0.073753 0.028106
v 0.043187 -0.076127 0.03051
v 0.016099 -0.090809 0.047494
v 0.016126 -0.080083 0.049742
v 0.043864 -0.083171 0.027112
v 0.020959 -0.096476 0.044196
v 0.047527 -0.089989 0.016199
v 0.00392 -0.078493 0.052473
v 0.047828 -0.098239 0.007875
v 0.00307 -0.070859 0.053874
v 0.013352 -0.090322 0.048463
v 0.010009 -0.080912 0.051192
v 0.034316 -0.072785 0.041098
v 0.013048 -0.080074 0.050646
v 0.044185 -0.091026 0.023427
v 0.045685 -0.089943 0.020878
v 0.046802 -0.082834 0.02177
v 0.04587 -0.083381 0.023445
v 0.040907 -0.083006 0.031462
v 0.041368 -0.073729 0.033648
v 0.045204 -0.082719 0.024979
v 0.005641 -0.085818 0.050903
v 0.009984 -0.090407 0.04926
v 0.031941 -0.072072 0.043135
v 0.046027 -0.102067 0.012305
v 0.037461 -0.079856 0.03638
v 0.039975 -0.069046 0.036534
v 0.019112 -0.098979 0.044422
v 0.045484 -0.096825 0.017679
v 0.046557 -0.091194 0.018173
v 0.039541 -0.083675 0.03296
v 0.043108 -0.090867 0.025417
v 0.007684 -0.090605 0.049637
v 0.044561 -0.096889 0.019845
v 0.016629 -0.100937 0.044954
v 0.036022 -0.079252 0.037971
v 0.002873 -0.085917 0.051113
v 0.03854 -0.082546 0.034455
v 0.039692 -0.073983 0.035553
v 0.043508 -0.097776 0.021634
v 0.011693 -0.096491 0.047535
v 0.014465 -0.099 0.046159
v 0.029463 -0.07088 0.045122
v 0.04158 -0.090724 0.027902
v 0.00659 -0.097249 0.048352
v 0.009823 -0.098992 0.047381
v 0.003661 -0.096346 0.048864
v 0.027135 -0.070926 0.046561
v 0.054135 -0.065886 0.001978
v 0.053656 -0.069149 -3E-06
v 0.053766 -0.067799 0.004354
v 0.053615 -0.067095 0.007275
v 0.031246 -0.079921 0.041867
v 0.001468 -0.100996 0.047918
v 0.052387 -0.077254 0.001386
v 0.052742 -0.074886 -0.000476
v 0.044285 -0.101095 0.018151
v 0.024822 -0.070937 0.047841
v 0.0418 -0.099199 0.024157
v 0.052296 -0.07734 0.003802
v 0.033961 -0.0826 0.038995
v 0.052505 -0.067302 0.013339
v 0.040646 -0.097024 0.026907
v 0.052103 -0.07735 0.00618
v 0.05125 -0.074748 0.013492
v 0.051803 -0.080447 -0.000779
v 0.039886 -0.089832 0.030568
v 0.051644 -0.068064 0.016101
v 0.050091 -0.069203 0.020092
v 0.048537 -0.069461 0.023595
v 0.048543 -0.074135 0.021695
v 0.022893 -0.073489 0.04832
v 0.050469 -0.08799 0.00139
v 0.050659 -0.086532 0.003655
v 0.0493 -0.093687 0.003071
v 0.048931 -0.076078 0.019906
v 0.044038 -0.066354 0.032203
v 0.028558 -0.079966 0.043743
v 0.048697 -0.096968 0.000315
v 0.043336 -0.071638 0.031667
v 0.045303 -0.07003 0.029266
v 0.047599 -0.08301 0.019852
v 0.0487 -0.081381 0.017862
v 0.042366 -0.067873 0.034
v 0.050382 -0.088426 -0.000209
v 0.050472 -0.071235 0.01811
v 0.038986 -0.098374 0.028767
v 0.038065 -0.106606 0.026857
v 0.02039 -0.073512 0.049436
v 0.05131 -0.080353 0.008261
v 0.026306 -0.079999 0.04514
v 0.034709 -0.090649 0.036121
v 0.036568 -0.088078 0.034988
v 0.037734 -0.097186 0.030796
v 0.042822 -0.102871 0.020467
v 0.037777 -0.090768 0.032847
v 0.017239 -0.071001 0.051081
v 0.024177 -0.080496 0.046219
v 0.032681 -0.091317 0.037793
v 0.049937 -0.089346 0.00589
v 0.047127 -0.069745 0.02626
v 0.035832 -0.096776 0.033124
v 0.014707 -0.071009 0.051873
v 0.050568 -0.075018 0.01579
v 0.047526 -0.074939 0.023566
v 0.012141 -0.070996 0.052542
v 0.048943 -0.084496 0.015287
v 0.046363 -0.075084 0.025753
v 0.016185 -0.105262 -0.044861
v 0.018749 -0.10531 -0.043771
v 0.035216 -0.079234 -0.052001
v 0.036698 -0.076396 -0.053095
v 0.037164 -0.077712 -0.050875
v 0.029159 -0.077689 -0.061008
v 0.031586 -0.075692 -0.060812
v 0.031217 -0.07912 -0.057096
v 0.013766 -0.104396 -0.046284
v 0.008042 -0.104245 -0.047816
v 0.010232 -0.10266 -0.048481
v 0.011278 -0.105067 -0.046546
v 0.005236 -0.10442 -0.048119
v 0.002927 -0.10187 -0.050196
v 0.006271 -0.100054 -0.051176
v 0.023843 -0.062466 -0.090582
v 0.025977 -0.059703 -0.094072
v 0.027292 -0.061189 -0.089116
v 0.002342 -0.098762 -0.052626
v 0.050014 -0.043161 -0.074354
v 0.050085 -0.038103 -0.083949
v 0.0508 -0.037864 -0.081487
v 0.041402 -0.045323 -0.097667
v 0.043325 -0.041229 -0.102295
v 0.042983 -0.043677 -0.096901
v 0.04177 -0.042913 -0.103096
v 0.048785 -0.041227 -0.082678
v 0.051028 -0.05911 -0.040334
v 0.050164 -0.057095 -0.047752
v 0.051569 -0.055639 -0.04428
v 0.024006 -0.060336 -0.095136
v 0.035441 -0.063639 -0.072967
v 0.035353 -0.06108 -0.077514
v 0.038054 -0.061316 -0.072377
v 0.044283 -0.044919 -0.08985
v 0.044511 -0.042123 -0.095672
v 0.045966 -0.04114 -0.092907
v 0.002275 -0.104567 -0.048274
v 0.02777 -0.063192 -0.084503
v 0.030224 -0.058869 -0.08988
v 0.029455 -0.062267 -0.0841
v 0.010272 -0.075882 -0.075905
v 0.010106 -0.073818 -0.079089
v 0.014226 -0.074868 -0.075801
v 0.036747 -0.046778 -0.107826
v 0.039485 -0.043356 -0.110256
v 0.038811 -0.045497 -0.105279
v 0.033852 -0.04744 -0.115329
v 0.034567 -0.046011 -0.119783
v 0.035899 -0.045402 -0.116636
v 0.032429 -0.048027 -0.118066
v 0.032491 -0.047206 -0.123224
v 0.048224 -0.07894 -0.024575
v 0.048741 -0.074392 -0.027531
v 0.049114 -0.078647 -0.021453
v 0.011755 -0.061392 -0.104511
v 0.014844 -0.058815 -0.110366
v 0.013988 -0.060808 -0.104499
v 0.01264 -0.059424 -0.110402
v 0.003852 -0.058439 -0.122488
v 0.033444 -0.080702 -0.052721
v 0.033107 -0.078323 -0.055782
v 0.034808 -0.076966 -0.055139
v 0.045936 -0.032263 -0.123654
v 0.045354 -0.032814 -0.126988
v 0.04684 -0.030401 -0.127095
v 0.044776 -0.035034 -0.117492
v 0.046563 -0.031783 -0.119967
v 0.045775 -0.045224 -0.084591
v 0.047288 -0.041888 -0.086641
v 0.046082 -0.033364 -0.115916
v 0.044171 -0.03714 -0.112016
v 0.04568 -0.034941 -0.111908
v 0.006409 -0.060707 -0.110176
v 0.007776 -0.059148 -0.11589
v 0.008854 -0.060278 -0.110325
v 0.044048 -0.03868 -0.107152
v 0.042464 -0.080452 -0.038561
v 0.041122 -0.078078 -0.043672
v 0.042097 -0.076123 -0.043851
v 0.022229 -0.079521 -0.064794
v 0.02268 -0.075862 -0.06915
v 0.024289 -0.07683 -0.06659
v 0.044811 -0.039634 -0.101033
v 0.035182 -0.047181 -0.111553
v 0.037455 -0.044731 -0.113017
v 0.005884 -0.074837 -0.07871
v 0.007336 -0.0729 -0.081432
v 0.027555 -0.080119 -0.059718
v 0.026513 -0.078829 -0.062198
v 0.002386 -0.059933 -0.114984
v 0.006369 -0.058366 -0.121175
v 0.005066 -0.05956 -0.115652
v 0.002971 -0.059161 -0.118564
v 0.042145 -0.046399 -0.092835
v 0.048609 -0.084868 -0.017544
v 0.047383 -0.09537 -0.012996
v 0.047138 -0.093869 -0.015298
v 0.046701 -0.09196 -0.018406
v 0.045172 -0.106134 -0.011895
v 0.03256 -0.076895 -0.058138
v 0.029743 -0.080568 -0.057058
v 0.046548 -0.079951 -0.029049
v 0.047705 -0.075674 -0.029818
v 0.013509 -0.077494 -0.072359
v 0.015641 -0.07685 -0.07225
v 0.045914 -0.078819 -0.031956
v 0.021811 -0.061529 -0.094883
v 0.050028 -0.060535 -0.042241
v 0.024369 -0.079893 -0.062734
v 0.026132 -0.075927 -0.066171
v 0.036474 -0.047998 -0.104673
v 0.05041 -0.07964 -0.014273
v 0.050891 -0.073929 -0.018319
v 0.051467 -0.075026 -0.013377
v 0.017683 -0.074512 -0.074442
v 0.018172 -0.077713 -0.069715
v 0.002846 -0.073293 -0.081723
v 0.039826 -0.046815 -0.098427
v 0.040231 -0.044435 -0.10387
v 0.015055 -0.062354 -0.099282
v 0.018368 -0.059423 -0.10428
v 0.017893 -0.061195 -0.099794
v 0.01613 -0.060172 -0.104426
v 0.030896 -0.049074 -0.118576
v 0.040648 -0.081326 -0.041258
v 0.051607 -0.07812 -0.008109
v 0.052198 -0.072643 -0.011335
v 0.052452 -0.074912 -0.005046
v 0.020206 -0.078675 -0.067223
v 0.038122 -0.081679 -0.045183
v 0.037467 -0.080458 -0.047432
v 0.039686 -0.078902 -0.045419
v 0.020286 -0.075231 -0.071753
v 0.054187 -0.039315 -0.063713
v 0.032195 -0.063122 -0.078799
v 0.031271 -0.061051 -0.083896
v 0.033263 -0.059942 -0.082984
v 0.045911 -0.06293 -0.05227
v 0.045753 -0.058754 -0.059456
v 0.047237 -0.059999 -0.053074
v 0.03575 -0.081726 -0.048623
v 0.047196 -0.045872 -0.078814
v 0.043917 -0.081867 -0.034058
v 0.043825 -0.078412 -0.03763
v 0.04563 -0.0758 -0.035895
v 0.054508 -0.055301 -0.024735
v 0.003156 -0.071688 -0.084409
v 0.033326 -0.048704 -0.111699
v 0.053314 -0.069879 -0.004348
v 0.048731 -0.04712 -0.071354
v 0.017043 -0.063092 -0.095816
v 0.020154 -0.06103 -0.097859
v 0.04729 -0.080835 -0.025925
v 0.0039 -0.061057 -0.109951
v 0.031801 -0.081949 -0.053334
v 0.01073 -0.078246 -0.07241
v 0.053349 -0.057082 -0.030808
v 0.053772 -0.057226 -0.027006
v 0.009909 -0.06181 -0.104477
v 0.010817 -0.059861 -0.110386
v 0.025699 -0.064241 -0.084935
v 0.041614 -0.064768 -0.059894
v 0.043991 -0.058798 -0.064014
v 0.044123 -0.062014 -0.058419
v 0.042283 -0.060887 -0.064544
v 0.027729 -0.050554 -0.122656
v 0.028338 -0.04955 -0.128722
v 0.029732 -0.04896 -0.125171
v 0.001925 -0.07528 -0.078642
v 0.051588 -0.061247 -0.033646
v 0.052365 -0.056664 -0.038114
v 0.052764 -0.057573 -0.033778
v 0.049752 -0.080644 -0.016601
v 0.038296 -0.048155 -0.099121
v 0.050025 -0.075541 -0.020811
v 0.006078 -0.076743 -0.075818
v 0.02899 -0.050271 -0.119209
v 0.031482 -0.047643 -0.126017
v 0.047558 -0.063449 -0.046503
v 0.048744 -0.059579 -0.048793
v 0.037834 -0.064875 -0.066966
v 0.039398 -0.06281 -0.067367
v 0.048849 -0.062319 -0.043877
v 0.034581 -0.049096 -0.106487
v 0.033736 -0.083944 -0.049017
v 0.033378 -0.065065 -0.073745
v 0.015782 -0.080287 -0.067687
v 0.025825 -0.082349 -0.058733
v 0.03966 -0.064905 -0.063594
v 0.040893 -0.060964 -0.06742
v 0.041099 -0.083426 -0.038446
v 0.030885 -0.05003 -0.11393
v 0.007927 -0.062207 -0.104398
v 0.01845 -0.064132 -0.092252
v 0.044758 -0.083803 -0.030311
v 0.020432 -0.064843 -0.089025
v 0.029897 -0.083108 -0.054171
v 0.027905 -0.083568 -0.055598
v 0.040455 -0.047997 -0.093742
v 0.04424 -0.065347 -0.052996
v 0.02637 -0.051224 -0.12373
v 0.029471 -0.065564 -0.07813
v 0.017508 -0.080549 -0.066498
v 0.012378 -0.062839 -0.099986
v 0.054068 -0.044559 -0.053947
v 0.046216 -0.065003 -0.048245
v 0.038345 -0.083884 -0.042722
v 0.04196 -0.049276 -0.086867
v 0.020133 -0.081353 -0.064016
v 0.021902 -0.083006 -0.060978
v 0.054291 -0.058764 -0.01751
v 0.032745 -0.050375 -0.107208
v 0.050034 -0.087016 -0.007715
v 0.035679 -0.083969 -0.046522
v 0.036085 -0.049881 -0.100201
v 0.042457 -0.083831 -0.035431
v 0.023692 -0.065174 -0.085286
v 0.050829 -0.052389 -0.053751
v 0.051315 -0.036747 -0.081511
v 0.02311 -0.08381 -0.059255
v 0.047711 -0.08449 -0.021205
v 0.013711 -0.080972 -0.067766
v 0.007601 -0.079014 -0.072279
v 0.044591 -0.048379 -0.081625
v 0.043605 -0.047716 -0.085758
v 0.031524 -0.084373 -0.051186
v 0.052366 -0.061308 -0.02891
v 0.045941 -0.084777 -0.026404
v 0.030335 -0.051321 -0.110221
v 0.053112 -0.045398 -0.05718
v 0.053201 -0.040211 -0.066826
v 0.031394 -0.066144 -0.074719
v 0.038443 -0.049769 -0.094667
v 0.050835 -0.084302 -0.005015
v 0.022112 -0.064866 -0.087445
v 0.053809 -0.059635 -0.020866
v 0.050472 -0.063667 -0.035047
v 0.045643 -0.049094 -0.077234
v 0.035632 -0.066665 -0.067841
v 0.027801 -0.065767 -0.079798
v 0.00546 -0.062615 -0.104233
v 0.002177 -0.077379 -0.07551
v 0.040275 -0.050147 -0.089262
v 0.043559 -0.085587 -0.031592
v 0.017982 -0.082691 -0.063705
v 0.018412 -0.065654 -0.089076
v 0.026743 -0.051993 -0.117399
v 0.010008 -0.063395 -0.099958
v 0.011149 -0.080826 -0.068928
v 0.014186 -0.064188 -0.095396
v 0.048548 -0.06522 -0.040426
v 0.027632 -0.052194 -0.113883
v 0.039326 -0.086102 -0.039156
v 0.052494 -0.042627 -0.065446
v 0.05142 -0.081824 -0.003215
v 0.046893 -0.08505 -0.023408
v 0.005188 -0.079483 -0.072161
v 0.037377 -0.086369 -0.041944
v 0.049246 -0.065662 -0.037126
v 0.041266 -0.086849 -0.035156
v 0.024466 -0.084593 -0.057424
v 0.034055 -0.051373 -0.100935
v 0.047152 -0.050182 -0.070687
v 0.024974 -0.086277 -0.055339
v 0.012017 -0.064486 -0.096064
v 0.019614 -0.084031 -0.061286
v 0.023739 -0.052889 -0.122012
v 0.024664 -0.051975 -0.125611
v 0.032765 -0.086256 -0.047982
v 0.044148 -0.08903 -0.027524
v 0.04162 -0.067353 -0.056073
v 0.002901 -0.062945 -0.104013
v 0.016194 -0.065125 -0.091878
v 0.024994 -0.052989 -0.117338
v 0.014834 -0.083548 -0.064272
v 0.038271 -0.051563 -0.090875
v 0.053148 -0.061768 -0.022282
v 0.002692 -0.079903 -0.071975
v 0.054967 -0.001867 -0.12092
v 0.054968 -0.002107 -0.126597
v 0.055 0.000575 -0.127402
v 0.047219 -0.067276 -0.041893
v 0.042399 -0.087152 -0.032743
v 0.025528 -0.066879 -0.080356
v 0.054888 -0.003587 -0.122658
v 0.029042 -0.086785 -0.051352
v 0.021131 -0.054232 -0.121167
v 0.021969 -0.053245 -0.126348
v 0.034931 -0.087094 -0.044625
v 0.03975 -0.06795 -0.0589
v 0.054821 -0.004693 -0.126053
v 0.035788 -0.051822 -0.095865
v 0.029919 -0.05266 -0.106537
v 0.054918 -0.003602 -0.112462
v 0.007379 -0.063912 -0.099853
v 0.032183 -0.052622 -0.101615
v 0.031134 -0.087028 -0.049046
v 0.054699 -0.00642 -0.116322
v 0.042905 -0.051964 -0.079035
v 0.037263 -0.067762 -0.063578
v 0.008356 -0.082421 -0.06777
v 0.01124 -0.083429 -0.065743
v 0.033601 -0.068103 -0.06865
v 0.044648 -0.067278 -0.049182
v 0.054798 -0.00599 -0.112407
v 0.009622 -0.065051 -0.095993
v 0.022527 -0.054104 -0.118155
v 0.053982 -0.011278 -0.122709
v 0.054259 -0.009509 -0.128039
v 0.054617 -0.006843 -0.126347
v 0.054369 -0.009661 -0.115407
v 0.054187 -0.010527 -0.117704
v 0.021274 -0.066922 -0.08431
v 0.027938 -0.068351 -0.075325
v 0.02733 -0.053667 -0.108749
v 0.03805 -0.088406 -0.039235
v 0.053734 -0.012339 -0.129672
v 0.048466 -0.0915 -0.011825
v 0.013491 -0.065932 -0.091943
v 0.05455 -0.009711 -0.110559
v 0.027264 -0.087896 -0.051899
v 0.017687 -0.086092 -0.060127
v 0.025249 -0.053597 -0.113795
v 0.054653 -0.011712 -0.105381
v 0.049969 -0.051974 -0.0579
v 0.042459 -0.068219 -0.053034
v 0.053662 -0.013632 -0.117559
v 0.053536 -0.013338 -0.125272
v 0.032627 -0.088942 -0.045757
v 0.02163 -0.088805 -0.055177
v 0.04561 -0.089271 -0.023679
v 0.040144 -0.052441 -0.084702
v 0.035688 -0.089739 -0.041409
v 0.020121 -0.087562 -0.057297
v 0.022733 -0.069026 -0.07934
v 0.038265 -0.069248 -0.059738
v 0.005938 -0.082862 -0.067766
v 0.054231 -0.012498 -0.109956
v 0.053944 -0.01368 -0.111534
v 0.030341 -0.05378 -0.102143
v 0.053108 -0.015776 -0.119491
v 0.048925 -0.091278 -0.009584
v 0.040148 -0.090376 -0.034353
v 0.052198 -0.064459 -0.024282
v 0.042852 -0.089283 -0.030165
v 0.029762 -0.068969 -0.072276
v 0.004906 -0.064312 -0.099676
v 0.052492 -0.017933 -0.120658
v 0.053208 -0.014705 -0.126251
v 0.035578 -0.05391 -0.091365
v 0.016079 -0.066969 -0.088165
v 0.043768 -0.054077 -0.072866
v 0.039389 -0.089459 -0.036308
v 0.051154 -0.065419 -0.028863
v 0.031696 -0.069338 -0.069353
v 0.033738 -0.053287 -0.096588
v 0.053434 -0.015825 -0.11308
v 0.029863 -0.089912 -0.04774
v 0.053715 -0.062907 -0.01425
v 0.019033 -0.055119 -0.121102
v 0.052967 -0.015607 -0.128022
v 0.025472 -0.0883 -0.052984
v 0.040629 -0.093059 -0.031565
v 0.054735 -0.014182 -0.100526
v 0.04564 -0.053314 -0.069303
v 0.014862 -0.085877 -0.06168
v 0.054187 -0.01595 -0.103257
v 0.051913 -0.019469 -0.123265
v 0.051857 -0.019352 -0.127161
v 0.03812 -0.053849 -0.086258
v 0.025402 -0.05467 -0.109157
v 0.006998 -0.065567 -0.095862
v 0.052812 -0.017952 -0.114696
v 0.035549 -0.06988 -0.063228
v 0.053667 -0.016687 -0.1075
v 0.003517 -0.083301 -0.067624
v 0.044791 -0.069484 -0.045801
v 0.044273 -0.092359 -0.024752
v 0.046122 -0.068709 -0.043226
v 0.05191 -0.052112 -0.04954
v 0.018981 -0.054548 -0.125901
v 0.025884 -0.069427 -0.075763
v 0.052251 -0.019944 -0.114622
v 0.054422 -0.017662 -0.098217
v 0.054152 -0.062269 -0.009998
v 0.028697 -0.054743 -0.102565
v 0.03441 -0.091603 -0.041495
v 0.04069 -0.054484 -0.079395
v 0.045832 -0.092302 -0.02075
v 0.051094 -0.021952 -0.122056
v 0.050482 -0.023013 -0.127413
v 0.020679 -0.069127 -0.080908
v 0.037538 -0.091808 -0.037297
v 0.051396 -0.021896 -0.117612
v 0.052835 -0.019402 -0.109593
v 0.008959 -0.084957 -0.06468
v 0.052674 -0.053784 -0.042237
v 0.012065 -0.086599 -0.061962
v 0.022248 -0.055008 -0.114325
v 0.021626 -0.056389 -0.109844
v 0.002319 -0.064653 -0.099406
v 0.027372 -0.090376 -0.04958
v 0.053314 -0.063619 -0.016959
v 0.053605 -0.018563 -0.10387
v 0.023368 -0.090008 -0.052929
v 0.050169 -0.024256 -0.122419
v 0.031846 -0.054525 -0.097225
v 0.051351 -0.023043 -0.113344
v 0.010646 -0.066632 -0.091957
v 0.01789 -0.068903 -0.083326
v 0.016996 -0.055845 -0.121274
v 0.023639 -0.055519 -0.109468
v 0.013878 -0.06762 -0.088244
v 0.032741 -0.09221 -0.042922
v 0.053795 -0.020708 -0.097977
v 0.036264 -0.071122 -0.060424
v 0.052853 -0.021768 -0.103222
v 0.016091 -0.08828 -0.058662
v 0.049322 -0.02567 -0.126915
v 0.051751 -0.022893 -0.109896
v 0.05045 -0.024961 -0.114962
v 0.01786 -0.089403 -0.05673
v 0.033501 -0.055367 -0.092078
v 0.050318 -0.067582 -0.029708
v 0.040863 -0.07103 -0.052549
v 0.047879 -0.068883 -0.03753
v 0.03861 -0.092688 -0.03508
v 0.053344 -0.021828 -0.09927
v 0.047867 -0.053358 -0.06264
v 0.016411 -0.055515 -0.12552
v 0.025091 -0.090923 -0.050888
v 0.004477 -0.066256 -0.094993
v 0.049719 -0.026124 -0.117612
v 0.006883 -0.086393 -0.063559
v 0.053925 -0.052624 -0.036913
v 0.05264 -0.065695 -0.018912
v 0.048668 -0.027831 -0.120475
v 0.05448 -0.020944 -0.09267
v 0.026669 -0.055828 -0.103068
v 0.033913 -0.071108 -0.063864
v 0.051588 -0.024873 -0.10548
v 0.009594 -0.087256 -0.062014
v 0.023895 -0.070372 -0.076139
v 0.035733 -0.093559 -0.038409
v 0.042844 -0.071122 -0.048277
v 0.048087 -0.028163 -0.12693
v 0.048151 -0.028494 -0.122852
v 0.039201 -0.055525 -0.080619
v 0.027634 -0.092467 -0.047595
v 0.018358 -0.056401 -0.115515
v 0.038715 -0.071868 -0.055425
v 0.014866 -0.056518 -0.121383
v 0.013338 -0.08866 -0.059411
v 0.019932 -0.055963 -0.114645
v 0.011207 -0.068142 -0.088596
v 0.052302 -0.024482 -0.101162
v 0.05069 -0.026851 -0.106482
v 0.031023 -0.093678 -0.043549
v 0.008096 -0.067107 -0.092016
v 0.04877 -0.055149 -0.05642
v 0.049264 -0.028285 -0.112601
v 0.029868 -0.05639 -0.096087
v 0.043027 -0.092748 -0.027245
v 0.003952 -0.085925 -0.064573
v 0.048427 -0.029343 -0.115126
v 0.041488 -0.095109 -0.028619
v 0.049345 -0.092933 -0.003463
v 0.049644 -0.028875 -0.107791
v 0.015569 -0.069659 -0.083466
v 0.054201 -0.063269 -0.006525
v 0.052792 -0.026037 -0.094728
v 0.028228 -0.071444 -0.070295
v 0.031615 -0.056143 -0.093713
v 0.044704 -0.096305 -0.020891
v 0.051626 -0.026838 -0.100248
v 0.044524 -0.05527 -0.068772
v 0.048589 -0.070949 -0.032291
v 0.053335 -0.026981 -0.08981
v 0.035421 -0.056197 -0.086748
v 0.001986 -0.066277 -0.095461
v 0.053855 -0.02588 -0.088732
v 0.054361 -0.024674 -0.087705
v 0.021372 -0.092881 -0.05166
v 0.047446 -0.030992 -0.115991
v 0.050638 -0.06959 -0.02532
v 0.019447 -0.091917 -0.053588
v 0.029276 -0.072457 -0.067719
v 0.048626 -0.094476 -0.0073
v 0.047165 -0.055772 -0.060516
v 0.036421 -0.095978 -0.035805
v 0.02471 -0.056801 -0.103447
v 0.03205 -0.072438 -0.064487
v 0.022988 -0.094032 -0.049688
v 0.013512 -0.091025 -0.057051
v 0.03701 -0.097014 -0.034324
v 0.015352 -0.09216 -0.055283
v 0.039163 -0.095579 -0.032217
v 0.029281 -0.094919 -0.044216
v 0.037146 -0.056948 -0.081994
v 0.051898 -0.029125 -0.093745
v 0.016505 -0.056991 -0.115884
v 0.028321 -0.056605 -0.098166
v 0.041806 -0.057131 -0.072019
v 0.012476 -0.057168 -0.121437
v 0.013793 -0.056233 -0.126186
v 0.051003 -0.02973 -0.097254
v 0.049675 -0.030522 -0.102786
v 0.007026 -0.069109 -0.088294
v 0.004786 -0.087801 -0.062434
v 0.048219 -0.031661 -0.108106
v 0.044293 -0.034755 -0.123539
v 0.05204 -0.068285 -0.019015
v 0.052584 -0.067933 -0.015492
v 0.010726 -0.090835 -0.058112
v 0.050353 -0.030895 -0.098082
v 0.043897 -0.034919 -0.127359
v 0.019162 -0.057376 -0.110089
v 0.046575 -0.071233 -0.038597
v 0.033313 -0.096137 -0.03939
v 0.017424 -0.092677 -0.053926
v 0.051543 -0.06941 -0.020541
v 0.02427 -0.095595 -0.047595
v 0.004854 -0.068193 -0.090714
v 0.012781 -0.069738 -0.084868
v 0.007891 -0.089644 -0.059986
v 0.027729 -0.095902 -0.044788
v 0.026197 -0.072547 -0.07075
v 0.046936 -0.03359 -0.109361
v 0.053127 -0.06679 -0.012667
v 0.039361 -0.073366 -0.052378
v 0.037759 -0.097673 -0.032874
v 0.041341 -0.07357 -0.048397
v 0.042648 -0.036981 -0.123703
v 0.043868 -0.097744 -0.021936
v 0.022916 -0.057627 -0.103731
v 0.042447 -0.036884 -0.126966
v 0.046212 -0.098576 -0.014717
v 0.048613 -0.032754 -0.102662
v 0.04395 -0.073877 -0.042316
v 0.052739 -0.03149 -0.084849
v 0.019901 -0.072056 -0.076697
v 0.04945 -0.070559 -0.029436
v 0.014236 -0.057672 -0.116035
v 0.001924 -0.088322 -0.062214
v 0.043104 -0.036676 -0.121563
v 0.043044 -0.037297 -0.118401
v 0.033339 -0.057637 -0.087461
v 0.034851 -0.098367 -0.036126
v 0.005552 -0.090156 -0.059918
v 0.045172 -0.072996 -0.040343
v 0.036447 -0.073893 -0.056525
v 0.026272 -0.057671 -0.098649
v 0.030288 -0.073599 -0.065012
v 0.011543 -0.056988 -0.124388
v 0.042557 -0.099101 -0.023921
v 0.052104 -0.032708 -0.08565
v 0.03073 -0.097457 -0.041059
v 0.039606 -0.100033 -0.028622
v 0.022283 -0.072749 -0.073861
v 0.025782 -0.096988 -0.04547
v 0.034336 -0.074186 -0.059184
v 0.045225 -0.10058 -0.016335
v 0.037556 -0.058273 -0.078692
v 0.049116 -0.033895 -0.097212
v 0.05365 -0.031142 -0.080962
v 0.018703 -0.094542 -0.051715
v 0.047501 -0.034877 -0.10238
v 0.041387 -0.038272 -0.126109
v 0.016956 -0.058153 -0.110265
v 0.028039 -0.058648 -0.093616
v 0.051217 -0.032917 -0.089467
v 0.01774 -0.071702 -0.078719
v 0.044489 -0.101982 -0.017417
v 0.042974 -0.038063 -0.114996
v 0.045623 -0.036456 -0.106845
v 0.031386 -0.058682 -0.088482
v 0.009286 -0.069836 -0.086143
v 0.047205 -0.07342 -0.033976
v 0.046578 -0.035689 -0.104582
v 0.034962 -0.058784 -0.082397
v 0.041452 -0.039047 -0.119714
v 0.039109 -0.058191 -0.075846
v 0.04025 -0.057898 -0.074028
v 0.024201 -0.073469 -0.071236
v 0.008823 -0.057961 -0.121344
v 0.009675 -0.05714 -0.126619
v 0.008755 -0.09231 -0.057244
v 0.020754 -0.05853 -0.104033
v 0.050852 -0.070668 -0.022737
v 0.012311 -0.094467 -0.054355
v 0.002781 -0.09067 -0.059764
v 0.043112 -0.074159 -0.043942
v 0.001783 -0.068145 -0.091377
v 0.019839 -0.096778 -0.049336
v 0.047631 -0.036584 -0.097373
v 0.016133 -0.09547 -0.05211
v 0.040461 -0.040105 -0.12034
v 0.015424 -0.072434 -0.078908
v 0.050159 -0.034654 -0.090715
v 0.046734 -0.101355 -0.009918
v 0.047535 -0.101119 -0.004981
v 0.028814 -0.098796 -0.041811
v 0.031001 -0.100599 -0.038674
v 0.033237 -0.098819 -0.03762
v 0.040988 -0.10133 -0.025499
v 0.039665 -0.075151 -0.049676
v 0.023377 -0.059051 -0.099165
v 0.006451 -0.092852 -0.057209
v 0.011663 -0.071976 -0.081478
v 0.010251 -0.058097 -0.118908
v 0.013807 -0.09597 -0.052583
v 0.035248 -0.10169 -0.033539
v 0.046289 -0.037855 -0.09981
v 0.011135 -0.058579 -0.115506
v 0.048907 -0.037251 -0.090485
v 0.047801 -0.100859 -0.002224
v 0.038666 -0.041885 -0.121554
v 0.03945 -0.04045 -0.126591
v 0.047372 -0.099684 -0.008422
v 0.041249 -0.040485 -0.11375
v 0.038403 -0.102228 -0.029096
v 0.042312 -0.040276 -0.109464
v 0.036783 -0.102058 -0.031431
v 0.024075 -0.099698 -0.044675
v 0.031927 -0.102467 -0.03661
v 0.02187 -0.099298 -0.046293
v 0.027014 -0.10007 -0.042364
v 0.009818 -0.095261 -0.054365
v 0.006849 -0.05763 -0.126283
v 0.013207 -0.073088 -0.078977
v 0.00372 -0.093399 -0.057092
v 0.053778 -0.035415 -0.072869
v 0.028209 -0.075572 -0.064661
v 0.033721 -0.102694 -0.034639
v 0.039844 -0.04191 -0.114527
v 0.049679 -0.073489 -0.024788
v 0.016374 -0.098183 -0.049846
v 0.038062 -0.043209 -0.11739
v 0.004182 -0.070012 -0.08727
v 0.047452 -0.03902 -0.092335
v 0.028054 -0.102777 -0.039777
v 0.007557 -0.095838 -0.054369
v 0.036831 -0.043577 -0.122412
v 0.03778 -0.042135 -0.127283
v 0.001658 -0.069941 -0.0878
v 0.019895 -0.099613 -0.047137
v 0.040665 -0.07628 -0.04653
v 0.046019 -0.103227 -0.011245
v 0.00667 -0.071089 -0.084717
v 0.011269 -0.097578 -0.052075
v 0.02543 -0.102507 -0.041861
v 0.035268 -0.044879 -0.123495
v 0.036064 -0.043761 -0.127357
v 0.029411 -0.103458 -0.038253
v 0.040503 -0.042701 -0.108553
v 0.016771 -0.100325 -0.048076
v 0.00189 -0.095183 -0.055649
v 0.004878 -0.096428 -0.054296
v 0.01269 -0.0995 -0.050163
v 0.004762 -0.057807 -0.126769
v 0.034524 -0.045166 -0.126858
v 0.046865 -0.103444 -0.006318
v 0.023683 -0.103782 -0.042148
v 0.008888 -0.099408 -0.051199
v 0.019376 -0.10321 -0.044855
v 0.021343 -0.103507 -0.043669
v 0.016953 -0.102858 -0.046185
v 0.002005 -0.058123 -0.125626
v 0.012968 -0.10184 -0.048329
v 0.033514 -0.045763 -0.129742
v 0.054919 0.003064 -0.12745
v 0.054702 0.005764 -0.127342
v 0.054367 0.008345 -0.126946
v 0.05386 0.011165 -0.127187
v 0.053163 0.014122 -0.127224
v 0.05236 0.016849 -0.127553
v 0.051464 0.019418 -0.127487
v 0.050365 0.022116 -0.127106
v 0.049105 0.024782 -0.12732
v 0.047895 0.027045 -0.12744
v 0.046544 0.029312 -0.127503
v 0.044459 0.032381 -0.127156
v 0.043144 0.034118 -0.127353
v 0.029013 -0.047712 -0.148539
v 0.031309 -0.046391 -0.144735
v 0.029198 -0.04808 -0.140681
v 0.054802 -0.004682 -0.175424
v 0.054914 -0.003122 -0.177823
v 0.054241 0.00914 -0.17317
v 0.053836 0.011283 -0.168676
v 0.022947 -0.051978 -0.134987
v 0.020097 -0.052468 -0.144659
v 0.023553 -0.051059 -0.143405
v 0.03428 0.043017 -0.171894
v 0.05294 -0.014949 -0.176927
v 0.053338 -0.013548 -0.168434
v 0.015899 -0.054916 -0.133185
v 0.053749 -0.011788 -0.168234
v 0.019674 -0.053615 -0.132726
v 0.053359 -0.013598 -0.158028
v 0.053397 -0.013567 -0.148496
v 0.052683 -0.016239 -0.148808
v 0.026197 -0.049363 -0.14869
v 0.027098 -0.049361 -0.140645
v 0.039349 -0.039583 -0.142734
v 0.038422 -0.040751 -0.138715
v 0.037341 -0.04129 -0.148351
v 0.01251 -0.055586 -0.135868
v 0.04713 -0.029607 -0.133975
v 0.045427 -0.032385 -0.133423
v 0.046608 -0.030122 -0.142897
v 0.05262 -0.0163 -0.1581
v 0.047682 -0.028259 -0.143581
v 0.035308 -0.043262 -0.145315
v 0.036368 -0.042633 -0.140123
v 0.033467 -0.045079 -0.140115
v 0.04373 -0.033896 -0.155819
v 0.045007 -0.032029 -0.159383
v 0.04526 -0.03195 -0.150221
v 0.035864 0.041702 -0.169258
v 0.04981 -0.023477 -0.169506
v 0.048574 -0.026197 -0.158444
v 0.048604 -0.025975 -0.166194
v 0.049774 -0.023808 -0.156768
v 0.051976 -0.018036 -0.175566
v 0.051777 -0.018807 -0.162313
v 0.017623 -0.053692 -0.140694
v 0.051228 -0.02008 -0.175597
v 0.05075 -0.021429 -0.164786
v 0.050425 -0.022029 -0.175357
v 0.010668 -0.055894 -0.136982
v 0.036959 0.040732 -0.174436
v 0.038166 -0.039852 -0.166455
v 0.037697 -0.040154 -0.172956
v 0.039275 -0.03864 -0.171056
v 0.036465 -0.041313 -0.170774
v 0.033334 -0.043881 -0.17091
v 0.034185 -0.043369 -0.165147
v 0.032382 -0.044761 -0.164453
v 0.009363 -0.055982 -0.13885
v 0.02272 -0.050893 -0.152341
v 0.038424 0.03936 -0.172875
v 0.03065 -0.046255 -0.156752
v 0.018658 -0.051943 -0.166843
v 0.016122 -0.052845 -0.164936
v 0.01678 -0.052446 -0.172866
v 0.014965 -0.054549 -0.140515
v 0.042849 -0.034887 -0.160234
v 0.040836 -0.037705 -0.148168
v 0.041709 -0.036179 -0.163253
v 0.043831 -0.033525 -0.163813
v 0.039511 0.038267 -0.169797
v 0.02755 -0.048178 -0.157027
v 0.00613 -0.056741 -0.135716
v 0.039965 -0.038142 -0.162529
v 0.040718 0.036978 -0.171849
v 0.044519 -0.032348 -0.176935
v 0.044565 -0.03239 -0.170239
v 0.04305 -0.034361 -0.171766
v 0.039129 -0.03934 -0.152982
v 0.038203 -0.040004 -0.16005
v 0.003647 -0.056831 -0.137203
v 0.035356 -0.042747 -0.15542
v 0.033245 -0.044405 -0.15634
v 0.042342 0.03511 -0.171986
v 0.012641 -0.054796 -0.14528
v 0.047211 -0.028268 -0.176553
v 0.048575 -0.025859 -0.176316
v 0.047429 -0.028055 -0.167277
v 0.017138 -0.053138 -0.15111
v 0.04668 -0.029229 -0.170776
v 0.042082 -0.035568 -0.170428
v 0.040582 -0.037279 -0.170339
v 0.030655 -0.045939 -0.165388
v 0.022598 -0.050544 -0.161203
v 0.02565 -0.049064 -0.161107
v 0.014437 -0.054002 -0.150368
v 0.043871 0.033178 -0.168041
v 0.045872 -0.030399 -0.176479
v 0.019543 -0.052062 -0.155567
v 0.051784 0.018535 -0.17333
v 0.050927 0.020787 -0.172056
v 0.052408 0.016702 -0.168989
v 0.052058 0.017765 -0.181132
v 0.027719 -0.047756 -0.165904
v 0.0116 -0.05381 -0.173993
v 0.011112 -0.054079 -0.166011
v 0.009373 -0.054296 -0.17044
v 0.05399 -0.010835 -0.14659
v 0.053935 -0.011017 -0.156248
v 0.007063 -0.054639 -0.170555
v 0.008174 -0.054418 -0.175161
v 0.05308 0.014423 -0.170775
v 0.045635 0.030706 -0.172112
v 0.054427 -0.008144 -0.152801
v 0.049854 -0.024112 -0.13875
v 0.012646 0.05353 -0.174249
v 0.014506 0.053061 -0.167976
v 0.048596 -0.02682 -0.136031
v 0.01605 0.052605 -0.176107
v 0.018061 0.051956 -0.173757
v 0.005042 -0.055978 -0.1463
v 0.007057 -0.056174 -0.14083
v 0.048658 -0.026453 -0.143331
v 0.010935 -0.054969 -0.1483
v 0.046961 0.02864 -0.171255
v 0.008141 -0.055479 -0.148124
v 0.015901 -0.05323 -0.156875
v 0.018429 -0.05225 -0.160339
v 0.022659 -0.050225 -0.170848
v 0.01929 -0.051572 -0.173526
v 0.020699 -0.051073 -0.170546
v 0.048529 0.025895 -0.171342
v 0.054619 -0.006813 -0.131236
v 0.051475 -0.020304 -0.13181
v 0.054908 -0.003451 -0.131381
v 0.013281 -0.053911 -0.157578
v 0.054994 -0.001079 -0.134457
v 0.054989 0.001114 -0.134787
v 0.035213 -0.042404 -0.169783
v 0.050912 -0.0215 -0.143057
v 0.049799 -0.024008 -0.146585
v 0.031474 -0.045179 -0.174344
v 0.02941 -0.04654 -0.174789
v 0.044539 0.032269 -0.176073
v 0.042604 -0.036151 -0.136506
v 0.047826 0.027174 -0.176111
v 0.040552 -0.038844 -0.132449
v 0.049827 0.023299 -0.170277
v 0.048613 -0.02631 -0.151109
v 0.020428 -0.051384 -0.163408
v 0.050843 -0.021491 -0.15058
v 0.002662 -0.056517 -0.141487
v 0.041085 -0.037884 -0.138563
v 0.026739 -0.048091 -0.177469
v 0.054787 -0.005062 -0.147026
v 0.054988 -0.00166 -0.15037
v 0.054993 -0.001565 -0.142073
v 0.007137 -0.055181 -0.155528
v 0.010604 -0.054633 -0.155135
v 0.043787 -0.034108 -0.147676
v 0.044611 -0.033441 -0.136798
v 0.025592 -0.048746 -0.174451
v 0.039204 -0.040213 -0.134179
v 0.054443 -0.008092 -0.145759
v 0.037374 -0.042091 -0.133647
v 0.035512 -0.043821 -0.133392
v 0.05495 0.002396 -0.179852
v 0.055001 0.000446 -0.179932
v 0.008081 -0.054763 -0.161961
v 0.051119 -0.021091 -0.138395
v 0.054799 -0.004877 -0.154717
v 0.054947 -0.002542 -0.158181
v 0.055 0 -0.158573
v 0.052058 -0.018366 -0.143434
v 0.052354 -0.017626 -0.133774
v 0.054378 -0.008319 -0.174082
v 0.054015 -0.010404 -0.175162
v 0.013501 -0.053548 -0.165681
v 0.04225 -0.036097 -0.147082
v 0.051826 -0.018839 -0.152605
v 0.003827 -0.055512 -0.155443
v 0.00253 -0.055954 -0.149187
v 0.05277 -0.015724 -0.163287
v 0.014451 -0.053151 -0.171793
v 0.051038 -0.020814 -0.159286
v 0.025609 -0.050657 -0.134577
v 0.023967 -0.049601 -0.171706
v 0.033416 -0.044661 -0.148033
v 0.04566 -0.030877 -0.167481
v 0.004664 -0.055097 -0.163449
v 0.036793 -0.041342 -0.159129
v 0.002091 -0.05543 -0.158891
v 0.05468 0.005992 -0.168948
v 0.020052 0.051224 -0.168685
v 0.005223 -0.054845 -0.170825
v 0.002765 -0.055134 -0.166141
v 0.025108 0.04894 -0.172867
v 0.02354 0.049713 -0.171585
v 0.025958 0.048493 -0.167504
v 0.054923 0.003019 -0.172057
v 0.002277 -0.054996 -0.173775
v 0.054996 0.000708 -0.16884
v 0.001966 0.054968 -0.173369
v 0.010938 0.053904 -0.170357
v 0.00703 0.054551 -0.175014
v 0.030877 -0.047592 -0.131947
v 0.054656 0.006205 -0.180745
v 0.054992 -0.001162 -0.169861
v 0.05459 -0.006837 -0.169254
v 0.028348 0.047139 -0.169306
v 0.030695 0.045645 -0.168646
v 0.005539 0.054722 -0.171587
v 0.0465 -0.030034 -0.150525
v 0.047587 -0.028086 -0.154617
v 0.045282 -0.032232 -0.141929
v 0.046153 -0.030331 -0.159292
v 0.0546 0 -0.189972
v 0.0546 0.000988 -0.187009
v 0.0546 -0.000988 -0.187009
v 0.0546 -0.002528 0
v 0.0546 -0.005491 -0.000988
v 0.0546 -0.005491 0.000988
vn 0.3811 -0.8869 0.2609
vn 0.4274 -0.9038 0.0208
vn 0.063 -0.716 -0.6952
vn 0.0558 -0.7032 -0.7088
vn 0.361 -0.9297 -0.0727
vn 0.296 -0.9433 -0.15
vn 0.244 -0.9639 0.1062
vn 0.2189 -0.9436 -0.2485
vn 0.5968 -0.7985 -0.0789
vn 0.0434 -0.9552 0.2926
vn 0.1461 -0.9341 -0.3256
vn 0.3821 -0.7013 0.6018
vn 0.0911 -0.9944 -0.0538
vn 0.4063 -0.8483 -0.3397
vn 0.0033 -0.9864 -0.1641
vn 0.2384 -0.8455 0.4778
vn 0.0154 -0.9892 -0.1457
vn 0.551 -0.7171 0.4267
vn 0.1898 -0.7874 -0.5866
vn 0.1589 -0.8931 0.4208
vn 0.4787 -0.8761 0.0567
vn 0.112 -0.7472 -0.6551
vn 0.4275 -0.8506 0.3061
vn 0.7604 -0.644 0.0843
vn 0.0206 -0.9655 0.2594
vn 0.3602 -0.7314 0.5791
vn 0.6406 -0.7668 -0.0407
vn 0.2549 -0.9487 -0.187
vn 0.1736 -0.9407 -0.2916
vn 0.2853 -0.8058 0.5189
vn 0.0461 -0.8953 -0.4431
vn 0.3805 -0.8485 -0.3678
vn 0.2446 -0.8063 -0.5386
vn 0.2397 -0.805 -0.5426
vn 0.0629 -0.9522 0.2989
vn 0.3306 -0.7743 0.5396
vn 0.0171 -0.66 -0.751
vn 0.3338 -0.918 0.2141
vn 0.2635 -0.9567 0.1234
vn 0.1056 -0.9322 0.3461
vn 0.1038 -0.9333 0.3438
vn 0.1903 -0.9809 0.04
vn 0.1563 -0.9336 -0.3224
vn 0.0248 -0.965 0.261
vn 0.1082 -0.9932 -0.0428
vn 0.0188 -0.881 -0.4727
vn 0.6694 -0.7016 0.2442
vn 0.5153 -0.7693 0.3776
vn 0.0671 -0.689 -0.7216
vn 0.5504 -0.8244 0.1322
vn 0.7021 -0.7119 0.0161
vn 0.4502 -0.8338 0.3195
vn 0.7071 -0.7064 0.0314
vn 0.4816 -0.8746 0.0561
vn 0.0061 -0.9759 0.2182
vn 0.3025 -0.9378 0.1704
vn 0.3429 -0.9347 -0.0936
vn 0.5279 -0.8262 -0.1969
vn 0.2699 -0.9442 -0.189
vn 0.1646 -0.9863 -0.0059
vn 0.1208 -0.9246 -0.3613
vn 0.0753 -0.9928 -0.0935
vn 0.0722 -0.9037 -0.4219
vn 0.0884 -0.9927 -0.0826
vn 0.112 -0.7157 -0.6893
vn 0.1429 -0.9205 0.3635
vn 0.7062 -0.6529 0.2737
vn 0.0322 -0.6548 -0.7551
vn 0.138 -0.9239 0.3568
vn 0.5572 -0.7269 0.4013
vn 0.7419 -0.6672 0.0669
vn 0.7506 -0.657 0.0703
vn 0.6251 -0.7769 -0.0752
vn 0.4069 -0.9125 -0.0426
vn 0.2506 -0.8461 0.4705
vn 0.4477 -0.8409 -0.3041
vn 0.3772 -0.8349 -0.4008
vn 0.1898 -0.8947 0.4043
vn 0.3083 -0.8204 -0.4816
vn 0.2135 -0.9754 0.0552
vn 0.1546 -0.7429 -0.6513
vn 0.169 -0.7552 -0.6333
vn 0.439 -0.6606 0.609
vn 0.0411 -0.8852 -0.4633
vn 0.3767 -0.7425 0.5539
vn 0.5945 -0.6823 0.4255
vn 0.6681 -0.743 -0.0394
vn 0.5661 -0.812 0.1423
vn 0.4888 -0.8327 -0.2601
vn 0.4928 -0.832 -0.2549
vn 0.513 -0.8551 0.0753
vn 0.3932 -0.8838 0.2534
vn 0.444 -0.896 0.0095
vn 0.4169 -0.6963 0.5843
vn 0.1875 -0.9823 0.0035
vn 0.0575 -0.6617 -0.7476
vn 0.2854 -0.8286 0.4817
vn 0.0046 -0.8648 -0.502
vn 0.2141 -0.8817 0.4204
vn 0.544 -0.8133 -0.2063
vn 0.6163 -0.7675 0.1765
vn 0.5087 -0.7885 0.3456
vn 0.6135 -0.7706 0.1724
vn 0.5189 -0.7785 0.3531
vn 0.0639 -0.968 0.2426
vn 0.3354 -0.8223 -0.4598
vn 0.3111 -0.9372 0.1576
vn 0.3349 -0.7923 0.51
vn 0.3305 -0.7957 0.5075
vn 0.1231 -0.7066 -0.6969
vn 0.7334 -0.6787 0.0392
vn 0.282 -0.9377 -0.203
vn 0.1904 -0.9089 0.371
vn 0.5734 -0.805 -0.1521
vn 0.0147 -0.9781 -0.2076
vn 0.0161 -0.9796 -0.2001
vn 0.4398 -0.8311 -0.3405
vn 0.3827 -0.8288 -0.4083
vn 0.3729 -0.7548 0.5396
vn 0.3096 -0.8119 -0.495
vn 0.2263 -0.775 -0.59
vn 0.4275 -0.8615 0.2741
vn 0.357 -0.9134 0.1954
vn 0.3927 -0.9169 -0.0717
vn 0.3272 -0.932 -0.1559
vn 0.0844 -0.9618 0.2606
vn 0.5532 -0.8078 -0.2033
vn 0.0886 -0.9582 0.2721
vn 0.4821 -0.8279 -0.2867
vn 0.4273 -0.7047 0.5664
vn 0.1024 -0.8981 -0.4277
vn 0.3493 -0.8176 -0.4577
vn 0.2771 -0.7949 -0.5398
vn 0.0668 -0.987 -0.1465
vn 0.1419 -0.704 -0.6959
vn 0.4017 -0.8871 0.2274
vn 0.4515 -0.8922 -0.0156
vn 0.4419 -0.8964 -0.0339
vn 0.5969 -0.7893 -0.1437
vn 0.4674 -0.6646 0.5829
vn 0.5231 -0.8155 -0.2475
vn 0.477 -0.6558 0.5851
vn 0.2383 -0.9348 -0.2634
vn 0.2467 -0.8749 0.4168
vn 0.2623 -0.8634 0.4311
vn 0.1038 -0.6847 -0.7214
vn 0.0141 -0.8566 -0.5157
vn 0.6379 -0.6503 0.4126
vn 0.5733 -0.7258 0.3802
vn 0.6427 -0.7599 -0.0976
vn 0.04 -0.9794 0.198
vn 0.3823 -0.764 0.5198
vn 0.4462 -0.8248 -0.3473
vn 0.3104 -0.8285 0.4661
vn 0.353 -0.9265 -0.1302
vn 0.3014 -0.9462 0.1173
vn 0.282 -0.9292 -0.2388
vn 0.2331 -0.7671 -0.5977
vn 0.1632 -0.7275 -0.6664
vn 0.1536 -0.9868 -0.0505
vn 0.0834 -0.6488 -0.7564
vn 0.1389 -0.9103 -0.3899
vn 0.6812 -0.7296 -0.0611
vn 0.0151 -0.9878 0.1549
vn 0.0107 -0.9912 0.1316
vn 0.7246 -0.6494 0.2308
vn 0.6163 -0.6803 0.3967
vn 0.4245 -0.7182 0.5513
vn 0.4228 -0.7203 0.5499
vn 0.5292 -0.8458 0.0677
vn 0.4891 -0.8199 0.2975
vn 0.2888 -0.8572 0.4263
vn 0.3479 -0.9246 0.1555
vn 0.2892 -0.7846 -0.5485
vn 0.2106 -0.7418 -0.6367
vn 0.7165 -0.6973 -0.0209
vn 0.1319 -0.9478 0.2903
vn 0.1273 -0.9512 0.281
vn 0.1898 -0.9125 -0.3623
vn 0.0657 -0.9754 0.2103
vn 0.4683 -0.6789 0.5654
vn 0.686 -0.6954 0.2141
vn 0.323 -0.8233 0.4667
vn 0.7507 -0.6606 0.008
vn 0.3887 -0.8996 0.1991
vn 0.7666 -0.6419 0.0165
vn 0.0345 -0.9852 0.1678
vn 0.2313 -0.924 -0.3044
vn 0.2601 -0.9642 0.052
vn 0.3703 -0.7831 0.4996
vn 0.2521 -0.9667 0.0438
vn 0.2412 -0.9249 -0.2938
vn 0.1486 -0.908 -0.3918
vn 0.4456 -0.8114 -0.3781
vn 0.0046 -0.8365 -0.5479
vn 0.1677 -0.9372 0.3059
vn 0.6379 -0.6551 0.4048
vn 0.6496 -0.6481 0.3974
vn 0.1589 -0.6902 -0.7059
vn 0.5736 -0.738 0.3555
vn 0.5025 -0.808 0.3075
vn 0.6696 -0.7369 -0.0929
vn 0.5546 -0.8279 0.084
vn 0.6093 -0.7785 -0.1507
vn 0.4478 -0.857 0.255
vn 0.5092 -0.6442 0.5707
vn 0.4874 -0.8081 -0.3307
vn 0.4965 -0.8093 -0.314
vn 0.4159 -0.8101 -0.4132
vn 0.3101 -0.9448 0.1061
vn 0.2049 -0.718 -0.6652
vn 0.2104 -0.9123 0.3513
vn 0.1653 -0.9838 -0.0686
vn 0.2166 -0.7301 -0.6482
vn 0.2117 -0.9162 0.3402
vn 0.0625 -0.8735 -0.4829
vn 0.0856 -0.9825 -0.1656
vn 0.0618 -0.8551 -0.5148
vn 0.7224 -0.655 0.2214
vn 0.6501 -0.7374 0.1835
vn 0.6129 -0.6924 0.3807
vn 0.6001 -0.7911 0.1184
vn 0.5445 -0.7669 0.3396
vn 0.335 -0.7867 -0.5186
vn 0.3233 -0.7756 -0.5422
vn 0.4117 -0.9047 -0.1094
vn 0.3348 -0.921 -0.1994
vn 0.3365 -0.9209 -0.1968
vn 0.2602 -0.8904 0.3734
vn 0.1195 -0.655 -0.7461
vn 0.1756 -0.9363 0.3041
vn 0.1206 -0.883 -0.4535
vn 0.1062 -0.8744 -0.4734
vn 0.6288 -0.764 -0.1446
vn 0.2191 -0.9756 -0.0162
vn 0.1363 -0.9845 -0.1108
vn 0.5735 -0.7905 -0.2151
vn 0.3982 -0.7867 -0.4718
vn 0.3756 -0.7914 -0.4822
vn 0.3853 -0.79 0.4769
vn 0.5139 -0.8578 0.011
vn 0.3043 -0.8594 0.4109
vn 0.3768 -0.9157 -0.1395
vn 0.0873 -0.9767 0.1961
vn 0.2543 -0.967 0.0136
vn 0.0063 -0.9968 0.0795
vn 0.0189 -0.9931 0.1161
vn 0.4148 -0.812 -0.4106
vn 0.4282 -0.7472 0.5083
vn 0.4228 -0.7517 0.5062
vn 0.2756 -0.7532 -0.5972
vn 0.0445 -0.9681 -0.2464
vn 0.6648 -0.7266 0.1735
vn 0.1215 -0.6541 -0.7466
vn 0.6185 -0.7756 0.1261
vn 0.7016 -0.7103 -0.0559
vn 0.6047 -0.7702 -0.2028
vn 0.4437 -0.8688 0.2197
vn 0.5443 -0.7893 -0.2842
vn 0.1315 -0.9646 0.2285
vn 0.1451 -0.9584 0.2458
vn 0.2108 -0.9074 -0.3635
vn 0.1272 -0.882 -0.4537
vn 0.2321 -0.9726 -0.0133
vn 0.743 -0.6689 -0.0239
vn 0.0693 -0.8507 -0.5211
vn 0.1519 -0.9831 -0.1019
vn 0.1906 -0.9397 0.2839
vn 0.0843 -0.9786 -0.1875
vn 0.534 -0.8445 0.0407
vn 0.3692 -0.7806 -0.5044
vn 0.4893 -0.8307 0.2654
vn 0.4845 -0.8355 0.2591
vn 0.157 -0.6562 -0.7381
vn 0.1636 -0.6603 -0.733
vn 0.6806 -0.7224 -0.1221
vn 0.369 -0.9213 0.1225
vn 0.0378 -0.8262 -0.5622
vn 0.6843 -0.7054 0.185
vn 0.1306 -0.9811 -0.1426
vn 0.5806 -0.8114 0.0673
vn 0.289 -0.7401 -0.6072
vn 0.0871 -0.9852 0.1474
vn 0.2102 -0.6921 -0.6905
vn 0.5138 -0.8579 0.0074
vn 0.2111 -0.693 -0.6893
vn 0.5015 -0.865 -0.0175
vn 0.4585 -0.885 -0.0808
vn 0.3523 -0.8239 0.444
vn 0.3834 -0.9055 -0.1816
vn 0.5251 -0.7927 -0.3098
vn 0.4076 -0.8974 0.1688
vn 0.3014 -0.9189 -0.2546
vn 0.2306 -0.9104 -0.3434
vn 0.2796 -0.8893 0.362
vn 0.1681 -0.8888 -0.4264
vn 0.3396 -0.757 -0.5583
vn 0.2554 -0.717 -0.6486
vn 0.0803 -0.8484 -0.5233
vn 0.0143 -0.6633 0.7482
vn 0.7469 -0.6639 -0.0375
vn 0.1261 -0.9704 0.2061
vn 0.7524 -0.6573 -0.0429
vn 0.0441 -0.6547 0.7546
vn 0.0099 -0.6884 0.7252
vn 0.0647 -0.9921 0.1071
vn 0.5807 -0.773 -0.2553
vn 0.4696 -0.7146 0.5184
vn 0.0349 -0.9636 -0.2651
vn 0.0634 -0.6621 0.7467
vn 0.3835 -0.7636 -0.5194
vn 0.0378 -0.7025 0.7107
vn 0.0857 -0.6523 0.7531
vn 0.4523 -0.8672 0.2084
vn 0.2806 -0.912 -0.2994
vn 0.7201 -0.6898 -0.0746
vn 0.3664 -0.9222 0.1239
vn 0.0626 -0.6949 0.7164
vn 0.1805 -0.9527 0.2444
vn 0.1171 -0.6569 0.7448
vn 0.2172 -0.8981 -0.3824
vn 0.6167 -0.7579 -0.2126
vn 0.3101 -0.9492 0.053
vn 0.3152 -0.9473 0.0578
vn 0.4863 -0.7821 -0.3896
vn 0.4207 -0.7737 -0.4737
vn 0.1124 -0.6518 0.75
vn 0.5886 -0.8054 0.0702
vn 0.2848 -0.7285 -0.6231
vn 0.0275 -0.7305 0.6824
vn 0.0883 -0.9767 -0.1956
vn 0.081 -0.6993 0.7103
vn 0.3078 -0.8718 0.3811
vn 0.6468 -0.7456 -0.1606
vn 0.2386 -0.9192 0.3132
vn 0.325 -0.9114 -0.2525
vn 0.334 -0.911 -0.242
vn 0.5614 -0.7703 0.3023
vn 0.0827 -0.9845 0.1545
vn 0.1166 -0.6842 0.7199
vn 0.3209 -0.7369 -0.595
vn 0.0458 -0.7456 0.6648
vn 0.1116 -0.8537 -0.5087
vn 0.0174 -0.9981 0.0592
vn 0.4888 -0.6961 0.5259
vn 0.0462 -0.8161 -0.5761
vn 0.7581 -0.6499 -0.0539
vn 0.4098 -0.7834 0.4672
vn 0.0208 -0.7738 0.6331
vn 0.3609 -0.8342 0.417
vn 0.3589 -0.836 0.4151
vn 0.6335 -0.7652 0.1146
vn 0.6343 -0.7458 -0.2039
vn 0.2054 -0.976 -0.0722
vn 0.5683 -0.8223 0.0307
vn 0.2104 -0.9752 -0.068
vn 0.5648 -0.776 -0.2807
vn 0.507 -0.7776 -0.3719
vn 0.5127 -0.7794 -0.36
vn 0.4466 -0.7772 -0.4434
vn 0.0264 -0.7725 0.6345
vn 0.1652 -0.6551 0.7373
vn 0.3683 -0.7483 -0.5518
vn 0.4337 -0.8938 -0.1138
vn 0.6682 -0.6472 0.3668
vn 0.3797 -0.9076 -0.1792
vn 0.5953 -0.7351 0.3245
vn 0.0071 -0.7981 0.6025
vn 0.1343 -0.6892 0.712
vn 0.6629 -0.7317 -0.1587
vn 0.5289 -0.6544 0.5404
vn 0.6112 -0.7516 -0.2481
vn 0.4627 -0.7369 0.4929
vn 0.0171 -0.7952 -0.6061
vn 0.1762 -0.669 0.722
vn 0.7309 -0.6543 0.1942
vn 0.0881 -0.7435 0.6629
vn 0.0954 -0.738 0.668
vn 0.2107 -0.6571 -0.7237
vn 0.2048 -0.6537 -0.7285
vn 0.1944 -0.9536 0.23
vn 0.5376 -0.7686 -0.3468
vn 0.1743 -0.6687 0.7228
vn 0.027 -0.9981 0.0557
vn 0.4609 -0.7695 -0.442
vn 0.5091 -0.6889 0.5159
vn 0.6285 -0.6961 0.3471
vn 0.2914 -0.9039 -0.3132
vn 0.2634 -0.692 -0.6721
vn 0.2546 -0.6854 -0.6822
vn 0.3756 -0.9199 0.1128
vn 0.2083 -0.6526 0.7285
vn 0.2304 -0.9315 0.2814
vn 0.1455 -0.7197 0.6789
vn 0.1345 -0.7309 0.6691
vn 0.0698 -0.7837 0.6172
vn 0.081 -0.9688 -0.2343
vn 0.6175 -0.7438 -0.2558
vn 0.5453 -0.7632 -0.3466
vn 0.1859 -0.8827 -0.4316
vn 0.0923 -0.7767 0.623
vn 0.5463 -0.7873 0.2858
vn 0.4856 -0.7672 -0.4191
vn 0.2808 -0.9058 0.3173
vn 0.4264 -0.7563 -0.4961
vn 0.4169 -0.7516 -0.5111
vn 0.4895 -0.8454 0.2138
vn 0.0273 -0.7973 -0.6029
vn 0.2879 -0.9014 0.3232
vn 0.4235 -0.8916 0.1603
vn 0.7089 -0.694 -0.1256
vn 0.1465 -0.9729 0.1787
vn 0.6517 -0.7277 -0.214
vn 0.1863 -0.7097 0.6794
vn 0.1944 -0.6969 0.6903
vn 0.1317 -0.9806 0.1454
vn 0.5133 -0.8568 -0.0487
vn 0.5067 -0.8597 -0.0653
vn 0.0732 -0.9935 0.0868
vn 0.5302 -0.6631 0.5283
vn 0.4461 -0.8844 -0.1373
vn 0.0361 -0.8275 0.5603
vn 0.0457 -0.8186 0.5725
vn 0.471 -0.7387 0.4822
vn 0.312 -0.8977 -0.311
vn 0.2646 -0.6466 -0.7154
vn 0.2472 -0.6496 0.7189
vn 0.2379 -0.6563 0.716
vn 0.2678 -0.6439 -0.7167
vn 0.7583 -0.6472 -0.0781
vn 0.1683 -0.8576 -0.4859
vn 0.5963 -0.746 0.2965
vn 0.5786 -0.7546 -0.3095
vn 0.1003 -0.8226 -0.5597
vn 0.0007 -0.776 -0.6307
vn 0.3861 -0.726 -0.5691
vn 0.6706 -0.7303 0.13
vn 0.312 -0.6898 -0.6534
vn 0.6614 -0.7406 0.1183
vn 0.4032 -0.909 0.1052
vn 0.3064 -0.6826 -0.6634
vn 0.056 -0.8152 0.5764
vn 0.7248 -0.6804 -0.1085
vn 0.5548 -0.8319 -0.0159
vn 0.6764 -0.7124 -0.187
vn 0.4813 -0.8725 -0.0842
vn 0.1968 -0.9716 -0.1312
vn 0.1082 -0.7806 0.6156
vn 0.2307 -0.6849 0.6911
vn 0.3604 -0.7068 -0.6087
vn 0.2753 -0.8964 -0.3473
vn 0.2054 -0.8811 -0.426
vn 0.1343 -0.8473 -0.5139
vn 0.2393 -0.933 0.269
vn 0.5927 -0.7425 -0.3121
vn 0.449 -0.8772 0.1702
vn 0.4712 -0.7375 -0.4838
vn 0.7106 -0.6854 0.1589
vn 0.0046 -0.9999 -0.0095
vn 0.7413 -0.6614 -0.1142
vn 0.5534 -0.6542 0.5155
vn 0.3038 -0.9527 -0.0019
vn 0.4975 -0.7264 0.4742
vn 0.426 -0.7963 0.4295
vn 0.4268 -0.7884 0.4429
vn 0.5127 -0.7466 -0.4239
vn 0.1577 -0.9735 -0.1658
vn 0.3337 -0.8977 -0.2878
vn 0.3463 -0.8641 0.3652
vn 0.3698 -0.7074 -0.6023
vn 0.0446 -0.8482 0.5278
vn 0.1594 -0.7611 0.6288
vn 0.013 -0.9425 -0.334
vn 0.6104 -0.733 -0.3002
vn 0.1527 -0.7685 0.6214
vn 0.5657 -0.738 -0.3679
vn 0.687 -0.7161 0.1235
vn 0.4319 -0.7249 -0.5366
vn 0.5765 -0.8171 0.0014
vn 0.4238 -0.8964 0.1295
vn 0.4373 -0.8836 -0.1676
vn 0.3571 -0.9328 0.0489
vn 0.6514 -0.7175 -0.2467
vn 0.3951 -0.8245 0.4052
vn 0.5244 -0.7435 -0.4149
vn 0.0526 -0.8512 0.5222
vn 0.4727 -0.736 -0.4846
vn 0.2105 -0.97 -0.1217
vn 0.1416 -0.9677 -0.2087
vn 0.7455 -0.6554 -0.1212
vn 0.1208 -0.8097 0.5743
vn 0.1086 -0.8208 0.5608
vn 0.6918 -0.6963 -0.1912
vn 0.1706 -0.8529 -0.4934
vn 0.1845 -0.9657 0.1829
vn 0.6506 -0.6845 0.3288
vn 0.0798 -0.8122 -0.5779
vn 0.5893 -0.7479 0.3056
vn 0.7258 -0.6701 0.1556
vn 0.5362 -0.8098 0.2382
vn 0.0475 -0.9986 0.0215
vn 0.6175 -0.785 0.0501
vn 0.3048 -0.65 -0.6961
vn 0.5171 -0.7028 0.4886
vn 0.3135 -0.6643 -0.6786
vn 0.5445 -0.8376 -0.0453
vn 0.0129 -0.8849 0.4655
vn 0.2872 -0.6612 0.6931
vn 0.2089 -0.7373 0.6425
vn 0.4978 -0.7244 -0.477
vn 0.1981 -0.7501 0.631
vn 0.2639 -0.9628 -0.0584
vn 0.4215 -0.7137 -0.5595
vn 0.2547 -0.9644 -0.0714
vn 0.3525 -0.6909 -0.6312
vn 0.2302 -0.9447 0.2334
vn 0.2846 -0.8865 -0.3648
vn 0.1872 -0.9697 -0.1573
vn 0.7086 -0.6825 -0.1793
vn 0.1135 -0.9593 -0.2587
vn 0.6539 -0.7143 -0.2493
vn 0.5883 -0.7238 -0.3607
vn 0.2593 -0.6971 0.6685
vn 0.4651 -0.7169 -0.5194
vn 0.0942 -0.9928 0.0738
vn 0.5749 -0.6576 0.4869
vn 0.5104 -0.8372 0.1964
vn 0.1109 -0.8334 0.5413
vn 0.5129 -0.7241 -0.4611
vn 0.3494 -0.8652 0.3597
vn 0.3074 -0.6465 0.6982
vn 0.312 -0.9499 -0.0201
vn 0.274 -0.9241 0.2664
vn 0.1655 -0.7986 0.5786
vn 0.4004 -0.8891 -0.2218
vn 0.7194 -0.6704 -0.1818
vn 0.74 -0.654 -0.1575
vn 0.2613 -0.8794 -0.398
vn 0.5446 -0.7313 -0.4107
vn 0.0173 -0.8939 0.448
vn 0.4301 -0.6976 -0.573
vn 0.2833 -0.6803 0.676
vn 0.1411 -0.9837 0.1113
vn 0.367 -0.6426 -0.6726
vn 0.1411 -0.9818 0.1269
vn 0.0592 -0.9981 0.0169
vn 0.004 -0.9315 -0.3638
vn 0.6652 -0.6659 0.3377
vn 0.6378 -0.7679 0.0597
vn 0.4674 -0.762 0.4482
vn 0.549 -0.7991 0.2451
vn 0.0633 -0.8656 0.4968
vn 0.6855 -0.6874 -0.2399
vn 0.2556 -0.723 0.6418
vn 0.6365 -0.7071 -0.308
vn 0.3246 -0.8928 0.3123
vn 0.3877 -0.8862 -0.2536
vn 0.3759 -0.6577 -0.6527
vn 0.2338 -0.8685 -0.4371
vn 0.1189 -0.8388 0.5313
vn 0.031 -0.8973 0.4403
vn 0.1006 -0.9921 0.0746
vn 0.147 -0.9637 -0.2227
vn 0.4216 -0.6787 -0.6014
vn 0.7317 -0.6658 0.1462
vn 0.0411 -0.9437 -0.3282
vn 0.0657 -0.9472 -0.3139
vn 0.6538 -0.701 -0.2848
vn 0.6036 -0.7064 -0.3697
vn 0.0777 -0.8686 0.4893
vn 0.543 -0.7052 -0.4559
vn 0.4093 -0.6525 -0.6377
vn 0.5274 -0.8242 0.2063
vn 0.4677 -0.8705 0.1533
vn 0.4858 -0.8638 -0.1341
vn 0.7306 -0.651 -0.2061
vn 0.0822 -0.9963 0.026
vn 0.1342 -0.8193 -0.5574
vn 0.336 -0.6555 0.6763
vn 0.5602 -0.7072 -0.4314
vn 0.3518 -0.6451 0.6784
vn 0.4867 -0.6934 -0.5313
vn 0.259 -0.7246 0.6386
vn 0.0108 -0.9984 -0.0564
vn 0.0171 -0.9989 -0.0429
vn 0.0661 -0.78 -0.6223
vn 0.4266 -0.6665 -0.6115
vn 0.1146 -0.9568 -0.2672
vn 0.6521 -0.7563 0.0523
vn 0.1815 -0.8015 0.5698
vn 0.5942 -0.8043 -0.0061
vn 0.1183 -0.8516 0.5106
vn 0.6293 -0.7231 0.2847
vn 0.6981 -0.668 -0.2579
vn 0.6852 -0.6713 -0.2827
vn 0.6236 -0.6932 -0.3614
vn 0.6387 -0.6925 -0.3353
vn 0.39 -0.8856 -0.2523
vn 0.5086 -0.6919 -0.5124
vn 0.4465 -0.6535 -0.6112
vn 0.2607 -0.8675 -0.4236
vn 0.3701 -0.9283 0.0361
vn 0.1885 -0.845 -0.5004
vn 0.2953 -0.9541 -0.0505
vn 0.4842 -0.6756 -0.556
vn 0.7031 -0.6633 -0.2562
vn 0.7192 -0.6519 -0.2403
vn 0.244 -0.9616 -0.1255
vn 0.7299 -0.6676 0.147
vn 0.5853 -0.6907 -0.4247
vn 0.7014 -0.7062 0.0966
vn 0.2248 -0.7798 0.5842
vn 0.411 -0.8339 0.3684
vn 0.4839 -0.6485 -0.5876
vn 0.0754 -0.9461 -0.315
vn 0.3291 -0.8929 0.3072
vn 0.0166 -0.9226 -0.3854
vn 0.4489 -0.8707 -0.2009
vn 0.4433 -0.8719 -0.2081
vn 0.2574 -0.9434 0.2092
vn 0.3654 -0.8838 -0.2921
vn 0.3238 -0.6843 0.6533
vn 0.4887 -0.6683 -0.5609
vn 0.4878 -0.6508 -0.5819
vn 0.422 -0.9037 0.0725
vn 0.2339 -0.8526 -0.4673
vn 0.5392 -0.6704 -0.5097
vn 0.6874 -0.6541 -0.3157
vn 0.0905 -0.786 -0.6116
vn 0.5749 -0.6582 0.486
vn 0.6846 -0.6519 -0.3261
vn 0.6775 -0.6547 -0.3352
vn 0.6775 -0.6495 -0.3452
vn 0.6325 -0.6519 -0.4183
vn 0.5549 -0.6692 -0.4942
vn 0.6742 -0.735 0.0722
vn 0.5535 -0.6684 -0.4969
vn 0.0498 -0.9142 0.4022
vn 0.6615 -0.6468 -0.3795
vn 0.6028 -0.6662 -0.4392
vn 0.3896 -0.8572 0.3367
vn 0.6138 -0.7895 0.0027
vn 0.5332 -0.653 -0.5379
vn 0.6429 -0.6601 -0.3885
vn 0.2312 -0.7793 0.5824
vn 0.5867 -0.6564 -0.4743
vn 0.6146 -0.6579 -0.4352
vn 0.4978 -0.8554 -0.1431
vn 0.6523 -0.6935 0.306
vn 0.777 -0.6286 0.0345
vn 0.0891 -0.8881 0.4508
vn 0.0923 -0.8847 0.4569
vn 0.2004 -0.8437 -0.498
vn 0.4676 -0.8766 0.1138
vn 0.1395 -0.8163 -0.5605
vn 0.057 -0.7583 -0.6494
vn 0.5446 -0.6956 0.4686
vn 0.4906 -0.7613 0.424
vn 0.1378 -0.8607 0.4901
vn 0.2645 -0.9578 -0.1128
vn 0.1013 -0.9488 -0.2991
vn 0.3282 -0.6918 0.6431
vn 0.3224 -0.7054 0.6313
vn 0.2919 -0.9244 0.2456
vn 0.3224 -0.8719 -0.3685
vn 0.039 -0.922 -0.3853
vn 0.3366 -0.8733 -0.3521
vn 0.2691 -0.7545 0.5986
vn 0.2029 -0.9695 0.1375
vn 0.1855 -0.8274 0.53
vn 0.2068 -0.9652 0.1599
vn 0.5739 -0.7864 0.2286
vn 0.5081 -0.8462 0.1606
vn 0.0602 -0.9976 -0.0332
vn 0.0324 -0.9233 0.3827
vn 0.3726 -0.6466 0.6656
vn 0.6905 -0.7199 0.0699
vn 0.4649 -0.7936 0.3925
vn 0.3857 -0.8591 0.3364
vn 0.5143 -0.8459 -0.1415
vn 0.3738 -0.8729 -0.3134
vn 0.0014 -0.9101 -0.4143
vn 0.1336 -0.8763 0.4629
vn 0.7199 -0.687 0.0992
vn 0.4152 -0.9084 0.0502
vn 0.3503 -0.9363 -0.025
vn 0.5122 -0.7392 0.4374
vn 0.2828 -0.952 -0.1176
vn 0.5682 -0.819 -0.0802
vn 0.3663 -0.8799 0.3027
vn 0.2122 -0.9586 -0.1902
vn 0.4219 -0.8661 -0.2682
vn 0.1879 -0.8288 0.5271
vn 0.3463 -0.8708 -0.3491
vn 0.283 -0.8557 -0.4333
vn 0.1655 -0.9826 0.0847
vn 0.6015 -0.7632 0.236
vn 0.6012 -0.7636 0.2356
vn 0.0531 -0.7395 -0.671
vn 0.0607 -0.7505 -0.6581
vn 0.3843 -0.6624 0.643
vn 0.0097 -0.9938 -0.111
vn 0.4678 -0.8765 0.1133
vn 0.0206 -0.9956 -0.0913
vn 0.4908 -0.771 0.4059
vn 0.5386 -0.834 -0.1199
vn 0.0858 -0.9103 0.405
vn 0.1801 -0.9553 -0.2344
vn 0.0935 -0.9065 0.4117
vn 0.014 -0.9441 0.3293
vn 0.1887 -0.8143 -0.5489
vn 0.1804 -0.8108 -0.5568
vn 0.112 -0.7789 -0.617
vn 0.6989 -0.6415 0.3163
vn 0.1404 -0.9889 0.0479
vn 0.7626 -0.6361 0.1178
vn 0.6299 -0.7766 -0.0061
vn 0.519 -0.8428 0.1424
vn 0.4634 -0.8041 0.3723
vn 0.3307 -0.7185 0.6118
vn 0.3766 -0.9264 -0.0054
vn 0.3767 -0.9263 -0.0049
vn 0.4387 -0.8628 -0.2511
vn 0.324 -0.9151 0.2402
vn 0.1803 -0.852 0.4916
vn 0.3348 -0.9073 0.2545
vn 0.3131 -0.9456 -0.0886
vn 0.314 -0.8504 -0.4221
vn 0.2523 -0.9526 0.1698
vn 0.2618 -0.9478 0.1822
vn 0.0422 -0.9368 0.3473
vn 0.0978 -0.9288 -0.3573
vn 0.0182 -0.6983 -0.7156
vn 0.3739 -0.679 0.6318
vn 0.1206 -0.9927 0.0069
vn 0.2998 -0.7554 0.5826
vn 0.2278 -0.8249 0.5174
vn 0.156 -0.8804 0.4479
vn 0.542 -0.8319 -0.1192
vn 0.4789 -0.855 -0.1991
vn 0.4436 -0.8223 0.3565
vn 0.4239 -0.8599 -0.2843
vn 0.1394 -0.783 -0.6062
vn 0.1625 -0.985 0.0588
vn 0.0596 -0.918 -0.3921
vn 0.6592 -0.7519 0.0131
vn 0.5941 -0.8007 -0.0771
vn 0.5541 -0.717 0.423
vn 0.4181 -0.6458 0.6388
vn 0.3959 -0.8613 -0.3184
vn 0.4623 -0.8833 0.0782
vn 0.3294 -0.8555 -0.3996
vn 0.2618 -0.8368 -0.4808
vn 0.2618 -0.8019 0.5371
vn 0.1904 -0.8644 0.4654
vn 0.1927 -0.8606 0.4715
vn 0.215 -0.9707 0.1069
vn 0.2081 -0.9734 0.0962
vn 0.1907 -0.9493 -0.25
vn 0.1311 -0.9913 0.011
vn 0.3079 -0.7616 0.5703
vn 0.3083 -0.7654 0.5649
vn 0.7057 -0.654 0.2725
vn 0.6155 -0.6469 0.4502
vn 0.6002 -0.6591 0.4532
vn 0.641 -0.7274 0.245
vn 0.6368 -0.7332 0.2386
vn 0.5739 -0.7981 0.1835
vn 0.5715 -0.8004 0.1811
vn 0.5024 -0.8575 0.1109
vn 0.2398 -0.822 -0.5166
vn 0.1589 -0.7758 -0.6106
vn 0.4316 -0.6484 0.6271
vn 0.3603 -0.7208 0.5922
vn 0.0071 -0.6775 -0.7355
vn 0.2344 -0.9524 -0.1951
vn 0.2702 -0.8007 0.5347
vn 0.1755 -0.9407 -0.2904
vn 0.6708 -0.7416 0.0032
vn 0.1328 -0.906 0.4019
vn 0.4885 -0.8476 -0.2073
vn 0.6774 -0.6842 0.2704
vn 0.0716 -0.9403 0.3327
vn 0.283 -0.8345 -0.4728
vn -0.2867 -0.8469 0.4478
vn -0.5946 -0.7719 -0.2248
vn -0.5909 -0.7254 0.3532
vn -0.4188 -0.8623 0.2846
vn -0.2346 -0.9364 -0.2608
vn -0.0738 -0.9202 0.3844
vn -0.6171 -0.785 0.0534
vn -0.6707 -0.7414 -0.0233
vn -0.5159 -0.696 -0.4994
vn -0.1182 -0.9845 -0.1297
vn -0.7227 -0.6857 -0.0861
vn -0.4931 -0.8615 -0.1209
vn -0.5511 -0.7301 0.404
vn -0.5604 -0.7298 0.3916
vn -0.3276 -0.8755 -0.3552
vn -0.6177 -0.7231 0.309
vn -0.5496 -0.8135 -0.19
vn -0.404 -0.8085 -0.4279
vn -0.6835 -0.6952 0.2228
vn -0.4703 -0.738 -0.4839
vn -0.2949 -0.6531 0.6975
vn -0.2327 -0.9568 0.1746
vn -0.5696 -0.8159 0.0986
vn -0.2873 -0.9053 -0.3129
vn -0.5771 -0.812 0.0874
vn -0.1504 -0.9707 -0.1876
vn -0.1697 -0.9619 -0.2146
vn -0.7432 -0.6558 0.1323
vn -0.191 -0.8081 0.5572
vn -0.6885 -0.6539 -0.3135
vn -0.0166 -0.9081 0.4184
vn -0.3305 -0.8601 0.3886
vn -0.3268 -0.8602 0.3916
vn -0.5104 -0.6943 -0.5074
vn -0.1829 -0.9543 0.2362
vn -0.0331 -0.9974 -0.0639
vn -0.2693 -0.9518 0.1466
vn -0.5248 -0.8391 0.1431
vn -0.3932 -0.9192 -0.0216
vn -0.6483 -0.7614 -0.0076
vn -0.3977 -0.8063 -0.4379
vn -0.761 -0.6422 0.0924
vn -0.7076 -0.7029 -0.0729
vn -0.2858 -0.657 0.6977
vn -0.4646 -0.7363 -0.4919
vn -0.6496 -0.708 -0.277
vn -0.5407 -0.649 -0.5353
vn -0.3506 -0.6951 0.6276
vn -0.6639 -0.6947 -0.2768
vn -0.4102 -0.7239 0.5547
vn -0.0604 -0.993 -0.1019
vn -0.0619 -0.9924 -0.1061
vn -0.2149 -0.8308 0.5134
vn -0.2727 -0.9032 -0.3315
vn -0.3422 -0.848 -0.4047
vn -0.4238 -0.7732 -0.4718
vn -0.4275 -0.9022 -0.0574
vn -0.4821 -0.8567 0.1834
vn -0.5548 -0.8117 -0.1827
vn -0.3793 -0.7077 0.596
vn -0.6108 -0.7514 -0.2497
vn -0.2978 -0.8783 -0.374
vn -0.6742 -0.7374 -0.0422
vn -0.5086 -0.7521 0.4192
vn -0.5113 -0.6701 -0.5381
vn -0.0841 -0.7587 0.646
vn -0.0478 -0.9943 -0.095
vn -0.0911 -0.7648 0.6378
vn -0.1691 -0.8114 0.5594
vn -0.1118 -0.9799 -0.1654
vn -0.6337 -0.7302 0.2555
vn -0.6335 -0.7302 0.2558
vn -0.119 -0.9764 -0.1802
vn -0.2382 -0.8444 0.4799
vn -0.2535 -0.652 0.7146
vn -0.4651 -0.7147 -0.5223
vn -0.4676 -0.7393 0.4845
vn -0.6396 -0.7131 -0.2871
vn -0.6874 -0.6533 -0.3173
vn -0.0055 -0.9229 0.3851
vn -0.2133 -0.9358 -0.2806
vn -0.6402 -0.7681 -0.0128
vn -0.1104 -0.9451 0.3077
vn -0.2869 -0.8829 -0.3717
vn -0.0094 -0.6477 0.7619
vn -0.4189 -0.7637 -0.4912
vn -0.3254 -0.9449 0.0372
vn -0.0109 -0.7354 0.6776
vn -0.7037 -0.693 0.1566
vn -0.16 -0.9567 -0.2431
vn -0.2386 -0.9118 -0.3342
vn -0.3166 -0.856 -0.4086
vn -0.4282 -0.7342 0.5268
vn -0.6017 -0.7594 -0.2474
vn -0.401 -0.8753 0.2703
vn -0.1291 -0.9527 0.275
vn -0.5354 -0.8385 0.1014
vn -0.1858 -0.942 -0.2794
vn -0.5996 -0.8001 0.018
vn -0.2855 -0.9545 0.0862
vn -0.5983 -0.8007 0.0303
vn -0.3424 -0.9395 0.0023
vn -0.7225 -0.6807 0.121
vn -0.4645 -0.7144 -0.5233
vn -0.3791 -0.7296 0.5692
vn -0.0564 -0.9871 -0.1501
vn -0.6163 -0.7361 -0.2799
vn -0.2124 -0.835 0.5077
vn -0.5048 -0.756 0.4167
vn -0.2174 -0.9225 -0.319
vn -0.363 -0.8145 -0.4525
vn -0.5665 -0.7562 0.3274
vn -0.3518 -0.8781 0.3244
vn -0.6955 -0.7004 0.1605
vn -0.4927 -0.8571 0.1503
vn -0.4937 -0.6693 -0.5553
vn -0.4435 -0.8899 -0.107
vn -0.5098 -0.8391 -0.1898
vn -0.6656 -0.7432 -0.0683
vn -0.7208 -0.6831 -0.1178
vn -0.1556 -0.8192 0.552
vn -0.0185 -0.9286 0.3706
vn -0.586 -0.7542 0.2962
vn -0.1213 -0.9521 0.2806
vn -0.1762 -0.9663 0.1878
vn -0.2589 -0.9598 0.1087
vn -0.4448 -0.8741 0.1954
vn -0.3406 -0.9402 0.0033
vn -0.4057 -0.7616 -0.5054
vn -0.7506 -0.6564 0.075
vn -0.4392 -0.8725 0.2143
vn -0.4638 -0.6936 -0.5511
vn -0.4655 -0.8737 -0.1412
vn -0.5702 -0.8201 0.0481
vn -0.6879 -0.7202 -0.0901
vn -0.3532 -0.8124 -0.464
vn -0.5429 -0.7647 0.347
vn -0.7446 -0.6512 -0.1466
vn -0.0734 -0.9452 0.3183
vn -0.4923 -0.6554 -0.5729
vn -0.7406 -0.6593 -0.1294
vn -0.1383 -0.9614 0.238
vn -0.017 -0.7404 0.672
vn -0.1088 -0.7977 0.5931
vn -0.1946 -0.9678 0.1594
vn -0.1631 -0.9383 -0.3048
vn -0.1841 -0.8458 0.5007
vn -0.2554 -0.8678 0.4263
vn -0.3605 -0.9322 -0.0317
vn -0.2975 -0.8492 -0.4363
vn -0.3305 -0.8808 0.3391
vn -0.2379 -0.661 0.7117
vn -0.4181 -0.9042 -0.0869
vn -0.3075 -0.7041 0.6401
vn -0.323 -0.7063 0.6299
vn -0.3757 -0.7325 0.5677
vn -0.041 -0.9858 -0.163
vn -0.5531 -0.7998 -0.2331
vn -0.5502 -0.8032 -0.2285
vn -0.1141 -0.9589 -0.2598
vn -0.4455 -0.7604 0.4726
vn -0.5287 -0.8439 0.0908
vn -0.1835 -0.9233 -0.3374
vn -0.2488 -0.8822 -0.3997
vn -0.5776 -0.7584 0.3022
vn -0.3296 -0.8199 -0.4682
vn -0.4049 -0.7419 -0.5345
vn -0.1436 -0.8213 0.5521
vn -0.4477 -0.885 -0.1279
vn -0.3601 -0.7876 -0.5
vn -0.2831 -0.8773 0.3877
vn -0.5025 -0.8418 -0.1971
vn -0.5719 -0.7748 -0.2695
vn -0.3572 -0.8849 0.2991
vn -0.468 -0.7731 0.4281
vn -0.0873 -0.9702 -0.2261
vn -0.5425 -0.765 0.3471
vn -0.4805 -0.8668 0.133
vn -0.1662 -0.9292 -0.33
vn -0.013 -0.9439 0.3301
vn -0.5577 -0.8289 0.0425
vn -0.5988 -0.7547 0.2679
vn -0.206 -0.9661 0.1557
vn -0.4089 -0.9079 -0.0922
vn -0.7618 -0.6465 0.0396
vn -0.2116 -0.6551 0.7253
vn -0.0824 -0.7868 0.6116
vn -0.1959 -0.6575 0.7276
vn -0.0945 -0.7984 0.5946
vn -0.2283 -0.866 0.4449
vn -0.4177 -0.7588 0.4998
vn -0.0627 -0.9477 0.3129
vn -0.0606 -0.972 -0.2272
vn -0.1317 -0.9648 0.2277
vn -0.2138 -0.8984 -0.3835
vn -0.219 -0.8942 -0.3906
vn -0.2846 -0.9573 0.0506
vn -0.2888 -0.9563 0.0449
vn -0.3606 -0.9322 -0.0315
vn -0.6282 -0.7773 -0.0344
vn -0.7248 -0.6845 0.0783
vn -0.7176 -0.6902 0.093
vn -0.5542 -0.7892 -0.2648
vn -0.0139 -0.7641 0.645
vn -0.6708 -0.6585 -0.3413
vn -0.4457 -0.7667 0.4621
vn -0.4377 -0.6886 -0.5782
vn -0.1748 -0.8541 0.4899
vn -0.5084 -0.7741 0.3771
vn -0.2613 -0.8765 0.4043
vn -0.1121 -0.9495 -0.293
vn -0.109 -0.9511 -0.2889
vn -0.1943 -0.9053 -0.3777
vn -0.2282 -0.9688 0.0967
vn -0.3992 -0.885 0.2396
vn -0.2584 -0.8593 -0.4414
vn -0.2658 -0.8546 -0.446
vn -0.3747 -0.9233 -0.0845
vn -0.3921 -0.734 -0.5545
vn -0.5352 -0.8429 0.0559
vn -0.4716 -0.6494 -0.5965
vn -0.5108 -0.8283 -0.2302
vn -0.257 -0.6962 0.6702
vn -0.6489 -0.7571 -0.0761
vn -0.6324 -0.7044 -0.3224
vn -0.0202 -0.9463 0.3227
vn -0.7083 -0.6939 -0.1295
vn -0.4229 -0.6956 -0.5808
vn -0.2177 -0.8688 0.4447
vn -0.2977 -0.8138 -0.4991
vn -0.4633 -0.8689 -0.1744
vn -0.3818 -0.736 -0.559
vn -0.4773 -0.857 -0.1944
vn -0.6467 -0.7392 0.1881
vn -0.4518 -0.6607 -0.5995
vn -0.0521 -0.9711 -0.233
vn -0.021 -0.971 -0.2382
vn -0.5871 -0.7482 -0.3091
vn -0.6557 -0.6681 -0.3518
vn -0.2632 -0.8415 -0.4717
vn -0.0618 -0.9639 0.259
vn -0.34 -0.7831 -0.5207
vn -0.1415 -0.9717 0.1889
vn -0.2188 -0.9706 0.1002
vn -0.1283 -0.928 -0.3498
vn -0.0809 -0.81 0.5809
vn -0.2834 -0.82 -0.4972
vn -0.3518 -0.7555 -0.5527
vn -0.3027 -0.8915 0.3371
vn -0.6718 -0.7262 0.1458
vn -0.2362 -0.6943 0.6798
vn -0.3108 -0.7915 -0.5263
vn -0.0855 -0.9717 0.2204
vn -0.2393 -0.9696 0.0512
vn -0.4328 -0.65 -0.6246
vn 0.0005 -0.9622 -0.2722
vn -0.3684 -0.7719 0.5181
vn -0.1121 -0.9317 -0.3454
vn -0.6374 -0.767 -0.0729
vn -0.1092 -0.9328 -0.3434
vn -0.6879 -0.7162 -0.1175
vn -0.73 -0.6622 -0.1692
vn -0.7347 -0.6551 -0.1764
vn -0.0427 -0.7868 0.6158
vn -0.0341 -0.7734 0.633
vn -0.6294 -0.7508 0.2004
vn -0.1869 -0.8672 0.4616
vn -0.0643 -0.9519 -0.2995
vn -0.5839 -0.7512 -0.3079
vn -0.1895 -0.6609 0.7262
vn -0.2735 -0.7139 0.6447
vn -0.3161 -0.7461 0.586
vn -0.5972 -0.8013 -0.0355
vn -0.3352 -0.7496 0.5708
vn -0.1567 -0.9039 -0.398
vn -0.5869 -0.8094 -0.0203
vn -0.4033 -0.9022 -0.1528
vn -0.3954 -0.9089 -0.1325
vn -0.3019 -0.7854 -0.5403
vn -0.1825 -0.8793 -0.4399
vn -0.6496 -0.6664 -0.366
vn -0.6607 -0.7354 0.1507
vn -0.0606 -0.9645 0.257
vn -0.1322 -0.9753 0.1768
vn -0.3958 -0.682 -0.615
vn -0.2831 -0.892 0.3525
vn -0.75 -0.6613 0.0176
vn -0.2856 -0.9582 -0.0144
vn -0.2769 -0.9609 -0.0055
vn -0.0519 -0.949 -0.3111
vn -0.14 -0.9089 -0.3928
vn -0.3529 -0.9301 -0.1013
vn -0.199 -0.8633 -0.4638
vn -0.4252 -0.8856 -0.1867
vn -0.4994 -0.8616 0.0905
vn -0.1669 -0.8846 -0.4354
vn -0.6127 -0.7659 0.1947
vn -0.3119 -0.7576 -0.5733
vn -0.2304 -0.9723 0.0389
vn -0.014 -0.9525 -0.3042
vn -0.1993 -0.8632 -0.4639
vn -0.1587 -0.6552 0.7386
vn -0.383 -0.8951 0.2281
vn -0.4479 -0.8849 0.1278
vn -0.4065 -0.6613 -0.6304
vn -0.3839 -0.7762 0.5002
vn -0.0642 -0.9353 -0.348
vn -0.4474 -0.7982 0.4034
vn -0.047 -0.9657 0.2554
vn -0.0124 -0.962 0.2729
vn -0.5704 -0.8211 -0.0205
vn -0.5142 -0.7943 0.3235
vn -0.2177 -0.841 -0.4954
vn -0.5851 -0.7745 0.2404
vn -0.3483 -0.7133 -0.6082
vn -0.3251 -0.9432 -0.0689
vn -0.4024 -0.9015 -0.159
vn -0.2413 -0.814 -0.5284
vn -0.1155 -0.8372 0.5346
vn -0.3125 -0.7583 -0.5722
vn -0.6859 -0.7214 0.0953
vn -0.5295 -0.7974 -0.2894
vn -0.1064 -0.9059 -0.4099
vn -0.266 -0.723 0.6376
vn -0.5981 -0.723 -0.3458
vn -0.6517 -0.6581 -0.3771
vn -0.259 -0.7911 -0.5541
vn -0.3359 -0.7184 -0.6092
vn -0.1431 -0.9808 0.1328
vn -0.3953 -0.6522 -0.6468
vn -0.0533 -0.9302 -0.3632
vn -0.1368 -0.882 -0.451
vn -0.2153 -0.8345 -0.5072
vn -0.3509 -0.9286 -0.1208
vn -0.599 -0.7743 0.2044
vn -0.3616 -0.6971 -0.6191
vn -0.7034 -0.6914 -0.1647
vn -0.7106 -0.6813 -0.1757
vn -0.493 -0.8282 -0.2664
vn -0.1094 -0.9051 -0.4109
vn -0.7695 -0.6385 -0.0125
vn -0.2415 -0.8032 -0.5445
vn -0.6139 -0.6934 -0.3772
vn -0.1395 -0.8594 0.4919
vn -0.0919 -0.9798 0.1777
vn -0.0803 -0.9779 0.193
vn -0.1207 -0.6495 0.7507
vn -0.1413 -0.661 0.7369
vn -0.2095 -0.7085 0.6739
vn -0.2828 -0.7574 0.5885
vn -0.2404 -0.9707 -0.003
vn -0.1157 -0.8891 -0.4428
vn -0.4245 -0.8912 0.1599
vn -0.4778 -0.8042 0.3534
vn -0.4454 -0.8648 -0.2317
vn -0.5446 -0.7932 0.2724
vn -0.5492 -0.8357 -0.007
vn -0.512 -0.8092 -0.2883
vn -0.6168 -0.7821 -0.0883
vn -0.2764 -0.7551 -0.5945
vn -0.0906 -0.8401 0.5348
vn -0.1751 -0.9818 0.074
vn -0.0797 -0.8337 0.5465
vn -0.7191 -0.6935 0.044
vn -0.1533 -0.8551 -0.4952
vn -0.2281 -0.8993 0.3732
vn -0.2393 -0.7353 0.6341
vn -0.3126 -0.7178 -0.6221
vn -0.3812 -0.785 0.4883
vn -0.3777 -0.9052 0.1949
vn -0.1789 -0.8308 -0.527
vn -0.259 -0.7672 -0.5868
vn -0.5053 -0.8622 0.0366
vn -0.5983 -0.7231 -0.3453
vn -0.0581 -0.9135 -0.4026
vn -0.0679 -0.9089 -0.4114
vn -0.1368 -0.8627 -0.4868
vn -0.1376 -0.9829 0.1226
vn -0.6392 -0.757 0.1358
vn -0.2077 -0.7997 -0.5633
vn -0.2779 -0.7421 -0.61
vn -0.3516 -0.6609 -0.663
vn -0.291 -0.9543 -0.068
vn -0.3489 -0.6635 -0.6619
vn -0.0274 -0.8045 0.5933
vn -0.0208 -0.8071 0.5901
vn -0.1623 -0.8382 -0.5206
vn -0.4203 -0.8827 -0.2102
vn -0.1766 -0.6993 0.6927
vn -0.3297 -0.7804 0.5313
vn -0.3253 -0.7778 0.5378
vn -0.3276 -0.9082 0.2605
vn -0.3381 -0.9091 0.2434
vn -0.0046 -0.9087 -0.4175
vn -0.4042 -0.8 0.4434
vn -0.4081 -0.8987 0.1603
vn -0.1852 -0.8125 -0.5528
vn -0.4792 -0.8035 0.3534
vn -0.1663 -0.9831 0.0763
vn -0.2298 -0.9732 -0.0121
vn -0.5916 -0.8031 -0.0707
vn -0.3798 -0.9076 -0.1788
vn -0.0804 -0.8815 -0.4653
vn -0.2972 -0.6991 -0.6503
vn -0.0092 -0.9773 0.2118
vn -0.2102 -0.7273 0.6533
vn -0.2861 -0.9117 0.2949
vn -0.115 -0.9863 0.1181
vn -0.2796 -0.7604 0.5863
vn -0.1921 -0.9806 0.0392
vn -0.4808 -0.875 0.0564
vn -0.0554 -0.8876 -0.4573
vn -0.5596 -0.7923 0.2431
vn -0.2072 -0.777 -0.5944
vn -0.2153 -0.7705 -0.6
vn -0.6136 -0.7751 0.1508
vn -0.4672 -0.8412 -0.2721
vn -0.5355 -0.7757 -0.3339
vn -0.675 -0.7182 -0.1688
vn -0.5335 -0.7779 -0.332
vn -0.0987 -0.8625 -0.4964
vn -0.7325 -0.6806 0.0132
vn -0.6672 -0.731 -0.143
vn -0.7366 -0.6414 -0.2146
vn -0.3191 -0.6721 -0.6682
vn -0.1673 -0.7019 0.6924
vn -0.0471 -0.8867 -0.46
vn -0.0185 -0.8936 -0.4484
vn -0.2868 -0.9552 -0.0725
vn -0.2398 -0.9081 0.3433
vn -0.2498 -0.7244 -0.6425
vn -0.4492 -0.8072 0.383
vn -0.2663 -0.7057 -0.6566
vn -0.4354 -0.8955 0.0923
vn -0.517 -0.8077 0.2836
vn -0.5719 -0.7957 0.1993
vn -0.0838 -0.9858 0.1459
vn -0.2302 -0.73 -0.6435
vn -0.2908 -0.6506 -0.7015
vn -0.0119 -0.828 0.5606
vn -0.1183 -0.8702 0.4783
vn -0.116 -0.827 -0.5501
vn -0.182 -0.897 0.4027
vn -0.4449 -0.8589 -0.2537
vn -0.5704 -0.731 -0.3746
vn -0.6379 -0.6463 -0.4188
vn -0.1434 -0.802 -0.5798
vn -0.2122 -0.7453 -0.6321
vn -0.4003 -0.8087 0.4311
vn -0.4727 -0.8795 0.0554
vn -0.4001 -0.8086 0.4313
vn -0.5311 -0.8472 -0.0132
vn -0.0815 -0.8463 -0.5265
vn -0.18 -0.9836 0.0145
vn -0.1577 -0.7788 -0.6071
vn -0.3323 -0.9297 -0.1591
vn -0.3297 -0.9327 -0.1464
vn -0.649 -0.7479 -0.1396
vn -0.0292 -0.8675 -0.4966
vn -0.1168 -0.8213 -0.5584
vn -0.2507 -0.6859 -0.6831
vn -0.0645 -0.8452 -0.5305
vn -0.5951 -0.6935 -0.4062
vn -0.1437 -0.7861 -0.6012
vn -0.1329 -0.6895 0.712
vn -0.2931 -0.9174 0.2694
vn -0.354 -0.917 0.1837
vn -0.2788 -0.7846 0.5538
vn -0.5531 -0.8037 0.2193
vn -0.2641 -0.6636 -0.6999
vn -0.5462 -0.7486 -0.3759
vn -0.602 -0.7857 0.1425
vn -0.0615 -0.8433 -0.5338
vn -0.7288 -0.6432 -0.2349
vn -0.671 -0.7382 0.0694
vn -0.0778 -0.8605 0.5035
vn -0.2244 -0.9732 -0.0508
vn -0.1698 -0.7464 -0.6435
vn -0.1532 -0.8933 0.4225
vn -0.2381 -0.9101 0.339
vn -0.0863 -0.6589 0.7472
vn -0.2963 -0.9454 -0.1358
vn -0.3855 -0.8949 -0.2248
vn -0.2419 -0.9167 0.3181
vn -0.0049 -0.8336 -0.5523
vn -0.3733 -0.9042 -0.2077
vn -0.2302 -0.7613 0.6062
vn -0.1188 -0.7826 -0.6111
vn -0.4472 -0.8917 0.0698
vn -0.5765 -0.7109 -0.4028
vn -0.3749 -0.8181 0.4361
vn -0.5092 -0.8606 -0.0035
vn -0.0231 -0.9829 0.1826
vn -0.0298 -0.9833 0.1794
vn -0.2053 -0.6996 -0.6844
vn -0.2139 -0.6921 -0.6893
vn -0.569 -0.8182 -0.0828
vn -0.511 -0.8128 0.2797
vn -0.0773 -0.8025 -0.5917
vn -0.1891 -0.9819 -0.0043
vn -0.1582 -0.7369 -0.6572
vn -0.6388 -0.7555 -0.1457
vn -0.2285 -0.6467 -0.7277
vn -0.0205 -0.8362 0.5481
vn -0.1877 -0.9017 0.3894
vn -0.0546 -0.8088 -0.5856
vn -0.687 -0.7257 0.0359
vn -0.0631 -0.8026 -0.5932
vn -0.5363 -0.7588 -0.3696
vn -0.3279 -0.9233 0.1999
vn -0.1718 -0.7075 -0.6856
vn -0.1288 -0.9906 0.0454
vn -0.0183 -0.8156 -0.5783
vn -0.101 -0.7618 -0.6399
vn -0.4599 -0.8255 0.3272
vn -0.0572 -0.7905 -0.6097
vn -0.4894 -0.8021 -0.3424
vn -0.213 -0.654 -0.7259
vn -0.1931 -0.6494 -0.7356
vn -0.4858 -0.8067 -0.3366
vn -0.0137 -0.6443 -0.7647
vn -0.6163 -0.6544 -0.4381
vn -0.1604 -0.7007 -0.6952
vn -0.6141 -0.663 -0.4281
vn -0.0678 -0.8643 0.4984
vn -0.0926 -0.9921 0.0842
vn -0.1231 -0.7407 -0.6605
vn -0.136 -0.8954 0.4239
vn -0.2459 -0.9657 -0.0832
vn -0.0685 -0.7639 -0.6417
vn -0.2877 -0.9203 0.2653
vn -0.3811 -0.8918 -0.2439
vn -0.0004 -0.7756 -0.6313
vn -0.448 -0.8337 -0.3229
vn -0.5604 -0.8244 -0.0792
vn -0.5776 -0.6497 0.4942
vn -0.176 -0.6547 -0.7351
vn -0.0592 -0.7582 -0.6493
vn -0.3409 -0.8193 0.461
vn -0.1321 -0.6973 -0.7045
vn -0.6114 -0.781 -0.1275
vn -0.0464 -0.9898 0.1346
vn -0.4229 -0.8255 0.3737
vn -0.6656 -0.7221 -0.1884
vn -0.0988 -0.7097 -0.6976
vn -0.5819 -0.6563 0.4803
vn -0.3322 -0.9193 -0.2112
vn -0.3234 -0.927 -0.1901
vn -0.5952 -0.6593 0.4595
vn -0.4082 -0.8698 -0.2773
vn -0.0999 -0.7098 -0.6973
vn -0.0045 -0.7381 -0.6747
vn -0.0144 -0.7595 -0.6504
vn -0.6755 -0.7359 0.0476
vn -0.0601 -0.73 -0.6808
vn -0.6012 -0.6731 -0.4307
vn -0.3848 -0.9129 0.1362
vn -0.1377 -0.6497 -0.7476
vn -0.7222 -0.6916 -0.0097
vn -0.1346 -0.6472 -0.7503
vn -0.5527 -0.6477 0.5243
vn -0.0841 -0.6973 -0.7119
vn -0.0814 -0.663 0.7442
vn -0.6035 -0.6646 0.4406
vn -0.6706 -0.6585 0.3414
vn -0.1372 -0.9904 0.0146
vn -0.0257 -0.7192 -0.6943
vn -0.5777 -0.6568 0.4847
vn -0.016 -0.7218 -0.6919
vn -0.0844 -0.6581 -0.7482
vn -0.0881 -0.656 -0.7496
vn -0.0116 -0.8568 0.5154
vn -0.0427 -0.6966 -0.7161
vn -0.1125 -0.8859 0.4501
vn -0.0335 -0.6796 -0.7328
vn -0.5269 -0.6659 0.5281
vn -0.6081 -0.6407 -0.4689
vn -0.044 -0.6507 -0.7581
vn -0.0489 -0.6559 -0.7532
vn -0.0942 -0.9937 0.0615
vn -0.6389 -0.7644 0.0863
vn -0.2346 -0.9669 -0.1003
vn -0.5999 -0.6668 0.4421
vn -0.3971 -0.9129 0.0947
vn -0.6359 -0.6533 0.4108
vn -0.2381 -0.9639 -0.1194
vn -0.7627 -0.6449 -0.0482
vn -0.1093 -0.6978 0.7079
vn -0.6898 -0.6604 0.2968
vn -0.4495 -0.8313 -0.3269
vn -0.1823 -0.7471 0.6392
vn -0.5058 -0.7722 -0.3846
vn -0.344 -0.8183 0.4605
vn -0.045 -0.9935 0.105
vn -0.0422 -0.991 0.127
vn -0.4002 -0.8292 0.3903
vn -0.4691 -0.8351 0.2874
vn -0.1823 -0.9813 -0.0614
vn -0.5294 -0.8218 0.2106
vn -0.2721 -0.9509 -0.1473
vn -0.354 -0.9238 0.146
vn -0.4025 -0.8668 -0.2943
vn -0.4042 -0.8624 -0.3049
vn -0.6367 -0.6661 0.3884
vn -0.4918 -0.8706 -0.0156
vn -0.6966 -0.6547 0.2936
vn -0.7472 -0.6617 -0.0615
vn -0.6525 -0.6568 0.3779
vn -0.1281 -0.9918 -0.0028
vn -0.527 -0.6658 0.5281
vn -0.212 -0.7714 0.6001
vn -0.5904 -0.6805 0.434
vn -0.35 -0.8987 -0.2643
vn -0.8435 -0.092 0.5293
vn -0.4229 -0.8393 0.3416
vn -0.485 -0.7924 -0.3699
vn -0.2407 -0.9326 0.2689
vn -0.7131 -0.6512 0.2595
vn -0.2289 -0.9282 0.2933
vn -0.4931 -0.6647 0.5613
vn -0.3063 -0.9324 0.1921
vn -0.5439 -0.7185 -0.4335
vn -0.5534 -0.6808 0.4799
vn -0.1685 -0.9848 -0.0411
vn -0.6688 -0.6655 0.3313
vn -0.7228 -0.6905 -0.0282
vn -0.6279 -0.7566 -0.1826
vn -0.6368 -0.7461 -0.1947
vn -0.092 -0.6943 0.7138
vn -0.6871 -0.6898 -0.2282
vn -0.0133 -0.8589 0.512
vn -0.1785 -0.927 0.3298
vn -0.3114 -0.813 0.4919
vn -0.1816 -0.9785 -0.0976
vn -0.5111 -0.831 0.2196
vn -0.3203 -0.9156 -0.2431
vn -0.4689 -0.6632 0.5834
vn -0.5773 -0.804 0.1425
vn -0.5294 -0.684 0.502
vn -0.5263 -0.8475 -0.0698
vn -0.5386 -0.7224 -0.4336
vn -0.5389 -0.8383 -0.0826
vn -0.5942 -0.792 -0.1405
vn -0.0595 -0.9975 0.038
vn -0.6562 -0.6802 0.3267
vn -0.6915 -0.7223 0.0049
vn -0.136 -0.9901 -0.0337
vn -0.7053 -0.662 -0.2534
vn -0.7497 -0.6589 -0.0618
vn -0.7133 -0.654 0.2521
vn -0.0573 -0.8837 0.4644
vn -0.0363 -0.6545 0.7552
vn -0.0659 -0.8917 0.4479
vn -0.0459 -0.6639 0.7464
vn -0.4265 -0.6755 0.6015
vn -0.4054 -0.6544 0.6383
vn -0.1914 -0.7695 0.6093
vn -0.4978 -0.6712 0.5493
vn -0.2602 -0.8047 0.5337
vn -0.2615 -0.7987 0.542
vn -0.2764 -0.9357 0.2194
vn -0.6194 -0.6887 0.3768
vn -0.4599 -0.8434 0.2776
vn -0.728 -0.6472 0.2261
vn -0.3091 -0.9183 -0.2472
vn -0.6076 -0.7721 -0.1863
vn -0.4511 -0.8023 -0.391
vn -0.6746 -0.7027 -0.2259
vn -0.1619 -0.9236 0.3474
vn -0.0348 -0.9956 0.0873
vn -0.1393 -0.737 0.6614
vn -0.1436 -0.745 0.6515
vn -0.1723 -0.9791 -0.1078
vn -0.2129 -0.7934 0.5703
vn -0.2592 -0.9487 -0.1811
vn -0.2871 -0.8215 0.4926
vn -0.2678 -0.9429 -0.198
vn -0.4505 -0.8928 0.0014
vn -0.4522 -0.8919 -0.0019
vn -0.597 -0.697 0.3971
vn -0.5739 -0.808 -0.1335
vn -0.5625 -0.8113 0.1593
vn -0.0588 -0.9976 0.0363
vn -0.6969 -0.6727 -0.2486
vn -0.6201 -0.7809 0.0753
vn -0.0046 -0.8778 0.4791
vn -0.1859 -0.9369 0.296
vn -0.3504 -0.8914 -0.2875
vn -0.4292 -0.8246 -0.3684
vn -0.329 -0.9352 0.131
vn -0.5561 -0.7008 0.4468
vn -0.5533 -0.7006 0.4506
vn -0.5616 -0.6895 -0.4574
vn -0.6203 -0.6981 0.3576
vn -0.6688 -0.6886 0.2804
vn -0.5942 -0.7855 -0.1728
vn -0.3728 -0.8463 0.3806
vn -0.7267 -0.6566 0.2021
vn -0.7255 -0.6571 0.2046
vn -0.4431 -0.6767 0.588
vn -0.3804 -0.8612 -0.337
vn -0.7076 -0.6555 -0.2638
vn -0.5112 -0.705 0.4916
vn -0.5193 -0.7302 -0.444
vn -0.1409 -0.9265 0.349
vn -0.5756 -0.6513 -0.4944
vn -0.4155 -0.9094 0.0185
vn -0.2638 -0.9394 -0.2191
vn -0.4831 -0.8734 -0.0609
vn -0.4881 -0.8699 -0.0716
vn -0.1092 -0.7298 0.6749
vn -0.3162 -0.842 0.4371
vn -0.4109 -0.8483 0.334
vn -0.0714 -0.9974 -0.0029
vn -0.6517 -0.6967 0.2999
vn -0.2087 -0.9646 -0.1609
vn -0.2183 -0.9594 -0.1785
vn -0.5434 -0.8238 0.1617
vn -0.2254 -0.9445 0.2391
vn -0.2434 -0.9457 0.2153
vn -0.607 -0.7901 0.0858
vn -0.2989 -0.9414 0.1562
vn -0.6513 -0.7587 0.0173
vn -0.3743 -0.9248 0.0679
vn -0.491 -0.7572 -0.4307
vn -0.4256 -0.6725 0.6055
vn -0.7076 -0.7047 -0.0525
vn -0.764 -0.638 -0.0965
vn -0.7642 -0.638 -0.095
vn -0.0636 -0.709 0.7024
vn -0.6107 -0.7117 0.3472
vn -0.1321 -0.7591 0.6374
vn -0.278 -0.8314 0.4811
vn -0.3627 -0.848 0.3864
vn -0.1071 -0.9189 0.3795
vn -0.4454 -0.7964 -0.409
vn -0.1807 -0.9406 0.2874
vn -0.4412 -0.6932 0.5699
vn -0.4978 -0.8401 0.2156
vn -0.0179 -0.9995 0.0247
vn -0.3274 -0.9385 0.1099
vn -0.1087 -0.9921 -0.0628
vn -0.4096 -0.9121 0.0177
vn -0.1865 -0.9704 -0.1532
vn -0.3352 -0.8853 -0.3222
vn -0.3331 -0.8882 -0.3164
vn -0.5238 -0.8427 -0.1247
vn -0.3987 -0.8346 -0.3801
vn -0.4688 -0.7653 -0.4411
vn -0.7391 -0.6535 0.1634
vn -0.6546 -0.7152 -0.2448
vn -0.0838 -0.7376 0.67
vn -0.163 -0.7824 0.6011
vn -0.7039 -0.6465 -0.2942
vn -0.0603 -0.9978 -0.0266
vn -0.0601 -0.9979 -0.0239
vn -0.0535 -0.9036 0.425
vn -0.1375 -0.9844 -0.1101
vn -0.4698 -0.7028 0.5342
vn -0.2825 -0.9168 -0.2821
vn -0.3812 -0.858 0.3442
vn -0.3546 -0.9323 0.0717
vn -0.4853 -0.8705 -0.082
vn -0.56 -0.662 -0.4982
vn -0.5522 -0.6754 -0.4888
vn -0.0964 -0.9933 -0.0635
vn -0.3592 -0.6646 0.6552
vn -0.5572 -0.8176 -0.145
vn -0.3614 -0.6671 0.6515
vn -0.238 -0.9407 -0.2418
vn -0.0852 -0.9218 0.3782
vn -0.377 -0.8487 -0.371
vn -0.0301 -0.6982 0.7153
vn -0.0284 -0.6959 0.7176
vn -0.5066 -0.721 -0.4728
vn -0.0069 -1 -0.0026
vn -0.6688 -0.7021 0.2445
vn -0.7297 -0.6609 0.1754
vn -0.386 -0.9218 0.0349
vn -0.4432 -0.8952 -0.0468
vn -0.5167 -0.8465 -0.1284
vn -0.4657 -0.8517 0.2402
vn -0.511 -0.7245 0.4625
vn -0.5113 -0.7246 0.462
vn -0.4654 -0.7637 -0.4473
vn -0.6313 -0.74 -0.2322
vn -0.5682 -0.7254 0.3885
vn -0.6336 -0.7154 0.2946
vn -0.687 -0.6941 0.2152
vn -0.6798 -0.698 0.2251
vn -0.2045 -0.9567 -0.2071
vn -0.1919 -0.9509 0.243
vn -0.7456 -0.6515 0.1403
vn -0.3249 -0.6598 0.6775
vn -0.3657 -0.8515 -0.3758
vn -0.0667 -0.7294 0.6809
vn -0.3267 -0.662 0.6746
vn -0.141 -0.7804 0.6092
vn -0.4675 -0.7158 0.5188
vn -0.5555 -0.6505 -0.5179
vn -0.4672 -0.7156 0.5192
vn -0.8093 -0.489 -0.3254
vn -0.8584 -0.3976 -0.3243
vn -0.8631 -0.3932 -0.3169
vn -0.8016 -0.5191 -0.2966
vn -0.8648 -0.4041 -0.2981
vn -0.8055 -0.5781 -0.1303
vn -0.8756 -0.3913 -0.2831
vn -0.9204 -0.28 -0.2728
vn -0.8651 -0.5014 -0.0099
vn -0.4206 -0.555 -0.7177
vn -0.4245 -0.5743 -0.7
vn -0.4652 -0.5386 -0.7025
vn -0.4702 -0.5291 -0.7064
vn -0.5036 -0.525 -0.6861
vn -0.82 -0.5267 -0.2238
vn -0.5 -0.5474 -0.6711
vn -0.4994 -0.5464 -0.6723
vn -0.8571 -0.4822 -0.1812
vn -0.4765 -0.6394 -0.6034
vn -0.5393 -0.522 -0.6608
vn -0.5394 -0.5312 -0.6534
vn -0.9328 -0.307 -0.189
vn -0.5747 -0.5056 -0.6435
vn -0.5571 -0.5327 -0.6371
vn -0.938 -0.3035 -0.1677
vn -0.5276 -0.6118 -0.5894
vn -0.854 -0.4917 -0.1699
vn -0.8013 -0.5805 -0.1449
vn -0.9022 -0.405 -0.1485
vn -0.5973 -0.4954 -0.6307
vn -0.8976 -0.4212 -0.1299
vn -0.9014 -0.415 -0.1233
vn -0.6001 -0.5099 -0.6163
vn -0.5531 -0.6117 -0.5656
vn -0.5955 -0.5333 -0.6008
vn -0.9012 -0.416 -0.1219
vn -0.9063 -0.4083 -0.1095
vn -0.6344 -0.5021 -0.5877
vn -0.0101 -0.563 -0.8264
vn -0.6318 -0.5002 -0.5921
vn -0.6871 -0.3923 -0.6116
vn -0.8186 -0.5664 -0.0956
vn -0.6266 -0.5342 -0.5674
vn -0.8898 -0.4516 -0.0659
vn -0.8874 -0.4548 -0.076
vn -0.6465 -0.5287 -0.55
vn -0.6569 -0.5161 -0.5497
vn -0.1262 -0.7064 -0.6965
vn -0.9409 -0.3331 -0.0623
vn -0.6538 -0.518 -0.5515
vn -0.6888 -0.4702 -0.5518
vn -0.9458 -0.3197 -0.0561
vn -0.8486 -0.5262 -0.055
vn -0.7291 -0.404 -0.5525
vn -0.6939 -0.4694 -0.546
vn -0.9476 -0.3185 -0.0241
vn -0.2356 -0.6324 -0.7379
vn -0.7737 -0.445 -0.451
vn -0.7336 -0.5112 -0.4477
vn -0.2737 -0.5943 -0.7562
vn -0.7551 -0.515 -0.4057
vn -0.6357 -0.5939 -0.493
vn -0.8083 -0.4529 -0.3762
vn -0.689 -0.5145 -0.5104
vn -0.2991 -0.6286 -0.7179
vn -0.3081 -0.6147 -0.7261
vn -0.8619 -0.4091 -0.2996
vn -0.8219 -0.4922 -0.2868
vn -0.7061 -0.5045 -0.497
vn -0.8083 -0.5264 -0.2636
vn -0.3258 -0.5976 -0.7326
vn -0.8392 -0.4833 -0.2492
vn -0.8769 -0.4003 -0.2659
vn -0.8768 -0.4007 -0.2657
vn -0.7028 -0.5033 -0.5028
vn -0.8212 -0.5262 -0.2207
vn -0.3634 -0.6174 -0.6977
vn -0.9166 -0.3322 -0.2225
vn -0.7087 -0.4958 -0.5018
vn -0.3759 -0.5942 -0.7111
vn -0.8937 -0.3965 -0.2097
vn -0.9381 -0.2768 -0.2081
vn -0.8071 -0.5569 -0.1962
vn -0.8863 -0.4181 -0.199
vn -0.7335 -0.4766 -0.4846
vn -0.7893 -0.3208 -0.5235
vn -0.4496 -0.6171 -0.6458
vn -0.7308 -0.4744 -0.4908
vn -0.9208 -0.3098 -0.2369
vn -0.9193 -0.3152 -0.2355
vn -0.7892 -0.3616 -0.4964
vn -0.309 0.9489 -0.0637
vn -0.7976 -0.3562 -0.4869
vn -0.722 -0.5201 -0.4564
vn -0.7033 -0.5843 -0.4048
vn -0.771 -0.4463 -0.4544
vn -0.823 -0.353 -0.4451
vn -0.7604 -0.5131 -0.3982
vn -0.824 -0.3625 -0.4354
vn -0.8037 -0.4277 -0.4136
vn -0.8557 -0.2983 -0.4228
vn -0.7444 -0.5445 -0.3866
vn -0.8159 -0.4223 -0.3949
vn -0.8545 -0.3198 -0.4093
vn -0.8662 -0.3028 -0.3976
vn -0.7679 -0.5278 -0.363
vn -0.7861 -0.4996 -0.364
vn -0.8336 -0.4391 -0.3352
vn -0.8499 -0.3787 -0.3664
vn -0.8604 -0.3484 -0.372
vn -0.7828 -0.529 -0.3276
vn -0.9287 -0.2862 -0.2356
vn -0.7915 -0.5684 -0.2246
vn -0.8048 -0.5555 -0.2089
vn -0.9873 -0.1486 -0.0566
vn -0.5986 -0.6409 -0.4806
vn -0.5782 -0.6456 -0.4989
vn -0.7316 -0.6617 -0.1639
vn -0.3687 -0.6017 -0.7085
vn -0.9007 -0.386 -0.1993
vn -0.6175 -0.4558 -0.641
vn -0.4879 -0.7983 -0.3531
vn -0.8373 -0.5005 -0.2203
vn -0.8257 -0.513 -0.2346
vn -0.5759 -0.4689 -0.6697
vn -0.9693 -0.2011 -0.1414
vn -0.9753 -0.193 -0.1072
vn -0.812 -0.4502 -0.3715
vn -0.8825 -0.4129 -0.225
vn -0.8667 -0.4325 -0.2484
vn -0.8676 -0.4486 -0.2143
vn -0.6925 -0.5543 -0.4617
vn -0.7147 -0.5428 -0.4411
vn -0.7321 -0.65 -0.2038
vn -0.1542 -0.6769 -0.7197
vn -0.1729 -0.6842 -0.7085
vn -0.2752 -0.6332 -0.7234
vn -0.9439 -0.2171 -0.2488
vn -0.7156 -0.3919 -0.5782
vn -0.2229 -0.6606 -0.7169
vn -0.1209 -0.7047 -0.6992
vn -0.4104 -0.5904 -0.6949
vn -0.8304 -0.3138 -0.4604
vn -0.3138 -0.9085 -0.276
vn -0.3319 -0.9054 -0.2647
vn -0.739 -0.5234 -0.4243
vn -0.7934 -0.4642 -0.3939
vn -0.976 -0.1963 -0.0947
vn -0.9243 -0.3344 -0.1842
vn -0.6671 -0.4223 -0.6137
vn -0.6496 -0.4204 -0.6334
vn -0.0963 -0.8905 -0.4448
vn -0.7359 -0.5852 -0.3406
vn -0.3336 -0.7923 -0.5109
vn -0.3132 -0.6097 -0.7282
vn -0.6961 -0.6978 -0.1689
vn -0.6456 -0.753 -0.1274
vn -0.4734 -0.5414 -0.6948
vn -0.2221 -0.947 -0.232
vn -0.2429 -0.9452 -0.218
vn -0.9452 -0.262 -0.1947
vn -0.3372 -0.8926 -0.2994
vn -0.2373 -0.8318 -0.5018
vn -0.2458 -0.8319 -0.4975
vn -0.6064 -0.4655 -0.6446
vn -0.7532 -0.3479 -0.5583
vn -0.641 -0.7629 -0.0839
vn -0.0889 -0.698 -0.7105
vn -0.0671 -0.9882 -0.1376
vn -0.8797 -0.4231 -0.2168
vn -0.634 -0.6802 -0.3679
vn -0.6352 -0.6798 -0.3666
vn -0.1479 -0.9784 -0.1444
vn -0.2866 -0.6244 -0.7266
vn -0.9611 -0.2324 -0.1494
vn -0.506 -0.7831 -0.3616
vn -0.5089 -0.7827 -0.3584
vn -0.7696 -0.553 -0.3192
vn -0.7547 -0.5651 -0.3332
vn -0.783 -0.5843 -0.2134
vn -0.2361 -0.6455 -0.7263
vn -0.7691 -0.5964 -0.2298
vn -0.6623 -0.5748 -0.4805
vn -0.139 -0.8713 -0.4707
vn -0.6808 -0.7098 -0.1808
vn -0.1702 -0.9685 -0.1817
vn -0.8557 -0.3935 -0.336
vn -0.972 -0.19 -0.1384
vn -0.7315 -0.6537 -0.1937
vn -0.9771 -0.196 -0.0824
vn -0.9193 -0.3043 -0.2497
vn -0.9075 -0.3154 -0.2774
vn -0.7717 -0.4785 -0.419
vn -0.9159 -0.3534 -0.1905
vn -0.3712 -0.873 -0.3164
vn -0.0432 -0.8937 -0.4466
vn -0.0784 -0.7023 -0.7075
vn -0.6549 -0.7461 -0.1202
vn -0.623 -0.6169 -0.481
vn -0.8386 -0.4903 -0.2372
vn -0.4245 -0.7369 -0.5262
vn -0.9652 -0.2103 -0.1552
vn -0.978 -0.1813 -0.1029
vn -0.5728 -0.4722 -0.67
vn -0.5998 -0.7964 -0.0773
vn -0.4764 -0.7116 -0.5164
vn -0.4554 -0.7157 -0.5296
vn -0.505 -0.5035 -0.7011
vn -0.5426 -0.5028 -0.6729
vn -0.1097 -0.6887 -0.7167
vn -0.909 -0.2436 -0.3383
vn -0.8894 -0.2568 -0.3783
vn -0.8141 -0.5334 -0.2296
vn -0.8026 -0.5449 -0.2428
vn -0.554 -0.7466 -0.3684
vn -0.8367 -0.4709 -0.2794
vn -0.8897 -0.3339 -0.3112
vn -0.7427 -0.6371 -0.2063
vn -0.0366 -0.7011 -0.7121
vn -0.1519 -0.9722 -0.1782
vn -0.84 -0.2972 -0.454
vn -0.0679 -0.9823 -0.1748
vn -0.8245 -0.2981 -0.4809
vn -0.0903 -0.9831 -0.159
vn -0.6073 -0.7854 -0.1198
vn -0.9689 -0.2026 -0.142
vn -0.6026 -0.7946 -0.0739
vn -0.4142 -0.845 -0.3382
vn -0.4063 -0.8465 -0.344
vn -0.9794 -0.198 -0.0389
vn -0.8503 -0.4694 -0.2381
vn -0.4179 -0.5502 -0.7229
vn -0.4357 -0.553 -0.7102
vn -0.9886 -0.1471 -0.0317
vn -0.678 -0.3885 -0.624
vn -0.9594 -0.2065 -0.1921
vn -0.7024 -0.6156 -0.3573
vn -0.8057 -0.5051 -0.3093
vn -0.5951 -0.62 -0.5113
vn -0.814 -0.5002 -0.2953
vn -0.4459 -0.8228 -0.3523
vn -0.9339 -0.3155 -0.1683
vn -0.983 -0.1618 -0.0868
vn -0.2289 -0.637 -0.7361
vn -0.0373 -0.7008 -0.7124
vn -0.0224 -0.9892 -0.1447
vn -0.0409 -0.9903 -0.1328
vn -0.6943 -0.6899 -0.205
vn -0.1658 -0.6512 -0.7405
vn -0.1892 -0.6564 -0.7303
vn -0.1236 -0.6711 -0.731
vn -0.6681 -0.5746 -0.4727
vn -0.5853 -0.7178 -0.3771
vn -0.2932 -0.8001 -0.5233
vn -0.2878 -0.7997 -0.5268
vn -0.8265 -0.5083 -0.2421
vn -0.8209 -0.4227 -0.3839
vn -0.7159 -0.3661 -0.5946
vn -0.7433 -0.6264 -0.2349
vn -0.7579 -0.6147 -0.2186
vn -0.2901 -0.9187 -0.2679
vn -0.7843 -0.3228 -0.5299
vn -0.9645 -0.2079 -0.1627
vn -0.273 -0.9209 -0.2784
vn -0.5676 -0.6523 -0.5024
vn -0.5381 -0.6613 -0.5226
vn -0.8631 -0.4377 -0.2521
vn -0.8505 -0.452 -0.269
vn -0.6022 -0.4364 -0.6685
vn -0.643 -0.4258 -0.6366
vn -0.9487 -0.2882 -0.1304
vn -0.6726 -0.7231 -0.157
vn -0.478 -0.5171 -0.71
vn -0.4652 -0.5147 -0.7202
vn -0.6674 -0.7269 -0.162
vn -0.9569 -0.2097 -0.2008
vn -0.8949 -0.3925 -0.2122
vn -0.8715 -0.4224 -0.2492
vn -0.6751 -0.6409 -0.3653
vn -0.6686 -0.6438 -0.3722
vn -0.8986 -0.3871 -0.2065
vn -0.921 -0.3451 -0.181
vn -0.2008 -0.8395 -0.5049
vn -0.1985 -0.8393 -0.5062
vn -0.1816 -0.9564 -0.2288
vn -0.7002 -0.6752 -0.2321
vn -0.8651 -0.3772 -0.3307
vn -0.8364 -0.4046 -0.3697
vn -0.7922 -0.5644 -0.232
vn -0.7785 -0.5752 -0.2512
vn -0.9298 -0.2858 -0.232
vn -0.5162 -0.486 -0.7052
vn -0.3837 -0.8632 -0.3281
vn -0.9611 -0.2149 -0.1733
vn -0.0986 -0.8713 -0.4807
vn -0.0954 -0.8704 -0.4831
vn -0.6054 -0.7902 -0.0953
vn -0.5877 -0.7978 -0.1346
vn -0.9339 -0.3212 -0.1571
vn -0.3307 -0.5913 -0.7356
vn -0.9412 -0.3091 -0.1366
vn -0.7548 -0.3477 -0.5562
vn -0.9778 -0.2016 -0.0568
vn -0.7004 -0.6852 -0.1999
vn -0.3552 -0.882 -0.3097
vn -0.7354 -0.3631 -0.5721
vn -0.9596 -0.262 -0.1027
vn -0.3585 -0.5663 -0.7421
vn -0.3946 -0.5623 -0.7267
vn -0.5511 -0.8305 -0.081
vn -0.2479 -0.6091 -0.7534
vn -0.731 -0.5882 -0.346
vn -0.5903 -0.445 -0.6735
vn -0.0951 -0.9766 -0.1927
vn -0.0547 -0.8782 -0.4751
vn -0.9499 -0.2339 -0.2072
vn -0.7467 -0.4941 -0.4452
vn -0.7646 -0.4867 -0.4225
vn -0.6268 -0.7674 -0.1349
vn -0.7175 -0.6543 -0.2389
vn -0.6044 -0.6981 -0.384
vn -0.192 -0.9558 -0.2225
vn -0.3715 -0.7584 -0.5355
vn -0.3665 -0.7584 -0.5389
vn -0.8 -0.3161 -0.5099
vn -0.8016 -0.3164 -0.5073
vn -0.6685 -0.7152 -0.204
vn -0.8421 -0.4845 -0.2368
vn -0.6184 -0.608 -0.4979
vn -0.2782 -0.5988 -0.751
vn -0.1421 -0.6585 -0.739
vn -0.1128 -0.6526 -0.7493
vn -0.8957 -0.3367 -0.2903
vn -0.0879 -0.677 -0.7307
vn -0.0692 -0.6723 -0.7371
vn -0.4112 -0.7354 -0.5386
vn -0.1695 -0.841 -0.5139
vn -0.8919 -0.2527 -0.3751
vn -0.6498 -0.7444 -0.1534
vn -0.6281 -0.758 -0.1755
vn -0.8974 -0.3893 -0.2076
vn -0.7926 -0.4484 -0.4132
vn -0.9079 -0.3657 -0.2049
vn -0.5069 -0.6735 -0.538
vn -0.5298 -0.6661 -0.525
vn -0.4265 -0.5244 -0.7369
vn -0.9247 -0.3395 -0.1724
vn -0.6322 -0.4231 -0.6491
vn -0.3317 -0.8802 -0.3393
vn -0.0472 -0.9852 -0.1646
vn -0.0263 -0.9835 -0.1791
vn -0.5601 -0.4521 -0.6942
vn -0.7135 -0.3682 -0.5961
vn -0.0435 -0.875 -0.4822
vn -0.3613 -0.8641 -0.3503
vn -0.8355 -0.4718 -0.2817
vn -0.8666 -0.2702 -0.4195
vn -0.92 -0.237 -0.312
vn -0.771 -0.5866 -0.248
vn -0.6859 -0.5414 -0.4863
vn -0.9207 -0.2826 -0.269
vn -0.3268 -0.7698 -0.5483
vn -0.2404 -0.8088 -0.5367
vn -0.2535 -0.8089 -0.5305
vn -0.5381 -0.7459 -0.3924
vn -0.3041 -0.5697 -0.7636
vn -0.3532 -0.5689 -0.7427
vn -0.2126 -0.6219 -0.7537
vn -0.1804 -0.62 -0.7636
vn -0.6971 -0.6929 -0.1841
vn -0.0396 -0.6755 -0.7363
vn -0.036 -0.6744 -0.7375
vn -0.4813 -0.4892 -0.7274
vn -0.6701 -0.3811 -0.637
vn -0.6438 -0.6628 -0.3824
vn -0.6339 -0.6672 -0.3912
vn -0.5069 -0.7703 -0.3869
vn -0.5034 -0.7712 -0.3897
vn -0.5626 -0.4499 -0.6936
vn -0.4547 -0.811 -0.3682
vn -0.8146 -0.5197 -0.2575
vn -0.4477 -0.8108 -0.3771
vn -0.9031 -0.3031 -0.3043
vn -0.9123 -0.3628 -0.19
vn -0.5579 -0.6485 -0.5178
vn -0.2553 -0.6113 -0.7491
vn -0.2334 -0.9311 -0.2804
vn -0.2496 -0.9294 -0.2721
vn -0.9718 -0.2052 -0.1161
vn -0.7157 -0.5965 -0.3634
vn -0.9115 -0.3626 -0.1939
vn -0.9093 -0.2437 -0.3373
vn -0.8144 -0.4186 -0.4018
vn -0.847 -0.3902 -0.3611
vn -0.1345 -0.9631 -0.2332
vn -0.1443 -0.9631 -0.227
vn -0.6316 -0.5824 -0.5118
vn -0.0741 -0.6633 -0.7447
vn -0.523 -0.4723 -0.7095
vn -0.9492 -0.2867 -0.1299
vn -0.3841 -0.5283 -0.7572
vn -0.4228 -0.5278 -0.7367
vn -0.933 -0.2723 -0.2354
vn -0.6962 -0.3639 -0.6188
vn -0.08 -0.9801 -0.1818
vn -0.7499 -0.6125 -0.25
vn -0.7364 -0.504 -0.4513
vn -0.7121 -0.5172 -0.4748
vn -0.8895 -0.3974 -0.2257
vn -0.6008 -0.7795 -0.1772
vn -0.8343 -0.2882 -0.4699
vn -0.5762 -0.7201 -0.3866
vn -0.7232 -0.6456 -0.2455
vn -0.8635 -0.3757 -0.3364
vn -0.8767 -0.2644 -0.4019
vn -0.8629 -0.2701 -0.4271
vn -0.7921 -0.4492 -0.4132
vn -0.6622 -0.3863 -0.642
vn -0.6389 -0.7404 -0.2088
vn -0.6525 -0.7315 -0.1978
vn -0.3123 -0.8968 -0.3133
vn -0.3007 -0.8978 -0.3217
vn -0.9877 -0.1526 -0.0342
vn -0.957 -0.2278 -0.1793
vn -0.1453 -0.8464 -0.5123
vn -0.1315 -0.8448 -0.5186
vn -0.9507 -0.2848 -0.1227
vn -0.5534 -0.8279 -0.0909
vn -0.4675 -0.4829 -0.7405
vn -0.9462 -0.2439 -0.2125
vn -0.5877 -0.7968 -0.1408
vn -0.574 -0.8046 -0.1525
vn -0.7646 -0.3323 -0.5523
vn -0.4384 -0.706 -0.5562
vn -0.5144 -0.4677 -0.7188
vn -0.4391 -0.5083 -0.7408
vn -0.7849 -0.5639 -0.2566
vn -0.3838 -0.7321 -0.5627
vn -0.1325 -0.621 -0.7725
vn -0.1652 -0.625 -0.7629
vn -0.4696 -0.6854 -0.5565
vn -0.4899 -0.6826 -0.5422
vn -0.8384 -0.2827 -0.466
vn -0.79 -0.316 -0.5254
vn -0.8042 -0.3007 -0.5127
vn -0.7711 -0.3243 -0.5479
vn -0.6261 -0.5734 -0.5283
vn -0.7477 -0.5623 -0.3532
vn -0.6515 -0.5705 -0.5001
vn -0.9435 -0.2246 -0.2438
vn -0.6328 -0.3938 -0.6667
vn -0.6362 -0.3941 -0.6633
vn -0.7331 -0.3447 -0.5863
vn -0.7264 -0.3503 -0.5913
vn -0.7454 -0.6163 -0.2539
vn -0.9851 -0.158 -0.068
vn -0.0185 -0.9765 -0.2148
vn -0.6935 -0.6816 -0.2334
vn -0.1095 -0.9718 -0.209
vn -0.698 -0.6784 -0.2293
vn -0.2041 -0.9375 -0.2817
vn -0.2191 -0.9364 -0.2742
vn -0.7609 -0.4669 -0.4506
vn -0.7561 -0.3245 -0.5683
vn -0.0941 -0.6334 -0.7681
vn -0.8967 -0.2535 -0.3628
vn -0.9277 -0.2343 -0.2907
vn -0.9207 -0.237 -0.3101
vn -0.77 -0.5394 -0.3408
vn -0.7818 -0.5325 -0.3245
vn -0.9536 -0.2193 -0.2063
vn -0.3229 -0.772 -0.5475
vn -0.3417 -0.8742 -0.3451
vn -0.2809 -0.5789 -0.7654
vn -0.2643 -0.5735 -0.7754
vn -0.8194 -0.2987 -0.4893
vn -0.3301 -0.5333 -0.7788
vn -0.3632 -0.5361 -0.762
vn -0.8146 -0.4184 -0.4017
vn -0.6578 -0.4009 -0.6376
vn -0.4762 -0.7875 -0.3913
vn -0.3968 -0.5021 -0.7684
vn -0.9081 -0.2452 -0.3395
vn -0.9018 -0.2507 -0.3521
vn -0.9053 -0.3765 -0.1967
vn -0.1942 -0.8152 -0.5456
vn -0.7517 -0.6019 -0.2695
vn -0.2126 -0.8153 -0.5386
vn -0.9479 -0.2271 -0.2234
vn -0.7122 -0.6493 -0.2669
vn -0.6006 -0.4126 -0.6849
vn -0.9299 -0.234 -0.2838
vn -0.9257 -0.2323 -0.2985
vn -0.5964 -0.413 -0.6883
vn -0.5725 -0.4213 -0.7034
vn -0.5579 -0.4352 -0.7066
vn -0.0415 -0.6519 -0.7572
vn -0.971 -0.2125 -0.1095
vn -0.5349 -0.8363 -0.12
vn -0.962 -0.2184 -0.1639
vn -0.6129 -0.7607 -0.2136
vn -0.0673 -0.6423 -0.7635
vn -0.63 -0.7508 -0.1986
vn -0.5212 -0.4411 -0.7306
vn -0.9244 -0.2757 -0.2637
vn -0.5333 -0.8326 -0.1496
vn -0.9028 -0.3023 -0.3059
vn -0.9756 -0.212 -0.057
vn -0.0928 -0.6328 -0.7687
vn -0.532 -0.4428 -0.7217
vn -0.7125 -0.5954 -0.3713
vn -0.9717 -0.2154 -0.0972
vn -0.9683 -0.2376 -0.0773
vn -0.9587 -0.2634 -0.107
vn -0.8315 -0.4937 -0.2546
vn -0.2885 -0.5429 -0.7887
vn -0.572 -0.6202 -0.5368
vn -0.2354 -0.5854 -0.7758
vn -0.203 -0.5833 -0.7864
vn -0.2889 -0.7745 -0.5627
vn -0.4877 -0.4629 -0.7402
vn -0.7057 -0.6544 -0.2716
vn -0.8843 -0.4132 -0.2173
vn -0.0249 -0.6408 -0.7673
vn -0.38 -0.8492 -0.3667
vn -0.8709 -0.3414 -0.3535
vn -0.8194 -0.4841 -0.307
vn -0.8169 -0.4848 -0.3126
vn -0.9676 -0.1997 -0.1544
vn -0.8578 -0.4565 -0.2362
vn -0.9826 -0.1148 -0.1457
vn -0.9626 -0.2248 -0.1511
vn -0.9724 -0.2119 -0.0976
vn -0.9777 -0.1743 -0.117
vn -0.4806 -0.4629 -0.7448
vn -0.4411 -0.4803 -0.7581
vn -0.4357 -0.4797 -0.7616
vn -0.7422 -0.609 -0.2796
vn -0.4042 -0.8313 -0.3815
vn -0.1857 -0.8182 -0.5442
vn -0.407 -0.8307 -0.3798
vn -0.9757 -0.2185 -0.0144
vn -0.6771 -0.5359 -0.5043
vn -0.7092 -0.5198 -0.4763
vn -0.6138 -0.6837 -0.3948
vn -0.6709 -0.7038 -0.2334
vn -0.6553 -0.7136 -0.2478
vn -0.5536 -0.7297 -0.4013
vn -0.0407 -0.6292 -0.7761
vn -0.8044 -0.5358 -0.2566
vn -0.8006 -0.5396 -0.2603
vn -0.3535 -0.7463 -0.564
vn -0.9757 -0.2109 -0.0599
vn -0.3644 -0.5047 -0.7826
vn -0.0586 -0.8592 -0.5083
vn -0.4002 -0.4952 -0.7711
vn -0.1156 -0.6038 -0.7887
vn -0.0885 -0.847 -0.5242
vn -0.0993 -0.8487 -0.5194
vn -0.0789 -0.9673 -0.241
vn -0.3952 -0.4942 -0.7743
vn -0.7243 -0.5811 -0.371
vn -0.2274 -0.5548 -0.8003
vn -0.2513 -0.5592 -0.79
vn -0.2987 -0.5467 -0.7822
vn -0.9812 -0.168 -0.0951
vn -0.1538 -0.5824 -0.7982
vn -0.202 -0.5838 -0.7864
vn -0.791 -0.4319 -0.4333
vn -0.9588 -0.2099 -0.1914
vn -0.9998 -0.0203 -0.0005
vn -0.9998 -0.0201 -0.0004
vn -0.27 -0.9059 -0.3263
vn -0.3556 -0.5023 -0.7882
vn -0.3193 -0.5149 -0.7956
vn -0.3785 -0.7317 -0.5669
vn -0.9295 -0.2656 -0.2559
vn -0.6056 -0.7753 -0.1793
vn -0.0367 -0.9722 -0.2313
vn -0.0624 -0.6111 -0.7891
vn -0.845 -0.456 -0.2792
vn -0.5882 -0.7023 -0.401
vn -0.9175 -0.355 -0.1792
vn -0.3071 -0.5136 -0.8012
vn -0.7644 -0.4613 -0.4504
vn -0.1879 -0.5705 -0.7995
vn -0.4235 -0.7042 -0.5699
vn -0.9993 -0.037 0.0019
vn -0.1293 -0.5911 -0.7962
vn -0.0967 -0.5838 -0.8061
vn -0.0202 -0.6095 -0.7926
vn -0.0612 -0.6118 -0.7886
vn -0.2908 -0.524 -0.8005
vn -0.2476 -0.7893 -0.5619
vn -0.9981 -0.0609 0.0078
vn -0.8623 -0.4481 -0.2361
vn -0.4832 -0.6555 -0.5803
vn -0.2517 -0.5291 -0.8104
vn -0.2113 -0.543 -0.8127
vn -0.8801 -0.3423 -0.3289
vn -0.0325 -0.6046 -0.7959
vn -0.2464 -0.5333 -0.8093
vn -0.9228 -0.3444 -0.1728
vn -0.2016 -0.5384 -0.8182
vn -0.1639 -0.9443 -0.2853
vn -0.1774 -0.9443 -0.2773
vn -0.137 -0.5558 -0.8199
vn -0.5807 -0.7858 -0.2127
vn -0.0552 -0.5808 -0.8121
vn -0.077 -0.5903 -0.8035
vn -0.9951 -0.0992 -0.0026
vn -0.5252 -0.6414 -0.5593
vn -0.1227 -0.5483 -0.8272
vn -0.9977 -0.0675 -0.003
vn -0.5758 -0.6214 -0.5313
vn -0.167 -0.5517 -0.8171
vn -0.0108 -0.5902 -0.8072
vn -0.9378 -0.3119 -0.1524
vn -0.3168 -0.7503 -0.5802
vn -0.9952 -0.0979 -0.0018
vn -0.0705 -0.569 -0.8193
vn -0.0983 -0.5437 -0.8335
vn -0.9071 -0.2925 -0.3027
vn -0.0519 -0.5664 -0.8225
vn -0.7323 -0.4815 -0.4815
vn -0.0261 -0.563 -0.826
vn -0.0088 -0.569 -0.8223
vn -0.4848 -0.8667 -0.1178
vn -0.51 -0.8564 -0.081
vn -0.9998 -0.0218 0
vn -0.539 -0.8299 -0.1442
vn -0.2907 -0.8883 -0.3556
vn -0.8264 -0.3839 -0.4119
vn -0.6741 -0.627 -0.3905
vn -0.6894 -0.6195 -0.3755
vn -0.9974 -0.0715 -0.0047
vn -0.886 -0.4106 -0.2155
vn -0.9923 -0.1237 0.0023
vn -0.5466 -0.8219 -0.1602
vn -0.4468 -0.7998 -0.4008
vn -0.4409 -0.8004 -0.4062
vn -0.7474 -0.5625 -0.3536
vn -0.9987 -0.0489 -0.0132
vn -0.9754 -0.2115 -0.0616
vn -0.2442 -0.9145 -0.3225
vn -0.6821 -0.5313 -0.5024
vn -0.2686 -0.774 -0.5734
vn -0.8162 -0.5172 -0.2575
vn -0.9886 -0.1505 -0.0049
vn -0.9993 -0.0263 -0.0271
vn -0.3208 -0.868 -0.379
vn -0.7683 -0.5759 -0.2794
vn -0.8993 -0.3718 -0.2302
vn -0.5789 -0.7014 -0.4159
vn -0.9988 -0.0475 -0.0129
vn -0.8424 -0.3827 -0.3793
vn -0.1386 -0.8201 -0.5552
vn -0.1492 -0.8219 -0.5497
vn -0.0434 -0.9703 -0.238
vn -0.9953 -0.097 -0.0063
vn -0.7942 -0.426 -0.4334
vn -0.9979 -0.061 -0.0213
vn -0.3138 -0.7523 -0.5793
vn -0.6423 -0.7288 -0.2373
vn -0.6251 -0.7387 -0.2521
vn -0.8832 -0.3999 -0.2451
vn -0.4998 -0.8557 -0.1343
vn -0.9953 -0.0924 -0.0282
vn -0.9952 -0.0972 -0.0064
vn -0.5645 -0.8018 -0.1961
vn -0.0604 -0.8496 -0.524
vn -0.0329 -0.844 -0.5353
vn -0.9966 -0.0632 -0.052
vn -0.2972 -0.8845 -0.3597
vn -0.9923 -0.1239 -0.0048
vn -0.9884 -0.1493 -0.0262
vn -0.9936 -0.107 -0.037
vn -0.7228 -0.4913 -0.486
vn -0.96 -0.2064 -0.1892
vn -0.3457 -0.8517 -0.3938
vn -0.6828 -0.6811 -0.2643
vn -0.947 -0.2258 -0.2286
vn -0.6845 -0.6801 -0.2626
vn -0.9881 -0.1537 -0.0033
vn -0.9836 -0.1779 -0.0309
vn -0.9673 -0.2383 -0.0873
vn -0.6454 -0.5483 -0.5318
vn -0.5397 -0.7295 -0.4202
vn -0.4118 -0.6959 -0.5883
vn -0.2297 -0.9164 -0.3278
vn -0.8136 -0.4028 -0.4192
vn -0.9733 -0.2297 -0.0021
vn -0.8953 -0.3086 -0.3211
vn -0.8802 -0.3178 -0.3524
vn -0.9856 -0.1689 -0.0119
vn -0.9928 -0.1139 -0.0359
vn -0.9296 -0.3333 -0.1571
vn -0.8581 -0.3453 -0.3801
vn -0.093 -0.9613 -0.2595
vn -0.5765 -0.593 -0.5621
vn -0.5934 -0.5966 -0.5404
vn -0.5024 -0.6575 -0.5615
vn -0.9955 -0.081 -0.0493
vn -0.9749 -0.2208 -0.0291
vn -0.9806 -0.1958 -0.0089
vn -0.715 -0.645 -0.2698
vn -0.7547 -0.456 -0.4717
vn -0.5901 -0.7766 -0.2205
vn -0.4678 -0.8767 -0.1123
vn -0.7892 -0.5477 -0.2779
vn -0.7378 -0.615 -0.2782
vn -0.6549 -0.642 -0.3986
vn -0.6436 -0.6475 -0.408
vn -0.4863 -0.8618 -0.1442
vn -0.5059 -0.7566 -0.4142
vn -0.504 -0.7569 -0.416
vn -0.9943 -0.09 -0.057
vn -0.1182 -0.9501 -0.2886
vn -0.1285 -0.9506 -0.2825
vn -0.9892 -0.1429 -0.0324
vn -0.9734 -0.2286 -0.0132
vn -0.6503 -0.5422 -0.5321
vn -0.9676 -0.2504 -0.0333
vn -0.7606 -0.5855 -0.2804
vn -0.5609 -0.8045 -0.1954
vn -0.985 -0.1606 -0.0637
vn -0.7033 -0.4942 -0.511
vn -0.5383 -0.8204 -0.193
vn -0.9507 -0.2227 -0.2156
vn -0.7122 -0.6469 -0.2725
vn -0.3335 -0.8615 -0.383
vn -0.9848 -0.1625 -0.0609
vn -0.9487 -0.281 -0.1452
vn -0.9569 -0.2662 -0.1164
vn -0.7782 -0.5632 -0.2779
vn -0.6158 -0.7503 -0.2403
vn -0.5983 -0.7599 -0.2542
vn -0.9838 -0.1759 -0.034
vn -0.9788 -0.1959 -0.0594
vn -0.2103 -0.7887 -0.5777
vn -0.2123 -0.7889 -0.5767
vn -0.1776 -0.7932 -0.5825
vn -0.9201 -0.3359 -0.2016
vn -0.9583 -0.2838 -0.0343
vn -0.9646 -0.2633 -0.0131
vn -0.9876 -0.1385 -0.0743
vn -0.9908 -0.121 -0.0599
vn -0.1062 -0.8249 -0.5552
vn -0.0922 -0.8227 -0.561
vn -0.9337 -0.3112 -0.177
vn -0.9924 -0.096 -0.0767
vn -0.683 -0.6171 -0.3909
vn -0.8754 -0.3263 -0.3568
vn -0.257 -0.7653 -0.5901
vn -0.4341 -0.6939 -0.5746
vn -0.865 -0.4224 -0.2709
vn -0.9482 -0.3157 -0.0354
vn -0.1974 -0.9237 -0.3284
vn -0.2001 -0.9236 -0.3271
vn -0.3881 -0.8234 -0.414
vn -0.7817 -0.5171 -0.3486
vn -0.7968 -0.5088 -0.326
vn -0.9762 -0.2136 -0.0381
vn -0.9691 -0.2382 -0.0645
vn -0.8386 -0.4817 -0.2543
vn -0.6564 -0.7049 -0.2687
vn -0.6467 -0.71 -0.2786
vn -0.9267 -0.2761 -0.255
vn -0.818 -0.383 -0.4292
vn -0.8343 -0.3725 -0.4064
vn -0.4599 -0.8782 -0.1313
vn -0.9847 -0.1638 -0.06
vn -0.9851 -0.161 -0.0601
vn -0.5036 -0.8491 -0.1595
vn -0.7862 -0.4218 -0.4516
vn -0.5186 -0.6303 -0.5778
vn -0.3704 -0.7167 -0.5909
vn -0.3473 -0.7183 -0.6029
vn -0.9678 -0.2494 -0.0349
vn -0.9597 -0.273 -0.0662
vn -0.9793 -0.1687 -0.1119
vn -0.8219 -0.4787 -0.3089
vn -0.4247 -0.9001 -0.0972
vn -0.9788 -0.1958 -0.0596
vn -0.9722 -0.2174 -0.087
vn -0.9856 -0.1409 -0.0931
vn -0.2418 -0.898 -0.3675
vn -0.9826 -0.1683 -0.0786
vn -0.2514 -0.8977 -0.3619
vn -0.9772 -0.1906 -0.0934
vn -0.2802 -0.8748 -0.3952
vn -0.0561 -0.9634 -0.2621
vn -0.0191 -0.9605 -0.2777
vn -0.4942 -0.8389 -0.2281
vn -0.942 -0.235 -0.2394
vn -0.4186 -0.9022 -0.1035
vn -0.8652 -0.4221 -0.2708
vn -0.5508 -0.7181 -0.4254
vn -0.8513 -0.3429 -0.3971
vn -0.9589 -0.2789 -0.0532
vn -0.4744 -0.7689 -0.4286
vn -0.5891 -0.6877 -0.4242
vn -0.6775 -0.5115 -0.5285
vn -0.9463 -0.3227 -0.0204
vn -0.9407 -0.3369 -0.0387
vn -0.6761 -0.6786 -0.287
vn -0.6717 -0.6811 -0.2913
vn -0.9683 -0.2364 -0.0802
vn -0.481 -0.6576 -0.5799
vn -0.8886 -0.4061 -0.2131
vn -0.9443 -0.3246 -0.0552
vn -0.8537 -0.4593 -0.2455
vn -0.973 -0.1835 -0.1398
vn -0.9312 -0.3622 -0.0416
vn -0.5786 -0.7767 -0.249
vn -0.5683 -0.7815 -0.2576
vn -0.4885 -0.854 -0.1791
vn -0.7323 -0.5637 -0.382
vn -0.7198 -0.6254 -0.3014
vn -0.9824 -0.1615 -0.094
vn -0.9724 -0.2162 -0.0878
vn -0.1393 -0.7932 -0.5929
vn -0.1722 -0.7953 -0.5812
vn -0.9072 -0.36 -0.2179
vn -0.8972 -0.3692 -0.2425
vn -0.9608 -0.2684 -0.0692
vn -0.9412 -0.3353 -0.0417
vn -0.934 -0.3496 -0.0736
vn -0.7035 -0.6446 -0.2993
vn -0.8188 -0.5082 -0.267
vn -0.8823 -0.4004 -0.2474
vn -0.0695 -0.9532 -0.2941
vn -0.0724 -0.9535 -0.2925
vn -0.9637 -0.2546 -0.08
vn -0.5381 -0.8089 -0.2369
vn -0.9773 -0.1824 -0.108
vn -0.7284 -0.464 -0.5042
vn -0.2862 -0.8745 -0.3915
vn -0.2267 -0.762 -0.6066
vn -0.0467 -0.8232 -0.5659
vn -0.058 -0.8264 -0.56
vn -0.9093 -0.2724 -0.3146
vn -0.2812 -0.742 -0.6086
vn -0.9271 -0.3399 -0.1578
vn -0.9426 -0.3222 -0.0877
vn -0.7695 -0.4273 -0.4746
vn -0.9119 -0.4103 -0.0094
vn -0.6149 -0.5643 -0.5509
vn -0.5888 -0.5675 -0.5756
vn -0.9766 -0.1936 -0.0933
vn -0.6235 -0.6621 -0.4158
vn -0.6124 -0.6667 -0.4249
vn -0.9428 -0.2941 -0.1571
vn -0.4276 -0.6691 -0.6078
vn -0.9509 -0.2932 -0.0992
vn -0.5354 -0.6187 -0.575
vn -0.5089 -0.6176 -0.5996
vn -0.9174 -0.3924 -0.0671
vn -0.9267 -0.3739 -0.0376
vn -0.1472 -0.9304 -0.3358
vn -0.1596 -0.9315 -0.327
vn -0.9338 -0.3429 -0.1022
vn -0.3141 -0.728 -0.6094
vn -0.9467 -0.3149 -0.0683
vn -0.3079 -0.7279 -0.6127
vn -0.9151 -0.4019 -0.0336
vn -0.9701 -0.2261 -0.0877
vn -0.982 -0.1695 -0.0838
vn -0.7005 -0.6481 -0.299
vn -0.8079 -0.5202 -0.2769
vn -0.9648 -0.1948 -0.1769
vn -0.9295 -0.2447 -0.276
vn -0.9626 -0.243 -0.1197
vn -0.4643 -0.6543 -0.5969
vn -0.3646 -0.8382 -0.4055
vn -0.6144 -0.7356 -0.2854
vn -0.6268 -0.73 -0.2722
vn -0.7568 -0.5394 -0.3692
vn -0.7595 -0.5381 -0.3655
vn -0.9568 -0.2559 -0.138
vn -0.4538 -0.8736 -0.1757
vn -0.6962 -0.5952 -0.4013
vn -0.9801 -0.1643 -0.111
vn -0.9735 -0.1847 -0.1352
vn -0.3649 -0.6879 -0.6274
vn -0.7445 -0.5976 -0.2974
vn -0.9031 -0.4247 -0.0635
vn -0.5032 -0.8412 -0.1978
vn -0.3972 -0.9124 -0.0988
vn -0.9676 -0.2205 -0.1228
vn -0.8939 -0.4457 -0.049
vn -0.7875 -0.5045 -0.3539
vn -0.908 -0.3227 -0.2673
vn -0.9719 -0.1841 -0.1464
vn -0.9228 -0.3733 -0.0957
vn -0.9331 -0.3533 -0.0678
vn -0.6721 -0.5184 -0.5287
vn -0.6464 -0.5223 -0.5562
vn -0.9764 -0.1782 -0.1217
vn -0.6401 -0.7066 -0.3017
vn -0.6473 -0.7029 -0.2948
vn -0.0255 -0.9534 -0.3006
vn -0.2046 -0.77 -0.6044
vn -0.9227 -0.3335 -0.1935
vn -0.8453 -0.4422 -0.2998
vn -0.8507 -0.4382 -0.2904
vn -0.9012 -0.386 -0.1969
vn -0.4105 -0.8067 -0.4252
vn -0.9602 -0.2608 -0.1001
vn -0.9517 -0.2823 -0.1207
vn -0.4257 -0.8959 -0.1271
vn -0.4093 -0.8996 -0.1526
vn -0.4028 -0.6871 -0.6047
vn -0.2481 -0.8829 -0.3987
vn -0.9622 -0.2451 -0.1185
vn -0.9846 -0.1682 -0.0485
vn -0.206 -0.908 -0.3649
vn -0.9786 -0.1938 -0.0697
vn -0.8114 -0.3811 -0.4432
vn -0.8236 -0.3772 -0.4235
vn -0.9494 -0.2986 -0.0979
vn -0.9149 -0.3626 -0.1776
vn -0.5023 -0.7401 -0.4472
vn -0.5134 -0.7372 -0.4393
vn -0.9428 -0.3152 -0.109
vn -0.5827 -0.573 -0.5763
vn -0.4481 -0.7834 -0.4308
vn -0.439 -0.785 -0.437
vn -0.9655 -0.2354 -0.1114
vn -0.9674 -0.2218 -0.1221
vn -0.9163 -0.3955 -0.0625
vn -0.9077 -0.409 -0.0937
vn -0.8854 -0.4628 -0.0436
vn -0.9413 -0.313 -0.1266
vn -0.4517 -0.875 -0.1744
vn -0.8898 -0.2874 -0.3544
vn -0.9071 -0.2765 -0.3174
vn -0.8775 -0.3016 -0.3729
vn -0.8459 -0.3415 -0.4098
vn -0.3769 -0.9196 -0.1106
vn -0.1667 -0.7718 -0.6136
vn -0.0574 -0.9464 -0.3178
vn -0.7938 -0.4034 -0.455
vn -0.758 -0.423 -0.4966
vn -0.9296 -0.3156 -0.1905
vn -0.9475 -0.2809 -0.153
vn -0.9225 -0.374 -0.0954
vn -0.5794 -0.687 -0.4385
vn -0.2164 -0.7603 -0.6125
vn -0.4869 -0.848 -0.2094
vn -0.9564 -0.2559 -0.141
vn -0.9083 -0.4118 -0.0735
vn -0.5393 -0.7174 -0.4411
vn -0.6006 -0.7468 -0.2855
vn -0.9204 -0.2642 -0.2882
vn -0.8658 -0.4968 -0.0602
vn -0.8715 -0.488 -0.0474
vn -0.2713 -0.7399 -0.6156
vn -0.887 -0.4556 -0.075
vn -0.5439 -0.8001 -0.2531
vn -0.5314 -0.8046 -0.265
vn -0.7261 -0.565 -0.3918
vn -0.7958 -0.535 -0.2837
vn -0.7957 -0.5351 -0.2837
vn -0.9072 -0.4104 -0.0924
vn -0.7223 -0.4581 -0.5181
vn -0.8834 -0.4619 -0.0795
vn -0.2356 -0.8885 -0.3938
vn -0.0574 -0.8022 -0.5943
vn -0.941 -0.3141 -0.1259
vn -0.8944 -0.3728 -0.2472
vn -0.8868 -0.3793 -0.2638
vn -0.9661 -0.2198 -0.1358
vn -0.1914 -0.9077 -0.3735
vn -0.4952 -0.6253 -0.6031
vn -0.4699 -0.6284 -0.6199
vn -0.1133 -0.7998 -0.5895
vn -0.099 -0.7958 -0.5974
vn -0.4155 -0.8928 -0.1741
vn -0.9341 -0.341 -0.1055
vn -0.9242 -0.3614 -0.1231
vn -0.426 -0.6533 -0.6259
vn -0.9514 -0.2811 -0.1262
vn -0.3135 -0.8487 -0.4259
vn -0.1117 -0.9345 -0.338
vn -0.9507 -0.2746 -0.1439
vn -0.1659 -0.7722 -0.6133
vn -0.9796 -0.1891 -0.068
vn -0.9564 -0.2484 -0.154
vn -0.3891 -0.9003 -0.1952
vn -0.333 -0.9358 -0.116
vn -0.6545 -0.6244 -0.4263
vn -0.6694 -0.6172 -0.4135
vn -0.9893 -0.1417 -0.0347
vn -0.9589 -0.2006 -0.2007
vn -0.8798 -0.4194 -0.2236
vn -0.9768 -0.1769 -0.1205
vn -0.7315 -0.61 -0.3048
vn -0.785 -0.4014 -0.4719
vn -0.8796 -0.4703 -0.0724
vn -0.4843 -0.7513 -0.4484
vn -0.8689 -0.3133 -0.3833
vn -0.9582 -0.2544 -0.1309
vn -0.8586 -0.3203 -0.4002
vn -0.9161 -0.3824 -0.1202
vn -0.9069 -0.3994 -0.134
vn -0.8993 -0.4211 -0.1179
vn -0.8902 -0.4465 -0.0902
vn -0.927 -0.2392 -0.2891
vn -0.4442 -0.8702 -0.2131
vn -0.8154 -0.4691 -0.3392
vn -0.8294 -0.4607 -0.3159
vn -0.3641 -0.92 -0.1452
vn -0.6902 -0.4923 -0.5303
vn -0.6656 -0.4918 -0.5613
vn -0.9315 -0.3304 -0.1519
vn -0.669 -0.6742 -0.3128
vn -0.6974 -0.595 -0.3995
vn -0.8823 -0.4587 -0.1061
vn -0.4859 -0.8437 -0.2281
vn -0.6142 -0.7294 -0.3014
vn -0.8147 -0.3698 -0.4467
vn -0.6068 -0.7318 -0.3102
vn -0.5733 -0.7678 -0.286
vn -0.5477 -0.5898 -0.5934
vn -0.5261 -0.5894 -0.6131
vn -0.6076 -0.5385 -0.5838
vn -0.6231 -0.5397 -0.5661
vn -0.841 -0.5385 -0.0528
vn -0.3283 -0.708 -0.6252
vn -0.9859 -0.1615 -0.0431
vn -0.9049 -0.3807 -0.1905
vn -0.0942 -0.9386 -0.3319
vn -0.8666 -0.4942 -0.0688
vn -0.1504 -0.9175 -0.3682
vn -0.8467 -0.5233 -0.0963
vn -0.9176 -0.3581 -0.1724
vn -0.5017 -0.8258 -0.2578
vn -0.9735 -0.2046 -0.1022
vn -0.8732 -0.3031 -0.3817
vn -0.3403 -0.8285 -0.4447
vn -0.3591 -0.8255 -0.4354
vn -0.7275 -0.4494 -0.5185
vn -0.3709 -0.6803 -0.6322
vn -0.862 -0.4952 -0.1083
vn -0.9285 -0.3455 -0.1364
vn -0.3358 -0.935 -0.1142
vn -0.8986 -0.4228 -0.1169
vn -0.9343 -0.318 -0.1614
vn -0.5695 -0.7695 -0.2889
vn -0.7933 -0.3741 -0.4803
vn -0.7682 -0.5644 -0.302
vn -0.3869 -0.8059 -0.4481
vn -0.7756 -0.5576 -0.2958
vn -0.7352 -0.5539 -0.3907
vn -0.6697 -0.6735 -0.3131
vn -0.2432 -0.7388 -0.6285
vn -0.9229 -0.3602 -0.1363
vn -0.9052 -0.3911 -0.1662
vn -0.8764 -0.3951 -0.2754
vn -0.8351 -0.485 -0.2596
vn -0.4242 -0.8773 -0.2246
vn -0.9745 -0.2078 -0.0841
vn -0.8312 -0.5482 -0.0928
vn -0.8467 -0.5282 -0.0635
vn -0.7004 -0.6392 -0.3175
vn -0.6978 -0.6408 -0.32
vn -0.9655 -0.1931 -0.1745
vn -0.8952 -0.4243 -0.1361
vn -0.2853 -0.7122 -0.6414
vn -0.4233 -0.6516 -0.6294
vn -0.3743 -0.9117 -0.1693
vn -0.8392 -0.3424 -0.4225
vn -0.0521 -0.7982 -0.6002
vn -0.8388 -0.4774 -0.2619
vn -0.8658 -0.4415 -0.2357
vn -0.0928 -0.9242 -0.3705
vn -0.8705 -0.4718 -0.1401
vn -0.8841 -0.4526 -0.1163
vn -0.9304 -0.3334 -0.1521
vn -0.9501 -0.2684 -0.1587
vn -0.1068 -0.7724 -0.6261
vn -0.1229 -0.7769 -0.6175
vn -0.5774 -0.5511 -0.6025
vn -0.5864 -0.6799 -0.4403
vn -0.9264 -0.2365 -0.2931
vn -0.1443 -0.9166 -0.3727
vn -0.8825 -0.4449 -0.1522
vn -0.2012 -0.8919 -0.4051
vn -0.9422 -0.3097 -0.1281
vn -0.8997 -0.4064 -0.1594
vn -0.9472 -0.28 -0.1564
vn -0.9545 -0.2493 -0.164
vn -0.9762 -0.2007 -0.0819
vn -0.2915 -0.9493 -0.1175
vn -0.9378 -0.2967 -0.1803
vn -0.9277 -0.3114 -0.2058
vn -0.3687 -0.6798 -0.634
vn -0.2896 -0.8594 -0.4213
vn -0.5541 -0.6967 -0.4557
vn -0.5544 -0.6966 -0.4554
vn -0.1977 -0.7426 -0.6399
vn -0.7668 -0.4062 -0.497
vn -0.8653 -0.4067 -0.293
vn -0.9479 -0.2783 -0.1553
vn -0.9315 -0.3141 -0.1836
vn -0.0573 -0.792 -0.6078
vn -0.8277 -0.5588 -0.0519
vn -0.8082 -0.5831 -0.0821
vn -0.0693 -0.9375 -0.341
vn -0.0321 -0.9418 -0.3347
vn -0.9838 -0.1727 -0.0489
vn -0.269 -0.7201 -0.6396
vn -0.4797 -0.6147 -0.6261
vn -0.9098 -0.3765 -0.1744
vn -0.4418 -0.6297 -0.639
vn -0.6796 -0.4794 -0.5553
vn -0.445 -0.7649 -0.4658
vn -0.4491 -0.7645 -0.4624
vn -0.3815 -0.9095 -0.1649
vn -0.3104 -0.6992 -0.644
vn -0.866 -0.487 -0.1139
vn -0.8491 -0.5091 -0.1413
vn -0.6217 -0.6435 -0.4465
vn -0.6402 -0.6352 -0.4321
vn -0.9544 -0.2497 -0.1635
vn -0.6161 -0.5131 -0.5976
vn -0.6347 -0.5164 -0.5749
vn -0.9223 -0.3386 -0.1862
vn -0.3219 -0.8365 -0.4435
vn -0.832 -0.5468 -0.0934
vn -0.4915 -0.8343 -0.2498
vn -0.4681 -0.8403 -0.2736
vn -0.9517 -0.2085 -0.2254
vn -0.8226 -0.3512 -0.4472
vn -0.0973 -0.9251 -0.3672
vn -0.612 -0.7221 -0.3225
vn -0.7028 -0.5783 -0.4142
vn -0.7028 -0.5783 -0.4143
vn -0.6406 -0.6968 -0.3227
vn -0.636 -0.699 -0.3268
vn -0.7544 -0.5788 -0.3096
vn -0.1897 -0.8971 -0.3991
vn -0.7549 -0.5784 -0.3092
vn -0.9366 -0.31 -0.1633
vn -0.7874 -0.3818 -0.4839
vn -0.293 -0.9503 -0.1055
vn -0.2627 -0.9559 -0.1311
vn -0.5711 -0.7581 -0.3148
vn -0.2216 -0.7205 -0.6571
vn -0.9833 -0.1773 -0.0399
vn -0.2843 -0.8595 -0.4247
vn -0.0496 -0.9352 -0.3505
vn -0.9408 -0.2885 -0.178
vn -0.7996 -0.5975 -0.0595
vn -0.6659 -0.6681 -0.332
vn -0.8285 -0.5423 -0.1399
vn -0.85 -0.5146 -0.113
vn -0.7837 -0.3718 -0.4976
vn -0.5388 -0.5585 -0.6307
vn -0.5779 -0.5506 -0.6024
vn -0.7222 -0.4264 -0.5446
vn -0.8947 -0.4167 -0.1607
vn -0.7363 -0.4247 -0.5267
vn -0.3319 -0.9281 -0.1686
vn -0.7916 -0.4912 -0.3635
vn -0.332 -0.9281 -0.1685
vn -0.7976 -0.4899 -0.352
vn -0.082 -0.7787 -0.622
vn -0.9581 -0.202 -0.203
vn -0.981 -0.1766 -0.0804
vn -0.9015 -0.2724 -0.3362
vn -0.8614 -0.4808 -0.1638
vn -0.8715 -0.4683 -0.1453
vn -0.4054 -0.7872 -0.4648
vn -0.9626 -0.2364 -0.1321
vn -0.9427 -0.2181 -0.2524
vn -0.9349 -0.2299 -0.2703
vn -0.1588 -0.7449 -0.648
vn -0.1817 -0.7484 -0.6379
vn -0.3292 -0.6772 -0.658
vn -0.7682 -0.5114 -0.3851
vn -0.9691 -0.2172 -0.1171
vn -0.379 -0.6538 -0.6549
vn -0.7731 -0.6273 -0.0934
vn -0.9119 -0.3316 -0.2418
vn -0.9252 -0.3168 -0.2088
vn -0.8095 -0.5791 -0.097
vn -0.7967 -0.5934 -0.1148
vn -0.9144 -0.3605 -0.1844
vn -0.9775 -0.1822 -0.1059
vn -0.7462 -0.4031 -0.5297
vn -0.8427 -0.4703 -0.262
vn -0.2387 -0.8726 -0.4261
vn -0.5174 -0.8015 -0.3
vn -0.5325 -0.7977 -0.2829
vn -0.1503 -0.9001 -0.4089
vn -0.0984 -0.9081 -0.407
vn -0.6945 -0.4462 -0.5644
vn -0.8818 -0.4385 -0.1735
vn -0.8511 -0.4193 -0.316
vn -0.8737 -0.3939 -0.2857
vn -0.4421 -0.6085 -0.659
vn -0.4024 -0.8936 -0.1987
vn -0.043 -0.7727 -0.6333
vn -0.569 -0.7587 -0.3172
vn -0.2335 -0.8718 -0.4306
vn -0.5253 -0.7133 -0.4639
vn -0.5108 -0.7182 -0.4725
vn -0.8075 -0.573 -0.1404
vn -0.825 -0.5525 -0.1186
vn -0.7311 -0.5443 -0.4114
vn -0.6125 -0.6503 -0.4493
vn -0.9058 -0.3854 -0.1758
vn -0.8498 -0.3198 -0.419
vn -0.9804 -0.1787 -0.083
vn -0.8643 -0.4706 -0.1777
vn -0.7572 -0.525 -0.3887
vn -0.6683 -0.6653 -0.3327
vn -0.3742 -0.6515 -0.66
vn -0.6363 -0.4832 -0.6014
vn -0.2078 -0.7269 -0.6545
vn -0.4991 -0.5886 -0.636
vn -0.849 -0.5094 -0.1407
vn -0.834 -0.524 -0.1728
vn -0.4274 -0.8755 -0.2254
vn -0.7705 -0.6335 -0.0702
vn -0.9476 -0.2144 -0.237
vn -0.2861 -0.8433 -0.455
vn -0.2827 -0.843 -0.4577
vn -0.6929 -0.4462 -0.5664
vn -0.6685 -0.5987 -0.4411
vn -0.2408 -0.964 -0.1125
vn -0.2212 -0.9669 -0.1272
vn -0.7775 -0.6197 -0.1071
vn -0.9029 -0.2525 -0.3479
vn -0.9105 -0.2529 -0.3273
vn -0.3933 -0.7863 -0.4765
vn -0.4442 -0.8585 -0.2562
vn -0.4269 -0.8635 -0.2685
vn -0.3736 -0.9023 -0.215
vn -0.9061 -0.3849 -0.1754
vn -0.8489 -0.4633 -0.2544
vn -0.1446 -0.9019 -0.4069
vn -0.7238 -0.6084 -0.3254
vn -0.7188 -0.6122 -0.3295
vn -0.5254 -0.567 -0.6344
vn -0.7384 -0.6704 -0.073
vn -0.0334 -0.9224 -0.3847
vn -0.0763 -0.9264 -0.3688
vn -0.3213 -0.6678 -0.6714
vn -0.1156 -0.7468 -0.6549
vn -0.1337 -0.7504 -0.6473
vn -0.6533 -0.4813 -0.5844
vn -0.5028 -0.811 -0.2992
vn -0.8632 -0.4721 -0.179
vn -0.5989 -0.7258 -0.3384
vn -0.0479 -0.7705 -0.6357
vn -0.8183 -0.5023 -0.2792
vn -0.5706 -0.5455 -0.6139
vn -0.887 -0.2781 -0.3686
vn -0.8686 -0.2915 -0.4008
vn -0.9796 -0.1871 -0.0735
vn -0.793 -0.5934 -0.1379
vn -0.9771 -0.1852 -0.1049
vn -0.7316 -0.6766 -0.0831
vn -0.7093 -0.556 -0.4333
vn -0.7453 -0.6597 -0.0971
vn -0.2898 -0.9418 -0.1704
vn -0.418 -0.6242 -0.66
vn -0.5842 -0.6635 -0.4675
vn -0.1746 -0.7202 -0.6714
vn -0.432 -0.607 -0.667
vn -0.8315 -0.5322 -0.1594
vn -0.6236 -0.4983 -0.6024
vn -0.7637 -0.6347 -0.1178
vn -0.8403 -0.5105 -0.1827
vn -0.9514 -0.2597 -0.1656
vn -0.4958 -0.726 -0.4765
vn -0.4815 -0.7304 -0.4844
vn -0.8769 -0.438 -0.1979
vn -0.0884 -0.9056 -0.4149
vn -0.8881 -0.4219 -0.1825
vn -0.9614 -0.2311 -0.1494
vn -0.8075 -0.3408 -0.4814
vn -0.9266 -0.2359 -0.2929
vn -0.3562 -0.8053 -0.4739
vn -0.3555 -0.8053 -0.4744
vn -0.969 -0.2175 -0.1172
vn -0.8347 -0.4338 -0.3393
vn -0.8569 -0.411 -0.3112
vn -0.1513 -0.7285 -0.6681
vn -0.4765 -0.5764 -0.6639
vn -0.565 -0.7519 -0.3398
vn -0.9133 -0.3631 -0.1845
vn -0.8939 -0.3902 -0.2208
vn -0.7771 -0.3772 -0.5038
vn -0.3324 -0.9177 -0.2174
vn -0.2594 -0.6861 -0.6797
vn -0.2904 -0.6887 -0.6644
vn -0.1768 -0.8841 -0.4326
vn -0.9049 -0.3415 -0.2541
vn -0.9389 -0.2949 -0.1772
vn -0.5805 -0.6663 -0.468
vn -0.635 -0.6905 -0.3462
vn -0.6363 -0.69 -0.3451
vn -0.9249 -0.298 -0.2361
vn -0.9297 -0.3359 -0.1514
vn -0.5219 -0.7871 -0.3288
vn -0.9758 -0.188 -0.1119
vn -0.6993 -0.6294 -0.3388
vn -0.7013 -0.6283 -0.3368
vn -0.3586 -0.899 -0.2515
vn -0.295 -0.9407 -0.1678
vn -0.7915 -0.5956 -0.1374
vn -0.2586 -0.9504 -0.1728
vn -0.5226 -0.787 -0.3279
vn -0.8348 -0.5203 -0.1802
vn -0.824 -0.5315 -0.1963
vn -0.7345 -0.6733 -0.0849
vn -0.8002 -0.4729 -0.3688
vn -0.7973 -0.5791 -0.1699
vn -0.8097 -0.5667 -0.1522
vn -0.9797 -0.1936 -0.0522
vn -0.9379 -0.2833 -0.2003
vn -0.3342 -0.6552 -0.6775
vn -0.8989 -0.3916 -0.1965
vn -0.99 -0.1365 -0.0354
vn -0.9508 -0.2589 -0.1702
vn -0.9421 -0.3069 -0.1349
vn -0.7647 -0.6335 -0.118
vn -0.0897 -0.7518 -0.6533
vn -0.0734 -0.7473 -0.6604
vn -0.3734 -0.629 -0.6819
vn -0.3773 -0.6301 -0.6787
vn -0.2425 -0.8539 -0.4606
vn -0.2381 -0.8537 -0.4631
vn -0.6663 -0.4552 -0.5906
vn -0.7037 -0.7067 -0.0734
vn -0.7075 -0.7034 -0.0691
vn -0.1273 -0.7235 -0.6785
vn -0.1735 -0.9759 -0.1325
vn -0.1956 -0.9739 -0.1148
vn -0.8549 -0.4747 -0.2092
vn -0.5522 -0.6788 -0.4841
vn -0.8658 -0.4618 -0.1926
vn -0.8639 -0.2974 -0.4066
vn -0.9654 -0.1951 -0.1728
vn -0.0383 -0.749 -0.6614
vn -0.9269 -0.3253 -0.1872
vn -0.9251 -0.2303 -0.3018
vn -0.9104 -0.2415 -0.336
vn -0.1002 -0.9071 -0.4088
vn -0.6182 -0.4741 -0.6269
vn -0.574 -0.5127 -0.6385
vn -0.5639 -0.753 -0.3392
vn -0.6942 -0.5738 -0.4345
vn -0.3821 -0.8829 -0.2731
vn -0.8842 -0.4155 -0.2134
vn -0.4617 -0.8336 -0.3033
vn -0.6377 -0.6169 -0.4613
vn -0.4693 -0.8317 -0.2966
vn -0.6526 -0.6142 -0.4437
vn -0.7512 -0.6406 -0.1592
vn -0.7737 -0.6185 -0.137
vn -0.9214 -0.3493 -0.1701
vn -0.1791 -0.8826 -0.4346
vn -0.9823 -0.1774 -0.0606
vn -0.8741 -0.4364 -0.2133
vn -0.1978 -0.6934 -0.6928
vn -0.2146 -0.6988 -0.6824
vn -0.267 -0.6734 -0.6893
vn -0.4128 -0.765 -0.4944
vn -0.9702 -0.1924 -0.1475
vn -0.7051 -0.4252 -0.5675
vn -0.2444 -0.9547 -0.1697
vn -0.8026 -0.5652 -0.1908
vn -0.8297 -0.4857 -0.275
vn -0.3173 -0.8133 -0.4877
vn -0.8766 -0.3944 -0.2756
vn -0.8914 -0.3552 -0.2814
vn -0.9081 -0.3355 -0.2507
vn -0.8186 -0.4563 -0.3489
vn -0.931 -0.3167 -0.1817
vn -0.4611 -0.7403 -0.4892
vn -0.4448 -0.7436 -0.4993
vn -0.7244 -0.6756 -0.1375
vn -0.7515 -0.6504 -0.11
vn -0.8331 -0.3091 -0.4587
vn -0.7226 -0.5538 -0.4137
vn -0.7949 -0.4695 -0.3843
vn -0.8031 -0.5189 -0.2927
vn -0.798 -0.523 -0.2992
vn -0.7693 -0.6143 -0.1756
vn -0.6169 -0.4738 -0.6285
vn -0.0416 -0.75 -0.6601
vn -0.5708 -0.5163 -0.6384
vn -0.7554 -0.3895 -0.5269
vn -0.4884 -0.8113 -0.3213
vn -0.4499 -0.5911 -0.6694
vn -0.8363 -0.5064 -0.2101
vn -0.0894 -0.9054 -0.415
vn -0.9805 -0.1938 -0.0341
vn -0.8939 -0.3942 -0.2134
vn -0.9234 -0.334 -0.1893
vn -0.2919 -0.931 -0.2192
vn -0.7736 -0.4959 -0.3944
vn -0.7381 -0.6566 -0.1555
vn -0.6921 -0.7141 -0.105
vn -0.8564 -0.2816 -0.4327
vn -0.9362 -0.2876 -0.2021
vn -0.8756 -0.4342 -0.2115
vn -0.3188 -0.6439 -0.6955
vn -0.8136 -0.3313 -0.4777
vn -0.8435 -0.498 -0.201
vn -0.6578 -0.442 -0.6099
vn -0.7283 -0.3943 -0.5605
vn -0.0823 -0.7254 -0.6833
vn -0.0965 -0.7313 -0.6752
vn -0.7262 -0.6759 -0.1257
vn -0.7672 -0.4972 -0.4053
vn -0.4885 -0.5603 -0.6689
vn -0.9116 -0.3606 -0.1974
vn -0.2202 -0.9592 -0.1776
vn -0.4102 -0.5958 -0.6904
vn -0.8398 -0.4113 -0.3544
vn -0.7853 -0.3526 -0.5089
vn -0.7824 -0.5867 -0.2089
vn -0.7989 -0.5736 -0.1808
vn -0.8759 -0.2722 -0.3983
vn -0.8964 -0.2617 -0.3576
vn -0.6046 -0.7121 -0.357
vn -0.6075 -0.7108 -0.3546
vn -0.5182 -0.5331 -0.6688
vn -0.9568 -0.2736 -0.0986
vn -0.9066 -0.374 -0.1955
vn -0.9604 -0.2031 -0.1907
vn -0.6098 -0.6313 -0.4792
vn -0.2301 -0.6678 -0.7079
vn -0.6967 -0.7063 -0.1255
vn -0.9549 -0.2364 -0.1799
vn -0.9452 -0.3027 -0.1224
vn -0.2045 -0.8627 -0.4626
vn -0.9485 -0.2118 -0.2354
vn -0.9089 -0.366 -0.1998
vn -0.3773 -0.8888 -0.2603
vn -0.5217 -0.6919 -0.4991
vn -0.5428 -0.6848 -0.4863
vn -0.9835 -0.1662 -0.0713
vn -0.2904 -0.9313 -0.2199
vn -0.5205 -0.7892 -0.3261
vn -0.7344 -0.5244 -0.4308
vn -0.0404 -0.9108 -0.4108
vn -0.1248 -0.9826 -0.1378
vn -0.131 -0.8814 -0.4538
vn -0.5612 -0.4889 -0.6679
vn -0.4152 -0.5928 -0.6901
vn -0.6563 -0.4442 -0.6099
vn -0.7617 -0.6256 -0.1689
vn -0.9705 -0.193 -0.1443
vn -0.9888 -0.1435 -0.0399
vn -0.7408 -0.3774 -0.5557
vn -0.8131 -0.5401 -0.2174
vn -0.8243 -0.5281 -0.204
vn -0.7732 -0.3521 -0.5275
vn -0.1448 -0.6995 -0.6998
vn -0.6506 -0.5924 -0.4751
vn -0.1616 -0.705 -0.6906
vn -0.6595 -0.5941 -0.4607
vn -0.6949 -0.4173 -0.5856
vn -0.4019 -0.8707 -0.2833
vn -0.7417 -0.6521 -0.157
vn -0.2785 -0.8237 -0.4939
vn -0.293 -0.8231 -0.4864
vn -0.1966 -0.9649 -0.1738
vn -0.4153 -0.8548 -0.3112
vn -0.426 -0.8526 -0.3027
vn -0.3695 -0.7819 -0.5022
vn -0.3519 -0.7837 -0.5118
vn -0.8561 -0.471 -0.2127
vn -0.2904 -0.6433 -0.7084
vn -0.4308 -0.5727 -0.6975
vn -0.6689 -0.6549 -0.3516
vn -0.6655 -0.6565 -0.355
vn -0.977 -0.1852 -0.1059
vn -0.8659 -0.2809 -0.4138
vn -0.7763 -0.5452 -0.3164
vn -0.7978 -0.3226 -0.5093
vn -0.7506 -0.3627 -0.5523
vn -0.166 -0.8632 -0.4767
vn -0.1757 -0.8644 -0.4712
vn -0.939 -0.2197 -0.2648
vn -0.9326 -0.2259 -0.2815
vn -0.9206 -0.2357 -0.3114
vn -0.3972 -0.7638 -0.5088
vn -0.7077 -0.6134 -0.3507
vn -0.6532 -0.7517 -0.0909
vn -0.6741 -0.7359 -0.0626
vn -0.3693 -0.6015 -0.7085
vn -0.044 -0.7285 -0.6836
vn -0.0381 -0.7264 -0.6862
vn -0.0983 -0.8911 -0.4431
vn -0.7559 -0.6218 -0.2048
vn -0.7745 -0.606 -0.1815
vn -0.5848 -0.4956 -0.6422
vn -0.118 -0.9864 -0.1147
vn -0.4512 -0.8248 -0.3409
vn -0.4623 -0.8231 -0.33
vn -0.0622 -0.9005 -0.4304
vn -0.8764 -0.368 -0.3106
vn -0.885 -0.3646 -0.2897
vn -0.5587 -0.7424 -0.3697
vn -0.5157 -0.5349 -0.6693
vn -0.4695 -0.5449 -0.6947
vn -0.2524 -0.942 -0.2211
vn -0.3388 -0.6233 -0.7048
vn -0.7063 -0.6931 -0.1438
vn -0.7234 -0.6643 -0.1883
vn -0.511 -0.6977 -0.502
vn -0.4924 -0.7035 -0.5125
vn -0.6749 -0.7249 -0.138
vn -0.6948 -0.7102 -0.1132
vn -0.7977 -0.4586 -0.3916
vn -0.7056 -0.391 -0.591
vn -0.9403 -0.2625 -0.2167
vn -0.5665 -0.7391 -0.3644
vn -0.3507 -0.1829 0.9184
vn -0.0912 -0.1583 0.9832
vn -0.0064 -0.1595 0.9872
vn -0.7407 -0.2251 0.633
vn -0.4481 -0.1949 0.8725
vn -0.456 -0.1966 0.868
vn -0.246 -0.1779 0.9528
vn -0.6101 -0.2095 0.7641
vn -0.9054 -0.1907 0.3794
vn -0.6141 -0.2114 0.7604
vn -0.0682 -0.1627 0.9843
vn -0.9614 -0.2037 0.1849
vn -0.7228 -0.2218 0.6545
vn -0.9607 -0.202 0.1903
vn -0.6866 -0.2187 0.6933
vn -0.2096 -0.1753 0.962
vn -0.2101 -0.1755 0.9618
vn -0.6991 -0.1698 0.6945
vn -0.0495 -0.1572 0.9863
vn -0.7088 -0.2253 0.6685
vn -0.669 -0.2228 0.7091
vn -0.011 -0.1614 0.9868
vn -0.8079 -0.1788 0.5615
vn -0.5762 -0.2079 0.7904
vn -0.4057 -0.1962 0.8927
vn -0.4022 -0.1951 0.8945
vn -0.1684 -0.1738 0.9703
vn -0.6508 -0.2191 0.727
vn -0.5607 -0.2096 0.801
vn -0.5631 -0.2101 0.7992
vn -0.9727 -0.2276 0.045
vn -0.8902 -0.1897 0.4142
vn -0.8868 -0.1864 0.423
vn -0.1553 -0.1768 0.9719
vn -0.7851 -0.1773 0.5934
vn -0.6334 -0.2226 0.7411
vn -0.6669 -0.1656 0.7265
vn -0.6662 -0.1653 0.7272
vn -0.1199 -0.1726 0.9777
vn -0.9736 -0.2168 0.0719
vn -0.9472 -0.2028 0.2483
vn -0.9483 -0.2049 0.2422
vn -0.3455 -0.1966 0.9176
vn -0.3408 -0.1948 0.9197
vn -0.5136 -0.2106 0.8318
vn -0.8044 -0.1806 0.566
vn -0.5132 -0.2104 0.8321
vn -0.6056 -0.2196 0.7649
vn -0.6087 -0.2211 0.762
vn -0.9653 -0.2177 0.1442
vn -0.102 -0.1762 0.9791
vn -0.6442 -0.1686 0.746
vn -0.068 -0.1714 0.9829
vn -0.8627 -0.1899 0.4687
vn -0.8642 -0.1908 0.4656
vn -0.2947 -0.1951 0.9355
vn -0.2932 -0.1948 0.936
vn -0.0516 -0.1751 0.9832
vn -0.9666 -0.2265 0.1202
vn -0.5591 -0.2213 0.799
vn -0.5605 -0.2219 0.7979
vn -0.6246 -0.1641 0.7635
vn -0.9296 -0.2039 0.3072
vn -0.9328 -0.207 0.295
vn -0.011 -0.1718 0.9851
vn -0.9569 -0.2194 0.1903
vn -0.0052 -0.1736 0.9848
vn -0.4546 -0.211 0.8653
vn -0.957 -0.2196 0.1896
vn -0.6004 -0.1696 0.7815
vn -0.2451 -0.1966 0.9493
vn -0.2403 -0.1951 0.9509
vn -0.1527 -0.1889 0.97
vn -0.5182 -0.2226 0.8258
vn -0.5122 -0.2209 0.83
vn -0.2069 -0.193 0.9591
vn -0.4008 -0.2115 0.8914
vn -0.4009 -0.2116 0.8914
vn -0.8363 -0.192 0.5135
vn -0.8348 -0.191 0.5163
vn -0.586 -0.1643 0.7935
vn -0.4886 -0.2245 0.8431
vn -0.7002 -0.1762 0.6919
vn -0.7561 -0.1827 0.6284
vn -0.7578 -0.1835 0.6261
vn -0.1038 -0.1903 0.9762
vn -0.0982 -0.1883 0.9772
vn -0.9139 -0.206 0.3497
vn -0.9166 -0.2096 0.3405
vn -0.3444 -0.2121 0.9145
vn -0.3444 -0.2121 0.9146
vn -0.4487 -0.2215 0.8658
vn -0.4532 -0.2235 0.8629
vn -0.5614 -0.165 0.8109
vn -0.9432 -0.2191 0.2499
vn -0.9438 -0.2202 0.2466
vn -0.0559 -0.1894 0.9803
vn -0.0502 -0.1877 0.9809
vn -0.7347 -0.1804 0.6539
vn -0.0005 -0.1911 0.9816
vn -0.007 -0.1886 0.982
vn -0.903 -0.2039 0.378
vn -0.2937 -0.2127 0.9319
vn -0.2936 -0.2126 0.932
vn -0.3987 -0.2242 0.8892
vn -0.3997 -0.2246 0.8887
vn -0.5479 -0.1698 0.8191
vn -0.8045 -0.1907 0.5625
vn -0.8062 -0.1915 0.5598
vn -0.1688 -0.2065 0.9638
vn -0.7144 -0.1888 0.6738
vn -0.1485 -0.2051 0.9674
vn -0.2385 -0.213 0.9475
vn -0.9875 -0.1386 0.0751
vn -0.9875 -0.1396 0.073
vn -0.2389 -0.2132 0.9474
vn -0.5197 -0.1637 0.8385
vn -0.1298 -0.2074 0.9696
vn -0.3434 -0.2246 0.9119
vn -0.3438 -0.2248 0.9117
vn -0.0505 -0.204 0.9777
vn -0.9828 -0.1377 0.1228
vn -0.0151 -0.2014 0.9794
vn -0.9305 -0.2198 0.2931
vn -0.7812 -0.196 0.5927
vn -0.0964 -0.2054 0.9739
vn -0.1016 -0.2067 0.9731
vn -0.9803 -0.143 0.1363
vn -0.1835 -0.2137 0.9595
vn -0.2929 -0.2255 0.9292
vn -0.8839 -0.2076 0.419
vn -0.2939 -0.2257 0.9288
vn -0.8834 -0.2072 0.4202
vn -0.6957 -0.1798 0.6955
vn -0.9754 -0.1457 0.1654
vn -0.9744 -0.1426 0.1738
vn -0.5024 -0.169 0.848
vn -0.056 -0.2061 0.9769
vn -0.2646 -0.2294 0.9367
vn -0.2383 -0.225 0.9448
vn -0.969 -0.1403 0.2032
vn -0.9868 -0.1616 -0.0084
vn -0.6728 -0.1821 0.7171
vn -0.2125 -0.2306 0.9496
vn -0.9621 -0.1478 0.2293
vn -0.4764 -0.1633 0.8639
vn -0.0414 -0.219 0.9748
vn -0.5992 -0.1769 0.7808
vn -0.1724 -0.2255 0.9589
vn -0.908 -0.2194 0.3568
vn -0.1547 -0.2285 0.9612
vn -0.9562 -0.1432 0.2554
vn -0.751 -0.1902 0.6323
vn -0.757 -0.1945 0.6238
vn -0.1292 -0.2262 0.9655
vn -0.9838 -0.1623 0.0767
vn -0.9863 -0.1635 0.0225
vn -0.9866 -0.1599 0.0317
vn -0.9255 -0.2246 0.3049
vn -0.6617 -0.186 0.7263
vn -0.1012 -0.2283 0.9683
vn -0.9794 -0.1582 0.1258
vn -0.096 -0.2275 0.969
vn -0.9781 -0.1559 0.1379
vn -0.9466 -0.1513 0.2848
vn -0.8581 -0.2064 0.4703
vn -0.8599 -0.2077 0.4663
vn -0.0577 -0.228 0.972
vn -0.4554 -0.1695 0.874
vn -0.0445 -0.2341 0.9712
vn -0.9907 -0.1349 0.0158
vn -0.9915 -0.1301 0.0091
vn -0.9397 -0.1458 0.3094
vn -0.984 -0.1529 0.091
vn -0.8959 -0.2231 0.3841
vn -0.9821 -0.1676 0.086
vn -0.9717 -0.1595 0.174
vn -0.9714 -0.1591 0.1761
vn -0.9294 -0.1534 0.3358
vn -0.6366 -0.1814 0.7495
vn -0.9814 -0.1892 0.0317
vn -0.4267 -0.1607 0.89
vn -0.9781 -0.2057 0.0311
vn -0.9122 -0.2238 0.3433
vn -0.9636 -0.1616 0.2128
vn -0.7174 -0.1943 0.669
vn -0.9784 -0.1687 0.1195
vn -0.7139 -0.1929 0.6732
vn -0.9209 -0.1475 0.3609
vn -0.9881 -0.1511 0.0297
vn -0.9895 -0.1444 0.0104
vn -0.6233 -0.1831 0.7603
vn -0.9871 -0.142 0.074
vn -0.8322 -0.2081 0.514
vn -0.8304 -0.2069 0.5173
vn -0.5457 -0.1768 0.8191
vn -0.9565 -0.1575 0.2457
vn -0.96 -0.1636 0.2272
vn -0.9105 -0.1551 0.3834
vn -0.3977 -0.1695 0.9017
vn -0.9274 -0.1592 0.3385
vn -0.8814 -0.2212 0.4175
vn -0.8793 -0.219 0.4229
vn -0.9837 -0.1779 0.0267
vn -0.9839 -0.1764 0.0296
vn -0.902 -0.1569 0.4022
vn -0.898 -0.1536 0.4122
vn -0.52 -0.1803 0.8349
vn -0.6885 -0.1978 0.6977
vn -0.982 -0.1768 0.0673
vn -0.9424 -0.1622 0.2924
vn -0.9446 -0.1648 0.2839
vn -0.5657 -0.1856 0.8035
vn -0.8851 -0.1551 0.4388
vn -0.369 -0.1595 0.9156
vn -0.5018 -0.1767 0.8467
vn -0.9138 -0.1591 0.3738
vn -0.7972 -0.2073 0.5671
vn -0.8031 -0.2121 0.5568
vn -0.8762 -0.1591 0.4549
vn -0.5752 -0.1856 0.7967
vn -0.8552 -0.2221 0.4683
vn -0.8541 -0.2212 0.4708
vn -0.3398 -0.1628 0.9263
vn -0.3494 -0.1636 0.9226
vn -0.6552 -0.1924 0.7305
vn -0.9296 -0.1649 0.3298
vn -0.6605 -0.1956 0.7249
vn -0.4805 -0.1796 0.8584
vn -0.7797 -0.2058 0.5914
vn -0.8583 -0.1562 0.4889
vn -0.3227 -0.1661 0.9318
vn -0.973 -0.181 0.1432
vn -0.4546 -0.1782 0.8727
vn -0.4495 -0.1762 0.8757
vn -0.3978 -0.1692 0.9018
vn -0.3658 -0.1738 0.9143
vn -0.8549 -0.1585 0.494
vn -0.9808 -0.194 0.0211
vn -0.2984 -0.1615 0.9407
vn -0.8277 -0.2223 0.5152
vn -0.8237 -0.2192 0.5229
vn -0.9675 -0.1837 0.1736
vn -0.6135 -0.1946 0.7654
vn -0.616 -0.1956 0.7631
vn -0.9657 -0.1807 0.1864
vn -0.8322 -0.1639 0.5297
vn -0.7516 -0.2099 0.6253
vn -0.7486 -0.2089 0.6293
vn -0.9783 -0.1923 0.0778
vn -0.9779 -0.1898 0.0878
vn -0.2705 -0.1627 0.9489
vn -0.269 -0.162 0.9494
vn -0.9206 -0.1745 0.3492
vn -0.4101 -0.1784 0.8944
vn -0.8175 -0.1595 0.5534
vn -0.1934 -0.1946 0.9616
vn -0.7302 -0.1753 0.6604
vn -0.9607 -0.1813 0.2102
vn -0.7268 -0.2107 0.6537
vn -0.597 -0.1946 0.7783
vn -0.1474 -0.1904 0.9706
vn -0.7952 -0.2196 0.5652
vn -0.7952 -0.2196 0.5653
vn -0.8086 -0.1634 0.5653
vn -0.8936 -0.1745 0.4135
vn -0.9102 -0.1708 0.3774
vn -0.7154 -0.2081 0.667
vn -0.9742 -0.1905 0.1206
vn -0.952 -0.1839 0.2447
vn -0.9526 -0.1844 0.2421
vn -0.5441 -0.1949 0.816
vn -0.2107 -0.1582 0.9647
vn -0.2177 -0.1617 0.9625
vn -0.7842 -0.1635 0.5986
vn -0.783 -0.163 0.6003
vn -0.6907 -0.2106 0.6918
vn -0.687 -0.2093 0.6958
vn -0.8739 -0.1735 0.4541
vn -0.7645 -0.2231 0.6048
vn -0.8925 -0.1753 0.4156
vn -0.1689 -0.1589 0.9727
vn -0.1704 -0.1596 0.9724
vn -0.3979 -0.1845 0.8987
vn -0.9368 -0.1838 0.2977
vn -0.3153 -0.1758 0.9325
vn -0.9391 -0.1858 0.2892
vn -0.5151 -0.1949 0.8347
vn -0.5185 -0.1961 0.8323
vn -0.7587 -0.164 0.6304
vn -0.761 -0.1646 0.6275
vn -0.7544 -0.2203 0.6183
vn -0.2942 -0.1784 0.939
vn -0.8525 -0.175 0.4925
vn -0.6521 -0.2091 0.7287
vn -0.6531 -0.2096 0.7277
vn -0.9772 -0.212 0.0068
vn -0.3594 -0.1813 0.9154
vn -0.7344 -0.168 0.6576
vn -0.9754 -0.2068 0.0761
vn -0.1202 -0.1589 0.9799
vn -0.1212 -0.1593 0.9798
vn -0.9754 -0.2095 0.0682
vn -0.9694 -0.2053 0.1344
vn -0.9694 -0.2025 0.1386
vn -0.9208 -0.1853 0.3432
vn -0.9211 -0.1854 0.3424
vn -0.4793 -0.1935 0.8561
vn -0.2698 -0.1737 0.9471
vn -0.866 -0.1771 0.4676
vn -0.8393 -0.1784 0.5136
vn -0.8312 -0.1755 0.5276
vn -0.7191 -0.1621 0.6757
vn -0.9767 -0.2148 0.0048
vn -0.6673 0.7448 0.0045
vn -0.7733 0.634 0.0068
vn -0.7951 0.6065 -0.0009
vn -0.8095 0.587 0.0108
vn -0.867 0.4984 0.0037
vn -0.8789 0.4771 0.0022
vn -0.8833 0.4688 0.0036
vn -0.8955 0.445 -0.0009
vn -0.9151 0.4033 0.0002
vn -0.9162 0.4007 0.0011
vn -0.9338 0.3577 -0.0011
vn -0.9382 0.3462 0.0015
vn -0.9514 0.308 -0.0019
vn -0.958 0.2867 0.0028
vn -0.9711 0.2387 -0.0043
vn -0.9791 0.2033 0.0039
vn -0.9821 0.1882 0
vn -0.9888 0.1491 -0.0017
vn -0.9924 0.1228 0.0022
vn -0.9995 0.0316 0.0001
vn -0.336 -0.9375 -0.0903
vn -0.855 0.5186 -0.0002
vn -0.8751 0.4839 0.0003
vn -0.8531 0.5217 -0.0013
vn -0.3171 -0.9436 -0.0953
vn -0.5462 -0.8361 -0.0509
vn -0.436 -0.8973 -0.0689
vn -0.4303 -0.8998 -0.0725
vn -0.6515 -0.758 -0.0309
vn -0.2894 -0.9527 -0.0927
vn -0.6461 -0.7627 -0.0301
vn -0.5374 -0.8419 -0.0486
vn -0.2536 -0.9623 -0.0983
vn -0.9753 0.2208 0.0026
vn -0.6099 -0.7917 -0.0343
vn -0.3921 -0.9174 -0.0685
vn -0.9394 -0.3426 -0.0082
vn -0.2447 -0.9648 -0.0965
vn -0.498 -0.8658 -0.0494
vn -0.4785 -0.8762 -0.0572
vn -0.5985 -0.8005 -0.0319
vn -0.9369 -0.3493 -0.0101
vn -0.364 -0.928 -0.0798
vn -0.2113 -0.9719 -0.1041
vn -0.972 0.235 -0.0014
vn -0.5845 -0.8106 -0.0357
vn -0.1966 -0.9754 -0.1001
vn -0.9994 0.0337 0.0012
vn -0.5509 -0.8338 -0.0354
vn -0.2988 -0.9509 -0.0808
vn -0.4274 -0.9023 -0.0566
vn -0.4293 -0.9015 -0.0553
vn -1 -0.0041 -0.0017
vn -0.1495 -0.9832 -0.1049
vn -1 0.0065 0.0007
vn -0.1505 -0.983 -0.1052
vn -0.5381 -0.8423 -0.0332
vn -0.9985 -0.0552 -0.0008
vn -0.2739 -0.9582 -0.0826
vn -0.9996 -0.0265 -0.0007
vn -0.103 -0.9891 -0.1048
vn -0.5043 -0.8626 -0.0401
vn -0.0757 -0.9906 -0.1138
vn -0.806 -0.5912 -0.0287
vn -0.3663 -0.9288 -0.0562
vn -0.3842 -0.9206 -0.0702
vn -0.2091 -0.9744 -0.0832
vn -0.2126 -0.9735 -0.0842
vn -0.2256 -0.971 -0.0785
vn -0.1004 -0.9894 -0.1053
vn -0.3412 -0.9378 -0.0635
vn -0.4905 -0.8706 -0.0371
vn -0.0266 -0.9928 -0.1164
vn -0.7667 -0.6419 -0.0097
vn -0.8178 -0.5751 -0.021
vn -0.1741 -0.9818 -0.0759
vn -0.4676 -0.8828 -0.0445
vn -0.8157 -0.5783 -0.0159
vn -0.1751 -0.9816 -0.0763
vn -0.8368 -0.5473 -0.0148
vn -0.8577 -0.514 -0.0129
vn -0.8492 -0.5279 -0.0115
vn -0.6991 -0.7149 -0.0144
vn -0.2999 -0.9515 -0.0683
vn -0.3112 -0.9476 -0.0725
vn -0.7634 -0.6458 -0.0082
vn -0.2369 -0.969 -0.0697
vn -0.3336 -0.9424 -0.0232
vn -0.2963 -0.955 -0.0095
vn -0.7304 -0.6829 -0.0108
vn -0.423 -0.9052 -0.0414
vn -0.4208 -0.9062 -0.0424
vn -0.4933 0.8699 0.0018
vn -0.7041 -0.71 -0.0117
vn -0.6961 -0.7179 -0.0101
vn -0.5158 0.8567 -0.0023
vn -0.1364 -0.9869 -0.0866
vn -0.5157 0.8568 0.0004
vn -0.5176 0.8556 -0.0004
vn -0.7283 -0.6852 -0.0101
vn -0.3714 -0.9274 -0.0444
vn -0.3771 -0.9252 -0.0424
vn -0.5176 0.8556 -0.0002
vn -0.0098 -0.9955 -0.0948
vn -0.0571 -0.9937 -0.0962
vn -0.0087 -0.9954 -0.0951
vn -0.518 0.8554 -0.0001
vn -0.4713 -0.8815 -0.0282
vn -0.4654 -0.8847 -0.0269
vn -0.518 0.8554 0.0001
vn -0.3146 -0.9479 -0.0498
vn -0.5178 0.8555 0
vn -0.3163 -0.9474 -0.0491
vn -0.5178 0.8555 0.0001
vn -0.4328 -0.901 -0.0294
vn -0.6788 -0.7343 -0.0098
vn -0.4968 0.8679 -0.0011
vn -0.1258 -0.9886 -0.0822
vn -0.5228 0.8524 0.0021
vn -0.8787 0.4773 0.0008
vn -0.8946 0.4469 0.0006
vn -0.6165 -0.7873 -0.0113
vn -0.8818 0.4715 -0.0003
vn -0.4166 -0.9087 -0.0263
vn -0.1776 -0.9819 -0.0662
vn -0.5339 0.8455 -0.0045
vn -0.6514 -0.7587 -0.0107
vn -0.6436 -0.7653 -0.0121
vn -0.6734 -0.7392 -0.0108
vn -0.4972 0.8676 0.0012
vn -0.1237 -0.9904 -0.0619
vn -0.5069 0.862 -0.0005
vn -0.2745 -0.9598 -0.0579
vn -0.2701 -0.9621 -0.0378
vn -0.8802 0.4747 -0.0014
vn -0.3803 -0.9244 -0.029
vn -0.5393 0.8421 0.0019
vn -0.1363 -0.988 -0.0726
vn -0.591 -0.8066 -0.012
vn -0.2136 -0.975 -0.0605
vn -0.3709 -0.9283 -0.0269
vn -0.0522 -0.9955 -0.0797
vn -0.0122 -0.997 -0.0767
vn -0.5543 0.8323 -0.0028
vn -0.5518 -0.8339 -0.0104
vn -0.6211 -0.7836 -0.01
vn -0.8801 0.4747 0.0001
vn -0.586 -0.8102 -0.0103
vn -0.2128 -0.9762 -0.0416
vn -0.8795 0.4758 -0.0004
vn -0.1561 -0.9861 -0.0572
vn -0.8795 0.4758 0.0031
vn -0.8911 0.4538 -0.0015
vn -0.3211 -0.9466 -0.0294
vn -0.1102 -0.9916 -0.0682
vn -0.16 -0.9857 -0.0538
vn -0.1207 -0.9915 -0.0475
vn -0.9385 -0.3451 -0.0115
vn -0.9459 -0.3244 -0.0074
vn -0.9552 -0.2957 -0.0091
vn -0.2908 -0.9562 -0.0331
vn -0.2289 -0.9722 -0.0482
vn -0.2455 -0.969 -0.0275
vn -0.528 -0.8492 -0.0067
vn -0.0415 -0.9972 -0.0623
vn -0.954 0.2998 0.0001
vn -0.952 -0.3059 -0.0071
vn -0.962 -0.273 -0.0057
vn -0.9527 -0.3038 -0.0064
vn -0.9647 0.2632 -0.0019
vn -0.2447 -0.9692 -0.0272
vn -0.2156 -0.9756 -0.0406
vn -0.474 -0.8805 -0.011
vn -0.4745 -0.8802 -0.0111
vn -0.1869 -0.9818 -0.0332
vn -0.9862 0.1653 0.0016
vn -0.1452 -0.9886 -0.0399
vn -0.9918 0.1278 0.0004
vn -0.1605 -0.9865 -0.0335
vn -0.4255 -0.9049 -0.0091
vn -0.4265 -0.9044 -0.0094
vn -0.9512 0.3069 -0.031
vn -0.9911 0.1329 -0.0011
vn -0.3806 -0.9247 -0.0095
vn -0.9815 0.1913 0.0063
vn -0.9963 0.0858 -0.0001
vn -0.9968 0.08 0.0009
vn -0.9989 0.0468 -0.0014
vn -0.1045 -0.9938 -0.0375
vn -0.3193 -0.9476 -0.0059
vn -0.1085 -0.9933 -0.0386
vn -0.3897 -0.9209 -0.0066
vn -0.0351 -0.9984 -0.0441
vn -0.3579 -0.9337 -0.01
vn -0.3222 -0.9467 -0.0069
vn -0.801 -0.5984 -0.0203
vn -0.8166 -0.5768 -0.0229
vn -0.8471 -0.5313 -0.0148
vn -0.8491 -0.5282 -0.0124
vn -0.2475 -0.9684 -0.0307
vn -0.8743 -0.4854 -0.0102
vn -0.8739 -0.486 -0.0104
vn -0.0277 -0.9994 -0.021
vn -0.2691 -0.9631 -0.0037
vn -0.0902 -0.9956 -0.0249
vn -0.0648 -0.9977 -0.0204
vn -0.2495 -0.9683 -0.0084
vn -0.6152 -0.788 -0.0251
vn -0.6711 -0.7411 -0.0213
vn -0.6126 -0.7901 -0.023
vn -0.2043 -0.9789 -0.0065
vn -0.1701 -0.9854 -0.0051
vn -0.1953 -0.9807 -0.0084
vn -0.0358 -0.9991 -0.0242
vn -0.4549 0.8905 0.0015
vn -0.4713 0.882 -0.0019
vn -0.473 0.881 -0.0007
vn -0.4719 0.8817 -0.0001
vn -0.4731 0.881 0.0004
vn -0.4738 0.8806 0.0001
vn -0.057 0.9984 0.0011
vn -0.4738 0.8806 -0.0001
vn -0.146 0.9893 0.0045
vn -0.4736 0.8807 -0.0001
vn -0.4736 0.8807 0.0015
vn -0.4588 0.8885 -0.0013
vn -0.7341 0.679 -0.0001
vn -0.9066 0.4219 -0.0011
vn -0.8944 0.4473 0.0005
vn -0.9267 0.3759 -0.0017
vn -0.9261 0.3774 -0.0007
vn -0.9182 0.3961 -0.0009
vn -0.607 0.7947 0.0002
vn -0.9067 0.4218 -0.0017
vn -0.9037 0.4281 0.0006
vn -0.9278 0.3731 0.0021
vn -0.5995 0.8004 -0.001
vn -0.5781 0.816 0.0017
vn -0.6743 0.7385 -0.0009
vn -0.6382 0.7699 0
vn -0.9248 0.3803 0.0111
vn -0.9227 0.3856 -0.0039
vn -0.9028 0.43 -0.0004
vn -0.9292 0.3695 0.0001
vn -0.5655 -0.8222 -0.0647
vn -0.7901 0.613 -0.0012
vn -0.7934 0.6087 0.0004
vn -0.9576 -0.2882 -0.0013
vn -0.902 0.4318 0.0016
vn -0.9565 -0.2917 -0.0027
vn -0.9399 -0.3414 -0.0033
vn -0.9162 0.4007 -0.0001
vn -0.9287 0.3708 -0.0001
vn -0.9142 0.4053 -0.0008
vn -0.9035 0.4286 0.0009
vn -0.6364 -0.7702 -0.0434
vn -0.7626 0.6468 0.004
vn -0.7827 0.6224 -0.0071
vn -0.8968 0.4425 -0.0016
vn -0.6864 -0.7268 -0.0256
vn -0.9628 -0.2701 -0.005
vn -0.7499 -0.6614 -0.0136
vn -0.7269 -0.6865 -0.0192
vn -0.9294 0.369 -0.0003
vn -0.0521 -0.9939 -0.0976
vn -0.0122 -0.9941 -0.1075
vn -0.9433 0.332 0
vn -0.1412 -0.9863 -0.0849
vn -0.1771 -0.9796 -0.0952
vn -0.0891 -0.9923 -0.086
vn -0.2086 -0.976 -0.0621
vn -0.2696 -0.9613 -0.057
vn -0.2993 -0.9531 -0.0448
vn -0.0888 -0.9936 -0.0704
vn -0.3062 -0.9518 -0.0202
vn -0.0742 -0.9954 -0.0604
vn -0.0307 -0.9984 -0.0465
vn -0.0527 -0.9974 -0.0495
vn -0.0784 -0.9963 -0.0346
vn -0.9761 0.2172 0.0008
vn -0.1322 -0.991 -0.021
vn -0.0195 -0.9991 -0.0381
vn -0.9719 0.2354 -0.0024
vn -0.9834 0.1812 -0.0014
vn -0.1313 -0.9913 -0.0059
vn -0.1466 -0.9892 -0.0084
vn -0.8497 -0.5269 -0.0197
vn -0.0858 -0.9963 -0.0058
vn -0.0314 -0.9995 -0.0028
vn -0.8739 -0.4859 -0.014
vn -0.893 -0.45 -0.0112
vn -0.8347 -0.5503 -0.018
vn -0.6795 0.7337 -0.0012
vn -0.7121 0.7021 0.0004
vn -0.8741 -0.4856 -0.0138
vn -0.8992 -0.4374 -0.0096
vn -0.8984 -0.4391 -0.009
vn -0.712 0.7021 0.0004
vn -0.7417 0.6707 0.0008
vn -0.7343 0.6788 -0.0004
vn -0.0886 0.9961 0.0014
vn -0.0222 0.9998 -0.0004
vn -0.4257 0.9049 0.0003
vn -0.421 0.907 -0.0017
vn -0.4257 0.9048 0.0001
vn -0.3908 0.9205 -0
vn -0.4254 0.905 -0.0001
vn -0.2468 0.9691 -0.0004
vn -0.4266 0.9045 -0.0005
vn -0.427 0.9042 0.0001
vn -0.4267 0.9044 0.0002
vn -0.0966 0.9953 -0.0011
vn -0.711 0.7032 -0.0001
vn -0.427 0.9042 0.0011
vn -0.2842 0.9588 -0.0008
vn -0.4218 0.9067 -0.0003
vn -0.9155 0.4024 0.0017
vn -0.9337 0.358 0.0024
vn -0.761 0.6487 -0.0002
vn -0.9508 0.3097 0.0018
vn -0.9421 0.3353 0.0004
vn -0.7351 0.678 -0.0004
vn -0.7108 0.7034 -0
vn -0.7342 0.679 -0
vn -0.6967 0.7174 -0.0006
vn -0.6696 0.7428 0.0011
vn -0.7652 0.6438 0.0007
vn -0.7181 0.6959 0.0009
vn -0.2095 0.9778 -0.0011
vn -0.7477 0.664 -0.0077
vn -0.701 0.7132 -0.0014
vn -0.9425 0.3342 -0.0001
vn -0.9425 0.3341 -0.0001
vn -0.7109 0.7033 0.0001
vn -0.7566 0.6538 0.0032
vn -0.9525 0.3046 0.0002
vn -0.8131 0.5821 0.0013
vn -0.7353 0.6777 -0
vn -0.7296 0.6839 -0.001
vn -0.7351 0.6779 0
vn -0.7116 0.7026 -0.0002
vn -0.7116 0.7026 -0.0009
vn -0.2121 0.9772 0.0004
vn -0.7439 0.6683 -0.001
vn -0.9803 -0.1977 -0.0041
vn -0.7122 0.702 -0.0012
vn -0.7354 0.6776 0.0006
vn -0.8911 0.4537 0.0007
vn -0.7171 0.6969 0.0114
vn -0.9293 0.3692 -0.0004
vn -0.8757 0.4829 -0.0006
vn -0.868 -0.4961 -0.023
vn -0.9702 -0.2422 -0.0061
vn -0.8462 -0.5322 -0.0249
vn -0.9746 -0.224 -0.0035
vn -0.8264 -0.5624 -0.0275
vn -0.943 0.3327 0.0005
vn -0.8406 -0.5408 -0.0284
vn -0.0188 0.9998 -0.0001
vn -0.9131 0.4077 0.0016
vn -0.8013 -0.5974 -0.032
vn -0.8565 -0.5156 -0.0224
vn -0.0469 0.9989 0.0009
vn -0.0336 0.9994 -0.0002
vn -0.8417 -0.5396 -0.0211
vn -0.2105 0.9776 -0
vn -0.8126 -0.5821 -0.0294
vn -0.836 -0.5483 -0.0245
vn -0.8552 0.5182 -0.0009
vn -0.0879 0.9961 0.0002
vn -0.0875 0.9962 0.0002
vn -0.9443 0.329 0.0008
vn -0.9565 0.2917 -0.0013
vn -0.9661 0.2582 0.0022
vn -0.148 0.989 -0.0002
vn -0.9317 -0.3631 -0.0066
vn -0.8567 -0.5156 -0.0163
vn -0.8769 -0.4803 -0.0165
vn -0.9126 -0.4087 -0.0083
vn -0.8993 -0.4371 -0.0122
vn -0.2107 0.9775 0
vn -0.8994 -0.4369 -0.0121
vn -0.2122 0.9772 0.0002
vn -0.9212 -0.3891 -0.007
vn -0.9212 -0.389 -0.0071
vn -0.6808 -0.7315 -0.0389
vn -0.6832 -0.7298 -0.0271
vn -0.3296 0.9441 0.0005
vn -0.2672 0.9636 -0.003
vn -0.2739 0.9617 0.0027
vn -0.3301 0.944 0.0008
vn -0.7459 -0.6657 -0.0204
vn -0.3294 0.9442 -0.0002
vn -0.377 0.9262 -0.0005
vn -0.3776 0.926 -0.0003
vn -0.2761 0.9611 0.0001
vn -0.2761 0.9611 0.0002
vn -0.3302 0.9439 -0
vn -0.3751 0.927 0.0015
vn -0.3776 0.926 0.0003
vn -0.2763 0.9611 -0
vn -0.3303 0.9439 -0.0001
vn -0.3753 0.9269 -0.0012
vn -0.3783 0.9257 0
vn -0.2764 0.9611 0
vn -0.3305 0.9438 0
vn -0.3783 0.9257 -0.0002
vn -0.3307 0.9437 -0.0001
vn -0.8234 -0.5673 -0.0114
vn -0.824 -0.5665 -0.0053
vn -0.379 0.9254 0
vn -0.2019 0.9794 0.0033
vn -0.3309 0.9437 0.0001
vn -0.2764 0.961 -0
vn -0.2519 0.9677 0.0125
vn -0.794 -0.6078 -0.012
vn -0.3278 0.9447 -0.0007
vn -0.2696 0.963 -0.0048
vn -0.7153 -0.6986 -0.017
vn -0.3782 0.9257 0.0003
vn -0.379 0.9254 0.0001
vn -0.3309 0.9437 0.0018
vn -0.7968 -0.6041 -0.0072
vn -0.7892 -0.6141 -0.0093
vn -0.9701 0.2427 0
vn -0.9714 0.2375 0.005
vn -0.9514 0.3081 0.0034
vn -0.962 0.2732 -0.003
vn -0.9411 0.3381 -0.0019
vn -0.9603 0.2789 -0.0059
vn -0.9759 0.2181 0.0063
vn -0.9911 0.0983 -0.0896
vn -0.9571 0.2899 0.0023
vn -0.958 0.2867 0.0072
vn -0.0383 -0.9956 -0.0858
vn -0.9722 0.2341 -0.0051
vn -0.0438 -0.9963 -0.0743
vn -0.0665 -0.9963 -0.0553
vn -0.9722 0.2341 0.004
vn -0.9588 0.2841 -0.002
vn -0.9736 0.2285 -0.0001
vn -0.139 -0.99 -0.0225
vn -0.7618 0.6478 -0.0006
vn -0.959 0.2835 -0.001
vn -0.1122 -0.9936 -0.0092
vn -0.0903 -0.9959 -0.0047
vn -0.0434 -0.999 -0.0106
vn -0.6226 0.7826 0.0019
vn -0.9952 -0.0979 -0.0025
vn -0.9887 -0.1496 -0.0021
vn -0.995 -0.0999 -0.0011
vn -0.9892 -0.1467 -0.0012
vn -0.9849 -0.1733 -0.0014
vn -0.8381 0.5456 -0.0036
vn -0.8673 0.4978 -0.0058
vn -0.8741 0.4845 0.0344
vn -0.8521 0.5234 0.0042
vn -0.9583 0.2858 -0.0001
vn -0.9736 0.2281 -0.0001
vn -0.9736 0.2283 0.0001
vn -0.68 0.7332 0.0003
vn -0.9957 -0.0929 0.0043
vn -0.6809 0.7324 0
vn -0.9992 -0.0396 0.0003
vn -0.2057 0.9786 -0.0001
vn -0.7624 0.6471 -0.0002
vn -0.7637 0.6456 -0.0008
vn -0.7933 0.6088 0.0002
vn -0.6439 0.7651 -0.0001
vn -0.9425 0.3342 0
vn -0.9583 0.2858 -0.0004
vn -0.7914 0.6114 0.0021
vn -0.1372 0.9905 -0.0001
vn -0.9809 -0.1944 -0.0031
vn -0.8149 0.5796 -0
vn -0.8324 0.5542 0.0019
vn -0.8375 0.5464 -0.0005
vn -0.8591 0.5118 0.0002
vn -0.81 0.5864 -0.0017
vn -0.9587 0.2843 -0.0009
vn -0.9742 0.2258 -0.0014
vn -0.9737 0.228 0.0001
vn -0.9572 0.2895 0.0056
vn -0.876 0.4823 0.0004
vn -0.8758 0.4827 0.0003
vn -0.762 0.6476 0.0006
vn -0.9128 0.4085 0.0009
vn -0.8944 0.4472 -0.001
vn -0.8957 0.4447 -0.0002
vn -0.6404 0.768 0
vn -0.1797 0.9837 -0.0025
vn -0.9296 0.3685 -0.0008
vn -0.9184 0.3957 -0.0016
vn -0.9325 0.3611 0.0017
vn -0.942 -0.3357 -0.0005
vn -0.9415 -0.3369 -0.0016
vn -0.9509 -0.3065 -0.044
vn -0.3781 0.9258 0.0005
vn -0.9256 -0.3784 -0.0106
vn -0.9425 -0.3342 -0.0082
vn -0.2371 0.9715 -0.0015
vn -0.9706 -0.2389 0.0289
vn -0.9601 -0.2797 -0.0023
vn -0.9661 -0.2576 -0.0167
vn -0.9151 -0.4031 -0.0053
vn -0.8943 -0.4473 -0.0104
vn -0.6551 0.7555 -0
vn -0.6807 0.7325 -0.0001
vn -0.6809 0.7324 -0.0001
vn -0.9424 -0.3343 -0.0083
vn -0.9267 -0.3758 -0.0071
vn -0.9211 -0.3893 -0.0107
vn -0.239 0.971 -0.0025
vn -0.9579 -0.2872 -0.0064
vn -0.9782 -0.2073 0.0096
vn -0.9725 -0.2328 0
vn -0.9584 -0.2854 -0.0073
vn -0.975 -0.222 -0.0068
vn -0.761 0.6488 -0
vn -0.7626 0.6469 -0.0008
vn -0.6443 0.7648 0.0001
vn -0.9401 -0.3409 -0.0055
vn -0.9411 -0.338 -0.0041
vn -0.5728 -0.8193 -0.0264
vn -0.6204 -0.7841 -0.0155
vn -0.5207 -0.8534 -0.0241
vn -0.537 -0.8436 -0.0016
vn -0.5508 -0.8343 -0.0241
vn -0.5373 -0.8429 -0.0292
vn -0.5849 -0.8108 -0.0215
vn -0.5805 -0.814 -0.0201
vn -0.5517 -0.834 -0.0104
vn -0.6796 0.7336 0.0015
vn -0.7627 0.6467 -0.0001
vn -0.7624 0.6471 0.0001
vn -0.7625 0.647 0.0011
vn -0.7653 0.6437 0.0001
vn -0.8718 -0.4894 -0.0191
vn -0.8752 -0.4833 -0.0189
vn -0.8673 -0.4975 -0.0168
vn -0.8109 -0.5841 -0.0346
vn -0.7835 -0.6201 -0.0403
vn -0.7708 -0.6361 -0.0359
vn -0.785 -0.6185 -0.0345
vn -0.8077 -0.589 -0.0258
vn -0.7792 -0.626 -0.0308
vn -0.9875 -0.1578 -0.0034
vn -0.7539 -0.656 -0.036
vn -0.9791 -0.2034 -0.0005
vn -0.7808 -0.6241 -0.0267
vn -0.7457 -0.6656 -0.0297
vn -0.6704 -0.7402 -0.0523
vn -0.9694 -0.2454 -0.0049
vn -0.665 -0.7452 -0.05
vn -0.693 -0.7197 -0.042
vn -0.982 0.1888 -0.0002
vn -0.9957 -0.0926 -0.0029
vn -0.597 -0.7999 -0.0612
vn -0.9681 -0.2507 -0.0011
vn -0.7483 -0.6627 -0.0293
vn -0.9581 -0.2864 -0.0045
vn -0.9474 -0.3201 -0.0055
vn -0.9206 -0.3905 -0.0047
vn -0.6396 -0.7674 -0.0437
vn -0.6744 -0.7375 -0.0373
vn -0.9201 -0.3918 -0.0051
vn -0.7803 -0.6251 -0.0198
vn -0.9991 0.0426 -0.0023
vn -0.8907 -0.4544 -0.0083
vn -0.7208 -0.6927 -0.024
vn -0.7105 -0.7031 -0.0278
vn -0.9849 0.1731 -0.0004
vn -0.9881 0.154 0.0003
vn -0.9198 -0.3923 -0.0038
vn -0.7757 -0.631 -0.0131
vn -0.8009 -0.5986 -0.0162
vn -0.9324 -0.3613 -0.0046
vn -0.8725 -0.4886 -0.0064
vn -0.9919 0.1268 -0.0003
vn -0.8203 -0.5717 -0.0133
vn -0.8437 -0.5367 -0.0083
vn -0.9998 -0.0178 0.0026
vn -0.9939 0.1102 0.0002
vn -0.9993 -0.038 -0.0016
vn -0.9988 -0.0499 -0.0002
vn -0.7643 -0.6446 -0.0168
vn -0.6844 -0.7288 -0.0239
vn -0.9969 0.0793 -0.0001
vn -0.8169 -0.5766 -0.0092
vn -0.0913 -0.9922 -0.0851
vn -0.1012 -0.9928 -0.0648
vn -0.1568 -0.9874 -0.02
vn -0.1644 -0.9861 -0.0219
vn -0.9995 0.0309 -0.0003
vn -0.6042 0.7968 -0.0024
vn -0.5834 0.8122 0.0022
vn -0.6446 0.7645 -0.0024
vn -0.9856 0.1688 0
vn -0.6041 0.7969 0.0003
vn -0.6435 0.7655 -0.0003
vn -0.6437 0.7653 0.0015
vn -0.6044 0.7966 0
vn -0.5737 0.8191 0
vn -0.2424 0.9702 0.0016
vn -0.2839 0.9589 -0.0011
vn -0.2079 0.9781 0.0018
vn -0.8157 0.5785 -0.0001
vn -0.282 0.9594 0.0002
vn -0.641 0.7675 -0.0013
vn -0.4221 0.9065 0.0001
vn -0.2834 0.959 0.0014
vn -0.9857 0.1687 0.0001
vn -0.9967 0.081 0
vn -0.8105 0.5857 -0.0012
vn -0.8093 0.5874 -0.0002
vn -0.9997 0.0242 0.0005
vn -0.9995 0.0324 0.0001
vn -1 -0.0037 -0.0007
vn -0.8968 -0.442 -0.0184
vn -0.9858 0.1676 0.0003
vn -0.894 -0.4479 -0.0148
vn -0.8933 -0.4493 -0.0152
vn -0.9104 -0.4134 -0.0132
vn -0.9805 -0.1965 -0.0014
vn -0.9992 -0.0397 0.0002
vn -0.975 -0.2223 -0.0034
vn -0.9749 -0.2228 -0.0033
vn -0.7045 -0.7081 -0.0469
vn -0.7534 -0.6566 -0.0364
vn -0.6395 -0.7667 -0.0574
vn -0.9684 -0.2492 -0.0032
vn -0.7245 -0.6881 -0.0399
vn -0.7083 -0.7046 -0.0435
vn -0.7218 -0.691 -0.0397
vn -0.9604 -0.2787 -0.0062
vn -0.9751 -0.2214 -0.0144
vn -0.6297 -0.7749 -0.0546
vn -0.9889 -0.1485 -0.0032
vn -0.9786 -0.2056 -0.0016
vn -0.9706 -0.2406 -0.0029
vn -0.8028 -0.596 -0.0189
vn -0.7812 -0.6237 -0.0257
vn -0.9991 -0.0412 0.0001
vn -0.7051 -0.7084 -0.033
vn -0.7296 -0.683 -0.0349
vn -0.9809 -0.1942 -0.0039
vn -0.9964 -0.0848 -0.0004
vn -0.997 -0.0776 -0.0006
vn -0.7513 -0.6595 -0.0236
vn -0.8984 -0.4392 -0.0045
vn -0.9057 -0.4239 -0.0074
vn -0.9939 -0.1102 -0.0009
vn -0.8551 -0.5184 -0.0091
vn -0.8744 -0.4852 -0.0078
vn -0.9107 -0.4131 -0.0076
vn -0.9057 -0.424 -0.005
vn -0.8527 -0.5222 -0.0105
vn -0.8892 -0.4575 -0.0063
vn -0.9933 -0.1158 -0.0007
vn -0.9878 -0.1559 -0.0012
vn -0.8518 -0.5238 -0.0061
vn -0.8698 -0.4933 -0.008
vn -0.9853 -0.1706 -0.0002
vn -0.6552 -0.7552 -0.0199
vn -0.2142 -0.9767 -0.0167
vn -0.6043 0.7967 0.0002
vn -0.7947 0.607 0.0006
vn -0.6042 0.7968 -0.0001
vn -0.7931 0.6091 -0.0005
vn -0.8251 0.565 -0.0013
vn -0.8229 0.5682 -0.0006
vn -0.6047 0.7965 -0.0001
vn -0.7931 0.6091 -0.0006
vn -0.7922 0.6103 0.0001
vn -0.8249 0.5653 0.0005
vn -0.4599 0.888 0.0009
vn -0.3351 0.9422 -0.0007
vn -0.33 0.944 0.0004
vn -0.826 0.5637 0.0013
vn -0.7933 0.6088 0.0009
vn -0.3802 0.9249 0.0017
vn -0.3635 0.9316 -0.0004
vn -0.5822 0.8131 -0.0009
vn -0.6061 0.7954 0.001
vn -0.8259 0.5638 -0.0017
vn -0.824 0.5665 -0.0002
vn -0.5562 0.8311 0.0022
vn -0.7934 0.6087 0.0001
vn -0.7908 0.6121 0.0014
vn -0.8342 0.5514 -0.0016
vn -0.8251 0.5649 0.003
vn -0.7885 0.6151 -0.0002
vn -0.8311 0.5561 0.0001
vn -0.8352 0.5499 0.0013
vn -0.9325 -0.3609 -0.0098
vn -0.921 -0.3892 -0.019
vn -0.9115 -0.4112 -0.0128
vn -0.9153 -0.4025 -0.0134
vn -0.928 -0.3724 -0.0093
vn -0.9147 -0.404 -0.0139
vn -0.7397 -0.6717 -0.041
vn -0.7546 -0.6546 -0.0454
vn -0.7228 -0.6894 -0.0489
vn -0.9991 -0.0423 0.0009
vn -0.9969 -0.0786 0.0003
vn -0.6959 -0.7162 -0.0516
vn -0.673 -0.7378 -0.0512
vn -0.9988 0.0483 0.0017
vn -0.994 -0.1094 -0.0005
vn -0.7697 -0.6376 -0.032
vn -0.9868 -0.1619 0.001
vn -0.9891 -0.147 -0.0017
vn -0.7708 -0.6366 -0.0232
vn -0.84 -0.5424 -0.0153
vn -0.7467 -0.6646 -0.0289
vn -0.7184 -0.6949 -0.0308
vn -0.7845 -0.6199 -0.0165
vn -0.8113 -0.5843 -0.0185
vn -0.8183 -0.5747 -0.0096
vn -0.8456 -0.5338 -0.0091
vn -0.6525 -0.7575 -0.0209
vn -0.2667 -0.9636 -0.0191
vn -0.5397 0.8418 0.0022
vn -0.5608 0.8279 -0.0025
vn -0.56 0.8285 0.0003
vn -0.5616 0.8274 -0.0004
vn -0.5616 0.8274 0.0002
vn -0.5587 0.8294 0.0015
vn -0.8404 0.542 0.0009
vn -0.5588 0.8293 -0.0014
vn -0.8546 0.5192 -0.0012
vn -0.5617 0.8273 -0.0001
vn -0.5615 0.8275 0.0013
vn -0.8724 0.4888 -0
vn -0.8543 0.5198 -0.0005
vn -0.8534 0.5212 -0
vn -0.5573 0.8303 -0.0004
vn -0.4204 0.9073 0.0011
vn -0.4018 0.9157 -0.0019
vn -0.4435 0.8963 -0.0006
vn -0.5813 0.8137 -0.0013
vn -0.0498 0.9988 -0.002
vn -0.8536 0.5209 0.0001
vn -0.4733 0.8809 -0.0009
vn -0.6073 0.7945 0.0006
vn -0.5336 -0.8423 -0.0758
vn -0.5104 -0.8567 -0.0739
vn -0.5785 -0.8145 -0.0446
vn -0.4673 -0.8806 -0.0787
vn -0.479 -0.8741 -0.081
vn -0.5981 -0.7991 -0.0606
vn -0.5544 -0.8301 -0.0598
vn -0.4421 -0.893 -0.0849
vn -0.6375 0.7705 -0.0005
vn -0.644 0.7651 0.0009
vn -0.5423 -0.8379 -0.0616
vn -0.4212 -0.9028 -0.087
vn -0.3967 -0.9144 -0.0803
vn -0.5248 -0.8492 -0.059
vn -0.8549 0.5188 0.0011
vn -0.3829 -0.9198 -0.0855
vn -0.4878 -0.8705 -0.0649
vn -0.491 -0.8687 -0.066
vn -0.6035 -0.7959 -0.0493
vn -0.3501 -0.9321 -0.0924
vn -0.5228 -0.1138 0.8448
vn -0.4717 -0.0382 0.8809
vn -0.4799 -0.0748 0.8741
vn -0.0033 0.996 0.0893
vn -0.4292 -0.1221 0.8949
vn -0.9965 0.0466 0.0696
vn -0.0523 0.9945 0.0907
vn -0.3894 -0.0505 0.9197
vn -0.0315 0.9981 0.0532
vn -0.9972 0.0405 0.0629
vn -0.3262 -0.0804 0.9419
vn -0.0865 0.9947 0.0549
vn -0.1138 0.9867 0.1163
vn -0.9992 0.0278 0.0302
vn -0.1473 0.9871 0.0635
vn -0.1726 0.9787 0.1111
vn -0.999 0.0322 0.0324
vn -0.9998 0.0131 0.0122
vn -0.2078 0.9744 0.0861
vn -0.0579 -0.0501 0.9971
vn -0.2105 0.9731 0.0931
vn -0.05 -0.0735 0.996
vn -0.2643 0.9583 0.1089
vn -0.9998 0.0122 0.0126
vn -0.2626 0.9595 0.1019
vn -0.9995 -0.0249 -0.0193
vn -0.0073 -0.0951 0.9954
vn -0.3198 0.9381 0.1327
vn -0.3234 0.9384 0.1217
vn -0.9987 -0.0434 -0.0257
vn -0.3733 0.9231 0.0923
vn -0.998 -0.0537 -0.0345
vn -0.3904 0.91 0.1398
vn -0.9958 -0.079 -0.0463
vn -0.4152 0.9031 0.1092
vn -0.4365 0.8904 0.1288
vn -0.446 0.8877 0.1139
vn -0.4807 0.8707 0.1041
vn -0.4846 0.8666 0.1191
vn -0.9969 -0.0695 -0.0367
vn -0.9969 -0.0695 -0.0368
vn -0.521 0.8464 0.1104
vn -0.9975 -0.0632 -0.0303
vn -0.534 0.8415 0.0815
vn -0.9976 -0.0626 -0.03
vn -0.5568 0.825 0.0965
vn -0.577 0.8137 0.0704
vn -0.9978 -0.06 -0.0272
vn -0.5947 0.7969 0.1062
vn -0.997 -0.0707 -0.0305
vn -0.6172 0.7845 0.0599
vn -0.6447 0.7603 0.08
vn -0.9972 -0.0686 -0.0283
vn -0.6617 0.7478 0.0551
vn -0.6683 0.7401 0.0743
vn -0.9965 -0.0781 -0.0295
vn -0.9965 -0.0784 -0.0297
vn -0.7119 0.6988 0.0703
vn -0.708 0.7043 0.052
vn -0.9961 -0.0834 -0.0292
vn -0.9968 -0.0766 -0.0245
vn -0.9957 -0.0893 -0.0267
vn -0.7361 0.6757 0.0403
vn -0.7569 0.6498 0.0693
vn -0.998 -0.0612 -0.014
vn -0.9956 -0.0906 -0.0228
vn -0.9979 -0.0628 -0.0148
vn -0.8089 0.5873 0.0279
vn -0.8247 0.5595 0.0826
vn -0.9957 -0.0919 0.0107
vn -0.8295 0.5535 0.0743
vn -0.8448 0.53 0.0735
vn -0.9873 -0.0432 0.1528
vn -0.8791 0.4707 0.0756
vn -0.9586 -0.0691 0.2762
vn -0.9072 0.4162 0.0609
vn -0.9046 0.4134 0.1035
vn -0.943 -0.1059 0.3154
vn -0.9336 -0.0315 0.3569
vn -0.9316 0.3604 0.0469
vn -0.9336 0.3458 0.094
vn -0.9527 0.3006 0.0441
vn -0.9503 0.2937 0.1033
vn -0.8593 -0.0928 0.503
vn -0.8291 -0.0655 0.5552
vn -0.9766 0.2132 0.0271
vn -0.9727 0.2187 0.0778
vn -0.7473 -0.0447 0.663
vn -0.9797 0.1792 0.0894
vn -0.7224 -0.1191 0.6811
vn -0.9882 0.1456 0.0484
vn -0.6823 -0.0447 0.7297
vn -0.9916 0.1111 0.0663
vn -0.989 0.1127 0.0956
vn -0.9977 0.0521 0.0424
vn -0.5462 -0.0581 0.8357
vn 0.8091 -0.0004 0.5877
vn 0.8144 0.0003 0.5803
vn -1 -0.0001 -0.0053
vn -0.9986 0.0001 0.0521
vn -0.9989 0.0005 0.0466
vn 0.8572 -0.0003 0.5151
vn 0.856 -0.0001 0.517
vn -0.9954 -0.0011 0.0963
vn 0.8871 -0.0008 0.4617
vn 0.9071 -0.0002 0.4209
vn 0.9016 0.0004 0.4325
vn -0.9874 -0.0009 0.1584
vn -0.9905 0.0001 0.1374
vn 0.9347 0 0.3554
vn -0.9784 0.0003 0.2069
vn -0.974 -0.0007 0.2267
vn 0.9382 0.0008 0.346
vn -0.9617 -0.0007 0.2741
vn 0.9616 -0.001 0.2745
vn -0.9541 0.0009 0.2996
vn 0.9705 0.0003 0.241
vn 0.9741 -0.0004 0.2263
vn -0.9316 -0.0008 0.3636
vn 0.9864 -0.0002 0.1642
vn 0.9872 -0.0006 0.1593
vn -0.9267 -0.0001 0.3758
vn -0.9068 -0.0004 0.4215
vn 0.9952 -0.0007 0.0981
vn -0.9015 0.0001 0.4327
vn -0.8874 -0.0008 0.461
vn 0.9971 0.0002 0.076
vn 0.9984 -0.0004 0.0568
vn -0.8686 -0.0003 0.4955
vn 0.9997 0.0002 0.0243
vn -0.8648 0.0002 0.5021
vn 1 0.0001 0.0009
vn 0.9867 0.0487 0.155
vn -0.8228 -0.0002 0.5684
vn 0.9999 0.0027 0.0138
vn -0.8249 -0.0005 0.5653
vn -0.7935 -0.0004 0.6085
vn -0.7856 0.0002 0.6188
vn -0.7497 -0.0011 0.6617
vn -0.7224 0.0011 0.6914
vn -0.6778 -0.0012 0.7352
vn -0.645 0.0006 0.7642
vn -0.6292 -0.0005 0.7772
vn -0.5961 -0.0008 0.8029
vn -0.5625 0.0003 0.8268
vn -0.5522 -0.0003 0.8337
vn -0.4839 0.0004 0.8751
vn -0.472 -0.0006 0.8816
vn -0.4003 0.0005 0.9164
vn -0.3838 -0.0005 0.9234
vn -0.3387 -0 0.9409
vn -0.327 -0.0006 0.945
vn -0.2678 -0 0.9635
vn -0.2666 0 0.9638
vn -0.2223 -0.0007 0.975
vn -0.173 -0.0002 0.9849
vn -0.1831 0.0004 0.9831
vn -0.1244 -0.0008 0.9922
vn -0.0826 0.0004 0.9966
vn -0.0642 -0.0006 0.9979
vn -0.0036 0.0004 1
vn 0.0161 -0.0004 0.9999
vn 0.0567 0.0004 0.9984
vn 0.0843 -0.0007 0.9964
vn 0.1331 -0.0001 0.9911
vn 0.1398 0.0004 0.9902
vn 0.2222 -0.0005 0.975
vn 0.2321 0.0001 0.9727
vn 0.275 -0.0006 0.9614
vn 0.3002 0.0002 0.9539
vn 0.3264 -0.0009 0.9452
vn 0.407 -0.0004 0.9134
vn 0.3914 0.0008 0.9202
vn 0.4798 0.0003 0.8774
vn 0.4905 -0.0004 0.8714
vn 0.532 -0.0004 0.8468
vn 0.5402 0.0002 0.8415
vn 0.5937 -0.0001 0.8047
vn 0.6062 0.0007 0.7953
vn 0.6421 -0.0007 0.7666
vn 0.67 -0.0004 0.7424
vn 0.6814 0.0003 0.7319
vn 0.7148 -0.001 0.6993
vn 0.746 0.0011 0.6659
vn 0.7805 -0.0012 0.6252
vn -0.1564 0.707 -0.6897
vn -0.2054 0.7481 -0.631
vn -0.1624 0.9834 -0.0811
vn -0.1623 0.5509 -0.8187
vn -0.1004 0.3443 -0.9335
vn -0.1653 0.6358 -0.754
vn -0.209 0.8891 -0.4072
vn -0.0587 0.4874 -0.8712
vn -0.1848 0.512 -0.8389
vn -0.1755 0.6133 -0.7701
vn -0.0896 0.4474 -0.8898
vn -0.116 0.5172 -0.848
vn -0.1635 0.9807 -0.1076
vn -0.1789 0.9651 -0.191
vn -0.2007 0.6839 -0.7015
vn -0.181 0.7321 -0.6568
vn -0.0144 0.2601 -0.9655
vn -0.0249 0.3395 -0.9403
vn -0.0541 0.3681 -0.9282
vn -0.0632 0.3766 -0.9242
vn -0.2335 0.7594 -0.6073
vn -0.227 0.9302 -0.2885
vn -0.0212 0.4384 -0.8986
vn -0.0639 0.2762 -0.959
vn -0.2509 0.7342 -0.6309
vn -0.0297 0.2037 -0.9786
vn -0.2111 0.608 -0.7654
vn -0.2416 0.6936 -0.6786
vn -0.208 0.5293 -0.8226
vn -0.2094 0.612 -0.7627
vn -0.2835 0.7536 -0.593
vn -0.2225 0.5038 -0.8346
vn 0.0038 0.2463 -0.9692
vn -0.2342 0.9163 -0.3247
vn -0.242 0.6973 -0.6746
vn -0.271 0.6455 -0.7141
vn -0.2814 0.7235 -0.6303
vn -0.1804 0.407 -0.8954
vn -0.053 0.2477 -0.9674
vn -0.1096 0.2423 -0.964
vn -0.2661 0.9196 -0.289
vn -0.2346 0.6277 -0.7422
vn -0.2754 0.91 -0.3098
vn -0.1001 0.1618 -0.9817
vn -0.1017 0.2664 -0.9585
vn -0.0043 0.0196 -0.9998
vn -0.0043 0.11 -0.9939
vn -0.2565 0.5061 -0.8235
vn -0.3083 0.6377 -0.7059
vn -0.1926 0.2998 -0.9344
vn -0.0537 0.1636 -0.9851
vn -0.0731 0.1322 -0.9885
vn -0.2862 0.5606 -0.7771
vn -0.3083 0.6374 -0.7062
vn -0.2779 0.4722 -0.8366
vn -0.1572 0.2404 -0.9579
vn -0.2053 0.3343 -0.9198
vn -0.2755 0.9141 -0.2976
vn -0.3244 0.7426 -0.5859
vn -0.3277 0.6883 -0.6472
vn -0.1444 0.1647 -0.9757
vn -0.3259 0.8369 -0.4399
vn -0.2303 0.3938 -0.8899
vn -0.2324 0.3886 -0.8916
vn -0.2885 0.568 -0.7708
vn -0.3387 0.825 -0.4524
vn -0.3728 0.6864 -0.6244
vn -0.3401 0.7538 -0.5622
vn -0.2428 0.257 -0.9354
vn -0.2448 0.2743 -0.9299
vn -0.0842 0.1257 -0.9885
vn -0.171 0.1406 -0.9752
vn -0.0228 0.0125 -0.9997
vn -0.0581 0.0464 -0.9972
vn -0.2804 0.3477 -0.8947
vn -0.3572 0.608 -0.7091
vn -0.3341 0.8875 -0.3174
vn -0.3837 0.8304 -0.4039
vn -0.3051 0.267 -0.9141
vn -0.4155 0.644 -0.6423
vn -0.3573 0.6085 -0.7085
vn -0.1864 0.0328 -0.9819
vn -0.3154 0.4727 -0.8228
vn -0.3161 0.2329 -0.9197
vn -0.2982 0.3757 -0.8775
vn -0.0585 0.0458 -0.9972
vn -0.338 0.8846 -0.3213
vn -0.2296 0.0869 -0.9694
vn -0.2236 0.1001 -0.9695
vn -0.0918 0.0307 -0.9953
vn -0.3373 0.5382 -0.7724
vn -0.3491 0.2968 -0.8888
vn -0.2117 0.2101 -0.9545
vn -0.1241 0.0583 -0.9906
vn -0.2245 0.0286 -0.974
vn -0.2315 0.0462 -0.9717
vn -0.2075 0.2211 -0.9529
vn -0.3118 0.4496 -0.837
vn -0.3525 0.8888 -0.2928
vn -0.3311 0.5115 -0.7929
vn -0.1284 0.0519 -0.9904
vn -0.4521 0.6878 -0.568
vn -0.3586 0.8848 -0.2977
vn -0.3559 0.3018 -0.8845
vn -0.3737 0.6669 -0.6446
vn -0.3587 0.3949 -0.8458
vn -0.3532 0.3128 -0.8817
vn -0.1783 0.0463 -0.9829
vn -0.2773 0.1088 -0.9546
vn -0.3805 0.8273 -0.4132
vn -0.2538 0.224 -0.941
vn -0.4117 0.5576 -0.7208
vn -0.2869 0.0808 -0.9546
vn -0.2099 0.1933 -0.9584
vn -0.2793 0.0103 -0.9601
vn -0.4433 0.6626 -0.6038
vn -0.4034 0.7753 -0.486
vn -0.4219 0.2409 -0.8741
vn -0.3825 0.5257 -0.7598
vn -0.3976 0.2929 -0.8696
vn -0.2971 0.0518 -0.9534
vn -0.4268 0.7478 -0.5085
vn -0.4291 0.8087 -0.4023
vn -0.4305 0.8172 -0.3833
vn -0.2479 0.1297 -0.9601
vn -0.4925 0.5778 -0.6508
vn -0.3394 0.1163 -0.9334
vn -0.3768 0.4619 -0.8029
vn -0.391 0.3948 -0.8314
vn -0.4174 0.5775 -0.7016
vn -0.4654 0.6562 -0.5939
vn -0.4647 0.647 -0.6045
vn -0.33 0.0157 -0.9439
vn -0.2961 0.1833 -0.9374
vn -0.4219 0.6726 -0.6079
vn -0.3503 0.0473 -0.9354
vn -0.3906 0.3937 -0.8321
vn -0.4356 0.2762 -0.8567
vn -0.4878 0.785 -0.3818
vn -0.472 0.8019 -0.3663
vn -0.2968 0.1811 -0.9376
vn -0.486 0.6424 -0.5926
vn -0.4136 0.493 -0.7654
vn -0.3925 0.0266 -0.9194
vn -0.3976 0.0371 -0.9168
vn -0.4909 0.6613 -0.5672
vn -0.5167 0.564 -0.6441
vn -0.4875 0.4881 -0.724
vn -0.4304 0.6382 -0.6383
vn -0.3452 0.203 -0.9163
vn -0.3884 0.8203 -0.4197
vn -0.4604 0.4305 -0.7763
vn -0.4911 0.2262 -0.8412
vn -0.4915 0.2305 -0.8398
vn -0.4687 0.5773 -0.6686
vn -0.4488 0.3224 -0.8335
vn -0.5587 0.7227 -0.4069
vn -0.357 0.1751 -0.9175
vn -0.5381 0.4588 -0.707
vn -0.4665 0.4445 -0.7647
vn -0.4438 0.0326 -0.8955
vn -0.4466 0.0387 -0.8939
vn 0.0019 0.9983 0.0577
vn -0.4881 0.4971 -0.7174
vn -0.5193 0.1897 -0.8333
vn -0.3437 0.1067 -0.933
vn -0.5857 0.5575 -0.5884
vn -0.592 0.5467 -0.5922
vn -0.5821 0.4782 -0.6576
vn -0.0033 0.9999 -0.0105
vn -0.618 0.6642 -0.4206
vn 0.0021 0.993 -0.1184
vn -0.4874 0.0161 -0.873
vn -0.5391 0.2191 -0.8132
vn -0.476 0.0661 -0.877
vn 0.0084 0.9909 -0.1341
vn -0.4776 0.3013 -0.8253
vn -0.4871 0.3423 -0.8034
vn -0.4612 0.7399 -0.4897
vn -0.4548 0.7472 -0.4846
vn -0.3994 0.2021 -0.8942
vn -0.4089 0.1824 -0.8942
vn -0.0251 0.9909 -0.1324
vn -0.0125 0.9945 -0.1044
vn -0.3874 0.1323 -0.9124
vn -0.5716 0.1904 -0.7981
vn -0.6154 0.6507 -0.4448
vn -0.6165 0.5588 -0.5547
vn -0.5155 0.3924 -0.7618
vn -0.4062 0.0949 -0.9088
vn -0.6693 0.6096 -0.4248
vn -0.5227 0.0764 -0.8491
vn -0.5193 0.0483 -0.8532
vn -0.568 0.162 -0.8069
vn -0.5063 0.734 -0.4526
vn -0.4891 0.5464 -0.6799
vn -0.667 0.5984 -0.444
vn -0.4886 0.5473 -0.6795
vn -0.5157 0.3685 -0.7735
vn -0.5914 0.2024 -0.7806
vn -0.5229 0.4278 -0.7373
vn -0.6141 0.1391 -0.7769
vn -0.6843 0.4233 -0.5937
vn -0.5576 0.0023 -0.8301
vn -0.665 0.4795 -0.5726
vn -0.5302 0.2854 -0.7984
vn -0.6908 0.5164 -0.5061
vn -0.4497 0.1628 -0.8782
vn -0.5293 0.5416 -0.6531
vn -0.6295 0.1989 -0.7511
vn -0.4406 0.1242 -0.8891
vn -0.6819 0.4134 -0.6034
vn -0.5925 0.0464 -0.8042
vn -0.6612 0.1492 -0.7352
vn -0.4617 0.1835 -0.8679
vn -0.7522 0.4667 -0.4651
vn -0.7483 0.4503 -0.4871
vn -0.5308 0.2837 -0.7986
vn -0.5995 0.029 -0.7999
vn -0.7271 0.3632 -0.5826
vn -0.6247 0.0173 -0.7807
vn -0.6588 0.1347 -0.7402
vn -0.5352 0.4644 -0.7056
vn -0.6482 0.0426 -0.7603
vn -0.7544 0.3778 -0.5367
vn -0.4773 0.0703 -0.8759
vn -0.6904 0.1313 -0.7114
vn -0.6867 0.1239 -0.7163
vn -0.7917 0.379 -0.4791
vn -0.7876 0.4273 -0.4439
vn -0.5028 0.1177 -0.8564
vn -0.5352 0.3713 -0.7587
vn -0.6647 0.019 -0.7469
vn -0.7224 0.1237 -0.6803
vn -0.6954 0.0294 -0.718
vn -0.79 0.2808 -0.5451
vn -0.689 0.0495 -0.7231
vn -0.7357 0.1013 -0.6697
vn -0.8319 0.3531 -0.4281
vn -0.8323 0.2974 -0.4678
vn -0.7934 0.286 -0.5374
vn -0.7659 0.1089 -0.6337
vn -0.5336 0.2869 -0.7956
vn -0.8737 0.2572 -0.4129
vn -0.849 0.3026 -0.4332
vn -0.8332 0.2394 -0.4984
vn -0.8222 0.226 -0.5224
vn -0.861 0.2151 -0.4609
vn -0.9682 0.0509 -0.2448
vn -0.9816 0.0385 -0.1871
vn -0.9621 0.017 -0.2721
vn -0.9711 0.0063 -0.2384
vn -0.5556 0.3399 -0.7588
vn -0.0416 0.9991 -0.0125
vn -0.0309 0.9939 -0.1063
vn -0.0449 0.9789 -0.1993
vn -0.0255 0.9997 0.0014
vn -0.0571 0.9718 -0.2288
vn -0.5703 0.3593 -0.7387
vn -0.53 0.149 -0.8348
vn -0.5866 0.3962 -0.7063
vn -0.0483 0.9334 -0.3557
vn -0.0725 0.9918 -0.1057
vn -0.0669 0.9932 -0.0955
vn -0.5654 0.2457 -0.7874
vn -0.5988 0.2409 -0.7638
vn -0.0615 0.9249 -0.3753
vn -0.0933 0.9376 -0.335
vn -0.548 0.1181 -0.8281
vn -0.0805 0.934 -0.348
vn -0.5292 0.0606 -0.8464
vn -0.0377 0.8784 -0.4765
vn -0.0795 0.9936 -0.0797
vn -0.6402 0.3458 -0.686
vn -0.107 0.893 -0.4372
vn -0.0802 0.9961 -0.0363
vn -0.0575 0.8057 -0.5895
vn -0.074 0.9447 -0.3194
vn -0.083 0.887 -0.4542
vn -0.5865 0.2676 -0.7645
vn -0.1063 0.99 -0.0925
vn -0.6317 0.31 -0.7106
vn -0.102 0.8827 -0.4587
vn -0.0944 0.7988 -0.5942
vn -0.5555 0.0927 -0.8263
vn -0.1191 0.8774 -0.4647
vn -0.5765 0.14 -0.805
vn -0.1068 0.9441 -0.3119
vn -0.0678 0.7196 -0.6911
vn -0.1206 0.905 -0.4079
vn -0.5741 0.0642 -0.8163
vn -0.1131 0.9832 -0.1432
vn 0.0033 0.1287 -0.9917
vn -0.1396 0.9182 -0.3707
vn -0.6544 0.347 -0.6719
vn -0.1353 0.9465 -0.2929
vn -0.6354 0.2767 -0.7209
vn -0.15 0.9806 -0.1258
vn -0.1256 0.726 -0.6762
vn -0.1466 0.9124 -0.3822
vn -0.0536 0.6716 -0.739
vn -0.1155 0.6692 -0.7341
vn -0.1723 0.8578 -0.4842
vn -0.1757 0.9244 -0.3387
vn -0.1317 0.7104 -0.6913
vn -0.6298 0.249 -0.7358
vn -0.6624 0.3826 -0.6441
vn 0.0066 0.1687 -0.9856
vn -0.133 0.645 -0.7525
vn -0.159 0.9317 -0.3267
vn -0.6874 0.3022 -0.6604
vn -0.1051 0.6373 -0.7635
vn -0.0902 0.5759 -0.8125
vn -0.7059 0.4858 -0.5154
vn -0.0242 0.1235 -0.992
vn -0.597 0.0948 -0.7966
vn -0.1432 0.5345 -0.833
vn -0.19 0.8665 -0.4617
vn -0.2148 0.9534 -0.2117
vn -0.1391 0.5447 -0.827
vn -0.6759 0.2134 -0.7054
vn -0.0617 0.4896 -0.8697
vn -0.0924 0.4546 -0.8859
vn -0.2434 0.8312 -0.4998
vn -0.6102 0.1276 -0.7819
vn -0.6362 0.106 -0.7642
vn -0.2429 0.846 -0.4746
vn -0.013 0.3993 -0.9167
vn -0.1381 0.4467 -0.8839
vn -0.694 0.3102 -0.6498
vn -0.6319 0.0721 -0.7717
vn -0.7053 0.3637 -0.6085
vn -0.2224 0.9591 -0.1753
vn -0.2398 0.9519 -0.1905
vn -0.2666 0.9174 -0.2955
vn -0.1147 0.36 -0.9259
vn -0.1704 0.4281 -0.8875
vn -0.2555 0.8982 -0.3577
vn -0.2822 0.8412 -0.4613
vn -0.7076 0.2075 -0.6754
vn -0.6899 0.2254 -0.6879
vn -0.2447 0.9592 -0.1415
vn -0.3301 0.7341 -0.5933
vn -0.3077 0.8098 -0.4996
vn -0.3249 0.9044 -0.2765
vn -0.3336 0.8146 -0.4744
vn -0.6676 0.1178 -0.7352
vn -0.2883 0.9276 -0.2374
vn -0.7295 0.1307 -0.6713
vn -0.3857 0.7207 -0.576
vn -0.296 0.9307 -0.2147
vn -0.1647 0.1198 -0.9791
vn -0.3364 0.8126 -0.4759
vn -0.7217 0.2658 -0.6392
vn -0.3914 0.7658 -0.5102
vn -0.4197 0.7245 -0.5468
vn -0.4182 0.7686 -0.4841
vn -0.3744 0.8855 -0.2752
vn -0.4528 0.687 -0.5684
vn -0.5212 0.7166 -0.4636
vn -0.5417 0.6298 -0.5568
vn -0.6552 0.0755 -0.7517
vn -0.7621 0.3666 -0.5336
vn -0.5571 0.6551 -0.5103
vn -0.5696 0.6781 -0.4646
vn -0.6104 0.6068 -0.509
vn -0.6104 0.4712 -0.6368
vn -0.598 0.4585 -0.6574
vn -0.7507 0.2708 -0.6026
vn -0.6133 0.5638 -0.5532
vn -0.6436 0.447 -0.6213
vn -0.7819 0.3762 -0.497
vn -0.6498 0.5584 -0.5156
vn -0.6529 0.553 -0.5176
vn -0.6525 0.4632 -0.5997
vn -0.6927 0.5236 -0.496
vn -0.9706 0.0052 -0.2405
vn -0.9582 0.008 -0.2859
vn -0.0476 0.9918 -0.1182
vn -0.7246 0.2097 -0.6565
vn -0.7194 0.1937 -0.6671
vn -0.0353 0.999 -0.0257
vn -0.8063 0.3322 -0.4893
vn -0.7461 0.2808 -0.6037
vn -0.0985 0.9708 -0.2187
vn -0.6957 0.0714 -0.7147
vn -0.0452 0.5379 -0.8418
vn -0.2163 0.8395 -0.4984
vn -0.1497 0.3406 -0.9282
vn -0.1358 0.454 -0.8806
vn -0.1393 0.3168 -0.9382
vn -0.1591 0.236 -0.9587
vn -0.3791 0.8349 -0.399
vn -0.7834 0.2972 -0.5458
vn -0.742 0.2116 -0.6361
vn -0.7734 0.2554 -0.5802
vn -0.7778 0.202 -0.5952
vn -0.7575 0.1556 -0.634
vn -0.7692 0.2152 -0.6017
vn -0.8098 0.3471 -0.473
vn -0.7299 0.0254 -0.6831
vn -0.7951 0.2137 -0.5676
vn -0.8066 0.2532 -0.5341
vn -0.7719 0.1667 -0.6135
vn -0.7768 0.1831 -0.6025
vn -0.8118 0.1832 -0.5544
vn -0.7461 0.0476 -0.6641
vn -0.8036 0.1354 -0.5796
vn -0.773 0.0954 -0.6272
vn -0.7639 0.098 -0.6378
vn -0.8343 0.1916 -0.517
vn -0.8547 0.2036 -0.4775
vn -0.7843 0.1128 -0.6101
vn -0.8066 0.1493 -0.572
vn -0.774 0.0143 -0.633
vn -0.7936 0.0435 -0.6069
vn -0.8143 0.0935 -0.5728
vn -0.8195 0.1341 -0.5572
vn -0.9037 0.2154 -0.3701
vn -0.8668 0.2526 -0.4298
vn -0.8403 0.1524 -0.5203
vn -0.8892 0.1924 -0.415
vn -0.7926 0.0423 -0.6083
vn -0.8553 0.1358 -0.5
vn -0.8658 0.1473 -0.4783
vn -0.8119 0.083 -0.5779
vn -0.8108 0.0885 -0.5786
vn -0.897 0.1981 -0.3951
vn -0.8088 0.0127 -0.5879
vn -0.8382 0.0796 -0.5395
vn -0.8695 0.1443 -0.4724
vn -0.9178 0.168 -0.3598
vn -0.9012 0.1361 -0.4115
vn -0.8375 0.0788 -0.5407
vn -0.8862 0.1551 -0.4365
vn -0.8593 0.119 -0.4975
vn -0.8921 0.1274 -0.4335
vn -0.8345 0.0317 -0.55
vn -0.8845 0.1011 -0.4555
vn -0.8385 0.0246 -0.5444
vn -0.8578 0.0768 -0.5081
vn -0.8682 0.0609 -0.4925
vn -0.9234 0.1759 -0.3411
vn -0.916 0.0732 -0.3944
vn -0.916 0.1039 -0.3874
vn -0.9262 0.129 -0.3543
vn -0.8834 0.0703 -0.4632
vn -0.8946 0.1205 -0.4304
vn -0.8603 0.0189 -0.5094
vn -0.8983 0.0388 -0.4377
vn -0.9346 0.0659 -0.3496
vn -0.8661 0.0293 -0.4991
vn -0.915 0.056 -0.3994
vn -0.887 0.0591 -0.4579
vn -0.937 0.0515 -0.3454
vn -0.9412 0.1037 -0.3216
vn -0.9439 0.1092 -0.3116
vn -0.9478 0.0437 -0.3159
vn -0.9315 0.0415 -0.3614
vn -0.9486 0.0387 -0.3142
vn -0.8859 0.0523 -0.4609
vn -0.8887 0.0025 -0.4586
vn -0.9456 0.0667 -0.3185
vn -0.9522 0.0483 -0.3018
vn -0.9612 0.0868 -0.2618
vn -0.8997 0.024 -0.4359
vn -0.9103 0.0081 -0.4139
vn -0.9214 0.0187 -0.3882
vn -0.9636 0.0128 -0.2669
vn -0.9304 0.0066 -0.3664
vn -0.9719 0.0237 -0.2341
vn -0.9706 0.0389 -0.2377
vn -0.9809 0.0124 -0.1943
vn -0.9527 0.0453 -0.3004
vn -0.9418 0.0149 -0.3358
vn -0.9468 0.0055 -0.3218
vn -0.9858 0.0527 -0.1597
vn -0.9806 0.0119 -0.1955
vn -0.9861 0.0169 -0.1654
vn -0.9929 0.0135 -0.1184
vn -0.9794 0.0032 -0.2019
vn -0.9963 0.0077 -0.0855
vn -0.9861 0.013 -0.1654
vn -0.9896 0.0025 -0.1439
vn -0.9816 0.0007 -0.1908
vn -0.9896 0.0033 -0.144
vn -0.9952 0.0006 -0.0981
vn -0.9952 -0.0024 -0.098
vn -0.9916 0.0084 -0.1291
vn -0.9982 0.0031 -0.0599
vn -0.9992 -0.0019 -0.0401
vn -0.9903 0.0005 -0.1387
vn -0.9956 0.0008 -0.094
vn -0.9998 0.0017 -0.0216
vn -0.9982 -0.0017 -0.0593
vn -0.9964 0.0037 -0.0847
vn -0.9998 0.0018 -0.0218
vn -0.0032 0.998 0.0631
vn 0.0019 1 0.0057
vn -0.0019 0.9998 0.0194
vn -0.0253 0.9996 -0.0112
vn -0.0192 0.9997 0.0119
vn -0.0197 0.9987 -0.0464
vn -0.0317 0.9954 -0.0907
vn -0.0194 0.9789 -0.2033
vn -0.0504 0.9472 -0.3167
vn -0.0298 0.9588 -0.2826
vn -0.0482 0.9935 -0.1028
vn -0.0164 0.9069 -0.4211
vn -0.0221 0.8969 -0.4417
vn -0.0086 0.8491 -0.5282
vn -0.0498 0.9987 0.0099
vn -0.0675 0.9435 -0.3244
vn -0.0666 0.9794 -0.1907
vn -0.0665 0.971 -0.2298
vn -0.0915 0.8799 -0.4663
vn -0.0905 0.9741 -0.2073
vn -0.0644 0.8623 -0.5023
vn -0.0114 0.7159 -0.6981
vn -0.0924 0.9358 -0.3403
vn -0.1084 0.9721 -0.2079
vn -0.0482 0.7866 -0.6156
vn 0.0025 0.743 -0.6693
vn -0.107 0.9726 -0.2065
vn -0.1349 0.7884 -0.6002
vn -0.1162 0.9355 -0.3335
vn -0.1209 0.8021 -0.5848
vn -0.1391 0.8145 -0.5632
vn -0.006 0.6213 -0.7836
vn -0.1162 0.9921 -0.0463
vn -0.108 0.7774 -0.6196
vn -0.1065 0.8546 -0.5082
vn -0.1168 0.8065 -0.5795
vn -0.1402 0.9711 -0.1929
vn -0.1634 0.7648 -0.6232
vn -0.1457 0.8636 -0.4826
vn -0.1405 0.8462 -0.514
vn -0.0987 0.7105 -0.6968
vn -0.1777 0.7897 -0.5872
vn -0.0669 0.6418 -0.764
vn -0.165 0.8126 -0.559
vn 0.0074 0.5402 -0.8415
vn -0.1315 0.9861 -0.1014
vn -0.1559 0.7039 -0.6929
vn -0.1458 0.5931 -0.7918
vn -0.1694 0.9582 -0.2305
vn -0.1781 0.9474 -0.2659
vn -0.2152 0.9324 -0.2903
vn -0.1923 0.8412 -0.5054
vn -0.9688 0.2167 0.1202
vn -0.4794 0.8044 0.3509
vn -0.0101 0.8341 0.5515
vn -0.8089 0.5384 0.2361
vn -0.8451 0.4687 0.2573
vn -0.5286 0.8399 0.1228
vn -0.0287 0.9068 0.4207
vn -0.3493 0.9321 0.0963
vn -0.1204 0.6548 0.7461
vn -0.9367 0.3003 0.1798
vn -0.7991 0.5241 0.2945
vn -0.9368 0.3411 0.0781
vn -0.5427 0.8324 0.1123
vn -0.0228 0.9151 0.4026
vn -0.506 0.8086 0.3001
vn -0.725 0.6007 0.3369
vn -0.0023 0.8755 0.4832
vn -0.7718 0.562 0.2974
vn -0.4581 0.8846 0.0876
vn -0.108 0.9744 0.1974
vn -0.9572 0.253 0.1406
vn -0.5917 0.7546 0.2836
vn -0.4048 0.8712 0.2779
vn -0.1056 0.6418 0.7596
vn -0.2831 0.9542 0.0968
vn -0.3332 0.9026 0.2725
vn -0.3439 0.8958 0.2815
vn -0.2268 0.9711 0.0748
vn -0.2664 0.9607 0.0786
vn -0.1332 0.9837 0.1212
vn -0.9633 0.2322 0.1346
vn -0.0806 0.6469 0.7583
vn -0.6022 0.7907 0.1105
vn -0.827 0.5499 0.1172
vn -0.5228 0.7932 0.3121
vn -0.7059 0.6676 0.2368
vn -0.6416 0.7358 0.2167
vn -0.1926 0.9781 0.0789
vn -0.9518 0.2703 0.1449
vn -0.9557 0.2546 0.1475
vn -0.0797 0.6462 0.759
vn -0.6145 0.7825 0.1003
vn -0.7803 0.6181 0.0952
vn -0.1715 0.9823 0.0746
vn -0.1102 0.9905 0.0825
vn -0.0251 0.9659 0.2578
vn -0.2269 0.9229 0.3111
vn -0.7907 0.5596 0.2484
vn -0.7544 0.6092 0.2444
vn -0.6557 0.7242 0.2134
vn -0.6067 0.7924 0.0631
vn -0.0065 0.908 0.4189
vn -0.7373 0.5947 0.3205
vn -0.7348 0.6291 0.2534
vn -0.1745 0.984 0.0368
vn -0.2207 0.9744 0.0435
vn -0.0524 0.7531 0.6558
vn -0.0505 0.6636 0.7464
vn -0.0551 0.7482 0.6611
vn -0.7459 0.6574 0.1068
vn -0.9434 0.2928 0.1555
vn -0.8848 0.4113 0.2188
vn -0.2402 0.9389 0.2466
vn -0.8737 0.4453 0.1957
vn -0.2144 0.9767 -0.0097
vn -0.6808 0.6486 0.3403
vn -0.6953 0.6335 0.3396
vn -0.8372 0.5422 0.0717
vn -0.1742 0.9537 0.245
vn -0.6093 0.753 0.2483
vn -0.848 0.4864 0.2106
vn -0.2413 0.9699 -0.0327
vn -0.2584 0.9658 0.023
vn -0.8403 0.4776 0.2566
vn -0.2875 0.9224 0.2578
vn -0.015 0.9748 0.2228
vn -0.231 0.9477 0.2203
vn -0.8137 0.521 0.2579
vn -0.9199 0.3886 0.0534
vn -0.8872 0.4166 0.1983
vn -0.427 0.9042 -0.0012
vn -0.1936 0.9451 0.2632
vn -0.0318 0.6417 0.7663
vn -0.3274 0.9449 0.0053
vn -0.8654 0.4672 0.1809
vn -0.1635 0.9863 -0.0207
vn -0.7411 0.5893 0.3217
vn -0.7729 0.6032 0.197
vn -0.7523 0.6586 0.019
vn -0.7916 0.6089 0.0511
vn -0.7786 0.5966 0.1944
vn -0.1844 0.9623 0.1998
vn -0.0434 0.9989 0.0198
vn -0.7325 0.644 0.2204
vn -0.6728 0.7124 0.1997
vn -0.3025 0.9525 -0.0354
vn -0.82 0.5327 0.2094
vn -0.9757 0.1876 0.1129
vn -0.0614 0.9975 0.0362
vn -0.0865 0.9961 0.0158
vn -0.01 0.9897 0.1426
vn -0.8874 0.4251 0.1783
vn -0.0054 0.6338 0.7735
vn -0.6207 0.7839 0.0164
vn -0.1062 0.9939 -0.0286
vn -0.3792 0.9243 -0.0434
vn -0.8082 0.5889 -0
vn -0.7939 0.6071 -0.0339
vn -0.908 0.3926 0.1466
vn -0.1247 0.9921 -0.0155
vn -0.2291 0.9477 0.222
vn -0.7188 0.6698 0.1864
vn -0.911 0.4124 -0.0027
vn -0.9231 0.3825 -0.039
vn -0.8839 0.4674 0.0174
vn -0.3521 0.9313 -0.0936
vn -0.039 0.7717 0.6348
vn -0.7089 0.7032 -0.0548
vn -0.7856 0.5497 0.2838
vn -0.1842 0.9799 -0.077
vn -0.8595 0.5091 -0.0467
vn -0.1522 0.9552 0.2539
vn -0.0416 0.6562 0.7535
vn -0.2835 0.9439 0.1696
vn -0.213 0.9636 0.1615
vn -0.9414 0.3102 0.1327
vn -0.9267 0.3451 0.1488
vn -0.8865 0.4384 0.1482
vn -0.8654 0.468 0.1789
vn -0.5457 0.8291 -0.1215
vn -0.6827 0.7157 -0.1471
vn -0.8774 0.4769 -0.052
vn -0.8478 0.5217 -0.0953
vn -0.2791 0.9441 -0.1753
vn -0.2443 0.9664 -0.0796
vn -0.9841 0.1748 0.0309
vn -0.8792 0.458 -0.1309
vn -0.0168 0.6775 0.7354
vn -0.5238 0.8346 -0.1708
vn -0.7273 0.6801 -0.0919
vn -0.2756 0.9411 -0.1959
vn -0.1838 0.9623 0.2004
vn -0.7375 0.6467 -0.1945
vn -0.0261 0.7375 0.6749
vn -0.3283 0.928 -0.176
vn -0.9678 0.2166 0.1285
vn -0.9094 0.4015 -0.1087
vn -0.8929 0.4385 -0.1026
vn -0.9632 0.262 -0.0608
vn -0.7798 0.6116 -0.1335
vn -0.3538 0.9163 -0.1876
vn -0.7403 0.6081 0.2868
vn -0.6084 0.7795 0.149
vn -0.9205 0.3813 -0.0854
vn -0.8185 0.5484 -0.1715
vn -0.9108 0.3847 0.1498
vn -0.173 0.9743 0.1441
vn -0.1478 0.9728 0.1783
vn -0.0395 0.7007 0.7124
vn -0.8578 0.4984 -0.1253
vn -0.9564 0.2501 0.1508
vn -0.0123 0.8038 0.5948
vn -0.5979 0.7747 -0.2059
vn -0.034 0.7044 0.709
vn -0.5713 0.7728 -0.2765
vn -0.7545 0.6189 -0.2183
vn -0.9672 0.2376 0.0899
vn -0.0312 0.7106 0.7029
vn -0.9204 0.3816 -0.0853
vn -0.8441 0.5109 0.1625
vn -0.1161 0.9734 0.1973
vn -0.457 0.8555 -0.2432
vn -0.5299 0.7992 -0.2836
vn -0.988 0.1538 -0.0137
vn -0.0049 0.8094 0.5872
vn -0.8013 0.5408 -0.2558
vn -0.0074 0.7926 0.6097
vn -0.8946 0.4072 -0.1843
vn -0.5353 0.7998 -0.2717
vn -0.8347 0.512 -0.2029
vn -0.8349 0.4673 -0.2907
vn -0.8647 0.4574 -0.2076
vn -0.7402 0.6082 0.2869
vn -0.6854 0.6638 0.2992
vn -0.9394 0.3214 -0.119
vn -0.9381 0.3303 0.1044
vn -0.5295 0.7682 -0.3599
vn -0.5411 0.7743 -0.3282
vn -0.9618 0.2582 -0.0912
vn -0.6026 0.7838 0.1503
vn -0.1746 0.9738 0.1457
vn -0.244 0.9597 0.1394
vn -0.926 0.3412 -0.1613
vn -0.8959 0.4055 -0.1812
vn -0.1644 0.9736 0.1584
vn -0.8808 0.4394 -0.1765
vn -0.9467 0.2937 -0.1321
vn -0.9576 0.266 -0.1104
vn -0.835 0.4673 -0.2906
vn -0.8077 0.5195 -0.2789
vn -0.1522 0.9826 0.1067
vn -0.2114 0.9714 0.1082
vn -0.9262 0.341 -0.1606
vn -0.8728 0.4175 -0.2528
vn -0.9869 0.1567 -0.0373
vn -0.8766 0.4057 -0.2587
vn -0.8767 0.4057 -0.2584
vn -0.7391 0.5584 -0.3767
vn -0.9615 0.23 -0.1503
vn -0.9596 0.2395 -0.1474
vn -0.671 0.6514 -0.3543
vn -0.9255 0.3112 -0.2158
vn -0.9205 0.3316 -0.2066
vn -0.6537 0.6488 -0.3894
vn -0.9421 0.275 -0.1919
vn -0.8919 0.4408 0.1009
vn -0.9469 0.2723 -0.1711
vn -0.781 0.5053 -0.367
vn -0.9465 0.24 -0.2156
vn -0.7276 0.5538 -0.4047
vn -0.474 0.8745 0.1024
vn -0.7244 0.5609 -0.4008
vn -0.7216 0.5385 -0.4352
vn -0.9201 0.3759 0.11
vn -0.9343 0.3084 0.1789
vn -0.9595 0.2029 -0.1955
vn -0.9185 0.2672 -0.2915
vn -0.972 0.183 -0.1475
vn -0.9271 0.2653 -0.2647
vn -0.7718 0.4674 -0.4311
vn -0.7776 0.4744 -0.4125
vn -0.4128 0.9071 0.0826
vn -0.942 0.2384 -0.2362
vn -0.3979 0.9128 0.0917
vn -0.9585 0.2453 0.1449
vn -0.8508 0.3588 -0.3839
vn -0.9603 0.1983 -0.196
vn -0.9175 0.3835 0.1056
vn -0.8588 0.3543 -0.3701
vn -0.8253 0.391 -0.4074
vn -0.8988 0.423 0.1154
vn -0.9757 0.1499 -0.1596
vn -0.8206 0.3886 -0.4191
vn -0.8986 0.43 0.0873
vn -0.9372 0.2038 -0.2831
vn -0.958 0.1867 -0.2175
vn -0.9733 0.1321 -0.1875
vn -0.9269 0.232 -0.2951
vn -0.9616 0.2533 0.1061
vn -0.9494 0.1855 -0.2534
vn -0.9244 0.2326 -0.3022
vn -0.9606 0.2635 0.0889
vn -0.9603 0.1483 -0.2365
vn -0.9593 0.1483 -0.2401
vn -0.8611 0.3191 -0.3958
vn -0.8662 0.3198 -0.3839
vn -0.9743 0.1067 -0.1984
vn -0.9279 0.203 -0.3128
vn -0.8705 0.481 0.1046
vn -0.9432 0.1617 -0.2902
vn -0.4528 0.8902 0.0501
vn -0.9048 0.2326 -0.3567
vn -0.925 0.1887 -0.3297
vn -0.965 0.2492 0.0822
vn -0.9852 0.0587 -0.1612
vn -0.9854 0.0587 -0.1601
vn -0.9448 0.2816 0.1672
vn -0.3434 0.9383 0.0398
vn -0.9919 0.0406 -0.1204
vn -0.993 0.0306 -0.1137
vn -0.9895 0.0364 -0.1399
vn -0.9715 0.0863 -0.2207
vn -0.9964 0.0137 -0.084
vn -0.5011 0.8645 0.0393
vn -0.9937 0.0184 -0.1108
vn -0.2653 0.964 0.0173
vn -0.9296 0.3218 0.1797
vn -0.8741 0.3834 0.2983
vn -0.8693 0.4838 0.1009
vn -0.3208 0.9456 0.055
vn -0.4304 0.6916 0.58
vn -0.4466 0.6919 0.5673
vn -0.9564 0.2805 0.0819
vn -0.4443 0.7261 0.5247
vn -0.3074 0.6944 0.6506
vn -0.9567 0.2489 0.1511
vn -0.937 0.3004 0.1783
vn -0.9476 0.3046 0.0962
vn -0.885 0.4109 0.2188
vn -0.3538 0.8152 0.4585
vn -0.2864 0.8343 0.471
vn -0.5332 0.8433 0.0667
vn -0.3058 0.8109 0.499
vn -0.869 0.444 0.2184
vn -0.2632 0.8109 0.5227
vn -0.9665 0.2423 0.085
vn -0.2401 0.8352 0.4948
vn -0.8227 0.5591 0.1027
vn -0.8074 0.5284 0.2624
vn -0.1763 0.8054 0.5658
vn -0.307 0.8463 0.4353
vn -0.9083 0.3691 0.197
vn -0.0144 0.9548 0.2968
vn -0.2275 0.873 0.4314
vn -0.1977 0.852 0.4847
vn -0.906 0.4111 0.1003
vn -0.9115 0.4092 0.0422
vn -0.2487 0.856 0.4533
vn -0.1867 0.8664 0.4631
vn -0.8972 0.3896 0.2079
vn -0.1253 0.8313 0.5415
vn -0.1468 0.797 0.5859
vn -0.1117 0.8288 0.5483
vn -0.966 0.244 0.0854
vn -0.1416 0.7732 0.6182
vn -0.5485 0.8342 0.0567
vn -0.8252 0.5162 0.2292
vn -0.2361 0.8758 0.4209
vn -0.972 0.2177 0.0881
vn -0.1492 0.887 0.4369
vn -0.1494 0.8543 0.4979
vn -0.1502 0.8549 0.4966
vn -0.133 0.7363 0.6635
vn -0.3092 0.8967 0.3167
vn -0.7818 0.5786 0.2323
vn -0.1147 0.7496 0.6519
vn -0.0717 0.9918 0.1061
vn -0.1244 0.8628 0.4899
vn -0.4028 0.9151 0.0181
vn -0.1829 0.9023 0.3905
vn -0.1135 0.6996 0.7054
vn -0.9564 0.2899 0.0357
vn -0.1103 0.7442 0.6588
vn -0.1093 0.7918 0.6009
vn -0.1248 0.9918 0.0259
vn -0.0039 0.9333 0.3591
vn -0.2125 0.9137 0.3464
vn -0.1809 0.9115 0.3693
vn -0.0697 0.9923 0.1023
vn -0.124 0.8624 0.4908
vn -0.5385 0.8424 0.0191
vn -0.5543 0.7994 0.232
vn -0.7849 0.5755 0.2295
vn -0.0915 0.8529 0.514
vn -0.9445 0.3228 0.0612
vn -0.1407 0.9054 0.4005
vn -0.7438 0.6321 0.2173
vn -0.1511 0.9867 0.0599
vn -0.546 0.804 0.2354
vn -0.4971 0.8417 0.2106
vn -0.0909 0.811 0.5779
vn -0.0851 0.8584 0.5059
vn -0.0921 0.8893 0.4479
vn -0.0915 0.7852 0.6124
vn -0.0948 0.8038 0.5873
vn -0.3524 0.9358 0.0008
vn -0.1114 0.9308 0.3481
vn -0.8622 0.5041 0.0508
vn -0.0877 0.8948 0.4378
vn -0.165 0.9311 0.3252
vn -0.0693 0.8075 0.5858
vn -0.4701 0.8557 0.2163
vn -0.9237 0.3767 0.0704
vn -0.9098 0.4147 -0.0167
vn -0.8978 0.4361 0.0614
vn -0.5341 0.8266 0.1774
vn -0.9587 0.2827 0.0307
vn -0.1101 0.9336 0.3409
vn -0.4344 0.8751 0.2134
vn -0.3375 0.9169 0.2131
vn -0.3686 0.9088 0.1955
vn -0.3052 0.9333 0.1893
vn -0.3306 0.9173 0.2219
vn -0.6 0.7749 0.1987
vn -0.0776 0.9072 0.4135
vn -0.0772 0.9423 0.3258
vn -0.0572 0.7797 0.6235
vn -0.9387 0.3429 0.0344
vn -0.4032 0.9148 -0.0216
vn -0.8879 0.459 0.0316
vn -0.9407 0.3371 0.0372
vn -0.0555 0.8502 0.5235
vn -0.0157 0.9539 0.2997
vn -0.1057 0.9578 0.2674
vn -0.0475 0.8135 0.5797
vn -0.4926 0.8699 -0.0253
vn -0.0694 0.9604 0.2699
vn -0.9803 0.1911 0.0508
vn -0.5363 0.8255 0.1758
vn -0.4291 0.8913 0.1467
vn -0.8283 0.5602 -0.0084
vn -0.0686 0.9358 0.3457
vn -0.1139 0.9747 0.1925
vn -0.1004 0.9621 0.2534
vn -0.5717 0.8202 -0.0212
vn -0.8194 0.551 0.1582
vn -0.0454 0.9553 0.292
vn -0.0209 0.8811 0.4725
vn -0.5104 0.8599 -0.0074
vn -0.9803 0.1912 0.0494
vn -0.7523 0.6416 0.1496
vn -0.0653 0.9748 0.2134
vn -0.7647 0.6241 0.1606
vn -0.1764 0.9843 -0.002
vn -0.6699 0.7325 0.1215
vn -0.6849 0.7123 0.1536
vn -0.0248 0.9465 0.3219
vn -0.0249 0.9337 0.3573
vn -0.0265 0.9409 0.3378
vn -0.01 0.9963 0.0848
vn -0.0603 0.9815 0.1815
vn -0.0603 0.9816 0.1814
vn -0.9724 0.2267 0.0558
vn -0.9653 0.257 0.0467
vn -0.003 0.9681 0.2506
vn -0.0119 0.9912 0.1317
vn -0.0314 0.9617 0.2724
vn -0.6571 0.7472 0.0989
vn -0.94 0.3395 0.0326
vn -0.9539 0.2994 -0.0195
vn -0.7361 0.67 0.0962
vn -0.0896 0.9843 0.1521
vn -0.0026 0.9799 0.1996
vn -0.0062 0.9741 0.2262
vn -0.9752 0.1232 0.184
vn -0.7876 0.6064 0.1092
vn -0.9809 0.0885 0.1732
vn -0.9686 0.1414 0.2045
vn -0.1191 0.9877 0.1016
vn -0.1714 0.9791 -0.1095
vn -0.0277 0.9787 0.2032
vn -0.0372 0.9836 0.1763
vn -0.9605 0.2733 0.0531
vn -0.6786 0.7299 0.0826
vn -0.7929 0.6073 0.0503
vn -0.9661 0.1441 0.2143
vn -0.9355 0.3533 -0.0035
vn -0.9545 0.1734 0.2424
vn -0.0049 0.987 0.1606
vn -0.0315 0.993 0.1138
vn -0.0125 0.98 0.1986
vn -0.0123 0.9802 0.1978
vn -0.0343 0.9898 0.1385
vn 0.0043 0.992 0.1261
vn -0.5541 0.8299 -0.0655
vn -0.6916 0.7221 0.0124
vn -0.6381 0.7696 -0.026
vn -0.6943 0.7194 0.0196
vn -0.9832 0.1187 0.1385
vn -0.1093 0.993 0.0444
vn -0.6259 0.7791 0.0367
vn -0.3003 0.9515 -0.0662
vn -0.0458 0.9976 0.0527
vn -0.2561 0.9651 -0.0542
vn -0.0235 0.9959 0.0878
vn -0.9492 0.1773 0.2599
vn -0.7456 0.6651 -0.0422
vn -0.7216 0.6915 0.0347
vn -0.9775 0.2107 0.0121
vn -0.9726 0.2251 0.0587
vn -0.4423 0.8952 -0.0548
vn -0.863 0.5017 -0.0595
vn -0.9722 0.1658 0.1653
vn -0.9675 0.2525 0.0139
vn -0.6797 0.7324 -0.0409
vn -0.6176 0.7818 -0.0857
vn -0.7501 0.6606 -0.0309
vn -0.8906 0.4502 -0.0644
vn -0.9016 0.4309 -0.0365
vn -0.9667 0.167 0.1941
vn -0.5105 0.8581 -0.0547
vn -0.8152 0.5738 -0.079
vn -0.7533 0.6477 -0.1139
vn -0.763 0.6382 -0.1027
vn -0.941 0.3324 -0.063
vn -0.948 0.3109 -0.0683
vn -0.4461 0.8871 -0.1188
vn -0.935 0.3545 -0.0062
vn -0.345 0.9348 -0.0844
vn -0.9745 0.2244 -0.0091
vn -0.5951 0.7781 -0.201
vn -0.6186 0.7808 -0.0876
vn -0.4537 0.8735 -0.1767
vn -0.3857 0.9078 -0.1648
vn -0.9702 0.2421 0.0008
vn -0.4594 0.8533 -0.2465
vn -0.338 0.9364 -0.0941
vn -0.9843 0.1665 0.0579
vn -0.4026 0.8692 -0.2872
vn -0.9568 0.2906 0.0099
vn -0.9328 0.1927 0.3047
vn -0.9347 0.2336 0.2677
vn -0.9816 0.1896 -0.0208
vn -0.6133 0.7195 -0.3259
vn -0.4479 0.8498 -0.2777
vn -0.9776 0.2103 0.0135
vn -0.4196 0.898 -0.1324
vn -0.904 0.3804 -0.1951
vn -0.949 0.1823 0.2572
vn -0.9264 0.2538 0.2782
vn -0.5917 0.7039 -0.3929
vn -0.9643 0.1924 0.1819
vn -0.6208 0.7094 -0.3336
vn -0.7841 0.4977 -0.3707
vn -0.9697 0.2418 -0.0345
vn -0.7703 0.4933 -0.4042
vn -0.9453 0.2186 -0.2423
vn -0.9888 0.1458 0.0328
vn -0.9728 0.1646 0.1631
vn -0.9245 0.203 -0.3226
vn -0.8956 0.2445 -0.3716
vn -0.9532 0.3014 -0.0241
vn -0.9653 0.2599 -0.0264
vn -0.4768 0.865 -0.1565
vn -0.9307 0.2129 0.2975
vn -0.9842 0.1741 0.0335
vn -0.87 0.4169 0.2631
vn -0.761 0.5571 0.3325
vn -0.162 0.7736 0.6126
vn -0.5353 0.8152 -0.2211
vn -0.1535 0.7364 0.6589
vn -0.1542 0.739 0.6558
vn -0.5129 0.8332 -0.2068
vn -0.1412 0.7711 0.6209
vn -0.9484 0.3101 -0.0664
vn -0.9081 0.2642 0.3249
vn -0.3253 0.8617 0.3895
vn -0.2921 0.8861 0.3597
vn -0.8987 0.2932 0.326
vn -0.2536 0.8918 0.3747
vn -0.1886 0.9036 0.3847
vn -0.1223 0.8668 0.4835
vn -0.96 0.266 -0.0874
vn -0.0467 0.9183 0.3931
vn -0.0584 0.8741 0.4822
vn -0.3741 0.9193 0.1223
vn -0.4414 0.8849 0.1485
vn -0.0409 0.8944 0.4454
vn -0.5422 0.8201 0.1831
vn -0.0444 0.937 0.3464
vn -0.9807 0.1957 -0.002
vn -0.8193 0.5671 -0.0849
vn -0.8131 0.5586 -0.1636
vn -0.9888 0.1456 0.0334
vn -0.6974 0.6937 -0.1798
vn -0.9883 0.1525 -0.0016
vn -0.9936 0.1121 0.0142
vn -0.6467 0.7268 -0.2312
vn -0.658 0.7429 -0.1234
vn -0.8569 0.4994 -0.1278
vn -0.968 0.1903 0.1637
vn -0.7059 0.653 -0.2743
vn -0.9772 0.2093 -0.0345
vn -0.6363 0.7401 -0.2178
vn -0.773 0.5788 -0.2596
vn -0.7798 0.5751 -0.2474
vn -0.7196 0.6439 -0.2598
vn -0.6845 0.6786 -0.2661
vn -0.6699 0.6533 -0.3527
vn -0.9746 0.2135 -0.0669
vn -0.7807 0.537 -0.3196
vn -0.7073 0.6284 -0.3237
vn -0.7374 0.5867 -0.3346
vn -0.8341 0.4647 0.2973
vn -0.0498 0.8453 0.5319
vn -0.0381 0.8722 0.4876
vn -0.0448 0.9376 0.3447
vn -0.9544 0.2152 0.2068
vn -0.9793 0.1991 -0.0378
vn -0.8919 0.2732 0.3604
vn -0.8398 0.4548 -0.2965
vn -0.9719 0.209 -0.1082
vn -0.8949 0.3602 -0.2635
vn -0.9738 0.2167 -0.0687
vn -0.9713 0.2293 -0.0636
vn -0.9054 0.3005 0.2998
vn -0.8362 0.3475 0.4243
vn -0.9945 0.1001 0.0305
vn -0.9659 0.1972 0.1677
vn -0.8556 0.4025 -0.3256
vn -0.8636 0.3332 0.3784
vn -0.9297 0.2751 0.245
vn -0.9515 0.2084 0.2263
vn -0.9256 0.2538 0.2808
vn -0.9813 0.174 -0.0822
vn -0.983 0.162 -0.0865
vn -0.9116 0.3003 -0.2808
vn -0.8914 0.3157 0.3252
vn -0.8155 0.4384 -0.3778
vn -0.9246 0.297 -0.2384
vn -0.8756 0.3588 -0.3235
vn -0.9028 0.3276 -0.2787
vn -0.9945 0.1037 -0.0115
vn -0.9561 0.2199 0.1935
vn -0.8167 0.4358 -0.3783
vn -0.9803 0.1639 -0.11
vn -0.9831 0.1319 -0.1268
vn -0.8941 0.2974 -0.3347
vn -0.9462 0.2461 0.2099
vn -0.8972 0.3268 -0.297
vn -0.8136 0.4346 -0.3861
vn -0.9742 0.1955 -0.1125
vn -0.9888 0.1489 -0.003
vn -0.9911 0.1268 -0.0394
vn -0.8989 0.2762 -0.3401
vn -0.995 0.0995 -0.0064
vn -0.9929 0.111 -0.0434
vn -0.9982 0.0597 -0.0114
vn -0.9943 0.0979 -0.0423
vn -0.9867 0.1567 -0.0438
vn -0.9974 0.0664 -0.0275
vn -0.8846 0.3213 0.3379
vn -0.891 0.2679 -0.3666
vn -0.9029 0.257 -0.3447
vn -0.9746 0.1325 -0.1805
vn -0.9957 0.0924 0.006
vn -0.9988 0.0452 -0.0163
vn -0.9974 0.0719 0.0027
vn -0.9963 0.071 -0.0491
vn -0.9957 0.0614 -0.0693
vn -0.9952 0.0961 -0.018
vn -0.9056 0.3004 0.2994
vn -0.9848 0.0931 -0.1466
vn -0.9346 0.2681 0.2338
vn -0.8437 0.3441 0.412
vn -0.9956 0.0631 -0.0697
vn -0.9787 0.0879 -0.1853
vn -0.9945 0.0441 -0.0947
vn -0.9431 0.1618 -0.2906
vn -0.9175 0.1959 -0.3461
vn -0.8293 0.4049 0.3851
vn -0.867 0.3347 0.3691
vn -0.9856 0.0956 -0.1392
vn -0.9906 0.1189 -0.067
vn -0.9865 0.1516 -0.0623
vn -0.8727 0.3601 0.3298
vn -0.9448 0.1453 -0.2937
vn -0.9922 0.0614 -0.1087
vn -0.9991 0.0254 -0.0333
vn -0.9981 0.0462 -0.0415
vn -0.8905 0.3454 0.296
vn -0.9508 0.2448 0.1897
vn -0.9434 0.1461 -0.2977
vn -0.9072 0.3275 0.2643
vn -0.926 0.2759 0.2577
vn -0.9933 0.1049 -0.0477
vn -0.9576 0.122 -0.2609
vn -0.9697 0.1925 0.1503
vn -0.9928 0.0982 -0.0688
vn -0.9856 0.1411 -0.0932
vn -0.9895 0.1104 -0.093
vn -0.949 0.25 0.1922
vn -0.9988 0.0194 -0.0457
vn -0.958 0.1172 -0.2618
vn -0.9927 0.0994 -0.0685
vn -0.9869 0.1264 -0.1
vn -0.8644 0.3674 0.3432
vn -0.8081 0.4193 0.4138
vn -0.9919 0.0789 -0.0992
vn -0.9312 0.2897 0.2215
vn -0.5452 0.1638 -0.8221
vn -0.9641 0.1071 -0.2429
vn -0.9991 0.0409 0.0092
vn -0.9675 0.0914 -0.2359
vn -0.9771 0.0661 -0.2024
vn -0.9841 0.1023 -0.1449
vn -0.9776 0.0655 -0.2001
vn -0.8815 0.3534 0.313
vn -0.9959 0.0268 -0.0863
vn -0.9847 0.0445 -0.1685
vn -0.9986 0.0163 -0.0512
vn -0.9386 0.2714 0.2128
vn -0.9894 0.063 -0.1306
vn -0.9917 0.0829 -0.0987
vn -0.9776 0.0652 -0.2002
vn -0.7789 0.4438 0.4431
vn -0.8363 0.4067 0.3677
vn -0.985 0.0441 -0.1667
vn -0.9818 0.0631 -0.1792
vn -0.6651 0.4968 0.5576
vn -0.8665 0.397 0.3025
vn -0.9989 0.0453 -0.0141
vn -0.8181 0.4335 0.3779
vn -0.9934 0.0184 -0.1136
vn -0.9977 0.0486 -0.0482
vn -0.9951 0.0126 -0.0976
vn -0.7645 0.4653 0.4462
vn -0.9973 0.0167 -0.0719
vn -0.9899 0.0331 -0.1382
vn -0.9094 0.3285 0.2549
vn -0.9608 0.1198 -0.2501
vn -0.9991 0.0072 -0.0418
vn -0.9998 0.0044 -0.0208
vn -0.9925 0.022 -0.1201
vn -0.9934 0.0253 -0.1115
vn -0.9992 0.0012 -0.0408
vn -0.9975 0.0508 -0.0489
vn -0.9962 0.0171 -0.085
vn -0.6981 0.5019 0.5107
vn -0.9692 0.1036 -0.2235
vn -0.9976 0.0067 -0.0689
vn -0.8738 0.3836 0.2988
vn -0.9976 0.007 -0.0687
vn -0.998 0.0041 -0.0625
vn -0.849 0.4056 0.3387
vn -0.9993 0.0047 -0.0377
vn -0.9995 0.0016 -0.0323
vn -1 0.0017 -0.0007
vn -0.9661 0.2101 0.1499
vn -0.9995 0.0297 -0.0098
vn -1 -0.0002 -0.0077
vn -0.9106 0.326 0.2539
vn -0.821 0.4341 0.3709
vn -0.9514 0.1964 0.2371
vn -0.9683 0.162 0.1903
vn -0.7954 0.445 0.4114
vn -0.9107 0.3381 0.2373
vn -0.9398 0.2392 0.2441
vn -0.7743 0.4194 0.4738
vn -0.8664 0.397 0.303
vn -0.8219 0.3769 0.4272
vn -0.9349 0.2964 0.1955
vn -0.7814 0.4093 0.4711
vn -0.8372 0.4319 0.3356
vn -0.9073 0.344 0.2417
vn -0.9008 0.3702 0.2268
vn -0.6565 0.603 0.4532
vn -0.7427 0.4341 0.5099
vn -0.489 0.6718 0.5563
vn -0.7209 0.4551 0.5227
vn -0.7301 0.4687 0.4973
vn -0.7903 0.4296 0.4368
vn -0.5232 0.6754 0.5197
vn -0.7328 0.5774 0.3602
vn -0.3795 0.7035 0.6008
vn -0.7257 0.4526 0.5182
vn -0.3861 0.7042 0.5958
vn -0.4658 0.6967 0.5455
vn -0.5025 0.6933 0.5165
vn -0.7848 0.4685 0.4058
vn -0.9708 0.0892 -0.2227
vn -0.4543 0.7271 0.5147
vn -0.7575 0.5022 0.4171
vn -0.4203 0.72 0.5522
vn -0.7191 0.5163 0.4651
vn -0.323 0.7195 0.6148
vn -0.3816 0.7353 0.5601
vn -0.4059 0.7221 0.5602
vn -0.5599 0.7048 0.4356
vn -0.6476 0.5019 0.5733
vn -0.5412 0.7232 0.4291
vn -0.2873 0.7105 0.6424
vn -0.7514 0.493 0.4386
vn -0.7083 0.5333 0.4625
vn -0.3891 0.7603 0.5201
vn -0.9995 0.0307 -0.0124
vn -0.7055 0.5011 0.5012
vn -0.332 0.7332 0.5935
vn -0.2368 0.7041 0.6695
vn -0.2509 0.6932 0.6757
vn -0.9968 0.045 -0.0653
vn -0.2785 0.7093 0.6475
vn -0.667 0.5716 0.4779
vn -0.9998 0.0111 -0.0141
vn -0.5988 0.5568 0.5757
vn -0.2746 0.747 0.6054
vn -0.2781 0.7479 0.6028
vn -1 0.0094 0.0011
vn -0.3164 0.7461 0.5858
vn -0.6626 0.5089 0.5495
vn -0.9995 0.021 -0.0217
vn -0.5025 0.7208 0.4774
vn -0.9725 0.1957 0.1259
vn -0.4718 0.7612 0.4449
vn -0.9972 0.0337 -0.0668
vn -0.3389 0.774 0.5349
vn -0.7314 0.515 0.4471
vn -0.4336 0.7676 0.4721
vn -0.9145 0.3542 0.1956
vn -0.2084 0.6984 0.6847
vn -0.3201 0.7733 0.5474
vn -0.4136 0.7691 0.4873
vn -0.3627 0.7825 0.5061
vn -0.3518 0.7587 0.5483
vn -0.2033 0.6889 0.6958
vn -0.6438 0.5521 0.5298
vn -0.9483 0.2603 0.1816
vn -0.9344 0.309 0.1772
vn -0.8565 0.4575 0.2388
vn -0.9089 0.3642 0.2032
vn -0.3985 0.8011 0.4465
vn -0.5928 0.5532 0.5852
vn -0.2893 0.8062 0.516
vn -0.8571 0.464 0.2237
vn -0.6842 0.537 0.4935
vn -0.727 0.5252 0.4424
vn -0.1919 0.739 0.6458
vn -0.9347 0.2972 0.1948
vn -0.9617 0.227 0.1538
vn -0.9085 0.3413 0.2412
vn -0.6183 0.5913 0.5178
vn -0.6436 0.552 0.5301
vn -0.1856 0.7018 0.6878
vn -0.4056 0.8044 0.4341
vn -0.3179 0.8494 0.4213
vn -0.3907 0.8214 0.4155
vn -0.3938 0.8385 0.3767
vn -0.9897 0.0295 -0.1399
vn -0.5538 0.6076 0.5692
vn -0.5721 0.6075 0.5511
vn -0.1834 0.7326 0.6555
vn -0.9871 0.0336 -0.1567
vn -0.8755 0.401 0.2698
vn -0.9999 0.003 -0.0128
vn -0.8383 0.4462 0.3132
vn -0.8533 0.4687 0.2286
vn -0.7744 0.5778 0.2578
vn -0.5457 0.5978 0.5872
vn -0.7371 0.6134 0.2836
vn -0.2081 0.8341 0.5108
vn -0.9996 0.0104 -0.0248
vn -0.665 0.5723 0.4799
vn -0.9546 0.2497 0.1627
vn -0.8548 0.4272 0.2947
vn -0.1656 0.8225 0.5441
vn -0.2046 0.7996 0.5646
vn -0.3898 0.8428 0.3711
vn -0.1831 0.8296 0.5274
vn -0.4881 0.6041 0.63
vn -0.9589 0.2283 0.1684
vn -0.8813 0.4234 0.2097
vn -0.8803 0.4177 0.225
vn -0.9394 0.2688 0.213
vn -0.9479 0.2617 0.1818
vn -0.8212 0.4783 0.3112
vn -0.1653 0.8223 0.5446
vn -0.3978 0.8578 0.3254
vn -0.3008 0.8517 0.4291
vn -0.8466 0.4838 0.2217
vn -0.925 0.3042 0.2275
vn -0.169 0.6856 0.7081
vn -0.9312 0.3065 0.1973
vn -0.7806 0.5204 0.3462
vn -0.166 0.6882 0.7063
vn -0.8257 0.4511 0.3389
vn -0.5029 0.6218 0.6003
vn -0.4873 0.6463 0.5872
vn -0.4438 0.8347 0.3261
vn -0.148 0.6341 0.7589
vn -0.7785 0.5026 0.3761
vn -0.1417 0.6767 0.7225
vn -0.7891 0.4874 0.3739
vn -0.3946 0.8608 0.3215
vn -0.7799 0.5314 0.3307
vn -0.8223 0.4829 0.3011
vn -0.5902 0.7611 0.2692
vn -0.9138 0.3412 0.2201
vn -0.1961 0.8781 0.4364
vn -0.719 0.5616 0.4094
vn -0.7327 0.5433 0.41
vn -0.6697 0.5897 0.4515
vn -0.5557 0.647 0.5222
vn -0.5716 0.7718 0.2784
vn -0.619 0.597 0.5102
vn -0.6015 0.6259 0.4964
vn -0.5973 0.6221 0.5061
vn -0.3326 0.8806 0.3375
vn -0.5644 0.6466 0.5132
vn -0.4936 0.6716 0.5526
vn -0.498 0.6628 0.5591
vn -0.5845 0.6461 0.4908
vn -0.4449 0.6615 0.6037
vn -0.5944 0.6491 0.4748
vn -0.77 0.5255 0.3618
vn -0.6129 0.7408 0.2747
vn -0.4208 0.647 0.6359
vn -0.6455 0.7251 0.2398
vn -0.677 0.6325 0.3762
vn -0.3883 0.7004 0.5989
vn -0.3681 0.6703 0.6443
vn -0.9664 0.2259 0.1224
vn -0.6178 0.6475 0.4462
vn -0.6855 0.6214 0.3794
vn -0.5906 0.67 0.4497
vn -0.5586 0.6821 0.4719
vn -0.7243 0.5764 0.3783
vn -0.5297 0.6854 0.4996
vn -0.4458 0.6605 0.6041
vn -0.5022 0.8262 0.2554
vn -0.5204 0.8091 0.2732
vn -0.9554 0.2508 0.1559
vn -0.6829 0.6031 0.4123
vn -0.6671 0.619 0.4146
vn -0.3065 0.6941 0.6514
vn -0.4991 0.7201 0.4821
vn -0.6031 0.6805 0.4161
vn -0.6171 0.6749 0.4045
vn -0.3535 0.6895 0.6322
vn -0.2442 0.9096 0.3362
vn -0.2636 0.9245 0.2754
vn -0.9361 0.3099 0.1666
vn -0.9086 0.3767 0.1805
vn -0.9286 0.3312 0.1672
vn -0.2614 0.9255 0.2742
vn -0.1334 0.9125 0.3868
vn -0.3952 0.8782 0.2694
vn -0.4815 0.8372 0.2594
vn -0.0834 0.754 0.6516
vn -0.0929 0.6889 0.7189
vn -0.0957 0.6995 0.7082
vn -0.2056 0.9319 0.299
vn -0.9632 0.2415 0.1177
vn -0.2438 0.7353 0.6324
vn -0.0654 0.7106 0.7005
vn -0.0777 0.7596 0.6458
vn -0.3384 0.9163 0.2143
vn -0.8121 0.5423 0.2153
vn -0.8509 0.4776 0.2188
vn -0.9592 0.2409 0.1478
vn -0.6075 0.6988 0.3776
vn -0.9619 0.245 0.1209
vn -0.9747 0.1883 0.1201
vn -0.06 0.7004 0.7113
vn -0.867 0.4288 0.2538
vn -0.2268 0.7565 0.6134
vn -0.0666 0.8034 0.5917
vn -0.908 0.3838 0.1682
vn -0.5933 0.7106 0.3782
vn -0.0667 0.8401 0.5383
vn -0.6072 0.6989 0.378
vn -0.1407 0.9387 0.3146
vn -0.9383 0.2956 0.1794
vn -0.4749 0.7617 0.4409
vn -0.5891 0.7826 0.2013
vn -0.234 0.769 0.5948
vn -0.0933 0.9434 0.3182
vn -0.3393 0.8073 0.4829
vn -0.6449 0.6811 0.3468
vn -0.4242 0.8824 0.2033
vn -0.9726 0.1952 0.126
vn -0.9656 0.2217 0.136
vn -0.256 0.7942 0.5511
vn -0.2202 0.7958 0.5641
vn -0.2803 0.7749 0.5665
vn -0.9542 0.2722 0.1239
vn -0.9494 0.2838 0.1345
vn -0.5354 0.7467 0.3948
vn -0.1955 0.7717 0.6052
vn -0.1397 0.9385 0.3157
vn -0.2197 0.7956 0.5646
vn -0.4683 0.7865 0.4027
vn -0.5416 0.8204 0.1835
vn -0.1886 0.7424 0.6428
vn -0.8135 0.5213 0.2578
vn -0.8613 0.4737 0.1836
vn -0.9159 0.3447 0.2054
vn -0.5823 0.7316 0.3545
vn -0.5505 0.7424 0.3819
vn -0.2608 0.9458 0.1937
vn -0.0279 0.7452 0.6663
vn -0.9027 0.398 0.1635
vn -0.9332 0.3216 0.1602
vn -0.0583 0.8837 0.4645
vn -0.0655 0.8694 0.4897
vn -0.1825 0.7604 0.6233
vn -0.4693 0.7856 0.4033
vn -0.8243 0.4893 0.2847
vn -0.914 0.3489 0.2071
vn -0.1298 0.9621 0.24
vn -0.0361 0.8576 0.5131
vn -0.6426 0.7033 0.3041
vn -0.6275 0.7131 0.3127
vn -0.8178 0.5228 0.2405
vn -0.4755 0.8606 0.1822
vn -0.6761 0.671 0.3043
vn -0.8623 0.4374 0.2551
vn -0.8001 0.5738 0.1751
vn -0.6941 0.6729 0.2558
vn -0.2676 0.9511 0.1541
vn -0.484 0.7992 0.3565
vn -0.3288 0.9314 0.1559
vn -0.0247 0.8269 0.5618
vn -0.0458 0.8115 0.5825
vn -0.4444 0.8847 0.1411
vn -0.9108 0.3564 0.2084
vn -0.31 0.9418 0.1299
vn -0.712 0.679 0.1788
vn -0.69 0.6778 0.254
vn -0.6336 0.7557 0.1656
vn -0.6501 0.7424 0.1623
vn -0.5379 0.7693 0.3448
vn -0.05 0.949 0.3113
vn -0.0319 0.8543 0.5188
vn -0.6333 0.7265 0.2665
vn -0.787 0.5334 0.31
vn -0.6166 0.7221 0.3138
vn -0.9519 0.289 0.1018
vn -0.0479 0.9231 0.3816
vn -0.5619 0.7593 0.3282
vn -0.7881 0.5974 0.1483
vn -0.5601 0.6734 0.4826
vn -0.1778 0.7811 0.5985
vn -0.8318 0.408 0.3763
vn -0.3469 0.8746 0.3388
vn -0.0888 0.4041 0.9104
vn -0.9817 0.1321 0.1368
vn -0.4856 0.4665 0.7393
vn -0.5127 0.437 0.739
vn -0.2055 0.7374 0.6435
vn -0.6223 0.5976 0.5056
vn -0.47 0.4297 0.771
vn -0.9588 0.1967 0.205
vn -0.0979 0.4618 0.8815
vn -0.2621 0.646 0.7169
vn -0.1048 0.5815 0.8068
vn -0.3694 0.8435 0.3898
vn -0.0924 0.5341 0.8404
vn -0.0769 0.4415 0.894
vn -0.0717 0.4228 0.9034
vn -0.5728 0.4796 0.6648
vn -0.5677 0.4846 0.6655
vn -0.0789 0.5057 0.8591
vn -0.0877 0.4967 0.8635
vn -0.2517 0.7047 0.6634
vn -0.0548 0.3991 0.9153
vn -0.0401 0.4059 0.913
vn -0.0587 0.8473 0.5278
vn -0.0618 0.8465 0.5288
vn -0.7076 0.508 0.4911
vn -0.2543 0.6681 0.6993
vn -0.3015 0.9 0.3148
vn -0.0073 0.8688 0.4951
vn -0.5168 0.4739 0.713
vn -0.0571 0.4687 0.8815
vn -0.0449 0.401 0.915
vn -0.0028 0.4 0.9165
vn -0.4482 0.7665 0.4601
vn -0.4695 0.7478 0.4694
vn -0.3592 0.4481 0.8186
vn -0.0651 0.5552 0.8291
vn -0.5486 0.674 0.4947
vn -0.0767 0.5982 0.7977
vn -0.0346 0.4365 0.899
vn -0.396 0.4275 0.8127
vn -0.0366 0.4348 0.8998
vn -0.417 0.4104 0.811
vn -0.2778 0.6115 0.7409
vn -0.624 0.4869 0.6112
vn -0.3779 0.8264 0.4174
vn -0.2409 0.6944 0.678
vn -0.0579 0.4702 0.8807
vn -0.3256 0.4906 0.8083
vn -0.3408 0.4784 0.8093
vn -0.4997 0.7166 0.4866
vn -0.0443 0.5085 0.8599
vn -0.389 0.8106 0.4377
vn -0.4117 0.7984 0.4394
vn -0.7805 0.433 0.4508
vn -0.3779 0.4347 0.8174
vn -0.3873 0.4242 0.8186
vn -0.0717 0.5927 0.8023
vn -0.2084 0.9511 0.2278
vn -0.9439 0.2382 0.2288
vn -0.0074 0.4322 0.9017
vn -0.1102 0.8033 0.5853
vn -0.1082 0.8043 0.5843
vn -0.1957 0.7123 0.674
vn -0.0491 0.5355 0.8431
vn -0.0317 0.4935 0.8692
vn -0.0456 0.5433 0.8383
vn -0.3109 0.5215 0.7946
vn -0.0087 0.4759 0.8794
vn -0.007 0.8589 0.5121
vn -0.0374 0.6073 0.7936
vn -0.2595 0.6371 0.7258
vn -0.0491 0.5794 0.8135
vn -0.001 0.4872 0.8733
vn -0.2912 0.5598 0.7758
vn -0.2809 0.5692 0.7727
vn -0.1709 0.7588 0.6285
vn -0.0296 0.5957 0.8026
vn -0.0178 0.5233 0.8519
vn 0.0003 0.5413 0.8408
vn -0.6005 0.6078 0.5196
vn -0.2745 0.6046 0.7477
vn -0.5929 0.6173 0.5171
vn -0.2106 0.9501 0.23
vn -0.0323 0.844 0.5353
vn -0.0151 0.5737 0.8189
vn -0.4516 0.4583 0.7655
vn -0.3701 0.4289 0.8241
vn -0.012 0.5679 0.823
vn -0.4083 0.7825 0.4701
vn -0.0149 0.6148 0.7886
vn -0.7036 0.696 0.1432
vn -0.6955 0.6953 0.1813
vn -0.6195 0.7661 0.1715
vn -0.658 0.7356 0.1613
vn -0.6113 0.7516 0.2479
vn -0.4682 0.8499 0.2416
vn -0.4575 0.852 0.2545
vn -0.6984 0.6422 0.3159
vn -0.7008 0.6442 0.3065
vn -0.4165 0.4432 0.7938
vn -0.8548 0.4425 0.2711
vn -0.4435 0.4168 0.7935
vn -0.8512 0.4486 0.2722
vn -0.4591 0.8321 0.311
vn -0.4585 0.8322 0.3118
vn -0.2501 0.6552 0.7128
vn -0.4937 0.4742 0.729
vn -0.8302 0.4702 0.2995
vn -0.6523 0.4976 0.5717
vn -0.8542 0.4331 0.2875
vn -0.8388 0.4353 0.3268
vn -0.8129 0.4761 0.3353
vn -0.4396 0.8191 0.3685
vn -0.8174 0.455 0.3532
vn -0.4497 0.807 0.3827
vn -0.4316 0.8013 0.4143
vn -0.768 0.5016 0.3982
vn -0.7697 0.4998 0.3973
vn -0.7466 0.5087 0.4287
vn -0.8305 0.4145 0.3721
vn -0.8423 0.4188 0.3393
vn -0.7696 0.4711 0.431
vn -0.1648 0.9665 0.1968
vn -0.8014 0.4409 0.4041
vn -0.7432 0.4843 0.4616
vn -0.416 0.7798 0.4677
vn -0.4366 0.7857 0.4382
vn -0.9184 0.291 0.268
vn -0.9111 0.3101 0.2715
vn -0.6528 0.5467 0.5244
vn -0.6711 0.551 0.496
vn -0.7259 0.4806 0.4921
vn -0.2125 0.6927 0.6892
vn -0.8043 0.4056 0.4342
vn -0.8804 0.3344 0.3364
vn -0.8807 0.3337 0.3361
vn -0.747 0.4484 0.4908
vn -0.9219 0.2534 0.2932
vn -0.7076 0.492 0.5072
vn -0.6838 0.483 0.5469
vn -0.424 0.7643 0.4858
vn -0.914 0.2699 0.3029
vn -0.7842 0.4217 0.4552
vn -0.9565 0.1848 0.2258
vn -0.7248 0.468 0.5056
vn -0.8866 0.2913 0.3592
vn -0.4791 0.7241 0.496
vn -0.4996 0.7106 0.4954
vn -0.62 0.5212 0.5865
vn -0.9404 0.2016 0.2737
vn -0.6824 0.4662 0.563
vn -0.153 0.7512 0.6421
vn -0.8113 0.3805 0.4439
vn -0.7779 0.3896 0.493
vn -0.857 0.316 0.407
vn -0.8782 0.3044 0.3689
vn -0.6255 0.5663 0.5367
vn -0.6618 0.4948 0.5632
vn -0.64 0.4893 0.5925
vn -0.5626 0.5532 0.6144
vn -0.5809 0.567 0.584
vn -0.5794 0.516 0.6309
vn -0.9088 0.2391 0.342
vn -0.7218 0.4094 0.558
vn -0.7519 0.4133 0.5136
vn -0.6314 0.4613 0.6233
vn -0.3993 0.7237 0.5629
vn -0.4139 0.7294 0.5446
vn -0.8864 0.2669 0.3782
vn -0.8699 0.2691 0.4133
vn -0.6002 0.4859 0.6354
vn -0.6263 0.4944 0.6028
vn -0.7451 0.4543 0.4883
vn -0.7655 0.3675 0.5282
vn -0.5222 0.5586 0.6444
vn -0.5842 0.4926 0.645
vn -0.5578 0.4827 0.6752
vn -0.6 0.4704 0.6471
vn -0.5763 0.4571 0.6774
vn -0.5237 0.524 0.6717
vn -0.5387 0.4902 0.6852
vn -0.5182 0.4795 0.7083
vn -0.3319 0.6279 0.7039
vn -0.3237 0.5327 0.782
vn -0.5305 0.4962 0.6873
vn -0.5273 0.499 0.6878
vn -0.59 0.5089 0.6269
vn -0.3291 0.8739 0.3578
vn -0.3244 0.8763 0.3561
vn -0.066 0.8034 0.5918
vn -0.0638 0.8042 0.591
vn -0.3791 0.8257 0.4177
vn -0.6487 0.5306 0.5456
vn -0.8485 0.363 0.3851
vn -0.1609 0.7132 0.6822
vn -0.2768 0.5311 0.8008
vn -0.9762 0.1254 0.1767
vn -0.4571 0.4638 0.7589
vn -0.351 0.4205 0.8366
vn -0.3139 0.4841 0.8168
vn -0.3099 0.4901 0.8147
vn -0.6659 0.5123 0.5423
vn -0.014 0.8281 0.5605
vn -0.5559 0.5154 0.6522
vn -0.2384 0.6174 0.7497
vn -0.3431 0.4516 0.8236
vn -0.2195 0.9391 0.2645
vn -0.2291 0.9351 0.2704
vn -0.2404 0.59 0.7708
vn -0.2427 0.5877 0.7718
vn -0.3819 0.4139 0.8263
vn -0.433 0.4915 0.7556
vn -0.1103 0.7559 0.6453
vn -0.7363 0.4424 0.512
vn -0.1042 0.7608 0.6405
vn -0.4214 0.4286 0.7992
vn -0.1493 0.7224 0.6752
vn -0.826 0.3659 0.4288
vn -0.0063 0.8279 0.5608
vn -0.6152 0.5281 0.5854
vn -0.686 0.4698 0.5556
vn -0.2254 0.6422 0.7326
vn -0.1807 0.9586 0.2203
vn -0.2714 0.5247 0.8069
vn -0.1895 0.6585 0.7284
vn -0.1914 0.6562 0.7299
vn -0.0302 0.8021 0.5964
vn -0.0421 0.7978 0.6014
vn -0.2712 0.9067 0.3231
vn -0.2756 0.9041 0.3267
vn -0.5655 0.6235 0.5398
vn -0.4735 0.5122 0.7165
vn -0.4681 0.5165 0.717
vn -0.1123 0.9775 0.1788
vn -0.5084 0.5384 0.6721
vn -0.9225 0.2381 0.3038
vn -0.5346 0.6515 0.5383
vn -0.9636 0.1524 0.2195
vn -0.576 0.5821 0.574
vn -0.7047 0.4429 0.5543
vn -0.3894 0.7928 0.4689
vn -0.3781 0.8026 0.4613
vn -0.2726 0.4994 0.8224
vn -0.828 0.3557 0.4335
vn -0.3797 0.7754 0.5045
vn -0.5993 0.5587 0.5733
vn -0.7536 0.4198 0.5058
vn -0.4021 0.4772 0.7814
vn -0.4181 0.4636 0.7812
vn -0.4029 0.7554 0.5168
vn -0.4533 0.7206 0.5246
vn -0.4406 0.7294 0.5234
vn -0.2419 0.5689 0.786
vn -0.0709 0.7593 0.6469
vn -0.203 0.6238 0.7548
vn -0.2131 0.6059 0.7665
vn -0.1436 0.6703 0.7281
vn -0.1086 0.7143 0.6914
vn -0.1067 0.7159 0.69
vn -0.3764 0.4331 0.819
vn -0.3962 0.419 0.817
vn -0.2963 0.4573 0.8385
vn -0.523 0.5434 0.6566
vn -0.0614 0.7549 0.653
vn -0.5089 0.6526 0.5613
vn -0.3246 0.4281 0.8434
vn -0.3261 0.4267 0.8435
vn -0.3765 0.4114 0.8301
vn -0.1384 0.9697 0.2011
vn -0.3557 0.8209 0.4466
vn -0.161 0.6566 0.7369
vn -0.3366 0.8488 0.4078
vn -0.3315 0.8527 0.4036
vn -0.2336 0.5564 0.7974
vn -0.6854 0.4543 0.569
vn -0.421 0.5315 0.735
vn -0.4369 0.517 0.7361
vn -0.5501 0.5602 0.6194
vn -0.5533 0.557 0.6194
vn -0.2654 0.4894 0.8307
vn -0.6058 0.5263 0.5967
vn -0.3527 0.4345 0.8287
vn -0.3749 0.7803 0.5005
vn -0.369 0.4662 0.804
vn -0.0352 0.7609 0.648
vn -0.2831 0.8834 0.3734
vn -0.282 0.8842 0.3724
vn -0.1463 0.6657 0.7317
vn -0.6416 0.4688 0.6071
vn -0.1481 0.958 0.2456
vn -0.1107 0.688 0.7172
vn -0.5527 0.5971 0.5813
vn -0.0928 0.9768 0.1929
vn -0.1898 0.5857 0.788
vn -0.1971 0.5739 0.7949
vn -0.4853 0.6618 0.5714
vn -0.4897 0.6582 0.5718
vn -0.1913 0.6142 0.7656
vn -0.1901 0.9372 0.2926
vn -0.2424 0.9151 0.3221
vn -0.4642 0.5626 0.6841
vn -0.4669 0.56 0.6844
vn -0.1502 0.6127 0.7759
vn -0.503 0.582 0.6389
vn -0.2266 0.5294 0.8176
vn -0.2377 0.5129 0.8249
vn -0.0635 0.7212 0.6898
vn -0.4226 0.6922 0.585
vn -0.3397 0.4123 0.8453
vn -0.3527 0.4059 0.8431
vn -0.407 0.5108 0.7573
vn -0.1987 0.5485 0.8122
vn -0.2997 0.4335 0.8499
vn -0.3715 0.762 0.5304
vn -0.3786 0.7531 0.5381
vn -0.3122 0.4239 0.8502
vn -0.5832 0.5178 0.6259
vn -0.0134 0.7527 0.6582
vn -0.5276 0.594 0.6073
vn -0.5237 0.5966 0.6081
vn -0.954 0.1579 0.255
vn -0.9579 0.1423 0.2493
vn -0.4936 0.5813 0.6469
vn -0.3802 0.534 0.7552
vn -0.8003 0.3416 0.4928
vn -0.1448 0.9561 0.2549
vn -0.3634 0.4695 0.8047
vn -0.0458 0.7086 0.7041
vn -0.0869 0.9733 0.2124
vn -0.2695 0.4585 0.8469
vn -0.2676 0.4608 0.8462
vn -0.1568 0.6059 0.7799
vn -0.7522 0.649 0.1137
vn -0.11 0.6308 0.7681
vn -0.3314 0.8314 0.4461
vn -0.3428 0.822 0.4548
vn -0.7821 0.6098 0.1282
vn -0.701 0.7007 0.1326
vn -0.0461 0.7004 0.7122
vn -0.4606 0.6037 0.6507
vn -0.0812 0.6682 0.7396
vn -0.807 0.5725 0.1449
vn -0.6851 0.4253 0.5914
vn -0.8469 0.2989 0.4397
vn -0.3805 0.4908 0.7838
vn -0.0176 0.7242 0.6894
vn -0.9357 0.1772 0.305
vn -0.9327 0.1842 0.3101
vn -0.0515 0.9845 0.1679
vn -0.5657 0.5241 0.6366
vn -0.7355 0.6625 0.142
vn -0.7702 0.6202 0.1488
vn -0.4056 0.5736 0.7116
vn -0.4171 0.5599 0.7159
vn -0.7657 0.6256 0.1495
vn -0.3473 0.8032 0.484
vn -0.3656 0.7843 0.5011
vn -0.1884 0.5576 0.8085
vn -0.3546 0.5202 0.777
vn -0.2275 0.4945 0.8389
vn -0.2263 0.496 0.8383
vn -0.8609 0.4879 0.1445
vn -0.8058 0.5705 0.1585
vn -0.0321 0.6821 0.7306
vn -0.4445 0.6732 0.591
vn -0.6606 0.7327 0.1634
vn -0.3469 0.4338 0.8315
vn -0.078 0.6549 0.7517
vn -0.268 0.4334 0.8604
vn -0.119 0.6146 0.7798
vn -0.6311 0.4549 0.6283
vn -0.7722 0.3569 0.5257
vn -0.2933 0.8574 0.4229
vn -0.2928 0.8578 0.4225
vn -0.6997 0.4129 0.583
vn -0.7287 0.6606 0.1807
vn -0.4239 0.602 0.6767
vn -0.4679 0.616 0.6337
vn -0.6505 0.4402 0.6189
vn -0.198 0.5302 0.8244
vn -0.5869 0.7931 0.163
vn -0.1746 0.94 0.293
vn -0.2211 0.915 0.3375
vn -0.3617 0.4679 0.8064
vn -0.3241 0.4056 0.8547
vn -0.8352 0.5253 0.1627
vn -0.3699 0.7351 0.5681
vn -0.0867 0.6397 0.7637
vn -0.3671 0.7383 0.5658
vn -0.8213 0.3087 0.4798
vn -0.1467 0.5652 0.8118
vn -0.1351 0.579 0.804
vn -0.3329 0.5038 0.7971
vn -0.5246 0.556 0.6447
vn -0.3881 0.6998 0.5997
vn -0.3923 0.6932 0.6047
vn -0.8692 0.2552 0.4236
vn -0.9078 0.2136 0.3609
vn -0.9074 0.2145 0.3615
vn -0.4056 0.6178 0.6737
vn -0.2679 0.4333 0.8605
vn -0.4229 0.6439 0.6376
vn -0.3884 0.5762 0.7192
vn -0.8949 0.4227 0.143
vn -0.5393 0.5152 0.6661
vn -0.1136 0.9573 0.2657
vn -0.1119 0.9577 0.2651
vn -0.67 0.7135 0.205
vn -0.098 0.5843 0.8056
vn -0.2144 0.9097 0.3557
vn -0.0413 0.9829 0.1796
vn -0.0412 0.6465 0.7618
vn -0.0035 0.9868 0.1616
vn -0.367 0.5368 0.7597
vn -0.8373 0.5216 0.1639
vn -0.5648 0.8003 0.2015
vn -0.7329 0.3859 0.5604
vn -0.1479 0.5357 0.8313
vn -0.0661 0.6087 0.7906
vn -0.6129 0.7676 0.1877
vn -0.624 0.7563 0.1964
vn -0.7414 0.6441 0.1884
vn -0.8213 0.5396 0.1849
vn -0.8099 0.5567 0.1849
vn -0.7811 0.5919 0.199
vn -0.7776 0.5963 0.1997
vn -0.4798 0.6043 0.6361
vn -0.3321 0.435 0.837
vn -0.3194 0.4456 0.8363
vn -0.6474 0.4303 0.6291
vn -0.8613 0.4751 0.1801
vn -0.3561 0.7783 0.5172
vn -0.1715 0.5113 0.8421
vn -0.3237 0.4761 0.8176
vn -0.7117 0.6748 0.1952
vn -0.2244 0.4651 0.8563
vn -0.2278 0.462 0.8571
vn -0.1586 0.9327 0.3238
vn -0.5373 0.8172 0.2084
vn -0.0277 0.6545 0.7555
vn -0.1036 0.5679 0.8166
vn -0.663 0.7199 0.2052
vn -0.8406 0.2733 0.4677
vn -0.1902 0.4885 0.8516
vn -0.2908 0.4111 0.8639
vn -0.2997 0.4066 0.8631
vn -0.3457 0.5707 0.7448
vn -0.3082 0.4143 0.8564
vn -0.0033 0.6516 0.7586
vn -0.8738 0.2478 0.4184
vn -0.07 0.5942 0.8013
vn -0.3411 0.7975 0.4977
vn -0.0448 0.6212 0.7824
vn -0.3676 0.6093 0.7026
vn -0.6504 0.4275 0.6279
vn -0.2337 0.8918 0.3875
vn -0.0487 0.9734 0.2239
vn -0.0387 0.9763 0.2129
vn -0.0883 0.5498 0.8306
vn -0.7384 0.6371 0.2212
vn -0.4239 0.6286 0.6521
vn -0.5591 0.7952 0.2346
vn -0.4222 0.6299 0.6518
vn -0.5686 0.7869 0.2396
vn -0.1364 0.5454 0.827
vn -0.6322 0.7336 0.2494
vn -0.3235 0.476 0.8178
vn -0.7586 0.3432 0.5539
vn -0.8616 0.4745 0.1803
vn -0.3021 0.8289 0.4709
vn -0.2993 0.8311 0.4688
vn -0.5048 0.8329 0.2268
vn -0.4788 0.8525 0.2095
vn -0.3937 0.6369 0.6628
vn 0.0006 0.9755 0.2199
vn -0.3805 0.6726 0.6347
vn -0.3496 0.5792 0.7364
vn -0.8942 0.4207 0.153
vn -0.6679 0.7 0.2529
vn -0.5172 0.8269 0.2206
vn -0.548 0.8042 0.2302
vn -0.7267 0.6427 0.2425
vn -0.1479 0.5285 0.836
vn -0.6946 0.6747 0.2497
vn -0.8164 0.303 0.4916
vn -0.3507 0.7656 0.5393
vn -0.832 0.5122 0.2131
vn -0.8381 0.5012 0.2155
vn -0.3551 0.7568 0.5488
vn -0.589 0.4347 0.6812
vn -0.7921 0.5619 0.2384
vn -0.0706 0.9575 0.2797
vn -0.7823 0.5771 0.2344
vn -0.9107 0.2386 0.3373
vn -0.3369 0.5134 0.7893
vn -0.3114 0.5488 0.7758
vn -0.0439 0.5665 0.8229
vn -0.7434 0.6222 0.2455
vn -0.7861 0.5682 0.2433
vn -0.8156 0.5292 0.2339
vn -0.1717 0.5051 0.8458
vn -0.0088 0.5977 0.8017
vn -0.3494 0.7312 0.5859
vn -0.2345 0.4379 0.8679
vn -0.3135 0.4228 0.8502
vn -0.3243 0.6319 0.704
vn -0.3425 0.6126 0.7124
vn -0.6888 0.6779 0.2569
vn -0.1802 0.9129 0.3663
vn -0.0616 0.5454 0.8359
vn -0.8807 0.4299 0.1989
vn -0.1848 0.9113 0.3679
vn -0.36 0.6597 0.6597
vn -0.8007 0.3093 0.513
vn -0.9046 0.3902 0.1719
vn -0.1921 0.4664 0.8634
vn -0.1904 0.4682 0.8629
vn -0.459 0.5661 0.6847
vn -0.4666 0.5557 0.6881
vn -0.3675 0.7045 0.6072
vn -0.2266 0.88 0.4175
vn -0.9185 0.3641 0.1541
vn -0.6078 0.4287 0.6684
vn -0.8059 0.5355 0.2523
vn -0.623 0.7398 0.2542
vn -0.3124 0.5562 0.7701
vn -0.3958 0.6379 0.6607
vn -0.1293 0.9342 0.3324
vn -0.1259 0.9355 0.3302
vn -0.5867 0.447 0.6753
vn -0.6822 0.6748 0.2816
vn -0.119 0.5084 0.8529
vn -0.2922 0.4433 0.8474
vn -0.0466 0.5543 0.831
vn -0.3021 0.4864 0.8198
vn -0.0151 0.5794 0.8149
vn -0.2675 0.4094 0.8722
vn -0.2602 0.4134 0.8726
vn -0.0966 0.535 0.8393
vn -0.7081 0.3742 0.5988
vn -0.7151 0.3678 0.5944
vn -0.3023 0.5307 0.7918
vn -0.051 0.962 0.2681
vn -0.6515 0.7105 0.2661
vn -0.8833 0.2645 0.387
vn -0.8618 0.4556 0.2229
vn -0.8466 0.4869 0.215
vn -0.5669 0.7732 0.2842
vn -0.296 0.5882 0.7526
vn -0.7267 0.6337 0.2654
vn -0.8832 0.2648 0.3872
vn -0.1446 0.4899 0.8597
vn -0.772 0.5753 0.2702
vn -0.787 0.5505 0.2785
vn -0.8914 0.4033 0.2067
vn 0.0099 0.5552 0.8317
vn -0.4869 0.5117 0.7079
vn -0.6341 0.408 0.6568
vn -0.2911 0.6137 0.7339
vn -0.5574 0.4658 0.6873
vn -0.2802 0.4291 0.8587
vn -0.5044 0.8258 0.2525
vn -0.8453 0.2961 0.4448
vn -0.8481 0.2912 0.4426
vn -0.9405 0.3074 0.1449
vn -0.5351 0.7967 0.281
vn -0.5093 0.8156 0.2745
vn -0.7639 0.3375 0.5501
vn -0.2276 0.4295 0.8739
vn -0.3226 0.6488 0.6892
vn -0.3083 0.6602 0.6849
vn -0.5689 0.7717 0.2843
vn -0.3818 0.6287 0.6775
vn -0.7284 0.6196 0.2924
vn -0.7558 0.5865 0.2913
vn -0.2456 0.865 0.4376
vn -0.0884 0.5174 0.8512
vn -0.1911 0.449 0.8729
vn -0.5756 0.4453 0.6859
vn -0.3422 0.713 0.612
vn -0.2779 0.6247 0.7297
vn -0.2962 0.5895 0.7515
vn -0.5303 0.4547 0.7156
vn -0.5985 0.7378 0.3123
vn -0.2493 0.4129 0.876
vn -0.2172 0.4278 0.8774
vn -0.0473 0.524 0.8504
vn -0.2989 0.455 0.8388
vn -0.8819 0.4226 0.209
vn -0.3407 0.7626 0.5498
vn -0.2815 0.511 0.8122
vn -0.3445 0.7397 0.578
vn -0.121 0.5034 0.8555
vn -0.3103 0.7949 0.5214
vn -0.3084 0.7966 0.5198
vn -0.9198 0.3531 0.1713
vn -0.6779 0.3887 0.624
vn -0.6746 0.3914 0.6259
vn -0.0778 0.5138 0.8544
vn -0.1347 0.9162 0.3775
vn -0.1391 0.9141 0.3808
vn -0.6591 0.6859 0.3083
vn -0.636 0.704 0.3161
vn -0.7998 0.5263 0.2887
vn -0.4269 0.5772 0.6961
vn -0.0028 0.9633 0.2685
vn -0.1478 0.4753 0.8673
vn -0.1451 0.4773 0.8667
vn -0.1897 0.8843 0.4266
vn -0.1917 0.8836 0.4273
vn -0.4824 0.8221 0.3025
vn -0.824 0.5002 0.2663
vn -0.8343 0.4841 0.2637
vn -0.2756 0.6605 0.6984
vn -0.2857 0.4348 0.854
vn -0.3558 0.6658 0.6558
vn -0.4181 0.8719 0.2548
vn -0.4846 0.4847 0.7282
vn -0.2809 0.5275 0.8018
vn -0.2653 0.563 0.7827
vn -0.331 0.7455 0.5786
vn -0.7201 0.6095 0.3316
vn -0.016 0.9592 0.2823
vn -0.6305 0.7064 0.3217
vn -0.3513 0.7016 0.6199
vn -0.2104 0.4305 0.8777
vn -0.8219 0.3114 0.4769
vn -0.0176 0.5263 0.8501
vn -0.5309 0.4386 0.7251
vn -0.2822 0.4791 0.8312
vn -0.5274 0.44 0.7268
vn -0.2567 0.643 0.7216
vn -0.0592 0.5147 0.8554
vn -0.7527 0.5807 0.3101
vn -0.5198 0.7897 0.3259
vn -0.7811 0.5386 0.3159
vn -0.458 0.5115 0.727
vn -0.4438 0.5322 0.721
vn -0.6033 0.4202 0.6778
vn -0.255 0.4311 0.8655
vn -0.4243 0.8658 0.2652
vn -0.0132 0.5253 0.8508
vn -0.4886 0.4814 0.7277
vn -0.9396 0.3041 0.1571
vn -0.1189 0.4766 0.8711
vn -0.4859 0.8194 0.3042
vn -0.782 0.5374 0.3157
vn -0.2615 0.4699 0.8431
vn -0.283 0.5089 0.813
vn -0.8017 0.338 0.4929
vn -0.9095 0.3616 0.2051
vn -0.3123 0.7711 0.5548
vn -0.3746 0.8926 0.251
vn -0.3017 0.7876 0.5374
vn -0.4941 0.4678 0.7328
vn -0.5162 0.4342 0.7382
vn -0.0754 0.9368 0.3418
vn -0.0721 0.938 0.3392
vn -0.2421 0.8407 0.4844
vn -0.2465 0.8377 0.4873
vn -0.251 0.5943 0.764
vn -0.5693 0.7516 0.3331
vn -0.2655 0.56 0.7848
vn -0.5827 0.7401 0.3356
vn -0.8336 0.4699 0.2902
vn -0.1031 0.4842 0.8688
vn -0.7976 0.5159 0.3126
vn -0.8931 0.3937 0.2176
vn -0.167 0.4428 0.8809
vn -0.2462 0.4415 0.8628
vn -0.6311 0.411 0.6579
vn -0.8577 0.3117 0.409
vn -0.2276 0.4121 0.8822
vn -0.6693 0.6516 0.357
vn -0.5276 0.7843 0.3264
vn -0.6157 0.7027 0.3565
vn -0.3339 0.7365 0.5883
vn -0.241 0.6158 0.7501
vn -0.3305 0.7388 0.5874
vn -0.2514 0.5883 0.7686
vn -0.0099 0.5113 0.8594
vn -0.0419 0.5014 0.8642
vn -0.0066 0.9458 0.3248
vn -0.732 0.3832 0.5634
vn -0.4111 0.8609 0.2998
vn -0.7051 0.6033 0.3726
vn -0.2214 0.4143 0.8828
vn -0.1543 0.8867 0.4358
vn -0.144 0.8927 0.4269
vn -0.0819 0.9171 0.3901
vn -0.2383 0.6491 0.7224
vn -0.3878 0.5743 0.721
vn -0.3874 0.5746 0.7209
vn -0.2578 0.4904 0.8325
vn -0.4983 0.4345 0.7503
vn -0.0834 0.483 0.8716
vn -0.0786 0.4857 0.8706
vn -0.7603 0.3614 0.5397
vn -0.3652 0.6331 0.6826
vn -0.8737 0.4054 0.2689
vn -0.6661 0.651 0.3639
vn -0.1524 0.4489 0.8805
vn -0.227 0.621 0.7502
vn -0.4466 0.4787 0.7559
vn -0.3153 0.924 0.2162
vn -0.0345 0.5008 0.8649
vn -0.9184 0.3329 0.2137
vn -0.2524 0.4485 0.8574
vn -0.1802 0.4276 0.8858
vn -0.3462 0.6612 0.6655
vn -0.3366 0.6773 0.6542
vn -0.3741 0.8926 0.2515
vn -0.6493 0.6556 0.3855
vn -0.2457 0.5348 0.8085
vn -0.4902 0.4372 0.7541
vn -0.8054 0.4859 0.3395
vn -0.0827 0.9176 0.3888
vn -0.2691 0.4809 0.8345
vn -0.5678 0.4233 0.706
vn -0.7388 0.5612 0.3731
vn -0.065 0.4869 0.871
vn -0.3315 0.702 0.6304
vn -0.3199 0.7123 0.6247
vn -0.483 0.4557 0.7477
vn -0.035 0.9374 0.3464
vn -0.6826 0.4 0.6116
vn -0.3077 0.757 0.5764
vn -0.7398 0.5599 0.373
vn -0.7843 0.5072 0.3573
vn -0.7701 0.5301 0.3549
vn -0.9105 0.3519 0.2169
vn -0.1307 0.4479 0.8845
vn -0.1203 0.4538 0.8829
vn -0.1446 0.8729 0.4661
vn -0.8158 0.3512 0.4595
vn -0.8212 0.3439 0.4554
vn -0.2501 0.4284 0.8683
vn -0.2264 0.6716 0.7055
vn -0.3473 0.6196 0.7039
vn -0.9493 0.2645 0.1702
vn -0.9495 0.2639 0.17
vn -0.202 0.8447 0.4957
vn -0.2015 0.8448 0.4956
vn -0.08 0.4694 0.8793
vn -0.4401 0.4839 0.7564
vn -0.637 0.6642 0.3913
vn -0.5928 0.4199 0.6872
vn -0.7826 0.365 0.5043
vn -0.2134 0.4542 0.865
vn -0.3907 0.5313 0.7517
vn -0.569 0.7337 0.3713
vn -0.6366 0.4131 0.6513
vn -0.513 0.7738 0.3716
vn -0.5362 0.7539 0.3796
vn -0.0207 0.4883 0.8724
vn -0.229 0.5668 0.7914
vn -0.2471 0.5414 0.8036
vn -0.2227 0.4888 0.8435
vn -0.8119 0.4664 0.351
vn -0.3309 0.9105 0.2478
vn -0.1997 0.4129 0.8886
vn -0.5895 0.7127 0.3803
vn -0.1789 0.4179 0.8907
vn -0.4654 0.4272 0.7752
vn -0.4705 0.8042 0.3633
vn -0.4835 0.7953 0.3657
vn -0.2566 0.7941 0.5509
vn -0.2447 0.8063 0.5386
vn -0.6715 0.6199 0.406
vn -0.6899 0.6004 0.4044
vn -0.216 0.4415 0.8709
vn -0.2202 0.5923 0.775
vn -0.0902 0.8937 0.4396
vn -0.7329 0.5523 0.3974
vn -0.5351 0.4408 0.7207
vn -0.7024 0.5844 0.4063
vn -0.8828 0.3775 0.2797
vn -0.6806 0.4027 0.612
vn -0.2007 0.4374 0.8766
vn -0.1305 0.4351 0.8909
vn -0.7205 0.4072 0.5614
vn -0.3642 0.8853 0.2891
vn -0.0937 0.4574 0.8843
vn -0.5804 0.7043 0.4089
vn -0.033 0.4796 0.8768
vn -0.4095 0.8481 0.3361
vn -0.4372 0.8252 0.3575
vn -0.0367 0.9162 0.399
vn -0.0277 0.9192 0.3929
vn -0.1994 0.6503 0.733
vn -0.5124 0.4312 0.7427
vn -0.1796 0.4176 0.8907
vn -0.5346 0.4199 0.7334
vn -0.1668 0.4176 0.8932
vn -0.1767 0.4409 0.88
vn -0.3923 0.8646 0.3139
vn -0.3122 0.7208 0.6189
vn -0.2029 0.6236 0.7549
vn -0.2207 0.5998 0.7691
vn -0.3132 0.6691 0.674
vn -0.6249 0.4276 0.6532
vn -0.3818 0.5225 0.7624
vn -0.7709 0.3846 0.5078
vn -0.0848 0.8894 0.4493
vn -0.531 0.7405 0.412
vn -0.1911 0.4334 0.8807
vn -0.3144 0.7045 0.6362
vn -0.7263 0.4058 0.5548
vn -0.439 0.4504 0.7774
vn -0.4453 0.444 0.7775
vn -0.2131 0.4932 0.8434
vn -0.3211 0.905 0.2789
vn -0.2145 0.5259 0.823
vn -0.1957 0.5465 0.8143
vn -0.0469 0.4619 0.8857
vn -0.2843 0.7393 0.6104
vn -0.3492 0.5818 0.7346
vn -0.3499 0.5808 0.735
vn -0.157 0.8474 0.5072
vn -0.1657 0.8437 0.5107
vn -0.6102 0.6689 0.4246
vn -0.3987 0.4755 0.7842
vn -0.2509 0.7745 0.5807
vn -0.2452 0.7814 0.5738
vn -0.7261 0.551 0.4114
vn -0.747 0.5278 0.4043
vn -0.1421 0.4255 0.8937
vn -0.8762 0.39 0.2832
vn -0.081 0.4471 0.8908
vn -0.6494 0.6292 0.4271
vn -0.5726 0.4417 0.6907
vn -0.9659 0.206 0.1567
vn -0.1936 0.6544 0.7309
vn -0.0033 0.9179 0.3968
vn -0.9157 0.3243 0.2374
vn -0.921 0.3099 0.2358
vn -0.033 0.4628 0.8859
vn -0.027 0.4663 0.8842
vn -0.2084 0.8124 0.5446
vn -0.092 0.4347 0.8959
vn -0.1877 0.4853 0.854
vn -0.3814 0.855 0.3514
vn -0.1967 0.5699 0.7979
vn -0.0664 0.449 0.8911
vn -0.1027 0.8731 0.4766
vn -0.524 0.7451 0.4127
vn -0.1526 0.5068 0.8485
vn -0.198 0.4549 0.8683
vn -0.6749 0.4404 0.5921
vn -0.6836 0.4287 0.5907
vn -0.17 0.6332 0.7551
vn -0.3145 0.6191 0.7196
vn -0.4398 0.436 0.7851
vn -0.3047 0.6668 0.6801
vn -0.3258 0.6337 0.7016
vn -0.2777 0.9269 0.2524
vn -0.1554 0.4106 0.8985
vn -0.0105 0.4643 0.8856
vn -0.4631 0.419 0.781
vn -0.4494 0.4291 0.7835
vn -0.5474 0.7146 0.4355
vn -0.0963 0.4332 0.8961
vn -0.1735 0.6044 0.7776
vn -0.1581 0.4293 0.8892
vn -0.1783 0.4132 0.893
vn -0.6617 0.598 0.4523
vn -0.678 0.5796 0.4521
vn -0.9518 0.2478 0.1806
vn -0.1627 0.5315 0.8313
vn -0.2527 0.9417 0.2221
vn -0.2888 0.7258 0.6244
vn -0.5818 0.4512 0.6767
vn -0.7756 0.4812 0.4085
vn -0.0507 0.8885 0.456
vn -0.0422 0.8929 0.4484
vn -0.177 0.6256 0.7598
vn -0.4926 0.4174 0.7636
vn -0.474 0.4324 0.767
vn -0.2938 0.6853 0.6664
vn -0.2858 0.688 0.6671
vn -0.1848 0.4633 0.8667
vn -0.7987 0.4475 0.4022
vn -0.1638 0.5428 0.8237
vn -0.1311 0.4097 0.9028
vn -0.1231 0.4131 0.9023
vn -0.4133 0.8233 0.389
vn -0.4004 0.8329 0.382
vn -0.3529 0.8871 0.2975
vn -0.9431 0.2513 0.2176
vn -0.5459 0.7136 0.439
vn -0.4803 0.7697 0.4206
vn -0.4643 0.7833 0.4134
vn -0.1359 0.4294 0.8928
vn -0.0451 0.4385 0.8976
vn -0.2377 0.7564 0.6094
vn -0.2509 0.7464 0.6164
vn -0.4899 0.7469 0.4496
vn -0.3009 0.6281 0.7176
vn -0.6355 0.6292 0.4475
vn -0.3832 0.4793 0.7896
vn -0.3797 0.4843 0.7882
vn -0.1508 0.5739 0.8049
vn -0.5395 0.4406 0.7175
vn -0.1466 0.6104 0.7784
vn -0.1108 0.4122 0.9043
vn -0.6019 0.6507 0.463
vn -0.5997 0.6542 0.4608
vn -0.0272 0.4437 0.8958
vn -0.8842 0.3574 0.3008
vn -0.1494 0.4536 0.8786
vn -0.8799 0.3659 0.3032
vn -0.1353 0.4674 0.8736
vn -0.4182 0.42 0.8054
vn -0.2786 0.7098 0.6469
vn -0.0605 0.4246 0.9033
vn -0.3145 0.9066 0.2815
vn -0.1646 0.8033 0.5724
vn -0.1656 0.8028 0.5728
vn -0.041 0.8749 0.4825
vn -0.1525 0.5778 0.8018
vn -0.3417 0.5323 0.7745
vn -0.3416 0.5324 0.7745
vn -0.6323 0.4541 0.6277
vn -0.6328 0.4536 0.6276
vn -0.0134 0.4406 0.8976
vn -0.0516 0.4275 0.9026
vn -0.41 0.4499 0.7934
vn -0.093 0.4085 0.908
vn -0.7043 0.5378 0.4635
vn -0.6946 0.5467 0.4676
vn -0.3778 0.8551 0.355
vn -0.3127 0.5847 0.7485
vn -0.0951 0.8487 0.5203
vn -0.1024 0.845 0.5249
vn -0.1326 0.6186 0.7744
vn -0.7359 0.5027 0.4535
vn -0.0669 0.4183 0.9058
vn -0.6343 0.6005 0.4869
vn -0.423 0.4172 0.8044
vn -0.0292 0.4235 0.9054
vn -0.1299 0.4926 0.8605
vn -0.1228 0.5018 0.8562
vn -0.1212 0.4192 0.8998
vn -0.1142 0.4237 0.8986
vn -0.1358 0.5304 0.8368
vn -0.7702 0.4701 0.4311
vn -0.014 0.425 0.9051
vn -0.6938 0.4517 0.5609
vn -0.2233 0.6779 0.7004
vn -0.2872 0.6632 0.6911
vn -0.2654 0.9305 0.2524
vn -0.2788 0.9246 0.2596
vn -0.1187 0.5873 0.8006
vn -0.114 0.5852 0.8029
vn -0.1207 0.5803 0.8054
vn -0.8508 0.3827 0.36
vn -0.7028 0.5122 0.4937
vn -0.9652 0.19 0.1795
vn -0.3048 0.5755 0.7589
vn -0.1121 0.551 0.8269
vn -0.0965 0.4578 0.8838
vn -0.3234 -0.5515 0.769
vn -0.3153 -0.3475 0.8831
vn -0.2307 -0.5218 0.8212
vn -0.3118 -0.3796 0.871
vn -0.3104 -0.3544 0.8821
vn -0.2839 -0.5098 0.8121
vn -0.2845 -0.5285 0.7998
vn -0.188 -0.5284 0.8279
vn -0.11 -0.3662 0.924
vn -0.0692 -0.3786 0.923
vn -0.1544 -0.3918 0.907
vn -0.1466 -0.3543 0.9236
vn -0.6303 -0.605 0.4865
vn -0.6839 -0.5214 0.5103
vn -0.6586 -0.5741 0.4866
vn -0.1379 -0.5202 0.8428
vn -0.1384 -0.5248 0.8399
vn -0.6935 -0.4863 0.5316
vn -0.6661 -0.5228 0.5319
vn -0.63 -0.6016 0.4911
vn -0.2411 -0.5482 0.8008
vn -0.908 -0.4084 0.0933
vn -0.2119 -0.5489 0.8086
vn -0.8575 -0.4975 0.1312
vn -0.8551 -0.4863 0.1797
vn -0.1786 -0.5447 0.8194
vn -0.8347 -0.506 0.2172
vn -0.8406 -0.4941 0.2218
vn -0.0986 -0.3411 0.9348
vn -0.8107 -0.5281 0.2526
vn -0.0481 -0.3457 0.9371
vn -0.6792 -0.6107 0.4071
vn -0.8325 -0.4828 0.2717
vn -0.9077 -0.4197 -0.0049
vn -0.8757 -0.4828 -0.0058
vn -0.6938 -0.591 0.4114
vn -0.7666 -0.5716 0.2926
vn -0.7956 -0.5275 0.2979
vn -0.1935 -0.9745 0.114
vn -0.9356 -0.3505 0.0437
vn -0.935 -0.3519 0.0435
vn -0.8427 -0.3984 0.3622
vn -0.8509 -0.5236 0.0427
vn -0.8493 -0.5262 0.0421
vn -0.8394 -0.3638 0.4039
vn -0.8206 -0.4009 0.4072
vn -0.7929 -0.3469 0.501
vn -0.8707 -0.4837 0.0885
vn -0.9389 -0.3231 0.1189
vn -0.8278 -0.5517 0.102
vn -0.7591 -0.4044 0.5101
vn -0.9091 -0.3928 0.1389
vn -0.726 -0.4887 0.4838
vn -0.7312 -0.4743 0.4903
vn -0.8267 -0.5416 0.1524
vn -0.7651 -0.3372 0.5485
vn -0.9188 -0.3455 0.1908
vn -0.9113 -0.3678 0.1852
vn -0.7341 -0.3674 0.5711
vn -0.9032 -0.3552 0.241
vn -0.9006 -0.3637 0.2381
vn -0.8831 -0.3715 0.2866
vn -0.8848 -0.3656 0.2888
vn -0.8649 -0.3703 0.3389
vn -0.8625 -0.38 0.3342
vn -0.8562 -0.3746 0.3558
vn -0.201 -0.3688 0.9075
vn -0.764 -0.5464 0.3433
vn -0.7417 -0.5893 0.3204
vn -0.7607 -0.5342 0.3687
vn -0.0563 -0.5259 0.8487
vn -0.8101 -0.3737 0.4517
vn -0.8096 -0.376 0.4507
vn -0.7277 -0.5765 0.3716
vn -0.7327 -0.5476 0.404
vn -0.0236 -0.4085 0.9125
vn -0.0249 -0.4857 0.8738
vn -0.6563 -0.5828 0.4793
vn -0.8305 -0.5225 0.1929
vn -0.7024 -0.3815 0.6009
vn -0.7032 -0.3758 0.6036
vn -0.6886 -0.5659 0.4535
vn -0.6488 -0.5103 0.5644
vn -0.6419 -0.5352 0.5491
vn -0.6708 -0.5901 0.4492
vn -0.7334 -0.3802 0.5636
vn -0.6729 -0.3654 0.6432
vn -0.6725 -0.3693 0.6414
vn -0.6128 -0.5322 0.5842
vn -0.6134 -0.5292 0.5862
vn -0.249 -0.3948 0.8844
vn -0.2465 -0.3816 0.8908
vn -0.6341 -0.3829 0.6718
vn -0.6346 -0.3595 0.6841
vn -0.582 -0.5395 0.6085
vn -0.5771 -0.5476 0.6059
vn -0.2049 -0.3852 0.8998
vn -0.5358 -0.5859 0.608
vn -0.5961 -0.3786 0.7081
vn -0.596 -0.3938 0.6998
vn -0.1039 -0.5077 0.8552
vn -0.5345 -0.5578 0.635
vn -0.5747 -0.3658 0.7321
vn -0.0878 -0.5342 0.8408
vn -0.5055 -0.5883 0.6311
vn -0.0646 -0.5143 0.8552
vn -0.5511 -0.3956 0.7347
vn -0.495 -0.5467 0.6754
vn -0.5017 -0.5055 0.702
vn -0.5424 -0.3353 0.7703
vn -0.4885 -0.4097 0.7704
vn -0.4882 -0.3951 0.7782
vn -0.4502 -0.5456 0.7069
vn -0.4506 -0.5418 0.7096
vn -0.7453 -0.48 0.4627
vn -0.7888 -0.389 0.4759
vn -0.4619 -0.3629 0.8093
vn -0.3903 -0.5805 0.7146
vn -0.4295 -0.3619 0.8274
vn -0.4309 -0.3835 0.8169
vn -0.3847 -0.5425 0.7468
vn -0.3859 -0.5347 0.7518
vn -0.3773 -0.3589 0.8537
vn -0.3789 -0.3863 0.8409
vn -0.3537 -0.4924 0.7953
vn -0.9523 0.3052 0.0024
vn -0.9478 0.3187 -0.0026
vn -0.9324 0.3615 0.0024
vn -0.0522 -0.9986 -0.0042
vn -0.0355 -0.9994 0.0004
vn -0.9184 0.3957 0
vn -0.9152 0.4029 -0.0026
vn -0.0769 -0.997 0.0007
vn -0.1415 -0.9899 -0.003
vn -0.1128 -0.9936 0.0014
vn -0.8949 0.4463 0.0013
vn -0.886 0.4636 -0.0025
vn -0.1542 -0.988 -0.0002
vn -0.8751 0.484 0.0014
vn -0.8554 0.518 0.0016
vn -0.1968 -0.9804 0.0014
vn -0.2248 -0.9744 -0.0051
vn -0.8459 0.5333 -0.0033
vn -0.248 -0.9688 0.0016
vn -0.8323 0.5543 0.0009
vn -0.8073 0.5902 -0.0016
vn -0.8102 0.5862 -0.0037
vn -0.2884 -0.9575 0.0019
vn -0.3238 -0.9461 -0.0049
vn -0.3213 -0.947 -0.0038
vn -0.7796 0.6262 0.0055
vn -0.3585 -0.9335 0.0006
vn -0.7462 0.6657 -0.004
vn -0.7441 0.668 -0.0047
vn -0.3908 -0.9205 -0.0015
vn -0.4025 -0.9154 -0.005
vn -0.7293 0.6842 0.0005
vn -0.4267 -0.9044 0.001
vn -0.699 0.7151 0.0027
vn -0.674 0.7387 -0.004
vn -0.4818 -0.8763 0.0005
vn -0.4851 -0.8744 -0.0021
vn -0.6654 0.7465 -0.0007
vn -0.6346 0.7728 0.0015
vn -0.6092 0.793 -0.0045
vn -0.5501 -0.8351 -0.0003
vn -0.6003 0.7998 -0.0001
vn -0.5457 -0.8379 -0.0038
vn -0.5882 -0.8087 0.001
vn -0.5526 0.8334 0.0024
vn -0.6165 -0.7874 -0.0052
vn -0.525 0.8511 -0.0072
vn -0.6184 -0.7858 -0.0043
vn -0.5072 0.8619 -0.0002
vn -0.471 0.8821 0.0039
vn -0.6532 -0.7572 0.0014
vn -0.6857 -0.7279 -0.006
vn -0.442 0.897 0.0013
vn -0.673 -0.7397 -0.0009
vn -0.4151 0.9097 -0.0078
vn -0.7 -0.7142 -0.0009
vn -0.4019 0.9157 -0.0017
vn -0.7298 -0.6836 -0.0009
vn -0.3549 0.9349 0.0044
vn -0.7397 -0.673 -0.0047
vn -0.7652 -0.6437 0.0004
vn -0.3341 0.9425 0.0031
vn -0.7848 -0.6197 -0.0047
vn -0.301 0.9536 -0.0054
vn -0.2867 0.958 -0.0012
vn -0.7895 -0.6138 -0.002
vn -0.2428 0.9701 0.0039
vn -0.8147 -0.5798 0.0027
vn -0.2087 0.978 -0.0032
vn -0.8424 -0.5388 -0.0075
vn -0.1852 0.9827 0.0013
vn -0.8468 -0.5319 -0.0038
vn -0.139 0.9903 -0.0019
vn -0.1399 0.9902 -0.0017
vn -0.8612 -0.5082 0.0016
vn -0.1007 0.9949 0.0024
vn -0.8921 -0.4518 -0.0014
vn -0.0459 0.9989 -0.004
vn -0.0585 0.9983 -0.0005
vn -0.9026 -0.4304 -0.0104
vn -0.9113 -0.4117 -0.001
vn -0.9248 -0.3804 0.0028
vn -0.9492 -0.3146 -0.0058
vn -0.9473 -0.3202 -0.0043
vn -0.9597 -0.2812 0.0001
vn -0.9714 -0.2374 0.0008
vn -0.9767 -0.2144 -0.0043
vn -0.9805 -0.1965 0.0005
vn -0.9894 -0.1452 -0.0005
vn -0.9911 -0.1333 -0.0046
vn -0.9949 -0.101 0.0035
vn -0.9985 -0.0551 -0.0009
vn -0.9987 -0.05 -0.002
vn -0.9997 -0.0245 0.0006
vn -1 0.0083 -0.0007
vn -0.9999 0.0133 -0.0017
vn -0.9963 0.086 -0.0017
vn -0.9957 0.0929 -0.0036
vn -0.9914 0.1309 0.0022
vn -0.9857 0.1686 -0.0007
vn -0.9838 0.1791 -0.0035
vn -0.9808 0.1948 -0.0004
vn -0.9704 0.2416 0.0012
vn -0.5156 0.0641 -0.8544
vn -0 0 -1
vn 0.0004 -0.0002 -1
vn 0.0001 0.0001 -1
vn 0.0001 0.0002 -1
vn 0.0001 0 -1
vn -0.0001 -0.0001 -1
vn 0 1 -0
vn 0.0006 1 -0.0014
vn 0.0001 1 -0.0001
vn -0.0001 1 -0.0003
vn -0.0001 1 -0.0008
vn -0 1 0.0001
vn -0 1 -0.0001
vn 0.0004 1 0
vn -0.0002 1 -0
vn 0.0008 1 0
vn -0.0001 1 -0
vn 0.0001 1 0.0001
vn 0.0024 0.9996 -0.0292
vn 0.0003 1 -0
vn -0.0002 1 -0.0001
vn 0.0013 1 -0.0001
vn -0.0001 1 -0.0001
vn 0.0002 1 -0.0013
vn -0.0005 1 -0.0004
vn -0.0023 1 0.0005
vn 0.0011 1 -0.0003
vn 0.0004 1 -0.0013
vn 0.0004 1 -0.0008
vn -0.0002 1 -0.0003
vn -0.0001 1 0.0001
vn 0.0005 1 -0.0003
vn 0.0003 1 -0.0002
vn -0.0011 1 0.0035
vn -0.0022 1 0.0021
vn 0.0006 1 -0.0005
vn 0.8405 0.5418 -0.0072
vn 0.9858 0.1681 -0.0013
vn 0.9817 0.1902 0.0024
vn 0.8965 0.443 -0.0055
vn 0.8929 0.4503 -0.0024
vn 0.9842 -0.177 -0.0047
vn 0.9098 0.415 0.0014
vn 0.926 0.3775 0.0022
vn 0.9376 0.3476 -0.0048
vn 0.9441 0.3295 0.002
vn 0.9801 -0.1985 0.0041
vn 0.9726 -0.2323 -0.0043
vn 0.9592 0.2826 0.0017
vn 0.9685 0.2491 -0.0036
vn 0.9716 0.2365 -0.007
vn 0.9749 0.2226 0.0002
vn 0.959 -0.2836 -0.0014
vn 0.9437 -0.3307 0.0002
vn 0.9996 -0.029 -0.0006
vn 0.9916 -0.1297 -0.0007
vn 0.9862 -0.1658 -0.0007
vn 0.9787 -0.2052 -0.0054
vn 0.9708 -0.2401 -0.0017
vn 0.9614 -0.2752 0.0002
vn 0.9338 -0.3576 -0.0087
vn 0.929 -0.3702 -0.0016
vn 0.913 -0.4079 0.0047
vn 0.8877 -0.4603 -0.0031
vn 0.885 -0.4656 -0.0064
vn 0.8663 -0.4994 0.0019
vn 0.8444 -0.5357 0.0011
vn 0.8317 -0.5552 -0.0082
vn 0.8146 -0.5801 0.002
vn 0.7867 -0.6173 0.0024
vn 0.7698 -0.6382 -0.0081
vn 0.7541 -0.6567 0.0008
vn 0.7244 -0.6894 0.0003
vn 0.7056 -0.7086 -0.0035
vn 0.7011 -0.7131 -0.0064
vn 0.6744 -0.7384 0.0013
vn 0.645 -0.7642 -0.0037
vn 0.6414 -0.7672 -0.0054
vn 0.622 -0.783 0.0004
vn 0.5865 -0.8099 0.0014
vn 0.561 -0.8278 -0.007
vn 0.5307 -0.8476 0.0048
vn 0.482 -0.8761 -0.0012
vn 0.474 -0.8805 -0.0066
vn 0.4473 -0.8944 0.0013
vn 0.4103 -0.912 0.0009
vn 0.3917 -0.9201 -0.0036
vn 0.3798 -0.9251 -0.0007
vn 0.3505 -0.9366 0
vn 0.3301 -0.944 -0.0029
vn 0.3136 -0.9495 0.0001
vn 0.2828 -0.9592 0.0005
vn 0.2505 -0.9681 -0.0046
vn 0.2503 -0.9681 -0.0045
vn 0.2203 -0.9754 0.0021
vn 0.0244 0.9997 -0.0019
vn 0.1852 -0.9827 0.0041
vn 0.0507 0.9987 0.0015
vn 0.0896 0.996 0.001
vn 0.1364 -0.9906 -0.0055
vn 0.1457 -0.9893 -0.0023
vn 0.1127 0.9936 -0.0039
vn 0.1171 -0.9931 -0.001
vn 0.1312 0.9914 0.001
vn 0.0909 -0.9959 0.0015
vn 0.1714 0.9852 0.0005
vn 0.0568 -0.9984 0.0009
vn 0.0353 -0.9994 -0.0038
vn 0.1984 0.9801 -0.003
vn 0.0137 -0.9999 0.0011
vn 0.1949 0.9808 -0.0017
vn 0.9999 0.0123 -0.0016
vn 0.9998 -0.0059 -0.0195
vn 0.2453 0.9694 0.003
vn 0.2871 0.9579 -0.0036
vn 0.9998 -0.0179 -0.0041
vn 0.3402 0.9403 0.0027
vn 0.3783 0.9257 -0.0045
vn 0.383 0.9237 -0.0022
vn 0.4089 0.9126 0.0014
vn 0.9973 0.0727 -0.0036
vn 0.4511 0.8925 -0.0004
vn 0.464 0.8858 -0.0058
vn 0.4851 0.8744 0.0006
vn 0.5196 0.8544 0.0013
vn 0.5473 0.8369 -0.0047
vn 0.5492 0.8357 -0.004
vn 0.5738 0.819 0.001
vn 0.6022 0.7984 0.0012
vn 1 0.001 0.0026
vn 0.627 0.779 -0.0034
vn 0.6259 0.7799 -0.0028
vn 0.9924 -0.1234 -0.0036
vn 0.6658 0.7461 0.0033
vn 0.6957 0.7183 -0.0037
vn 0.7023 0.7119 -0.0008
vn 0.75 0.6614 -0.0025
vn 0.7383 0.6745 0.0019
vn 0.7689 0.6394 0.001
vn 0.7869 0.6171 -0.0006
vn 0.7931 0.6091 -0.0038
vn 0.8123 0.5832 0.0033
vn 0.8461 0.5331 -0.0032
vn 0.1496 -0.3539 0.9233
vn 0.1512 -0.3283 0.9324
vn 0.1411 -0.3822 0.9132
vn 0.5169 -0.4046 0.7544
vn 0.511 -0.3799 0.7711
vn 0.087 -0.5239 0.8473
vn 0.0894 -0.5167 0.8515
vn 0.0852 -0.3957 0.9144
vn 0.4909 -0.3966 0.7757
vn 0.0978 -0.3396 0.9355
vn 0.0877 -0.3336 0.9386
vn 0.4807 -0.3691 0.7954
vn 0.4497 -0.3926 0.8023
vn 0.4497 -0.3934 0.8019
vn 0.0354 -0.5385 0.8419
vn 0.0447 -0.4994 0.8652
vn -0.0011 -0.5582 0.8297
vn 0.4288 -0.3627 0.8274
vn 0.037 -0.4333 0.9005
vn 0.4028 -0.395 0.8257
vn 0.0131 -0.3507 0.9364
vn 0.8438 -0.5347 0.0455
vn 0.934 -0.3511 0.0665
vn 0.9096 -0.4059 0.0884
vn 0.9059 -0.4032 0.1297
vn 0.2347 -0.366 0.9005
vn 0.8715 -0.4562 0.18
vn 0.8606 -0.4718 0.1918
vn 0.2034 -0.3847 0.9003
vn 0.8612 -0.4655 0.204
vn 0.8298 -0.516 0.2126
vn 0.8461 -0.3766 0.3772
vn 0.8851 -0.2832 0.3693
vn 0.7423 -0.5351 0.4033
vn 0.7534 -0.499 0.4282
vn 0.7327 -0.5193 0.4398
vn 0.8083 -0.3121 0.4992
vn 0.7394 -0.4658 0.4861
vn 0.7057 -0.5249 0.4758
vn 0.9211 -0.3885 0.0264
vn 0.9201 -0.3907 0.0276
vn 0.7298 -0.4133 0.5446
vn 0.6885 -0.5089 0.5167
vn 0.8637 -0.4983 0.075
vn 0.9206 -0.3756 0.1068
vn 0.6635 -0.5133 0.5444
vn 0.713 -0.382 0.588
vn 0.6386 -0.5478 0.5404
vn 0.8332 -0.5358 0.1366
vn 0.6444 -0.5114 0.5686
vn 0.9213 -0.3585 0.1508
vn 0.6917 -0.3871 0.6097
vn 0.9201 -0.3541 0.1674
vn 0.6147 -0.5339 0.5805
vn 0.6159 -0.5192 0.5926
vn 0.6624 -0.3919 0.6385
vn 0.5939 -0.5345 0.6013
vn 0.5961 -0.5141 0.6168
vn 0.904 -0.357 0.2354
vn 0.6402 -0.3864 0.664
vn 0.8211 -0.5125 0.2512
vn 0.8709 -0.4047 0.279
vn 0.8844 -0.3768 0.2755
vn 0.5391 -0.5227 0.6604
vn 0.5226 -0.5447 0.6559
vn 0.5885 -0.3704 0.7187
vn 0.7986 -0.5114 0.3174
vn 0.8693 -0.3789 0.3173
vn 0.5195 -0.5126 0.6836
vn 0.8793 -0.3459 0.3274
vn 0.5597 -0.391 0.7307
vn 0.4973 -0.5264 0.6897
vn 0.7645 -0.5397 0.3525
vn 0.5014 -0.4761 0.7225
vn 0.7814 -0.4829 0.3954
vn 0.8356 -0.3556 0.4188
vn 0.8283 -0.3711 0.4197
vn 0.4331 -0.4659 0.7716
vn 0.2007 -0.2175 0.9552
vn 0.3757 -0.5117 0.7727
vn 0.2289 -0.529 0.8172
vn 0.2274 -0.5227 0.8216
vn 0.7996 -0.4864 0.3522
vn 0.2436 -0.3969 0.885
vn 0.1978 -0.5294 0.825
vn 0.8175 -0.3611 0.4487
vn 0.1825 -0.5571 0.8101
vn 0.7969 -0.3994 0.4532
vn 0.2004 -0.393 0.8974
vn 0.7931 -0.3682 0.4851
vn 0.7511 -0.4566 0.4768
vn 0.1613 -0.518 0.84
vn 0.7449 -0.3527 0.5664
vn 0.7672 -0.3001 0.5669
vn 0.7354 -0.3454 0.5829
vn 0.7583 -0.3959 0.5179
vn 0.6748 -0.5486 0.4937
vn 0.7879 -0.2977 0.5391
vn 0.7945 -0.2807 0.5385
vn -0.1332 0.9873 -0.087
vn 0.5623 -0.5316 0.6334
vn 0.5619 -0.5337 0.632
vn 0.7045 -0.3676 0.6071
vn 0.4389 -0.5801 0.6862
vn 0.4401 -0.5306 0.7244
vn 0.4295 -0.5314 0.7302
vn 0.6815 -0.3593 0.6375
vn 0.3353 -0.5517 0.7637
vn 0.379 -0.5405 0.7512
vn 0.3907 -0.3489 0.8518
vn 0.6494 -0.3704 0.6642
vn 0.3319 -0.4813 0.8113
vn 0.3424 -0.4012 0.8496
vn 0.3508 -0.3789 0.8564
vn 0.1855 -0.4074 0.8942
vn 0.6154 -0.3767 0.6924
vn 0.2635 -0.5544 0.7894
vn 0.2775 -0.5199 0.8079
vn 0.6155 -0.3725 0.6946
vn 0.2983 -0.3249 0.8975
vn 0.294 -0.3661 0.8829
vn 0.2978 -0.3542 0.8865
vn 0.5883 -0.3708 0.7187
vn 0.1377 -0.5233 0.8409
vn 0.5538 -0.3526 0.7543
vn 0.1332 -0.5356 0.8339
vn 0.6284 -0.4889 -0.6051
vn 0.7901 -0.5838 -0.1868
vn 0.5926 -0.5187 -0.6163
vn 0.5948 -0.5062 -0.6245
vn 0.7674 -0.6061 -0.2089
vn 0.7908 -0.5793 -0.1977
vn 0.5619 -0.5112 -0.6503
vn 0.8662 -0.4988 -0.0298
vn 0.8149 -0.4984 -0.2959
vn 0.8383 -0.4107 -0.3586
vn 0.7435 -0.6017 -0.2918
vn 0.9463 -0.2645 -0.186
vn 0.8301 -0.4432 -0.3384
vn 0.9084 -0.3775 -0.1797
vn 0.7432 -0.595 -0.3059
vn 0.7848 -0.5213 -0.3351
vn 0.8619 -0.456 -0.222
vn 0.7828 -0.5064 -0.3615
vn 0.9081 -0.3192 -0.271
vn 0.8338 -0.4876 -0.2589
vn 0.7731 -0.4866 -0.407
vn 0.5785 -0.4874 -0.6541
vn 0.8359 -0.3101 -0.4529
vn 0.784 -0.4426 -0.4352
vn 0.7726 -0.4792 -0.4165
vn 0.7064 -0.576 -0.4114
vn 0.6922 -0.5687 -0.4444
vn 0.9569 -0.2897 -0.0203
vn 0.9116 -0.4112 0.0016
vn 0.6632 -0.5694 -0.4857
vn 0.7108 -0.436 -0.552
vn 0.9112 -0.3997 -0.0997
vn 0.636 -0.5736 -0.5163
vn 0.9424 -0.3079 -0.1305
vn 0.9351 -0.3303 -0.1286
vn 0.678 -0.4385 -0.5899
vn 0.8822 -0.4474 -0.1464
vn 0.612 -0.5697 -0.5485
vn 0.8976 -0.305 -0.3183
vn 0.8405 -0.4371 -0.3202
vn 0.549 -0.6223 -0.558
vn 0.5548 -0.5967 -0.5798
vn 0.809 -0.4483 -0.3803
vn 0.8112 -0.4374 -0.3881
vn 0.8506 -0.3304 -0.4091
vn 0.522 -0.6105 -0.5957
vn 0.5344 -0.5513 -0.6407
vn 0.5306 -0.508 -0.6785
vn 0.4995 -0.5496 -0.6696
vn 0.4853 -0.5661 -0.6664
vn 0.4739 -0.5471 -0.69
vn 0.4441 -0.5729 -0.6889
vn 0.9375 -0.3435 -0.0567
vn 0.9447 -0.3214 -0.0651
vn 0.8597 -0.5066 -0.0652
vn 0.8429 -0.5082 -0.1769
vn 0.8888 -0.4128 -0.199
vn 0.9374 -0.2391 -0.2532
vn 0.9127 -0.3444 -0.2201
vn 0.8946 -0.3928 -0.2133
vn 0.853 -0.4555 -0.2549
vn 0.4391 -0.5382 -0.7194
vn 0.3751 -0.6164 -0.6924
vn 0.831 -0.4897 -0.264
vn 0.8963 -0.3201 -0.3068
vn 0.3749 -0.6105 -0.6977
vn 0.8145 -0.5122 -0.2724
vn 0.3478 -0.5873 -0.7308
vn 0.2626 -0.6629 -0.7012
vn 0.773 -0.4416 -0.4555
vn 0.7192 -0.5398 -0.4375
vn 0.7753 -0.4261 -0.4662
vn 0.7539 -0.4467 -0.4818
vn 0.7154 -0.539 -0.4445
vn 0.753 -0.4419 -0.4876
vn 0.0805 -0.5652 -0.821
vn 0.0389 -0.5893 -0.807
vn 0.0336 -0.5684 -0.8221
vn 0.7304 -0.4666 -0.4988
vn 0.8721 -0.4892 -0.0144
vn 0.7248 -0.4649 -0.5085
vn 0.7537 -0.4251 -0.5012
vn 0.8787 -0.4751 -0.0473
vn 0.6704 -0.5423 -0.5065
vn 0.7053 -0.4731 -0.5279
vn 0.8755 -0.4728 -0.0999
vn 0.8582 -0.5061 -0.0862
vn 0.6731 -0.4828 -0.5601
vn 0.8424 -0.5253 -0.1198
vn 0.6421 -0.5491 -0.535
vn 0.7329 -0.6698 -0.1193
vn 0.876 -0.4598 -0.1457
vn 0.8484 -0.5064 -0.1543
vn 0.6142 -0.548 -0.5679
vn 0.628 -0.5134 -0.5849
vn 0.4341 0.6163 0.6571
vn 0.4462 0.6061 0.6584
vn 0.9727 0.1227 0.1971
vn 0.033 0.6703 0.7413
vn 0.0269 0.6724 0.7397
vn 0.6852 0.4593 0.5653
vn 0.0533 0.6327 0.7725
vn 0.3736 0.7827 0.4978
vn 0.39 0.7549 0.5273
vn 0.2382 0.9211 0.3079
vn 0.2013 0.5014 0.8415
vn 0.1777 0.523 0.8336
vn 0.3941 0.6089 0.6884
vn 0.2239 0.4837 0.8461
vn 0.2693 0.4281 0.8627
vn 0.378 0.4955 0.782
vn 0.1553 0.5274 0.8353
vn 0.3748 0.5752 0.7271
vn 0.0988 0.5821 0.8071
vn 0.0991 0.5812 0.8077
vn 0.6427 0.4725 0.6031
vn 0.0527 0.6228 0.7806
vn 0.6234 0.4915 0.6081
vn 0.3295 0.845 0.4211
vn 0.0258 0.6719 0.7402
vn 0.1675 0.9508 0.2608
vn 0.1723 0.949 0.264
vn 0.2429 0.4597 0.8542
vn 0.3587 0.8087 0.4661
vn 0.301 0.8739 0.3817
vn 0.5037 0.6422 0.5778
vn 0.4029 0.7402 0.5383
vn 0.3785 0.6304 0.6778
vn 0.2595 0.4222 0.8685
vn 0.3444 0.4922 0.7995
vn 0.3189 0.5098 0.799
vn 0.2526 0.9066 0.3381
vn 0.6423 0.4628 0.611
vn 0.3306 0.4278 0.8412
vn 0.3284 0.4503 0.8303
vn 0.7475 0.4054 0.5262
vn 0.3059 0.4088 0.8598
vn 0.7771 0.375 0.5054
vn 0.719 0.4238 0.5509
vn 0.1022 0.9734 0.2051
vn 0.1095 0.9714 0.2108
vn 0.3351 0.5699 0.7503
vn 0.3457 0.5606 0.7524
vn 0.9478 0.164 0.2735
vn 0.9465 0.1686 0.2751
vn 0.2981 0.8705 0.3916
vn 0.2005 0.4791 0.8545
vn 0.3901 0.6537 0.6484
vn 0.0872 0.5568 0.8261
vn 0.0918 0.552 0.8288
vn 0.2254 0.4475 0.8654
vn 0.0361 0.6027 0.7972
vn 0.2449 0.8994 0.3621
vn 0.1263 0.5316 0.8376
vn 0.1366 0.5256 0.8397
vn 0.3615 0.7818 0.508
vn 0.3677 0.7782 0.5091
vn 0.1683 0.5044 0.8469
vn 0.2965 0.4198 0.8578
vn 0.3338 0.6109 0.7179
vn 0.4723 0.6378 0.6084
vn 0.3921 0.7079 0.5874
vn 0.6634 0.4485 0.5989
vn 0.0429 0.584 0.8106
vn 0.7257 0.3963 0.5624
vn 0.6799 0.4306 0.5936
vn 0.324 0.8346 0.4455
vn 0.5304 0.5707 0.6269
vn 0.2864 0.4111 0.8654
vn 0.0473 0.9841 0.171
vn 0.5838 0.4931 0.6449
vn 0.6264 0.4807 0.6136
vn 0.0074 0.6079 0.794
vn 0.3751 0.7493 0.5457
vn 0.3334 0.6113 0.7178
vn 0.2936 0.5023 0.8133
vn 0.3151 0.484 0.8164
vn 0.0554 0.5439 0.8373
vn 0.3396 0.6469 0.6828
vn 0.7231 0.3986 0.5641
vn 0.038 0.5671 0.8228
vn 0.3017 0.5685 0.7654
vn 0.903 0.2237 0.3668
vn 0.3176 0.5581 0.7666
vn 0.094 0.5201 0.8489
vn 0.1967 0.4578 0.8671
vn 0.1928 0.4616 0.8659
vn 0.9174 0.195 0.347
vn 0.2881 0.6022 0.7445
vn 0.5983 0.4687 0.6498
vn 0.2315 0.4312 0.8721
vn 0.269 0.4085 0.8722
vn 0.2613 0.4116 0.8731
vn 0.2922 0.4562 0.8406
vn 0.3023 0.4397 0.8457
vn 0.1847 0.9285 0.3221
vn 0.1877 0.9272 0.3242
vn 0.1462 0.4872 0.861
vn 0.7769 0.348 0.5247
vn 0.454 0.6476 0.6119
vn 0.3287 0.6541 0.6812
vn 0.0645 0.9771 0.2025
vn 0.0869 0.5231 0.8478
vn 0.0442 0.5294 0.8473
vn 0.2984 0.6157 0.7293
vn 0.6074 0.4504 0.6544
vn 0.2948 0.6475 0.7027
vn 0.3372 0.8106 0.4788
vn 0.3363 0.8114 0.4781
vn 0.6273 0.4337 0.6469
vn 0.3644 0.7672 0.5279
vn 0.6733 0.4095 0.6155
vn 0.88 0.2409 0.4093
vn 0.3599 0.7374 0.5716
vn 0.2926 0.5317 0.7948
vn 0.2695 0.5591 0.7841
vn 0.5551 0.4886 0.6732
vn 0.2643 0.6643 0.6992
vn 0.222 0.4238 0.8781
vn 0.0576 0.5196 0.8524
vn 0.1283 0.4866 0.8641
vn 0.1236 0.4895 0.8632
vn 0.2754 0.4914 0.8262
vn 0.2925 0.4684 0.8337
vn 0.17 0.4647 0.869
vn 0.0069 0.9843 0.1766
vn 0.0214 0.5254 0.8506
vn 0.3497 0.7766 0.524
vn 0.2681 0.434 0.8601
vn 0.3703 0.708 0.6013
vn 0.6185 0.4357 0.654
vn 0.8188 0.3007 0.489
vn 0.6674 0.415 0.6184
vn 0.1997 0.9058 0.3738
vn 0.2029 0.9042 0.3758
vn 0.3932 0.6608 0.6393
vn 0.2415 0.6177 0.7485
vn 0.045 0.9719 0.2309
vn 0.2634 0.4391 0.859
vn 0.5835 0.4568 0.6714
vn 0.5899 0.4524 0.6689
vn 0.2751 0.5936 0.7563
vn 0.0032 0.5295 0.8483
vn 0.0869 0.9556 0.2815
vn 0.0953 0.4943 0.8641
vn 0.8005 0.3091 0.5135
vn 0.1974 0.43 0.881
vn 0.2015 0.4273 0.8814
vn 0.2748 0.5341 0.7995
vn 0.3337 0.7906 0.5135
vn 0.6395 0.4201 0.6439
vn 0.2502 0.5736 0.78
vn 0.0015 0.9752 0.2212
vn 0.4389 0.5787 0.6874
vn 0.0455 0.5048 0.8621
vn 0.1546 0.4526 0.8782
vn 0.3576 0.7238 0.5901
vn 0.4997 0.532 0.6835
vn 0.2594 0.5139 0.8177
vn 0.0783 0.49 0.8682
vn 0.2553 0.4113 0.875
vn 0.8194 0.5593 0.1257
vn 0.269 0.4566 0.848
vn 0.2505 0.4772 0.8423
vn 0.5455 0.4704 0.6937
vn 0.6727 0.7292 0.1256
vn 0.2431 0.421 0.8738
vn 0.7523 0.6485 0.1161
vn 0.7748 0.6161 0.1418
vn 0.7105 0.6889 0.1439
vn 0.7664 0.3386 0.5458
vn 0.6254 0.7632 0.1621
vn 0.2569 0.5689 0.7813
vn 0.2436 0.6194 0.7463
vn 0.8096 0.5689 0.1447
vn 0.6667 0.7327 0.1368
vn 0.0222 0.5087 0.8607
vn 0.0519 0.4972 0.8661
vn 0.8469 0.5132 0.1396
vn 0.7115 0.6862 0.1514
vn 0.0492 0.9606 0.2734
vn 0.0498 0.9603 0.2744
vn 0.3463 0.7475 0.5669
vn 0.3431 0.7506 0.5646
vn 0.2462 0.6163 0.748
vn 0.3606 0.6815 0.6368
vn 0.6282 0.7618 0.1578
vn 0.8579 0.4907 0.1522
vn 0.1321 0.4554 0.8804
vn 0.1253 0.4597 0.8792
vn 0.7752 0.6136 0.1501
vn 0.174 0.4337 0.8841
vn 0.7514 0.3446 0.5627
vn 0.2308 0.6574 0.7173
vn 0.5577 0.4493 0.698
vn 0.5448 0.4525 0.706
vn 0.2277 0.8673 0.4427
vn 0.231 0.4115 0.8816
vn 0.2178 0.4172 0.8823
vn 0.5818 0.7993 0.1502
vn 0.2315 0.6736 0.7019
vn 0.0082 0.5054 0.8629
vn 0.8539 0.4964 0.1565
vn 0.6979 0.6927 0.1822
vn 0.8017 0.5687 0.1841
vn 0.5898 0.4228 0.688
vn 0.8324 0.5333 0.1507
vn 0.2438 0.446 0.8612
vn 0.2246 0.4631 0.8574
vn 0.7683 0.615 0.1775
vn 0.2866 0.8213 0.4932
vn 0.8855 0.2478 0.393
vn 0.229 0.5465 0.8056
vn 0.7303 0.6546 0.1952
vn 0.1941 0.6644 0.7217
vn 0.3217 0.7874 0.5259
vn 0.2504 0.5078 0.8243
vn 0.238 0.5177 0.8218
vn 0.0947 0.9385 0.3319
vn 0.8764 0.4551 0.1574
vn 0.3428 0.7518 0.5632
vn 0.8464 0.4991 0.186
vn 0.7945 0.5755 0.1939
vn 0.3416 0.7188 0.6056
vn 0.5199 0.4393 0.7326
vn 0.7159 0.3679 0.5934
vn 0.7161 0.3678 0.5933
vn 0.2119 0.8738 0.4378
vn 0.1658 0.4269 0.889
vn 0.7767 0.5982 0.1971
vn 0.3685 0.6647 0.6499
vn 0.1951 0.4163 0.888
vn 0.2036 0.4125 0.8879
vn 0.2374 0.5666 0.7891
vn 0.4382 0.5204 0.7329
vn 0.7515 0.6296 0.1972
vn 0.8499 0.3038 0.4305
vn 0.8183 0.5434 0.1871
vn 0.6257 0.4108 0.6631
vn 0.5065 0.4608 0.7288
vn 0.5861 0.7814 0.2141
vn 0.4999 0.4698 0.7276
vn 0.0029 0.4881 0.8728
vn 0.621 0.7548 0.211
vn 0.0856 0.4638 0.8818
vn 0.0781 0.4679 0.8803
vn 0.3891 0.6087 0.6914
vn 0.5131 0.8337 0.2039
vn 0.2238 0.5059 0.8331
vn 0.6742 0.7104 0.202
vn 0.0322 0.4825 0.8753
vn 0.8946 0.4169 0.1608
vn 0.2415 0.8426 0.4813
vn 0.7113 0.6666 0.223
vn 0.7087 0.6693 0.2233
vn 0.036 0.9472 0.3186
vn 0.2162 0.6159 0.7576
vn 0.3108 0.7686 0.5591
vn 0.4729 0.4991 0.7261
vn 0.2146 0.4963 0.8412
vn 0.5758 0.422 0.7002
vn 0.5571 0.4308 0.71
vn 0.02 0.4817 0.8761
vn 0.2143 0.6086 0.764
vn 0.1973 0.5626 0.8028
vn 0.3305 0.7234 0.6062
vn 0.6146 0.4197 0.6679
vn 0.911 0.38 0.1601
vn 0.2865 0.8047 0.5199
vn 0.8679 0.4607 0.1855
vn 0.8759 0.4456 0.1848
vn 0.01 0.4838 0.8751
vn 0.1405 0.4298 0.8919
vn 0.1334 0.4331 0.8914
vn 0.059 0.4679 0.8818
vn 0.7563 0.6054 0.2479
vn 0.8463 0.4903 0.2083
vn 0.1951 0.4516 0.8706
vn 0.217 0.4347 0.8741
vn 0.8197 0.5345 0.2059
vn 0.0725 0.9337 0.3506
vn 0.6317 0.7323 0.2542
vn 0.7627 0.3586 0.5382
vn 0.2022 0.6595 0.724
vn 0.176 0.4156 0.8923
vn 0.429 0.5194 0.739
vn 0.7824 0.5705 0.2499
vn 0.805 0.3422 0.4847
vn 0.8155 0.328 0.4768
vn 0.2128 0.5524 0.8059
vn 0.6684 0.3947 0.6305
vn 0.1885 0.4895 0.8514
vn 0.7159 0.6448 0.2677
vn 0.6717 0.3921 0.6286
vn 0.4529 0.8607 0.2328
vn 0.8111 0.5337 0.2393
vn 0.0046 0.944 0.33
vn 0.4998 0.8243 0.266
vn 0.1668 0.4123 0.8956
vn 0.1103 0.4327 0.8948
vn 0.8573 0.469 0.2121
vn 0.3336 0.7176 0.6113
vn 0.587 0.4251 0.689
vn 0.7542 0.6075 0.2493
vn 0.2738 0.7952 0.541
vn 0.6402 0.7297 0.2404
vn 0.9007 0.3982 0.1737
vn 0.5798 0.7687 0.2701
vn 0.5538 0.4267 0.715
vn 0.6762 0.6873 0.2655
vn 0.6675 0.6956 0.2657
vn 0.1717 0.4414 0.8807
vn 0.1937 0.4242 0.8846
vn 0.0412 0.4562 0.8889
vn 0.7177 0.3915 0.576
vn 0.4662 0.4717 0.7485
vn 0.1481 0.4145 0.8979
vn 0.3548 0.6304 0.6905
vn 0.3581 0.6213 0.6969
vn 0.8022 0.5421 0.2502
vn 0.2238 0.8337 0.5047
vn 0.7466 0.383 0.544
vn 0.5138 0.4321 0.7412
vn 0.3407 0.6753 0.6541
vn 0.334 0.6842 0.6483
vn 0.0862 0.4458 0.891
vn 0.1947 0.4858 0.8521
vn 0.1805 0.6089 0.7724
vn 0.7126 0.6492 0.266
vn 0.2002 0.5826 0.7877
vn 0.1859 0.6354 0.7495
vn 0.0739 0.9162 0.3939
vn 0.0681 0.9217 0.3818
vn 0.4965 0.4525 0.7407
vn 0.3046 0.7548 0.5809
vn 0.3257 0.7383 0.5906
vn 0.7091 0.393 0.5854
vn 0.4684 0.8478 0.2487
vn 0.1873 0.5303 0.8269
vn 0.1734 0.5439 0.8211
vn 0.1449 0.6643 0.7333
vn 0.3491 0.5941 0.7247
vn 0.0221 0.4552 0.8901
vn 0.0176 0.4583 0.8886
vn 0.0585 0.4436 0.8943
vn 0.1042 0.4234 0.8999
vn 0.1785 0.6224 0.7621
vn 0.5599 0.7771 0.2875
vn 0.4142 0.5011 0.7598
vn 0.7114 0.6399 0.2907
vn 0.4489 0.4626 0.7646
vn 0.4847 0.427 0.7634
vn 0.1461 0.4319 0.89
vn 0.3796 0.5507 0.7434
vn 0.6787 0.6745 0.2905
vn 0.1546 0.4753 0.8661
vn 0.1715 0.4604 0.871
vn 0.7303 0.615 0.2974
vn 0.1686 0.5744 0.801
vn 0.3117 0.6905 0.6527
vn 0.1352 0.5376 0.8323
vn 0.0819 0.4206 0.9035
vn 0.3258 0.6475 0.6889
vn 0.4757 0.4384 0.7626
vn 0.2413 0.8009 0.548
vn 0.0111 0.9249 0.3801
vn 0.8877 0.4063 0.2166
vn 0.1267 0.4095 0.9035
vn 0.008 0.4443 0.8958
vn 0.1528 0.5968 0.7877
vn 0.119 0.4111 0.9038
vn 0.6368 0.7076 0.3063
vn 0.0797 0.897 0.4348
vn 0.0724 0.9029 0.4238
vn 0.6602 0.4237 0.6201
vn 0.1535 0.5233 0.8382
vn 0.8449 0.4682 0.2587
vn 0.5409 0.7896 0.2897
vn 0.9295 0.33 0.165
vn 0.1509 0.6131 0.7755
vn 0.0528 0.4298 0.9014
vn 0.0525 0.4301 0.9012
vn 0.4787 0.4285 0.7663
vn 0.7582 0.5745 0.3085
vn 0.1209 0.868 0.4816
vn 0.1352 0.6401 0.7563
vn 0.1235 0.465 0.8766
vn 0.1495 0.4441 0.8834
vn 0.4186 0.469 0.7777
vn 0.1445 0.5087 0.8487
vn 0.3689 0.5553 0.7454
vn 0.7282 0.606 0.3203
vn 0.9478 0.282 0.1488
vn 0.5277 0.4262 0.7348
vn 0.688 0.6434 0.3357
vn 0.9239 0.3388 0.1779
vn 0.4372 0.4421 0.7832
vn 0.4518 0.4301 0.7816
vn 0.3296 0.6379 0.696
vn 0.2242 0.7914 0.5688
vn 0.1325 0.5361 0.8337
vn 0.3118 0.7194 0.6207
vn 0.5857 0.425 0.6901
vn 0.2639 0.757 0.5977
vn 0.4971 0.8048 0.3243
vn 0.4904 0.8123 0.3159
vn 0.2999 0.6849 0.6641
vn 0.133 0.5404 0.8308
vn 0.3174 0.6627 0.6783
vn 0.023 0.4329 0.9011
vn 0.8222 0.4867 0.2953
vn 0.8398 0.4637 0.2824
vn 0.5507 0.7632 0.338
vn 0.7587 0.5591 0.3343
vn 0.4512 0.4194 0.7878
vn 0.7305 0.5919 0.3406
vn 0.0969 0.4502 0.8876
vn 0.1203 0.4306 0.8945
vn 0.0016 0.4212 0.907
vn 0.0881 0.4038 0.9106
vn 0.0794 0.4067 0.9101
vn 0.8794 0.41 0.242
vn 0.1179 0.5805 0.8057
vn 0.864 0.4375 0.2491
vn 0.0386 0.4129 0.91
vn 0.9193 0.3482 0.1833
vn 0.1218 0.4971 0.8591
vn 0.1064 0.5114 0.8527
vn 0.6326 0.6902 0.3514
vn 0.6159 0.7072 0.3471
vn 0.6295 0.4266 0.6494
vn 0.4163 0.8605 0.2936
vn 0.7692 0.394 0.503
vn 0.5176 0.429 0.7403
vn 0.1986 0.7957 0.5722
vn 0.4078 0.4628 0.787
vn 0.1191 0.5914 0.7976
vn 0.4421 0.8418 0.3098
vn 0.4407 0.8452 0.3025
vn 0.6624 0.66 0.3544
vn 0.6776 0.6422 0.3583
vn 0.3522 0.9074 0.2295
vn 0.0818 0.8862 0.456
vn 0.0063 0.4164 0.9092
vn 0.3433 0.5473 0.7633
vn 0.3757 0.5025 0.7787
vn 0.3725 0.5062 0.7778
vn 0.2934 0.6985 0.6526
vn 0.1258 0.8518 0.5086
vn 0.1229 0.8541 0.5054
vn 0.1103 0.6146 0.7811
vn 0.7135 0.5988 0.3638
vn 0.6898 0.6244 0.3665
vn 0.1037 0.5562 0.8246
vn 0.2731 0.7421 0.6122
vn 0.3128 0.6145 0.7243
vn 0.8958 0.3782 0.2336
vn 0.9479 0.2821 0.1482
vn 0.0818 0.5001 0.8621
vn 0.0956 0.4845 0.8696
vn 0.0466 0.4056 0.9129
vn 0.0601 0.4368 0.8975
vn 0.2917 0.652 0.6998
vn 0.3039 0.6337 0.7114
vn 0.8608 0.4356 0.2631
vn 0.5563 0.4343 0.7085
vn 0.5436 0.4421 0.7135
vn 0.0322 0.3991 0.9164
vn 0.5274 0.7745 0.3492
vn 0.4718 0.4337 0.7677
vn 0.2935 0.6982 0.653
vn 0.9373 0.2946 0.1861
vn 0.6851 0.426 0.5909
vn 0.0801 0.5412 0.8371
vn 0.0803 0.541 0.8372
vn 0.0634 0.4448 0.8934
vn 0.9 0.3717 0.2277
vn 0.0123 0.8984 0.439
vn 0.2626 0.7268 0.6346
vn 0.0023 0.3969 0.9179
vn 0.2364 0.7644 0.5999
vn 0.3353 0.907 0.2546
vn 0.0465 0.4878 0.8717
vn 0.0529 0.4786 0.8765
vn 0.4079 0.4347 0.8029
vn 0.0704 0.5928 0.8023
vn 0.7086 0.4395 0.552
vn 0.7237 0.425 0.5437
vn 0.3756 0.4747 0.796
vn 0.8866 0.3838 0.2582
vn 0.6104 0.4619 0.6435
vn 0.0043 0.4411 0.8974
vn 0.5715 0.4586 0.6805
vn 0.0353 0.4246 0.9047
vn 0.0155 0.4543 0.8907
vn 0.4386 0.4239 0.7924
vn 0.0738 0.604 0.7936
vn 0.6394 0.6649 0.3861
vn 0.4845 0.4291 0.7623
vn 0.4413 0.8243 0.3546
vn 0.1345 0.823 0.5519
vn 0.0444 0.5423 0.839
vn 0.1285 0.8259 0.549
vn 0.0436 0.5431 0.8385
vn 0.0484 0.8691 0.4922
vn 0.698 0.6029 0.3864
vn 0.4952 0.4548 0.7402
vn 0.0219 0.4944 0.869
vn 0.3163 0.5907 0.7423
vn 0.5998 0.7083 0.3721
vn 0.4517 0.4234 0.7853
vn 0.9251 0.3213 0.2024
vn 0.0138 0.5311 0.8472
vn 0.2927 0.9314 0.2162
vn 0.334 0.9055 0.2619
vn 0.2114 0.7417 0.6366
vn 0.0229 0.5699 0.8214
vn 0.4314 0.8328 0.3468
vn 0.034 0.6069 0.794
vn 0.0418 0.5982 0.8002
vn 0.0068 0.8923 0.4514
vn 0.5369 0.4549 0.7105
vn 0.6277 0.4689 0.6214
vn 0.0116 0.601 0.7992
vn 0.9634 0.2246 0.1467
vn 0.7924 0.4978 0.3525
vn 0.0068 0.5946 0.804
vn 0.6637 0.6356 0.3943
vn 0.7314 0.6655 0.1491
vn 0.602 0.7789 0.1758
vn 0.4022 0.4399 0.803
vn 0.6582 0.7265 0.1974
vn 0.651 0.4722 0.5943
vn 0.6401 0.7366 0.2184
vn 0.5534 0.8069 0.2063
vn 0.5933 0.7714 0.2301
vn 0.7412 0.6266 0.2406
vn 0.5518 0.8035 0.2233
vn 0.4331 0.4333 0.7903
vn 0.5406 0.8056 0.2425
vn 0.3364 0.5101 0.7916
vn 0.3404 0.5053 0.793
vn 0.3618 0.4649 0.808
vn 0.5982 0.7517 0.2777
vn 0.6659 0.7047 0.245
vn 0.8549 0.4254 0.2969
vn 0.8686 0.4005 0.2918
vn 0.4917 0.8365 0.2417
vn 0.7744 0.5774 0.2586
vn 0.9154 0.3315 0.2284
vn 0.8209 0.5151 0.2465
vn 0.4902 0.8221 0.2895
vn 0.346 0.8957 0.2795
vn 0.0517 0.8503 0.5238
vn 0.4286 0.8683 0.2497
vn 0.2737 0.6202 0.7352
vn 0.2941 0.6016 0.7427
vn 0.6003 0.737 0.3107
vn 0.6208 0.7248 0.2989
vn 0.3844 0.8838 0.2666
vn 0.4008 0.8857 0.2343
vn 0.3911 0.8871 0.2452
vn 0.7844 0.5386 0.3076
vn 0.5785 0.7409 0.3412
vn 0.8156 0.5057 0.2812
vn 0.9553 0.2472 0.1623
vn 0.5154 0.7958 0.3178
vn 0.6662 0.6719 0.3237
vn 0.5339 0.7416 0.4061
vn 0.7749 0.5456 0.319
vn 0.7586 0.5441 0.3584
vn 0.7863 0.5111 0.3471
vn 0.7975 0.5181 0.3092
vn 0.5677 0.7465 0.3472
vn 0.3929 0.8686 0.3019
vn 0.3975 0.8649 0.3063
vn 0.2281 0.727 0.6476
vn 0.7367 0.5607 0.378
vn 0.7221 0.5603 0.4057
vn 0.7662 0.5254 0.37
vn 0.7988 0.473 0.3718
vn 0.8282 0.4585 0.3222
vn 0.8303 0.4557 0.3208
vn 0.0952 0.8179 0.5674
vn 0.4705 0.8005 0.3713
vn 0.582 0.7078 0.4003
vn 0.5006 0.7729 0.3898
vn 0.3936 0.8575 0.3313
vn 0.6884 0.5899 0.422
vn 0.0108 0.8806 0.4737
vn 0.4699 0.795 0.3836
vn 0.8776 0.3738 0.3001
vn 0.3988 0.8475 0.3502
vn 0.7454 0.5177 0.4199
vn 0.6925 0.5758 0.4346
vn 0.6836 0.5719 0.4534
vn 0.7875 0.4842 0.3813
vn 0.4839 0.78 0.3967
vn 0.2713 0.6477 0.712
vn 0.2604 0.6642 0.7007
vn 0.7301 0.5252 0.4372
vn 0.7152 0.524 0.4626
vn 0.3953 0.8254 0.4032
vn 0.774 0.4874 0.4043
vn 0.4892 0.7484 0.4479
vn 0.8593 0.3908 0.33
vn 0.8529 0.4 0.3355
vn 0.2534 0.6877 0.6803
vn 0.8022 0.4525 0.3895
vn 0.777 0.4563 0.4336
vn 0.147 0.7964 0.5866
vn 0.0496 0.8476 0.5283
vn 0.7321 0.4904 0.4728
vn 0.6562 0.5796 0.4832
vn 0.8696 0.3549 0.3433
vn 0.4553 0.7658 0.454
vn 0.8216 0.4143 0.3916
vn 0.8183 0.4197 0.3927
vn 0.4546 0.7694 0.4487
vn 0.7678 0.4668 0.4389
vn 0.2898 0.5787 0.7623
vn 0.715 0.5011 0.4876
vn 0.6968 0.4977 0.5165
vn 0.9714 0.1625 0.1733
vn 0.2978 0.5415 0.7862
vn 0.6402 0.558 0.5279
vn 0.634 0.5582 0.5352
vn 0.8586 0.3658 0.3592
vn 0.6081 0.5969 0.5233
vn 0.4432 0.8178 0.3671
vn 0.9079 0.3021 0.2907
vn 0.9577 0.1976 0.209
vn 0.7239 0.471 0.5042
vn 0.6679 0.5064 0.5455
vn 0.438 0.757 0.4849
vn 0.6249 0.6531 0.4277
vn 0.3976 0.4125 0.8196
vn 0.6449 0.6344 0.4262
vn 0.9482 0.2024 0.2449
vn 0.8778 0.3263 0.3506
vn 0.8852 0.3154 0.3419
vn 0.7037 0.4764 0.5271
vn 0.7595 0.4404 0.4788
vn 0.9271 0.2472 0.2817
vn 0.3375 0.4707 0.8152
vn 0.5245 0.6729 0.5217
vn 0.6808 0.4695 0.5622
vn 0.5102 0.6724 0.5363
vn 0.6168 0.5321 0.5801
vn 0.6057 0.5746 0.5504
vn 0.5929 0.5697 0.5692
vn 0.4476 0.7335 0.5115
vn 0.8347 0.4355 0.3371
vn 0.9207 0.2478 0.3015
vn 0.2825 0.9303 0.234
vn 0.7201 0.4486 0.5294
vn 0.7295 0.4518 0.5136
vn 0.6472 0.5119 0.5649
vn 0.6485 0.5085 0.5665
vn 0.9717 0.1315 0.196
vn 0.8081 0.3632 0.4637
vn 0.8556 0.3405 0.3898
vn 0.5559 0.4725 0.6839
vn 0.5954 0.5302 0.6037
vn 0.4177 0.8358 0.3564
vn 0.4751 0.6933 0.5418
vn 0.3688 0.433 0.8225
vn 0.4147 0.7275 0.5467
vn 0.5545 0.6118 0.5642
vn 0.9399 0.2738 0.2041
vn 0.9416 0.2692 0.2025
vn 0.5649 0.4885 0.6651
vn 0.8836 0.2845 0.3719
vn 0.4173 0.4132 0.8094
vn 0.8855 0.282 0.3693
vn 0.9459 0.1811 0.2692
vn 0.9488 0.1684 0.2673
vn 0.4129 0.7223 0.5548
vn 0.2532 0.6526 0.7142
vn 0.5951 0.5305 0.6037
vn 0.8704 0.2907 0.3974
vn 0.8516 0.3093 0.4232
vn 0.5496 0.5639 0.6164
vn 0.5707 0.5756 0.5857
vn 0.5131 0.465 0.7215
vn 0.6636 0.4492 0.5982
vn 0.4469 0.6921 0.5668
vn 0.4382 0.6808 0.5869
vn 0.5366 0.6138 0.5791
vn 0.7194 0.424 0.5501
vn 0.5943 0.5009 0.6292
vn 0.9202 0.2205 0.3236
vn 0.8143 0.3338 0.4748
vn 0.8239 0.3223 0.4662
vn 0.5139 0.5926 0.6203
vn 0.4924 0.5982 0.6322
vn 0.0592 0.8243 0.5631
vn 0.9029 0.2236 0.3671
vn 0.5569 0.536 0.6345
vn 0.5413 0.5229 0.6584
vn 0.4068 0.6852 0.6042
vn 0.4822 0.6061 0.6326
vn 0.5193 0.7488 0.4118
vn 0.1182 0.9561 0.2682
vn 0.1245 0.9581 0.258
vn 0.1243 0.7754 0.6191
vn 0.4365 0.5994 0.671
vn 0.4612 0.56 0.6883
vn 0.263 0.6385 0.7233
vn 0.539 0.4999 0.6779
vn 0.5148 0.4925 0.7018
vn 0.133 0.9332 0.3339
vn 0.4956 0.5388 0.6813
vn 0.4143 0.6206 0.6657
vn 0.8208 0.4364 0.3685
vn 0.4138 0.6388 0.6486
vn 0.1381 0.931 0.3378
vn 0.1414 0.914 0.3802
vn 0.465 0.552 0.6921
vn 0.4918 0.5053 0.7091
vn 0.1494 0.9085 0.3904
vn 0.401 0.5724 0.7152
vn 0.146 0.8982 0.4147
vn 0.3898 0.5529 0.7364
vn 0.185 0.8729 0.4515
vn 0.5467 0.7257 0.4176
vn 0.158 0.8829 0.4423
vn 0.2842 0.7786 0.5594
vn 0.1793 0.8503 0.4948
vn 0.1915 0.839 0.5093
vn 0.0539 0.8196 0.5704
vn 0.3275 0.5817 0.7445
vn 0.1768 0.8248 0.537
vn 0.5338 0.513 0.6722
vn 0.5849 0.6803 0.4416
vn 0.2736 0.7021 0.6574
vn 0.3286 0.5611 0.7597
vn 0.1779 0.7884 0.5889
vn 0.6125 0.6567 0.4399
vn 0.1735 0.7596 0.6268
vn 0.2017 0.7423 0.639
vn 0.3305 0.4649 0.8213
vn 0.2529 0.6529 0.7139
vn 0.2515 0.6131 0.7489
vn 0.1679 0.7142 0.6795
vn 0.3665 0.4343 0.8228
vn 0.1575 0.678 0.718
vn 0.1699 0.6894 0.7042
vn 0.2117 0.578 0.7881
vn 0.2171 0.5717 0.7912
vn 0.1611 0.6066 0.7785
vn 0.1582 0.6151 0.7724
vn 0.1527 0.5713 0.8064
vn 0.1354 0.5513 0.8233
vn 0.2717 0.8679 0.416
vn 0.2746 0.8711 0.4072
vn 0.2858 0.8436 0.4546
vn 0.2777 0.8328 0.4788
vn 0.2168 0.688 0.6926
vn 0.2212 0.6837 0.6954
vn 0.0154 0.8471 0.5313
vn 0.8464 0.2716 0.4581
vn 0.86 0.2636 0.4369
vn 0.2836 0.5571 0.7805
vn 0.7567 0.4993 0.422
vn 0.6127 0.5047 0.6082
vn 0.1372 0.7562 0.6398
vn 0.6431 0.6134 0.4584
vn 0.4413 0.4382 0.7831
vn 0.6365 0.6251 0.4518
vn 0.4065 0.4208 0.811
vn 0.9629 0.2101 0.1691
vn 0.4874 0.4976 0.7175
vn 0.3478 0.884 0.3125
vn 0.0985 0.782 0.6154
vn 0.4512 0.4843 0.7496
vn 0.4738 0.4612 0.7502
vn 0.4259 0.7982 0.426
vn 0.2461 0.9439 0.2202
vn 0.2979 0.5127 0.8052
vn 0.2999 0.5103 0.806
vn 0.3926 0.4174 0.8195
vn 0.9092 0.3231 0.2626
vn 0.9105 0.3193 0.2626
vn 0.2898 0.9184 0.2692
vn 0.2953 0.9154 0.2734
vn 0.8862 0.3539 0.299
vn 0.6314 0.5092 0.5849
vn 0.1298 0.7401 0.6599
vn 0.5702 0.6834 0.4559
vn 0.2177 0.6556 0.7231
vn 0.4191 0.8058 0.4184
vn 0.3725 0.418 0.8286
vn 0.9563 0.2171 0.196
vn 0.501 0.5057 0.7024
vn 0.2577 0.6007 0.7568
vn 0.9744 0.1664 0.1512
vn 0.5774 0.5246 0.6256
vn 0.5659 0.5356 0.6268
vn 0.5411 0.517 0.6633
vn 0.5369 0.7103 0.4551
vn 0.6384 0.6013 0.4805
vn 0.2232 0.6062 0.7634
vn 0.212 0.6243 0.7519
vn 0.3402 0.8804 0.3305
vn 0.605 0.6348 0.4806
vn 0.604 0.6372 0.4787
vn 0.2049 0.6404 0.7402
vn 0.0153 0.8123 0.5831
vn 0.3309 0.4363 0.8368
vn 0.3335 0.4347 0.8365
vn 0.4243 0.7904 0.4418
vn 0.0605 0.7763 0.6274
vn 0.066 0.7734 0.6305
vn 0.9415 0.2519 0.224
vn 0.3521 0.8632 0.3619
vn 0.4252 0.4855 0.7639
vn 0.1058 0.7283 0.677
vn 0.3817 0.8414 0.3826
vn 0.6918 0.5294 0.4911
vn 0.6771 0.5417 0.4981
vn 0.2488 0.5455 0.8003
vn 0.258 0.5377 0.8027
vn 0.1893 0.9622 0.1958
vn 0.346 0.8688 0.3543
vn 0.4753 0.5425 0.6926
vn 0.4103 0.4494 0.7935
vn 0.9283 0.2594 0.2663
vn 0.4515 0.517 0.7272
vn 0.4447 0.5226 0.7274
vn 0.5081 0.5509 0.6621
vn 0.243 0.5751 0.7812
vn 0.3936 0.8188 0.4179
vn 0.2109 0.617 0.7582
vn 0.2912 0.4736 0.8312
vn 0.2967 0.4644 0.8344
vn 0.5135 0.7135 0.4767
vn 0.3722 0.4092 0.8331
vn 0.1034 0.722 0.6841
vn 0.2625 0.5043 0.8227
vn 0.7767 0.4461 0.4447
vn 0.0068 0.7951 0.6065
vn 0.7366 0.4786 0.4778
vn 0.3584 0.8481 0.3904
vn 0.5927 0.6171 0.5176
vn 0.3106 0.4328 0.8463
vn 0.1796 0.6396 0.7474
vn 0.5643 0.6626 0.4925
vn 0.3858 0.4395 0.8112
vn 0.1354 0.675 0.7253
vn 0.0212 0.7764 0.6299
vn 0.0686 0.7516 0.6561
vn 0.1893 0.602 0.7758
vn 0.3951 0.4713 0.7885
vn 0.4981 0.5519 0.6688
vn 0.396 0.8137 0.4255
vn 0.9743 0.1385 0.1775
vn 0.6688 0.5353 0.5159
vn 0.2214 0.9458 0.2377
vn 0.1239 0.6654 0.7362
vn 0.8252 0.3766 0.421
vn 0.5302 0.5629 0.634
vn 0.263 0.4812 0.8362
vn 0.4078 0.5174 0.7523
vn 0.0758 0.7072 0.703
vn 0.3053 0.8955 0.3238
vn 0.0443 0.7308 0.6812
vn 0.4749 0.7312 0.4896
vn 0.4896 0.719 0.4933
vn 0.3551 0.8438 0.4025
vn 0.2492 0.5167 0.8191
vn 0.2202 0.9432 0.2489
vn 0.1799 0.5757 0.7976
vn 0.3847 0.8029 0.4554
vn 0.5511 0.661 0.5093
vn 0.0091 0.7593 0.6506
vn 0.2901 0.444 0.8478
vn 0.336 0.4066 0.8495
vn 0.8378 0.368 0.4033
vn 0.4902 0.6137 0.619
vn 0.3655 0.4122 0.8345
vn 0.8147 0.398 0.4217
vn 0.0441 0.7254 0.6869
vn 0.4523 0.6057 0.6546
vn 0.3905 0.784 0.4826
vn 0.4436 0.5649 0.6958
vn 0.4364 0.5704 0.6959
vn 0.1048 0.6608 0.7432
vn 0.3488 0.4492 0.8225
vn 0.3663 0.4371 0.8215
vn 0.3701 0.4898 0.7894
vn 0.185 0.5722 0.799
vn 0.3652 0.8259 0.4295
vn 0.6808 0.4942 0.5407
vn 0.4144 0.7592 0.5019
vn 0.7793 0.4062 0.4771
vn 0.395 0.5131 0.762
vn 0.3757 0.5351 0.7566
vn 0.5672 0.6207 0.5413
vn 0.0255 0.711 0.7027
vn 0.2062 0.5334 0.8203
vn 0.2001 0.5421 0.8161
vn 0.3269 0.4109 0.8511
vn 0.141 0.62 0.7719
vn 0.0983 0.647 0.7561
vn 0.1498 0.5809 0.8001
vn 0.074 0.6851 0.7246
vn 0.2239 0.5029 0.8348
vn 0.1407 0.969 0.203
vn 0.1583 0.9644 0.2118
vn 0.2718 0.4357 0.8581
vn 0.2417 0.9274 0.2855
vn 0.2429 0.4678 0.8498
vn 0.6848 0.469 0.5577
vn 0.4071 0.5569 0.724
vn 0.3882 0.5791 0.7169
vn 0.2929 0.8936 0.3401
vn 0.6633 0.4787 0.5752
vn 0.7651 0.4192 0.4889
vn 0.0995 0.6134 0.7835
vn 0.1036 0.6074 0.7876
vn 0.3102 0.4101 0.8577
vn 0.3463 0.5196 0.7811
vn 0.1798 0.5396 0.8225
vn 0.3215 0.4356 0.8408
vn 0.3859 0.7874 0.4807
vn 0.3591 0.809 0.4654
vn 0.1737 -0.1088 0.9788
vn 0.9989 0.0325 0.0328
vn 0.9997 0.0167 0.0165
vn 0.1422 -0.0615 0.9879
vn 0.0741 -0.0627 0.9953
vn 0.0298 0.9982 0.0513
vn 0.9997 0.0165 0.0161
vn 0.0471 -0.1013 0.9937
vn 0.0531 0.9938 0.0981
vn 0.9996 -0.0227 -0.0176
vn 0.0843 0.9939 0.0717
vn 0.0157 -0.0464 0.9988
vn 0.0987 0.9904 0.0973
vn 0.9996 -0.0222 -0.0166
vn 0.9981 -0.0531 -0.0325
vn 0.137 0.987 0.0839
vn 0.1395 0.9872 0.0776
vn 0.998 -0.0533 -0.0328
vn 0.181 0.9803 0.0792
vn 0.1948 0.9732 0.122
vn 0.9962 -0.0759 -0.0439
vn 0.2335 0.969 0.0808
vn 0.2484 0.9616 0.1169
vn 0.9961 -0.0778 -0.041
vn 0.296 0.9476 0.12
vn 0.3022 0.9481 0.099
vn 0.9978 -0.0598 -0.0295
vn 0.3448 0.9336 0.0973
vn 0.9975 -0.0641 -0.031
vn 0.3763 0.9208 0.1025
vn 0.3598 0.9242 0.1278
vn 0.9979 -0.0585 -0.0261
vn 0.4231 0.9007 0.0985
vn 0.9975 -0.0641 -0.0291
vn 0.4123 0.9019 0.1291
vn 0.4755 0.8726 0.1116
vn 0.4757 0.8723 0.1132
vn 0.9963 -0.0802 -0.0318
vn 0.9972 -0.0696 -0.0287
vn 0.5211 0.8463 0.1108
vn 0.5219 0.8454 0.1142
vn 0.5715 0.8178 0.0677
vn 0.5973 0.7973 0.0867
vn 0.9963 -0.0815 -0.0283
vn 0.5876 0.8016 0.1102
vn 0.996 -0.0844 -0.0289
vn 0.6259 0.7774 0.0622
vn 0.9964 -0.0809 -0.0232
vn 0.6867 0.7225 0.0798
vn 0.9973 -0.0712 -0.0191
vn 0.6876 0.7239 0.0574
vn 0.9968 -0.0769 -0.0197
vn 0.7314 0.6802 0.0489
vn 0.7315 0.68 0.0497
vn 0.9978 -0.0646 -0.0144
vn 0.997 -0.0757 -0.0148
vn 0.7561 0.651 0.0675
vn 0.9969 -0.0741 0.0273
vn 0.8061 0.591 0.0294
vn 0.8291 0.5555 0.0629
vn 0.9874 -0.0348 0.1543
vn 0.9587 -0.0667 0.2765
vn 0.894 0.4462 0.0401
vn 0.8946 0.4387 0.0845
vn 0.9447 -0.104 0.311
vn 0.9355 -0.0493 0.3499
vn 0.9283 -0.0902 0.3607
vn 0.9149 0.396 0.0785
vn 0.9285 0.3695 0.0373
vn 0.9131 -0.069 0.4018
vn 0.928 0.3588 0.1007
vn 0.9475 0.3101 0.0777
vn 0.9562 0.2892 0.0446
vn 0.8545 -0.0501 0.5171
vn 0.8356 -0.0988 0.5404
vn 0.9613 0.2602 0.0908
vn 0.8167 -0.0662 0.5733
vn 0.9763 0.214 0.0337
vn 0.7723 -0.0787 0.6304
vn 0.9735 0.2051 0.1015
vn 0.7409 -0.1172 0.6613
vn 0.99 0.1368 0.033
vn 0.7187 -0.0399 0.6942
vn 0.9876 0.1326 0.0841
vn 0.9955 0.0818 0.0474
vn 0.6214 -0.0989 0.7772
vn 0.9937 0.082 0.0765
vn 0.5938 -0.0466 0.8032
vn 0.5687 -0.1119 0.8149
vn 0.5411 -0.0674 0.8383
vn 0.4829 -0.0581 0.8737
vn 0.996 0.0428 0.0785
vn 0.4585 -0.1102 0.8818
vn 0.9973 0.0409 0.0609
vn 0.4151 -0.0777 0.9064
vn 0.4071 -0.0456 0.9122
vn 0.3666 -0.109 0.924
vn 0.3337 -0.0566 0.941
vn 0.9991 0.0279 0.0326
vn 0.2133 -0.0592 0.9752
vn 0.0256 0.9822 0.186
vn 0.03 0.9785 0.2041
vn 0.9921 0.0792 -0.0975
vn 0.6531 0.7561 -0.0409
vn 0.998 0.0628 -0.0068
vn 0.9671 0.2375 0.0911
vn 0.079 0.8106 0.5802
vn 0.9345 0.306 0.1816
vn 0.9904 0.067 -0.1208
vn 0.9915 0.0891 -0.0943
vn 0.9858 0.0952 -0.138
vn 0.8709 0.4234 0.2496
vn 0.8825 0.4021 0.2441
vn 0.9618 0.261 0.0826
vn 0.6599 0.6251 0.4169
vn 0.9313 0.1933 -0.3088
vn 0.9102 0.2013 -0.362
vn 0.9859 0.064 -0.1548
vn 0.712 0.5972 0.3694
vn 0.9388 0.2946 0.1785
vn 0.0126 0.942 0.3354
vn 0.9667 0.1117 -0.2303
vn 0.9918 0.0672 -0.1089
vn 0.8383 0.4698 0.2766
vn 0.8349 0.4759 0.2766
vn 0.9677 0.2415 0.0726
vn 0.972 0.2278 0.0582
vn 0.9982 0.0266 -0.0528
vn 0.998 0.0103 -0.063
vn 0.9637 0.2611 0.0553
vn -0.0031 0.9675 0.253
vn 0.7193 0.5956 0.3575
vn 0.9985 0.0015 -0.0544
vn 0.7852 0.5362 0.3096
vn 0.7782 0.5464 0.3096
vn 0.0093 0.9744 0.2248
vn 0.6683 0.6451 0.3704
vn 0.9963 0.0088 -0.0849
vn 0.9958 0.0115 -0.0905
vn 0.997 0.011 -0.0772
vn 0.9995 0.0016 -0.033
vn 0.9676 0.2085 0.1423
vn 0.9398 0.2853 0.1883
vn 0.3946 0.6492 0.6502
vn 0.3704 0.6751 0.638
vn 0.8461 0.4697 0.252
vn 0.4283 0.7213 0.5443
vn 0.9588 0.2417 0.1493
vn 0.6223 0.6729 0.3999
vn 0.9343 0.3564 0.0041
vn -0.004 0.9868 0.1618
vn 0.4031 0.762 0.5068
vn 0.9686 0.248 0.0185
vn 0.9376 0.3007 0.1743
vn 0.2759 0.7573 0.5919
vn 0.3098 0.7766 0.5485
vn 0.8827 0.4133 0.2238
vn 0.8848 0.4089 0.2235
vn 0.9226 0.376 -0.0857
vn 0.9052 0.4153 -0.0902
vn 0.2394 0.7204 0.651
vn 0.4217 0.7694 0.4798
vn 0.7912 0.5423 0.2829
vn 0.7841 0.5534 0.281
vn 0.406 0.7807 0.4751
vn 0.4377 0.7884 0.4323
vn 0.8058 0.5347 0.2544
vn 0.7205 0.622 0.3066
vn 0.2897 0.8006 0.5246
vn 0.2024 0.7547 0.624
vn 0.2836 0.8071 0.5178
vn 0.2161 0.7978 0.5629
vn 0.731 0.608 0.3096
vn 0.6962 0.6418 0.3216
vn 0.6316 0.6904 0.3528
vn 0.9208 0.3418 0.1881
vn 0.9171 0.3476 0.1951
vn 0.1954 0.671 0.7153
vn 0.2253 0.8204 0.5255
vn 0.9008 0.3261 -0.2868
vn 0.618 0.7091 0.3397
vn 0.1782 0.7439 0.6441
vn 0.4534 0.7965 0.4
vn 0.6508 0.6936 0.3089
vn 0.9145 0.2705 -0.3008
vn 0.1872 0.7924 0.5806
vn 0.1809 0.7982 0.5747
vn 0.1716 0.8335 0.5252
vn 0.1719 0.8332 0.5256
vn 0.9394 0.2968 0.1715
vn 0.3983 0.8494 0.3463
vn 0.6545 0.7006 0.2843
vn 0.1541 0.6729 0.7235
vn 0.41 0.8466 0.3394
vn 0.3374 0.8725 0.3535
vn 0.1379 0.8361 0.531
vn 0.6046 0.7358 0.305
vn 0.1415 0.6861 0.7136
vn 0.8708 0.4432 0.2128
vn 0.1264 0.7519 0.647
vn 0.9609 0.2456 0.1276
vn 0.1724 0.8579 0.484
vn 0.1257 0.8684 0.4797
vn 0.9997 0.0239 -0.011
vn 0.1579 0.8725 0.4623
vn 0.1292 0.8648 0.4853
vn 0.9448 0.2867 0.1583
vn 0.7391 0.632 0.2333
vn 0.9998 0.0183 0.0029
vn 0.1002 0.6767 0.7294
vn 0.1082 0.7007 0.7052
vn 0.9633 0.2391 0.1222
vn 0.4792 0.8308 0.2829
vn 0.3784 0.8847 0.2721
vn 0.9996 0.0224 -0.0186
vn 0.3179 0.9026 0.2903
vn 0.2783 0.926 0.2551
vn 0.9414 0.299 0.1559
vn 0.9999 0.0044 -0.0111
vn 0.5178 0.8198 0.2446
vn 0.4497 0.8534 0.2637
vn 0.0954 0.7866 0.6101
vn 0.7776 0.5873 0.2243
vn 0.178 0.9194 0.3507
vn 0.0911 0.7357 0.6712
vn 0.9534 0.2722 0.1301
vn 0.0755 0.7475 0.66
vn 1 0.0026 0.0009
vn 0.0642 0.8559 0.5131
vn 0.333 0.9135 0.234
vn 0.7213 0.6565 0.2209
vn 0.9991 0.0028 -0.0421
vn 1 -0.0001 -0.0039
vn 0.2858 0.9282 0.2382
vn 0.0602 0.7229 0.6883
vn 0.0629 0.8137 0.5779
vn 0.0711 0.7952 0.6021
vn 0.1587 0.9399 0.3023
vn 0.4772 0.8543 0.2059
vn 0.075 0.8466 0.527
vn 0.1818 0.9489 0.2579
vn 0.1184 0.9338 0.3378
vn 0.4973 0.6571 0.5665
vn 0.0528 0.9207 0.3867
vn 0.7856 0.5853 0.2007
vn 0.25 0.9534 0.1689
vn 0.4148 0.6815 0.6028
vn 0.5149 0.6701 0.5347
vn 0.0522 0.7912 0.6093
vn 0.4645 0.6842 0.5622
vn 0.4301 0.704 0.5652
vn 0.6643 0.7266 0.1754
vn 0.6789 0.7063 0.2004
vn 0.6115 0.7692 0.1854
vn 0.0457 0.785 0.6178
vn 0.3594 0.7074 0.6087
vn 0.5048 0.8444 0.1792
vn 0.3898 0.7164 0.5786
vn 0.4226 0.8904 0.1692
vn 0.3351 0.6887 0.6429
vn 0.05 0.7956 0.6037
vn 0.3894 0.7168 0.5784
vn 0.044 0.882 0.4692
vn 0.1029 0.9527 0.2861
vn 0.3481 0.7051 0.6178
vn 0.7353 0.6454 0.2069
vn 0.7227 0.6665 0.1827
vn 0.4567 0.7173 0.5263
vn 0.3099 0.6788 0.6657
vn 0.8139 0.5492 0.1896
vn 0.8429 0.5025 0.1924
vn 0.3013 0.9422 0.1464
vn 0.3084 0.7197 0.622
vn 0.2723 0.6943 0.6662
vn 0.0445 0.8542 0.5181
vn 0.9578 0.2642 0.1135
vn 0.9108 0.3565 0.2084
vn 0.2871 0.7101 0.6429
vn 0.0264 0.8752 0.483
vn 0.0214 0.8423 0.5385
vn 0.9448 0.3027 0.1255
vn 0.9701 0.1307 0.2047
vn 0.0229 0.8398 0.5424
vn 0.9767 0.1195 0.1783
vn 0.3829 0.7465 0.5442
vn 0.0487 0.9388 0.3409
vn 0.9695 0.1195 0.2139
vn 0.3307 0.7306 0.5974
vn 0.0444 0.8838 0.4657
vn 0.345 0.7363 0.582
vn 0.9646 0.1558 0.2128
vn 0.6394 0.7521 0.1599
vn 0.2786 0.9552 0.0996
vn 0.2592 0.683 0.6829
vn 0.5155 0.85 0.1081
vn 0.0318 0.9052 0.4237
vn 0.2841 0.7504 0.5968
vn 0.5581 0.8185 0.1362
vn 0.9772 0.1371 0.1623
vn 0.9746 0.1476 0.1682
vn 0.3607 0.7498 0.5547
vn 0.349 0.9352 0.0593
vn 0.9185 0.3434 0.1962
vn 0.0265 0.91 0.4137
vn 0.9633 0.169 0.2087
vn 0.9594 0.1612 0.2314
vn 0.4068 0.91 0.08
vn 0.243 0.7232 0.6465
vn 0.6442 0.7575 0.1061
vn 0.9334 0.2209 0.2829
vn 0.0063 0.8656 0.5007
vn 0.5498 0.747 0.3739
vn 0.5617 0.7197 0.4079
vn 0.0947 0.9805 0.1723
vn 0.9479 0.1816 0.2618
vn 0.2295 0.968 0.1018
vn 0.2083 0.9766 0.0533
vn 0.9776 0.15 0.1478
vn 0.974 0.1943 0.1167
vn 0.07 0.9875 0.1413
vn 0.2146 0.7005 0.6806
vn 0.2319 0.7523 0.6167
vn 0.9155 0.2373 0.3249
vn 0.911 0.2473 0.33
vn 0.2862 0.7702 0.5699
vn 0.6588 0.7425 0.1211
vn 0.2795 0.7773 0.5636
vn 0.9604 0.1975 0.1966
vn 0.2122 0.7268 0.6532
vn 0.9586 0.2444 0.1461
vn 0.3464 0.7918 0.5032
vn 0.359 0.7805 0.5118
vn 0.9683 0.1864 0.166
vn 0.9629 0.1899 0.1918
vn 0.9366 0.3505 0.001
vn 0.602 0.7894 0.1206
vn 0.205 0.7173 0.6659
vn 0.3781 0.9218 0.086
vn 0.1819 0.7738 0.6067
vn 0.2337 0.7542 0.6137
vn 0.9277 0.2486 0.2786
vn 0.9377 0.3007 0.1741
vn 0.0235 0.9569 0.2896
vn 0.1574 0.9862 0.0511
vn 0.7719 0.628 0.099
vn 0.9449 0.2264 0.2363
vn 0.8918 0.4013 0.2091
vn 0.3595 0.806 0.4703
vn 0.2711 0.9599 0.0712
vn 0.0851 0.9916 0.0975
vn 0.1766 0.7129 0.6787
vn 0.763 0.6378 0.1049
vn 0.0156 0.9063 0.4224
vn 0.86 0.3157 0.4009
vn 0.0013 0.9129 0.4083
vn 0.7364 0.6158 0.2803
vn 0.0166 0.973 0.2301
vn 0.7672 0.5884 0.2552
vn 0.6748 0.6787 0.2898
vn 0.972 0.1773 0.1543
vn 0.7311 0.6323 0.2564
vn 0.927 0.2495 0.2799
vn 0.2134 0.9767 0.0209
vn 0.6704 0.7342 0.1071
vn 0.9622 0.1988 0.1861
vn 0.5982 0.7447 0.296
vn 0.6441 0.711 0.282
vn 0.6749 0.6918 0.2567
vn 0.6194 0.7351 0.2757
vn 0.79 0.6106 0.0546
vn 0.9724 0.2032 0.115
vn 0.5493 0.7831 0.2915
vn 0.9468 0.2293 0.2258
vn 0.9328 0.2722 0.236
vn 0.6602 0.7511 0.0084
vn 0.6784 0.734 0.0325
vn 0.3514 0.8714 0.3423
vn 0.6115 0.7465 0.2624
vn 0.5621 0.7771 0.2832
vn 0.0374 0.9989 0.03
vn 0.059 0.9958 0.0699
vn 0.0565 0.9984 0.0019
vn 0.2015 0.9795 0.0011
vn 0.9536 0.1966 0.2279
vn 0.9477 0.2033 0.2461
vn 0.4803 0.8273 0.2914
vn 0.937 0.2468 0.2472
vn 0.8955 0.2612 0.3604
vn 0.9427 0.2857 0.1722
vn 0.9175 0.2504 0.309
vn 0.3668 0.8724 0.323
vn 0.8755 0.3173 0.3646
vn 0.9246 0.2562 0.2819
vn 0.8941 0.3093 0.324
vn 0.0246 0.995 0.0966
vn 0.8642 0.3259 0.3832
vn 0.8694 0.3148 0.381
vn 0.57 0.7845 0.2443
vn 0.9165 0.2953 0.2697
vn 0.0669 0.9977 0.0129
vn 0.6367 0.7709 0.0182
vn 0.9016 0.3098 0.3019
vn 0.8717 0.3348 0.3579
vn 0.8153 0.4006 0.4181
vn 0.8246 0.3688 0.429
vn 0.8464 0.3832 0.3697
vn 0.8878 0.3211 0.3296
vn 0.1073 0.9942 -0.0024
vn 0.7562 0.4165 0.5046
vn 0.8717 0.4893 0.0267
vn 0.8103 0.3679 0.4561
vn 0.8158 0.4003 0.4173
vn 0.1033 0.9945 -0.015
vn 0.3883 0.829 0.4025
vn 0.7537 0.4643 0.4651
vn 0.7678 0.4236 0.4806
vn 0.2224 0.9735 -0.0526
vn 0.7866 0.4487 0.4242
vn 0.7764 0.4309 0.46
vn 0.3832 0.8812 0.2769
vn 0.1087 0.6547 0.748
vn 0.8309 0.5554 0.0337
vn 0.6337 0.771 -0.0636
vn 0.7609 0.4584 0.4593
vn 0.1364 0.9904 -0.0246
vn 0.6881 0.5174 0.5087
vn 0.8412 0.5407 -0.0015
vn 0.7557 0.4646 0.4615
vn 0.7455 0.502 0.4384
vn 0.6725 0.7018 0.2349
vn 0.7596 0.6497 -0.0287
vn 0.7144 0.478 0.511
vn 0.9516 0.2322 0.2012
vn 0.9574 0.2514 0.1422
vn 0.7048 0.5243 0.478
vn 0.2742 0.9606 -0.0455
vn 0.6859 0.7261 -0.048
vn 0.7094 0.7046 -0.017
vn 0.7248 0.5145 0.4581
vn 0.3801 0.924 -0.0419
vn 0.1539 0.9856 -0.0697
vn 0.6828 0.5554 0.4747
vn 0.5383 0.6017 0.5901
vn 0.8876 0.4575 -0.0539
vn 0.6408 0.5656 0.5191
vn 0.6119 0.5945 0.5216
vn 0.0878 0.6357 0.767
vn 0.929 0.3268 0.1736
vn 0.1978 0.9796 -0.0365
vn 0.9321 0.3182 0.173
vn 0.9577 0.2878 0.0018
vn 0.5641 0.595 0.5725
vn 0.5924 0.5988 0.5389
vn 0.6362 0.7323 0.2431
vn 0.5567 0.7975 0.2325
vn 0.4501 0.8892 -0.0817
vn 0.4405 0.8945 -0.0766
vn 0.5295 0.6258 0.5728
vn 0.8764 0.3564 0.3238
vn 0.2102 0.9697 -0.1242
vn 0.6316 0.6065 0.483
vn 0.5375 0.6474 0.5403
vn 0.5162 0.8545 -0.0584
vn 0.9512 0.308 -0.019
vn 0.9046 0.3791 0.1951
vn 0.0731 0.7 0.7104
vn 0.219 0.97 -0.1053
vn 0.9585 0.2851 0.0008
vn 0.5668 0.6467 0.5104
vn 0.9791 0.2008 0.0309
vn 0.5021 0.8512 -0.1528
vn 0.9715 0.1806 0.1533
vn 0.6703 0.7047 0.2327
vn 0.9817 0.1799 0.0624
vn 0.9102 0.369 0.1883
vn 0.8579 0.4661 0.216
vn 0.5982 0.6212 0.5063
vn 0.5164 0.6281 0.582
vn 0.6996 0.5826 0.4137
vn 0.2944 0.9502 -0.1023
vn 0.5265 0.8413 -0.1223
vn 0.9507 0.2455 0.1893
vn 0.228 0.9226 0.311
vn 0.6491 0.6101 0.4544
vn 0.9251 0.2821 0.2543
vn 0.6163 0.64 0.4588
vn 0.6381 0.6085 0.4718
vn 0.8037 0.5903 -0.0749
vn 0.0544 0.6579 0.7512
vn 0.9509 0.3089 -0.018
vn 0.4921 0.614 0.6171
vn 0.4302 0.6524 0.624
vn 0.282 0.9489 -0.1415
vn 0.6058 0.7674 0.21
vn 0.4534 0.6616 0.5972
vn 0.0449 0.7759 0.6293
vn 0.2278 0.9457 0.232
vn 0.7031 0.6849 -0.191
vn 0.9361 0.3475 -0.055
vn 0.0733 0.7004 0.7099
vn 0.3421 0.9186 -0.1979
vn 0.9735 0.2283 -0.0112
vn 0.5277 0.6615 0.5328
vn 0.0252 0.7303 0.6826
vn 0.8365 0.5339 -0.1232
vn 0.8531 0.5039 -0.1355
vn 0.8726 0.4426 0.2068
vn 0.8945 0.3431 0.2865
vn 0.568 0.658 0.4944
vn 0.3529 0.9005 -0.2542
vn 0.9352 0.3501 -0.0529
vn 0.4686 0.6728 0.5725
vn 0.955 0.2383 0.1765
vn 0.8873 0.4437 -0.1262
vn 0.4039 0.6938 0.5963
vn 0.8819 0.4523 -0.1331
vn 0.8607 0.4925 -0.129
vn 0.2695 0.9311 0.2457
vn 0.987 0.154 0.0455
vn 0.2098 0.9555 0.2074
vn 0.0356 0.6366 0.7704
vn 0.9648 0.2092 0.1597
vn 0.444 0.8653 -0.2326
vn 0.3838 0.8965 -0.2213
vn 0.8941 0.4116 0.1765
vn 0.9825 0.1864 -0.0012
vn 0.9809 0.1942 0.0041
vn 0.9505 0.301 -0.0774
vn 0.1882 0.9457 0.2651
vn 0.9323 0.315 0.1777
vn 0.6156 0.6389 0.4614
vn 0.6637 0.6209 0.4171
vn 0.4386 0.8652 -0.2429
vn 0.0093 0.6529 0.7574
vn 0.9367 0.2744 0.2177
vn 0.9308 0.3425 -0.1282
vn 0.946 0.3159 -0.0722
vn 0.9842 0.1751 0.0254
vn 0.9723 0.2318 -0.0283
vn 0.191 0.9596 0.2066
vn 0.7916 0.5538 -0.2582
vn 0.7574 0.5959 -0.2669
vn 0.9713 0.2311 -0.0565
vn 0.7507 0.6008 -0.2748
vn 0.8774 0.4405 0.1901
vn 0.8398 0.5069 0.1943
vn 0.8464 0.4776 -0.2357
vn 0.8224 0.5022 -0.2672
vn 0.9194 0.3451 -0.1887
vn 0.9171 0.3804 -0.1192
vn 0.5436 0.7944 -0.2709
vn 0.9801 0.1931 -0.0462
vn 0.9185 0.3147 0.2394
vn 0.5306 0.6794 0.5069
vn 0.9917 0.1273 0.0191
vn 0.5337 0.7515 -0.3879
vn 0.4839 0.6983 0.5274
vn 0.6508 0.6756 -0.3465
vn 0.9579 0.2433 0.1526
vn 0.6988 0.6468 -0.3054
vn 0.5914 0.658 0.4662
vn 0.2497 0.9534 0.1694
vn 0.5074 0.6984 0.5048
vn 0.9074 0.3782 -0.1832
vn 0.9017 0.3493 -0.2547
vn 0.584 0.674 0.4523
vn 0.3906 0.6915 0.6077
vn 0.9818 0.1856 -0.0408
vn 0.9738 0.2179 -0.0656
vn 0.9704 0.2051 0.1273
vn 0.6987 0.4764 0.5338
vn 0.9895 0.1441 -0.008
vn 0.9432 0.2912 -0.1601
vn 0.1528 0.9654 0.2114
vn 0.8684 0.3656 0.335
vn 0.5312 0.6985 0.4795
vn 0.6378 0.6571 -0.4018
vn 0.891 0.3456 0.2946
vn 0.9812 0.1886 -0.0408
vn 0.9582 0.2621 0.1149
vn 0.1413 0.9724 0.1855
vn 0.8035 0.5059 -0.3138
vn 0.7345 0.5714 -0.366
vn 0.9043 0.347 -0.2485
vn 0.8998 0.3558 -0.2527
vn 0.9919 0.1263 0.0111
vn 0.7011 0.6166 -0.3583
vn 0.7702 0.514 -0.3778
vn 0.9946 0.1034 -0.0028
vn 0.0275 0.7336 0.679
vn 0.1062 0.9827 0.1516
vn 0.8158 0.4004 0.4173
vn 0.9721 0.2108 -0.1028
vn 0.9741 0.1967 -0.1111
vn 0.8597 0.4907 0.1418
vn 0.7258 0.5828 -0.3655
vn 0.6462 0.6294 -0.4317
vn 0.9895 0.144 -0.0116
vn 0.768 0.6187 0.1658
vn 0.8174 0.5444 0.1883
vn 0.9828 0.1732 -0.0642
vn 0.9791 0.1695 -0.1126
vn 0.1932 0.9598 0.2035
vn 0.9556 0.2235 -0.1922
vn 0.9222 0.2792 -0.2677
vn 0.0219 0.7913 0.6111
vn 0.702 0.5555 -0.4456
vn 0.9928 0.1159 -0.0315
vn 0.0104 0.8048 0.5935
vn 0.9944 0.1014 0.0286
vn 0.8242 0.4228 -0.3767
vn 0.9567 0.223 -0.187
vn 0.9703 0.1873 -0.1531
vn 0.4766 0.7206 0.5036
vn 0.7316 0.5368 -0.4201
vn 0.8704 0.394 0.2954
vn 0.9445 0.3039 0.1247
vn 0.913 0.382 0.143
vn 0.8468 0.3838 0.3683
vn 0.5158 0.7272 0.4529
vn 0.8119 0.4459 0.3768
vn 0.8108 0.4334 -0.3933
vn 0.4555 0.7399 0.495
vn 0.7753 0.488 -0.401
vn 0.702 0.6221 0.3468
vn 0.1379 0.972 0.1903
vn 0.7985 0.439 -0.412
vn 0.9396 0.2595 -0.2231
vn 0.5314 0.7274 0.4342
vn 0.9011 0.3396 0.2696
vn 0.185 0.9734 0.1354
vn 0.5966 0.6787 0.4282
vn 0.1758 0.9768 0.1227
vn 0.7939 0.4405 -0.4191
vn 0.831 0.3747 -0.4113
vn 0.998 0.0634 -0.004
vn 0.225 0.9664 0.1244
vn 0.998 0.0628 -0.0067
vn 0.9946 0.1038 -0.0059
vn 0.1322 0.9844 0.1157
vn 0.1608 0.9765 0.1435
vn 0.9441 0.2038 -0.2591
vn 0.5694 0.7166 0.4028
vn 0.9347 0.2265 -0.274
vn 0.9923 0.1147 -0.0474
vn 0.9626 0.1713 -0.2097
vn 0.9632 0.1691 -0.2088
vn 0.9508 0.3008 0.0745
vn 0.8395 0.4191 0.3459
vn 0.9755 0.1445 -0.1662
vn 0.8707 0.305 -0.3857
vn 0.8424 0.3628 -0.3984
vn 0.8136 0.5613 0.1518
vn 0.8392 0.5331 0.1075
vn 0.7732 0.6128 0.1629
vn 0.7331 0.6654 0.1406
vn 0.4624 0.7629 0.4518
vn 0.4989 0.7393 0.4522
vn 0.8607 0.3141 -0.4006
vn 0.9185 0.371 0.1368
vn 0.9986 0.0504 -0.0168
vn 0.9389 0.1794 -0.2936
vn 0.9264 0.2158 -0.3085
vn 0.9457 0.1717 -0.2759
vn 0.9971 0.0716 -0.0255
vn 0.9323 0.1939 -0.3052
vn 0.807 0.4424 0.3912
vn 0.526 0.7474 0.4059
vn 0.9704 0.198 0.1386
vn 0.9038 0.2461 -0.3502
vn 0.9556 0.1452 -0.2564
vn 0.8242 0.5543 0.1159
vn 0.9707 0.1091 -0.2143
vn 0.9379 0.2788 0.2065
vn 0.873 0.4781 0.096
vn 0.8655 0.477 0.1531
vn 0.6709 0.5137 0.5348
vn 0.4693 0.7749 0.4234
vn 0.9983 0.0501 -0.0291
vn 0.9839 0.075 -0.1621
vn 0.9991 0.0311 -0.0296
vn 0.9973 0.0495 -0.0544
vn 0.9726 0.0912 -0.2138
vn 0.9032 0.413 0.1167
vn 0.9524 0.1284 -0.2766
vn 0.9964 0.031 -0.0783
vn 0.9958 0.0433 -0.0806
vn 0.9799 0.0552 -0.1915
vn 0.9311 0.3485 0.108
vn 0.9898 0.0538 -0.1322
vn 0.9913 0.0431 -0.1244
vn 0.7548 0.4901 0.436
vn 0.9664 0.0945 -0.2391
vn 0.9951 0.0225 -0.0963
vn 0.9528 0.1277 -0.2753
vn 0.9919 0.0422 -0.1199
vn 0.966 0.095 -0.2405
vn 0.9685 0.23 0.095
vn 0.5724 0.7415 0.35
vn 0.9439 0.3267 0.0488
vn 0.9313 0.3499 0.1007
vn 0.5686 0.7455 0.3477
vn 0.5018 0.7764 0.3814
vn 0.9982 0.0275 -0.053
vn 0.8482 0.4127 0.332
vn 0.9796 0.0591 -0.1923
vn 0.9744 0.0756 -0.2119
vn 0.9951 0.0224 -0.0959
vn 0.9605 0.2396 0.1413
vn 0.993 0.02 -0.1165
vn 0.9879 0.0354 -0.1509
vn 0.5026 0.7756 0.3818
vn 0.9797 0.0589 -0.1914
vn 0.836 0.5427 0.0815
vn 0.8527 0.5182 0.0654
vn 0.9997 0.0057 -0.0226
vn 0.986 0.0438 -0.161
vn 0.6152 0.5367 0.5775
vn 0.874 0.4758 0.0993
vn 0.9541 0.2401 0.1789
vn 0.9925 0.0203 -0.1208
vn 0.915 0.4012 0.0426
vn 0.9466 0.2772 0.1647
vn 0.9994 0.0027 -0.0331
vn 0.9987 0.0034 -0.0516
vn 0.9982 0.0064 -0.0591
vn 0.8116 0.5822 0.0478
vn 0.9062 0.3454 0.2439
vn 0.8319 0.4966 0.2477
vn 0.8573 0.4545 0.242
vn 0.535 0.7791 0.3268
vn 0.9565 0.2393 0.1668
vn 0.9626 0.2682 0.039
vn 0.9538 0.2843 0.0975
vn 0.1173 0.9916 0.0538
vn 0.5224 0.8526 0.0066
vn 0.8591 0.4591 0.2263
vn 0.8673 0.4429 0.227
vn 0.4462 0.8186 0.3616
vn 0.401 0.7976 0.4505
vn 0.0913 0.9921 0.0859
vn 0.052 0.9954 0.0804
vn 0.2315 0.7844 0.5754
vn 0.9778 0.1992 0.0644
vn 0.583 0.8108 0.0518
vn 0.9387 0.2975 0.174
vn 0.9232 0.3186 0.2149
vn 0.4244 0.8144 0.3957
vn 0.3302 0.8431 0.4245
vn 0.5351 0.779 0.3268
vn 0.1998 0.8403 0.5039
vn 0.9296 0.3632 0.063
vn 0.916 0.3984 0.048
vn 0.2644 0.8047 0.5316
vn 0.9058 0.3463 0.2442
vn 0.8706 0.4019 0.2837
vn 0.0096 0.9573 0.2891
vn 0.8442 0.4836 0.2312
vn 0.2341 0.8377 0.4934
vn 0.5001 0.8092 0.3084
vn 0.3591 0.9332 -0.0153
vn 0.4076 0.8399 0.3584
vn 0.3744 0.8343 0.4048
vn 0.1637 0.6991 0.696
vn 0.8022 0.5411 0.2522
vn 0.7987 0.4769 0.367
vn 0.8125 0.4505 0.37
vn 0.7649 0.4897 0.4185
vn 0.231 0.8578 0.4591
vn 0.4288 0.9034 -0.0091
vn 0.223 0.8609 0.4573
vn 0.143 0.8026 0.5791
vn 0.147 0.8085 0.5698
vn 0.8989 0.3851 0.209
vn 0.5667 0.8231 -0.0366
vn 0.2887 0.8832 0.3696
vn 0.3183 0.865 0.3879
vn 0.1278 0.9909 0.0431
vn 0.6402 0.5427 0.5438
vn 0.923 0.3348 0.1896
vn 0.4998 0.8661 0.0067
vn 0.1296 0.7303 0.6707
vn 0.8747 0.3943 0.2817
vn 0.1319 0.6307 0.7647
vn 0.8171 0.5267 0.2342
vn 0.5841 0.8116 -0.0126
vn 0.9404 0.2841 0.1869
vn 0.1346 0.8306 0.5404
vn 0.4437 0.8962 0.0038
vn 0.3086 0.8925 0.329
vn 0.3089 0.8925 0.3288
vn 0.1277 0.7507 0.6482
vn 0.549 0.5728 0.6087
vn 0.5805 0.5688 0.5827
vn 0.7214 0.691 0.047
vn 0.872 0.4415 0.2113
vn 0.1756 0.8972 0.4053
vn 0.9591 0.2474 0.1378
vn 0.9301 0.3674 -0.0035
vn 0.4995 0.8663 0.0063
vn 0.7571 0.6033 0.2505
vn 0.0922 0.7334 0.6735
vn 0.0946 0.8595 0.5023
vn 0.9084 0.4152 0.0502
vn 0.8776 0.479 0.0215
vn 0.2181 0.9213 0.3219
vn 0.2596 0.9152 0.3083
vn 0.1586 0.9154 0.37
vn 0.5476 0.7967 0.2558
vn 0.0059 0.9923 0.1233
vn 0.1306 0.8929 0.431
vn 0.1308 0.8927 0.4312
vn 0.9431 0.3303 0.0392
vn 0.8406 0.4406 0.3149
vn 0.9579 0.2832 0.0466
vn 0.8374 0.4463 0.3157
vn 0.7786 0.5857 0.225
vn 0.7016 0.5524 0.4501
vn 0.0994 0.8529 0.5125
vn 0.5049 0.8617 -0.05
vn 0.9773 0.2036 0.0587
vn 0.9791 0.1966 0.0523
vn 0.0937 0.8897 0.4468
vn 0.2124 0.9321 0.2935
vn 0.9024 0.431 0.0012
vn 0.087 0.8964 0.4345
vn 0.482 0.8491 0.2159
vn 0.102 0.9209 0.3761
vn 0.1354 0.9211 0.3651
vn 0.3227 0.9152 0.2414
vn 0.7402 0.5365 0.4053
vn 0.3988 0.8868 0.2336
vn 0.0094 0.9901 0.1399
vn 0.9506 0.31 0.0178
vn 0.0846 0.9322 0.352
vn 0.5641 0.8177 -0.1148
vn 0.3369 0.9394 -0.0641
vn 0.9239 0.3785 -0.0565
vn 0.2743 0.9426 0.1904
vn 0.62 0.7604 0.1934
vn 0.6107 0.7891 -0.0663
vn 0.5556 0.8138 0.1704
vn 0.0755 0.9102 0.4073
vn 0.3465 0.9199 0.1834
vn 0.0779 0.9415 0.3278
vn 0.0914 0.9342 0.3449
vn 0.0657 0.8783 0.4737
vn 0.0632 0.9074 0.4156
vn 0.9739 0.2254 0.0249
vn 0.0626 0.8356 0.5458
vn 0.1359 0.9502 0.2803
vn 0.1229 0.9551 0.2697
vn 0.2711 0.9613 -0.0497
vn 0.0783 0.9591 0.2718
vn 0.3527 0.9165 0.1889
vn 0.4083 0.8996 0.1551
vn 0.4882 0.8608 0.1437
vn 0.417 0.896 0.1525
vn 0.3695 0.9217 0.1183
vn 0.8995 0.4356 -0.0336
vn 0.3634 0.9249 -0.1119
vn 0.7877 0.5078 0.3488
vn 0.7983 0.4902 0.3499
vn 0.6232 0.7688 0.1437
vn 0.376 0.9215 -0.0973
vn 0.5184 0.8499 0.0943
vn 0.0713 0.9563 0.2835
vn 0.969 0.2455 0.0261
vn 0.1074 0.9696 0.2198
vn 0.1035 0.9682 0.2279
vn 0.7059 0.5502 0.446
vn 0.6854 0.7129 0.1481
vn 0.7068 0.5492 0.4459
vn 0.4538 0.8762 -0.1624
vn 0.0347 0.9111 0.4107
vn 0.6432 0.593 0.4844
vn 0.0325 0.7215 0.6916
vn 0.4183 0.8983 -0.1343
vn 0.3378 0.9322 0.1298
vn 0.0532 0.6558 0.7531
vn 0.5244 0.8211 -0.2253
vn 0.9666 0.2366 0.0987
vn 0.841 0.4525 0.2967
vn 0.0215 0.8878 0.4596
vn 0.0657 0.9751 0.2116
vn 0.0717 0.9789 0.1916
vn 0.9171 0.3804 -0.1193
vn 0.4549 0.8817 0.1254
vn 0.4388 0.8942 0.0886
vn 0.8829 0.3927 0.2575
vn 0.0273 0.9372 0.3477
vn 0.8708 0.4679 -0.1505
vn 0.5804 0.7619 -0.2875
vn 0.0279 0.9363 0.3502
vn 0.0306 0.9565 0.2902
vn 0.0243 0.959 0.2824
vn 0.7314 0.6671 0.1413
vn 0.674 0.7288 0.1207
vn 0.0529 0.9757 0.2125
vn 0.2802 0.9549 0.0978
vn 0.0159 0.6829 0.7303
vn 0.507 0.8566 0.0959
vn 0.5906 0.7999 0.1063
vn 0.8624 0.4471 -0.2375
vn 0.0472 0.9877 0.1493
vn 0.161 0.9764 0.144
vn 0.8732 0.435 -0.2195
vn 0.5446 0.8367 0.0581
vn 0.7849 0.5579 -0.2696
vn 0.125 0.985 0.1187
vn 0.3657 0.9304 0.0244
vn 0.4672 0.8822 0.059
vn 0.7226 0.6858 0.0865
vn 0.4566 0.8884 0.0486
vn 0.002 0.6985 0.7157
vn 0.0149 0.6813 0.7319
vn 0.1696 0.9832 0.0678
vn 0.4104 0.9102 0.0559
vn 0.6077 0.7931 0.0416
vn 0.8695 0.3971 -0.2936
vn 0.0483 0.9881 0.1462
vn 0.0514 0.9956 0.0786
vn 0.8419 0.4323 -0.323
vn -0.0038 0.7553 0.6554
vn 0.9202 0.3626 0.1478
vn 0.7224 0.571 0.3899
vn 0.7415 0.5368 0.4024
vn 0.0333 0.7221 0.691
vn 0.7475 0.6631 0.0392
vn 0.0083 0.9363 0.3511
vn 0.3059 0.9521 0.0023
vn 0.8216 0.4683 -0.3249
vn 0.8636 0.4091 -0.2945
vn 0.3843 0.9232 0.0111
vn 0.0065 0.9843 0.1762
vn 0.0162 0.969 0.2464
vn 0.2522 0.9675 0.017
vn 0.8544 0.3916 -0.3415
vn 0.0874 0.9953 0.0428
vn 0.8816 0.3459 -0.3213
vn 0.8333 0.4674 0.2952
vn 0.0222 0.9935 0.1119
vn 0.2955 0.9553 -0.0092
vn 0.9164 0.2925 -0.2734
vn 0.0344 0.9907 0.132
vn 0.1631 0.9866 -0.0025
vn 0.1553 0.9878 0.0077
vn 0.7666 0.6419 -0.0183
vn 0.8331 0.5455 -0.0913
vn 0.8263 0.5631 0.0118
vn 0.8466 0.5291 -0.0576
vn 0.7789 0.6176 -0.1086
vn 0.9287 0.2979 -0.2209
vn 0.7667 0.6418 -0.0184
vn 0.8702 0.491 -0.0399
vn 0.918 0.2913 -0.269
vn 0.701 0.7062 -0.0994
vn 0.7306 0.6724 -0.1189
vn 0.6609 0.7361 -0.1461
vn 0.9314 0.3072 0.1952
vn 0.6457 0.7525 -0.1297
vn 0.7633 0.6386 -0.0983
vn 0.9198 0.3633 0.1484
vn 0.8662 0.3527 -0.3541
vn 0.7647 0.6289 -0.1402
vn 0.9889 0.1355 -0.0607
vn 0.7864 0.5906 -0.1807
vn 0.7352 0.653 -0.1817
vn 0.7168 0.669 -0.1968
vn 0.9625 0.2684 -0.0397
vn 0.9614 0.2706 -0.0496
vn 0.5692 0.7988 -0.1947
vn 0.9715 0.2356 -0.0252
vn 0.8133 0.5585 -0.1631
vn 0.5764 0.7924 -0.1996
vn 0.8918 0.4209 0.1658
vn 0.8173 0.5458 -0.1847
vn 0.8456 0.4926 -0.2056
vn 0.5166 0.8282 -0.2171
vn 0.631 0.7403 -0.2319
vn 0.9859 0.1256 -0.1107
vn 0.7781 0.5866 -0.2248
vn 0.5109 0.804 -0.3041
vn 0.9092 0.2742 -0.3133
vn 0.4474 0.8414 -0.3032
vn 0.6929 0.6542 -0.3031
vn 0.6433 0.7246 -0.2472
vn 0.6297 0.7068 -0.3223
vn 0.883 0.3119 -0.3509
vn 0.8641 0.3533 -0.3584
vn 0.9003 0.3875 -0.1983
vn 0.573 0.7454 -0.3407
vn 0.9651 0.2441 0.0945
vn 0.9295 0.3327 -0.1595
vn 0.9625 0.2484 -0.1085
vn 0.955 0.2537 -0.1538
vn 0.9592 0.2642 -0.1005
vn 0.9863 0.1066 -0.1255
vn 0.9865 0.1633 -0.0102
vn 0.9859 0.159 -0.0514
vn 0.9761 0.1403 -0.1658
vn 0.9318 0.2927 -0.2146
vn 0.9333 0.2858 -0.2174
vn 0.9695 0.1919 -0.1523
vn 0.9723 0.1975 0.1247
vn 0.9304 0.245 -0.2725
vn 0.9552 0.2005 -0.2177
vn 0.997 0.0718 -0.0279
vn 0.899 0.4095 0.1554
vn 0.9679 0.1335 -0.213
vn 0.8772 0.4583 0.1433
vn 0.9555 0.1455 -0.2565
vn 0.9959 0.0681 -0.0599
vn 0.9266 0.1861 -0.3267
vn 0.9427 0.1554 -0.2951
vn 0.9563 0.2484 0.1542
vn 0.939 0.1601 -0.3043
vn 0.9157 0.3401 0.2141
vn 0.9862 0.0426 -0.1601
vn 0.9069 0.3588 0.2207
vn 0.2802 0.8357 0.4723
vn 0.3004 0.8118 0.5007
vn 0.1624 0.7636 0.6249
vn 0.1559 0.7131 0.6835
vn 0.1574 0.759 0.6318
vn 0.1531 0.7642 0.6265
vn 0.3063 0.8426 0.443
vn 0.785 0.5226 0.3327
vn 0.2746 0.8311 0.4836
vn 0.7857 0.5214 0.3327
vn 0.2717 0.8692 0.413
vn 0.2379 0.8597 0.4521
vn 0.3547 0.8483 0.3931
vn 0.2152 0.8718 0.4401
vn 0.9935 0.0985 -0.0563
vn 0.2701 0.8838 0.382
vn 0.2257 0.903 0.3656
vn 0.7282 0.5725 0.3767
vn 0.1149 0.7996 0.5895
vn 0.116 0.8021 0.5858
vn 0.2081 0.9016 0.3793
vn 0.8152 0.5356 0.2203
vn 0.8391 0.4949 0.2259
vn 0.8178 0.5324 0.2187
vn 0.0991 0.8417 0.5307
vn 0.2023 0.9279 0.3132
vn 0.9786 0.136 -0.1547
vn 0.5801 0.7823 0.2271
vn 0.5349 0.8193 0.2066
vn 0.9876 0.0942 -0.1258
vn 0.0908 0.7979 0.596
vn 0.3921 0.8929 0.2213
vn 0.9038 0.412 0.1155
vn 0.0722 0.8686 0.4902
vn 0.5663 0.8075 0.1651
vn 0.9814 0.1067 -0.1599
vn 0.0523 0.9361 0.3478
vn 0.8997 0.2597 -0.3508
vn 0.0518 0.965 0.257
vn 0.0333 0.9621 0.2707
vn 0.0223 0.4177 -0.9083
vn 0.0683 0.2805 -0.9574
vn 0.0471 0.3802 -0.9237
vn 0.1682 0.5208 -0.8369
vn 0.203 0.6538 -0.7289
vn 0.1986 0.9665 -0.1626
vn 0.2397 0.9036 -0.3549
vn 0.2063 0.6208 -0.7564
vn 0.0246 0.2106 -0.9773
vn 0.2611 0.7422 -0.6172
vn 0.005 0.3553 -0.9347
vn 0.0819 0.4123 -0.9074
vn 0.1858 0.599 -0.7789
vn 0.059 0.2963 -0.9533
vn 0.2412 0.9342 -0.2627
vn 0.2442 0.6848 -0.6866
vn 0.2197 0.4504 -0.8654
vn 0.2505 0.7571 -0.6033
vn 0.2395 0.6943 -0.6787
vn 0.2396 0.514 -0.8236
vn 0.1596 0.4223 -0.8923
vn 0.1565 0.3257 -0.9324
vn 0.2552 0.8775 -0.406
vn 0.1144 0.3935 -0.9122
vn 0.2439 0.9549 -0.1693
vn 0.3 0.7253 -0.6196
vn 0.2028 0.3631 -0.9094
vn 0.1041 0.3074 -0.9459
vn 0.1482 0.4237 -0.8936
vn 0.289 0.6568 -0.6965
vn 0.1359 0.2893 -0.9475
vn 0.2609 0.9147 -0.3086
vn 0.287 0.8941 -0.3438
vn 0.271 0.9395 -0.2097
vn 0.3151 0.8978 -0.3076
vn 0.304 0.9063 -0.2935
vn 0.2484 0.4761 -0.8436
vn 0.3266 0.7513 -0.5734
vn 0.2679 0.5567 -0.7863
vn 0.0914 0.1771 -0.9799
vn 0.1279 0.2536 -0.9588
vn 0.2938 0.6683 -0.6834
vn 0.2141 0.3894 -0.8958
vn 0.0591 0.2762 -0.9593
vn 0.2114 0.2772 -0.9373
vn 0.0388 0.1788 -0.9831
vn 0.2392 0.4948 -0.8355
vn 0.2816 0.7436 -0.6065
vn 0.1388 0.1527 -0.9785
vn 0.1418 0.1483 -0.9787
vn 0.2705 0.5722 -0.7742
vn 0.2491 0.3554 -0.9009
vn 0.3304 0.6155 -0.7155
vn 0.1717 0.1821 -0.9682
vn 0.3613 0.8321 -0.4208
vn 0.2525 0.3628 -0.897
vn 0.2665 0.9464 -0.1827
vn 0.2709 0.2859 -0.9192
vn 0.2785 0.403 -0.8718
vn 0.2906 0.4978 -0.8172
vn 0.3096 0.3333 -0.8905
vn 0.3312 0.9166 -0.2242
vn 0.4214 0.6416 -0.6409
vn 0.0843 0.1682 -0.9821
vn 0.185 0.0297 -0.9823
vn 0.3739 0.8503 -0.3704
vn 0.3418 0.8778 -0.3357
vn 0.4322 0.738 -0.5182
vn 0.3098 0.3343 -0.8901
vn 0.5385 0.5635 -0.6265
vn 0.1021 0.0958 -0.9901
vn 0.335 0.2851 -0.898
vn 0.4012 0.7821 -0.4768
vn 0.1934 0.2611 -0.9457
vn 0.2252 0.0344 -0.9737
vn 0.3508 0.8909 -0.2885
vn 0.3779 0.828 -0.4142
vn 0.3126 0.9159 -0.252
vn 0.3041 0.5676 -0.7651
vn 0.344 0.5137 -0.786
vn 0.2036 0.0876 -0.9751
vn 0.1022 0.0381 -0.994
vn 0.0952 0.0627 -0.9935
vn 0.2248 0.2088 -0.9518
vn 0.3644 0.3232 -0.8734
vn 0.3779 0.5791 -0.7223
vn 0.3297 0.6974 -0.6363
vn 0.4053 0.7914 -0.4576
vn 0.3387 0.4174 -0.8433
vn 0.3344 0.4077 -0.8497
vn 0.2411 0.0374 -0.9698
vn 0.3625 0.246 -0.8989
vn 0.4093 0.7892 -0.4577
vn 0.1214 0.0429 -0.9917
vn 0.3732 0.6489 -0.6631
vn 0.277 0.0465 -0.9598
vn 0.2014 0.122 -0.9719
vn 0.4388 0.6716 -0.597
vn 0.4509 0.6877 -0.569
vn 0.4053 0.2732 -0.8724
vn 0.4832 0.5831 -0.653
vn 0.4181 0.741 -0.5254
vn 0.171 0.0534 -0.9838
vn 0.2846 0.0335 -0.9581
vn 0.4125 0.8255 -0.3852
vn 0.437 0.7789 -0.4498
vn 0.4538 0.6926 -0.5606
vn 0.382 0.6134 -0.6912
vn 0.2295 0.159 -0.9602
vn 0.4018 0.2119 -0.8909
vn 0.3854 0.6692 -0.6353
vn 0.354 0.5419 -0.7622
vn 0.3371 -0.0101 -0.9414
vn 0.4618 0.8286 -0.3164
vn 0.459 0.643 -0.613
vn 0.3268 0.0393 -0.9443
vn 0.328 0.0419 -0.9437
vn 0.2652 0.2329 -0.9356
vn 0.3791 0.3938 -0.8373
vn 0.4268 0.542 -0.7239
vn 0.2684 0.2234 -0.937
vn 0.3941 0.3464 -0.8513
vn 0.4397 0.2364 -0.8664
vn 0.4394 0.2357 -0.8668
vn 0.3749 0.3852 -0.8433
vn 0.4998 0.7705 -0.3957
vn 0.3471 0.0286 -0.9374
vn 0.3764 0.0457 -0.9253
vn 0.4231 0.6463 -0.635
vn 0.2733 0.1179 -0.9547
vn 0.4994 0.6087 -0.6166
vn 0.473 0.2323 -0.8499
vn 0.5558 0.731 -0.3958
vn 0.4781 0.2206 -0.8502
vn 0.3877 0.0293 -0.9213
vn 0.2807 0.1363 -0.9501
vn 0.4092 0.4841 -0.7734
vn 0.4329 0.4375 -0.7882
vn 0.3251 0.1908 -0.9262
vn 0.3944 0.3627 -0.8443
vn 0.4225 0.0362 -0.9057
vn 0.4236 0.0385 -0.905
vn 0.4179 0.0552 -0.9068
vn 0.4761 0.5094 -0.7169
vn 0.5371 0.5404 -0.6477
vn 0.512 0.2539 -0.8206
vn 0.3331 0.2121 -0.9187
vn 0.5008 0.1414 -0.8539
vn 0.4482 0.0882 -0.8896
vn 0.4252 0.3556 -0.8323
vn 0.451 0.0126 -0.8924
vn 0.4424 0.3349 -0.832
vn 0.5677 0.4663 -0.6784
vn 0.5383 0.1821 -0.8228
vn 0.4681 0.0398 -0.8828
vn 0.3388 0.1233 -0.9327
vn 0.334 0.1356 -0.9328
vn 0.5897 0.6704 -0.4504
vn 0.489 0.0584 -0.8703
vn 0.4539 0.4686 -0.7579
vn 0.5364 0.1866 -0.823
vn 0.4769 0.5194 -0.7091
vn 0.6043 0.5577 -0.569
vn 0.6178 0.6785 -0.3975
vn 0.3889 0.1703 -0.9054
vn 0.4821 0.0179 -0.8759
vn 0.481 0.3343 -0.8105
vn 0.5638 0.2251 -0.7946
vn 0.4578 0.7471 -0.4818
vn 0.514 0.027 -0.8573
vn 0.5176 0.0356 -0.8549
vn 0.6273 0.4182 -0.657
vn 0.5621 0.1963 -0.8034
vn 0.3819 0.1259 -0.9156
vn 0.4697 0.3592 -0.8065
vn 0.6293 0.5148 -0.5822
vn 0.4769 0.449 -0.7556
vn 0.4814 0.5648 -0.6702
vn 0.3859 0.1194 -0.9148
vn 0.5151 0.509 -0.6896
vn 0.6591 0.4827 -0.5767
vn 0.6857 0.5801 -0.4397
vn 0.5147 0.3747 -0.7712
vn -0.0064 1 -0.003
vn 0.5112 0.3256 -0.7954
vn 0.6075 0.1428 -0.7814
vn 0.5463 0.0597 -0.8354
vn 0.5622 0.0227 -0.8267
vn 0.657 0.4711 -0.5886
vn 0.7284 0.4813 -0.4876
vn 0.4303 0.149 -0.8903
vn 0.6063 0.1373 -0.7833
vn 0.0187 0.9929 -0.1172
vn 0.5958 0.0439 -0.8019
vn 0.5192 0.439 -0.7333
vn 0.4368 0.125 -0.8908
vn 0.6011 0.0349 -0.7984
vn 0.4983 0.2818 -0.8199
vn 0.6472 0.2171 -0.7307
vn 0.6555 0.1396 -0.7422
vn 0.0163 0.9904 -0.1369
vn 0.7341 0.486 -0.4742
vn 0.6548 0.1411 -0.7425
vn 0.6598 0.0695 -0.7482
vn 0.5616 0.641 -0.5232
vn 0.5206 0.4747 -0.7096
vn 0.7834 0.4142 -0.4633
vn 0.5185 0.3881 -0.7619
vn 0.6443 0.0482 -0.7632
vn 0.4784 0.1593 -0.8636
vn 0.6898 0.1245 -0.7132
vn 0.7523 0.3154 -0.5784
vn 0.6969 0.1411 -0.7032
vn 0.7833 0.4141 -0.4636
vn 0.6608 0.0085 -0.7505
vn 0.543 0.2683 -0.7957
vn 0.4752 0.1685 -0.8636
vn 0.8276 0.3401 -0.4465
vn 0.7274 0.108 -0.6777
vn 0.7941 0.3034 -0.5267
vn 0.7857 0.2588 -0.5619
vn 0.7037 0.0272 -0.71
vn 0.6946 0.0573 -0.7171
vn 0.7255 0.1045 -0.6802
vn 0.8262 0.3376 -0.451
vn 0.822 0.2729 -0.4998
vn 0.7563 0.1049 -0.6457
vn 0.7567 0.1043 -0.6454
vn 0.8605 0.2818 -0.4244
vn 0.8731 0.2841 -0.3961
vn 0.8425 0.222 -0.4908
vn 0.9616 0.0358 -0.2723
vn 0.9737 0.0817 -0.2125
vn 0.5361 0.2886 -0.7933
vn 0.9393 0.0175 -0.3426
vn 0.9841 0.0404 -0.1731
vn 0.5075 0.4941 -0.7059
vn 0.5462 0.3429 -0.7643
vn 0.9658 0.0191 -0.2585
vn 0.9814 0.0434 -0.1869
vn 0.9857 0.0293 -0.1658
vn 0.4746 0.102 -0.8743
vn 0.978 0.0207 -0.2074
vn 0.97 -0.0047 -0.2429
vn 0.9979 0.0006 -0.0654
vn 0.9948 0.0011 -0.1015
vn 0.0206 0.9997 -0.0126
vn 0.0268 0.9937 -0.1092
vn 0.0329 0.9988 -0.0362
vn 0.0286 0.9984 0.048
vn 0.0246 0.9391 -0.3428
vn -0.0051 0.9762 -0.217
vn 0.574 0.4796 -0.6637
vn 0.0565 0.9924 -0.1095
vn 0.054 0.9699 -0.2373
vn 0.0557 0.9973 -0.0476
vn 0.0329 0.9988 -0.0351
vn 0.597 0.3492 -0.7222
vn 0.0441 0.9419 -0.333
vn 0.5527 0.365 -0.7492
vn 0.0554 0.9972 -0.0493
vn 0.5146 0.1026 -0.8512
vn 0.0543 0.9714 -0.2312
vn 0.0742 0.9431 -0.3242
vn 0.5311 0.1445 -0.8349
vn 0.5728 0.2928 -0.7656
vn 0.5714 0.2168 -0.7915
vn 0.0846 0.994 -0.0695
vn 0.5442 0.0532 -0.8373
vn 0.0996 0.8929 -0.4392
vn 0.605 0.3295 -0.7249
vn 0.6194 0.6139 -0.4894
vn 0.0743 0.9436 -0.3225
vn 0.0963 0.8965 -0.4325
vn 0.5906 0.2561 -0.7652
vn 0.0966 0.8763 -0.4719
vn 0.0842 0.9931 -0.0815
vn 0.1207 0.9788 -0.1657
vn 0.0962 0.9366 -0.3369
vn 0.0933 0.8793 -0.467
vn 0.6258 0.3818 -0.6802
vn 0.1125 0.8274 -0.5502
vn 0.0739 0.7633 -0.6419
vn 0.0789 0.8206 -0.566
vn 0.1143 0.9876 -0.1075
vn 0.6341 0.4268 -0.6448
vn 0.5816 0.0978 -0.8076
vn 0.6013 0.3214 -0.7315
vn 0.1105 0.7852 -0.6093
vn 0.6658 0.3128 -0.6774
vn 0.163 0.9075 -0.3871
vn 0.1388 0.9854 -0.0989
vn 0.6371 0.2125 -0.7409
vn 0.0477 0.685 -0.727
vn 0.0944 0.6523 -0.7521
vn 0.1147 0.6734 -0.7303
vn 0.1178 0.6668 -0.7358
vn 0.6582 0.2873 -0.6959
vn 0.1516 0.6845 -0.7131
vn 0.1992 0.8527 -0.4829
vn 0.0688 0.5068 -0.8593
vn 0.0442 0.5556 -0.8303
vn 0.6399 0.0716 -0.7651
vn 0.1174 0.5655 -0.8163
vn 0.1116 0.5856 -0.8029
vn 0.6484 0.4048 -0.6447
vn 0.6475 0.2167 -0.7306
vn 0.2056 0.8942 -0.3976
vn 0.1037 0.4964 -0.8619
vn 0.7208 0.4379 -0.5373
vn 0.6833 0.5336 -0.4984
vn 0.1087 0.4801 -0.8705
vn 0.1298 0.5759 -0.8071
vn 0.5988 0.1566 -0.7854
vn 0.233 0.9468 -0.2219
vn 0.2725 0.8856 -0.3762
vn 0.2528 0.8128 -0.5249
vn 0.0954 0.3847 -0.9181
vn 0.1197 0.4887 -0.8642
vn 0.6778 0.3742 -0.6329
vn 0.6989 0.3086 -0.6452
vn 0.0533 0.0834 -0.9951
vn 0.2885 0.848 -0.4445
vn 0.7174 0.3386 -0.6089
vn 0.0819 0.03 -0.9962
vn -0.0088 0.1157 -0.9932
vn -0.0074 0.0249 -0.9997
vn 0.3218 0.7668 -0.5554
vn 0.2663 0.9463 -0.1835
vn 0.6806 0.2106 -0.7018
vn 0.2441 0.9547 -0.1703
vn 0.0461 -0 -0.9989
vn 0.3194 0.8342 -0.4495
vn 0.3488 0.7418 -0.5727
vn 0.3188 0.7854 -0.5306
vn 0.3201 0.8512 -0.4159
vn 0.3158 0.9141 -0.2544
vn 0.1765 0.0673 -0.982
vn 0.3768 0.7553 -0.5362
vn 0.3791 0.7525 -0.5385
vn 0.7252 0.4432 -0.527
vn 0.695 0.1824 -0.6955
vn 0.6751 0.2981 -0.6748
vn 0.45 0.6884 -0.5689
vn 0.6952 0.2426 -0.6766
vn 0.4266 0.8423 -0.3294
vn 0.4606 0.6941 -0.5532
vn 0.5006 0.7408 -0.4479
vn 0.7703 0.378 -0.5135
vn 0.537 0.6182 -0.574
vn 0.486 0.704 -0.5179
vn 0.5663 0.6448 -0.5134
vn 0.5604 0.6969 -0.4476
vn 0.659 0.0697 -0.7489
vn 0.6555 0.0801 -0.7509
vn 0.6154 0.5968 -0.5149
vn 0.7183 0.3394 -0.6073
vn 0.6011 0.5013 -0.6224
vn 0.6403 0.5815 -0.5019
vn 0.6871 0.4786 -0.5466
vn 0.6842 0.3909 -0.6157
vn 0.9669 0.0663 -0.2464
vn 0.0378 0.9908 -0.13
vn 0.7616 0.2983 -0.5753
vn 0.0757 0.9623 -0.2611
vn 0.0832 0.9846 -0.1537
vn 0.7157 0.2588 -0.6487
vn 0.0868 0.9677 -0.2368
vn 0.1331 0.8643 -0.4851
vn 0.7211 0.1678 -0.6722
vn 0.7269 0.1964 -0.6581
vn 0.1568 0.9417 -0.2976
vn 0.1255 0.9729 -0.1944
vn 0.1582 0.8763 -0.4551
vn 0.2397 0.9037 -0.3548
vn 0.2241 0.8389 -0.496
vn 0.261 0.831 -0.4913
vn 0.7435 0.2217 -0.6309
vn 0.1653 0.2191 -0.9616
vn 0.9569 0.0123 -0.29
vn 0.9949 0.0004 -0.1007
vn 0.998 0.0011 -0.0634
vn 0.1776 0.3436 -0.9222
vn 0.6974 0.0674 -0.7135
vn 0.9656 0.002 -0.2601
vn 0.7018 0.0522 -0.7105
vn 0.7719 0.3814 -0.5087
vn 0.8139 0.3147 -0.4884
vn 0.7572 0.2344 -0.6097
vn 0.7574 0.2341 -0.6096
vn 0.7592 0.1718 -0.6278
vn 0.7636 0.1592 -0.6257
vn 0.7229 0.1124 -0.6817
vn 0.7234 0.0235 -0.6901
vn 0.7952 0.2119 -0.5681
vn 0.7916 0.2052 -0.5756
vn 0.8102 0.3059 -0.5
vn 0.8462 0.2777 -0.4548
vn 0.812 0.2183 -0.5414
vn 0.7483 0.0412 -0.662
vn 0.8203 0.1895 -0.5396
vn 0.796 0.1742 -0.5797
vn 0.7926 0.1548 -0.5898
vn 0.8435 0.2238 -0.4883
vn 0.7571 0.0285 -0.6526
vn 0.8045 0.1453 -0.5759
vn 0.8441 0.1216 -0.5222
vn 0.7854 0.1073 -0.6096
vn 0.7971 0.0898 -0.5971
vn 0.8365 0.1688 -0.5213
vn 0.8688 0.1668 -0.4663
vn 0.8728 0.2295 -0.4307
vn 0.8791 0.2017 -0.4319
vn 0.8277 0.141 -0.5432
vn 0.7892 0.0328 -0.6132
vn 0.7878 0.0301 -0.6152
vn 0.8889 0.2162 -0.4039
vn 0.8475 0.1335 -0.5137
vn 0.831 0.0748 -0.5512
vn 0.8159 0.0964 -0.5702
vn 0.8976 0.2205 -0.3818
vn 0.8731 0.1498 -0.464
vn 0.8999 0.1784 -0.3979
vn 0.8832 0.1422 -0.447
vn 0.8199 0.0268 -0.5719
vn 0.8188 0.0245 -0.5736
vn 0.859 0.1104 -0.4999
vn 0.8945 0.1211 -0.4304
vn 0.9141 0.1675 -0.3693
vn 0.8832 0.1431 -0.4467
vn 0.8746 0.0698 -0.4798
vn 0.8889 0.1159 -0.4431
vn 0.8428 0.0817 -0.532
vn 0.8637 0.0635 -0.4999
vn 0.9258 0.1505 -0.3468
vn 0.914 0.1251 -0.3859
vn 0.8473 0.025 -0.5305
vn 0.8471 0.0247 -0.5308
vn 0.9107 0.0784 -0.4055
vn 0.9458 0.1175 -0.3028
vn 0.9427 0.1235 -0.3101
vn 0.9043 0.0906 -0.4172
vn 0.8735 0.0711 -0.4816
vn 0.917 0.0902 -0.3884
vn 0.8659 0.0162 -0.4999
vn 0.8745 0.0267 -0.4843
vn 0.9304 0.0771 -0.3583
vn 0.9464 0.1288 -0.2964
vn 0.8863 0.0451 -0.461
vn 0.9404 0.0886 -0.3284
vn 0.8921 0.0147 -0.4516
vn 0.957 0.0817 -0.2782
vn 0.9153 0.0584 -0.3985
vn 0.9373 0.0592 -0.3434
vn 0.9053 0.0382 -0.423
vn 0.899 0.0092 -0.4378
vn 0.905 0.0264 -0.4245
vn 0.9486 0.0693 -0.3089
vn 0.9507 0.0414 -0.3073
vn 0.9311 0.0464 -0.3617
vn 0.9199 0.0188 -0.3917
vn 0.9271 0.0039 -0.3748
vn 0.9697 0.0467 -0.2397
vn 0.9579 0.0512 -0.2824
vn 0.9514 0.0225 -0.3072
vn 0.9534 0.0038 -0.3018
vn 0.9926 0.0272 -0.1183
vn 0.9926 0.0272 -0.1179
vn 0.9919 0.0038 -0.1271
vn 0.9744 0.0227 -0.2235
vn 0.9725 0.029 -0.231
vn 0.9848 0.0012 -0.1737
vn 0.9803 0.007 -0.1973
vn 0.9905 0.0082 -0.1375
vn 0.981 0.0059 -0.194
vn 0.9891 0.0037 -0.1475
vn 0.9995 0.0011 -0.0309
vn 0.9864 0.016 -0.1633
vn 0.0051 0.999 -0.0442
vn 0.0117 0.9992 0.0383
vn 0.0174 0.9997 0.0193
vn 0.9952 0.0181 -0.0959
vn 0.9929 -0.0094 -0.1187
vn 0.0362 0.9888 -0.1448
vn 0.0166 0.9985 0.0528
vn 0.996 0.0082 -0.0887
vn 0.027 0.9937 -0.1085
vn 0.9978 -0.0035 -0.0659
vn 0.9998 0.0044 -0.0204
vn 0.9995 -0.0003 -0.0321
vn 0.034 0.9511 -0.307
vn 0.9995 -0.009 -0.0294
vn 0.0565 0.9869 -0.1513
vn 0.075 0.971 -0.2268
vn 0.0358 0.9668 -0.2529
vn 0.0253 0.891 -0.4534
vn 0.0487 0.8718 -0.4875
vn 0.073 0.8957 -0.4386
vn 0.0425 0.9718 -0.232
vn 0.0831 0.9827 -0.1653
vn 0.096 0.9363 -0.3379
vn 0.0177 0.909 -0.4164
vn 0.1134 0.9572 -0.2662
vn 0.023 0.7836 -0.6209
vn 0.0013 0.8096 -0.587
vn 0.0788 0.8207 -0.5659
vn 0.111 0.9268 -0.3588
vn 0.1144 0.9619 -0.2482
vn 0.1168 0.8816 -0.4573
vn 0.0576 0.7453 -0.6643
vn 0.1357 0.8012 -0.5828
vn 0.1241 0.9307 -0.3441
vn 0.0961 0.6888 -0.7186
vn 0.1222 0.7512 -0.6486
vn 0.13 0.9877 -0.0871
vn 0.1419 0.7892 -0.5976
vn 0.1563 0.972 -0.1757
vn 0.1679 0.9513 -0.2586
vn 0.0144 0.6422 -0.7664
vn 0.1523 0.8251 -0.5441
vn 0.1648 0.9526 -0.2558
vn 0.1631 0.9086 -0.3844
vn 0.1408 0.7512 -0.6449
vn 0.1575 0.8189 -0.5519
vn 0.0694 0.5868 -0.8068
vn 0.0494 0.6236 -0.7802
vn 0.1941 0.9668 -0.1664
vn 0.0059 0.5451 -0.8383
vn 0.195 0.8191 -0.5395
vn 0.1768 0.7252 -0.6654
vn 0.1547 0.6826 -0.7142
vn 0.1443 0.6383 -0.7561
vn 0.1728 0.576 -0.7989
vn 0.1652 0.6587 -0.734
vn 0.064 0.4521 -0.8897
vn 0.1959 0.9526 -0.2328
vn 0.1842 0.9775 -0.1027
vn 0.192 0.9048 -0.38
vn 0.1272 0.9833 -0.1299
vn 0.2014 0.7866 -0.5836
vn 0.1685 0.5219 -0.8362
vn 0.2394 0.6949 -0.678
vn 0.1874 0.7614 -0.6207
vn 0.2038 0.6516 -0.7307
vn 0.0339 0.4757 -0.879
vn 0.0369 0.2945 -0.9549
vn 0.9481 -0.2061 0.2423
vn 0.9472 -0.2012 0.2498
vn 0.4835 -0.2044 0.8512
vn 0.9718 -0.1571 0.1759
vn 0.6991 -0.1632 0.6961
vn 0.3896 -0.1928 0.9006
vn 0.6503 -0.2209 0.7269
vn 0.6513 -0.2213 0.7258
vn 0.9586 -0.1895 0.2127
vn 0.9519 -0.1946 0.2366
vn 0.5612 -0.2099 0.8006
vn 0.5616 -0.2101 0.8003
vn 0.974 -0.2245 0.0286
vn 0.9638 -0.1918 0.1855
vn 0.1479 -0.1747 0.9735
vn 0.6841 -0.2243 0.694
vn 0.9717 -0.2187 0.0896
vn 0.6759 -0.1671 0.7178
vn 0.9751 -0.2175 0.0427
vn 0.121 -0.1713 0.9778
vn 0.8243 -0.18 0.5367
vn 0.3359 -0.194 0.9217
vn 0.8238 -0.1797 0.5377
vn 0.345 -0.1962 0.9179
vn 0.4313 -0.204 0.8788
vn 0.5195 -0.2103 0.8282
vn 0.6152 -0.2217 0.7565
vn 0.6108 -0.2202 0.7605
vn 0.9359 -0.1999 0.2901
vn 0.665 -0.1629 0.7288
vn 0.1015 -0.176 0.9791
vn 0.9729 -0.2207 0.0695
vn 0.4089 -0.204 0.8895
vn 0.9651 -0.2184 0.1442
vn 0.0737 -0.1721 0.9823
vn 0.2949 -0.1967 0.9351
vn 0.5776 -0.2245 0.7848
vn 0.1584 -0.1818 0.9705
vn 0.6439 -0.1669 0.7467
vn 0.0479 -0.1751 0.9834
vn 0.0389 -0.1729 0.9842
vn 0.2761 -0.1924 0.9417
vn 0.8792 -0.1927 0.4357
vn 0.8827 -0.1956 0.4272
vn 0.4558 -0.2139 0.864
vn 0.5598 -0.22 0.7989
vn 0.9679 -0.2237 0.1145
vn 0.6222 -0.1645 0.7654
vn 0.7858 -0.1786 0.5921
vn 0.5362 -0.2244 0.8137
vn 0.867 -0.1922 0.4598
vn 0.1029 -0.1853 0.9773
vn 0.1501 -0.1909 0.9701
vn 0.958 -0.2182 0.186
vn 0.958 -0.218 0.1865
vn 0.2304 -0.1962 0.9531
vn 0.2252 -0.1949 0.9546
vn 0.9658 -0.2208 0.1359
vn 0.6118 -0.169 0.7728
vn 0.5104 -0.221 0.8311
vn 0.5111 -0.2213 0.8306
vn 0.9456 -0.2091 0.2493
vn 0.7121 -0.1752 0.6799
vn 0.3946 -0.2105 0.8944
vn 0.9242 -0.2068 0.321
vn 0.9221 -0.2046 0.3283
vn 0.766 -0.1833 0.6162
vn 0.856 -0.1944 0.479
vn 0.1753 -0.1968 0.9646
vn 0.9027 -0.2052 0.3783
vn 0.9008 -0.2029 0.3839
vn 0.4756 -0.223 0.8509
vn 0.3631 -0.2139 0.9069
vn 0.695 -0.1786 0.6964
vn 0.0811 -0.1906 0.9783
vn 0.4544 -0.221 0.8629
vn 0.4498 -0.2195 0.8657
vn 0.9506 -0.2195 0.2193
vn 0.3462 -0.2111 0.9141
vn 0.7483 -0.1815 0.6381
vn 0.7502 -0.1824 0.6356
vn 0.0483 -0.1865 0.9813
vn 0.8845 -0.2055 0.4188
vn 0.2302 -0.205 0.9513
vn 0.3213 -0.2145 0.9224
vn 0.8791 -0.2027 0.4314
vn 0.0294 -0.1912 0.9811
vn 0.5666 -0.1674 0.8068
vn 0.5656 -0.1666 0.8077
vn 0.4124 -0.2247 0.8829
vn 0.4097 -0.2242 0.8842
vn 0.675 -0.176 0.7166
vn 0.2918 -0.2104 0.9331
vn 0.8302 -0.1966 0.5217
vn 0.2721 -0.2142 0.9381
vn 0.3704 -0.2246 0.9013
vn 0.6571 -0.1806 0.7319
vn 0.7265 -0.1826 0.6625
vn 0.9348 -0.2197 0.2791
vn 0.1166 -0.207 0.9714
vn 0.9448 -0.2269 0.2364
vn 0.2058 -0.2129 0.9552
vn 0.3117 -0.2256 0.923
vn 0.1057 -0.2082 0.9724
vn 0.3616 -0.2283 0.9039
vn 0.5206 -0.1669 0.8373
vn 0.0573 -0.2063 0.9768
vn 0.5195 -0.1663 0.8381
vn 0.0814 -0.2042 0.9755
vn 0.1737 -0.2136 0.9614
vn 0.1762 -0.2148 0.9606
vn 0.9305 -0.2209 0.2922
vn 0.2732 -0.2258 0.9351
vn 0.263 -0.2244 0.9383
vn 0.9903 -0.1384 -0.0115
vn 0.3194 -0.2291 0.9195
vn 0.2508 -0.2266 0.9411
vn 0.9895 -0.1386 0.042
vn 0.2239 -0.226 0.948
vn 0.4974 -0.164 0.8519
vn 0.9216 -0.2175 0.3213
vn 0.9872 -0.1409 0.075
vn 0.9207 -0.2164 0.3247
vn 0.987 -0.1366 0.0841
vn 0.6089 -0.1787 0.7728
vn 0.1987 -0.2306 0.9525
vn 0.1677 -0.2241 0.96
vn 0.0342 -0.2147 0.9761
vn 0.9841 -0.1371 0.1132
vn 0.0172 -0.2154 0.9764
vn 0.1373 -0.2294 0.9636
vn 0.9876 -0.1565 -0.0108
vn 0.9137 -0.2186 0.3426
vn 0.4781 -0.1687 0.8619
vn 0.9882 -0.1526 0.0125
vn 0.0997 -0.2256 0.9691
vn 0.9779 -0.145 0.1505
vn 0.0055 -0.2191 0.9757
vn 0.9771 -0.142 0.1586
vn 0.0787 -0.2293 0.9702
vn 0.8605 -0.2096 0.4643
vn 0.1377 -0.2547 0.9572
vn 0.0644 -0.228 0.9715
vn 0.9876 -0.1536 0.0316
vn 0.9876 -0.1539 0.0294
vn 0.0063 -0.2337 0.9723
vn 0.657 -0.1806 0.732
vn 0.0141 -0.2366 0.9715
vn 0.9909 -0.1323 0.0248
vn 0.9687 -0.1419 0.2036
vn 0.9688 -0.1421 0.2031
vn 0.4556 -0.1633 0.8751
vn 0.8285 -0.2051 0.5212
vn 0.9777 -0.1471 0.1501
vn 0.9808 -0.1569 0.1154
vn 0.9618 -0.1575 0.224
vn 0.986 -0.1653 -0.0222
vn 0.7667 -0.1948 0.6117
vn 0.984 -0.1545 0.0883
vn 0.8535 -0.2063 0.4786
vn 0.9845 -0.1563 0.0793
vn 0.9545 -0.1556 0.2545
vn 0.9249 -0.149 0.3499
vn 0.9066 -0.1596 0.3906
vn 0.9069 -0.1576 0.3908
vn 0.4398 -0.1671 0.8824
vn 0.9811 -0.1896 0.0395
vn 0.912 -0.164 0.3761
vn 0.9553 -0.1449 0.2577
vn 0.956 -0.1464 0.2541
vn 0.8066 -0.1517 0.5713
vn 0.565 -0.18 0.8052
vn 0.562 -0.1785 0.8077
vn 0.9039 -0.1776 0.389
vn 0.9781 -0.206 0.0313
vn 0.8143 -0.1646 0.5566
vn 0.9032 -0.1767 0.3912
vn 0.9154 -0.1789 0.3605
vn 0.7877 -0.1648 0.5937
vn 0.7826 -0.1694 0.599
vn 0.8151 -0.1699 0.5538
vn 0.9844 -0.1758 -0.0063
vn 0.4117 -0.1648 0.8963
vn 0.6219 -0.1855 0.7608
vn 0.9407 -0.1508 0.3039
vn 0.9043 -0.1932 0.3806
vn 0.7961 -0.1841 0.5765
vn 0.9382 -0.1487 0.3125
vn 0.7966 -0.1961 0.5719
vn 0.9297 -0.1527 0.3352
vn 0.7998 -0.2075 0.5633
vn 0.8015 -0.2188 0.5566
vn 0.7843 -0.2221 0.5792
vn 0.4029 -0.1671 0.8999
vn 0.9771 -0.1661 0.1328
vn 0.5197 -0.1783 0.8355
vn 0.967 -0.1519 0.2047
vn 0.5203 -0.1785 0.8351
vn 0.9844 -0.1759 -0.0056
vn 0.6912 -0.193 0.6964
vn 0.6902 -0.1928 0.6975
vn 0.7734 -0.2077 0.5989
vn 0.8971 -0.2276 0.3787
vn 0.8923 -0.2225 0.3928
vn 0.3639 -0.1639 0.9169
vn 0.8152 -0.1635 0.5557
vn 0.8311 -0.157 0.5336
vn 0.8643 -0.2199 0.4523
vn 0.984 -0.1758 0.0303
vn 0.8609 -0.2187 0.4594
vn 0.984 -0.1757 0.0306
vn 0.6702 -0.1935 0.7165
vn 0.9694 -0.1677 0.1794
vn 0.7589 -0.2028 0.6188
vn 0.9702 -0.1688 0.1738
vn 0.3476 -0.1682 0.9224
vn 0.7544 -0.1668 0.6348
vn 0.478 -0.1784 0.8601
vn 0.4773 -0.1782 0.8605
vn 0.7857 -0.1788 0.5922
vn 0.751 -0.1698 0.6381
vn 0.6615 -0.1969 0.7236
vn 0.9004 -0.1905 0.3913
vn 0.8709 -0.2293 0.4348
vn 0.9621 -0.1712 0.2122
vn 0.9807 -0.1789 0.0789
vn 0.9798 -0.176 0.0948
vn 0.88 -0.1549 0.449
vn 0.8811 -0.156 0.4465
vn 0.3155 -0.1606 0.9352
vn 0.794 -0.1942 0.5761
vn 0.9015 -0.2113 0.3776
vn 0.453 -0.1787 0.8734
vn 0.8845 -0.214 0.4146
vn 0.7938 -0.2044 0.5729
vn 0.7008 -0.2057 0.6831
vn 0.9752 -0.1792 0.1297
vn 0.9771 -0.1833 0.1079
vn 0.2948 -0.1646 0.9413
vn 0.9331 -0.1707 0.3166
vn 0.6158 -0.1946 0.7635
vn 0.6177 -0.1957 0.7617
vn 0.8573 -0.1636 0.488
vn 0.8263 -0.218 0.5192
vn 0.8509 -0.1562 0.5015
vn 0.9412 -0.159 0.298
vn 0.9811 -0.1935 -0.0006
vn 0.901 -0.1535 0.4057
vn 0.9233 -0.1651 0.3467
vn 0.959 -0.1745 0.2233
vn 0.8946 -0.1672 0.4144
vn 0.848 -0.2237 0.4805
vn 0.8502 -0.1632 0.5004
vn 0.2706 -0.159 0.9495
vn 0.9805 -0.1957 0.0185
vn 0.7875 -0.164 0.5941
vn 0.9263 -0.17 0.3363
vn 0.9164 -0.189 0.3528
vn 0.8086 -0.2206 0.5454
vn 0.9702 -0.1823 0.1599
vn 0.8366 -0.2237 0.5001
vn 0.2481 -0.1635 0.9548
vn 0.9786 -0.192 0.0743
vn 0.9488 -0.1763 0.2622
vn 0.949 -0.1765 0.2611
vn 0.892 -0.2181 0.396
vn 0.2248 -0.1584 0.9614
vn 0.5633 -0.1946 0.803
vn 0.5636 -0.1947 0.8028
vn 0.4336 -0.1849 0.8819
vn 0.7682 -0.2183 0.6019
vn 0.1976 -0.1647 0.9663
vn 0.7744 -0.1565 0.613
vn 0.9759 -0.2 0.0872
vn 0.9743 -0.2025 0.0989
vn 0.9369 -0.1766 0.3018
vn 0.3393 -0.1772 0.9238
vn 0.7547 -0.1695 0.6338
vn 0.3403 -0.1779 0.9233
vn 0.9305 -0.1876 0.3146
vn 0.8231 -0.1754 0.5402
vn 0.6919 -0.2109 0.6904
vn 0.4017 -0.1848 0.8969
vn 0.1727 -0.1617 0.9716
vn 0.1722 -0.1614 0.9718
vn 0.7544 -0.2208 0.6182
vn 0.8219 -0.1926 0.5361
vn 0.519 -0.1932 0.8327
vn 0.5234 -0.1948 0.8295
vn 0.6621 -0.2084 0.7198
vn 0.7373 -0.1584 0.6567
vn 0.8946 -0.1755 0.4109
vn 0.3993 -0.1854 0.8979
vn 0.8321 -0.2083 0.514
vn 0.2943 -0.1746 0.9396
vn 0.7587 -0.1986 0.6204
vn 0.7388 -0.2196 0.6371
vn 0.7364 -0.2188 0.6402
vn 0.5361 -0.7569 0.3739
vn 0.6527 -0.2116 0.7275
vn 0.8834 -0.1795 0.4329
vn 0.9464 -0.1872 0.2634
vn 0.1222 -0.1602 0.9795
vn 0.1215 -0.1598 0.9796
vn 0.2769 -0.1784 0.9442
vn 0.8541 -0.1689 0.492
vn 0.4714 -0.1936 0.8604
vn 0.4796 -0.1955 0.8554
vn 0.6924 -0.2123 0.6896
vn 0.7248 -0.2201 0.6529
vn 0.9711 -0.2019 0.1275
vn 0.9709 -0.2015 0.1292
vn 0.9372 -0.1934 0.2902
vn 0.8736 -0.1786 0.4528
vn 0.8722 -0.1776 0.4558
vn 0.0956 -0.1575 0.9829
vn 0.7137 -0.1756 0.678
vn 0.2476 -0.1742 0.9531
vn 0.4552 -0.1956 0.8686
vn 0.849 -0.1919 0.4923
vn 0.9775 -0.209 0.0293
vn 0.7176 -0.1913 0.6696
vn 0.7408 -0.1946 0.6429
vn 0.7277 -0.1961 0.6572
vn 0.614 -0.2098 0.761
vn 0.6122 -0.2087 0.7627
vn 0.0739 -0.1617 0.9841
vn 0.7213 -0.203 0.6622
vn 0.2213 -0.1781 0.9588
vn 0.7387 -0.2096 0.6406
vn 0.681 -0.2217 0.6979
vn 0.1512 -0.1918 0.9697
vn 0.9513 -0.1591 0.2639
vn 0.5116 -0.2059 0.8342
vn 0.7106 -0.1682 0.6831
vn 0.879 -0.1645 0.4475
vn 0.8749 -0.1683 0.4542
vn 0.9221 -0.1907 0.3367
vn 0.039 -0.1563 0.9869
vn 0.0461 -0.1599 0.9861
vn 0.211 -0.1762 0.9615
vn 0.9627 -0.2017 0.1805
vn 0.7092 -0.2274 0.6673
vn 0.9632 -0.2037 0.1752
vn 0.8497 -0.1792 0.4958
vn 0.8499 -0.1793 0.4955
vn 0.3144 -0.5186 -0.7951
vn 0.3296 -0.5065 -0.7968
vn 0.6959 -0.5442 -0.4687
vn 0.5645 -0.6339 -0.5287
vn 0.2727 -0.5206 -0.8091
vn 0.2822 -0.5277 -0.8012
vn 0.1699 -0.5715 -0.8028
vn 0.0809 -0.5844 -0.8074
vn 0.4556 -0.8122 -0.3644
vn 0.123 -0.5885 -0.799
vn 0.0214 -0.6133 -0.7895
vn 0.8813 -0.4207 -0.2153
vn 0.2304 -0.5374 -0.8113
vn 0.7532 -0.6157 -0.2317
vn 0.7665 -0.6046 -0.2164
vn 0.8608 -0.4528 -0.2324
vn 0.9029 -0.3766 -0.2075
vn 0.0347 -0.6001 -0.7992
vn 0.2262 -0.5409 -0.8101
vn 0.4568 -0.8119 -0.3634
vn 0.6613 -0.6483 -0.3774
vn 0.8061 -0.5451 -0.2303
vn 0.0713 -0.5904 -0.804
vn 0.184 -0.5423 -0.8198
vn 0.5129 -0.7681 -0.3835
vn 0.1799 -0.5451 -0.8188
vn 0.5083 -0.7695 -0.3867
vn 0.2225 -0.8127 -0.5386
vn 0.6872 -0.6965 -0.2066
vn 0.6552 -0.7436 -0.1333
vn 0.0175 -0.5832 -0.8122
vn 0.1337 -0.5556 -0.8206
vn 0.1235 -0.5518 -0.8248
vn 0.6312 -0.7671 -0.1145
vn 0.0709 -0.5649 -0.8221
vn 0.0836 -0.5534 -0.8287
vn 0.9341 -0.263 -0.2414
vn 0.2442 -0.9285 -0.2799
vn 0.2606 -0.9268 -0.2705
vn 0.0267 -0.5684 -0.8223
vn 0.0395 -0.9834 -0.1774
vn 0.0337 -0.5641 -0.825
vn 0.6457 -0.5669 -0.5116
vn 0.6652 -0.5615 -0.4922
vn 0.8486 -0.5255 -0.0613
vn 0.8482 -0.5242 -0.076
vn 0.8226 -0.5176 -0.2353
vn 0.8317 -0.5436 -0.1134
vn 0.8198 -0.5561 -0.1367
vn 0.8326 -0.5415 -0.1163
vn 0.1551 -0.9618 -0.2254
vn 0.8181 -0.5539 -0.1547
vn 0.7994 -0.4366 -0.4128
vn 0.4462 -0.7074 -0.5481
vn 0.7886 -0.5849 -0.1895
vn 0.6754 -0.7205 -0.157
vn 0.1571 -0.8424 -0.5155
vn 0.7925 -0.5726 -0.2097
vn 0.7783 -0.585 -0.2281
vn 0.527 -0.6429 -0.5559
vn 0.0886 -0.9777 -0.1905
vn 0.0763 -0.9772 -0.1983
vn 0.7599 -0.6017 -0.2462
vn 0.7811 -0.5742 -0.2452
vn 0.9465 -0.2148 -0.2408
vn 0.9383 -0.2199 -0.2669
vn 0.9222 -0.2944 -0.2509
vn 0.61 -0.6068 -0.5095
vn 0.5865 -0.6108 -0.5319
vn 0.9143 -0.2968 -0.2754
vn 0.2675 -0.7923 -0.5485
vn 0.901 -0.3 -0.3135
vn 0.4092 -0.832 -0.3746
vn 0.9086 -0.364 -0.2047
vn 0.4642 -0.6888 -0.5568
vn 0.4779 -0.6869 -0.5475
vn 0.6888 -0.6942 -0.209
vn 0.969 -0.1918 -0.1557
vn 0.2924 -0.7776 -0.5567
vn 0.108 -0.8364 -0.5374
vn 0.7399 -0.6349 -0.2224
vn 0.7256 -0.6458 -0.2375
vn 0.308 -0.8956 -0.3211
vn 0.3196 -0.8945 -0.3127
vn 0.587 -0.8006 -0.1203
vn 0.8096 -0.4215 -0.4085
vn 0.9815 -0.1642 -0.0988
vn 0.3818 -0.7268 -0.571
vn 0.7513 -0.4633 -0.4701
vn 0.3372 -0.7523 -0.566
vn 0.9299 -0.3251 -0.1723
vn 0.578 -0.7141 -0.3949
vn 0.6137 -0.5893 -0.5255
vn 0.8415 -0.4589 -0.2852
vn 0.7116 -0.5174 -0.4753
vn 0.6942 -0.5224 -0.4952
vn 0.8417 -0.4851 -0.237
vn 0.8616 -0.3536 -0.3641
vn 0.8777 -0.3477 -0.3297
vn 0.9691 -0.2348 -0.0754
vn 0.0483 -0.8604 -0.5073
vn 0.0495 -0.8598 -0.5082
vn 0.6111 -0.777 -0.1511
vn 0.6393 -0.7503 -0.1686
vn 0.6327 -0.7544 -0.1749
vn 0.9868 -0.153 -0.0521
vn 0.1506 -0.8259 -0.5434
vn 0.789 -0.5584 -0.2562
vn 0.8596 -0.455 -0.2327
vn 0.3544 -0.8712 -0.3399
vn 0.7847 -0.4394 -0.4374
vn 0.9241 -0.2492 -0.2898
vn 0.1134 -0.9651 -0.2362
vn 0.6299 -0.5705 -0.5269
vn 0.226 -0.7967 -0.5605
vn 0.9535 -0.278 -0.1168
vn 0.2186 -0.7948 -0.5661
vn 0.222 -0.9356 -0.2745
vn 0.2069 -0.9369 -0.2819
vn 0.4797 -0.7856 -0.3907
vn 0.4247 -0.7046 -0.5685
vn 0.7792 -0.5353 -0.3261
vn 0.5343 -0.6435 -0.5481
vn 0.7682 -0.5415 -0.3415
vn 0.5564 -0.827 -0.0811
vn 0.086 -0.8489 -0.5215
vn 0.9399 -0.3063 -0.1508
vn 0.8382 -0.3812 -0.3901
vn 0.9609 -0.2094 -0.1814
vn 0.7168 -0.66 -0.225
vn 0.6993 -0.6726 -0.2419
vn 0.9575 -0.2123 -0.1952
vn 0.1568 -0.8198 -0.5508
vn 0.5591 -0.8177 -0.1368
vn 0.5955 -0.7983 -0.0902
vn 0.1268 -0.9655 -0.2276
vn 0.9852 -0.1602 -0.0616
vn 0.8674 -0.4219 -0.2639
vn 0.7047 -0.6056 -0.3696
vn 0.8945 -0.3888 -0.2205
vn 0.8824 -0.4027 -0.2433
vn 0.6566 -0.7279 -0.1974
vn 0.6573 -0.7275 -0.1969
vn 0.7538 -0.6072 -0.2511
vn 0.6595 -0.5391 -0.5239
vn 0.6834 -0.5317 -0.5003
vn 0.2797 -0.9034 -0.3249
vn 0.6187 -0.6795 -0.3942
vn 0.6068 -0.6839 -0.4051
vn 0.3207 -0.7517 -0.5762
vn 0.5198 -0.6487 -0.5559
vn 0.8103 -0.5261 -0.2583
vn 0.0466 -0.978 -0.2033
vn 0.0346 -0.9768 -0.2113
vn 0.7142 -0.5896 -0.3771
vn 0.8171 -0.3914 -0.4233
vn 0.6092 -0.7787 -0.1498
vn 0.1913 -0.9417 -0.2766
vn 0.1775 -0.9424 -0.2835
vn 0.382 -0.8529 -0.3558
vn 0.0458 -0.8438 -0.5346
vn 0.463 -0.7906 -0.4007
vn 0.0418 -0.8454 -0.5325
vn 0.8742 -0.3226 -0.3628
vn 0.5949 -0.782 -0.1861
vn 0.4089 -0.8322 -0.3745
vn 0.5631 -0.819 -0.1101
vn 0.5744 -0.5992 -0.5577
vn 0.5979 -0.5932 -0.5391
vn 0.7287 -0.5806 -0.3632
vn 0.7571 -0.551 -0.351
vn 0.5559 -0.6136 -0.5608
vn 0.733 -0.6313 -0.2533
vn 0.7996 -0.5037 -0.3269
vn 0.8308 -0.4953 -0.2538
vn 0.8248 -0.4808 -0.2976
vn 0.9473 -0.2325 -0.2203
vn 0.4983 -0.8621 -0.0927
vn 0.5566 -0.7296 -0.3974
vn 0.5394 -0.7365 -0.4081
vn 0.2617 -0.767 -0.5859
vn 0.474 -0.663 -0.5795
vn 0.3565 -0.736 -0.5755
vn 0.9233 -0.3368 -0.1849
vn 0.2499 -0.9133 -0.3217
vn 0.921 -0.3477 -0.1755
vn 0.2968 -0.885 -0.3588
vn 0.8577 -0.4368 -0.2712
vn 0.7778 -0.448 -0.4408
vn 0.7458 -0.4611 -0.4809
vn 0.7673 -0.5866 -0.259
vn 0.4023 -0.7073 -0.5813
vn 0.5206 -0.8452 -0.1211
vn 0.4432 -0.6806 -0.5834
vn 0.8955 -0.3124 -0.3171
vn 0.9727 -0.2191 -0.0759
vn 0.6137 -0.7599 -0.2143
vn 0.631 -0.7502 -0.1975
vn 0.0604 -0.9684 -0.242
vn 0.0789 -0.971 -0.2258
vn 0.9738 -0.1812 -0.1371
vn 0.9762 -0.1781 -0.1234
vn 0.7114 -0.4923 -0.5016
vn 0.6683 -0.7017 -0.247
vn 0.8181 -0.3918 -0.4211
vn 0.6819 -0.6935 -0.2326
vn 0.7268 -0.6364 -0.2583
vn 0.4428 -0.8034 -0.3981
vn 0.6728 -0.5169 -0.5292
vn 0.5927 -0.7892 -0.161
vn 0.8848 -0.4124 -0.2169
vn 0.4695 -0.6659 -0.5797
vn 0.9402 -0.2361 -0.2457
vn 0.3242 -0.866 -0.3806
vn 0.2742 -0.7608 -0.5882
vn 0.1523 -0.8008 -0.5793
vn 0.1738 -0.805 -0.5672
vn 0.6422 -0.7319 -0.2276
vn 0.7604 -0.588 -0.2758
vn 0.7992 -0.5428 -0.2582
vn 0.2973 -0.7457 -0.5963
vn 0.6262 -0.556 -0.5465
vn 0.6343 -0.5562 -0.5369
vn 0.9488 -0.2833 -0.1398
vn 0.7533 -0.5945 -0.2813
vn 0.9144 -0.2769 -0.2954
vn 0.594 -0.783 -0.1845
vn 0.2407 -0.9144 -0.3254
vn 0.0314 -0.9686 -0.2466
vn 0.8488 -0.3603 -0.387
vn 0.914 -0.3608 -0.1856
vn 0.9176 -0.3547 -0.1793
vn 0.5824 -0.7037 -0.407
vn 0.7256 -0.4938 -0.4792
vn 0.8355 -0.4603 -0.3002
vn 0.5487 -0.613 -0.5685
vn 0.7027 -0.6617 -0.2614
vn 0.4182 -0.6747 -0.6082
vn 0.4988 -0.6433 -0.5808
vn 0.8673 -0.4406 -0.2316
vn 0.9811 -0.1692 -0.0934
vn 0.2202 -0.773 -0.595
vn 0.3982 -0.8213 -0.4085
vn 0.9704 -0.2279 -0.0802
vn 0.9288 -0.3234 -0.1811
vn 0.8145 -0.5193 -0.2586
vn 0.9847 -0.1629 -0.0616
vn 0.6574 -0.6379 -0.4011
vn 0.6693 -0.633 -0.389
vn 0.8741 -0.4162 -0.2507
vn 0.5117 -0.7522 -0.4151
vn 0.5082 -0.7533 -0.4173
vn 0.1375 -0.948 -0.2871
vn 0.1493 -0.9482 -0.2805
vn 0.0826 -0.8247 -0.5595
vn 0.0915 -0.8286 -0.5523
vn 0.7341 -0.6233 -0.2695
vn 0.7245 -0.6294 -0.2809
vn 0.3826 -0.8235 -0.4189
vn 0.8729 -0.3251 -0.3638
vn 0.3619 -0.7197 -0.5926
vn 0.3508 -0.8481 -0.3971
vn 0.3422 -0.8489 -0.4027
vn 0.5365 -0.8342 -0.1278
vn 0.3359 -0.7191 -0.6083
vn 0.7007 -0.6631 -0.2633
vn 0.2124 -0.9219 -0.3239
vn 0.2271 -0.7692 -0.5973
vn 0.5798 -0.7853 -0.2172
vn 0.3855 -0.6976 -0.6039
vn 0.9304 -0.3309 -0.1576
vn 0.2889 -0.8891 -0.3551
vn 0.8963 -0.3749 -0.237
vn 0.5613 -0.8138 -0.1508
vn 0.9636 -0.2469 -0.1027
vn 0.5956 -0.5699 -0.5661
vn 0.5444 -0.8218 -0.1679
vn 0.7716 -0.4227 -0.4753
vn 0.799 -0.4133 -0.4367
vn 0.8872 -0.4084 -0.2146
vn 0.9818 -0.1693 -0.0862
vn 0.9249 -0.2553 -0.2819
vn 0.9387 -0.3062 -0.1582
vn 0.1293 -0.8084 -0.5743
vn 0.8894 -0.3006 -0.3444
vn 0.7199 -0.4682 -0.5124
vn 0.7643 -0.4443 -0.4675
vn 0.9379 -0.2359 -0.2543
vn 0.9145 -0.3489 -0.2046
vn 0.0362 -0.8288 -0.5584
vn 0.9846 -0.1634 -0.0622
vn 0.9542 -0.2108 -0.2122
vn 0.8292 -0.3657 -0.4226
vn 0.4618 -0.6388 -0.6154
vn 0.6308 -0.7333 -0.2538
vn 0.6467 -0.7252 -0.2363
vn 0.8362 -0.4864 -0.2534
vn 0.8468 -0.3481 -0.4023
vn 0.0652 -0.9601 -0.2719
vn 0.5212 -0.6199 -0.5866
vn 0.2559 -0.8995 -0.3542
vn 0.9766 -0.2071 -0.0575
vn 0.392 -0.6929 -0.6052
vn 0.9083 -0.3656 -0.2033
vn 0.4872 -0.8681 -0.0951
vn 0.647 -0.521 -0.5568
vn 0.2028 -0.9227 -0.3279
vn 0.8946 -0.2869 -0.3426
vn 0.7532 -0.4452 -0.4843
vn 0.9259 -0.2549 -0.2789
vn 0.778 -0.5199 -0.3528
vn 0.7881 -0.5166 -0.3346
vn 0.9063 -0.3757 -0.1937
vn 0.1073 -0.9526 -0.2848
vn 0.0979 -0.952 -0.29
vn 0.0501 -0.8225 -0.5666
vn 0.3193 -0.8684 -0.3794
vn 0.4857 -0.862 -0.145
vn 0.5155 -0.848 -0.1233
vn 0.9094 -0.2729 -0.3139
vn 0.3086 -0.7288 -0.6112
vn 0.3095 -0.7291 -0.6104
vn 0.5425 -0.7225 -0.4287
vn 0.6964 -0.6576 -0.2874
vn 0.7035 -0.6541 -0.2777
vn 0.4509 -0.6376 -0.6246
vn 0.9671 -0.2347 -0.0979
vn 0.1669 -0.7825 -0.5999
vn 0.0849 -0.805 -0.5872
vn 0.0924 -0.8075 -0.5826
vn 0.9545 -0.2743 -0.1168
vn 0.9999 -0.0116 0.0007
vn 0.8803 -0.3948 -0.2629
vn 0.8522 -0.3381 -0.3993
vn 0.4801 -0.7682 -0.4236
vn 0.4782 -0.7686 -0.425
vn 0.9988 -0.0479 0.0022
vn 0.6986 -0.6038 -0.3839
vn 0.3465 -0.7017 -0.6225
vn 0.5056 -0.8446 -0.1761
vn 0.5936 -0.5721 -0.566
vn 0.4459 -0.8898 -0.0974
vn 0.7082 -0.4824 -0.5155
vn 0.685 -0.4908 -0.5384
vn 0.9998 -0.0187 -0.002
vn 1 -0.0027 0
vn 0.7451 -0.5529 -0.3729
vn 0.5403 -0.8164 -0.2041
vn 0.2374 -0.8979 -0.3707
vn 0.9984 -0.057 -0.0012
vn 0.6703 -0.6934 -0.2644
vn 0.6627 -0.6969 -0.2743
vn 0.5815 -0.7835 -0.2191
vn 0.9994 -0.0347 -0.0014
vn 0.1697 -0.9288 -0.3294
vn 0.173 -0.9289 -0.3275
vn 0.6167 -0.75 -0.2393
vn 0.599 -0.7592 -0.2547
vn 0.7834 -0.5558 -0.2783
vn 0.6236 -0.5441 -0.5613
vn 0.9986 -0.0521 0.0064
vn 0.8244 -0.3647 -0.4328
vn 0.7775 -0.5651 -0.2761
vn 0.7051 -0.594 -0.3873
vn 0.901 -0.3621 -0.239
vn 0.1852 -0.7689 -0.612
vn 0.238 -0.7487 -0.6187
vn 0.6301 -0.6581 -0.412
vn 0.618 -0.6631 -0.4224
vn 0.0378 -0.8106 -0.5843
vn 0.998 -0.0639 0.0011
vn 0.8207 -0.4696 -0.3256
vn 0.839 -0.4553 -0.2979
vn 0.9987 -0.0504 -0.0046
vn 0.7919 -0.4026 -0.4591
vn 0.5578 -0.5828 -0.5909
vn 0.997 -0.0755 -0.0168
vn 0.8846 -0.3921 -0.2525
vn 0.209 -0.9094 -0.3597
vn 0.2038 -0.9092 -0.3631
vn 0.2664 -0.7329 -0.626
vn 0.9996 -0.0203 -0.0191
vn 0.4239 -0.8979 -0.119
vn 0.6523 -0.5206 -0.5509
vn 0.4694 -0.8737 -0.1278
vn 0.4474 -0.8821 -0.1473
vn 0.9906 -0.1367 0.0062
vn 0.9947 -0.103 -0.0059
vn 0.9777 -0.1778 -0.1115
vn 0.9954 -0.0958 0.0086
vn 0.4149 -0.8078 -0.4188
vn 0.5257 -0.7295 -0.4377
vn 0.5389 -0.8176 -0.2028
vn 0.7662 -0.4075 -0.4969
vn 0.9877 -0.1555 -0.0172
vn 0.9895 -0.1427 -0.0246
vn 0.9979 -0.0512 -0.0389
vn 0.049 -0.8044 -0.5921
vn 0.5834 -0.56 -0.5883
vn 0.984 -0.178 -0.0078
vn 0.9624 -0.1964 -0.1875
vn 0.28 -0.8784 -0.3872
vn 0.2715 -0.8778 -0.3946
vn 0.9971 -0.0747 -0.0169
vn 0.5502 -0.5881 -0.5928
vn 0.3617 -0.6904 -0.6265
vn 0.0419 -0.9542 -0.2963
vn 0.4948 -0.8514 -0.1737
vn 0.4817 -0.8573 -0.1818
vn 0.9953 -0.0842 -0.0481
vn 0.993 -0.112 -0.0383
vn 0.8523 -0.4621 -0.2452
vn 0.7953 -0.4885 -0.359
vn 0.9858 -0.1674 -0.0153
vn 0.9781 -0.2079 -0.0031
vn 0.669 -0.4943 -0.5551
vn 0.994 -0.0939 -0.0559
vn 0.4615 -0.639 -0.6153
vn 0.9138 -0.2577 -0.3139
vn 0.7311 -0.6176 -0.2899
vn 0.7183 -0.4448 -0.5349
vn 0.3846 -0.6664 -0.6387
vn 0.4407 -0.7841 -0.437
vn 0.4437 -0.7836 -0.4349
vn 0.4313 -0.663 -0.6119
vn 0.7544 -0.5875 -0.2927
vn 0.8699 -0.3071 -0.386
vn 0.7208 -0.5751 -0.3868
vn 0.1211 -0.7769 -0.6178
vn 0.141 -0.7784 -0.6118
vn 0.9918 -0.1221 -0.0383
vn 0.9908 -0.1325 -0.0286
vn 0.503 -0.6033 -0.6189
vn 0.1743 -0.76 -0.6261
vn 0.9531 -0.2091 -0.2186
vn 0.5711 -0.7807 -0.2537
vn 0.566 -0.7831 -0.2577
vn 0.9801 -0.1984 -0.0111
vn 0.307 -0.7023 -0.6423
vn 0.9753 -0.2173 -0.0388
vn 0.9709 -0.1868 -0.1497
vn 0.9679 -0.1898 -0.1647
vn 0.2308 -0.7462 -0.6244
vn 0.8105 -0.3619 -0.4605
vn 0.9605 -0.2529 -0.1163
vn 0.9544 -0.2618 -0.1435
vn 0.8496 -0.3233 -0.4167
vn 0.5624 -0.7023 -0.4365
vn 0.8632 -0.3168 -0.3932
vn 0.9852 -0.1609 -0.0587
vn 0.8779 -0.4232 -0.2242
vn 0.1322 -0.9341 -0.3316
vn 0.1268 -0.9337 -0.3349
vn 0.9736 -0.2281 -0.0071
vn 0.966 -0.2558 -0.0364
vn 0.6638 -0.6897 -0.2892
vn 0.6574 -0.6922 -0.2978
vn 0.3079 -0.8559 -0.4155
vn 0.3232 -0.8549 -0.4058
vn 0.744 -0.553 -0.3752
vn 0.7927 -0.5424 -0.2783
vn 0.7661 -0.4075 -0.497
vn 0.9465 -0.2808 -0.1591
vn 0.5858 -0.6815 -0.4386
vn 0.6319 -0.7252 -0.2733
vn 0.6219 -0.7298 -0.284
vn 0.5976 -0.6769 -0.4297
vn 0.9799 -0.1904 -0.0586
vn 0.5974 -0.5341 -0.5983
vn 0.9852 -0.1681 -0.0322
vn 0.6676 -0.6185 -0.4145
vn 0.4516 -0.6372 -0.6245
vn 0.9751 -0.2041 -0.087
vn 0.384 -0.9165 -0.1124
vn 0.9716 -0.2363 -0.012
vn 0.5099 -0.5962 -0.6201
vn 0.7754 -0.4001 -0.4885
vn 0.8353 -0.3369 -0.4345
vn 0.9945 -0.0859 -0.0605
vn 0.8046 -0.5244 -0.2787
vn 0.9891 -0.1137 -0.0936
vn 0.8163 -0.5121 -0.2672
vn 0.2977 -0.7085 -0.6398
vn 0.9863 -0.1464 -0.0761
vn 0.9902 -0.1264 -0.0588
vn 0.9288 -0.3169 -0.1922
vn 0.4128 -0.8979 -0.1532
vn 0.9571 -0.289 -0.0227
vn 0.9528 -0.3016 -0.0339
vn 0.6995 -0.6493 -0.2985
vn 0.0537 -0.7893 -0.6116
vn 0.4861 -0.8472 -0.2144
vn 0.3921 -0.8138 -0.4289
vn 0.1659 -0.9165 -0.3641
vn 0.1616 -0.9161 -0.367
vn 0.97 -0.2342 -0.0653
vn 0.9753 -0.2175 -0.0385
vn 0.9644 -0.1949 -0.1785
vn 0.6727 -0.6126 -0.415
vn 0.6914 -0.6531 -0.3089
vn 0.9847 -0.165 -0.0554
vn 0.0843 -0.7776 -0.6231
vn 0.1052 -0.7797 -0.6173
vn 0.8594 -0.4268 -0.2815
vn 0.8866 -0.2759 -0.3713
vn 0.6976 -0.5878 -0.4096
vn 0.5222 -0.8188 -0.2386
vn 0.8699 -0.4091 -0.2756
vn 0.2438 -0.8846 -0.3976
vn 0.9018 -0.3849 -0.1964
vn 0.7291 -0.4475 -0.5178
vn 0.383 -0.9168 -0.1131
vn 0.3855 -0.6493 -0.6555
vn 0.9807 -0.183 -0.0691
vn 0.3406 -0.6822 -0.647
vn 0.488 -0.7492 -0.4479
vn 0.4793 -0.7512 -0.4539
vn 0.9668 -0.2513 -0.0451
vn 0.96 -0.2725 -0.0644
vn 0.8398 -0.3366 -0.4259
vn 0.9843 -0.1501 -0.093
vn 0.9803 -0.1854 -0.0684
vn 0.5369 -0.8038 -0.2563
vn 0.6647 -0.4764 -0.5756
vn 0.7045 -0.4578 -0.5423
vn 0.6257 -0.5165 -0.5846
vn 0.979 -0.1835 -0.0883
vn 0.7148 -0.6248 -0.3141
vn 0.908 -0.2547 -0.3326
vn 0.9459 -0.3236 -0.0236
vn 0.9285 -0.2398 -0.2837
vn 0.9363 -0.3491 -0.038
vn 0.3877 -0.8009 -0.4564
vn 0.3971 -0.8003 -0.4493
vn 0.49 -0.8456 -0.2117
vn 0.7712 -0.3987 -0.4962
vn 0.759 -0.5761 -0.3034
vn 0.955 -0.2941 -0.0388
vn 0.9684 -0.2373 -0.077
vn 0.1947 -0.7391 -0.6448
vn 0.9825 -0.1577 -0.0993
vn 0.0615 -0.947 -0.3152
vn 0.5071 -0.7338 -0.4521
vn 0.9276 -0.3391 -0.1567
vn 0.2511 -0.7187 -0.6484
vn 0.2439 -0.7162 -0.6539
vn 0.4526 -0.8747 -0.1734
vn 0.4679 -0.8648 -0.1821
vn 0.9705 -0.2308 -0.07
vn 0.0921 -0.9374 -0.3358
vn 0.0884 -0.937 -0.338
vn 0.5569 -0.561 -0.6124
vn 0.543 -0.5608 -0.625
vn 0.9677 -0.2273 -0.1092
vn 0.9739 -0.2086 -0.0892
vn 0.7378 -0.6061 -0.2971
vn 0.9766 -0.1974 -0.0856
vn 0.9006 -0.272 -0.3391
vn 0.4806 -0.6123 -0.6278
vn 0.9293 -0.3678 -0.0335
vn 0.5902 -0.7538 -0.2889
vn 0.6009 -0.7492 -0.2786
vn 0.9513 -0.302 -0.0626
vn 0.9146 -0.364 -0.176
vn 0.2216 -0.8927 -0.3925
vn 0.1992 -0.8942 -0.4008
vn 0.36 -0.8282 -0.4295
vn 0.7948 -0.3628 -0.4865
vn 0.9414 -0.2224 -0.2538
vn 0.3422 -0.9326 -0.1146
vn 0.8362 -0.4426 -0.3239
vn 0.8496 -0.4258 -0.3112
vn 0.9586 -0.2728 -0.0819
vn 0.939 -0.3388 -0.0594
vn 0.4545 -0.8644 -0.2149
vn 0.9443 -0.32 -0.0763
vn 0.2685 -0.8655 -0.423
vn 0.271 -0.8654 -0.4213
vn 0.6086 -0.5339 -0.587
vn 0.5151 -0.5733 -0.6372
vn 0.6649 -0.4761 -0.5755
vn 0.9758 -0.1934 -0.1019
vn 0.043 -0.7835 -0.6199
vn 0.7815 -0.5509 -0.2928
vn 0.9851 -0.1672 -0.041
vn 0.6945 -0.5913 -0.4101
vn 0.962 -0.2487 -0.1123
vn 0.3148 -0.6759 -0.6664
vn 0.9694 -0.2293 -0.0878
vn 0.9787 -0.1926 -0.0717
vn 0.9126 -0.4066 -0.0442
vn 0.9539 -0.2893 -0.0796
vn 0.9383 -0.3408 -0.0593
vn 0.5467 -0.7056 -0.4508
vn 0.3695 -0.6559 -0.6582
vn 0.615 -0.7258 -0.3082
vn 0.6226 -0.7225 -0.3006
vn 0.9387 -0.2903 -0.1858
vn 0.7829 -0.5068 -0.3608
vn 0.4316 -0.6131 -0.6616
vn 0.9043 -0.354 -0.2386
vn 0.7634 -0.3823 -0.5206
vn 0.9612 -0.2477 -0.1211
vn 0.7316 -0.4172 -0.5391
vn 0.9468 -0.2809 -0.1568
vn 0.414 -0.8845 -0.2152
vn 0.8319 -0.4869 -0.2661
vn 0.3341 -0.935 -0.1187
vn 0.505 -0.5823 -0.637
vn 0.1244 -0.9207 -0.3699
vn 0.9296 -0.3646 -0.0546
vn 0.9173 -0.3897 -0.082
vn 0.1221 -0.9205 -0.3711
vn 0.9447 -0.3137 -0.0958
vn 0.1674 -0.7457 -0.6449
vn 0.9839 -0.1443 -0.105
vn 0.1346 -0.7439 -0.6546
vn 0.422 -0.8763 -0.2323
vn 0.0399 -0.9385 -0.3428
vn 0.9389 -0.3161 -0.1359
vn 0.6623 -0.6079 -0.438
vn 0.971 -0.2089 -0.1162
vn 0.9602 -0.2505 -0.1232
vn 0.9707 -0.216 -0.1053
vn 0.9123 -0.4071 -0.044
vn 0.9823 -0.1565 -0.1029
vn 0.9686 -0.2032 -0.1435
vn 0.3447 -0.8303 -0.4378
vn 0.9559 -0.2034 -0.212
vn 0.928 -0.3622 -0.0878
vn 0.5055 -0.8183 -0.2735
vn 0.6289 -0.6393 -0.4425
vn 0.9531 -0.2878 -0.0939
vn 0.9464 -0.3019 -0.1147
vn 0.5276 -0.8126 -0.2477
vn 0.4642 -0.5931 -0.6579
vn 0.6429 -0.6337 -0.4302
vn 0.2069 -0.727 -0.6548
vn 0.1749 -0.7247 -0.6665
vn 0.9213 -0.2394 -0.3064
vn 0.4505 -0.7654 -0.4595
vn 0.3064 -0.6738 -0.6724
vn 0.7915 -0.3747 -0.4829
vn 0.7337 -0.4142 -0.5386
vn 0.8253 -0.4633 -0.3229
vn 0.7943 -0.4879 -0.3621
vn 0.8952 -0.4429 -0.0498
vn 0.9825 -0.1788 -0.0531
vn 0.8679 -0.2983 -0.3973
vn 0.8856 -0.46 -0.0644
vn 0.7045 -0.635 -0.3169
vn 0.9029 -0.4224 -0.0796
vn 0.5657 -0.5294 -0.6322
vn 0.9685 -0.2098 -0.1343
vn 0.4033 -0.9029 -0.1486
vn 0.7509 -0.538 -0.3829
vn 0.3044 -0.9455 -0.1154
vn 0.2766 -0.6937 -0.665
vn 0.3964 -0.8996 -0.1834
vn 0.9318 -0.3319 -0.1466
vn 0.2178 -0.8762 -0.43
vn 0.9478 -0.2912 -0.1302
vn 0.6552 -0.6854 -0.3178
vn 0.9383 -0.3328 -0.0942
vn 0.6371 -0.4923 -0.5931
vn 0.6146 -0.4946 -0.6145
vn 0.9134 -0.3655 -0.1792
vn 0.0498 -0.9352 -0.3505
vn 0.874 -0.4831 -0.0528
vn 0.1771 -0.9003 -0.3976
vn 0.1567 -0.9006 -0.4055
vn 0.8667 -0.4383 -0.2379
vn 0.0614 -0.7678 -0.6378
vn 0.8848 -0.3776 -0.273
vn 0.9183 -0.3869 -0.0835
vn 0.2274 -0.8767 -0.4238
vn 0.5618 -0.7739 -0.2923
vn 0.5674 -0.7714 -0.2882
vn 0.8741 -0.2864 -0.3922
vn 0.4196 -0.7722 -0.4771
vn 0.097 -0.7477 -0.657
vn 0.9026 -0.4232 -0.079
vn 0.1064 -0.7497 -0.6531
vn 0.8285 -0.3166 -0.4619
vn 0.9809 -0.1817 -0.0688
vn 0.9814 -0.182 -0.0605
vn 0.9287 -0.3593 -0.0917
vn 0.9124 -0.3889 -0.1278
vn 0.2988 -0.8418 -0.4495
vn 0.3013 -0.8417 -0.4482
vn 0.6865 -0.444 -0.5758
vn 0.9875 -0.147 -0.0562
vn 0.9581 -0.2585 -0.123
vn 0.8653 -0.4994 -0.0428
vn 0.537 -0.7045 -0.464
vn 0.5911 -0.7467 -0.3051
vn 0.5815 -0.7499 -0.3154
vn 0.2469 -0.69 -0.6804
vn 0.8938 -0.26 -0.3653
vn 0.895 -0.3967 -0.2037
vn 0.9395 -0.3184 -0.1264
vn 0.7907 -0.5329 -0.3014
vn 0.9615 -0.2398 -0.1344
vn 0.6952 -0.6416 -0.3241
vn 0.9257 -0.3567 -0.1258
vn 0.9257 -0.3174 -0.206
vn 0.9176 -0.3243 -0.23
vn 0.3799 -0.9105 -0.163
vn 0.9624 -0.2389 -0.1292
vn 0.6547 -0.686 -0.3175
vn 0.083 -0.924 -0.3733
vn 0.0782 -0.9232 -0.3762
vn 0.9519 -0.2556 -0.1692
vn 0.964 -0.2295 -0.1346
vn 0.3409 -0.815 -0.4687
vn 0.9045 -0.4089 -0.1215
vn 0.7202 -0.5571 -0.4136
vn 0.1463 -0.7317 -0.6658
vn 0.9426 -0.301 -0.1445
vn 0.3672 -0.9064 -0.2086
vn 0.8902 -0.4421 -0.1099
vn 0.4433 -0.6016 -0.6645
vn 0.8929 -0.4448 -0.0702
vn 0.7438 -0.5358 -0.3995
vn 0.8668 -0.4916 -0.0834
vn 0.9526 -0.2566 -0.1632
vn 0.4121 -0.6269 -0.6613
vn 0.9581 -0.2396 -0.157
vn 0.8524 -0.3111 -0.4202
vn 0.9445 -0.2841 -0.165
vn 0.9134 -0.2462 -0.3242
vn 0.8765 -0.4722 -0.094
vn 0.5675 -0.6819 -0.4615
vn 0.9715 -0.1911 -0.1403
vn 0.8401 -0.4749 -0.2621
vn 0.8625 -0.4976 -0.0926
vn 0.7283 -0.3953 -0.5597
vn 0.4881 -0.8354 -0.2527
vn 0.4697 -0.8419 -0.2656
vn 0.8387 -0.4787 -0.2596
vn 0.5963 -0.6567 -0.4617
vn 0.6136 -0.6501 -0.4483
vn 0.477 -0.5781 -0.662
vn 0.2798 -0.6678 -0.6898
vn 0.7679 -0.3745 -0.5197
vn 0.7238 -0.396 -0.565
vn 0.3272 -0.6553 -0.6808
vn 0.7805 -0.3581 -0.5125
vn 0.8087 -0.3478 -0.4745
vn 0.5987 -0.5064 -0.6206
vn 0.555 -0.521 -0.6486
vn 0.9411 -0.2973 -0.1611
vn 0.676 -0.6608 -0.3261
vn 0.9364 -0.3181 -0.1482
vn 0.5095 -0.558 -0.655
vn 0.7782 -0.506 -0.3719
vn 0.3299 -0.928 -0.173
vn 0.5382 -0.7917 -0.2891
vn 0.8193 -0.4639 -0.3371
vn 0.5192 -0.7988 -0.3038
vn 0.7615 -0.5731 -0.3027
vn 0.2882 -0.9515 -0.1074
vn 0.3482 -0.6384 -0.6864
vn 0.263 -0.9555 -0.1333
vn 0.931 -0.3396 -0.1343
vn 0.0638 -0.7521 -0.656
vn 0.053 -0.7475 -0.6622
vn 0.9129 -0.386 -0.1327
vn 0.8619 -0.4986 -0.0923
vn 0.1753 -0.8872 -0.4268
vn 0.1202 -0.7227 -0.6807
vn 0.8892 -0.4404 -0.1242
vn 0.8325 -0.5514 -0.0542
vn 0.9002 -0.3495 -0.2599
vn 0.9671 -0.2189 -0.13
vn 0.9717 -0.2045 -0.1179
vn 0.2395 -0.6934 -0.6795
vn 0.926 -0.3532 -0.1329
vn 0.0517 -0.9223 -0.3831
vn 0.1986 -0.6929 -0.6931
vn 0.0404 -0.9252 -0.3774
vn 0.9066 -0.3885 -0.1649
vn 0.2659 -0.6615 -0.7012
vn 0.977 -0.187 -0.102
vn 0.4167 -0.5936 -0.6884
vn 0.8258 -0.5606 -0.0614
vn 0.3975 -0.8933 -0.2099
vn 0.8886 -0.3701 -0.2708
vn 0.3815 -0.8969 -0.2236
vn 0.6705 -0.4397 -0.5975
vn 0.8081 -0.5158 -0.2845
vn 0.3534 -0.6353 -0.6866
vn 0.9518 -0.2548 -0.1706
vn 0.5139 -0.5528 -0.656
vn 0.6949 -0.4343 -0.5732
vn 0.3799 -0.6181 -0.6883
vn 0.8948 -0.4312 -0.1159
vn 0.1412 -0.9044 -0.4026
vn 0.3436 -0.9245 -0.1651
vn 0.9323 -0.3271 -0.154
vn 0.2549 -0.8508 -0.4594
vn 0.2683 -0.8529 -0.4478
vn 0.1681 -0.705 -0.689
vn 0.9378 -0.2848 -0.1987
vn 0.2196 -0.681 -0.6986
vn 0.5636 -0.5133 -0.6472
vn 0.8971 -0.4111 -0.162
vn 0.4849 -0.7287 -0.4836
vn 0.8601 -0.4981 -0.1098
vn 0.4998 -0.7247 -0.4743
vn 0.7328 -0.5976 -0.3253
vn 0.5577 -0.6811 -0.4744
vn 0.8631 -0.4866 -0.1351
vn 0.8789 -0.4632 -0.1139
vn 0.5457 -0.7742 -0.3207
vn 0.9777 -0.187 -0.0955
vn 0.7523 -0.5138 -0.4122
vn 0.7781 -0.3604 -0.5144
vn 0.7452 -0.3721 -0.5534
vn 0.7965 -0.4706 -0.3796
vn 0.5122 -0.7075 -0.487
vn 0.9581 -0.2395 -0.1571
vn 0.8049 -0.5906 -0.058
vn 0.8958 -0.2571 -0.3626
vn 0.456 -0.8525 -0.2557
vn 0.913 -0.3715 -0.1688
vn 0.4376 -0.8585 -0.2674
vn 0.3006 -0.6433 -0.7041
vn 0.6272 -0.4683 -0.6223
vn 0.4427 -0.5674 -0.6943
vn 0.7964 -0.6011 -0.0668
vn 0.9393 -0.2175 -0.2655
vn 0.8899 -0.4316 -0.1476
vn 0.8533 -0.4144 -0.3165
vn 0.9394 -0.3023 -0.1619
vn 0.1743 -0.887 -0.4276
vn 0.3994 -0.7856 -0.4726
vn 0.926 -0.292 -0.2393
vn 0.294 -0.94 -0.1729
vn 0.0817 -0.7333 -0.675
vn 0.8042 -0.5879 -0.0878
vn 0.8099 -0.5768 -0.1069
vn 0.8312 -0.5514 -0.0708
vn 0.162 -0.7034 -0.6921
vn 0.103 -0.9027 -0.4177
vn 0.962 -0.2338 -0.141
vn 0.6109 -0.7175 -0.3346
vn 0.6154 -0.7157 -0.3303
vn 0.7235 -0.3999 -0.5627
vn 0.8425 -0.5205 -0.1391
vn 0.1034 -0.7102 -0.6964
vn 0.1364 -0.7132 -0.6875
vn 0.976 -0.19 -0.1064
vn 0.8713 -0.3918 -0.2954
vn 0.6895 -0.5748 -0.4407
vn 0.7093 -0.5672 -0.4186
vn 0.887 -0.4362 -0.1516
vn 0.4949 -0.8146 -0.3025
vn 0.5064 -0.8111 -0.2928
vn 0.5767 -0.653 -0.4909
vn 0.2213 -0.9666 -0.129
vn 0.8469 -0.2944 -0.4428
vn 0.7955 -0.5973 -0.1022
vn 0.9318 -0.3226 -0.1665
vn 0.9161 -0.353 -0.19
vn 0.6357 -0.4584 -0.6211
vn 0.0561 -0.724 -0.6875
vn 0.795 -0.3311 -0.5082
vn 0.8286 -0.3165 -0.4618
vn 0.4412 -0.7587 -0.4793
vn 0.9503 -0.2909 -0.1109
vn 0.49 -0.5271 -0.6943
vn 0.5276 -0.5287 -0.6649
vn 0.9739 -0.2008 -0.1059
vn 0.6714 -0.599 -0.4364
vn 0.6403 -0.614 -0.4616
vn 0.6831 -0.4117 -0.6032
vn 0.9309 -0.2279 -0.2853
vn 0.6513 -0.6767 -0.3433
vn 0.6793 -0.6482 -0.3442
vn 0.8949 -0.4159 -0.162
vn 0.9511 -0.2668 -0.1556
vn 0.9386 -0.2931 -0.1822
vn 0.3912 -0.6053 -0.6932
vn 0.866 -0.4746 -0.1578
vn 0.3476 -0.6078 -0.714
vn 0.773 -0.6309 -0.0662
vn 0.3395 -0.9131 -0.2258
vn 0.3658 -0.9078 -0.2053
vn 0.3046 -0.9378 -0.1666
vn 0.536 -0.7821 -0.318
vn 0.0467 -0.7286 -0.6834
vn 0.2286 -0.8564 -0.4629
vn 0.9065 -0.377 -0.1899
vn 0.3498 -0.8056 -0.4781
vn 0.9073 -0.2438 -0.3425
vn 0.8104 -0.5749 -0.1125
vn 0.8688 -0.3926 -0.3016
vn 0.333 -0.8018 -0.4962
vn 0.9227 -0.232 -0.308
vn 0.8457 -0.5139 -0.1442
vn 0.59 -0.7362 -0.3317
vn 0.5412 -0.7655 -0.348
vn 0.1669 -0.8677 -0.4682
vn 0.9073 -0.3345 -0.2549
vn 0.8499 -0.4978 -0.1729
vn 0.8647 -0.4805 -0.1462
vn 0.877 -0.2721 -0.3959
vn 0.8858 -0.431 -0.1721
vn 0.6408 -0.6877 -0.3412
vn 0.9446 -0.2827 -0.1665
vn 0.7871 -0.6115 -0.0808
vn 0.7027 -0.6251 -0.3399
vn 0.7088 -0.6216 -0.3336
vn 0.4472 -0.7434 -0.4973
vn 0.461 -0.7403 -0.4893
vn 0.2172 -0.9693 -0.1156
vn 0.8251 -0.4904 -0.2804
vn 0.1893 -0.6736 -0.7145
vn 0.8427 -0.4724 -0.2583
vn 0.9798 -0.1957 -0.041
vn 0.4233 -0.8689 -0.2565
vn 0.4028 -0.8744 -0.2704
vn 0.9589 -0.2247 -0.1731
vn 0.2779 -0.6506 -0.7067
vn 0.0933 -0.7125 -0.6955
vn 0.0747 -0.7068 -0.7034
vn 0.8244 -0.4384 -0.358
vn 0.8282 -0.437 -0.351
vn 0.9605 -0.2157 -0.1756
vn 0.9811 -0.1788 -0.0741
vn 0.8448 -0.4147 -0.3382
vn 0.5893 -0.4758 -0.653
vn 0.9174 -0.3589 -0.1721
vn 0.8838 -0.4107 -0.2242
vn 0.0846 -0.9077 -0.411
vn 0.7855 -0.6134 -0.0822
vn 0.9461 -0.2159 -0.2415
vn 0.7563 -0.5157 -0.4025
vn 0.4292 -0.5812 -0.6914
vn 0.8658 -0.4678 -0.1779
vn 0.9256 -0.3287 -0.1875
vn 0.5617 -0.7567 -0.3344
vn 0.1193 -0.8883 -0.4435
vn 0.3184 -0.6157 -0.7208
vn 0.7523 -0.6531 -0.0867
vn 0.9352 -0.2912 -0.2014
vn 0.2989 -0.8198 -0.4884
vn 0.5765 -0.7411 -0.3441
vn 0.8934 -0.4067 -0.191
vn 0.9072 -0.3838 -0.172
vn 0.7969 -0.588 -0.1382
vn 0.8306 -0.5301 -0.1705
vn 0.9604 -0.2026 -0.1913
vn 0.2318 -0.6487 -0.7248
vn 0.975 -0.1963 -0.1036
vn 0.5889 -0.4761 -0.6531
vn 0.6434 -0.4344 -0.6304
vn 0.6348 -0.4317 -0.6409
vn 0.8865 -0.3597 -0.2911
vn 0.8145 -0.3111 -0.4897
vn 0.7717 -0.3512 -0.5302
vn 0.9674 -0.219 -0.1274
vn 0.9365 -0.3166 -0.151
vn 0.7716 -0.4875 -0.4087
vn 0.4536 -0.8363 -0.308
vn 0.8604 -0.4752 -0.1843
vn 0.4703 -0.833 -0.2913
vn 0.7743 -0.6236 -0.1077
vn 0.7227 -0.6085 -0.3277
vn 0.3756 -0.5792 -0.7235
vn 0.1504 -0.6848 -0.7131
vn 0.1284 -0.6814 -0.7206
vn 0.7961 -0.5253 -0.3003
vn 0.8511 -0.2884 -0.4387
vn 0.0758 -0.9059 -0.4167
vn 0.3325 -0.6172 -0.7131
vn 0.3692 -0.7825 -0.5014
vn 0.6212 -0.6278 -0.469
vn 0.61 -0.6299 -0.4807
vn 0.2604 -0.843 -0.4708
vn 0.9189 -0.3525 -0.1768
vn 0.9181 -0.2368 -0.3178
vn 0.2459 -0.9597 -0.1363
vn 0.9868 -0.1514 -0.0574
vn 0.2484 -0.6251 -0.74
vn 0.677 -0.4188 -0.6052
vn 0.1896 -0.8712 -0.4528
vn 0.3336 -0.9204 -0.2039
vn 0.3012 -0.9258 -0.2286
vn 0.878 -0.2721 -0.3938
vn 0.5561 -0.4855 -0.6746
vn 0.7423 -0.3733 -0.5565
vn 0.7039 -0.3821 -0.5988
vn 0.9876 -0.1483 -0.0513
vn 0.0267 -0.9095 -0.4148
vn 0.5834 -0.4585 -0.6704
vn 0.816 -0.5562 -0.1572
vn 0.2967 -0.8199 -0.4897
vn 0.8507 -0.4962 -0.1738
vn 0.0353 -0.7154 -0.6978
vn 0.2483 -0.9525 -0.1764
vn 0.2624 -0.9504 -0.1668
vn 0.8751 -0.44 -0.2015
vn 0.8895 -0.4193 -0.1815
vn 0.6582 -0.5988 -0.4563
vn 0.9794 -0.1975 -0.043
vn 0.7328 -0.6736 -0.0963
vn 0.7529 -0.6545 -0.0692
vn 0.4069 -0.7607 -0.5057
vn 0.9618 -0.2031 -0.1837
vn 0.9677 -0.2 -0.1533
vn 0.153 -0.9799 -0.1277
vn 0.7776 -0.6167 -0.1226
vn 0.7907 -0.3206 -0.5215
vn 0.4867 -0.8078 -0.3326
vn 0.4955 -0.8052 -0.3256
vn 0.9082 -0.3726 -0.1906
vn 0.8984 -0.3884 -0.2051
vn 0.2823 -0.6282 -0.725
vn 0.7981 -0.5862 -0.1392
vn 0.7584 -0.3496 -0.55
vn 0.675 -0.6496 -0.3498
vn 0.889 -0.355 -0.2892
vn 0.9264 -0.2905 -0.2396
vn 0.4991 -0.5179 -0.6947
vn 0.6351 -0.4094 -0.655
vn 0.4022 -0.555 -0.7282
vn 0.4676 -0.547 -0.6944
vn 0.8668 -0.4383 -0.2378
vn 0.5528 -0.4878 -0.6757
vn 0.9902 -0.1365 -0.0282
vn 0.822 -0.4414 -0.3599
vn 0.7917 -0.467 -0.3939
vn 0.1676 -0.6568 -0.7352
vn 0.2121 -0.6564 -0.724
vn 0.5091 -0.7889 -0.3442
vn 0.7885 -0.5331 -0.3068
vn 0.7931 -0.5293 -0.3015
vn 0.9363 -0.3017 -0.1796
vn 0.7781 -0.6162 -0.1221
vn 0.6074 -0.7093 -0.3576
vn 0.611 -0.708 -0.3542
vn 0.3297 -0.6044 -0.7252
vn 0.0572 -0.9003 -0.4316
vn 0.1547 -0.9798 -0.1266
vn 0.1731 -0.9725 -0.156
vn 0.2598 -0.8285 -0.4961
vn 0.1069 -0.6869 -0.7189
vn 0.0859 -0.6818 -0.7265
vn 0.362 -0.891 -0.2739
vn 0.0538 -0.6992 -0.7129
vn 0.3812 -0.887 -0.2605
vn 0.7285 -0.5408 -0.4205
vn 0.7061 -0.5463 -0.4505
vn 0.9814 -0.1681 -0.0922
vn 0.8863 -0.4129 -0.2097
vn 0.9849 -0.1592 -0.0683
vn 0.4958 -0.702 -0.5112
vn 0.527 -0.6955 -0.4883
vn 0.9275 -0.3244 -0.1859
vn 0.5546 -0.672 -0.4907
vn 0.8321 -0.5273 -0.172
vn 0.191 -0.9638 -0.1861
vn 0.8165 -0.5428 -0.197
vn 0.7576 -0.3498 -0.551
vn 0.6816 -0.3906 -0.6187
vn 0.7413 -0.6578 -0.1334
vn 0.9422 -0.2604 -0.2107
vn 0.4377 -0.8449 -0.3077
vn 0.5197 -0.4944 -0.6968
vn 0.3449 -0.5831 -0.7355
vn 0.5799 -0.7297 -0.3622
vn 0.8378 -0.5097 -0.1955
vn 0.7191 -0.3698 -0.5883
vn 0.7353 -0.6694 -0.1062
vn 0.9698 -0.2052 -0.1315
vn 0.1214 -0.8873 -0.445
vn 0.7638 -0.6256 -0.159
vn 0.852 -0.4786 -0.2122
vn 0.8634 -0.4655 -0.1945
vn 0.8701 -0.3716 -0.3239
vn 0.7588 -0.6404 -0.1184
vn 0.8938 -0.4035 -0.1958
vn 0.881 -0.4213 -0.2152
vn 0.5866 -0.4545 -0.6703
vn 0.7805 -0.6014 -0.1707
vn 0.7523 -0.5732 -0.3247
vn 0.1426 -0.6537 -0.7432
vn 0.1691 -0.6563 -0.7353
vn 0.9873 -0.1499 -0.0527
vn 0.7216 -0.6893 -0.0636
vn 0.0821 -0.8918 -0.4449
vn 0.3999 -0.5567 -0.7281
vn 0.7901 -0.4689 -0.3947
vn 0.2627 -0.9369 -0.2307
vn 0.9536 -0.213 -0.213
vn 0.2942 -0.9331 -0.2068
vn 0.9464 -0.2175 -0.2388
vn 0.3497 -0.7851 -0.5112
vn 0.4341 -0.5358 -0.7242
vn 0.2312 -0.828 -0.5108
vn 0.5755 -0.647 -0.5002
vn 0.1633 -0.8701 -0.4651
vn 0.6501 -0.4105 -0.6394
vn 0.6931 -0.3894 -0.6065
vn 0.6243 -0.6018 -0.4982
vn 0.489 -0.5144 -0.7045
vn 0.8137 -0.5504 -0.1872
vn 0.3959 -0.7583 -0.5179
vn 0.959 -0.2239 -0.1736
vn 0.0455 -0.6908 -0.7216
vn 0.8485 -0.2788 -0.4497
vn 0.5425 -0.462 -0.7016
vn 0.2482 -0.6253 -0.7399
vn 0.9479 -0.2585 -0.1863
vn 0.0982 -0.9863 -0.1328
vn 0.2032 -0.8465 -0.492
vn 0.6726 -0.5709 -0.4708
vn 0.4382 -0.7325 -0.5209
vn 0.878 -0.2617 -0.4009
vn 0.4535 -0.8262 -0.3343
vn 0.4483 -0.8273 -0.3385
vn 0.2811 -0.6 -0.749
vn 0.9319 -0.2844 -0.2253
vn 0.5052 -0.4771 -0.7191
vn 0.9232 -0.3361 -0.1863
vn 0.901 -0.3775 -0.2136
vn 0.8722 -0.4397 -0.2145
vn 0.7169 -0.6837 -0.1363
vn 0.8948 -0.2521 -0.3686
vn 0.6722 -0.7352 -0.0868
vn 0.7714 -0.4801 -0.4177
vn 0.6877 -0.7228 -0.0675
vn 0.9444 -0.221 -0.2436
vn 0.5747 -0.423 -0.7006
vn 0.8996 -0.3875 -0.2015
vn 0.8405 -0.5034 -0.2003
vn 0.9206 -0.3019 -0.2477
vn 0.7329 -0.587 -0.3438
vn 0.7618 -0.6281 -0.1584
vn 0.0288 -0.8937 -0.4478
vn 0.5748 -0.7314 -0.3669
vn 0.353 -0.569 -0.7427
vn 0.3389 -0.5612 -0.7552
vn 0.689 -0.6301 -0.3581
vn 0.2012 -0.6219 -0.7568
vn 0.0634 -0.6662 -0.7431
vn 0.0705 -0.8876 -0.4551
vn 0.099 -0.6542 -0.7498
vn 0.1248 -0.659 -0.7417
vn 0.718 -0.5222 -0.4603
vn 0.6983 -0.7097 -0.0934
vn 0.2793 -0.6015 -0.7485
vn 0.339 -0.9029 -0.2642
vn 0.3211 -0.9061 -0.2754
vn 0.7063 -0.6193 -0.3431
vn 0.1119 -0.9862 -0.122
vn 0.4588 -0.7157 -0.5266
vn 0.883 -0.4071 -0.2335
vn 0.4683 -0.714 -0.5205
vn 0.6576 -0.749 -0.0813
vn 0.822 -0.2958 -0.4867
vn 0.5002 -0.6879 -0.5259
vn 0.6609 -0.6646 -0.3485
vn 0.5229 -0.7765 -0.3516
vn 0.0309 -0.6772 -0.7351
vn 0.905 -0.2464 -0.3468
vn 0.1779 -0.8569 -0.4838
vn 0.9004 -0.3822 -0.208
vn 0.9162 -0.3525 -0.1908
vn 0.574 -0.6482 -0.5003
vn 0.5384 -0.6607 -0.5231
vn 0.9765 -0.202 -0.075
vn 0.8518 -0.452 -0.2649
vn 0.9784 -0.1789 -0.1039
vn 0.9768 -0.181 -0.1144
vn 0.2003 -0.9646 -0.1715
vn 0.8034 -0.4378 -0.4037
vn 0.4028 -0.8613 -0.3096
vn 0.4034 -0.8611 -0.3093
vn 0.9554 -0.2335 -0.1807
vn 0.9701 -0.2043 -0.1312
vn 0.1847 -0.9653 -0.1846
vn 0.8222 -0.4914 -0.2871
vn 0.5142 -0.481 -0.7101
vn 0.7877 -0.3176 -0.5279
vn 0.931 -0.229 -0.2841
vn 0.7262 -0.6638 -0.1788
vn 0.9358 -0.229 -0.2682
vn 0.6761 -0.5706 -0.4661
vn 0.9062 -0.3164 -0.2805
vn 0.2961 -0.8039 -0.5158
vn 0.2884 -0.802 -0.5231
vn 0.7845 -0.5937 -0.179
vn 0.7659 -0.6092 -0.2056
vn 0.2253 -0.5984 -0.7689
vn 0.4512 -0.5005 -0.7388
vn 0.9643 -0.2132 -0.1569
vn 0.9726 -0.1922 -0.1309
vn 0.2001 -0.6225 -0.7566
vn 0.1603 -0.6214 -0.7669
vn 0.7656 -0.3258 -0.5548
vn 0.919 -0.3522 -0.1771
vn 0.4803 -0.4944 -0.7245
vn 0.9539 -0.2781 -0.113
vn 0.6368 -0.6768 -0.3694
vn 0.107 -0.8742 -0.4736
vn 0.1076 -0.8744 -0.4731
vn 0.7449 -0.6485 -0.1568
vn 0.2385 -0.9454 -0.222
vn 0.4153 -0.7332 -0.5384
vn 0.225 -0.9467 -0.2306
vn 0.8413 -0.2862 -0.4585
vn 0.8022 -0.5528 -0.2256
vn 0.8174 -0.5385 -0.2043
vn 0.7388 -0.5212 -0.4272
vn 0.7182 -0.682 -0.1378
vn 0.6062 -0.4354 -0.6655
vn 0.3528 -0.537 -0.7662
vn 0.8698 -0.2696 -0.4133
vn 0.8259 -0.4429 -0.3488
vn 0.8902 -0.2559 -0.3769
vn 0.8527 -0.4761 -0.2152
vn 0.6174 -0.6009 -0.5076
vn 0.0603 -0.6645 -0.7449
vn 0.6508 -0.5882 -0.4801
vn 0.4032 -0.531 -0.7453
vn 0.8256 -0.5189 -0.2217
vn 0.6752 -0.7314 -0.0957
vn 0.7801 -0.4675 -0.4159
vn 0.8977 -0.3885 -0.2081
vn 0.8676 -0.4485 -0.2148
vn 0.3295 -0.7825 -0.5283
vn 0.7282 -0.3472 -0.591
vn 0.42 -0.8436 -0.3346
vn 0.4229 -0.517 -0.7442
vn 0.7709 -0.548 -0.3245
vn 0.3792 -0.757 -0.5321
vn 0.7419 -0.3442 -0.5754
vn 0.1374 -0.8553 -0.4996
vn 0.6834 -0.7185 -0.1294
vn 0.7011 -0.7046 -0.1095
vn 0.9364 -0.3162 -0.1525
vn 0.8649 -0.3796 -0.3284
vn 0.8509 -0.3887 -0.3535
vn 0.3403 -0.5469 -0.7649
vn 0.2545 -0.8064 -0.5338
vn 0.7948 -0.3102 -0.5215
vn 0.2738 -0.582 -0.7657
vn 0.9616 -0.2157 -0.1696
vn 0.9656 -0.2135 -0.1486
vn 0.0597 -0.9897 -0.13
vn 0.0539 -0.9894 -0.1348
vn 0.5259 -0.4514 -0.7209
vn 0.215 -0.8362 -0.5045
vn 0.9476 -0.2429 -0.2077
vn 0.8208 -0.2957 -0.4888
vn 0.9034 -0.322 -0.2832
vn 0.9184 -0.2386 -0.3157
vn 0.6362 -0.7678 -0.075
vn 0.3809 -0.5231 -0.7624
vn 0.0488 -0.8783 -0.4756
vn 0.9735 -0.1908 -0.1258
vn 0.7004 -0.3663 -0.6126
vn 0.6906 -0.3676 -0.6229
vn 0.11 -0.9816 -0.1558
vn 0.9771 -0.2117 -0.0204
vn 0.1157 -0.622 -0.7744
vn 0.7383 -0.643 -0.2034
vn 0.1475 -0.6255 -0.7662
vn 0.7237 -0.5964 -0.3473
vn 0.7511 -0.6321 -0.1905
vn 0.7736 -0.3246 -0.5443
vn 0.1955 -0.9541 -0.2268
vn 0.9626 -0.2181 -0.1608
vn 0.911 -0.248 -0.3294
vn 0.6603 -0.3835 -0.6457
vn 0.6366 -0.3982 -0.6604
vn 0.6629 -0.3833 -0.6432
vn 0.2999 -0.9157 -0.2674
vn 0.2825 -0.9182 -0.2775
vn 0.1486 -0.9732 -0.1754
vn 0.1316 -0.9736 -0.1867
vn 0.279 -0.5715 -0.7718
vn 0.0816 -0.637 -0.7666
vn 0.6188 -0.607 -0.4986
vn 0.1932 -0.6166 -0.7632
vn 0.9233 -0.3367 -0.1846
vn 0.5719 -0.4274 -0.7001
vn 0.6065 -0.4075 -0.6827
vn 0.5577 -0.7458 -0.3644
vn 0.545 -0.7505 -0.3739
vn 0.6058 -0.4073 -0.6834
vn 0.7783 -0.468 -0.4186
vn 0.0769 -0.8721 -0.4832
vn 0.5248 -0.6701 -0.525
vn 0.6899 -0.622 -0.3705
vn 0.9424 -0.3063 -0.1347
vn 0.1719 -0.8312 -0.5287
vn 0.016 -0.9889 -0.1476
vn 0.9612 -0.2606 -0.0903
vn 0.9541 -0.22 -0.2033
vn 0.9572 -0.2224 -0.1851
vn 0.737 -0.5839 -0.3404
vn 0.7036 -0.689 -0.174
vn 0.4351 -0.4867 -0.7575
vn 0.4867 -0.7928 -0.3668
vn 0.466 -0.4691 -0.7502
vn 0.6514 -0.7473 -0.131
vn 0.8239 -0.4181 -0.3827
vn 0.6861 -0.5444 -0.4826
vn 0.5079 -0.4434 -0.7385
vn 0.5381 -0.4418 -0.7178
vn 0.6315 -0.7668 -0.1148
vn 0.8883 -0.3314 -0.3179
vn 0.5668 -0.4276 -0.7042
vn 0.6484 -0.6645 -0.3714
vn 0.0368 -0.642 -0.7658
vn 0.7307 -0.6575 -0.1839
vn 0.9242 -0.2763 -0.2637
vn 0.9471 -0.2251 -0.2288
vn 0.0761 -0.6335 -0.77
vn 0.84 -0.4887 -0.2358
vn 0.9531 -0.2405 -0.1835
vn 0.8083 -0.502 -0.3077
vn 0.6756 -0.7203 -0.1571
vn 0.9499 -0.2365 -0.2046
vn 0.0136 -0.6511 -0.7588
vn 0.4185 -0.4764 -0.7732
vn 0.0506 -0.8786 -0.4749
vn 0.2711 -0.5484 -0.791
vn 0.2937 -0.5584 -0.7759
vn 0.6436 -0.7623 -0.0678
vn 0.4545 -0.4771 -0.7522
vn 0.7479 -0.4961 -0.441
vn 0.7329 -0.499 -0.4625
vn 0.9174 -0.3496 -0.1899
vn 0.3614 -0.8797 -0.3091
vn 0.3416 -0.8822 -0.3241
vn 0.8245 -0.5145 -0.2354
vn 0.8561 -0.4482 -0.2574
vn 0.9763 -0.2153 -0.0237
vn 0.2976 -0.7784 -0.5527
vn 0.2017 -0.5778 -0.7909
vn 0.2187 -0.5855 -0.7806
vn 0.9739 -0.2148 -0.0735
vn 0.967 -0.2232 -0.1228
vn 0.9701 -0.2168 -0.1095
vn 0.3936 -0.493 -0.7759
vn 0.9373 -0.2558 -0.2366
vn 0.1025 -0.859 -0.5016
vn 0.1076 -0.8612 -0.4968
vn 0.1881 -0.9548 -0.2303
vn 0.7097 -0.6731 -0.2081
vn 0.2124 -0.8217 -0.5289
vn 0.3555 -0.5105 -0.783
vn 0.3227 -0.5334 -0.7819
vn 0.9223 -0.3441 -0.1762
vn 0.9753 -0.2202 -0.0175
vn 0.7044 -0.6879 -0.1751
vn 0.035 -0.633 -0.7734
vn 0.9739 -0.2151 -0.0727
vn 0.6073 -0.6996 -0.3764
vn 0.3579 -0.7556 -0.5486
vn 0.6061 -0.6999 -0.3778
vn 0.3625 -0.5078 -0.7815
vn 0.3594 -0.5107 -0.781
vn 0.5074 -0.672 -0.5395
vn 0.0498 -0.9842 -0.1698
vn 0.8407 -0.389 -0.3767
vn 0.3804 -0.8539 -0.3551
vn 0.0948 -0.6021 -0.7928
vn 0.587 -0.805 -0.0861
vn 0.2807 -0.5301 -0.8001
vn 0.235 -0.5615 -0.7934
vn 0.211 -0.5551 -0.8046
vn 0.4043 -0.7315 -0.549
vn 0.1833 -0.5848 -0.7902
vn 0.1369 -0.5837 -0.8003
vn 0.9995 0.0325 -0.0015
vn 0.9982 0.0595 0.0018
vn 0.9968 0.0801 -0.0011
vn 0.9926 0.1217 0.0017
vn 0.9917 0.1286 -0.0002
vn 0.9842 0.1769 -0.0021
vn 0.9794 0.2018 0.0034
vn 0.9733 0.2293 -0.0022
vn 0.9617 0.2739 0.0035
vn 0.9592 0.2827 -0.0005
vn 0.9442 0.3294 -0.0034
vn 0.9329 0.36 0.0058
vn 0.926 0.3774 -0.0025
vn 0.9042 0.4271 -0.0012
vn 0.8965 0.443 0.0078
vn 0.8818 0.4717 0.0019
vn 0.8717 0.49 0.0076
vn 0.859 0.512 0.0009
vn 0.8434 0.5373 0.0088
vn 0.8064 0.5913 0.0085
vn 0.7973 0.6036 0.0005
vn 0.7729 0.6345 0.0061
vn 0.561 -0.8262 -0.0518
vn 0.9974 -0.0726 -0.0007
vn 0.9824 0.1866 -0.0005
vn 0.3986 -0.9144 -0.0711
vn 0.6042 0.7968 0
vn 0.9658 -0.2593 -0.0026
vn 0.2853 -0.9539 -0.0936
vn 0.9739 -0.227 -0.003
vn 0.4052 -0.9113 -0.0732
vn 0.9662 -0.2579 -0.0031
vn 0.5192 -0.8527 -0.0579
vn 0.5072 -0.8603 -0.0521
vn 0.7104 -0.7026 -0.0404
vn 0.2684 -0.9582 -0.0995
vn 0.8508 -0.5251 -0.0194
vn 0.9646 -0.2636 -0.0048
vn 0.8629 -0.505 -0.0213
vn 0.2461 -0.9644 -0.097
vn 0.6441 -0.7639 -0.039
vn 0.8096 -0.5867 -0.0173
vn 0.6384 0.7697 0.0004
vn 0.8956 -0.4447 -0.0093
vn 0.896 -0.4439 -0.009
vn 0.9494 -0.3139 -0.004
vn 0.4639 -0.8844 -0.0517
vn 0.3387 -0.9376 -0.0781
vn 0.9242 -0.3819 -0.0068
vn 0.2223 -0.9699 -0.0997
vn 0.1971 -0.9754 -0.0984
vn 0.6678 0.7444 0
vn 0.6634 0.7483 -0.0001
vn 0.3332 -0.9397 -0.0767
vn 0.7032 -0.7108 -0.0177
vn 0.6718 -0.7406 -0.0141
vn 0.9131 -0.4077 -0.005
vn 0.6066 -0.7948 -0.0189
vn 0.2049 -0.9739 -0.0975
vn 0.4531 -0.8895 -0.0587
vn 0.6834 0.7301 -0.0002
vn 0.5465 -0.8365 -0.0395
vn 0.321 -0.9468 -0.021
vn 0.3005 -0.9499 -0.0859
vn 0.7721 -0.6352 -0.0196
vn 0.7868 -0.6169 -0.0187
vn 0.3936 -0.9177 -0.0537
vn 0.7093 0.7049 0
vn 0.7082 0.706 0.0008
vn 0.6989 0.7152 -0.0001
vn 0.7023 0.7119 -0.0017
vn 0.9392 -0.3433 -0.0027
vn 0.5294 -0.8472 -0.0448
vn 0.1376 -0.9604 -0.2421
vn 0.1367 -0.9859 -0.0969
vn 0.1383 -0.9857 -0.0962
vn 0.7427 -0.6691 -0.0247
vn 0.7299 0.6836 0.0002
vn 0.2546 -0.9637 -0.0807
vn 0.7963 -0.6048 -0.0093
vn 0.7297 0.6838 -0.0001
vn 0.7055 -0.7083 -0.0259
vn 0.507 -0.861 -0.0402
vn 0.0975 -0.9899 -0.103
vn 0.6241 -0.7809 -0.0253
vn 0.0662 -0.9912 -0.1147
vn 0.9108 -0.4128 -0.0065
vn 0.7548 0.656 0.0014
vn 0.6039 -0.7965 -0.0293
vn 0.7365 0.6765 0.0003
vn 0.2606 -0.9624 -0.0772
vn 0.7679 -0.6404 -0.0158
vn 0.7932 -0.6089 -0.0139
vn 0.9286 -0.371 -0.0061
vn 0.9243 -0.3816 -0.004
vn 0.8707 -0.4918 -0.0091
vn 0.0218 -0.9939 -0.1079
vn 0.3554 -0.9324 -0.0661
vn 0.8537 -0.5207 -0.008
vn 0.7547 0.6561 -0.0003
vn 0.5831 -0.8119 -0.0264
vn 0.8706 -0.492 -0.0069
vn 0.7516 -0.6595 -0.0098
vn 0.7698 0.6383 0.0004
vn 0.5744 -0.8181 -0.0296
vn 0.437 -0.8985 -0.0414
vn 0.4381 -0.898 -0.0409
vn 0.8888 -0.4581 -0.0094
vn 0.3019 -0.9508 -0.069
vn 0.2878 -0.9555 -0.0642
vn 0.7846 0.62 -0.0003
vn 0.0459 -0.9942 -0.0968
vn 0.044 -0.9942 -0.0977
vn 0.7753 -0.6316 -0.0085
vn 0.8446 -0.5353 -0.0081
vn 0.3819 -0.9233 -0.0416
vn 0.867 0.4983 0.0032
vn 0.9348 0.3552 0.0013
vn 0.9459 0.3245 0.0011
vn 0.7973 0.6036 0.0003
vn 0.2395 -0.9686 -0.0666
vn 0.1873 -0.9786 -0.085
vn 0.5288 -0.8482 -0.0302
vn 0.5299 -0.8475 -0.0307
vn 0.179 -0.9836 -0.0222
vn 0.7501 -0.6612 -0.0102
vn 0.9775 -0.2108 -0.0016
vn 0.1342 -0.9908 -0.0151
vn 0.9592 0.2828 0
vn 0.3927 -0.9181 -0.0541
vn 0.9398 0.3418 -0.0008
vn 0.8167 0.5771 -0.0002
vn 0.9861 -0.166 -0.0025
vn 0.9156 -0.4018 -0.0117
vn 0.2462 0.9692 -0.0006
vn 0.8137 0.5813 -0.0004
vn 0.9596 0.2813 0.0003
vn 0.9505 0.3106 -0.0002
vn 0.9003 -0.435 -0.0168
vn 0.4791 -0.8772 -0.0325
vn 0.728 -0.6855 -0.0101
vn 0.2831 0.9591 -0
vn 0.7239 -0.6898 -0.0094
vn 0.3062 0.952 0.001
vn 0.3266 -0.9438 -0.0517
vn 0.11 -0.991 -0.0761
vn 0.0918 -0.9914 -0.0933
vn 0.8354 0.5497 0.0001
vn 0.9765 -0.2156 -0.0033
vn 0.6985 -0.7155 -0.0102
vn 0.8799 -0.4749 -0.0161
vn 0.8804 -0.4739 -0.0163
vn 0.219 -0.9734 -0.0679
vn 0.8416 0.5402 -0.0003
vn 0.9155 -0.4022 -0.0079
vn 0.3349 0.9423 -0.0016
vn 0.1742 -0.9818 -0.0762
vn 0.5735 -0.8188 -0.027
vn 0.3015 -0.9522 -0.0494
vn 0.6748 -0.7379 -0.0102
vn 0.6754 -0.7374 -0.0103
vn 0.859 0.512 0.0003
vn 0.4368 -0.8991 -0.027
vn 0.3656 -0.9306 -0.0171
vn 0.8683 0.496 -0.0005
vn 0.9955 -0.0946 -0.0002
vn 0.9362 -0.3513 -0.0049
vn 0.9999 -0.0144 -0.0085
vn 0.2648 -0.9628 -0.0545
vn 0.9994 0.0073 0.0335
vn 0.9984 -0.0561 0.0032
vn 0.9963 -0.0859 -0.0038
vn 0.9998 -0.0199 -0.003
vn 0.6527 -0.7576 -0.01
vn 0.9912 -0.1326 -0.0004
vn 0.7835 0.6214 0.0008
vn 0.2382 -0.9699 -0.0503
vn 0.9199 -0.3921 -0.0117
vn 0.5858 -0.8104 -0.011
vn 0.8818 0.4716 0.0004
vn 0.7696 0.6385 -0.0011
vn 0.7875 0.6163 -0.0001
vn 0.5536 -0.8326 -0.0201
vn 0.6215 -0.7834 -0.0101
vn 0.8065 0.5912 0.0001
vn 0.801 -0.5977 -0.0328
vn 0.644 -0.7649 -0.0112
vn 0.9842 0.1771 0.0004
vn 0.9995 0.0326 0.0009
vn 0.8684 0.4959 0.005
vn 0.78 -0.6241 -0.0465
vn 0.8944 0.4473 -0.0004
vn 0.7508 -0.6593 -0.0395
vn 0.8187 0.5742 -0
vn 0.8993 -0.4371 -0.0133
vn 0.8416 0.5401 0.0002
vn 0.8415 0.5403 0.0001
vn 0.5282 -0.849 -0.0157
vn 0.8604 0.5097 -0.0006
vn 0.6184 -0.7858 -0.0107
vn 0.9041 0.4272 0.0005
vn 0.3561 -0.9339 -0.0315
vn 0.9179 -0.3968 -0.01
vn 0.0296 -0.9958 -0.0866
vn 0.8764 0.4815 -0
vn 0.3856 -0.9223 -0.0281
vn 0.3939 -0.9188 -0.0251
vn 0.3492 -0.9367 -0.0275
vn 0.7706 -0.6365 -0.0328
vn 0.5162 -0.8563 -0.019
vn 0.8943 0.4474 0.0002
vn 0.9983 -0.059 0
vn 0.916 0.4012 -0.0004
vn 0.1629 -0.9847 -0.0616
vn 0.9099 0.4149 -0.0007
vn 0.8938 0.4484 0.0005
vn 0.3174 -0.9476 -0.0366
vn 0.8674 0.4975 -0.0061
vn 0.8023 -0.5965 -0.0241
vn 0.9165 0.4001 0.0014
vn 0.4676 -0.8838 -0.014
vn 0.7425 -0.6689 -0.0366
vn 0.9936 -0.1133 -0.0014
vn 0.6755 -0.7354 -0.0544
vn 0.9262 0.377 0.0004
vn 0.6639 -0.7459 -0.0533
vn 0.6343 -0.7705 -0.0628
vn 0.126 -0.9904 -0.0568
vn 0.9997 0.0257 0.0009
vn 0.926 0.3775 -0.0014
vn 0.2611 -0.9645 -0.0389
vn 0.8968 -0.4424 -0.0116
vn 0.9867 -0.1626 -0.001
vn 0.5519 -0.8339 -0.0085
vn 0.3123 -0.9494 -0.0338
vn 0.9997 0.0263 0.0008
vn 0.1607 -0.9862 -0.0405
vn 0.9229 -0.3848 -0.0138
vn 0.9994 -0.0157 0.0321
vn 0.9345 0.356 -0.0003
vn 0.9983 -0.0588 0.0002
vn 0.9988 -0.0475 -0.0081
vn 0.9935 -0.1139 -0.0011
vn 0.9434 -0.3317 -0.0035
vn 0.9472 -0.3205 -0.0129
vn 0.9852 -0.1712 -0.0009
vn 0.9387 -0.3446 -0.0113
vn 0.9227 -0.3855 -0.007
vn 0.2682 -0.9627 -0.0359
vn 0.7611 -0.6479 -0.0318
vn 0.9464 0.323 0.0004
vn 0.9014 -0.4328 -0.0141
vn 1 -0.0068 -0.0018
vn 0.9442 0.3293 -0.0001
vn 0.9508 -0.3099 -0.0058
vn 0.0578 -0.9966 -0.0584
vn 0.0975 -0.9932 -0.0635
vn 0.9705 -0.2409 0.0005
vn 0.9797 -0.1982 -0.0296
vn 0.6766 -0.735 -0.0436
vn 0.9646 -0.2637 -0.0014
vn 0.9512 -0.3085 -0.0068
vn 0.9735 -0.2285 0.011
vn 0.2645 -0.9642 -0.0215
vn 0.9992 -0.0399 0.0006
vn 0.9806 -0.1959 -0.0015
vn 0.934 -0.3572 -0.009
vn 0.5056 -0.8628 -0.0046
vn 0.4752 -0.877 -0.0708
vn 0.098 -0.9939 -0.0502
vn 0.6437 -0.7634 -0.0532
vn 0.6452 -0.7622 -0.0524
vn 0.4964 -0.8671 -0.0427
vn 0.5902 -0.8072 -0.0146
vn 0.2266 -0.9732 -0.0389
vn 1 0.0022 -0.0002
vn 0.6261 -0.7794 -0.0231
vn 0.4193 -0.9076 -0.0206
vn 0.453 -0.8915 -0.0095
vn 0.4802 -0.8766 -0.0318
vn 0.9729 -0.2311 -0.0023
vn 0.9592 0.2827 0.0001
vn 0.4829 -0.8756 -0.0087
vn 0.0179 -0.9981 -0.0592
vn 0.9839 -0.1789 -0.0041
vn 0.7367 -0.6755 -0.0318
vn 0.5407 -0.8411 -0.012
vn 0.9945 -0.1049 0.0004
vn 0.1657 -0.9853 -0.0424
vn 0.4465 -0.8948 0.0007
vn 0.6978 -0.7156 -0.0319
vn 0.222 -0.9743 -0.0377
vn 0.6348 -0.7713 -0.0449
vn 0.7591 -0.6505 -0.0253
vn 0.7924 -0.6096 -0.0215
vn 0.788 -0.6153 -0.0208
vn 0.4658 -0.8848 -0.0149
vn 0.81 -0.5862 -0.017
vn 0.9994 -0.0334 0.0021
vn 0.4518 -0.8921 -0.0104
vn 0.7246 -0.6888 -0.023
vn 0.8965 -0.4431 -0.0077
vn 0.8724 -0.4888 -0.0081
vn 0.3929 -0.919 -0.032
vn 0.9723 0.2339 -0.0002
vn 0.9733 0.2293 0.0001
vn 0.8225 -0.5686 -0.0145
vn 0.8045 -0.5938 -0.013
vn 0.9984 -0.0561 -0.002
vn 0.4255 -0.9049 -0.0091
vn 0.8939 -0.4483 -0.0054
vn 0.1874 -0.9819 -0.0256
vn 0.1483 -0.9884 -0.0319
vn 0.7984 -0.6019 -0.0151
vn 0.1141 -0.9927 -0.0395
vn 0.9103 -0.4138 -0.0062
vn 0.9963 -0.0857 0.0011
vn 0.4109 -0.9116 -0.0104
vn 0.3271 -0.945 -0.0072
vn 0.3759 -0.9266 -0.0066
vn 0.3785 -0.9256 -0.0074
vn 0.9826 0.1857 -0
vn 0.9935 -0.1136 -0.002
vn 0.1089 -0.9937 -0.0273
vn 0.6816 -0.7314 -0.0211
vn 1 0.0035 -0.0007
vn 0.0243 -0.9989 -0.0399
vn 0.3407 -0.9401 -0.0096
vn 0.2862 -0.9581 -0.008
vn 0.9912 -0.1325 -0.0003
vn 0.2209 -0.9749 -0.029
vn 0.9905 0.1378 -0.0003
vn 0.9917 0.1285 0.0002
vn 0.3159 -0.9488 -0.0096
vn 0.9868 -0.1621 -0.0027
vn 0.3444 0.9388 0.0003
vn 0.2872 -0.9578 -0.0078
vn 0.1152 -0.993 -0.0251
vn 0.0609 -0.9977 -0.0294
vn 0.4448 0.8956 0.0042
vn 0.3781 0.9257 -0.0007
vn 0.4074 0.9133 0.0002
vn 0.2515 -0.9678 -0.009
vn 0.9834 -0.1817 -0.0013
vn 0.1814 -0.9832 -0.0206
vn 0.2192 -0.9757 -0.0034
vn 0.2307 -0.973 -0.0073
vn 0.9967 0.0815 -0.0001
vn 0.9968 0.0801 0
vn 0.0248 -0.9993 -0.0273
vn 0.9778 -0.2093 -0.0038
vn 0.0736 -0.997 -0.0227
vn 0.1752 -0.9845 -0.0018
vn 0.1847 -0.9828 -0.0049
vn 0.9733 -0.2297 -0.0024
vn 0.9993 0.0366 -0.0002
vn 0.9995 0.0319 0.0001
vn 0.9662 -0.2576 -0.0054
vn 1 -0.004 0.0007
vn 1 0.0069 0.0001
vn 0.0538 0.9985 0.0005
vn 0.9565 -0.2917 -0.0042
vn 0.9638 -0.2666 -0.0091
vn 0.9586 -0.2847 -0.0022
vn 0.1743 0.9847 0.0022
vn 0.9345 -0.3557 -0.008
vn 0.1439 0.9896 -0.0051
vn 0.9185 -0.3953 -0.0089
vn 0.7676 -0.6399 -0.0366
vn 0.8016 -0.597 -0.0329
vn 0.5794 -0.8124 -0.066
vn 0.9902 0.1399 0.0012
vn 0.9914 0.1306 -0.0005
vn 0.7201 -0.6917 -0.0541
vn 0.9581 -0.2864 -0.0043
vn 1 -0.002 -0.0005
vn 0.9516 -0.3074 -0.0031
vn 0.7348 -0.6773 -0.037
vn 0.7084 -0.704 -0.0499
vn 0.9392 -0.3433 -0.0059
vn 0.9301 -0.3672 -0.0077
vn 0.9157 -0.4019 -0.0077
vn 0.6881 -0.724 -0.0488
vn 0.9998 -0.0205 0.0014
vn 0.7103 -0.7028 -0.039
vn 0.9959 0.0906 0.0003
vn 0.9983 0.059 -0.0003
vn 0.6686 -0.7428 -0.0346
vn 0.9951 -0.0992 -0.0003
vn 0.9993 -0.0374 -0.0006
vn 0.9907 -0.1361 -0.0016
vn 0.9917 -0.1283 -0.0003
vn 0.948 -0.3181 -0.006
vn 0.9975 -0.0709 0.0004
vn 0.998 -0.0639 -0.0005
vn 0.7447 -0.6673 -0.0149
vn 0.7262 -0.6872 -0.0186
vn 0.6276 -0.7777 -0.0366
vn 0.627 -0.7782 -0.0369
vn 0.5841 -0.8109 -0.037
vn 0.5945 -0.803 -0.0417
vn 0.9949 -0.1005 -0.0008
vn 0.6216 -0.7829 -0.0249
vn 0.6658 -0.7457 -0.0244
vn 0.8667 -0.4989 -0.0041
vn 0.7943 -0.6075 -0.011
vn 0.2104 -0.9744 -0.0789
vn 0.681 -0.732 -0.0213
vn 0.8466 -0.5322 -0.0069
vn 0.9936 -0.1127 0.0009
vn 0.648 -0.7614 -0.0202
vn 0.037 -0.996 -0.0815
vn 0.3413 -0.939 -0.0426
vn 0.2923 -0.9551 -0.0474
vn 0.1138 -0.9905 -0.0775
vn 0.0534 -0.9949 -0.0852
vn 0.2259 -0.9715 -0.0719
vn 0.2386 -0.9709 -0.0181
vn 0.2098 -0.976 -0.0582
vn 0.1756 -0.9828 -0.0569
vn 0.0757 -0.9944 -0.0741
vn 0.4935 0.8697 0.0012
vn 0.4755 0.8797 -0.002
vn 0.4424 0.8968 0.0004
vn 0.0098 -0.9973 -0.0731
vn 0.9879 -0.155 -0.0025
vn 0.9859 -0.1674 -0.0012
vn 0.4499 0.8931 -0.0015
vn 0.0077 -0.9985 -0.0542
vn 0.0658 -0.9962 -0.0567
vn 0.0462 -0.9978 -0.0469
vn 0.0681 -0.9971 -0.0345
vn 0.4833 0.8755 0.0016
vn 0.5186 0.855 -0.0012
vn 0.0213 -0.999 -0.0389
vn 0.5367 0.8437 0.0014
vn 0.9799 -0.1997 -0.0023
vn 0.0605 -0.9981 -0.0096
vn 0.0107 -0.9998 -0.0187
vn 0.0161 -0.9998 -0.0095
vn 0.0669 -0.9977 -0.0065
vn 0.0085 -1 -0.0046
vn 0.0165 0.9999 -0.0003
vn 0.0857 0.9963 -0.0003
vn 0.9473 -0.32 -0.0122
vn 0.3029 0.953 0.0041
vn 0.9388 -0.3443 -0.0091
vn 0.9362 -0.3514 -0.0056
vn 0.2914 0.9566 -0.0019
vn 0.3036 0.9528 0
vn 0.8506 -0.5251 -0.0253
vn 0.8502 -0.5259 -0.025
vn 0.8782 -0.4779 -0.0214
vn 0.8279 -0.5603 -0.0252
vn 0.9995 0.0313 -0.0003
vn 0.8565 -0.5158 -0.0181
vn 0.8639 -0.5034 -0.0153
vn 1 -0.0025 0.0005
vn 0.8422 -0.5388 -0.0205
vn 0.8381 -0.5452 -0.0182
vn 0.936 -0.3519 -0.0064
vn 0.9355 -0.3532 -0.0059
vn 0.8207 -0.5708 -0.0271
vn 0.9997 0.0263 0.0013
vn 1 -0.0086 -0.0005
vn 0.9992 -0.0409 0.0003
vn 0.966 -0.2587 -0.0027
vn 0.8537 -0.5206 -0.0119
vn 0.8565 -0.516 -0.0102
vn 0.8376 -0.546 -0.014
vn 0.8292 -0.5588 -0.0126
vn 0.7514 -0.6597 -0.0171
vn 0.1828 0.9832 -0
vn 0.6922 -0.7201 -0.0473
vn 0.8579 -0.5135 -0.0166
vn 0.8381 -0.5453 -0.0185
vn 0.8293 -0.5587 -0.014
vn 0.8142 -0.5802 -0.0208
vn 0.2788 -0.96 -0.0252
vn 0.6887 -0.7241 -0.0368
vn 0.9324 -0.3615 -0.0039
vn 0.5521 0.8338 -0.0006
vn 0.6607 -0.7493 -0.0442
vn 0.5759 0.8175 0.0005
vn 0.6026 0.798 0.0014
vn 0.9831 -0.1829 0.0024
vn 0.0167 0.9999 -0.0003
vn 0.0319 0.9995 0.0004
vn 0.0532 0.9986 -0.0002
vn 0.6662 0.7458 -0.0016
vn 0.9739 -0.227 0.001
vn 0.0847 0.9964 0.0002
vn 0.0859 0.9963 0.0002
vn 0.9605 -0.278 -0.0114
vn 0.1389 0.9903 0.0002
vn 0.1137 0.9935 -0.0002
vn 0.7084 -0.7054 -0.0265
vn 0.144 0.9896 -0
vn 0.6775 -0.7349 -0.0308
vn 0.6583 -0.7522 -0.0298
vn 0.9719 0.2356 0.0024
vn 0.1786 0.9839 0.0002
vn 0.7722 -0.6352 -0.014
vn 0.8465 -0.5323 -0.0106
vn 0.2135 0.9769 -0.0002
vn 0.8425 -0.5386 -0.0088
vn 0.7124 -0.7015 -0.0208
vn 0.8181 -0.575 -0.0093
vn 0.8225 -0.5687 -0.0108
vn 0.9533 -0.3017 -0.0086
vn 0.2358 0.9718 0.0001
vn 0.2424 0.9702 0.0006
vn 0.7069 -0.7071 -0.0159
vn 0.822 -0.5695 -0.0059
vn 0.9429 0.3324 -0.0194
vn 0.815 -0.5794 -0.0092
vn 0.1523 -0.985 -0.0816
vn 0.787 -0.6169 -0.0055
vn 0.9902 0.1398 0
vn 0.9903 0.1388 0.0004
vn 0.1446 -0.9868 -0.0726
vn 0.9822 0.1879 -0.0001
vn 0.3917 -0.9194 -0.0352
vn 0.9516 -0.3072 -0.0045
vn 0.1474 -0.989 -0.0119
vn 0.9968 0.0804 0.0011
vn 0.8414 -0.54 -0.0241
vn 0.8266 -0.5623 -0.0243
vn 0.0902 -0.9958 -0.0138
vn 0.1133 -0.9935 -0.0117
vn 0.2965 0.955 -0.0002
vn 0.2998 0.954 0
vn 0.9984 0.0572 -0.0012
vn 0.9958 0.0914 -0.0004
vn 0.1175 -0.9931 -0.0009
vn 0.1441 -0.9895 -0.0063
vn 0.6079 0.794 -0.0002
vn 0.5746 0.8184 0.0001
vn 0.345 0.9386 -0
vn 0.8775 -0.4794 -0.0103
vn 0.8732 -0.4872 -0.0121
vn 0.1153 0.9933 0.0005
vn 0.2027 0.9792 0.0022
vn 0.2077 0.9782 -0.0028
vn 0.3496 0.9369 0.0002
vn 0.7007 -0.7134 -0.0095
vn 0.3236 -0.9459 -0.0219
vn 0.6426 0.7662 0
vn 0.638 0.7701 0.0008
vn 0.3823 0.9241 0.0002
vn 0.6269 0.7791 -0.0014
vn 0.6625 0.7491 -0.0004
vn 0.6825 0.7309 0.0013
vn 0.2436 0.9699 -0.0013
vn 0.4277 0.9039 0.0005
vn 0.3971 0.9178 -0.0007
vn 0.4001 0.9165 0.0036
vn 0.8159 0.5782 0.0024
vn 0.7388 0.6739 -0.0019
vn 0.8961 -0.4436 -0.0154
vn 0.4512 0.8924 -0.0005
vn 0.874 -0.4855 -0.0193
vn 0.8243 -0.5655 -0.0283
vn 0.9737 -0.2277 -0.0077
vn 0.8999 -0.4358 -0.0121
vn 0.972 -0.2347 -0.0129
vn 0.4932 0.8699 0.0006
vn 0.4843 0.8749 -0.0003
vn 0.8163 0.5777 -0.0019
vn 0.5464 -0.8341 -0.076
vn 0.8975 -0.4409 -0.0108
vn 0.9841 -0.1774 0.0114
vn 0.8804 -0.4741 -0.015
vn 0.8774 -0.4796 -0.0139
vn 0.5189 -0.851 -0.0809
vn 0.4735 -0.8772 -0.0791
vn 0.5997 -0.7984 -0.0547
vn 0.6023 -0.7964 -0.0552
vn 0.7375 -0.6741 -0.0416
vn 0.5322 0.8466 -0.0002
vn 0.537 0.8436 0.0003
vn 0.4429 -0.8929 -0.0809
vn 0.4531 -0.8876 -0.0827
vn 0.5511 -0.8323 -0.0596
vn 0.5592 -0.8268 -0.0614
vn 0.3955 -0.9141 -0.0893
vn 0.4917 -0.8684 -0.0649
vn 0.5188 -0.8522 -0.0675
vn 0.3875 -0.9178 -0.0862
vn 0.8136 -0.581 -0.0219
vn 0.7369 -0.6753 -0.0317
vn 0.7122 -0.7009 -0.0395
vn 0.5897 -0.8063 -0.0465
vn 0.7866 -0.6168 -0.0295
vn 0.7685 -0.6392 -0.029
vn 0.5749 0.8182 0.0001
vn 0.9748 0.2232 0.0001
vn 0.338 -0.9363 -0.0958
vn 0.9687 0.2483 -0.0006
vn 0.6068 -0.7919 -0.0686
vn 0.3346 -0.9376 -0.0943
vn 0.8759 -0.4823 -0.0121
vn 0.4514 -0.89 -0.0646
vn 0.9973 -0.0732 -0.0006
vn 0.0176 -0.9485 0.3162
vn 0.0174 -0.9485 0.3162
vn 0.0165 0.9486 0.3162
vn 0.0174 0.9486 0.3161
vn 0.0181 0.0002 -0.9998
vn 0.0172 0 -0.9999
vn 1 0 0
vn 0.0148 -0.3162 0.9486
vn 0.0175 -0.3159 0.9486
vn 0.0182 0.9998 0
vn 0.0175 0.9998 -0.0001
vn 0.0173 -0.3162 -0.9485
vn 0.0175 -0.3162 -0.9485
f 1//1 2//1 3//1
f 4//2 5//2 6//2
f 7//3 8//3 9//3
f 7//4 9//4 10//4
f 11//5 12//5 13//5
f 14//6 15//6 16//6
f 17//7 18//7 19//7
f 20//8 21//8 22//8
f 23//9 24//9 25//9
f 26//10 27//10 28//10
f 29//11 30//11 31//11
f 32//12 33//12 34//12
f 35//13 36//13 37//13
f 38//14 39//14 40//14
f 41//15 42//15 43//15
f 44//16 45//16 46//16
f 41//17 47//17 42//17
f 48//18 49//18 50//18
f 51//19 52//19 53//19
f 54//20 55//20 56//20
f 57//21 58//21 5//21
f 59//22 60//22 8//22
f 61//23 62//23 1//23
f 63//24 64//24 65//24
f 66//25 28//25 67//25
f 68//26 32//26 69//26
f 70//27 71//27 24//27
f 20//28 16//28 72//28
f 22//29 73//29 74//29
f 75//30 76//30 44//30
f 77//31 78//31 79//31
f 38//32 40//32 80//32
f 81//33 82//33 83//33
f 81//34 83//34 52//34
f 84//35 27//35 26//35
f 85//36 68//36 76//36
f 86//37 10//37 87//37
f 88//38 3//38 89//38
f 17//39 90//39 18//39
f 91//40 92//40 93//40
f 91//41 93//41 84//41
f 94//42 95//42 96//42
f 74//43 30//43 29//43
f 26//44 28//44 66//44
f 35//45 97//45 36//45
f 98//46 79//46 99//46
f 100//47 101//47 102//47
f 103//48 50//48 104//48
f 105//49 7//49 10//49
f 106//50 107//50 108//50
f 109//51 110//51 111//51
f 61//52 112//52 62//52
f 109//53 113//53 110//53
f 114//54 58//54 57//54
f 66//55 67//55 115//55
f 88//56 89//56 90//56
f 11//57 13//57 15//57
f 116//58 117//58 118//58
f 14//59 16//59 20//59
f 119//60 96//60 97//60
f 29//61 31//61 120//61
f 121//62 37//62 47//62
f 77//63 120//63 78//63
f 121//64 35//64 37//64
f 59//65 8//65 7//65
f 122//66 54//66 92//66
f 123//67 124//67 100//67
f 125//68 10//68 86//68
f 122//69 92//69 91//69
f 103//70 48//70 50//70
f 126//71 63//71 113//71
f 126//72 64//72 63//72
f 70//73 24//73 23//73
f 127//74 4//74 12//74
f 128//75 44//75 46//75
f 129//76 130//76 39//76
f 38//77 80//77 131//77
f 132//78 55//78 54//78
f 133//79 134//79 82//79
f 94//80 19//80 95//80
f 135//81 60//81 59//81
f 135//82 51//82 60//82
f 136//83 137//83 33//83
f 98//84 77//84 79//84
f 138//85 32//85 68//85
f 48//86 139//86 49//86
f 111//87 71//87 70//87
f 140//88 107//88 106//88
f 141//89 142//89 130//89
f 141//90 118//90 142//90
f 108//91 58//91 114//91
f 143//92 1//92 3//92
f 57//93 5//93 4//93
f 136//94 33//94 32//94
f 94//95 96//95 119//95
f 105//96 10//96 125//96
f 128//97 75//97 44//97
f 98//98 99//98 144//98
f 132//99 46//99 55//99
f 145//100 116//100 118//100
f 146//101 147//101 140//101
f 148//102 104//102 112//102
f 146//103 149//103 147//103
f 148//104 103//104 104//104
f 150//105 26//105 66//105
f 133//106 131//106 134//106
f 151//107 88//107 90//107
f 152//108 76//108 75//108
f 152//109 85//109 76//109
f 153//110 59//110 7//110
f 126//111 113//111 109//111
f 154//112 14//112 20//112
f 132//113 54//113 122//113
f 155//114 25//114 116//114
f 156//115 43//115 157//115
f 156//116 41//116 43//116
f 129//117 39//117 38//117
f 158//118 38//118 131//118
f 138//119 68//119 85//119
f 159//120 133//120 82//120
f 81//121 52//121 51//121
f 143//122 61//122 1//122
f 160//123 3//123 88//123
f 127//124 12//124 11//124
f 161//125 15//125 14//125
f 162//126 26//126 150//126
f 155//127 116//127 145//127
f 162//128 84//128 26//128
f 141//129 130//129 129//129
f 163//130 136//130 32//130
f 164//131 120//131 77//131
f 158//132 131//132 133//132
f 159//133 82//133 81//133
f 121//134 47//134 41//134
f 165//135 59//135 153//135
f 166//136 143//136 3//136
f 167//137 57//137 4//137
f 167//138 4//138 127//138
f 155//139 23//139 25//139
f 168//140 169//140 137//140
f 145//141 118//141 141//141
f 168//142 137//142 136//142
f 170//143 20//143 22//143
f 171//144 46//144 132//144
f 171//145 128//145 46//145
f 153//146 7//146 105//146
f 172//147 98//147 144//147
f 173//148 174//148 139//148
f 175//149 48//149 103//149
f 176//150 70//150 23//150
f 177//151 66//151 115//151
f 178//152 138//152 85//152
f 179//153 129//153 38//153
f 180//154 75//154 128//154
f 161//155 11//155 15//155
f 151//156 90//156 17//156
f 154//157 20//157 170//157
f 181//158 81//158 51//158
f 165//159 135//159 59//159
f 119//160 97//160 35//160
f 105//161 125//161 182//161
f 164//162 29//162 120//162
f 183//163 111//163 70//163
f 184//164 115//164 185//164
f 184//165 185//165 186//165
f 100//166 187//166 123//166
f 188//167 139//167 48//167
f 189//168 163//168 32//168
f 189//169 32//169 138//169
f 190//170 108//170 114//170
f 191//171 112//171 61//171
f 180//172 128//172 171//172
f 160//173 88//173 151//173
f 192//174 159//174 81//174
f 181//175 51//175 135//175
f 193//176 109//176 111//176
f 194//177 91//177 84//177
f 194//178 84//178 162//178
f 74//179 29//179 195//179
f 177//180 150//180 66//180
f 168//181 136//181 163//181
f 196//182 100//182 102//182
f 152//183 75//183 180//183
f 197//184 126//184 109//184
f 166//185 3//185 160//185
f 197//186 198//186 126//186
f 177//187 115//187 184//187
f 199//188 22//188 74//188
f 200//189 17//189 19//189
f 178//190 85//190 152//190
f 200//191 19//191 94//191
f 199//192 170//192 22//192
f 195//193 29//193 164//193
f 179//194 38//194 201//194
f 172//195 144//195 202//195
f 194//196 122//196 91//196
f 188//197 173//197 139//197
f 188//198 203//198 173//198
f 204//199 165//199 153//199
f 175//200 103//200 205//200
f 148//201 112//201 191//201
f 183//202 70//202 176//202
f 190//203 106//203 108//203
f 206//204 23//204 155//204
f 207//205 61//205 143//205
f 168//206 208//206 169//206
f 209//207 129//207 179//207
f 209//208 141//208 129//208
f 201//209 38//209 158//209
f 210//210 151//210 17//210
f 211//211 135//211 165//211
f 212//212 132//212 122//212
f 213//213 119//213 35//213
f 211//214 181//214 135//214
f 212//215 122//215 214//215
f 215//216 77//216 98//216
f 216//217 121//217 41//217
f 215//218 98//218 172//218
f 196//219 187//219 100//219
f 146//220 102//220 149//220
f 188//221 48//221 175//221
f 217//222 140//222 106//222
f 205//223 103//223 148//223
f 218//224 133//224 159//224
f 218//225 159//225 192//225
f 219//226 127//226 11//226
f 220//227 14//227 154//227
f 220//228 161//228 14//228
f 171//229 132//229 212//229
f 182//230 153//230 105//230
f 214//231 122//231 194//231
f 221//232 164//232 77//232
f 221//233 77//233 215//233
f 176//234 23//234 206//234
f 222//235 94//235 119//235
f 223//236 35//236 121//236
f 224//237 155//237 145//237
f 225//238 226//238 158//238
f 225//239 158//239 133//239
f 227//240 178//240 152//240
f 228//241 114//241 57//241
f 229//242 180//242 171//242
f 219//243 11//243 161//243
f 230//244 150//244 177//244
f 200//245 94//245 231//245
f 232//246 186//246 233//246
f 232//247 184//247 186//247
f 226//248 201//248 158//248
f 234//249 138//249 178//249
f 234//250 189//250 138//250
f 192//251 81//251 181//251
f 235//252 156//252 157//252
f 236//253 102//253 146//253
f 237//254 153//254 182//254
f 217//255 146//255 140//255
f 193//256 111//256 183//256
f 224//257 206//257 155//257
f 207//258 143//258 166//258
f 238//259 145//259 141//259
f 239//260 162//260 150//260
f 239//261 194//261 162//261
f 240//262 74//262 195//262
f 241//263 164//263 221//263
f 231//264 94//264 222//264
f 197//265 109//265 193//265
f 242//266 215//266 172//266
f 213//267 35//267 223//267
f 243//268 214//268 194//268
f 216//269 41//269 156//269
f 228//270 190//270 114//270
f 225//271 133//271 218//271
f 244//272 191//272 61//272
f 244//273 61//273 207//273
f 245//274 153//274 237//274
f 245//275 204//275 153//275
f 246//276 183//276 176//276
f 210//277 160//277 151//277
f 242//278 172//278 202//278
f 196//279 102//279 236//279
f 223//280 121//280 216//280
f 247//281 106//281 190//281
f 248//282 192//282 181//282
f 230//283 177//283 184//283
f 249//284 165//284 204//284
f 250//285 228//285 57//285
f 249//286 211//286 165//286
f 250//287 57//287 167//287
f 251//288 167//288 127//288
f 227//289 152//289 180//289
f 219//290 161//290 220//290
f 238//291 141//291 209//291
f 252//292 166//292 160//292
f 253//293 154//293 170//293
f 240//294 199//294 74//294
f 254//295 171//295 212//295
f 241//296 195//296 164//296
f 255//297 218//297 192//297
f 256//298 181//298 211//298
f 257//299 215//299 242//299
f 258//300 259//300 260//300
f 261//301 197//301 193//301
f 239//302 150//302 230//302
f 261//303 262//303 197//303
f 258//304 263//304 259//304
f 258//305 260//305 264//305
f 265//306 184//306 232//306
f 266//307 224//307 145//307
f 267//308 163//308 189//308
f 235//309 157//309 268//309
f 269//310 263//310 258//310
f 270//311 225//311 218//311
f 271//312 258//312 264//312
f 269//313 272//313 263//313
f 273//314 207//314 166//314
f 253//315 170//315 199//315
f 261//316 193//316 183//316
f 252//317 160//317 210//317
f 269//318 258//318 271//318
f 243//319 194//319 239//319
f 274//320 272//320 269//320
f 275//321 240//321 195//321
f 276//322 206//322 224//322
f 277//323 210//323 17//323
f 277//324 17//324 200//324
f 278//325 179//325 201//325
f 279//326 226//326 225//326
f 280//327 274//327 269//327
f 217//328 106//328 247//328
f 256//329 248//329 181//329
f 271//330 264//330 281//330
f 282//331 216//331 156//331
f 283//332 269//332 271//332
f 254//333 229//333 171//333
f 284//334 176//334 206//334
f 285//335 212//335 214//335
f 286//336 154//336 253//336
f 286//337 220//337 154//337
f 287//338 205//338 148//338
f 265//339 230//339 184//339
f 283//340 280//340 269//340
f 255//341 192//341 248//341
f 288//342 271//342 281//342
f 221//343 215//343 257//343
f 289//344 232//344 233//344
f 267//345 168//345 163//345
f 290//346 242//346 202//346
f 261//347 291//347 262//347
f 234//348 178//348 227//348
f 292//349 281//349 293//349
f 294//350 227//350 180//350
f 294//351 180//351 229//351
f 295//352 146//352 217//352
f 284//353 206//353 276//353
f 296//354 222//354 119//354
f 247//355 190//355 228//355
f 296//356 119//356 213//356
f 266//357 145//357 238//357
f 297//358 209//358 179//358
f 297//359 179//359 278//359
f 279//360 201//360 226//360
f 288//361 281//361 292//361
f 298//362 274//362 280//362
f 270//363 218//363 255//363
f 251//364 127//364 219//364
f 188//365 299//365 203//365
f 300//366 219//366 220//366
f 301//367 175//367 205//367
f 292//368 293//368 302//368
f 303//369 280//369 283//369
f 246//370 176//370 284//370
f 304//371 208//371 168//371
f 276//372 224//372 266//372
f 267//373 189//373 234//373
f 305//374 202//374 306//374
f 303//375 298//375 280//375
f 307//376 187//376 196//376
f 308//377 271//377 288//377
f 308//378 283//378 271//378
f 309//379 249//379 204//379
f 309//380 204//380 245//380
f 310//381 243//381 239//381
f 297//382 238//382 209//382
f 311//383 298//383 303//383
f 312//384 232//384 289//384
f 313//385 201//385 279//385
f 314//386 168//386 267//386
f 188//387 175//387 301//387
f 315//388 253//388 199//388
f 316//389 256//389 211//389
f 316//390 211//390 249//390
f 317//391 252//391 210//391
f 311//392 318//392 298//392
f 285//393 214//393 243//393
f 319//394 303//394 283//394
f 319//395 283//395 308//395
f 320//396 288//396 292//396
f 282//397 156//397 235//397
f 321//398 276//398 266//398
f 322//399 238//399 297//399
f 323//400 195//400 241//400
f 320//401 308//401 288//401
f 287//402 148//402 191//402
f 313//403 278//403 201//403
f 324//404 212//404 285//404
f 325//405 279//405 225//405
f 325//406 225//406 270//406
f 244//407 207//407 273//407
f 290//408 202//408 305//408
f 324//409 254//409 212//409
f 326//410 166//410 252//410
f 327//411 183//411 246//411
f 328//412 239//412 230//412
f 329//413 284//413 276//413
f 330//414 303//414 319//414
f 330//415 311//415 303//415
f 328//416 230//416 265//416
f 331//417 250//417 167//417
f 331//418 167//418 332//418
f 312//419 265//419 232//419
f 314//420 304//420 168//420
f 333//421 251//421 219//421
f 334//422 302//422 335//422
f 334//423 292//423 302//423
f 336//424 267//424 234//424
f 337//425 253//425 315//425
f 316//426 249//426 309//426
f 338//427 339//427 318//427
f 338//428 318//428 311//428
f 316//429 309//429 340//429
f 341//430 291//430 261//430
f 323//431 241//431 221//431
f 301//432 205//432 287//432
f 322//433 266//433 238//433
f 342//434 257//434 242//434
f 305//435 306//435 343//435
f 344//436 270//436 255//436
f 345//437 236//437 146//437
f 346//438 248//438 256//438
f 345//439 146//439 295//439
f 347//440 252//440 317//440
f 346//441 256//441 316//441
f 320//442 292//442 334//442
f 327//443 261//443 183//443
f 348//444 228//444 250//444
f 329//445 246//445 284//445
f 332//446 167//446 251//446
f 72//447 213//447 223//447
f 349//448 308//448 320//448
f 338//449 311//449 330//449
f 350//450 255//450 248//450
f 315//451 199//451 240//451
f 323//452 275//452 195//452
f 351//453 221//453 257//453
f 352//454 285//454 243//454
f 353//455 266//455 322//455
f 326//456 273//456 166//456
f 313//457 279//457 325//457
f 354//458 196//458 236//458
f 355//459 289//459 356//459
f 341//460 261//460 327//460
f 357//461 304//461 314//461
f 277//462 200//462 231//462
f 358//463 267//463 336//463
f 359//464 227//464 360//464
f 359//465 234//465 227//465
f 361//466 278//466 313//466
f 362//467 223//467 216//467
f 337//468 286//468 253//468
f 294//469 229//469 254//469
f 344//470 255//470 350//470
f 363//471 334//471 335//471
f 364//472 319//472 308//472
f 365//473 268//473 366//473
f 321//474 266//474 353//474
f 364//475 308//475 349//475
f 367//476 322//476 297//476
f 354//477 236//477 345//477
f 368//478 325//478 270//478
f 348//479 247//479 228//479
f 326//480 252//480 347//480
f 333//481 219//481 300//481
f 317//482 210//482 277//482
f 329//483 276//483 321//483
f 360//484 227//484 294//484
f 297//485 278//485 361//485
f 369//486 334//486 363//486
f 370//487 313//487 325//487
f 72//488 296//488 213//488
f 362//489 216//489 282//489
f 371//490 341//490 327//490
f 372//491 349//491 320//491
f 372//492 320//492 334//492
f 373//493 246//493 329//493
f 351//494 323//494 221//494
f 310//495 239//495 328//495
f 124//496 188//496 301//496
f 342//497 242//497 290//497
f 374//498 301//498 287//498
f 307//499 196//499 354//499
f 375//500 191//500 244//500
f 355//501 312//501 289//501
f 376//502 217//502 247//502
f 377//503 316//503 340//503
f 358//504 314//504 267//504
f 377//505 346//505 316//505
f 348//506 250//506 331//506
f 378//507 363//507 379//507
f 380//508 339//508 338//508
f 381//509 330//509 319//509
f 382//510 313//510 370//510
f 381//511 319//511 364//511
f 383//512 231//512 222//512
f 368//513 270//513 344//513
f 383//514 222//514 296//514
f 346//515 350//515 248//515
f 352//516 243//516 310//516
f 384//517 315//517 240//517
f 362//518 72//518 223//518
f 373//519 327//519 246//519
f 73//520 282//520 235//520
f 385//521 329//521 321//521
f 353//522 322//522 367//522
f 386//523 338//523 330//523
f 370//524 325//524 368//524
f 387//525 265//525 312//525
f 314//526 388//526 357//526
f 107//527 244//527 273//527
f 372//528 334//528 369//528
f 382//529 361//529 313//529
f 389//530 294//530 254//530
f 380//531 390//531 339//531
f 13//532 277//532 231//532
f 324//533 285//533 352//533
f 364//534 349//534 372//534
f 391//535 300//535 220//535
f 392//536 327//536 373//536
f 392//537 371//537 327//537
f 384//538 240//538 275//538
f 367//539 297//539 361//539
f 393//540 378//540 379//540
f 394//541 368//541 344//541
f 386//542 380//542 338//542
f 395//543 265//543 396//543
f 346//544 377//544 397//544
f 395//545 328//545 265//545
f 36//546 312//546 355//546
f 365//547 366//547 398//547
f 124//548 299//548 188//548
f 376//549 295//549 217//549
f 359//550 336//550 234//550
f 287//551 191//551 375//551
f 378//552 369//552 363//552
f 373//553 329//553 385//553
f 386//554 330//554 381//554
f 399//555 321//555 353//555
f 389//556 254//556 324//556
f 400//557 220//557 286//557
f 350//558 346//558 397//558
f 401//559 275//559 323//559
f 402//560 372//560 369//560
f 403//561 378//561 393//561
f 396//562 265//562 387//562
f 73//563 362//563 282//563
f 394//564 344//564 350//564
f 63//565 307//565 354//565
f 404//566 268//566 365//566
f 404//567 235//567 268//567
f 399//568 385//568 321//568
f 405//569 353//569 367//569
f 406//570 369//570 378//570
f 407//571 361//571 382//571
f 350//572 397//572 408//572
f 375//573 244//573 107//573
f 409//574 273//574 326//574
f 332//575 251//575 333//575
f 410//576 392//576 373//576
f 387//577 312//577 36//577
f 351//578 257//578 342//578
f 411//579 390//579 380//579
f 407//580 367//580 361//580
f 411//581 412//581 390//581
f 413//582 370//582 368//582
f 414//583 386//583 381//583
f 37//584 356//584 415//584
f 37//585 355//585 356//585
f 416//586 290//586 305//586
f 408//587 394//587 350//587
f 30//588 73//588 235//588
f 110//589 295//589 376//589
f 417//590 364//590 372//590
f 24//591 247//591 348//591
f 406//592 402//592 369//592
f 101//593 301//593 374//593
f 418//594 373//594 385//594
f 418//595 385//595 399//595
f 419//596 353//596 405//596
f 419//597 399//597 353//597
f 391//598 220//598 400//598
f 413//599 382//599 370//599
f 394//600 408//600 420//600
f 384//601 275//601 401//601
f 6//602 317//602 277//602
f 83//603 323//603 351//603
f 13//604 231//604 383//604
f 413//605 368//605 394//605
f 421//606 373//606 418//606
f 421//607 410//607 373//607
f 16//608 296//608 72//608
f 422//609 307//609 63//609
f 405//610 367//610 407//610
f 113//611 354//611 345//611
f 417//612 381//612 364//612
f 62//613 360//613 294//613
f 394//614 420//614 423//614
f 31//615 235//615 404//615
f 2//616 389//616 324//616
f 78//617 365//617 398//617
f 142//618 333//618 300//618
f 142//619 300//619 391//619
f 89//620 352//620 310//620
f 400//621 286//621 337//621
f 411//622 380//622 386//622
f 424//623 413//623 394//623
f 424//624 394//624 423//624
f 5//625 347//625 317//625
f 401//626 323//626 425//626
f 426//627 382//627 413//627
f 418//628 399//628 427//628
f 416//629 342//629 290//629
f 49//630 388//630 314//630
f 428//631 427//631 399//631
f 428//632 399//632 419//632
f 428//633 419//633 429//633
f 405//634 430//634 431//634
f 432//635 382//635 426//635
f 110//636 345//636 295//636
f 432//637 407//637 382//637
f 93//638 403//638 393//638
f 429//639 419//639 431//639
f 433//640 405//640 407//640
f 1//641 294//641 389//641
f 24//642 376//642 247//642
f 426//643 413//643 424//643
f 431//644 419//644 405//644
f 434//645 381//645 417//645
f 432//646 433//646 407//646
f 430//647 405//647 433//647
f 117//648 332//648 333//648
f 101//649 124//649 301//649
f 126//650 198//650 64//650
f 56//651 378//651 403//651
f 56//652 406//652 378//652
f 425//653 323//653 83//653
f 409//654 326//654 347//654
f 53//655 351//655 342//655
f 416//656 305//656 343//656
f 49//657 314//657 358//657
f 50//658 336//658 359//658
f 435//659 402//659 406//659
f 16//660 383//660 296//660
f 30//661 235//661 31//661
f 34//662 411//662 386//662
f 34//663 386//663 414//663
f 89//664 324//664 352//664
f 80//665 315//665 384//665
f 404//666 365//666 78//666
f 80//667 337//667 315//667
f 434//668 414//668 381//668
f 18//669 328//669 395//669
f 417//670 372//670 402//670
f 18//671 310//671 328//671
f 147//672 287//672 375//672
f 107//673 273//673 409//673
f 36//674 355//674 37//674
f 93//675 393//675 436//675
f 437//676 412//676 411//676
f 113//677 345//677 110//677
f 104//678 359//678 360//678
f 62//679 294//679 1//679
f 116//680 332//680 117//680
f 400//681 337//681 40//681
f 78//682 398//682 79//682
f 435//683 406//683 56//683
f 63//684 354//684 113//684
f 5//685 317//685 6//685
f 12//686 277//686 13//686
f 50//687 358//687 336//687
f 15//688 383//688 16//688
f 25//689 348//689 331//689
f 1//690 389//690 2//690
f 21//691 72//691 362//691
f 130//692 391//692 400//692
f 45//693 417//693 402//693
f 40//694 337//694 80//694
f 134//695 384//695 401//695
f 95//696 395//696 396//696
f 149//697 287//697 147//697
f 149//698 374//698 287//698
f 8//699 343//699 9//699
f 8//700 416//700 343//700
f 33//701 437//701 411//701
f 47//702 415//702 42//702
f 58//703 409//703 347//703
f 47//704 37//704 415//704
f 50//705 359//705 104//705
f 116//706 331//706 332//706
f 92//707 403//707 93//707
f 21//708 362//708 73//708
f 92//709 56//709 403//709
f 27//710 436//710 28//710
f 52//711 83//711 351//711
f 52//712 351//712 53//712
f 60//713 342//713 416//713
f 124//714 438//714 299//714
f 96//715 396//715 387//715
f 63//716 65//716 422//716
f 71//717 376//717 24//717
f 108//718 107//718 409//718
f 104//719 360//719 112//719
f 69//720 34//720 414//720
f 4//721 277//721 12//721
f 4//722 6//722 277//722
f 142//723 391//723 130//723
f 3//724 324//724 89//724
f 45//725 402//725 435//725
f 3//726 2//726 324//726
f 15//727 13//727 383//727
f 131//728 384//728 134//728
f 90//729 310//729 18//729
f 90//730 89//730 310//730
f 27//731 93//731 436//731
f 120//732 31//732 404//732
f 10//733 9//733 439//733
f 33//734 411//734 34//734
f 97//735 387//735 36//735
f 69//736 414//736 434//736
f 44//737 417//737 45//737
f 55//738 435//738 56//738
f 25//739 331//739 116//739
f 117//740 333//740 142//740
f 112//741 360//741 62//741
f 130//742 400//742 39//742
f 60//743 53//743 342//743
f 96//744 95//744 396//744
f 120//745 404//745 78//745
f 71//746 110//746 376//746
f 24//747 348//747 25//747
f 49//748 358//748 50//748
f 33//749 440//749 437//749
f 39//750 400//750 40//750
f 58//751 347//751 5//751
f 131//752 80//752 384//752
f 82//753 401//753 425//753
f 44//754 434//754 417//754
f 46//755 435//755 55//755
f 46//756 45//756 435//756
f 60//22 416//22 8//22
f 19//757 18//757 395//757
f 19//758 395//758 95//758
f 22//759 21//759 73//759
f 96//760 387//760 97//760
f 68//761 69//761 434//761
f 68//762 434//762 76//762
f 124//763 123//763 438//763
f 139//764 174//764 388//764
f 139//765 388//765 49//765
f 102//766 101//766 374//766
f 102//767 374//767 149//767
f 140//768 147//768 375//768
f 140//769 375//769 107//769
f 108//770 409//770 58//770
f 82//771 425//771 83//771
f 51//772 53//772 60//772
f 137//773 440//773 33//773
f 32//774 34//774 69//774
f 10//775 439//775 87//775
f 20//776 72//776 21//776
f 76//777 434//777 44//777
f 74//778 73//778 30//778
f 111//779 110//779 71//779
f 54//780 56//780 92//780
f 118//781 117//781 142//781
f 100//782 124//782 101//782
f 84//783 93//783 27//783
f 82//784 134//784 401//784
f 441//785 442//785 443//785
f 444//786 445//786 446//786
f 447//787 448//787 449//787
f 450//788 451//788 452//788
f 453//789 454//789 455//789
f 456//790 457//790 458//790
f 459//791 460//791 461//791
f 462//792 463//792 464//792
f 465//793 466//793 467//793
f 468//794 469//794 470//794
f 471//795 472//795 473//795
f 474//796 475//796 476//796
f 477//797 478//797 479//797
f 477//798 479//798 447//798
f 480//799 481//799 482//799
f 449//800 483//800 484//800
f 485//801 486//801 445//801
f 487//802 488//802 489//802
f 490//803 491//803 492//803
f 493//804 494//804 465//804
f 495//805 496//805 497//805
f 498//806 499//806 500//806
f 501//807 502//807 503//807
f 455//808 504//808 481//808
f 501//809 503//809 460//809
f 505//810 470//810 506//810
f 505//811 506//811 453//811
f 507//812 508//812 509//812
f 510//813 511//813 512//813
f 513//814 514//814 515//814
f 456//815 393//815 379//815
f 516//816 517//816 518//816
f 516//817 443//817 517//817
f 519//818 465//818 467//818
f 520//819 521//819 498//819
f 415//820 356//820 522//820
f 500//821 499//821 523//821
f 524//822 525//822 502//822
f 526//823 527//823 528//823
f 462//824 459//824 463//824
f 529//825 487//825 489//825
f 507//826 509//826 530//826
f 471//827 531//827 472//827
f 532//828 496//828 495//828
f 533//829 493//829 465//829
f 513//830 534//830 535//830
f 536//831 467//831 537//831
f 538//832 539//832 540//832
f 513//833 535//833 514//833
f 541//834 542//834 543//834
f 42//835 522//835 469//835
f 42//836 469//836 468//836
f 510//837 512//837 544//837
f 545//838 455//838 481//838
f 546//839 480//839 487//839
f 529//840 489//840 493//840
f 526//841 528//841 547//841
f 548//842 549//842 525//842
f 550//843 485//843 445//843
f 538//844 540//844 542//844
f 551//845 446//845 534//845
f 552//846 481//846 480//846
f 462//847 464//847 531//847
f 553//848 478//848 477//848
f 519//849 467//849 536//849
f 554//850 555//850 556//850
f 415//851 522//851 42//851
f 554//852 556//852 557//852
f 558//853 511//853 510//853
f 559//854 468//854 470//854
f 560//855 561//855 490//855
f 560//856 484//856 561//856
f 559//857 470//857 505//857
f 562//858 544//858 441//858
f 563//859 496//859 532//859
f 533//860 465//860 519//860
f 553//861 564//861 565//861
f 566//862 534//862 513//862
f 513//863 515//863 567//863
f 456//864 436//864 393//864
f 568//865 453//865 455//865
f 569//866 459//866 462//866
f 570//867 571//867 572//867
f 545//868 481//868 552//868
f 260//869 259//869 573//869
f 529//870 493//870 533//870
f 574//871 575//871 576//871
f 577//872 281//872 264//872
f 578//873 579//873 508//873
f 505//874 453//874 580//874
f 581//875 455//875 545//875
f 552//876 480//876 546//876
f 541//877 543//877 564//877
f 444//878 446//878 551//878
f 582//879 450//879 452//879
f 583//880 572//880 521//880
f 524//881 502//881 501//881
f 580//882 453//882 568//882
f 584//883 459//883 569//883
f 585//884 523//884 575//884
f 584//885 460//885 459//885
f 586//886 576//886 527//886
f 578//887 508//887 507//887
f 587//888 533//888 519//888
f 538//889 542//889 541//889
f 559//890 42//890 468//890
f 551//891 534//891 566//891
f 562//892 510//892 544//892
f 588//893 553//893 477//893
f 568//894 455//894 581//894
f 546//895 487//895 529//895
f 589//896 447//896 449//896
f 590//897 518//897 450//897
f 492//898 579//898 578//898
f 548//899 525//899 524//899
f 591//900 519//900 536//900
f 592//901 547//901 474//901
f 476//902 485//902 550//902
f 593//903 462//903 531//903
f 594//904 471//904 473//904
f 595//905 558//905 510//905
f 458//906 436//906 456//906
f 596//907 449//907 484//907
f 570//908 572//908 583//908
f 597//909 520//909 498//909
f 585//910 500//910 523//910
f 598//911 549//911 548//911
f 574//912 576//912 586//912
f 599//913 529//913 533//913
f 600//914 507//914 530//914
f 598//915 452//915 549//915
f 587//916 519//916 591//916
f 601//917 474//917 476//917
f 584//918 501//918 460//918
f 593//919 531//919 471//919
f 602//920 546//920 529//920
f 589//921 477//921 447//921
f 594//922 603//922 604//922
f 458//923 571//923 570//923
f 591//924 536//924 605//924
f 594//925 473//925 603//925
f 583//926 521//926 520//926
f 555//927 281//927 577//927
f 606//928 557//928 558//928
f 607//929 498//929 500//929
f 608//930 580//930 568//930
f 595//931 510//931 562//931
f 609//932 441//932 443//932
f 586//933 527//933 526//933
f 610//934 552//934 546//934
f 590//935 516//935 518//935
f 611//936 563//936 532//936
f 592//937 526//937 547//937
f 612//938 495//938 539//938
f 612//939 539//939 538//939
f 613//940 538//940 541//940
f 43//941 42//941 559//941
f 614//942 550//942 445//942
f 614//943 445//943 444//943
f 615//944 505//944 580//944
f 616//945 564//945 553//945
f 617//946 524//946 501//946
f 618//947 568//947 581//947
f 619//948 545//948 552//948
f 589//949 449//949 596//949
f 610//950 546//950 602//950
f 599//951 533//951 587//951
f 606//952 558//952 595//952
f 592//953 474//953 601//953
f 602//954 529//954 599//954
f 620//955 443//955 516//955
f 621//956 476//956 550//956
f 622//957 444//957 551//957
f 590//958 450//958 582//958
f 623//959 553//959 588//959
f 615//960 559//960 505//960
f 624//961 477//961 589//961
f 625//962 548//962 524//962
f 608//963 568//963 618//963
f 458//964 28//964 436//964
f 626//965 501//965 584//965
f 596//966 484//966 560//966
f 597//967 498//967 607//967
f 627//968 526//968 592//968
f 600//969 530//969 628//969
f 611//970 629//970 563//970
f 630//971 554//971 557//971
f 611//972 631//972 629//972
f 630//973 557//973 606//973
f 609//974 562//974 441//974
f 616//975 541//975 564//975
f 632//976 458//976 570//976
f 43//977 559//977 615//977
f 633//978 583//978 520//978
f 634//979 581//979 545//979
f 634//980 545//980 619//980
f 635//981 585//981 575//981
f 635//982 575//982 574//982
f 636//983 586//983 526//983
f 637//984 569//984 462//984
f 638//985 507//985 600//985
f 638//986 578//986 507//986
f 614//987 444//987 622//987
f 555//988 293//988 281//988
f 639//989 513//989 567//989
f 623//990 616//990 553//990
f 640//991 587//991 591//991
f 641//992 595//992 562//992
f 624//993 588//993 477//993
f 609//994 443//994 620//994
f 642//995 580//995 608//995
f 642//996 615//996 580//996
f 618//997 581//997 634//997
f 643//998 500//998 585//998
f 598//999 582//999 452//999
f 644//1000 619//1000 552//1000
f 644//1001 552//1001 610//1001
f 636//1002 526//1002 627//1002
f 645//1003 599//1003 587//1003
f 617//1004 501//1004 626//1004
f 646//1005 591//1005 605//1005
f 621//1006 550//1006 614//1006
f 647//1007 532//1007 495//1007
f 648//1008 462//1008 593//1008
f 649//1009 566//1009 513//1009
f 632//1010 28//1010 458//1010
f 650//1011 471//1011 594//1011
f 645//1012 587//1012 640//1012
f 651//1013 562//1013 609//1013
f 652//1014 610//1014 602//1014
f 653//1015 601//1015 476//1015
f 654//1016 599//1016 645//1016
f 653//1017 476//1017 621//1017
f 655//1018 490//1018 492//1018
f 640//1019 591//1019 646//1019
f 656//1020 43//1020 615//1020
f 656//1021 157//1021 43//1021
f 657//1022 551//1022 566//1022
f 649//1023 513//1023 639//1023
f 644//1024 610//1024 658//1024
f 632//1025 570//1025 583//1025
f 659//1026 602//1026 599//1026
f 633//1027 520//1027 597//1027
f 607//1028 500//1028 643//1028
f 660//1029 608//1029 618//1029
f 661//1030 630//1030 606//1030
f 658//1031 610//1031 652//1031
f 659//1032 599//1032 654//1032
f 662//1033 516//1033 590//1033
f 663//1034 492//1034 578//1034
f 611//1035 532//1035 647//1035
f 652//1036 602//1036 659//1036
f 664//1037 583//1037 633//1037
f 643//1038 585//1038 635//1038
f 665//1039 640//1039 646//1039
f 656//1040 268//1040 157//1040
f 666//1041 613//1041 541//1041
f 667//1042 642//1042 608//1042
f 637//1043 462//1043 648//1043
f 667//1044 608//1044 660//1044
f 650//1045 593//1045 471//1045
f 668//1046 604//1046 669//1046
f 668//1047 594//1047 604//1047
f 293//1048 554//1048 630//1048
f 293//1049 555//1049 554//1049
f 655//1050 560//1050 490//1050
f 641//1051 562//1051 651//1051
f 656//1052 615//1052 642//1052
f 622//1053 551//1053 657//1053
f 670//1054 631//1054 611//1054
f 647//1055 495//1055 612//1055
f 671//1056 612//1056 538//1056
f 672//1057 569//1057 637//1057
f 671//1058 538//1058 613//1058
f 673//1059 618//1059 634//1059
f 672//1060 584//1060 569//1060
f 674//1061 592//1061 601//1061
f 674//1062 627//1062 592//1062
f 675//1063 652//1063 659//1063
f 676//1064 634//1064 619//1064
f 677//1065 649//1065 639//1065
f 655//1066 492//1066 663//1066
f 664//1067 632//1067 583//1067
f 678//1068 633//1068 597//1068
f 679//1069 645//1069 640//1069
f 662//1070 620//1070 516//1070
f 680//1071 600//1071 628//1071
f 681//1072 574//1072 586//1072
f 681//1073 635//1073 574//1073
f 366//1074 656//1074 642//1074
f 673//1075 660//1075 618//1075
f 682//1076 636//1076 627//1076
f 683//1077 619//1077 644//1077
f 684//1078 601//1078 653//1078
f 625//1079 524//1079 617//1079
f 673//1080 634//1080 676//1080
f 685//1081 560//1081 655//1081
f 675//1082 659//1082 654//1082
f 686//1083 643//1083 635//1083
f 366//1084 268//1084 656//1084
f 676//1085 619//1085 683//1085
f 670//1086 687//1086 631//1086
f 688//1087 582//1087 598//1087
f 689//1088 548//1088 625//1088
f 679//1089 640//1089 665//1089
f 666//1090 541//1090 616//1090
f 366//1091 642//1091 667//1091
f 690//1092 623//1092 588//1092
f 67//1093 632//1093 664//1093
f 67//1094 28//1094 632//1094
f 691//1095 584//1095 672//1095
f 692//1096 624//1096 589//1096
f 683//1097 644//1097 658//1097
f 596//1098 560//1098 693//1098
f 694//1099 654//1099 645//1099
f 682//1100 586//1100 636//1100
f 674//1101 601//1101 684//1101
f 695//1102 658//1102 652//1102
f 696//1103 606//1103 595//1103
f 697//1104 675//1104 654//1104
f 663//1105 578//1105 638//1105
f 698//1106 614//1106 622//1106
f 699//1107 660//1107 673//1107
f 700//1108 647//1108 612//1108
f 657//1109 566//1109 649//1109
f 677//1110 639//1110 701//1110
f 702//1111 652//1111 675//1111
f 697//1112 654//1112 694//1112
f 678//1113 597//1113 607//1113
f 703//1114 679//1114 665//1114
f 398//1115 366//1115 667//1115
f 704//1116 673//1116 676//1116
f 695//1117 683//1117 658//1117
f 682//1118 627//1118 674//1118
f 693//1119 560//1119 685//1119
f 694//1120 645//1120 679//1120
f 705//1121 650//1121 594//1121
f 705//1122 594//1122 668//1122
f 621//1123 614//1123 706//1123
f 667//1124 660//1124 699//1124
f 680//1125 628//1125 707//1125
f 695//1126 652//1126 702//1126
f 708//1127 649//1127 677//1127
f 696//1128 595//1128 641//1128
f 709//1129 633//1129 678//1129
f 709//1130 664//1130 633//1130
f 710//1131 711//1131 687//1131
f 710//1132 687//1132 670//1132
f 712//1133 611//1133 647//1133
f 700//1134 612//1134 671//1134
f 686//1135 635//1135 681//1135
f 699//1136 673//1136 704//1136
f 689//1137 598//1137 548//1137
f 692//1138 588//1138 624//1138
f 713//1139 653//1139 621//1139
f 714//1140 589//1140 596//1140
f 691//1141 626//1141 584//1141
f 706//1142 614//1142 698//1142
f 715//1143 637//1143 648//1143
f 716//1144 675//1144 697//1144
f 717//1145 606//1145 696//1145
f 718//1146 607//1146 643//1146
f 717//1147 661//1147 606//1147
f 719//1148 638//1148 600//1148
f 720//1149 676//1149 683//1149
f 721//1150 609//1150 620//1150
f 722//1151 647//1151 700//1151
f 723//1152 697//1152 694//1152
f 724//1153 666//1153 616//1153
f 688//1154 598//1154 725//1154
f 726//1155 683//1155 695//1155
f 716//1156 702//1156 675//1156
f 727//1157 617//1157 626//1157
f 708//1158 657//1158 649//1158
f 728//1159 398//1159 667//1159
f 728//1160 667//1160 699//1160
f 720//1161 704//1161 676//1161
f 729//1162 678//1162 607//1162
f 730//1163 655//1163 663//1163
f 731//1164 695//1164 702//1164
f 723//1165 716//1165 697//1165
f 732//1166 679//1166 703//1166
f 681//1167 586//1167 682//1167
f 732//1168 694//1168 679//1168
f 661//1169 293//1169 630//1169
f 661//1170 302//1170 293//1170
f 720//1171 683//1171 726//1171
f 713//1172 684//1172 653//1172
f 712//1173 670//1173 611//1173
f 733//1174 613//1174 666//1174
f 733//1175 671//1175 613//1175
f 734//1176 590//1176 582//1176
f 734//1177 582//1177 688//1177
f 728//1178 79//1178 398//1178
f 724//1179 616//1179 623//1179
f 725//1180 598//1180 689//1180
f 726//1181 695//1181 731//1181
f 735//1182 588//1182 692//1182
f 729//1183 607//1183 718//1183
f 736//1184 686//1184 681//1184
f 715//1185 672//1185 637//1185
f 737//1186 674//1186 684//1186
f 738//1187 699//1187 704//1187
f 739//1188 723//1188 694//1188
f 664//1189 115//1189 67//1189
f 712//1190 647//1190 722//1190
f 740//1191 662//1191 590//1191
f 741//1192 678//1192 729//1192
f 742//1193 700//1193 671//1193
f 718//1194 643//1194 686//1194
f 727//1195 625//1195 617//1195
f 738//1196 728//1196 699//1196
f 714//1197 596//1197 693//1197
f 743//1198 731//1198 702//1198
f 743//1199 702//1199 716//1199
f 685//1200 655//1200 730//1200
f 744//1201 621//1201 706//1201
f 745//1202 622//1202 657//1202
f 746//1203 650//1203 705//1203
f 745//1204 698//1204 622//1204
f 738//1205 704//1205 720//1205
f 719//1206 600//1206 680//1206
f 746//1207 593//1207 650//1207
f 668//1208 669//1208 747//1208
f 739//1209 694//1209 732//1209
f 748//1210 670//1210 712//1210
f 99//1211 728//1211 738//1211
f 99//1212 79//1212 728//1212
f 749//1213 681//1213 682//1213
f 721//1214 620//1214 662//1214
f 750//1215 716//1215 723//1215
f 735//1216 690//1216 588//1216
f 750//1217 723//1217 739//1217
f 751//1218 689//1218 625//1218
f 692//1219 589//1219 714//1219
f 752//1220 693//1220 685//1220
f 741//1221 709//1221 678//1221
f 753//1222 716//1222 750//1222
f 739//1223 732//1223 754//1223
f 661//1224 335//1224 302//1224
f 755//1225 696//1225 641//1225
f 756//1226 720//1226 726//1226
f 757//1227 651//1227 609//1227
f 744//1228 713//1228 621//1228
f 758//1229 657//1229 708//1229
f 677//1230 701//1230 759//1230
f 760//1231 726//1231 731//1231
f 753//1232 743//1232 716//1232
f 761//1233 724//1233 623//1233
f 762//1234 625//1234 727//1234
f 761//1235 623//1235 690//1235
f 763//1236 626//1236 691//1236
f 756//1237 738//1237 720//1237
f 764//1238 718//1238 686//1238
f 765//1239 731//1239 743//1239
f 766//1240 674//1240 737//1240
f 766//1241 682//1241 674//1241
f 746//1242 648//1242 593//1242
f 144//1243 99//1243 738//1243
f 760//1244 756//1244 726//1244
f 767//1245 750//1245 739//1245
f 144//1246 738//1246 756//1246
f 768//1247 708//1247 677//1247
f 760//1248 731//1248 765//1248
f 748//1249 710//1249 670//1249
f 740//1250 590//1250 734//1250
f 769//1251 688//1251 725//1251
f 742//1252 671//1252 733//1252
f 714//1253 693//1253 752//1253
f 767//1254 739//1254 754//1254
f 770//1255 657//1255 758//1255
f 503//1256 685//1256 730//1256
f 771//1257 144//1257 756//1257
f 668//1258 747//1258 772//1258
f 461//1259 663//1259 638//1259
f 755//1260 717//1260 696//1260
f 773//1261 736//1261 681//1261
f 765//1262 743//1262 753//1262
f 757//1263 641//1263 651//1263
f 774//1264 721//1264 662//1264
f 775//1265 711//1265 710//1265
f 766//1266 749//1266 682//1266
f 776//1267 684//1267 713//1267
f 774//1268 662//1268 740//1268
f 771//1269 202//1269 144//1269
f 776//1270 737//1270 684//1270
f 742//1271 722//1271 700//1271
f 777//1272 760//1272 765//1272
f 751//1273 625//1273 762//1273
f 758//1274 708//1274 768//1274
f 517//1275 724//1275 761//1275
f 763//1276 727//1276 626//1276
f 185//1277 115//1277 664//1277
f 185//1278 664//1278 709//1278
f 778//1279 753//1279 750//1279
f 778//1280 750//1280 767//1280
f 779//1281 672//1281 715//1281
f 780//1282 692//1282 714//1282
f 777//1283 756//1283 760//1283
f 764//1284 686//1284 736//1284
f 781//1285 765//1285 753//1285
f 782//1286 648//1286 746//1286
f 767//1287 754//1287 783//1287
f 717//1288 335//1288 661//1288
f 757//1289 609//1289 721//1289
f 306//1290 771//1290 756//1290
f 463//1291 638//1291 719//1291
f 306//1292 756//1292 777//1292
f 770//1293 745//1293 657//1293
f 734//1294 688//1294 769//1294
f 781//1295 753//1295 778//1295
f 784//1296 729//1296 718//1296
f 306//1297 202//1297 771//1297
f 785//1298 777//1298 765//1298
f 451//1299 735//1299 692//1299
f 786//1300 306//1300 777//1300
f 787//1301 698//1301 745//1301
f 778//1302 767//1302 783//1302
f 778//1303 783//1303 788//1303
f 787//1304 706//1304 698//1304
f 86//1305 87//1305 789//1305
f 790//1306 677//1306 759//1306
f 791//1307 781//1307 778//1307
f 790//1308 759//1308 792//1308
f 793//1309 717//1309 755//1309
f 794//1310 741//1310 729//1310
f 785//1311 765//1311 781//1311
f 457//1312 641//1312 757//1312
f 773//1313 681//1313 749//1313
f 786//1314 777//1314 785//1314
f 795//1315 740//1315 734//1315
f 776//1316 713//1316 796//1316
f 786//1317 343//1317 306//1317
f 797//1318 744//1318 706//1318
f 691//1319 672//1319 779//1319
f 798//1320 799//1320 800//1320
f 788//1321 791//1321 778//1321
f 801//1322 786//1322 785//1322
f 517//1323 666//1323 724//1323
f 802//1324 781//1324 791//1324
f 782//1325 715//1325 648//1325
f 185//1326 709//1326 741//1326
f 803//1327 690//1327 735//1327
f 804//1328 746//1328 705//1328
f 802//1329 785//1329 781//1329
f 805//1330 800//1330 806//1330
f 807//1331 737//1331 776//1331
f 807//1332 766//1332 737//1332
f 805//1333 806//1333 808//1333
f 796//1334 713//1334 744//1334
f 809//1335 785//1335 802//1335
f 801//1336 9//1336 343//1336
f 801//1337 343//1337 786//1337
f 461//1338 638//1338 463//1338
f 809//1339 801//1339 785//1339
f 790//1340 768//1340 677//1340
f 810//1341 725//1341 689//1341
f 802//1342 791//1342 788//1342
f 464//1343 719//1343 680//1343
f 802//1344 788//1344 811//1344
f 798//1345 812//1345 799//1345
f 813//1346 809//1346 802//1346
f 814//1347 775//1347 710//1347
f 815//1348 808//1348 816//1348
f 817//1349 818//1349 819//1349
f 784//1350 718//1350 764//1350
f 439//1351 801//1351 809//1351
f 798//1352 800//1352 805//1352
f 439//1353 9//1353 801//1353
f 820//1354 813//1354 802//1354
f 820//1355 802//1355 811//1355
f 717//1356 363//1356 335//1356
f 439//1357 809//1357 813//1357
f 457//1358 755//1358 641//1358
f 87//1359 439//1359 813//1359
f 821//1360 812//1360 798//1360
f 790//1361 792//1361 822//1361
f 87//1362 820//1362 789//1362
f 87//1363 813//1363 820//1363
f 794//1364 729//1364 784//1364
f 730//1365 663//1365 461//1365
f 823//1366 773//1366 749//1366
f 805//1367 808//1367 815//1367
f 810//1368 689//1368 751//1368
f 816//1369 824//1369 815//1369
f 823//1370 749//1370 825//1370
f 680//1371 707//1371 826//1371
f 827//1372 710//1372 748//1372
f 491//1373 819//1373 828//1373
f 797//1374 706//1374 787//1374
f 829//1375 712//1375 722//1375
f 830//1376 745//1376 770//1376
f 442//1377 666//1377 517//1377
f 186//1378 741//1378 794//1378
f 186//1379 185//1379 741//1379
f 803//1380 761//1380 690//1380
f 451//1381 692//1381 780//1381
f 831//1382 736//1382 773//1382
f 525//1383 714//1383 752//1383
f 825//1384 749//1384 766//1384
f 810//1385 769//1385 725//1385
f 832//1386 796//1386 744//1386
f 832//1387 744//1387 797//1387
f 815//1388 824//1388 817//1388
f 833//1389 727//1389 763//1389
f 834//1390 819//1390 491//1390
f 473//1391 680//1391 826//1391
f 824//1392 818//1392 817//1392
f 835//1393 784//1393 764//1393
f 836//1394 821//1394 798//1394
f 511//1395 722//1395 742//1395
f 479//1396 805//1396 815//1396
f 504//1397 776//1397 796//1397
f 816//1398 818//1398 824//1398
f 803//1399 735//1399 451//1399
f 830//1400 787//1400 745//1400
f 837//1401 740//1401 795//1401
f 491//1402 828//1402 838//1402
f 837//1403 774//1403 740//1403
f 839//1404 840//1404 821//1404
f 499//1405 734//1405 769//1405
f 466//1406 758//1406 768//1406
f 841//1407 798//1407 805//1407
f 831//1408 764//1408 736//1408
f 834//1409 817//1409 819//1409
f 464//1410 680//1410 472//1410
f 446//1411 782//1411 746//1411
f 446//1412 746//1412 804//1412
f 814//1413 710//1413 827//1413
f 535//1414 705//1414 668//1414
f 793//1415 363//1415 717//1415
f 572//1416 721//1416 774//1416
f 442//1417 733//1417 666//1417
f 831//1418 773//1418 823//1418
f 780//1419 714//1419 525//1419
f 504//1420 807//1420 776//1420
f 842//1421 840//1421 839//1421
f 502//1422 685//1422 503//1422
f 836//1423 798//1423 841//1423
f 475//1424 763//1424 691//1424
f 770//1425 758//1425 466//1425
f 475//1426 691//1426 779//1426
f 486//1427 715//1427 782//1427
f 233//1428 794//1428 784//1428
f 483//1429 817//1429 834//1429
f 464//1430 463//1430 719//1430
f 831//1431 835//1431 764//1431
f 514//1432 668//1432 772//1432
f 472//1433 680//1433 473//1433
f 491//1434 838//1434 843//1434
f 379//1435 793//1435 755//1435
f 260//1436 573//1436 775//1436
f 379//1437 755//1437 457//1437
f 260//1438 775//1438 814//1438
f 540//1439 844//1439 842//1439
f 540//1440 845//1440 844//1440
f 829//1441 722//1441 511//1441
f 839//1442 821//1442 836//1442
f 512//1443 733//1443 544//1443
f 512//1444 742//1444 733//1444
f 499//1445 795//1445 734//1445
f 448//1446 815//1446 817//1446
f 452//1447 451//1447 780//1447
f 843//1448 838//1448 846//1448
f 454//1449 807//1449 504//1449
f 445//1450 782//1450 446//1450
f 488//1451 787//1451 830//1451
f 804//1452 705//1452 535//1452
f 572//1453 757//1453 721//1453
f 233//1454 186//1454 794//1454
f 556//1455 748//1455 712//1455
f 556//1456 712//1456 829//1456
f 470//1457 831//1457 823//1457
f 511//1458 742//1458 512//1458
f 847//1459 825//1459 766//1459
f 544//1460 733//1460 442//1460
f 847//1461 766//1461 807//1461
f 528//1462 762//1462 727//1462
f 528//1463 727//1463 833//1463
f 479//1464 815//1464 448//1464
f 486//1465 779//1465 715//1465
f 502//1466 752//1466 685//1466
f 848//1467 233//1467 784//1467
f 535//1468 668//1468 514//1468
f 460//1469 730//1469 461//1469
f 793//1470 379//1470 363//1470
f 572//1471 774//1471 837//1471
f 832//1472 504//1472 796//1472
f 797//1473 787//1473 488//1473
f 523//1474 769//1474 810//1474
f 478//1475 805//1475 479//1475
f 478//1476 841//1476 805//1476
f 466//1477 768//1477 790//1477
f 448//1478 817//1478 483//1478
f 561//1479 834//1479 491//1479
f 486//1480 782//1480 445//1480
f 518//1481 761//1481 803//1481
f 579//1482 846//1482 849//1482
f 579//1483 843//1483 846//1483
f 542//1484 842//1484 839//1484
f 482//1485 832//1485 797//1485
f 514//1486 772//1486 850//1486
f 565//1487 836//1487 841//1487
f 494//1488 770//1488 466//1488
f 571//1489 757//1489 572//1489
f 790//1490 822//1490 851//1490
f 528//1491 751//1491 762//1491
f 847//1492 807//1492 454//1492
f 547//1493 833//1493 763//1493
f 547//1494 763//1494 475//1494
f 556//1495 827//1495 748//1495
f 443//1496 442//1496 517//1496
f 450//1497 803//1497 451//1497
f 848//1498 784//1498 835//1498
f 483//1499 834//1499 561//1499
f 506//1500 823//1500 825//1500
f 506//1501 825//1501 847//1501
f 525//1502 752//1502 502//1502
f 498//1503 837//1503 795//1503
f 498//1504 795//1504 499//1504
f 503//1505 730//1505 460//1505
f 523//1506 499//1506 769//1506
f 459//1507 461//1507 463//1507
f 576//1508 810//1508 751//1508
f 494//1509 830//1509 770//1509
f 542//1510 540//1510 842//1510
f 531//1511 464//1511 472//1511
f 473//1512 826//1512 852//1512
f 473//1513 852//1513 603//1513
f 577//1514 814//1514 827//1514
f 449//1515 448//1515 483//1515
f 557//1516 556//1516 829//1516
f 441//1517 544//1517 442//1517
f 517//1518 761//1518 518//1518
f 571//1519 457//1519 757//1519
f 489//1520 488//1520 830//1520
f 521//1521 572//1521 837//1521
f 543//1522 542//1522 839//1522
f 549//1523 780//1523 525//1523
f 848//1524 289//1524 233//1524
f 575//1525 523//1525 810//1525
f 469//1526 835//1526 831//1526
f 527//1527 751//1527 528//1527
f 506//1528 470//1528 823//1528
f 481//1529 832//1529 482//1529
f 481//1530 504//1530 832//1530
f 485//1531 475//1531 779//1531
f 487//1532 797//1532 488//1532
f 489//1533 830//1533 494//1533
f 508//1534 849//1534 853//1534
f 534//1535 804//1535 535//1535
f 555//1536 827//1536 556//1536
f 558//1537 829//1537 511//1537
f 514//1538 850//1538 515//1538
f 356//1539 848//1539 835//1539
f 356//1540 835//1540 522//1540
f 456//1541 379//1541 457//1541
f 469//1542 831//1542 470//1542
f 543//1543 839//1543 836//1543
f 455//1544 454//1544 504//1544
f 518//1545 803//1545 450//1545
f 575//1546 810//1546 576//1546
f 474//1547 547//1547 475//1547
f 467//1548 790//1548 851//1548
f 467//1549 466//1549 790//1549
f 522//1550 835//1550 469//1550
f 539//1551 854//1551 845//1551
f 485//1552 779//1552 486//1552
f 539//1553 845//1553 540//1553
f 453//1554 847//1554 454//1554
f 458//1555 457//1555 571//1555
f 487//1556 482//1556 797//1556
f 264//1557 814//1557 577//1557
f 264//1558 260//1558 814//1558
f 465//1559 494//1559 466//1559
f 848//1560 356//1560 289//1560
f 490//1561 561//1561 491//1561
f 579//1562 849//1562 508//1562
f 576//1563 751//1563 527//1563
f 528//1564 833//1564 547//1564
f 476//1565 475//1565 485//1565
f 549//1566 452//1566 780//1566
f 553//1567 565//1567 841//1567
f 553//1568 841//1568 478//1568
f 493//1569 489//1569 494//1569
f 534//1570 446//1570 804//1570
f 447//1571 479//1571 448//1571
f 484//1572 483//1572 561//1572
f 492//1573 843//1573 579//1573
f 492//1574 491//1574 843//1574
f 453//1575 506//1575 847//1575
f 521//1576 837//1576 498//1576
f 508//1577 853//1577 509//1577
f 495//1578 854//1578 539//1578
f 480//1579 482//1579 487//1579
f 577//1580 827//1580 555//1580
f 495//1581 497//1581 854//1581
f 557//1582 829//1582 558//1582
f 564//1583 836//1583 565//1583
f 467//1584 851//1584 537//1584
f 564//1585 543//1585 836//1585
f 850//1586 855//1586 856//1586
f 857//1587 858//1587 855//1587
f 859//1588 857//1588 855//1588
f 850//1589 772//1589 855//1589
f 860//1590 859//1590 861//1590
f 852//1591 862//1591 603//1591
f 860//1592 861//1592 863//1592
f 864//1593 865//1593 863//1593
f 628//1594 866//1594 707//1594
f 867//1595 868//1595 703//1595
f 665//1596 867//1596 703//1596
f 665//1597 869//1597 867//1597
f 870//1598 867//1598 869//1598
f 870//1599 869//1599 871//1599
f 669//1600 872//1600 747//1600
f 646//1601 871//1601 869//1601
f 646//1602 873//1602 871//1602
f 874//1603 604//1603 875//1603
f 873//1604 646//1604 605//1604
f 871//1605 873//1605 876//1605
f 873//1606 605//1606 876//1606
f 875//1607 877//1607 878//1607
f 879//1608 876//1608 880//1608
f 605//1609 880//1609 876//1609
f 881//1610 877//1610 875//1610
f 605//1611 536//1611 880//1611
f 604//1612 862//1612 875//1612
f 604//1613 603//1613 862//1613
f 881//1614 875//1614 862//1614
f 882//1615 879//1615 880//1615
f 881//1616 862//1616 852//1616
f 883//1617 881//1617 852//1617
f 882//1618 880//1618 884//1618
f 537//1619 880//1619 536//1619
f 537//1620 884//1620 880//1620
f 852//1621 885//1621 883//1621
f 886//1622 883//1622 885//1622
f 887//1623 884//1623 537//1623
f 86//1624 789//1624 888//1624
f 887//1625 537//1625 889//1625
f 889//1626 890//1626 887//1626
f 885//1627 852//1627 826//1627
f 537//1628 851//1628 889//1628
f 826//1629 886//1629 885//1629
f 826//1630 866//1630 886//1630
f 851//1631 822//1631 889//1631
f 890//1632 889//1632 822//1632
f 891//1633 811//1633 788//1633
f 866//1634 892//1634 886//1634
f 822//1635 893//1635 890//1635
f 894//1636 890//1636 893//1636
f 895//1637 892//1637 866//1637
f 707//1638 866//1638 826//1638
f 896//1639 897//1639 894//1639
f 896//1640 894//1640 893//1640
f 898//1641 895//1641 866//1641
f 899//1642 783//1642 754//1642
f 900//1643 901//1643 902//1643
f 900//1644 902//1644 701//1644
f 903//1645 899//1645 754//1645
f 904//1646 639//1646 905//1646
f 792//1647 893//1647 822//1647
f 906//1648 905//1648 856//1648
f 792//1649 896//1649 893//1649
f 903//1650 754//1650 732//1650
f 907//1651 903//1651 732//1651
f 855//1652 861//1652 859//1652
f 855//1653 772//1653 861//1653
f 792//1654 897//1654 896//1654
f 747//1655 861//1655 772//1655
f 908//1656 907//1656 732//1656
f 861//1657 747//1657 872//1657
f 861//1658 864//1658 863//1658
f 861//1659 872//1659 864//1659
f 792//1660 759//1660 897//1660
f 874//1661 872//1661 669//1661
f 908//1662 732//1662 703//1662
f 878//1663 909//1663 872//1663
f 897//1664 759//1664 910//1664
f 868//1665 908//1665 703//1665
f 874//1666 878//1666 872//1666
f 909//1667 878//1667 877//1667
f 669//1668 604//1668 874//1668
f 878//1669 874//1669 875//1669
f 911//1670 910//1670 759//1670
f 911//1671 912//1671 910//1671
f 869//1672 665//1672 646//1672
f 911//1673 759//1673 902//1673
f 909//1674 865//1674 864//1674
f 909//1675 864//1675 872//1675
f 902//1676 912//1676 911//1676
f 909//1677 877//1677 865//1677
f 901//1678 912//1678 902//1678
f 701//1679 902//1679 759//1679
f 900//1680 701//1680 639//1680
f 900//1681 904//1681 901//1681
f 904//1682 913//1682 901//1682
f 639//1683 904//1683 900//1683
f 914//1684 913//1684 904//1684
f 914//1685 904//1685 905//1685
f 914//1686 915//1686 913//1686
f 567//1687 905//1687 639//1687
f 906//1688 914//1688 905//1688
f 906//1689 915//1689 914//1689
f 906//1690 916//1690 915//1690
f 567//1691 515//1691 905//1691
f 856//1692 905//1692 515//1692
f 855//1693 858//1693 856//1693
f 906//1694 856//1694 858//1694
f 916//1695 906//1695 858//1695
f 515//1696 850//1696 856//1696
f 917//1697 918//1697 919//1697
f 920//1698 921//1698 922//1698
f 923//1699 921//1699 920//1699
f 924//1700 925//1700 926//1700
f 927//1701 928//1701 929//1701
f 930//1702 928//1702 927//1702
f 931//1703 932//1703 933//1703
f 934//1704 935//1704 936//1704
f 937//1705 938//1705 939//1705
f 940//1706 941//1706 942//1706
f 943//1707 944//1707 945//1707
f 946//1708 947//1708 948//1708
f 948//1709 947//1709 949//1709
f 950//1710 951//1710 940//1710
f 952//1711 953//1711 954//1711
f 954//1712 953//1712 955//1712
f 956//1713 957//1713 958//1713
f 959//1714 960//1714 961//1714
f 962//1715 960//1715 959//1715
f 963//1716 964//1716 965//1716
f 966//1717 967//1717 968//1717
f 968//1718 967//1718 969//1718
f 970//1719 971//1719 972//1719
f 973//1720 974//1720 975//1720
f 975//1721 974//1721 976//1721
f 977//1722 978//1722 979//1722
f 980//1723 981//1723 982//1723
f 983//1724 984//1724 985//1724
f 976//1725 977//1725 986//1725
f 987//1726 988//1726 973//1726
f 989//1727 936//1727 990//1727
f 991//1728 992//1728 993//1728
f 994//1729 995//1729 996//1729
f 997//1730 995//1730 994//1730
f 998//1731 969//1731 999//1731
f 1000//1732 1001//1732 957//1732
f 1002//1733 1003//1733 1004//1733
f 1005//1734 1006//1734 1007//1734
f 1008//1735 1009//1735 984//1735
f 941//1736 1009//1736 1008//1736
f 1010//1737 1011//1737 1012//1737
f 1013//1738 1014//1738 1015//1738
f 1016//1739 1017//1739 1018//1739
f 978//1740 935//1740 934//1740
f 931//1741 1019//1741 932//1741
f 1020//1742 1021//1742 1022//1742
f 990//1743 1023//1743 1024//1743
f 1025//1744 1026//1744 1027//1744
f 1028//1745 1026//1745 1025//1745
f 1029//1746 1030//1746 1031//1746
f 1032//1747 996//1747 1033//1747
f 1034//1748 1035//1748 1036//1748
f 1036//1749 1035//1749 1037//1749
f 940//1750 951//1750 941//1750
f 985//1751 1038//1751 1039//1751
f 1040//1752 1041//1752 1042//1752
f 1043//1753 988//1753 987//1753
f 1044//1754 1045//1754 1046//1754
f 963//1755 1047//1755 1048//1755
f 1049//1756 1050//1756 1051//1756
f 1052//1757 1050//1757 1049//1757
f 1053//1758 1054//1758 1055//1758
f 977//1759 1056//1759 978//1759
f 1057//1760 1031//1760 952//1760
f 944//1761 1058//1761 1059//1761
f 1059//1762 1058//1762 1060//1762
f 1061//1763 1062//1763 1063//1763
f 1015//1764 1062//1764 1061//1764
f 1064//1765 1065//1765 923//1765
f 976//1766 1066//1766 977//1766
f 923//1767 1065//1767 921//1767
f 1067//1768 1068//1768 966//1768
f 1012//1769 1069//1769 1070//1769
f 1071//1770 1019//1770 931//1770
f 1055//1771 1072//1771 1073//1771
f 1074//1772 1075//1772 1076//1772
f 955//1773 953//1773 1077//1773
f 932//1774 1078//1774 971//1774
f 1003//1775 1079//1775 1004//1775
f 917//1776 1080//1776 918//1776
f 1081//1777 1080//1777 917//1777
f 999//1778 1001//1778 1000//1778
f 1005//1779 1082//1779 1006//1779
f 1083//1780 1033//1780 1084//1780
f 1085//1781 1086//1781 1011//1781
f 1043//1782 1087//1782 988//1782
f 1041//1783 1021//1783 1020//1783
f 929//1784 1088//1784 1067//1784
f 964//1785 949//1785 965//1785
f 1089//1786 1090//1786 1091//1786
f 952//1787 1092//1787 953//1787
f 955//1788 1077//1788 1093//1788
f 950//1789 1094//1789 951//1789
f 1040//1790 1095//1790 1041//1790
f 1096//1791 1097//1791 1098//1791
f 1091//1792 1097//1792 1096//1792
f 1024//1793 1099//1793 1100//1793
f 1100//1794 1099//1794 950//1794
f 973//1795 988//1795 974//1795
f 1101//1796 1102//1796 1103//1796
f 1104//1797 1102//1797 1101//1797
f 922//1798 1105//1798 946//1798
f 946//1799 1105//1799 947//1799
f 1060//1800 1106//1800 1107//1800
f 1108//1801 1109//1801 1110//1801
f 1075//1802 1111//1802 1081//1802
f 971//1803 1112//1803 972//1803
f 1113//1804 1087//1804 1043//1804
f 1055//1805 1114//1805 1072//1805
f 993//1806 1115//1806 1116//1806
f 1053//1807 1117//1807 1054//1807
f 992//1808 1115//1808 993//1808
f 1045//1809 1117//1809 1053//1809
f 1041//1810 1118//1810 1021//1810
f 1119//1811 1120//1811 1002//1811
f 1121//1812 1095//1812 1040//1812
f 1084//1813 1122//1813 1123//1813
f 1123//1814 1122//1814 1124//1814
f 1079//1815 1125//1815 1126//1815
f 963//1816 965//1816 1047//1816
f 936//1817 1127//1817 990//1817
f 990//1818 1127//1818 1023//1818
f 1128//1819 925//1819 1129//1819
f 1009//1820 1130//1820 984//1820
f 1131//1821 1132//1821 1119//1821
f 1013//1822 1133//1822 1014//1822
f 1063//1823 1134//1823 1108//1823
f 928//1824 1088//1824 929//1824
f 1108//1825 1134//1825 1109//1825
f 943//1826 1124//1826 944//1826
f 1007//1827 1006//1827 1135//1827
f 1093//1828 1136//1828 924//1828
f 977//1829 1066//1829 1056//1829
f 1137//1830 1087//1830 1113//1830
f 1138//1831 1139//1831 1044//1831
f 1044//1832 1139//1832 1045//1832
f 932//1833 1140//1833 1078//1833
f 974//1834 1141//1834 976//1834
f 976//1835 1141//1835 1066//1835
f 988//1836 1142//1836 974//1836
f 966//1837 1068//1837 967//1837
f 1107//1838 1143//1838 1144//1838
f 1016//1839 1145//1839 1017//1839
f 1037//1840 1145//1840 1016//1840
f 947//1841 1146//1841 949//1841
f 957//1842 1147//1842 958//1842
f 984//1843 1148//1843 985//1843
f 1064//1844 1149//1844 1065//1844
f 972//1845 1149//1845 1064//1845
f 1150//1846 1151//1846 997//1846
f 1039//1847 1152//1847 1153//1847
f 1119//1848 1132//1848 1120//1848
f 997//1849 1151//1849 995//1849
f 930//1850 1154//1850 928//1850
f 1155//1851 1154//1851 930//1851
f 962//1852 1156//1852 960//1852
f 1110//1853 1156//1853 962//1853
f 951//1854 1157//1854 941//1854
f 941//1855 1157//1855 1009//1855
f 1158//1856 1159//1856 1160//1856
f 1022//1857 1161//1857 1162//1857
f 1024//1858 1163//1858 1099//1858
f 1023//1859 1163//1859 1024//1859
f 1162//1860 1161//1860 1071//1860
f 1131//1861 982//1861 1132//1861
f 961//1862 1164//1862 937//1862
f 960//1863 1164//1863 961//1863
f 1165//1864 1166//1864 1133//1864
f 1051//1865 1166//1865 1165//1865
f 1167//1866 1168//1866 1082//1866
f 938//1867 1169//1867 1170//1867
f 1034//1868 1171//1868 1035//1868
f 1172//1869 1171//1869 1034//1869
f 1028//1870 1173//1870 1026//1870
f 971//1871 1078//1871 1112//1871
f 1074//1872 1174//1872 1075//1872
f 958//1873 1174//1873 1074//1873
f 921//1874 1175//1874 922//1874
f 922//1875 1175//1875 1105//1875
f 919//1876 918//1876 1030//1876
f 1099//1877 1094//1877 950//1877
f 1033//1878 1176//1878 1084//1878
f 1031//1879 1092//1879 952//1879
f 1011//1880 1177//1880 1012//1880
f 1012//1881 1177//1881 1069//1881
f 1095//1882 1178//1882 1041//1882
f 1041//1883 1178//1883 1118//1883
f 1170//1884 1179//1884 1180//1884
f 978//1885 1181//1885 935//1885
f 1180//1886 1179//1886 1158//1886
f 1039//1887 1038//1887 1152//1887
f 1079//1888 1003//1888 1125//1888
f 1019//1889 1140//1889 932//1889
f 996//1890 1182//1890 1033//1890
f 985//1891 1148//1891 1038//1891
f 1160//1892 1183//1892 1184//1892
f 935//1893 1185//1893 936//1893
f 936//1894 1185//1894 1127//1894
f 1186//1895 1095//1895 1121//1895
f 1066//1896 1187//1896 1056//1896
f 1015//1897 1014//1897 1062//1897
f 951//1898 1188//1898 1157//1898
f 1055//1899 1054//1899 1114//1899
f 1011//1900 1086//1900 1189//1900
f 1030//1901 1190//1901 1031//1901
f 969//1902 1191//1902 999//1902
f 999//1903 1191//1903 1001//1903
f 1118//1904 1192//1904 1021//1904
f 972//1905 1112//1905 1149//1905
f 1144//1906 1050//1906 1052//1906
f 1072//1907 1173//1907 1028//1907
f 1089//1908 1193//1908 1090//1908
f 1018//1909 1193//1909 1089//1909
f 1153//1910 1152//1910 992//1910
f 992//1911 1152//1911 1115//1911
f 1019//1912 1194//1912 1140//1912
f 949//1913 1195//1913 965//1913
f 1067//1914 1088//1914 1068//1914
f 1056//1915 1181//1915 978//1915
f 974//1916 1196//1916 1141//1916
f 1142//1917 1196//1917 974//1917
f 1081//1918 1111//1918 1080//1918
f 988//1919 1197//1919 1142//1919
f 1087//1920 1197//1920 988//1920
f 1091//1921 1090//1921 1097//1921
f 1070//1922 1171//1922 1172//1922
f 1104//1923 916//1923 1102//1923
f 1021//1924 1198//1924 1022//1924
f 1022//1925 1198//1925 1161//1925
f 1167//1926 1199//1926 1168//1926
f 1001//1927 1147//1927 957//1927
f 937//1928 1200//1928 938//1928
f 1098//1929 1201//1929 1155//1929
f 1155//1930 1201//1930 1154//1930
f 1127//1931 1163//1931 1023//1931
f 1169//1932 1179//1932 1170//1932
f 1009//1933 1157//1933 1130//1933
f 1033//1934 1182//1934 1176//1934
f 1045//1935 1202//1935 1117//1935
f 1139//1936 1202//1936 1045//1936
f 1094//1937 1188//1937 951//1937
f 984//1938 887//1938 1148//1938
f 1189//1939 1177//1939 1011//1939
f 1084//1940 1176//1940 1122//1940
f 1110//1941 1109//1941 1156//1941
f 1116//1942 913//1942 1104//1942
f 1103//1943 859//1943 1203//1943
f 1065//1944 1175//1944 921//1944
f 1068//1945 1204//1945 967//1945
f 1080//1946 1205//1946 918//1946
f 1017//1947 1193//1947 1018//1947
f 1035//1948 1206//1948 1037//1948
f 1037//1949 1206//1949 1145//1949
f 1107//1950 1106//1950 1143//1950
f 1181//1951 1207//1951 935//1951
f 935//1952 1207//1952 1185//1952
f 1066//1953 1208//1953 1187//1953
f 1141//1954 1208//1954 1066//1954
f 1071//1955 1194//1955 1019//1955
f 1087//1956 1209//1956 1197//1956
f 1137//1957 1209//1957 1087//1957
f 1163//1958 1210//1958 1099//1958
f 1130//1959 887//1959 984//1959
f 1051//1960 1211//1960 1166//1960
f 1050//1961 1211//1961 1051//1961
f 1060//1962 1212//1962 1106//1962
f 1058//1963 1212//1963 1060//1963
f 1094//1964 1213//1964 1188//1964
f 1124//1965 1214//1965 944//1965
f 949//1966 1146//1966 1195//1966
f 944//1967 1214//1967 1058//1967
f 1111//1968 1215//1968 1080//1968
f 1082//1969 1216//1969 1006//1969
f 928//1970 1154//1970 1088//1970
f 1056//1971 1187//1971 1181//1971
f 1150//1972 1217//1972 1151//1972
f 1027//1973 1217//1973 1150//1973
f 1120//1974 1003//1974 1002//1974
f 1133//1975 1218//1975 1014//1975
f 1200//1976 1169//1976 938//1976
f 1102//1977 859//1977 1103//1977
f 1147//1978 1219//1978 958//1978
f 958//1979 1219//1979 1174//1979
f 1072//1980 1220//1980 1173//1980
f 1114//1981 1220//1981 1072//1981
f 1088//1982 1221//1982 1068//1982
f 1142//1983 1197//1983 1196//1983
f 1099//1984 1222//1984 1094//1984
f 1158//1985 1223//1985 1159//1985
f 1185//1986 1224//1986 1127//1986
f 1127//1987 1224//1987 1163//1987
f 918//1988 1205//1988 1030//1988
f 887//1989 890//1989 1148//1989
f 1117//1990 1225//1990 1054//1990
f 1065//1991 1226//1991 1175//1991
f 969//1992 1227//1992 1191//1992
f 967//1993 1227//1993 969//1993
f 937//1994 1164//1994 1200//1994
f 1021//1995 1192//1995 1198//1995
f 1115//1996 913//1996 1116//1996
f 1144//1997 1143//1997 1050//1997
f 1112//1998 1228//1998 1149//1998
f 1075//1999 1174//1999 1111//1999
f 1104//2000 915//2000 916//2000
f 913//2001 915//2001 1104//2001
f 1001//2002 1229//2002 1147//2002
f 1130//2003 882//2003 887//2003
f 1071//2004 1230//2004 1194//2004
f 1161//2005 1230//2005 1071//2005
f 995//2006 1231//2006 996//2006
f 996//2007 1231//2007 1182//2007
f 1129//2008 925//2008 1232//2008
f 1031//2009 1190//2009 1092//2009
f 1070//2010 1233//2010 1171//2010
f 1069//2011 1233//2011 1070//2011
f 1160//2012 1159//2012 1183//2012
f 1186//2013 1234//2013 1095//2013
f 1210//2014 1222//2014 1099//2014
f 1030//2015 1235//2015 1190//2015
f 1178//2016 1236//2016 1118//2016
f 1118//2017 1236//2017 1192//2017
f 1038//2018 894//2018 1152//2018
f 1090//2019 1237//2019 1097//2019
f 1094//2020 1222//2020 1213//2020
f 1163//2021 1238//2021 1210//2021
f 1175//2022 1239//2022 1105//2022
f 1193//2023 1240//2023 1090//2023
f 1196//2024 1241//2024 1141//2024
f 1141//2025 1241//2025 1208//2025
f 1097//2026 1242//2026 1098//2026
f 1098//2027 1242//2027 1201//2027
f 1115//2028 901//2028 913//2028
f 912//2029 1152//2029 910//2029
f 1115//2030 1152//2030 912//2030
f 910//2031 1152//2031 897//2031
f 1221//2032 1243//2032 1068//2032
f 1014//2033 1244//2033 1062//2033
f 1068//2034 1243//2034 1204//2034
f 981//2035 865//2035 982//2035
f 1130//2036 879//2036 882//2036
f 1157//2037 879//2037 1130//2037
f 1148//2038 894//2038 1038//2038
f 890//2039 894//2039 1148//2039
f 1149//2040 1226//2040 1065//2040
f 924//2041 1136//2041 925//2041
f 1202//2042 1225//2042 1117//2042
f 1078//2043 1245//2043 1112//2043
f 1054//2044 1246//2044 1114//2044
f 1140//2045 1245//2045 1078//2045
f 1027//2046 1247//2046 1217//2046
f 1026//2047 1247//2047 1027//2047
f 1191//2048 1229//2048 1001//2048
f 894//2049 897//2049 1152//2049
f 1197//2050 1248//2050 1196//2050
f 1102//2051 916//2051 858//2051
f 1203//2052 860//2052 981//2052
f 859//2053 860//2053 1203//2053
f 1062//2054 1249//2054 1063//2054
f 1063//2055 1249//2055 1134//2055
f 982//2056 877//2056 1132//2056
f 1017//2057 1250//2057 1193//2057
f 1182//2058 1251//2058 1176//2058
f 1181//2059 1252//2059 1207//2059
f 1187//2060 1252//2060 1181//2060
f 1115//2061 912//2061 901//2061
f 1207//2062 1253//2062 1185//2062
f 1185//2063 1253//2063 1224//2063
f 1147//2064 1254//2064 1219//2064
f 884//2065 887//2065 882//2065
f 1058//2066 1255//2066 1212//2066
f 1224//2067 1238//2067 1163//2067
f 1102//2068 857//2068 859//2068
f 858//2069 857//2069 1102//2069
f 1082//2070 1168//2070 1216//2070
f 1171//2071 1256//2071 1035//2071
f 1175//2072 1257//2072 1239//2072
f 1035//2073 1256//2073 1206//2073
f 865//2074 877//2074 982//2074
f 1149//2075 1258//2075 1226//2075
f 876//2076 879//2076 1157//2076
f 981//2077 863//2077 865//2077
f 860//2078 863//2078 981//2078
f 1188//2079 876//2079 1157//2079
f 871//2080 876//2080 1213//2080
f 1213//2081 876//2081 1188//2081
f 1259//2082 1197//2082 1209//2082
f 1120//2083 883//2083 1003//2083
f 1095//2084 1234//2084 1178//2084
f 1132//2085 877//2085 1120//2085
f 1161//2086 1260//2086 1230//2086
f 1197//2087 1261//2087 1248//2087
f 1198//2088 1260//2088 1161//2088
f 1222//2089 870//2089 1213//2089
f 1080//2090 1262//2090 1205//2090
f 1178//2091 1263//2091 1236//2091
f 1215//2092 1262//2092 1080//2092
f 1003//2093 892//2093 1125//2093
f 1196//2094 1248//2094 1241//2094
f 870//2095 871//2095 1213//2095
f 1218//2096 1244//2096 1014//2096
f 883//2097 892//2097 1003//2097
f 1184//2098 1264//2098 1265//2098
f 1183//2099 1264//2099 1184//2099
f 965//2100 1195//2100 1266//2100
f 1252//2101 1267//2101 1207//2101
f 1154//2102 1268//2102 1088//2102
f 1187//2103 1269//2103 1252//2103
f 1208//2104 1269//2104 1187//2104
f 1145//2105 1250//2105 1017//2105
f 867//2106 870//2106 1222//2106
f 1149//2107 1228//2107 1258//2107
f 1048//2108 961//2108 1199//2108
f 1197//2109 1259//2109 1261//2109
f 1176//2110 1270//2110 1122//2110
f 1174//2111 1271//2111 1111//2111
f 1109//2112 1272//2112 1273//2112
f 1134//2113 1272//2113 1109//2113
f 1274//2114 953//2114 1092//2114
f 965//2115 1266//2115 1047//2115
f 881//2116 883//2116 877//2116
f 877//2117 883//2117 1120//2117
f 883//2118 886//2118 892//2118
f 1077//2119 1275//2119 1093//2119
f 1210//2120 867//2120 1222//2120
f 1210//2121 868//2121 867//2121
f 1238//2122 868//2122 1210//2122
f 1226//2123 1257//2123 1175//2123
f 1122//2124 1276//2124 1124//2124
f 1171//2125 1277//2125 1256//2125
f 1124//2126 1276//2126 1214//2126
f 1125//2127 895//2127 898//2127
f 1204//2128 1278//2128 967//2128
f 967//2129 1278//2129 1227//2129
f 1050//2130 1279//2130 1211//2130
f 1194//2131 1280//2131 1140//2131
f 1140//2132 1280//2132 1245//2132
f 1106//2133 1281//2133 1143//2133
f 1259//2134 1282//2134 1261//2134
f 947//2135 1283//2135 1146//2135
f 1105//2136 1283//2136 947//2136
f 1193//2137 1284//2137 1240//2137
f 892//2138 895//2138 1125//2138
f 908//2139 1224//2139 907//2139
f 1189//2140 1285//2140 1177//2140
f 1238//2141 1224//2141 908//2141
f 1248//2142 1286//2142 1241//2142
f 1177//2143 1287//2143 1069//2143
f 1069//2144 1287//2144 1233//2144
f 1114//2145 1246//2145 1220//2145
f 908//2146 868//2146 1238//2146
f 1218//2147 1288//2147 1244//2147
f 1269//2148 1289//2148 1252//2148
f 1252//2149 1289//2149 1267//2149
f 1207//2150 1267//2150 1253//2150
f 1093//2151 1275//2151 1136//2151
f 1241//2152 1290//2152 1208//2152
f 1208//2153 1290//2153 1269//2153
f 1229//2154 1254//2154 1147//2154
f 1190//2155 1274//2155 1092//2155
f 1291//2156 1292//2156 1293//2156
f 1293//2157 1292//2157 1294//2157
f 1151//2158 1231//2158 995//2158
f 1253//2159 907//2159 1224//2159
f 907//2160 1253//2160 903//2160
f 1090//2161 1240//2161 1237//2161
f 1030//2162 1205//2162 1235//2162
f 1192//2163 1295//2163 1198//2163
f 1225//2164 1246//2164 1054//2164
f 1261//2165 1286//2165 1248//2165
f 1109//2166 1273//2166 1156//2166
f 1143//2167 1296//2167 1050//2167
f 1006//2168 1216//2168 1297//2168
f 1267//2169 903//2169 1253//2169
f 1191//2170 1298//2170 1229//2170
f 1269//2171 1290//2171 1289//2171
f 1097//2172 1237//2172 1242//2172
f 1291//2173 1299//2173 1292//2173
f 1241//2174 1300//2174 1290//2174
f 1286//2175 1300//2175 1241//2175
f 1282//2176 1301//2176 1261//2176
f 1261//2177 1301//2177 1286//2177
f 1267//2178 899//2178 903//2178
f 1206//2179 1250//2179 1145//2179
f 1302//2180 1303//2180 1291//2180
f 1048//2181 1047//2181 961//2181
f 1242//2182 1304//2182 1201//2182
f 1289//2183 899//2183 1267//2183
f 783//2184 1289//2184 788//2184
f 1111//2185 1271//2185 1215//2185
f 1282//2186 1305//2186 1301//2186
f 1289//2187 783//2187 899//2187
f 1006//2188 1297//2188 1135//2188
f 1290//2189 788//2189 1289//2189
f 1026//2190 1306//2190 1247//2190
f 1173//2191 1306//2191 1026//2191
f 1300//2192 811//2192 1290//2192
f 1198//2193 1295//2193 1260//2193
f 1301//2194 1307//2194 1286//2194
f 1286//2195 1307//2195 1300//2195
f 1302//2196 1308//2196 1303//2196
f 1201//2197 1268//2197 1154//2197
f 811//2198 891//2198 1290//2198
f 1291//2199 1309//2199 1299//2199
f 1088//2200 1268//2200 1221//2200
f 1290//2201 891//2201 788//2201
f 1305//2202 1307//2202 1301//2202
f 1158//2203 1179//2203 1223//2203
f 1250//2204 1284//2204 1193//2204
f 1302//2205 1310//2205 1308//2205
f 1300//2206 1307//2206 811//2206
f 1307//2207 820//2207 811//2207
f 1215//2208 1311//2208 1262//2208
f 820//2209 1307//2209 789//2209
f 1227//2210 1298//2210 1191//2210
f 1305//2211 789//2211 1307//2211
f 888//2212 789//2212 1305//2212
f 1186//2213 1312//2213 1234//2213
f 1313//2214 1312//2214 1186//2214
f 1292//2215 1314//2215 1294//2215
f 1234//2216 1263//2216 1178//2216
f 1182//2217 1231//2217 1251//2217
f 1254//2218 1315//2218 1219//2218
f 1166//2219 1316//2219 1133//2219
f 1133//2220 1316//2220 1218//2220
f 1291//2221 1303//2221 1309//2221
f 1199//2222 939//2222 1168//2222
f 1310//2223 1317//2223 1308//2223
f 1263//2224 1318//2224 1236//2224
f 1214//2225 1319//2225 1058//2225
f 1058//2226 1319//2226 1255//2226
f 1062//2227 1244//2227 1249//2227
f 1292//2228 1299//2228 1314//2228
f 1265//2229 1320//2229 1321//2229
f 1151//2230 1322//2230 1231//2230
f 1204//2231 1323//2231 1278//2231
f 1206//2232 1324//2232 1250//2232
f 1146//2233 1325//2233 1195//2233
f 1310//2234 1326//2234 1317//2234
f 1294//2235 1314//2235 1327//2235
f 1176//2236 1251//2236 1270//2236
f 1105//2237 1239//2237 1283//2237
f 1164//2238 1328//2238 1200//2238
f 1050//2239 1296//2239 1279//2239
f 1299//2240 1329//2240 1314//2240
f 1174//2241 1219//2241 1271//2241
f 1233//2242 1330//2242 1171//2242
f 1171//2243 1330//2243 1277//2243
f 1331//2244 1246//2244 1225//2244
f 1303//2245 1332//2245 1309//2245
f 1229//2246 1333//2246 1254//2246
f 1309//2247 1329//2247 1299//2247
f 1250//2248 1334//2248 1284//2248
f 1230//2249 1335//2249 1194//2249
f 1194//2250 1335//2250 1280//2250
f 960//2251 1336//2251 1164//2251
f 1234//2252 1337//2252 1263//2252
f 1309//2253 1338//2253 1329//2253
f 1308//2254 1332//2254 1303//2254
f 1192//2255 1236//2255 1295//2255
f 1177//2256 1339//2256 1287//2256
f 1285//2257 1339//2257 1177//2257
f 1314//2258 1329//2258 1327//2258
f 1231//2259 1340//2259 1251//2259
f 1317//2260 1341//2260 1308//2260
f 1308//2261 1341//2261 1332//2261
f 1309//2262 1332//2262 1338//2262
f 1227//2263 1342//2263 1298//2263
f 1190//2264 1343//2264 1274//2264
f 1122//2265 1270//2265 1276//2265
f 1112//2266 1344//2266 1228//2266
f 1235//2267 1345//2267 1190//2267
f 1245//2268 1344//2268 1112//2268
f 1326//2269 1346//2269 1317//2269
f 1317//2270 1346//2270 1341//2270
f 1265//2271 1264//2271 1320//2271
f 1243//2272 1323//2272 1204//2272
f 1143//2273 1281//2273 1296//2273
f 1240//2274 1347//2274 1237//2274
f 1217//2275 1322//2275 1151//2275
f 1254//2276 1348//2276 1315//2276
f 1349//2277 1350//2277 1351//2277
f 1215//2278 1352//2278 1311//2278
f 1271//2279 1352//2279 1215//2279
f 1353//2280 1346//2280 1326//2280
f 1332//2281 1354//2281 1338//2281
f 1135//2282 1297//2282 1355//2282
f 1219//2283 1356//2283 1271//2283
f 1246//2284 1357//2284 1220//2284
f 1268//2285 1358//2285 1221//2285
f 1221//2286 1358//2286 1243//2286
f 1201//2287 1304//2287 1268//2287
f 1338//2288 1359//2288 1329//2288
f 1353//2289 1360//2289 1346//2289
f 1351//2290 1360//2290 1353//2290
f 1258//2291 1361//2291 1226//2291
f 1298//2292 1333//2292 1229//2292
f 1295//2293 1362//2293 1260//2293
f 1363//2294 1312//2294 1313//2294
f 1146//2295 1283//2295 1325//2295
f 1226//2296 1364//2296 1257//2296
f 1166//2297 1365//2297 1316//2297
f 1211//2298 1365//2298 1166//2298
f 1312//2299 1337//2299 1234//2299
f 1212//2300 1366//2300 1106//2300
f 1106//2301 1366//2301 1281//2301
f 1329//2302 1359//2302 1327//2302
f 1173//2303 1367//2303 1306//2303
f 1220//2304 1367//2304 1173//2304
f 1341//2305 1368//2305 1332//2305
f 1350//2306 1369//2306 1351//2306
f 1243//2307 1370//2307 1323//2307
f 1351//2308 1369//2308 1360//2308
f 1257//2309 1371//2309 1239//2309
f 1236//2310 1372//2310 1295//2310
f 1136//2311 1373//2311 925//2311
f 1278//2312 1342//2312 1227//2312
f 1318//2313 1374//2313 1236//2313
f 1345//2314 1343//2314 1190//2314
f 1228//2315 1361//2315 1258//2315
f 1251//2316 1375//2316 1270//2316
f 1332//2317 1368//2317 1354//2317
f 1223//2318 1376//2318 1159//2318
f 1159//2319 1376//2319 1183//2319
f 1239//2320 1377//2320 1283//2320
f 1260//2321 1378//2321 1230//2321
f 1230//2322 1378//2322 1335//2322
f 1346//2323 1379//2323 1341//2323
f 1341//2324 1379//2324 1368//2324
f 1256//2325 1380//2325 1206//2325
f 1206//2326 1380//2326 1324//2326
f 1277//2327 1380//2327 1256//2327
f 1200//2328 1381//2328 1169//2328
f 1350//2329 1382//2329 1369//2329
f 1383//2330 1382//2330 1350//2330
f 1338//2331 1384//2331 1359//2331
f 1354//2332 1384//2332 1338//2332
f 1233//2333 1385//2333 1330//2333
f 1287//2334 1385//2334 1233//2334
f 1169//2335 1386//2335 1179//2335
f 1327//2336 1359//2336 1387//2336
f 1218//2337 1316//2337 1288//2337
f 1271//2338 1388//2338 1352//2338
f 1250//2339 1324//2339 1334//2339
f 1237//2340 1347//2340 1242//2340
f 1156//2341 1336//2341 960//2341
f 1383//2342 1389//2342 1382//2342
f 1217//2343 1390//2343 1322//2343
f 1247//2344 1390//2344 1217//2344
f 1214//2345 1276//2345 1319//2345
f 1249//2346 1391//2346 1134//2346
f 1134//2347 1391//2347 1272//2347
f 1360//2348 1392//2348 1346//2348
f 1346//2349 1392//2349 1379//2349
f 1195//2350 1393//2350 1266//2350
f 1280//2351 1394//2351 1245//2351
f 1245//2352 1394//2352 1344//2352
f 1205//2353 1262//2353 1235//2353
f 1315//2354 1395//2354 1219//2354
f 1219//2355 1395//2355 1356//2355
f 1312//2356 1396//2356 1337//2356
f 1368//2357 1397//2357 1354//2357
f 1373//2358 1232//2358 925//2358
f 1337//2359 1398//2359 1263//2359
f 1254//2360 1333//2360 1348//2360
f 1304//2361 1399//2361 1268//2361
f 1240//2362 1400//2362 1347//2362
f 1284//2363 1400//2363 1240//2363
f 1369//2364 1401//2364 1360//2364
f 1360//2365 1401//2365 1392//2365
f 1359//2366 1402//2366 1387//2366
f 1272//2367 1403//2367 1273//2367
f 1404//2368 1405//2368 1363//2368
f 1379//2369 1406//2369 1368//2369
f 1368//2370 1406//2370 1397//2370
f 1359//2371 1384//2371 1402//2371
f 1322//2372 1407//2372 1231//2372
f 1354//2373 1408//2373 1384//2373
f 1231//2374 1407//2374 1340//2374
f 1397//2375 1408//2375 1354//2375
f 1251//2376 1409//2376 1375//2376
f 1246//2377 1410//2377 1357//2377
f 1331//2378 1410//2378 1246//2378
f 1236//2379 1374//2379 1372//2379
f 1235//2380 1411//2380 1345//2380
f 1363//2381 1405//2381 1312//2381
f 1156//2382 1412//2382 1336//2382
f 1281//2383 1413//2383 1296//2383
f 1356//2384 1388//2384 1271//2384
f 1382//2385 1401//2385 1369//2385
f 1255//2386 1366//2386 1212//2386
f 1296//2387 1414//2387 1279//2387
f 1323//2388 1342//2388 1278//2388
f 1415//2389 1416//2389 1389//2389
f 1389//2390 1416//2390 1382//2390
f 1344//2391 1417//2391 1228//2391
f 1228//2392 1417//2392 1361//2392
f 1379//2393 1392//2393 1406//2393
f 1242//2394 1418//2394 1304//2394
f 1199//2395 961//2395 939//2395
f 1382//2396 1419//2396 1401//2396
f 1266//2397 1420//2397 1047//2397
f 953//2398 1421//2398 1077//2398
f 1422//2399 1416//2399 1415//2399
f 1362//2400 1423//2400 1260//2400
f 1260//2401 1423//2401 1378//2401
f 1263//2402 1398//2402 1318//2402
f 1288//2403 1424//2403 1244//2403
f 1257//2404 1364//2404 1371//2404
f 1384//2405 1425//2405 1402//2405
f 1406//2406 1426//2406 1397//2406
f 1330//2407 1427//2407 1277//2407
f 1277//2408 1427//2408 1380//2408
f 1200//2409 1428//2409 1381//2409
f 1328//2410 1428//2410 1200//2410
f 1401//2411 1429//2411 1392//2411
f 1416//2412 1430//2412 1382//2412
f 1382//2413 1430//2413 1419//2413
f 1361//2414 1364//2414 1226//2414
f 1195//2415 1431//2415 1393//2415
f 1164//2416 1336//2416 1328//2416
f 1357//2417 1432//2417 1220//2417
f 1220//2418 1432//2418 1367//2418
f 1392//2419 1433//2419 1406//2419
f 1295//2420 1372//2420 1362//2420
f 1384//2421 1408//2421 1425//2421
f 1342//2422 1434//2422 1298//2422
f 1340//2423 1409//2423 1251//2423
f 1380//2424 1435//2424 1324//2424
f 1339//2425 1436//2425 1287//2425
f 1287//2426 1436//2426 1385//2426
f 1311//2427 1437//2427 1262//2427
f 1324//2428 1438//2428 1334//2428
f 1297//2429 1170//2429 1355//2429
f 1401//2430 1439//2430 1429//2430
f 1298//2431 1440//2431 1333//2431
f 1441//2432 1442//2432 1422//2432
f 1243//2433 1443//2433 1370//2433
f 1358//2434 1443//2434 1243//2434
f 1397//2435 1444//2435 1408//2435
f 1211//2436 1445//2436 1365//2436
f 1279//2437 1445//2437 1211//2437
f 1179//2438 1376//2438 1223//2438
f 1347//2439 1418//2439 1242//2439
f 1392//2440 1429//2440 1433//2440
f 1268//2441 1446//2441 1358//2441
f 1399//2442 1446//2442 1268//2442
f 1416//2443 1447//2443 1430//2443
f 1422//2444 1447//2444 1416//2444
f 1247//2445 1448//2445 1390//2445
f 1306//2446 1448//2446 1247//2446
f 1401//2447 1449//2447 1439//2447
f 1284//2448 1450//2448 1400//2448
f 1419//2449 1449//2449 1401//2449
f 1334//2450 1450//2450 1284//2450
f 1442//2451 1451//2451 1422//2451
f 1264//2452 1452//2452 1320//2452
f 1136//2453 1275//2453 1373//2453
f 1361//2454 1453//2454 1364//2454
f 1325//2455 1431//2455 1195//2455
f 1274//2456 1421//2456 953//2456
f 1262//2457 1411//2457 1235//2457
f 1397//2458 1426//2458 1444//2458
f 1304//2459 1418//2459 1399//2459
f 1270//2460 1454//2460 1276//2460
f 1280//2461 1455//2461 1394//2461
f 1335//2462 1455//2462 1280//2462
f 1244//2463 1456//2463 1249//2463
f 1249//2464 1456//2464 1391//2464
f 1376//2465 1457//2465 1183//2465
f 1337//2466 1396//2466 1398//2466
f 1316//2467 1458//2467 1288//2467
f 1402//2468 1459//2468 1387//2468
f 1387//2469 1459//2469 1460//2469
f 1400//2470 1461//2470 1347//2470
f 1239//2471 1371//2471 1377//2471
f 1422//2472 1451//2472 1447//2472
f 1318//2473 1462//2473 1374//2473
f 1404//2474 1463//2474 1405//2474
f 1408//2475 1444//2475 1425//2475
f 1464//2476 1451//2476 1442//2476
f 1391//2477 1403//2477 1272//2477
f 1428//2478 1465//2478 1381//2478
f 1421//2479 1466//2479 1077//2479
f 1419//2480 1467//2480 1449//2480
f 1430//2481 1467//2481 1419//2481
f 1323//2482 1468//2482 1342//2482
f 1370//2483 1468//2483 1323//2483
f 1425//2484 1459//2484 1402//2484
f 1344//2485 1469//2485 1417//2485
f 1394//2486 1469//2486 1344//2486
f 1410//2487 1432//2487 1357//2487
f 1380//2488 1470//2488 1435//2488
f 1169//2489 1381//2489 1386//2489
f 1273//2490 1471//2490 1156//2490
f 1156//2491 1471//2491 1412//2491
f 1168//2492 939//2492 1216//2492
f 1276//2493 1472//2493 1319//2493
f 1433//2494 1473//2494 1406//2494
f 1406//2495 1473//2495 1426//2495
f 1405//2496 1474//2496 1312//2496
f 1312//2497 1474//2497 1396//2497
f 1347//2498 1461//2498 1418//2498
f 1407//2499 1409//2499 1340//2499
f 1426//2500 1475//2500 1444//2500
f 1232//2501 1373//2501 1476//2501
f 1322//2502 1477//2502 1407//2502
f 1320//2503 1478//2503 1321//2503
f 1348//2504 1479//2504 1315//2504
f 1315//2505 1479//2505 1395//2505
f 1429//2506 1480//2506 1433//2506
f 1216//2507 1481//2507 1297//2507
f 1366//2508 1482//2508 1281//2508
f 1281//2509 1482//2509 1413//2509
f 1439//2510 1480//2510 1429//2510
f 1358//2511 1483//2511 1443//2511
f 1255//2512 1484//2512 1366//2512
f 1319//2513 1484//2513 1255//2513
f 1183//2514 1452//2514 1264//2514
f 1444//2515 1485//2515 1425//2515
f 1447//2516 1486//2516 1430//2516
f 1430//2517 1486//2517 1467//2517
f 1464//2518 1487//2518 1451//2518
f 1433//2519 1480//2519 1473//2519
f 1396//2520 1488//2520 1398//2520
f 1352//2521 1489//2521 1311//2521
f 1311//2522 1489//2522 1437//2522
f 1388//2523 1490//2523 1352//2523
f 1395//2524 1491//2524 1356//2524
f 1492//2525 1463//2525 1404//2525
f 1427//2526 1470//2526 1380//2526
f 1493//2527 1432//2527 1410//2527
f 1333//2528 1494//2528 1348//2528
f 1440//2529 1494//2529 1333//2529
f 1386//2530 1495//2530 1179//2530
f 1179//2531 1495//2531 1376//2531
f 1467//2532 1496//2532 1449//2532
f 1279//2533 1414//2533 1445//2533
f 1324//2534 1435//2534 1438//2534
f 1398//2535 1462//2535 1318//2535
f 1444//2536 1475//2536 1485//2536
f 1451//2537 1486//2537 1447//2537
f 1296//2538 1413//2538 1414//2538
f 1378//2539 1455//2539 1335//2539
f 1262//2540 1437//2540 1411//2540
f 1464//2541 1497//2541 1487//2541
f 1498//2542 1497//2542 1464//2542
f 1334//2543 1438//2543 1450//2543
f 1451//2544 1487//2544 1499//2544
f 1372//2545 1500//2545 1362//2545
f 1362//2546 1500//2546 1423//2546
f 1424//2547 1456//2547 1244//2547
f 1283//2548 1501//2548 1325//2548
f 1325//2549 1501//2549 1431//2549
f 1486//2550 1502//2550 1467//2550
f 1434//2551 1440//2551 1298//2551
f 1451//2552 1499//2552 1486//2552
f 1407//2553 1503//2553 1409//2553
f 1436//2554 1504//2554 1385//2554
f 1480//2555 1505//2555 1473//2555
f 1328//2556 1506//2556 1428//2556
f 1336//2557 1506//2557 1328//2557
f 1425//2558 1507//2558 1459//2558
f 1390//2559 1477//2559 1322//2559
f 1399//2560 1508//2560 1446//2560
f 1418//2561 1508//2561 1399//2561
f 1330//2562 1509//2562 1427//2562
f 1385//2563 1509//2563 1330//2563
f 1474//2564 1510//2564 1396//2564
f 1449//2565 1511//2565 1439//2565
f 1439//2566 1511//2566 1480//2566
f 1461//2567 1512//2567 1418//2567
f 1473//2568 1513//2568 1426//2568
f 1375//2569 1454//2569 1270//2569
f 1367//2570 1448//2570 1306//2570
f 1475//2571 1514//2571 1485//2571
f 1427//2572 1515//2572 1470//2572
f 1320//2573 1516//2573 1478//2573
f 1425//2574 1485//2574 1507//2574
f 1510//2575 1488//2575 1396//2575
f 1492//2576 1517//2576 1463//2576
f 1365//2577 1518//2577 1316//2577
f 1316//2578 1518//2578 1458//2578
f 1321//2579 926//2579 1519//2579
f 1343//2580 1520//2580 1274//2580
f 1047//2581 959//2581 961//2581
f 1077//2582 1466//2582 1275//2582
f 1364//2583 1521//2583 1371//2583
f 1348//2584 1494//2584 1479//2584
f 1487//2585 1522//2585 1499//2585
f 1366//2586 1523//2586 1482//2586
f 1388//2587 1524//2587 1490//2587
f 1457//2588 1452//2588 1183//2588
f 1356//2589 1524//2589 1388//2589
f 1496//2590 1525//2590 1449//2590
f 1449//2591 1525//2591 1511//2591
f 1502//2592 1496//2592 1467//2592
f 1499//2593 1526//2593 1486//2593
f 1437//2594 1527//2594 1411//2594
f 1398//2595 1528//2595 1462//2595
f 1403//2596 1529//2596 1273//2596
f 1273//2597 1529//2597 1471//2597
f 1405//2598 1463//2598 1474//2598
f 1342//2599 1530//2599 1434//2599
f 1468//2600 1530//2600 1342//2600
f 1473//2601 1505//2601 1513//2601
f 1361//2602 1417//2602 1453//2602
f 1288//2603 1458//2603 1424//2603
f 1486//2604 1526//2604 1502//2604
f 1374//2605 1462//2605 1372//2605
f 1455//2606 1531//2606 1394//2606
f 1395//2607 1479//2607 1491//2607
f 1394//2608 1531//2608 1469//2608
f 1378//2609 1532//2609 1455//2609
f 1358//2610 1533//2610 1483//2610
f 1446//2611 1533//2611 1358//2611
f 1443//2612 1534//2612 1370//2612
f 1370//2613 1534//2613 1468//2613
f 1498//2614 1535//2614 1497//2614
f 1450//2615 1536//2615 1400//2615
f 1321//2616 924//2616 926//2616
f 1216//2617 939//2617 1481//2617
f 1367//2618 1537//2618 1448//2618
f 1497//2619 1538//2619 1487//2619
f 1448//2620 1539//2620 1390//2620
f 1487//2621 1538//2621 1522//2621
f 1481//2622 1170//2622 1297//2622
f 1372//2623 1540//2623 1500//2623
f 1426//2624 1514//2624 1475//2624
f 1352//2625 1490//2625 1489//2625
f 1454//2626 1541//2626 1276//2626
f 1276//2627 1541//2627 1472//2627
f 1434//2628 1542//2628 1440//2628
f 1400//2629 1543//2629 1461//2629
f 1499//2630 1522//2630 1526//2630
f 1480//2631 1544//2631 1505//2631
f 1545//2632 1517//2632 1492//2632
f 1502//2633 1546//2633 1496//2633
f 1426//2634 1513//2634 1514//2634
f 1423//2635 1532//2635 1378//2635
f 1494//2636 1547//2636 1479//2636
f 1377//2637 1061//2637 1283//2637
f 1319//2638 1472//2638 1484//2638
f 1283//2639 1061//2639 1501//2639
f 1424//2640 1548//2640 1456//2640
f 1417//2641 1549//2641 1453//2641
f 1435//2642 1550//2642 1438//2642
f 1511//2643 1551//2643 1480//2643
f 1480//2644 1551//2644 1544//2644
f 1336//2645 1552//2645 1506//2645
f 1266//2646 1393//2646 1420//2646
f 1488//2647 1528//2647 1398//2647
f 1320//2648 954//2648 1516//2648
f 1497//2649 1553//2649 1538//2649
f 1535//2650 1553//2650 1497//2650
f 1453//2651 1554//2651 1364//2651
f 1364//2652 1554//2652 1521//2652
f 1274//2653 1520//2653 1421//2653
f 1496//2654 1555//2654 1525//2654
f 1438//2655 1536//2655 1450//2655
f 1418//2656 1512//2656 1508//2656
f 1474//2657 1556//2657 1510//2657
f 1356//2658 1491//2658 1524//2658
f 1504//2659 1509//2659 1385//2659
f 1420//2660 962//2660 1047//2660
f 1047//2661 962//2661 959//2661
f 1537//2662 1557//2662 1448//2662
f 1502//2663 1558//2663 1546//2663
f 1526//2664 1558//2664 1502//2664
f 1505//2665 1559//2665 1513//2665
f 1485//2666 1560//2666 1507//2666
f 1509//2667 1561//2667 1427//2667
f 1427//2668 1561//2668 1515//2668
f 1483//2669 1534//2669 1443//2669
f 1562//2670 1445//2670 1414//2670
f 1527//2671 1563//2671 1411//2671
f 1390//2672 1539//2672 1477//2672
f 1496//2673 1546//2673 1555//2673
f 1477//2674 1503//2674 1407//2674
f 1355//2675 1180//2675 1564//2675
f 1511//2676 1525//2676 1551//2676
f 1376//2677 1495//2677 1457//2677
f 1459//2678 1507//2678 1460//2678
f 1321//2679 1478//2679 924//2679
f 1545//2680 1565//2680 1517//2680
f 1386//2681 1566//2681 1495//2681
f 1381//2682 1566//2682 1386//2682
f 1461//2683 1543//2683 1512//2683
f 1375//2684 1567//2684 1454//2684
f 1414//2685 1568//2685 1562//2685
f 1413//2686 1568//2686 1414//2686
f 1470//2687 1550//2687 1435//2687
f 1440//2688 1569//2688 1494//2688
f 1412//2689 1552//2689 1336//2689
f 1514//2690 1570//2690 1485//2690
f 1485//2691 1570//2691 1560//2691
f 1504//2692 1571//2692 1509//2692
f 1572//2693 1573//2693 1535//2693
f 1535//2694 1573//2694 1553//2694
f 1432//2695 1537//2695 1367//2695
f 1493//2696 1537//2696 1432//2696
f 1373//2697 1574//2697 1476//2697
f 1438//2698 1575//2698 1536//2698
f 1446//2699 1508//2699 1533//2699
f 1505//2700 1544//2700 1559//2700
f 1512//2701 1576//2701 1508//2701
f 1434//2702 1530//2702 1542//2702
f 1484//2703 1577//2703 1366//2703
f 1366//2704 1577//2704 1523//2704
f 1463//2705 1556//2705 1474//2705
f 1400//2706 1536//2706 1543//2706
f 1522//2707 1578//2707 1526//2707
f 1526//2708 1578//2708 1558//2708
f 1445//2709 1579//2709 1365//2709
f 1365//2710 1579//2710 1518//2710
f 1507//2711 1580//2711 1460//2711
f 1534//2712 1581//2712 1468//2712
f 1468//2713 1581//2713 1530//2713
f 1514//2714 1582//2714 1570//2714
f 1454//2715 1583//2715 1541//2715
f 1553//2716 1584//2716 1538//2716
f 1462//2717 1585//2717 1372//2717
f 1372//2718 1585//2718 1540//2718
f 1345//2719 1131//2719 1343//2719
f 1479//2720 1586//2720 1491//2720
f 1448//2721 1557//2721 1539//2721
f 1531//2722 1587//2722 1469//2722
f 1424//2723 1588//2723 1548//2723
f 1458//2724 1588//2724 1424//2724
f 1469//2725 1589//2725 1417//2725
f 1417//2726 1589//2726 1549//2726
f 1377//2727 1015//2727 1061//2727
f 1477//2728 1590//2728 1503//2728
f 1371//2729 1015//2729 1377//2729
f 1513//2730 1582//2730 1514//2730
f 1494//2731 1591//2731 1547//2731
f 1592//2732 1593//2732 1545//2732
f 1545//2733 1593//2733 1565//2733
f 1532//2734 1059//2734 1455//2734
f 1550//2735 1575//2735 1438//2735
f 1476//2736 1574//2736 1594//2736
f 1409//2737 1567//2737 1375//2737
f 1493//2738 1595//2738 1537//2738
f 1507//2739 1560//2739 1580//2739
f 1596//2740 1597//2740 1572//2740
f 1453//2741 1549//2741 1554//2741
f 1522//2742 1598//2742 1578//2742
f 1538//2743 1598//2743 1522//2743
f 1479//2744 1547//2744 1586//2744
f 1533//2745 1599//2745 1483//2745
f 1483//2746 1599//2746 1534//2746
f 1542//2747 1600//2747 1440//2747
f 1525//2748 1601//2748 1551//2748
f 1440//2749 1600//2749 1569//2749
f 1463//2750 1602//2750 1556//2750
f 1391//2751 1603//2751 1403//2751
f 1517//2752 1602//2752 1463//2752
f 1403//2753 1603//2753 1529//2753
f 1509//2754 1604//2754 1561//2754
f 1343//2755 1131//2755 1520//2755
f 1275//2756 1574//2756 1373//2756
f 1437//2757 1489//2757 1527//2757
f 1546//2758 1605//2758 1555//2758
f 1558//2759 1605//2759 1546//2759
f 1472//2760 1606//2760 1484//2760
f 1457//2761 1057//2761 1452//2761
f 1411//2762 980//2762 1345//2762
f 1563//2763 980//2763 1411//2763
f 1515//2764 1607//2764 1470//2764
f 1470//2765 1607//2765 1550//2765
f 1536//2766 1608//2766 1543//2766
f 1456//2767 1603//2767 1391//2767
f 1320//2768 1452//2768 954//2768
f 1543//2769 1609//2769 1512//2769
f 1597//2770 1573//2770 1572//2770
f 1465//2771 917//2771 1381//2771
f 1381//2772 917//2772 1566//2772
f 1573//2773 1610//2773 1553//2773
f 1553//2774 1610//2774 1584//2774
f 1513//2775 1559//2775 1582//2775
f 1466//2776 1004//2776 1275//2776
f 1569//2777 1591//2777 1494//2777
f 1393//2778 1110//2778 1420//2778
f 1503//2779 1611//2779 1409//2779
f 1423//2780 1612//2780 1532//2780
f 1500//2781 1612//2781 1423//2781
f 1539//2782 1590//2782 1477//2782
f 1557//2783 1613//2783 1539//2783
f 1530//2784 1614//2784 1542//2784
f 1555//2785 1601//2785 1525//2785
f 1471//2786 1076//2786 1412//2786
f 1412//2787 1076//2787 1552//2787
f 1576//2788 1615//2788 1508//2788
f 1510//2789 994//2789 1488//2789
f 1571//2790 1604//2790 1509//2790
f 1455//2791 1059//2791 1531//2791
f 1409//2792 1611//2792 1567//2792
f 1413//2793 1616//2793 1568//2793
f 1482//2794 1616//2794 1413//2794
f 1538//2795 1617//2795 1598//2795
f 1584//2796 1617//2796 1538//2796
f 1548//2797 998//2797 1456//2797
f 1445//2798 927//2798 1579//2798
f 1544//2799 1618//2799 1559//2799
f 1491//2800 991//2800 1524//2800
f 1275//2801 1004//2801 1574//2801
f 1555//2802 1619//2802 1601//2802
f 998//2803 1603//2803 1456//2803
f 1549//2804 1049//2804 1554//2804
f 1609//2805 1576//2805 1512//2805
f 1581//2806 1620//2806 1530//2806
f 1550//2807 1621//2807 1575//2807
f 1508//2808 1622//2808 1533//2808
f 1578//2809 1623//2809 1558//2809
f 1558//2810 1623//2810 1605//2810
f 1488//2811 1032//2811 1528//2811
f 1624//2812 1625//2812 1596//2812
f 1345//2813 980//2813 1131//2813
f 1567//2814 1036//2814 1454//2814
f 1454//2815 1036//2815 1583//2815
f 1542//2816 1614//2816 1600//2816
f 1518//2817 1588//2817 1458//2817
f 1626//2818 1073//2818 1592//2818
f 1592//2819 1073//2819 1593//2819
f 1573//2820 1627//2820 1610//2820
f 1489//2821 1101//2821 1527//2821
f 1527//2822 1101//2822 1628//2822
f 1484//2823 1606//2823 1577//2823
f 1528//2824 1083//2824 1462//2824
f 1462//2825 1083//2825 1585//2825
f 1556//2826 994//2826 1510//2826
f 1551//2827 1618//2827 1544//2827
f 1110//2828 962//2828 1420//2828
f 1539//2829 1010//2829 1590//2829
f 1371//2830 1013//2830 1015//2830
f 1521//2831 1013//2831 1371//2831
f 1533//2832 1629//2832 1599//2832
f 1630//2833 1631//2833 1624//2833
f 1595//2834 1632//2834 1537//2834
f 1537//2835 1632//2835 1557//2835
f 1543//2836 1608//2836 1609//2836
f 1561//2837 1633//2837 1515//2837
f 1515//2838 1633//2838 1607//2838
f 1620//2839 1614//2839 1530//2839
f 1540//2840 1612//2840 1500//2840
f 1605//2841 1619//2841 1555//2841
f 1469//2842 1587//2842 1589//2842
f 1571//2843 1634//2843 1604//2843
f 1393//2844 1431//2844 1110//2844
f 1534//2845 1599//2845 1581//2845
f 1490//2846 1635//2846 1489//2846
f 1524//2847 1635//2847 1490//2847
f 1478//2848 1516//2848 924//2848
f 1584//2849 1610//2849 1617//2849
f 954//2850 955//2850 1516//2850
f 1624//2851 1631//2851 1625//2851
f 1588//2852 968//2852 1548//2852
f 1596//2853 1625//2853 1597//2853
f 1517//2854 1025//2854 1602//2854
f 1576//2855 1636//2855 1615//2855
f 1562//2856 927//2856 1445//2856
f 1607//2857 1621//2857 1550//2857
f 1615//2858 1622//2858 1508//2858
f 1598//2859 1623//2859 1578//2859
f 1581//2860 1637//2860 1620//2860
f 1573//2861 1597//2861 1627//2861
f 1605//2862 1638//2862 1619//2862
f 1495//2863 1029//2863 1457//2863
f 1482//2864 1096//2864 1616//2864
f 1523//2865 1096//2865 1482//2865
f 1551//2866 964//2866 1618//2866
f 1539//2867 1613//2867 1010//2867
f 1601//2868 964//2868 1551//2868
f 1057//2869 952//2869 1452//2869
f 1586//2870 991//2870 1491//2870
f 1527//2871 1628//2871 1563//2871
f 1472//2872 1016//2872 1606//2872
f 1541//2873 1016//2873 1472//2873
f 1452//2874 952//2874 954//2874
f 1529//2875 1074//2875 1471//2875
f 1471//2876 1074//2876 1076//2876
f 1607//2877 987//2877 1621//2877
f 1622//2878 1629//2878 1533//2878
f 1059//2879 1587//2879 1531//2879
f 1559//2880 1199//2880 1582//2880
f 1582//2881 1199//2881 1167//2881
f 1547//2882 1591//2882 1586//2882
f 1556//2883 997//2883 994//2883
f 1575//2884 986//2884 1536//2884
f 1536//2885 986//2885 1608//2885
f 1503//2886 1590//2886 1611//2886
f 1428//2887 917//2887 1465//2887
f 1560//2888 1007//2888 1580//2888
f 1562//2889 930//2889 927//2889
f 1549//2890 1052//2890 1049//2890
f 1589//2891 1052//2891 1549//2891
f 917//2892 919//2892 1566//2892
f 1355//2893 1170//2893 1180//2893
f 1532//2894 945//2894 1059//2894
f 1466//2895 1002//2895 1004//2895
f 1521//2896 1165//2896 1013//2896
f 1554//2897 1165//2897 1521//2897
f 1488//2898 994//2898 1032//2898
f 1565//2899 1025//2899 1517//2899
f 1610//2900 970//2900 1617//2900
f 1593//2901 1025//2901 1565//2901
f 1612//2902 945//2902 1532//2902
f 1623//2903 920//2903 1605//2903
f 1605//2904 920//2904 1638//2904
f 1631//2905 1639//2905 1625//2905
f 1603//2906 1000//2906 1529//2906
f 1598//2907 1640//2907 1623//2907
f 1617//2908 1640//2908 1598//2908
f 1574//2909 1004//2909 1594//2909
f 1566//2910 1029//2910 1495//2910
f 1608//2911 979//2911 1609//2911
f 1618//2912 1048//2912 1559//2912
f 926//2913 1128//2913 1519//2913
f 1457//2914 1029//2914 1057//2914
f 1180//2915 1158//2915 1564//2915
f 1597//2916 933//2916 1627//2916
f 1561//2917 1641//2917 1633//2917
f 1604//2918 1641//2918 1561//2918
f 1609//2919 934//2919 1576//2919
f 1576//2920 934//2920 1636//2920
f 1567//2921 1034//2921 1036//2921
f 1611//2922 1034//2922 1567//2922
f 1620//2923 942//2923 1614//2923
f 1642//2924 1020//2924 1630//2924
f 1630//2925 1020//2925 1631//2925
f 1633//2926 987//2926 1607//2926
f 1626//2927 1055//2927 1073//2927
f 1643//2928 1055//2928 1626//2928
f 1601//2929 948//2929 964//2929
f 1568//2930 930//2930 1562//2930
f 1619//2931 948//2931 1601//2931
f 1524//2932 993//2932 1635//2932
f 1520//2933 1119//2933 1421//2933
f 1644//2934 1604//2934 1634//2934
f 1560//2935 1005//2935 1007//2935
f 1628//2936 1203//2936 1563//2936
f 1602//2883 997//2883 1556//2883
f 1101//2937 1103//2937 1628//2937
f 1557//2938 1085//2938 1613//2938
f 1637//2939 940//2939 1620//2939
f 1599//2940 1637//2940 1581//2940
f 1059//2941 1060//2941 1587//2941
f 1588//2942 966//2942 968//2942
f 1528//2943 1032//2943 1083//2943
f 1559//2944 1048//2944 1199//2944
f 1540//2945 1123//2945 1612//2945
f 1579//2946 929//2946 1518//2946
f 1585//2947 1123//2947 1540//2947
f 1518//2948 929//2948 1588//2948
f 1610//2949 1645//2949 970//2949
f 1627//2950 1645//2950 1610//2950
f 1481//2951 938//2951 1170//2951
f 1590//2952 1012//2952 1611//2952
f 1004//2953 1079//2953 1594//2953
f 1618//2954 963//2954 1048//2954
f 1621//2955 975//2955 1575//2955
f 1575//2956 975//2956 986//2956
f 1608//2957 986//2957 979//2957
f 1606//2958 1089//2958 1577//2958
f 1421//2959 1119//2959 1466//2959
f 1614//2960 1008//2960 1600//2960
f 1593//2961 1028//2961 1025//2961
f 1623//2962 923//2962 920//2962
f 1431//2963 1108//2963 1110//2963
f 1583//2964 1016//2964 1541//2964
f 1552//2965 1076//2965 1506//2965
f 1506//2966 1081//2966 1428//2966
f 1428//2967 1081//2967 917//2967
f 1529//2968 956//2968 1074//2968
f 1570//2969 1005//2969 1560//2969
f 1523//2970 1091//2970 1096//2970
f 1577//2971 1091//2971 1523//2971
f 1597//2972 931//2972 933//2972
f 1625//2973 931//2973 1597//2973
f 991//2974 993//2974 1524//2974
f 1548//2975 968//2975 998//2975
f 1000//2976 956//2976 1529//2976
f 1431//2977 1063//2977 1108//2977
f 1501//2978 1063//2978 1431//2978
f 1617//2979 970//2979 1640//2979
f 940//2980 942//2980 1620//2980
f 1644//2981 1641//2981 1604//2981
f 1599//2982 1100//2982 1637//2982
f 1569//2983 983//2983 1591//2983
f 1612//2984 943//2984 945//2984
f 1615//2985 989//2985 1622//2985
f 1619//2986 946//2986 948//2986
f 1613//2987 1085//2987 1010//2987
f 1594//2988 1079//2988 1126//2988
f 961//2989 937//2989 939//2989
f 1582//2990 1005//2990 1570//2990
f 1602//2991 1150//2991 997//2991
f 1603//2992 999//2992 1000//2992
f 1627//2993 933//2993 1645//2993
f 1631//2994 1020//2994 1639//2994
f 993//2995 1116//2995 1635//2995
f 1566//2996 919//2996 1029//2996
f 964//2997 963//2997 1618//2997
f 1609//2998 979//2998 934//2998
f 1586//2999 1153//2999 991//2999
f 1638//3000 946//3000 1619//3000
f 942//3001 1008//3001 1614//3001
f 1600//3002 983//3002 1569//3002
f 1641//3003 1043//3003 1633//3003
f 1633//3004 1043//3004 987//3004
f 1639//3005 931//3005 1625//3005
f 998//3006 999//3006 1603//3006
f 1622//3007 990//3007 1629//3007
f 1582//3008 1082//3008 1005//3008
f 1073//3009 1028//3009 1593//3009
f 1636//3010 989//3010 1615//3010
f 956//3011 958//3011 1074//3011
f 1591//3012 1039//3012 1586//3012
f 1623//3013 1064//3013 923//3013
f 1640//3014 1064//3014 1623//3014
f 1635//3015 1104//3015 1489//3015
f 1489//3016 1104//3016 1101//3016
f 1589//3017 1144//3017 1052//3017
f 1587//3018 1144//3018 1589//3018
f 1629//3019 1100//3019 1599//3019
f 1564//3020 1160//3020 1184//3020
f 939//3021 938//3021 1481//3021
f 1131//3022 1119//3022 1520//3022
f 927//3023 929//3023 1579//3023
f 975//3024 976//3024 986//3024
f 1639//3025 1162//3025 931//3025
f 1029//3026 1031//3026 1057//3026
f 1564//3027 1158//3027 1160//3027
f 1611//3028 1172//3028 1034//3028
f 980//3029 982//3029 1131//3029
f 1582//3030 1167//3030 1082//3030
f 994//3031 996//3031 1032//3031
f 1616//3032 1155//3032 1568//3032
f 1568//3033 1155//3033 930//3033
f 1516//3034 1093//3034 924//3034
f 1025//3035 1150//3035 1602//3035
f 945//3036 944//3036 1059//3036
f 968//3037 969//3037 998//3037
f 1557//3038 1632//3038 1085//3038
f 1643//3039 1053//3039 1055//3039
f 1010//3040 1012//3040 1590//3040
f 1100//3041 950//3041 1637//3041
f 1636//3042 936//3042 989//3042
f 942//3043 941//3043 1008//3043
f 1645//3044 971//3044 970//3044
f 1466//3045 1119//3045 1002//3045
f 926//3046 925//3046 1128//3046
f 983//3047 1039//3047 1591//3047
f 1638//3048 922//3048 946//3048
f 920//3049 922//3049 1638//3049
f 1586//3050 1039//3050 1153//3050
f 987//3051 973//3051 1621//3051
f 929//3052 1067//3052 1588//3052
f 1621//3053 973//3053 975//3053
f 1588//3054 1067//3054 966//3054
f 1008//3055 983//3055 1600//3055
f 1032//3056 1033//3056 1083//3056
f 933//3057 932//3057 1645//3057
f 1036//3058 1037//3058 1583//3058
f 1583//3059 1037//3059 1016//3059
f 1073//3060 1072//3060 1028//3060
f 1585//3061 1084//3061 1123//3061
f 1083//3062 1084//3062 1585//3062
f 1606//3063 1018//3063 1089//3063
f 1016//3064 1018//3064 1606//3064
f 948//3065 949//3065 964//3065
f 986//3066 977//3066 979//3066
f 989//3067 990//3067 1622//3067
f 1554//3068 1051//3068 1165//3068
f 1049//3069 1051//3069 1554//3069
f 955//3070 1093//3070 1516//3070
f 1116//3071 1104//3071 1635//3071
f 1061//3072 1063//3072 1501//3072
f 1153//3073 992//3073 991//3073
f 983//3074 985//3074 1039//3074
f 1012//3075 1070//3075 1611//3075
f 1611//3076 1070//3076 1172//3076
f 1563//3077 981//3077 980//3077
f 1203//3078 981//3078 1563//3078
f 1628//3079 1103//3079 1203//3079
f 1577//3080 1089//3080 1091//3080
f 1165//3081 1133//3081 1013//3081
f 1642//3082 1041//3082 1020//3082
f 1042//3083 1041//3083 1642//3083
f 934//3084 936//3084 1636//3084
f 1641//3085 1113//3085 1043//3085
f 1644//3086 1113//3086 1641//3086
f 1085//3087 1011//3087 1010//3087
f 1640//3088 972//3088 1064//3088
f 970//3089 972//3089 1640//3089
f 1637//3090 950//3090 940//3090
f 1046//3091 1045//3091 1053//3091
f 1612//3092 1124//3092 943//3092
f 1123//3093 1124//3093 1612//3093
f 1632//3094 1086//3094 1085//3094
f 1076//3095 1075//3095 1506//3095
f 1506//3096 1075//3096 1081//3096
f 1587//3097 1060//3097 1107//3097
f 1629//3098 1024//3098 1100//3098
f 990//3099 1024//3099 1629//3099
f 1025//3100 1027//3100 1150//3100
f 979//3101 978//3101 934//3101
f 1162//3102 1071//3102 931//3102
f 1645//3103 932//3103 971//3103
f 1616//3104 1098//3104 1155//3104
f 1096//3105 1098//3105 1616//3105
f 1639//3106 1022//3106 1162//3106
f 1020//3107 1022//3107 1639//3107
f 1000//3108 957//3108 956//3108
f 1008//3109 984//3109 983//3109
f 919//3110 1030//3110 1029//3110
f 1587//3111 1107//3111 1144//3111
f 1646//3112 1647//3112 1648//3112
f 1649//3113 1650//3113 1651//3113
f 1652//3114 1653//3114 1654//3114
f 1655//3115 1656//3115 1657//3115
f 1658//3116 1659//3116 1660//3116
f 1661//3117 1659//3117 1658//3117
f 1662//3118 1663//3118 1664//3118
f 1665//3119 1666//3119 1667//3119
f 1668//3120 1669//3120 1670//3120
f 1667//3121 1666//3121 1671//3121
f 1650//3122 1672//3122 1651//3122
f 1673//3123 1674//3123 1675//3123
f 1657//3124 1656//3124 1676//3124
f 1677//3125 1674//3125 1673//3125
f 1676//3126 1678//3126 1679//3126
f 1663//3127 1680//3127 1664//3127
f 1664//3128 1680//3128 1681//3128
f 1682//3129 1683//3129 1684//3129
f 1651//3130 1672//3130 1653//3130
f 1656//3131 1678//3131 1676//3131
f 1678//3132 1685//3132 1679//3132
f 1653//3133 1672//3133 1654//3133
f 1686//3134 1687//3134 1688//3134
f 1671//3135 1666//3135 1689//3135
f 1660//3136 1690//3136 1646//3136
f 1659//3137 1690//3137 1660//3137
f 1681//3138 1680//3138 1691//3138
f 1679//3139 1685//3139 1665//3139
f 1666//3140 1692//3140 1689//3140
f 1689//3141 1692//3141 1693//3141
f 898//3142 1694//3142 1695//3142
f 1670//3143 1696//3143 1697//3143
f 1669//3144 1696//3144 1670//3144
f 1680//3145 1698//3145 1691//3145
f 1687//3146 1699//3146 1700//3146
f 1685//3147 1701//3147 1665//3147
f 1683//3148 1702//3148 1684//3148
f 1684//3149 1702//3149 1703//3149
f 1691//3150 1698//3150 1650//3150
f 1695//3151 1694//3151 1704//3151
f 1674//3152 1705//3152 1675//3152
f 1675//3153 1705//3153 1706//3153
f 1690//3154 1707//3154 1646//3154
f 1646//3155 1707//3155 1647//3155
f 1693//3156 1708//3156 1661//3156
f 1686//3157 1699//3157 1687//3157
f 1692//3158 1708//3158 1693//3158
f 1701//3159 1709//3159 1665//3159
f 1665//3160 1709//3160 1666//3160
f 1704//3161 1710//3161 1677//3161
f 1698//3162 1711//3162 1650//3162
f 1702//3163 1712//3163 1703//3163
f 1650//3164 1711//3164 1672//3164
f 1696//3165 1713//3165 1697//3165
f 1697//3166 1713//3166 1714//3166
f 1707//3167 1715//3167 1647//3167
f 1647//3168 1715//3168 1662//3168
f 1711//3169 1716//3169 1672//3169
f 1694//3170 1710//3170 1704//3170
f 1666//3171 1717//3171 1692//3171
f 1709//3172 1717//3172 1666//3172
f 1703//3173 1712//3173 1718//3173
f 1705//3174 1719//3174 1706//3174
f 1706//3175 1719//3175 1720//3175
f 1672//3176 1716//3176 1654//3176
f 1710//3177 1721//3177 1677//3177
f 1654//3178 1716//3178 1722//3178
f 1708//3179 1723//3179 1661//3179
f 1661//3179 1723//3179 1659//3179
f 1677//3180 1721//3180 1674//3180
f 1712//3181 1724//3181 1718//3181
f 1662//3182 1725//3182 1663//3182
f 1715//3183 1725//3183 1662//3183
f 1726//3184 1698//3184 1680//3184
f 1717//3185 1727//3185 1692//3185
f 1692//3186 1727//3186 1708//3186
f 1663//3187 1725//3187 1680//3187
f 1723//3188 1728//3188 1659//3188
f 1659//3189 1728//3189 1690//3189
f 1714//3190 1729//3190 1686//3190
f 1713//3191 1729//3191 1714//3191
f 1718//3192 1724//3192 1730//3192
f 1727//3193 1731//3193 1708//3193
f 1732//3194 1683//3194 1682//3194
f 1700//3195 1733//3195 1734//3195
f 1699//3196 1733//3196 1700//3196
f 1735//3197 1736//3197 1698//3197
f 1698//3198 1736//3198 1711//3198
f 1719//3199 1737//3199 1720//3199
f 1720//3200 1737//3200 1668//3200
f 1728//3201 1738//3201 1690//3201
f 1690//3202 1738//3202 1707//3202
f 1731//3203 1739//3203 1708//3203
f 1708//3204 1739//3204 1723//3204
f 1730//3205 1724//3205 1740//3205
f 1721//3206 1741//3206 1674//3206
f 1674//3207 1741//3207 1705//3207
f 1736//3208 1742//3208 1711//3208
f 1711//3209 1742//3209 1716//3209
f 1734//3210 1733//3210 1732//3210
f 1722//3211 1742//3211 1743//3211
f 1716//3212 1742//3212 1722//3212
f 1668//3213 1737//3213 1669//3213
f 1738//3214 1744//3214 1707//3214
f 1707//3215 1744//3215 1715//3215
f 1739//3216 1745//3216 1723//3216
f 1723//3217 1745//3217 1728//3217
f 1724//3218 1746//3218 1740//3218
f 1686//3219 1747//3219 1699//3219
f 1729//3220 1747//3220 1686//3220
f 1725//3221 1748//3221 1726//3221
f 1733//3222 1749//3222 1732//3222
f 1726//3223 1748//3223 1735//3223
f 1715//3224 1750//3224 1725//3224
f 1751//3225 1752//3225 1753//3225
f 1753//3226 1752//3226 1754//3226
f 1744//3227 1750//3227 1715//3227
f 1740//3228 1746//3228 1755//3228
f 1748//3229 1756//3229 1735//3229
f 1728//3230 1757//3230 1738//3230
f 1745//3231 1757//3231 1728//3231
f 1736//3232 1758//3232 1742//3232
f 1754//3233 1752//3233 1759//3233
f 1742//3234 1758//3234 1743//3234
f 1741//3235 1719//3235 1705//3235
f 1747//3236 1760//3236 1699//3236
f 1756//3237 1761//3237 1735//3237
f 1735//3238 1761//3238 1736//3238
f 1752//3239 1762//3239 1759//3239
f 1750//3240 1748//3240 1725//3240
f 1738//3241 1763//3241 1744//3241
f 1737//3242 1764//3242 1669//3242
f 1757//3243 1763//3243 1738//3243
f 1669//3244 1764//3244 1696//3244
f 1732//3245 1749//3245 1683//3245
f 1759//3246 1765//3246 1766//3246
f 1762//3247 1765//3247 1759//3247
f 1746//3248 1767//3248 1755//3248
f 1761//3249 1758//3249 1736//3249
f 1763//3250 1768//3250 1744//3250
f 1744//3251 1768//3251 1750//3251
f 1766//3252 1765//3252 1769//3252
f 1232//3253 1476//3253 1129//3253
f 1683//3254 1749//3254 1702//3254
f 1768//3255 1770//3255 1750//3255
f 1765//3256 1771//3256 1769//3256
f 1755//3257 1767//3257 1772//3257
f 1761//3258 1773//3258 1758//3258
f 1712//3259 1774//3259 1724//3259
f 1750//3260 1770//3260 1748//3260
f 1719//3261 1775//3261 1737//3261
f 1770//3262 1776//3262 1748//3262
f 1769//3263 1771//3263 1777//3263
f 1760//3264 1778//3264 1699//3264
f 1699//3265 1778//3265 1733//3265
f 1748//3266 1776//3266 1756//3266
f 1779//3267 1780//3267 1781//3267
f 1476//3268 1779//3268 1129//3268
f 1129//3269 1779//3269 1781//3269
f 1741//3270 1782//3270 1719//3270
f 1749//3271 1783//3271 1702//3271
f 1776//3272 1784//3272 1756//3272
f 1752//3273 1785//3273 1762//3273
f 1756//3274 1784//3274 1761//3274
f 1780//3275 1785//3275 1752//3275
f 1771//3276 1786//3276 1777//3276
f 1764//3277 1787//3277 1696//3277
f 1696//3278 1787//3278 1713//3278
f 1784//3279 1773//3279 1761//3279
f 1767//3280 1788//3280 1772//3280
f 1784//3281 1789//3281 1773//3281
f 1753//3282 1128//3282 1751//3282
f 1519//3283 1128//3283 1753//3283
f 1777//3284 1786//3284 1790//3284
f 1752//3285 1781//3285 1780//3285
f 1775//3286 1791//3286 1737//3286
f 1779//3287 1792//3287 1780//3287
f 1762//3288 1793//3288 1765//3288
f 1785//3289 1793//3289 1762//3289
f 1786//3290 1794//3290 1790//3290
f 1702//3291 1783//3291 1712//3291
f 1795//3292 1594//3292 1796//3292
f 1772//3293 1788//3293 1797//3293
f 1796//3294 1126//3294 1695//3294
f 1782//3295 1775//3295 1719//3295
f 1793//3296 1798//3296 1765//3296
f 1778//3297 1799//3297 1733//3297
f 1792//3298 1785//3298 1780//3298
f 1733//3299 1799//3299 1749//3299
f 1790//3300 1794//3300 1800//3300
f 1781//3301 1751//3301 1129//3301
f 1129//3302 1751//3302 1128//3302
f 1783//3303 1774//3303 1712//3303
f 1781//3304 1752//3304 1751//3304
f 1713//3305 1801//3305 1729//3305
f 1787//3306 1801//3306 1713//3306
f 1724//3307 1802//3307 1746//3307
f 1798//3308 1803//3308 1765//3308
f 1765//3309 1803//3309 1771//3309
f 1794//3310 1804//3310 1800//3310
f 1788//3311 1805//3311 1797//3311
f 1806//3312 1794//3312 1786//3312
f 1737//3313 1807//3313 1764//3313
f 1791//3314 1807//3314 1737//3314
f 1594//3315 1795//3315 1476//3315
f 1476//3316 1795//3316 1779//3316
f 1800//3317 1808//3317 1809//3317
f 1804//3318 1808//3318 1800//3318
f 1802//3319 1810//3319 1746//3319
f 1799//3320 1811//3320 1749//3320
f 1779//3321 1795//3321 1792//3321
f 1803//3322 1812//3322 1771//3322
f 1771//3323 1812//3323 1786//3323
f 1774//3324 1689//3324 1724//3324
f 1809//3325 1808//3325 1813//3325
f 1797//3326 1805//3326 1814//3326
f 1746//3327 1810//3327 1767//3327
f 1794//3328 1806//3328 1804//3328
f 1801//3329 1815//3329 1729//3329
f 1729//3330 1815//3330 1747//3330
f 1808//3331 1816//3331 1813//3331
f 1689//3332 1802//3332 1724//3332
f 1764//3333 1817//3333 1787//3333
f 1807//3334 1817//3334 1764//3334
f 1814//3335 1648//3335 1818//3335
f 1805//3336 1648//3336 1814//3336
f 1811//3337 1667//3337 1749//3337
f 1812//3338 1806//3338 1786//3338
f 1749//3339 1667//3339 1783//3339
f 1810//3340 1658//3340 1767//3340
f 1747//3341 1815//3341 1760//3341
f 1813//3342 1816//3342 1819//3342
f 1648//3343 1820//3343 1818//3343
f 1792//3344 1673//3344 1785//3344
f 1767//3345 1660//3345 1788//3345
f 1658//3346 1660//3346 1767//3346
f 1788//3347 1821//3347 1805//3347
f 1805//3348 1821//3348 1648//3348
f 1816//3349 1822//3349 1819//3349
f 1126//3350 1796//3350 1594//3350
f 1818//3351 1820//3351 1823//3351
f 1787//3352 1824//3352 1801//3352
f 1817//3353 1824//3353 1787//3353
f 1785//3354 1675//3354 1793//3354
f 1783//3355 1671//3355 1774//3355
f 1667//3356 1671//3356 1783//3356
f 1673//3357 1675//3357 1785//3357
f 1822//3358 1688//3358 1819//3358
f 1815//3359 1657//3359 1760//3359
f 1760//3360 1657//3360 1778//3360
f 1796//3361 1825//3361 1795//3361
f 1795//3362 1825//3362 1792//3362
f 1820//3363 1664//3363 1823//3363
f 1823//3364 1664//3364 1826//3364
f 1812//3365 1670//3365 1806//3365
f 1660//3366 1821//3366 1788//3366
f 1819//3367 1688//3367 1827//3367
f 1725//3368 1726//3368 1680//3368
f 1734//3369 1732//3369 1682//3369
f 1793//3370 1675//3370 1798//3370
f 1657//3371 1676//3371 1778//3371
f 1671//3372 1689//3372 1774//3372
f 1726//3373 1735//3373 1698//3373
f 1824//3374 1828//3374 1801//3374
f 1801//3375 1828//3375 1815//3375
f 1688//3376 1687//3376 1827//3376
f 1670//3377 1808//3377 1804//3377
f 1806//3378 1670//3378 1804//3378
f 1778//3379 1676//3379 1799//3379
f 1825//3380 1673//3380 1792//3380
f 1675//3381 1706//3381 1798//3381
f 1798//3382 1706//3382 1803//3382
f 1689//3383 1693//3383 1802//3383
f 1664//3384 1681//3384 1826//3384
f 1826//3385 1681//3385 1829//3385
f 1687//3386 1700//3386 1827//3386
f 1827//3387 1700//3387 1830//3387
f 1676//3388 1679//3388 1799//3388
f 1799//3389 1679//3389 1811//3389
f 1697//3390 1816//3390 1808//3390
f 1828//3391 1655//3391 1815//3391
f 1670//3392 1697//3392 1808//3392
f 1681//3393 1691//3393 1829//3393
f 1829//3394 1691//3394 1831//3394
f 1660//3395 1646//3395 1821//3395
f 1706//3396 1720//3396 1803//3396
f 1648//3397 1647//3397 1820//3397
f 1803//3398 1720//3398 1812//3398
f 1693//3399 1661//3399 1802//3399
f 1802//3400 1661//3400 1810//3400
f 1830//3401 1734//3401 1832//3401
f 1700//3402 1734//3402 1830//3402
f 1655//3403 1657//3403 1815//3403
f 1647//3404 1662//3404 1820//3404
f 1816//3405 1714//3405 1822//3405
f 1679//3406 1665//3406 1811//3406
f 1811//3407 1665//3407 1667//3407
f 1125//3408 1695//3408 1126//3408
f 1821//3409 1646//3409 1648//3409
f 1734//3410 1682//3410 1832//3410
f 1796//3411 1704//3411 1825//3411
f 1691//3412 1650//3412 1831//3412
f 1831//3413 1650//3413 1649//3413
f 1695//3414 1704//3414 1796//3414
f 1704//3415 1677//3415 1825//3415
f 1825//3416 1677//3416 1673//3416
f 1720//3417 1668//3417 1812//3417
f 1812//3418 1668//3418 1670//3418
f 1810//3419 1661//3419 1658//3419
f 1820//3420 1662//3420 1664//3420
f 1697//3421 1714//3421 1816//3421
f 1714//3422 1686//3422 1822//3422
f 1822//3423 1686//3423 1688//3423
f 1832//3424 1682//3424 1684//3424
f 898//3425 1695//3425 1125//3425
f 1833//3426 1834//3426 1835//3426
f 1836//3427 1837//3427 1838//3427
f 1839//3428 1836//3428 1838//3428
f 1840//3429 1836//3429 1839//3429
f 1841//3430 1842//3430 1843//3430
f 1841//3431 1843//3431 1844//3431
f 1845//3432 1841//3432 1844//3432
f 1845//3433 1844//3433 1846//3433
f 1845//3434 1846//3434 1847//3434
f 1848//3435 1845//3435 1847//3435
f 1848//3436 1847//3436 1849//3436
f 1850//3437 1848//3437 1849//3437
f 1851//3438 1850//3438 1849//3438
f 1852//3439 1850//3439 1851//3439
f 1852//3440 1851//3440 1853//3440
f 1854//3441 1852//3441 1853//3441
f 1854//3442 1853//3442 1855//3442
f 1854//3443 1855//3443 1856//3443
f 1857//3444 1854//3444 1856//3444
f 1294//3445 1858//3445 1293//3445
f 1492//3446 1859//3446 1545//3446
f 1860//3447 1861//3447 1862//3447
f 1862//3448 1861//3448 1863//3448
f 1860//3449 1864//3449 1861//3449
f 1859//3450 1865//3450 1545//3450
f 1866//3451 1867//3451 1868//3451
f 1869//3452 1870//3452 1871//3452
f 1871//3453 1870//3453 1872//3453
f 1873//3454 1874//3454 1875//3454
f 1545//3455 1865//3455 1592//3455
f 1873//3456 1876//3456 1874//3456
f 1866//3457 1877//3457 1867//3457
f 1865//3458 1878//3458 1592//3458
f 1879//3459 1880//3459 1881//3459
f 1882//3460 1876//3460 1873//3460
f 1869//3461 1883//3461 1870//3461
f 1884//3462 1885//3462 1886//3462
f 1592//3463 1878//3463 1626//3463
f 1866//3464 1871//3464 1877//3464
f 1887//3465 1871//3465 1866//3465
f 1876//3466 1882//3466 1868//3466
f 1885//3467 1888//3467 1886//3467
f 1883//3468 1889//3468 1859//3468
f 1878//3469 1890//3469 1626//3469
f 1891//3470 1892//3470 1893//3470
f 1894//3471 1868//3471 1882//3471
f 1626//3472 1890//3472 1643//3472
f 1895//3473 1896//3473 1897//3473
f 1898//3474 1868//3474 1894//3474
f 1889//3475 1865//3475 1859//3475
f 1887//3476 1869//3476 1871//3476
f 1899//3477 1869//3477 1887//3477
f 1897//3478 1900//3478 1895//3478
f 1643//3479 1901//3479 1053//3479
f 1900//3480 1897//3480 1902//3480
f 1890//3481 1901//3481 1643//3481
f 1898//3482 1866//3482 1868//3482
f 1903//3483 1904//3483 1905//3483
f 1865//3484 1906//3484 1878//3484
f 1902//3485 1904//3485 1900//3485
f 1053//3486 1901//3486 1046//3486
f 1907//3487 1866//3487 1898//3487
f 1046//3488 1908//3488 1044//3488
f 1909//3489 1910//3489 1911//3489
f 1899//3490 1912//3490 1869//3490
f 1869//3491 1912//3491 1883//3491
f 1906//3492 1913//3492 1878//3492
f 1878//3493 1913//3493 1890//3493
f 1914//3494 1913//3494 1906//3494
f 1915//3495 1046//3495 1901//3495
f 1883//3496 1912//3496 1889//3496
f 1866//3497 1907//3497 1887//3497
f 1138//3498 1044//3498 1916//3498
f 1917//3499 1918//3499 1919//3499
f 1920//3500 1921//3500 1922//3500
f 1923//3501 1913//3501 1914//3501
f 1924//3502 1887//3502 1907//3502
f 1925//3503 1922//3503 1921//3503
f 1923//3504 1926//3504 1913//3504
f 1927//3505 1928//3505 1925//3505
f 1929//3506 1928//3506 1930//3506
f 1930//3507 1928//3507 1927//3507
f 1931//3508 1932//3508 1875//3508
f 1912//3509 1933//3509 1889//3509
f 1889//3510 1933//3510 1865//3510
f 1934//3511 1918//3511 1917//3511
f 1865//3512 1933//3512 1906//3512
f 1935//3513 1936//3513 1937//3513
f 1936//3514 1938//3514 1939//3514
f 1919//3515 1940//3515 1931//3515
f 1941//3516 1899//3516 1924//3516
f 1924//3517 1899//3517 1887//3517
f 1942//3518 1943//3518 1944//3518
f 1940//3519 1945//3519 1931//3519
f 1931//3520 1945//3520 1932//3520
f 1942//3521 1946//3521 1943//3521
f 1926//3522 1947//3522 1901//3522
f 1942//3523 1948//3523 1946//3523
f 1946//3524 1948//3524 1949//3524
f 1918//3525 1940//3525 1919//3525
f 1950//3526 1912//3526 1941//3526
f 1941//3527 1912//3527 1899//3527
f 1949//3528 1948//3528 1951//3528
f 1908//3529 1952//3529 1916//3529
f 1915//3530 1952//3530 1908//3530
f 1916//3531 1952//3531 1953//3531
f 1954//3532 1951//3532 1948//3532
f 1955//3533 1956//3533 1907//3533
f 1907//3534 1956//3534 1924//3534
f 1951//3535 1954//3535 1957//3535
f 1950//3536 1958//3536 1912//3536
f 1959//3537 1957//3537 1954//3537
f 1960//3538 1958//3538 1950//3538
f 1957//3539 1959//3539 1961//3539
f 1962//3540 1924//3540 1956//3540
f 1932//3541 1945//3541 1963//3541
f 1964//3542 1959//3542 1965//3542
f 1923//3543 1947//3543 1926//3543
f 1964//3544 1961//3544 1959//3544
f 1966//3545 1844//3545 1843//3545
f 1967//3546 1844//3546 1968//3546
f 1969//3547 1970//3547 1971//3547
f 1844//3548 1966//3548 1968//3548
f 1962//3549 1941//3549 1924//3549
f 1972//3550 1923//3550 1914//3550
f 1961//3551 1964//3551 1973//3551
f 1963//3552 1974//3552 1969//3552
f 1969//3553 1974//3553 1970//3553
f 1945//3554 1974//3554 1963//3554
f 1975//3555 1964//3555 1965//3555
f 1976//3556 1923//3556 1972//3556
f 1977//3557 1964//3557 1975//3557
f 1933//3558 1958//3558 1978//3558
f 1978//3559 1958//3559 1960//3559
f 1966//3560 1979//3560 1968//3560
f 1935//3561 1941//3561 1962//3561
f 1977//3562 1973//3562 1964//3562
f 1923//3563 1976//3563 1947//3563
f 1971//3564 1980//3564 1981//3564
f 1978//3565 1982//3565 1914//3565
f 1935//3566 1950//3566 1941//3566
f 1983//3567 1984//3567 1952//3567
f 1952//3568 1984//3568 1953//3568
f 1977//3569 1985//3569 1973//3569
f 1980//3570 1986//3570 1981//3570
f 1970//3571 1987//3571 1971//3571
f 1979//3572 1988//3572 1968//3572
f 1971//3573 1987//3573 1980//3573
f 1978//3574 1989//3574 1982//3574
f 1979//3575 1862//3575 1988//3575
f 1982//3576 1972//3576 1914//3576
f 1862//3577 1863//3577 1988//3577
f 1988//3578 1863//3578 1990//3578
f 1935//3579 1937//3579 1950//3579
f 1972//3580 1991//3580 1976//3580
f 1992//3581 1972//3581 1982//3581
f 1972//3582 1992//3582 1991//3582
f 1886//3583 1415//3583 1884//3583
f 1884//3584 1415//3584 1389//3584
f 1389//3585 1383//3585 1884//3585
f 1993//3586 1960//3586 1937//3586
f 1960//3587 1989//3587 1978//3587
f 1994//3588 1960//3588 1993//3588
f 1986//3589 1995//3589 1955//3589
f 1996//3590 1997//3590 1984//3590
f 1998//3591 1999//3591 2000//3591
f 1884//3592 2001//3592 1885//3592
f 2002//3593 2001//3593 1383//3593
f 1383//3594 2001//3594 1884//3594
f 1879//3595 1999//3595 1880//3595
f 1994//3596 1989//3596 1960//3596
f 1989//3597 2003//3597 1982//3597
f 1995//3598 2004//3598 1955//3598
f 1955//3599 2004//3599 1956//3599
f 2003//3600 1989//3600 1994//3600
f 2005//3601 2006//3601 1881//3601
f 2003//3602 1992//3602 1982//3602
f 2007//3603 2006//3603 2008//3603
f 2003//3604 2009//3604 1992//3604
f 1956//3605 2010//3605 1962//3605
f 2004//3606 2010//3606 1956//3606
f 2011//3607 1892//3607 1998//3607
f 2005//3608 2008//3608 2006//3608
f 1962//3609 2010//3609 1935//3609
f 1891//3610 2012//3610 2005//3610
f 2008//3611 2013//3611 2007//3611
f 2007//3612 2013//3612 1896//3612
f 1896//3613 2013//3613 1897//3613
f 1992//3614 2014//3614 1996//3614
f 1935//3615 1938//3615 1936//3615
f 2009//3616 2014//3616 1992//3616
f 2010//3617 2015//3617 1935//3617
f 1997//3618 2016//3618 2017//3618
f 2015//3619 2018//3619 1935//3619
f 1935//3620 2018//3620 1938//3620
f 1910//3621 1920//3621 1911//3621
f 1921//3622 1920//3622 1910//3622
f 2019//3623 1930//3623 1921//3623
f 1921//3624 1930//3624 1927//3624
f 1936//3625 1994//3625 1993//3625
f 2020//3626 2021//3626 1930//3626
f 1930//3627 2021//3627 1929//3627
f 2017//3628 2022//3628 2023//3628
f 1936//3629 1939//3629 1994//3629
f 2024//3630 2025//3630 2014//3630
f 2014//3631 2025//3631 2022//3631
f 1939//3632 2026//3632 1994//3632
f 2027//3633 1882//3633 1873//3633
f 1932//3634 1963//3634 1875//3634
f 1969//3635 2027//3635 1873//3635
f 1994//3636 2026//3636 2028//3636
f 2028//3637 2029//3637 2030//3637
f 2026//3638 2029//3638 2028//3638
f 2025//3639 2023//3639 2022//3639
f 2031//3640 2032//3640 1944//3640
f 2032//3641 1942//3641 1944//3641
f 1942//3642 2033//3642 1948//3642
f 2032//3643 2033//3643 1942//3643
f 2033//3644 2034//3644 1948//3644
f 1948//3645 2034//3645 1954//3645
f 2035//3646 2036//3646 2037//3646
f 1954//3647 2034//3647 1959//3647
f 2038//3648 2039//3648 2040//3648
f 2041//3649 1959//3649 2034//3649
f 1959//3650 2041//3650 1965//3650
f 1965//3651 2041//3651 2042//3651
f 2043//3652 2044//3652 2045//3652
f 1846//3653 1967//3653 2046//3653
f 1844//3654 1967//3654 1846//3654
f 2046//3655 2047//3655 1847//3655
f 2048//3656 2047//3656 2046//3656
f 2049//3657 2046//3657 2050//3657
f 2051//3658 2052//3658 2053//3658
f 1967//3659 1968//3659 2046//3659
f 2046//3660 1968//3660 2050//3660
f 2049//3661 2048//3661 2046//3661
f 2053//3662 2052//3662 1985//3662
f 1985//3663 2052//3663 1973//3663
f 2054//3664 2055//3664 2056//3664
f 2051//3665 2053//3665 2054//3665
f 2057//3666 2058//3666 2050//3666
f 2050//3667 2058//3667 2049//3667
f 1968//3668 1988//3668 2050//3668
f 2049//3669 2058//3669 2048//3669
f 1186//3670 1121//3670 2059//3670
f 2060//3671 2061//3671 2062//3671
f 2063//3672 2061//3672 2060//3672
f 2064//3673 2065//3673 2066//3673
f 1988//3674 1990//3674 2050//3674
f 2065//3675 2067//3675 2066//3675
f 2066//3676 2068//3676 2069//3676
f 2057//3677 2050//3677 2070//3677
f 2070//3678 2058//3678 2057//3678
f 2070//3679 2050//3679 2071//3679
f 2050//3680 1990//3680 2071//3680
f 2072//3681 2073//3681 1876//3681
f 2074//3682 2075//3682 2076//3682
f 2076//3683 2075//3683 2077//3683
f 2078//3684 2071//3684 1990//3684
f 1874//3685 2079//3685 1875//3685
f 2002//3686 1383//3686 1350//3686
f 1919//3687 2080//3687 2081//3687
f 1931//3688 2080//3688 1919//3688
f 2070//3689 2082//3689 2083//3689
f 1915//3690 1908//3690 1046//3690
f 1044//3691 1908//3691 1916//3691
f 2083//3692 1998//3692 2000//3692
f 1890//3693 1926//3693 1901//3693
f 1913//3694 1926//3694 1890//3694
f 1947//3695 1915//3695 1901//3695
f 1914//3696 1906//3696 1978//3696
f 1978//3697 1906//3697 1933//3697
f 1912//3698 1958//3698 1933//3698
f 1976//3699 1983//3699 1947//3699
f 1960//3700 1950//3700 1937//3700
f 1992//3701 1996//3701 1991//3701
f 2016//3702 1997//3702 1996//3702
f 2014//3703 2016//3703 1996//3703
f 2022//3704 2016//3704 2014//3704
f 1881//3705 1880//3705 1891//3705
f 2014//3706 2009//3706 2024//3706
f 2016//3707 2022//3707 2017//3707
f 1880//3708 1892//3708 1891//3708
f 1891//3709 2005//3709 1881//3709
f 2030//3710 2084//3710 2024//3710
f 2029//3711 2084//3711 2030//3711
f 1921//3712 2085//3712 2019//3712
f 2025//3713 2086//3713 2087//3713
f 2087//3714 2088//3714 2025//3714
f 2089//3715 2020//3715 2019//3715
f 2090//3716 2020//3716 2089//3716
f 1921//3717 1910//3717 2085//3717
f 1833//3718 1835//3718 2091//3718
f 2091//3719 2092//3719 1833//3719
f 2020//3720 1930//3720 2019//3720
f 2020//3721 2093//3721 2021//3721
f 2094//3722 2021//3722 2093//3722
f 2091//3723 2045//3723 2092//3723
f 1837//3724 2092//3724 2044//3724
f 2044//3725 2092//3725 2045//3725
f 2037//3726 2038//3726 2095//3726
f 2096//3727 2036//3727 2035//3727
f 2097//3728 2032//3728 2098//3728
f 2098//3729 2032//3729 2031//3729
f 2032//3730 2097//3730 2033//3730
f 2099//3731 2100//3731 2097//3731
f 2097//3732 2100//3732 2033//3732
f 2101//3733 2102//3733 2103//3733
f 2100//3734 2034//3734 2033//3734
f 2034//3735 2104//3735 2041//3735
f 2100//3736 2104//3736 2034//3736
f 2037//3737 2105//3737 2038//3737
f 2106//3738 2045//3738 2091//3738
f 2041//3739 2104//3739 2042//3739
f 2102//3740 2107//3740 2108//3740
f 2109//3741 2042//3741 2104//3741
f 1847//3742 1846//3742 2046//3742
f 2047//3743 1849//3743 1847//3743
f 2043//3744 2110//3744 2044//3744
f 1849//3745 2111//3745 2112//3745
f 2048//3746 2111//3746 2047//3746
f 2113//3747 2043//3747 2114//3747
f 2106//3748 2114//3748 2045//3748
f 2045//3749 2114//3749 2043//3749
f 2055//3750 2115//3750 2116//3750
f 2054//3751 2115//3751 2055//3751
f 2063//3752 2060//3752 2117//3752
f 2118//3753 2119//3753 2116//3753
f 2120//3754 2121//3754 2122//3754
f 2117//3755 2119//3755 2063//3755
f 2115//3756 2118//3756 2116//3756
f 2048//3757 2123//3757 2111//3757
f 2058//3758 2123//3758 2048//3758
f 2106//3759 2124//3759 2114//3759
f 2119//3760 2074//3760 2063//3760
f 2111//3761 2123//3761 2125//3761
f 2061//3762 2126//3762 2062//3762
f 2127//3763 2113//3763 2128//3763
f 2118//3764 2074//3764 2119//3764
f 2114//3765 2128//3765 2113//3765
f 2124//3766 2128//3766 2114//3766
f 2124//3767 2055//3767 2128//3767
f 2120//3768 2129//3768 2121//3768
f 2117//3769 2127//3769 2119//3769
f 1353//3770 2130//3770 1351//3770
f 2055//3771 2119//3771 2128//3771
f 2128//3772 2119//3772 2127//3772
f 1990//3773 1863//3773 2078//3773
f 2116//3774 2119//3774 2055//3774
f 2083//3775 2058//3775 2070//3775
f 1861//3776 2078//3776 1863//3776
f 2131//3777 2132//3777 1498//3777
f 1350//3778 1349//3778 2002//3778
f 2132//3779 1535//3779 1498//3779
f 2133//3780 1349//3780 1351//3780
f 1535//3781 2134//3781 1572//3781
f 2083//3782 2000//3782 2058//3782
f 1535//3783 2132//3783 2134//3783
f 2096//3784 2035//3784 2135//3784
f 2071//3785 2082//3785 2070//3785
f 1572//3786 2136//3786 1596//3786
f 2137//3787 2085//3787 2132//3787
f 2035//3788 2095//3788 2135//3788
f 2135//3789 2095//3789 2138//3789
f 2085//3790 2134//3790 2132//3790
f 2120//3791 2139//3791 2129//3791
f 2134//3792 1909//3792 2136//3792
f 2134//3793 2085//3793 1910//3793
f 2140//3794 2141//3794 2142//3794
f 2095//3795 2038//3795 2138//3795
f 2138//3796 2038//3796 2143//3796
f 2011//3797 1998//3797 2083//3797
f 1892//3798 1999//3798 1998//3798
f 1880//3799 1999//3799 1892//3799
f 2038//3800 2040//3800 2143//3800
f 2143//3800 2040//3800 2120//3800
f 2068//3801 2144//3801 2069//3801
f 2085//3802 2137//3802 2019//3802
f 2019//3803 2137//3803 2089//3803
f 2145//3804 2093//3804 2146//3804
f 2146//3805 2093//3805 2090//3805
f 2120//3806 2147//3806 2139//3806
f 2093//3807 2020//3807 2090//3807
f 2040//3808 2147//3808 2120//3808
f 2093//3809 2148//3809 2094//3809
f 2069//3810 2094//3810 2148//3810
f 1874//3811 2149//3811 2150//3811
f 2150//3812 2079//3812 1874//3812
f 2151//3813 2152//3813 2153//3813
f 2122//3814 2154//3814 2152//3814
f 2121//3815 2154//3815 2122//3815
f 2152//3816 2154//3816 2153//3816
f 2155//3817 2081//3817 2080//3817
f 2153//3818 2154//3818 2156//3818
f 2153//3819 2097//3819 2151//3819
f 2151//3820 2097//3820 2098//3820
f 2121//3821 2157//3821 2154//3821
f 2129//3822 2157//3822 2121//3822
f 2154//3823 2157//3823 2156//3823
f 2097//3824 2156//3824 2099//3824
f 2153//3825 2156//3825 2097//3825
f 2129//3826 2158//3826 2157//3826
f 2157//3823 2158//3823 2156//3823
f 2139//3826 2158//3826 2129//3826
f 2156//3827 2158//3827 2159//3827
f 2099//3828 2156//3828 2100//3828
f 2159//3829 2100//3829 2156//3829
f 2147//3830 2160//3830 2139//3830
f 2139//3826 2160//3826 2158//3826
f 2158//3831 2160//3831 2159//3831
f 2100//3832 2159//3832 2104//3832
f 2159//3833 2160//3833 2161//3833
f 2162//3834 2163//3834 2164//3834
f 2164//3835 2163//3835 2165//3835
f 2161//3836 2104//3836 2159//3836
f 2040//3837 2103//3837 2147//3837
f 2161//3838 2160//3838 2166//3838
f 2147//3839 2108//3839 2160//3839
f 2102//3840 2108//3840 2103//3840
f 2164//3841 1917//3841 2162//3841
f 2160//3842 2108//3842 2166//3842
f 2103//3843 2108//3843 2147//3843
f 2080//3844 1931//3844 2079//3844
f 2104//3845 2166//3845 2109//3845
f 2161//3846 2166//3846 2104//3846
f 2166//3847 2108//3847 2107//3847
f 2164//3848 2167//3848 1917//3848
f 1917//3849 2167//3849 1934//3849
f 1853//3850 1851//3850 2168//3850
f 2168//3851 1851//3851 2169//3851
f 1849//3852 2112//3852 1851//3852
f 1851//3853 2112//3853 2169//3853
f 2047//3854 2111//3854 1849//3854
f 2111//3855 2169//3855 2112//3855
f 1855//3856 2169//3856 2170//3856
f 2168//3857 2169//3857 1855//3857
f 2125//3858 2171//3858 2111//3858
f 2111//3859 2171//3859 2169//3859
f 1915//3860 1983//3860 1952//3860
f 2169//3861 2171//3861 2170//3861
f 1983//3862 1991//3862 1984//3862
f 1984//3863 1991//3863 1996//3863
f 2171//3864 2172//3864 2170//3864
f 2125//3865 2172//3865 2171//3865
f 2170//3866 2172//3866 2173//3866
f 2024//3867 2009//3867 2030//3867
f 2063//3868 2074//3868 2076//3868
f 2123//3869 2172//3869 2125//3869
f 2084//3870 2086//3870 2024//3870
f 2024//3871 2086//3871 2025//3871
f 2088//3872 2023//3872 2025//3872
f 2174//3873 2175//3873 1834//3873
f 1302//3874 2176//3874 1310//3874
f 1326//3875 2176//3875 2130//3875
f 2177//3876 2176//3876 1302//3876
f 1310//3877 2176//3877 1326//3877
f 1353//3878 1326//3878 2130//3878
f 2126//3879 2140//3879 1864//3879
f 1861//3880 2140//3880 2078//3880
f 2078//3881 2140//3881 2178//3881
f 1864//3882 2140//3882 1861//3882
f 2123//3883 2179//3883 2172//3883
f 2173//3884 2179//3884 2180//3884
f 2172//3885 2179//3885 2173//3885
f 1835//3886 2181//3886 2091//3886
f 2176//3887 2177//3887 2182//3887
f 2091//3888 2181//3888 2106//3888
f 2183//3889 2177//3889 2184//3889
f 2103//3890 2040//3890 2101//3890
f 1838//3891 2044//3891 2185//3891
f 1837//3892 2044//3892 1838//3892
f 2076//3893 2061//3893 2063//3893
f 2175//3894 2186//3894 2181//3894
f 2058//3895 2000//3895 2123//3895
f 2000//3896 2179//3896 2123//3896
f 2077//3897 2061//3897 2076//3897
f 2105//3898 2039//3898 2038//3898
f 2133//3899 1351//3899 2130//3899
f 2061//3900 2187//3900 2126//3900
f 2140//3901 2187//3901 2141//3901
f 2126//3902 2187//3902 2140//3902
f 2142//3903 2178//3903 2140//3903
f 2077//3904 2187//3904 2061//3904
f 2000//3905 1879//3905 2179//3905
f 2180//3906 1879//3906 1881//3906
f 2179//3907 1879//3907 2180//3907
f 1999//3908 1879//3908 2000//3908
f 2178//3909 2188//3909 2078//3909
f 2142//3910 2188//3910 2178//3910
f 2044//3911 2110//3911 2185//3911
f 2082//3912 2071//3912 2189//3912
f 2078//3913 2188//3913 2189//3913
f 2189//3914 2071//3914 2078//3914
f 2186//3915 2190//3915 2191//3915
f 2039//3916 2192//3916 2040//3916
f 2083//3917 2082//3917 2011//3917
f 2193//3918 2082//3918 2189//3918
f 2011//3919 2082//3919 2193//3919
f 2194//3920 1888//3920 2001//3920
f 2195//3921 1888//3921 2194//3921
f 2001//3922 1888//3922 1885//3922
f 2166//3923 2196//3923 2109//3923
f 2195//3924 2145//3924 1888//3924
f 2194//3925 2197//3925 2195//3925
f 2101//3926 2192//3926 2198//3926
f 2199//3927 2197//3927 2200//3927
f 2201//3928 2197//3928 2194//3928
f 2200//3929 2197//3929 2201//3929
f 1888//3930 2145//3930 2146//3930
f 2146//3931 2090//3931 2089//3931
f 2191//3932 2056//3932 2181//3932
f 2181//3933 2056//3933 2106//3933
f 2106//3934 2056//3934 2124//3934
f 2195//3935 2197//3935 2148//3935
f 2195//3936 2148//3936 2145//3936
f 2145//3937 2148//3937 2093//3937
f 2202//3938 2198//3938 2192//3938
f 2197//3939 2199//3939 2066//3939
f 2203//3940 2064//3940 2204//3940
f 2200//3941 2064//3941 2199//3941
f 2199//3942 2064//3942 2066//3942
f 2204//3943 2064//3943 2200//3943
f 2043//3944 2113//3944 2110//3944
f 2110//3945 2113//3945 2205//3945
f 2190//3946 2206//3946 2056//3946
f 2148//3947 2066//3947 2069//3947
f 2197//3948 2066//3948 2148//3948
f 1882//3949 2027//3949 1894//3949
f 1969//3950 1971//3950 2027//3950
f 1907//3951 1898//3951 1955//3951
f 1955//3952 1981//3952 1986//3952
f 1894//3953 1981//3953 1898//3953
f 1898//3954 1981//3954 1955//3954
f 1971//3955 1981//3955 2027//3955
f 2027//3956 1981//3956 1894//3956
f 1986//3957 1980//3957 1995//3957
f 2124//3958 2056//3958 2055//3958
f 2205//3959 2127//3959 2207//3959
f 2113//3960 2127//3960 2205//3960
f 2127//3961 2117//3961 2207//3961
f 2207//3962 2117//3962 2060//3962
f 1464//3963 2131//3963 1498//3963
f 2089//3964 2137//3964 2131//3964
f 2131//3965 2137//3965 2132//3965
f 2134//3966 2136//3966 1572//3966
f 2136//3967 2208//3967 1596//3967
f 1596//3968 2208//3968 1624//3968
f 2209//3969 2208//3969 2136//3969
f 1910//3970 1909//3970 2134//3970
f 1909//3971 2209//3971 2136//3971
f 2204//3972 2210//3972 2211//3972
f 2209//3973 2212//3973 2213//3973
f 2211//3974 2203//3974 2204//3974
f 1911//3975 2209//3975 1909//3975
f 2212//3976 2209//3976 2214//3976
f 2073//3977 1042//3977 2215//3977
f 2064//3978 2203//3978 2065//3978
f 2215//3979 2149//3979 2073//3979
f 2216//3980 2149//3980 2215//3980
f 2168//3981 1855//3981 1853//3981
f 2217//3982 2218//3982 1905//3982
f 2072//3983 1121//3983 1040//3983
f 2219//3984 2065//3984 2203//3984
f 2214//3985 2155//3985 2220//3985
f 2219//3986 2067//3986 2065//3986
f 2066//3987 2067//3987 2068//3987
f 2069//3988 2144//3988 2094//3988
f 1876//3989 2073//3989 1874//3989
f 2073//3990 2149//3990 1874//3990
f 2094//3991 2144//3991 2221//3991
f 2155//3992 2222//3992 2081//3992
f 1858//3993 2184//3993 1293//3993
f 2223//3994 2021//3994 2224//3994
f 2080//3995 2150//3995 2220//3995
f 2079//3996 2150//3996 2080//3996
f 2170//3997 2006//3997 1855//3997
f 1855//3998 2006//3998 1856//3998
f 2225//3999 2221//3999 2144//3999
f 2081//4000 2222//4000 1917//4000
f 1917//4001 2222//4001 2162//4001
f 2225//4002 2144//4002 2068//4002
f 2223//4003 2226//4003 2021//4003
f 2006//4004 2007//4004 1856//4004
f 1925//4005 2163//4005 2162//4005
f 1928//4006 2163//4006 1925//4006
f 1293//4007 2184//4007 1291//4007
f 1856//4008 2007//4008 1857//4008
f 2184//4009 2177//4009 1291//4009
f 1291//4010 2177//4010 1302//4010
f 1917//4011 1919//4011 2081//4011
f 1931//4012 1875//4012 2079//4012
f 2007//4013 1858//4013 1857//4013
f 2164//4014 2165//4014 2167//4014
f 1915//4015 1947//4015 1983//4015
f 1983//4016 1976//4016 1991//4016
f 2003//4017 2030//4017 2009//4017
f 2003//4018 2028//4018 2030//4018
f 1858//4019 2183//4019 2184//4019
f 2174//4020 2227//4020 2175//4020
f 2228//4021 2227//4021 2174//4021
f 1834//4022 2175//4022 1835//4022
f 2173//4023 2006//4023 2170//4023
f 2227//4024 2229//4024 2175//4024
f 1835//4025 2175//4025 2181//4025
f 2181//4026 2186//4026 2191//4026
f 2229//4027 2230//4027 2190//4027
f 2231//4028 2230//4028 2229//4028
f 2102//4029 2101//4029 2198//4029
f 2198//4030 2107//4030 2102//4030
f 2192//4031 2101//4031 2040//4031
f 2232//4032 2233//4032 2234//4032
f 2235//4033 2107//4033 2198//4033
f 2191//4034 2190//4034 2056//4034
f 2109//4035 2196//4035 2042//4035
f 2202//4036 2235//4036 2198//4036
f 2180//4037 2006//4037 2173//4037
f 2007//4038 1896//4038 1858//4038
f 2236//4039 2234//4039 2062//4039
f 2236//4040 2062//4040 2126//4040
f 1858//4041 1895//4041 2183//4041
f 1896//4042 1895//4042 1858//4042
f 1895//4043 1900//4043 2183//4043
f 2131//4044 1464//4044 1442//4044
f 1881//4045 2006//4045 2180//4045
f 2131//4046 2146//4046 2089//4046
f 1442//4047 2146//4047 2131//4047
f 2237//4048 2146//4048 1442//4048
f 2130//4049 2200//4049 2133//4049
f 1900//4050 2177//4050 2183//4050
f 2200//4051 2201//4051 2133//4051
f 2133//4052 2201//4052 1349//4052
f 2216//4053 1642//4053 1630//4053
f 2209//4054 2213//4054 2208//4054
f 1040//4055 1042//4055 2072//4055
f 1349//4056 2201//4056 2002//4056
f 2212//4057 2238//4057 2213//4057
f 2216//4058 2238//4058 2149//4058
f 2213//4059 2238//4059 2216//4059
f 2201//4060 2194//4060 2002//4060
f 2002//4061 2194//4061 2001//4061
f 2073//4062 2072//4062 1042//4062
f 2176//4063 2200//4063 2130//4063
f 2239//4064 2203//4064 2211//4064
f 2219//4065 2203//4065 2239//4065
f 1920//4066 1922//4066 1911//4066
f 1911//4067 1922//4067 2155//4067
f 1900//4068 1903//4068 2177//4068
f 2238//4069 2150//4069 2149//4069
f 2212//4070 2150//4070 2238//4070
f 2211//4071 2240//4071 2239//4071
f 2177//4072 2218//4072 2182//4072
f 1903//4073 2218//4073 2177//4073
f 2220//4074 2155//4074 2080//4074
f 2094//4075 2224//4075 2021//4075
f 2221//4076 2224//4076 2094//4076
f 2218//4077 2210//4077 2182//4077
f 1929//4078 2226//4078 1928//4078
f 2021//4079 2226//4079 1929//4079
f 2225//4080 2241//4080 2221//4080
f 2221//4081 2241//4081 2224//4081
f 2163//4082 1928//4082 2226//4082
f 2241//4083 2223//4083 2224//4083
f 2182//4084 2210//4084 2176//4084
f 2210//4085 2204//4085 2176//4085
f 2226//4086 2242//4086 2163//4086
f 2223//4087 2242//4087 2226//4087
f 2176//4088 2204//4088 2200//4088
f 1875//4089 1963//4089 1873//4089
f 2028//4090 2003//4090 1994//4090
f 2175//4091 2229//4091 2186//4091
f 1839//4092 1838//4092 2233//4092
f 2186//4093 2229//4093 2190//4093
f 2233//4094 1838//4094 2185//4094
f 1840//4095 2233//4095 2243//4095
f 1839//4096 2233//4096 1840//4096
f 2190//4097 2230//4097 2206//4097
f 2185//4098 2110//4098 2233//4098
f 2233//4099 2110//4099 2234//4099
f 2233//4100 2244//4100 2243//4100
f 1965//4101 2042//4101 2245//4101
f 2107//4102 2235//4102 2166//4102
f 2166//4103 2235//4103 2246//4103
f 2233//4104 2232//4104 2244//4104
f 2110//4105 2205//4105 2234//4105
f 2166//4106 2247//4106 2196//4106
f 2246//4107 2247//4107 2166//4107
f 2248//4108 2052//4108 2230//4108
f 2230//4109 2052//4109 2206//4109
f 2232//4110 2234//4110 2244//4110
f 2244//4111 2234//4111 2249//4111
f 1961//4112 1973//4112 2248//4112
f 2205//4113 2207//4113 2234//4113
f 2234//4114 2207//4114 2062//4114
f 1860//4115 2249//4115 2236//4115
f 2234//4116 2236//4116 2249//4116
f 2060//4117 2062//4117 2207//4117
f 2126//4118 1864//4118 2236//4118
f 2236//4119 1864//4119 1860//4119
f 1415//4120 1886//4120 1422//4120
f 1422//4121 1886//4121 1441//4121
f 1442//4122 1441//4122 2237//4122
f 1441//4123 1888//4123 2237//4123
f 1886//4124 1888//4124 1441//4124
f 2146//4125 2237//4125 1888//4125
f 1624//4126 2213//4126 1630//4126
f 2208//4127 2213//4127 1624//4127
f 1630//4128 2213//4128 2216//4128
f 1900//4129 1904//4129 1903//4129
f 2218//4130 1903//4130 1905//4130
f 2216//4131 2215//4131 1642//4131
f 2215//4132 1042//4132 1642//4132
f 1897//4133 2013//4133 2250//4133
f 2210//4134 2218//4134 2217//4134
f 2209//4135 1911//4135 2214//4135
f 2211//4136 2210//4136 2240//4136
f 2240//4137 2210//4137 2217//4137
f 2214//4138 1911//4138 2155//4138
f 1925//4139 1921//4139 1927//4139
f 2220//4140 2212//4140 2214//4140
f 2150//4141 2212//4141 2220//4141
f 2155//4142 1922//4142 2222//4142
f 1925//4143 2222//4143 1922//4143
f 2222//4144 1925//4144 2162//4144
f 2242//4145 2165//4145 2163//4145
f 1963//4146 1969//4146 1873//4146
f 1937//4147 1936//4147 1993//4147
f 1946//4148 2228//4148 1943//4148
f 1946//4149 2227//4149 2228//4149
f 1946//4150 1949//4150 2227//4150
f 2227//4151 1949//4151 2229//4151
f 1949//4152 1951//4152 2229//4152
f 2229//4153 1951//4153 2231//4153
f 2243//4154 1842//4154 1840//4154
f 2231//4155 1951//4155 2230//4155
f 2243//4156 1843//4156 1842//4156
f 1957//4157 2230//4157 1951//4157
f 2230//4158 1957//4158 2248//4158
f 1966//4159 1843//4159 1979//4159
f 2243//4160 2244//4160 1843//4160
f 1843//4161 2244//4161 1979//4161
f 1961//4162 2248//4162 1957//4162
f 2196//4163 2251//4163 2042//4163
f 2247//4164 2251//4164 2196//4164
f 2251//4165 2245//4165 2042//4165
f 1973//4166 2052//4166 2248//4166
f 2035//4167 2037//4167 2095//4167
f 2244//4168 2249//4168 1979//4168
f 2245//4169 1975//4169 1965//4169
f 2052//4170 2051//4170 2206//4170
f 2059//4171 2252//4171 1186//4171
f 1186//4172 2252//4172 1313//4172
f 1867//4173 2072//4173 1868//4173
f 1313//4174 1872//4174 1363//4174
f 2252//4175 1872//4175 1313//4175
f 2072//4176 1867//4176 1121//4176
f 1121//4177 1867//4177 2059//4177
f 1872//4178 1870//4178 1363//4178
f 2051//4179 2054//4179 2206//4179
f 2206//4180 2054//4180 2056//4180
f 1867//4181 1877//4181 2059//4181
f 1363//4182 1883//4182 1404//4182
f 1870//4183 1883//4183 1363//4183
f 1877//4184 2252//4184 2059//4184
f 2249//4168 1862//4168 1979//4168
f 2249//4185 1860//4185 1862//4185
f 1404//4186 1883//4186 1492//4186
f 2252//4187 1871//4187 1872//4187
f 1877//4188 1871//4188 2252//4188
f 1876//4189 1868//4189 2072//4189
f 1883//4190 1859//4190 1492//4190
f 1755//4191 2253//4191 1740//4191
f 1772//4192 2254//4192 2253//4192
f 1772//4193 2253//4193 1755//4193
f 2255//4194 2256//4194 2135//4194
f 1797//4195 2254//4195 1772//4195
f 2257//4196 2258//4196 1294//4196
f 2138//4197 2259//4197 2255//4197
f 1797//4198 1814//4198 2254//4198
f 2138//4199 2255//4199 2135//4199
f 1327//4200 2257//4200 1294//4200
f 1818//4201 1823//4201 1814//4201
f 2143//4202 2259//4202 2138//4202
f 2143//4203 2260//4203 2259//4203
f 1327//4204 2261//4204 2257//4204
f 2120//4205 2260//4205 2143//4205
f 2120//4206 2262//4206 2260//4206
f 1387//4207 2261//4207 1327//4207
f 2263//4208 2261//4208 1387//4208
f 2122//4209 2262//4209 2120//4209
f 1651//4210 2264//4210 1649//4210
f 2122//4211 2265//4211 2262//4211
f 1653//4212 2264//4212 1651//4212
f 2152//4213 2265//4213 2122//4213
f 1460//4214 2263//4214 1387//4214
f 2152//4215 2266//4215 2265//4215
f 1460//4216 2267//4216 2263//4216
f 1652//4217 2264//4217 1653//4217
f 2152//4218 2268//4218 2266//4218
f 2151//4219 2268//4219 2152//4219
f 1580//4220 2267//4220 1460//4220
f 2098//4221 2268//4221 2151//4221
f 1580//4222 2269//4222 2267//4222
f 2098//4223 2270//4223 2268//4223
f 1007//4224 2269//4224 1580//4224
f 2031//4225 2270//4225 2098//4225
f 2271//4226 2270//4226 2031//4226
f 1944//4227 2271//4227 2031//4227
f 1943//4228 2272//4228 2271//4228
f 1943//4229 2271//4229 1944//4229
f 2273//4230 2269//4230 1007//4230
f 1135//4231 2273//4231 1007//4231
f 1943//4232 2274//4232 2272//4232
f 2275//4233 2273//4233 1135//4233
f 2228//4234 2274//4234 1943//4234
f 1355//4235 2275//4235 1135//4235
f 2228//4236 2276//4236 2274//4236
f 2174//4237 2276//4237 2228//4237
f 1355//4238 2277//4238 2275//4238
f 2174//4239 2278//4239 2276//4239
f 1564//4240 2277//4240 1355//4240
f 1834//4241 2278//4241 2174//4241
f 1834//4242 2279//4242 2278//4242
f 2280//4243 2277//4243 1564//4243
f 1833//4244 2279//4244 1834//4244
f 1833//4245 2281//4245 2279//4245
f 1184//4246 2280//4246 1564//4246
f 2282//4247 2280//4247 1184//4247
f 2092//4248 2283//4248 2281//4248
f 2092//4249 2281//4249 1833//4249
f 1265//4250 2282//4250 1184//4250
f 2284//4251 2282//4251 1265//4251
f 1321//4252 2284//4252 1265//4252
f 1837//4253 2283//4253 2092//4253
f 1837//4254 1836//4254 2283//4254
f 1519//4255 2285//4255 2284//4255
f 1519//4256 2284//4256 1321//4256
f 2286//4257 2285//4257 1519//4257
f 1840//4258 2287//4258 1836//4258
f 1840//4259 2288//4259 2287//4259
f 1753//4260 2286//4260 1519//4260
f 1842//4261 2288//4261 1840//4261
f 1842//4262 1841//4262 2288//4262
f 1759//4263 1766//4263 1754//4263
f 1845//4264 2289//4264 1841//4264
f 1777//4265 2290//4265 1769//4265
f 1848//4266 2289//4266 1845//4266
f 2291//4267 2289//4267 1848//4267
f 1790//4268 2290//4268 1777//4268
f 1790//4269 1800//4269 2290//4269
f 1850//4270 2291//4270 1848//4270
f 1850//4271 2292//4271 2291//4271
f 1852//4272 2292//4272 1850//4272
f 1852//4273 2293//4273 2292//4273
f 1819//4274 2294//4274 1813//4274
f 1819//4275 1827//4275 2294//4275
f 1854//4276 2293//4276 1852//4276
f 1854//4277 2295//4277 2293//4277
f 1832//4278 2296//4278 1830//4278
f 1854//4279 2297//4279 2295//4279
f 1684//4280 2296//4280 1832//4280
f 1857//4281 2297//4281 1854//4281
f 1684//4282 1703//4282 2296//4282
f 1858//4283 2297//4283 1857//4283
f 1858//4284 2258//4284 2297//4284
f 1294//4285 2258//4285 1858//4285
f 1740//4286 2253//4286 1730//4286
f 2298//4287 2299//4287 2300//4287
f 2301//4288 2298//4288 2300//4288
f 2302//4289 2303//4289 2286//4289
f 2304//4290 2286//4290 1753//4290
f 2304//4291 2302//4291 2286//4291
f 2305//4292 2300//4292 2306//4292
f 2305//4293 2301//4293 2300//4293
f 2304//4294 1753//4294 1754//4294
f 2305//4295 2306//4295 2307//4295
f 2308//4296 2307//4296 2309//4296
f 2308//4297 2305//4297 2307//4297
f 2310//4298 1754//4298 1766//4298
f 2310//4299 2304//4299 1754//4299
f 2308//4300 2309//4300 2311//4300
f 2312//4301 2310//4301 1766//4301
f 2312//4302 1766//4302 1769//4302
f 2313//4303 2308//4303 2311//4303
f 2312//4304 1769//4304 2290//4304
f 2313//4305 2311//4305 2314//4305
f 2315//4306 2312//4306 2290//4306
f 2316//4307 2313//4307 2314//4307
f 2316//4308 2314//4308 2317//4308
f 2315//4309 2290//4309 1800//4309
f 2318//4310 2316//4310 2317//4310
f 2318//4311 2317//4311 2319//4311
f 2320//4312 2315//4312 1800//4312
f 2320//4313 1800//4313 1809//4313
f 2318//4314 2319//4314 2321//4314
f 2322//4315 2320//4315 1809//4315
f 2322//4316 1809//4316 1813//4316
f 2323//4317 2318//4317 2321//4317
f 2323//4318 2321//4318 2324//4318
f 2322//4319 1813//4319 2294//4319
f 2325//4320 2323//4320 2324//4320
f 2326//4321 2322//4321 2294//4321
f 2327//4322 2325//4322 2324//4322
f 2328//4323 2325//4323 2329//4323
f 2326//4324 2294//4324 1827//4324
f 2328//4325 2323//4325 2325//4325
f 2330//4326 2326//4326 1827//4326
f 2330//4327 1827//4327 1830//4327
f 2331//4328 2330//4328 1830//4328
f 2331//4329 1830//4329 2296//4329
f 2332//4330 2331//4330 2296//4330
f 2332//4331 2296//4331 1703//4331
f 2333//4332 2332//4332 1703//4332
f 2333//4333 1703//4333 1718//4333
f 2333//4334 1718//4334 1730//4334
f 2334//4335 2333//4335 1730//4335
f 2334//4336 1730//4336 2253//4336
f 2335//4337 2334//4337 2253//4337
f 2335//4338 2253//4338 2254//4338
f 2336//4339 2335//4339 2254//4339
f 2336//4340 2254//4340 1814//4340
f 2337//4341 2336//4341 1814//4341
f 2337//4342 1814//4342 1823//4342
f 2337//4343 1823//4343 1826//4343
f 2338//4344 2337//4344 1826//4344
f 2338//4345 1826//4345 1829//4345
f 2339//4346 1829//4346 1831//4346
f 2339//4347 2338//4347 1829//4347
f 2339//4348 1831//4348 1649//4348
f 2340//4349 2339//4349 1649//4349
f 2340//4350 1649//4350 2264//4350
f 2341//4351 2340//4351 2264//4351
f 2341//4352 2264//4352 2342//4352
f 2343//4353 2341//4353 2342//4353
f 2343//4354 2342//4354 2344//4354
f 2343//4355 2344//4355 2345//4355
f 2346//4356 2343//4356 2345//4356
f 2346//4357 2345//4357 2347//4357
f 2348//4358 2346//4358 2347//4358
f 2348//4359 2347//4359 2349//4359
f 2350//4360 2348//4360 2349//4360
f 2350//4361 2349//4361 2351//4361
f 2352//4362 2351//4362 2353//4362
f 2352//4363 2350//4363 2351//4363
f 2354//4364 2352//4364 2353//4364
f 2354//4365 2353//4365 2355//4365
f 2354//4366 2355//4366 2356//4366
f 2357//4367 2354//4367 2356//4367
f 2357//4368 2356//4368 2358//4368
f 2359//4369 2357//4369 2358//4369
f 2359//4370 2358//4370 2360//4370
f 2359//4371 2360//4371 2361//4371
f 2362//4372 2359//4372 2361//4372
f 2362//4373 2361//4373 2363//4373
f 2298//4374 2362//4374 2363//4374
f 2298//4375 2363//4375 2299//4375
f 2364//4376 2365//4376 2366//4376
f 2367//4377 2368//4377 2369//4377
f 2370//4378 2371//4378 2372//4378
f 2373//4379 2374//4379 2375//4379
f 2376//4380 2377//4380 2378//4380
f 2366//4381 2379//4381 2375//4381
f 2380//4382 2381//4382 2382//4382
f 2383//4383 2384//4383 2385//4383
f 2373//4384 2375//4384 2379//4384
f 2365//4385 2379//4385 2366//4385
f 2386//4386 2376//4386 2383//4386
f 2386//4387 2387//4387 2388//4387
f 2389//4388 2370//4388 2372//4388
f 2390//4389 2370//4389 2391//4389
f 2392//4390 2365//4390 2364//4390
f 2392//4391 2364//4391 2368//4391
f 2393//4392 2394//4392 2395//4392
f 2393//4393 2396//4393 2394//4393
f 2394//4394 2384//4394 2376//4394
f 2394//4395 2376//4395 2378//4395
f 2397//4396 2369//4396 2398//4396
f 2382//4397 2390//4397 2391//4397
f 2384//4398 2396//4398 2399//4398
f 2394//4399 2378//4399 2395//4399
f 2397//4400 2367//4400 2369//4400
f 2393//4401 2395//4401 2400//4401
f 2401//4402 2379//4402 2365//4402
f 2392//4403 2368//4403 2367//4403
f 2402//4404 2373//4404 2379//4404
f 2401//4405 2365//4405 2392//4405
f 2398//4406 2403//4406 2397//4406
f 2402//4407 2379//4407 2401//4407
f 2404//4408 2393//4408 2400//4408
f 2405//4409 2382//4409 2391//4409
f 2367//4410 2406//4410 2392//4410
f 2367//4411 2397//4411 2406//4411
f 2407//4412 2397//4412 2403//4412
f 2408//4413 2374//4413 2373//4413
f 2409//4414 2395//4414 2378//4414
f 2410//4415 2411//4415 2378//4415
f 2412//4416 2413//4416 2414//4416
f 2415//4417 2401//4417 2392//4417
f 2412//4418 2405//4418 2391//4418
f 2409//4419 2411//4419 2416//4419
f 2409//4420 2378//4420 2411//4420
f 2417//4421 2418//4421 2419//4421
f 2400//4422 2419//4422 2404//4422
f 2420//4423 2402//4423 2401//4423
f 2407//4424 2406//4424 2397//4424
f 2408//4425 2421//4425 2422//4425
f 2395//4426 2409//4426 2416//4426
f 2395//4427 2416//4427 2423//4427
f 2415//4428 2392//4428 2406//4428
f 2407//4429 2424//4429 2406//4429
f 2420//4430 2401//4430 2415//4430
f 2410//4431 2425//4431 2411//4431
f 2408//4432 2426//4432 2421//4432
f 2414//4433 2405//4433 2412//4433
f 2427//4434 2407//4434 2403//4434
f 2427//4435 2428//4435 2407//4435
f 2429//4436 2430//4436 2411//4436
f 2431//4437 2432//4437 2405//4437
f 2433//4438 2373//4438 2402//4438
f 2433//4439 2408//4439 2373//4439
f 2434//4440 2415//4440 2406//4440
f 2431//4441 2405//4441 2414//4441
f 2427//4442 2435//4442 2428//4442
f 2427//4443 2432//4443 2435//4443
f 2433//4444 2436//4444 2426//4444
f 2433//4445 2426//4445 2408//4445
f 2430//4446 2416//4446 2411//4446
f 2429//4447 2411//4447 2425//4447
f 2423//4448 2417//4448 2419//4448
f 2423//4449 2437//4449 2417//4449
f 2433//4450 2402//4450 2420//4450
f 2428//4451 2424//4451 2407//4451
f 2438//4452 2439//4452 2414//4452
f 2440//4453 2414//4453 2441//4453
f 2442//4454 2436//4454 2433//4454
f 2435//4455 2443//4455 2444//4455
f 2428//4456 2445//4456 2424//4456
f 2446//4457 2447//4457 2429//4457
f 2434//4458 2420//4458 2415//4458
f 2442//4459 2433//4459 2448//4459
f 2448//4460 2433//4460 2420//4460
f 2416//4461 2437//4461 2423//4461
f 2439//4462 2438//4462 2449//4462
f 2450//4463 2425//4463 2451//4463
f 2450//4464 2446//4464 2425//4464
f 2430//4465 2437//4465 2416//4465
f 2434//4466 2406//4466 2424//4466
f 2448//4467 2420//4467 2452//4467
f 2453//4468 2425//4468 2421//4468
f 2430//4469 2454//4469 2437//4469
f 2450//4470 2447//4470 2446//4470
f 2450//4471 2455//4471 2447//4471
f 2453//4472 2421//4472 2426//4472
f 2434//4473 2452//4473 2420//4473
f 2456//4474 2449//4474 2457//4474
f 2458//4475 2434//4475 2424//4475
f 2429//4476 2454//4476 2430//4476
f 2459//4477 2443//4477 2460//4477
f 2456//4478 2439//4478 2449//4478
f 2448//4479 2461//4479 2442//4479
f 2444//4480 2428//4480 2435//4480
f 2458//4481 2452//4481 2434//4481
f 2461//4482 2448//4482 2452//4482
f 2429//4483 2447//4483 2454//4483
f 2462//4484 2450//4484 2451//4484
f 2441//4485 2439//4485 2463//4485
f 2436//4486 2453//4486 2426//4486
f 2444//4487 2445//4487 2428//4487
f 2462//4488 2451//4488 2464//4488
f 2451//4489 2425//4489 2453//4489
f 2462//4490 2455//4490 2450//4490
f 2465//4491 2466//4491 2460//4491
f 2465//4492 2441//4492 2467//4492
f 2468//4493 2452//4493 2469//4493
f 2458//4494 2424//4494 2445//4494
f 2468//4495 2461//4495 2452//4495
f 2462//4496 2470//4496 2455//4496
f 2463//4497 2467//4497 2441//4497
f 2463//4498 2471//4498 2472//4498
f 2463//4499 2456//4499 2471//4499
f 2451//4500 2453//4500 2436//4500
f 2466//4501 2473//4501 2460//4501
f 2474//4502 2462//4502 2464//4502
f 2475//4503 2458//4503 2445//4503
f 2475//4504 2452//4504 2458//4504
f 2444//4505 2476//4505 2445//4505
f 2467//4506 2466//4506 2465//4506
f 2467//4507 2477//4507 2466//4507
f 2474//4508 2470//4508 2462//4508
f 2464//4509 2436//4509 2442//4509
f 2459//4510 2444//4510 2443//4510
f 2474//4511 2478//4511 2470//4511
f 2475//4512 2469//4512 2452//4512
f 2479//4513 2468//4513 2469//4513
f 2480//4514 2472//4514 2471//4514
f 2480//4515 2471//4515 2481//4515
f 2464//4516 2451//4516 2436//4516
f 2477//4517 2467//4517 2482//4517
f 2483//4518 2475//4518 2445//4518
f 2484//4519 2478//4519 2474//4519
f 2484//4520 2485//4520 2478//4520
f 2486//4521 2477//4521 2482//4521
f 2486//4522 2487//4522 2477//4522
f 2473//4523 2476//4523 2444//4523
f 2473//4524 2444//4524 2459//4524
f 2488//4525 2464//4525 2442//4525
f 2463//4526 2439//4526 2456//4526
f 2483//4527 2445//4527 2476//4527
f 2489//4528 2479//4528 2469//4528
f 2489//4529 2490//4529 2479//4529
f 2473//4530 2459//4530 2460//4530
f 2483//4531 2469//4531 2475//4531
f 2491//4532 2492//4532 2480//4532
f 2488//4533 2442//4533 2461//4533
f 2493//4534 2487//4534 2494//4534
f 2495//4535 2483//4535 2476//4535
f 2496//4536 2485//4536 2484//4536
f 2496//4537 2497//4537 2485//4537
f 2498//4538 2499//4538 2500//4538
f 2473//4539 2501//4539 2476//4539
f 2490//4540 2489//4540 2502//4540
f 2474//4541 2464//4541 2488//4541
f 2503//4542 2487//4542 2486//4542
f 2503//4543 2486//4543 2504//4543
f 2487//4544 2505//4544 2494//4544
f 2506//4545 2507//4545 2498//4545
f 2508//4546 2509//4546 2491//4546
f 2506//4547 2510//4547 2507//4547
f 2511//4548 2497//4548 2496//4548
f 2512//4549 2490//4549 2502//4549
f 2511//4550 2496//4550 2513//4550
f 2514//4551 2510//4551 2506//4551
f 2495//4552 2489//4552 2469//4552
f 2495//4553 2469//4553 2483//4553
f 2482//4554 2463//4554 2472//4554
f 2482//4555 2467//4555 2463//4555
f 2515//4556 2488//4556 2461//4556
f 2515//4557 2461//4557 2468//4557
f 2514//4558 2506//4558 2516//4558
f 2516//4559 2506//4559 2517//4559
f 2484//4560 2474//4560 2488//4560
f 2512//4561 2502//4561 2518//4561
f 2519//4562 2509//4562 2508//4562
f 2520//4563 2503//4563 2504//4563
f 2495//4564 2476//4564 2501//4564
f 2484//4565 2488//4565 2515//4565
f 2519//4566 2508//4566 2521//4566
f 2522//4567 2511//4567 2513//4567
f 2522//4568 2523//4568 2511//4568
f 2518//4569 2524//4569 2512//4569
f 2492//4570 2482//4570 2472//4570
f 2493//4571 2473//4571 2466//4571
f 2525//4572 2519//4572 2521//4572
f 2493//4573 2466//4573 2477//4573
f 2526//4574 2495//4574 2501//4574
f 2527//4575 2518//4575 2528//4575
f 2493//4576 2501//4576 2473//4576
f 2518//4577 2527//4577 2524//4577
f 2529//4578 2530//4578 2520//4578
f 2531//4579 2523//4579 2522//4579
f 2529//4580 2520//4580 2532//4580
f 2502//4581 2489//4581 2495//4581
f 2525//4582 2533//4582 2532//4582
f 2515//4583 2468//4583 2479//4583
f 2493//4584 2477//4584 2487//4584
f 2534//4585 2527//4585 2528//4585
f 2496//4586 2484//4586 2515//4586
f 2529//4587 2535//4587 2530//4587
f 2531//4588 2536//4588 2523//4588
f 2534//4589 2528//4589 2537//4589
f 2513//4590 2515//4590 2479//4590
f 2538//4591 2533//4591 2525//4591
f 2538//4592 2539//4592 2533//4592
f 2502//4593 2495//4593 2526//4593
f 2540//4594 2536//4594 2531//4594
f 2533//4595 2535//4595 2529//4595
f 2541//4596 2536//4596 2540//4596
f 2537//4597 2542//4597 2534//4597
f 2494//4598 2501//4598 2493//4598
f 2541//4599 2543//4599 2536//4599
f 2544//4600 2535//4600 2533//4600
f 2496//4601 2515//4601 2513//4601
f 2545//4602 2542//4602 2537//4602
f 2545//4603 2546//4603 2542//4603
f 2547//4604 2548//4604 2539//4604
f 2547//4605 2539//4605 2538//4605
f 2513//4606 2479//4606 2490//4606
f 2549//4607 2526//4607 2501//4607
f 2550//4608 2543//4608 2541//4608
f 2545//4609 2551//4609 2546//4609
f 2550//4610 2552//4610 2543//4610
f 2553//4611 2544//4611 2554//4611
f 2550//4612 2546//4612 2552//4612
f 2555//4613 2551//4613 2545//4613
f 2556//4614 2548//4614 2547//4614
f 2556//4615 2557//4615 2548//4615
f 2554//4616 2558//4616 2553//4616
f 2555//4617 2559//4617 2551//4617
f 2526//4618 2518//4618 2502//4618
f 2556//4619 2560//4619 2561//4619
f 2556//4620 2561//4620 2557//4620
f 2557//4621 2558//4621 2554//4621
f 2557//4622 2562//4622 2558//4622
f 2557//4623 2561//4623 2562//4623
f 2563//4624 2564//4624 2565//4624
f 2565//4625 2564//4625 2566//4625
f 2567//4626 2568//4626 2569//4626
f 2570//4627 2571//4627 2572//4627
f 2549//4628 2501//4628 2494//4628
f 2573//4629 2574//4629 2575//4629
f 2576//4630 2516//4630 2577//4630
f 2576//4631 2578//4631 2516//4631
f 2574//4632 2579//4632 2575//4632
f 2580//4633 2516//4633 2578//4633
f 2581//4634 2549//4634 2494//4634
f 2582//4635 2513//4635 2490//4635
f 2505//4636 2583//4636 2494//4636
f 2580//4637 2584//4637 2585//4637
f 2574//4638 2586//4638 2587//4638
f 2574//4639 2588//4639 2586//4639
f 2549//4640 2518//4640 2526//4640
f 2549//4641 2528//4641 2518//4641
f 2589//4642 2585//4642 2584//4642
f 2578//4643 2590//4643 2591//4643
f 2582//4644 2490//4644 2512//4644
f 2584//4645 2580//4645 2592//4645
f 2522//4646 2513//4646 2582//4646
f 2593//4647 2594//4647 2589//4647
f 2586//4648 2588//4648 2595//4648
f 2596//4649 2583//4649 2505//4649
f 2592//4650 2591//4650 2597//4650
f 2598//4651 2588//4651 2599//4651
f 2594//4652 2593//4652 2600//4652
f 2591//4653 2592//4653 2578//4653
f 2597//4654 2584//4654 2592//4654
f 2528//4655 2549//4655 2581//4655
f 2595//4656 2588//4656 2598//4656
f 2581//4657 2494//4657 2583//4657
f 2591//4658 2601//4658 2597//4658
f 2593//4659 2597//4659 2602//4659
f 2531//4660 2522//4660 2582//4660
f 2591//4661 2603//4661 2601//4661
f 2524//4662 2582//4662 2512//4662
f 2604//4663 2590//4663 2605//4663
f 2600//4664 2606//4664 2607//4664
f 2608//4665 2603//4665 2604//4665
f 2531//4666 2582//4666 2524//4666
f 2595//4667 2598//4667 2609//4667
f 2419//4668 2610//4668 2404//4668
f 2611//4669 2612//4669 2604//4669
f 2596//4670 2613//4670 2583//4670
f 2611//4671 2604//4671 2605//4671
f 2583//4672 2528//4672 2581//4672
f 2609//4673 2598//4673 2370//4673
f 2614//4674 2366//4674 2602//4674
f 2608//4675 2604//4675 2612//4675
f 2387//4676 2607//4676 2606//4676
f 2615//4677 2387//4677 2606//4677
f 2608//4678 2612//4678 2616//4678
f 2381//4679 2612//4679 2611//4679
f 2615//4680 2602//4680 2366//4680
f 2583//4681 2537//4681 2528//4681
f 2617//4682 2596//4682 2530//4682
f 2423//4683 2400//4683 2395//4683
f 2366//4684 2375//4684 2615//4684
f 2381//4685 2611//4685 2609//4685
f 2617//4686 2613//4686 2596//4686
f 2388//4687 2387//4687 2615//4687
f 2387//4688 2386//4688 2383//4688
f 2533//4689 2529//4689 2532//4689
f 2423//4690 2419//4690 2400//4690
f 2540//4691 2531//4691 2524//4691
f 2388//4692 2375//4692 2374//4692
f 2398//4693 2612//4693 2381//4693
f 2370//4694 2389//4694 2391//4694
f 2374//4695 2386//4695 2388//4695
f 2613//4696 2537//4696 2583//4696
f 2384//4697 2383//4697 2376//4697
f 2376//4698 2386//4698 2377//4698
f 2398//4699 2380//4699 2403//4699
f 2541//4700 2524//4700 2527//4700
f 2541//4701 2527//4701 2534//4701
f 2398//4702 2381//4702 2380//4702
f 2394//4703 2396//4703 2384//4703
f 2422//4704 2386//4704 2374//4704
f 2617//4705 2618//4705 2613//4705
f 2541//4706 2540//4706 2524//4706
f 2617//4707 2530//4707 2535//4707
f 2391//4708 2389//4708 2413//4708
f 2413//4709 2389//4709 2619//4709
f 2413//4710 2412//4710 2391//4710
f 2377//4711 2410//4711 2378//4711
f 2422//4712 2374//4712 2408//4712
f 2405//4713 2380//4713 2382//4713
f 2405//4714 2432//4714 2380//4714
f 2545//4715 2613//4715 2620//4715
f 2545//4716 2537//4716 2613//4716
f 2621//4717 2413//4717 2619//4717
f 2403//4718 2432//4718 2427//4718
f 2403//4719 2380//4719 2432//4719
f 2413//4720 2438//4720 2414//4720
f 2432//4721 2431//4721 2440//4721
f 2541//4722 2534//4722 2542//4722
f 2621//4723 2438//4723 2413//4723
f 2620//4724 2613//4724 2618//4724
f 2432//4725 2440//4725 2435//4725
f 2438//4726 2621//4726 2449//4726
f 2429//4727 2425//4727 2446//4727
f 2440//4728 2431//4728 2414//4728
f 2535//4729 2618//4729 2617//4729
f 2440//4730 2443//4730 2435//4730
f 2441//4731 2443//4731 2440//4731
f 2465//4732 2443//4732 2441//4732
f 2471//4733 2456//4733 2457//4733
f 2460//4734 2443//4734 2465//4734
f 2492//4735 2472//4735 2480//4735
f 2482//4736 2492//4736 2486//4736
f 2550//4737 2541//4737 2542//4737
f 2544//4738 2533//4738 2539//4738
f 2504//4739 2486//4739 2492//4739
f 2509//4740 2492//4740 2491//4740
f 2504//4741 2492//4741 2509//4741
f 2503//4742 2596//4742 2505//4742
f 2503//4743 2505//4743 2487//4743
f 2535//4744 2622//4744 2618//4744
f 2504//4745 2509//4745 2520//4745
f 2596//4746 2503//4746 2520//4746
f 2554//4747 2544//4747 2539//4747
f 2519//4748 2532//4748 2509//4748
f 2520//4749 2509//4749 2532//4749
f 2530//4750 2596//4750 2520//4750
f 2532//4751 2519//4751 2525//4751
f 2567//4752 2571//4752 2570//4752
f 2570//4753 2568//4753 2567//4753
f 2577//4754 2574//4754 2576//4754
f 2618//4755 2545//4755 2620//4755
f 2618//4756 2555//4756 2545//4756
f 2577//4757 2579//4757 2574//4757
f 2548//4758 2554//4758 2539//4758
f 2622//4759 2535//4759 2544//4759
f 2605//4760 2587//4760 2586//4760
f 2550//4761 2542//4761 2546//4761
f 2383//4762 2385//4762 2387//4762
f 2369//4763 2612//4763 2398//4763
f 2422//4764 2421//4764 2410//4764
f 2422//4765 2377//4765 2386//4765
f 2422//4766 2410//4766 2377//4766
f 2421//4767 2425//4767 2410//4767
f 2441//4768 2414//4768 2439//4768
f 2622//4769 2544//4769 2553//4769
f 2623//4770 2618//4770 2622//4770
f 2624//4771 2622//4771 2553//4771
f 2624//4772 2625//4772 2622//4772
f 2623//4773 2555//4773 2618//4773
f 2625//4774 2623//4774 2622//4774
f 2557//4775 2554//4775 2548//4775
f 2551//4776 2552//4776 2546//4776
f 2624//4777 2626//4777 2625//4777
f 2624//4778 2553//4778 2558//4778
f 2625//4779 2555//4779 2623//4779
f 2625//4780 2627//4780 2555//4780
f 2558//4781 2626//4781 2624//4781
f 2551//4782 2628//4782 2552//4782
f 2627//4783 2625//4783 2626//4783
f 2559//4784 2555//4784 2627//4784
f 2629//4785 2551//4785 2559//4785
f 2562//4786 2626//4786 2558//4786
f 2561//4787 2630//4787 2562//4787
f 2631//4788 2559//4788 2627//4788
f 2626//4789 2632//4789 2627//4789
f 2629//4790 2628//4790 2551//4790
f 2629//4791 2559//4791 2631//4791
f 2631//4792 2627//4792 2632//4792
f 2632//4793 2626//4793 2562//4793
f 2633//4794 2560//4794 2634//4794
f 2633//4795 2561//4795 2560//4795
f 2632//4796 2562//4796 2635//4796
f 2633//4797 2630//4797 2561//4797
f 2629//4798 2636//4798 2628//4798
f 2630//4799 2635//4799 2562//4799
f 2630//4800 2637//4800 2635//4800
f 2629//4801 2631//4801 2638//4801
f 2638//4802 2631//4802 2632//4802
f 2639//4803 2633//4803 2634//4803
f 2638//4804 2636//4804 2629//4804
f 2638//4805 2632//4805 2635//4805
f 2637//4806 2630//4806 2633//4806
f 2640//4807 2639//4807 2634//4807
f 2639//4808 2641//4808 2633//4808
f 2642//4809 2638//4809 2635//4809
f 2641//4810 2637//4810 2633//4810
f 2643//4811 2635//4811 2637//4811
f 2639//4812 2644//4812 2641//4812
f 2638//4813 2645//4813 2636//4813
f 2643//4814 2637//4814 2641//4814
f 2642//4815 2645//4815 2638//4815
f 2646//4816 2642//4816 2635//4816
f 2646//4817 2635//4817 2643//4817
f 2647//4818 2639//4818 2640//4818
f 2648//4819 2644//4819 2649//4819
f 2647//4820 2649//4820 2644//4820
f 2647//4821 2644//4821 2639//4821
f 2644//4822 2648//4822 2643//4822
f 2644//4823 2643//4823 2641//4823
f 2646//4824 2645//4824 2642//4824
f 2650//4825 2648//4825 2649//4825
f 2651//4826 2649//4826 2652//4826
f 2646//4827 2653//4827 2645//4827
f 2654//4828 2650//4828 2649//4828
f 2648//4829 2646//4829 2643//4829
f 2654//4830 2649//4830 2651//4830
f 2655//4831 2652//4831 2649//4831
f 2655//4832 2649//4832 2647//4832
f 2656//4833 2651//4833 2563//4833
f 2657//4834 2654//4834 2651//4834
f 2657//4835 2651//4835 2656//4835
f 2650//4836 2646//4836 2648//4836
f 2650//4837 2653//4837 2646//4837
f 2658//4838 2651//4838 2652//4838
f 2569//4839 2656//4839 2563//4839
f 2563//4840 2651//4840 2658//4840
f 2650//4841 2659//4841 2653//4841
f 2654//4842 2659//4842 2650//4842
f 2654//4843 2660//4843 2659//4843
f 2567//4844 2569//4844 2565//4844
f 2657//4845 2660//4845 2654//4845
f 2571//4846 2567//4846 2565//4846
f 2569//4847 2563//4847 2565//4847
f 2571//4848 2565//4848 2661//4848
f 2657//4849 2656//4849 2569//4849
f 2657//4850 2568//4850 2660//4850
f 2569//4851 2568//4851 2657//4851
f 2661//4852 2565//4852 2566//4852
f 2662//4853 2571//4853 2661//4853
f 2662//4854 2661//4854 2663//4854
f 2664//4855 2663//4855 2661//4855
f 2572//4856 2571//4856 2662//4856
f 2665//4857 2666//4857 2664//4857
f 2663//4858 2572//4858 2662//4858
f 2666//4859 2663//4859 2664//4859
f 2663//4860 2667//4860 2572//4860
f 2666//4861 2667//4861 2663//4861
f 2668//4862 2666//4862 2665//4862
f 2669//4863 2666//4863 2668//4863
f 2669//4864 2667//4864 2666//4864
f 2670//4865 2668//4865 2665//4865
f 2670//4866 2665//4866 2303//4866
f 2669//4867 2671//4867 2667//4867
f 2668//4868 2671//4868 2669//4868
f 2670//4869 2303//4869 2302//4869
f 2672//4870 2668//4870 2670//4870
f 2672//4871 2671//4871 2668//4871
f 2670//4872 2302//4872 2672//4872
f 2673//4873 2498//4873 2500//4873
f 2673//4874 2506//4874 2498//4874
f 2517//4875 2506//4875 2673//4875
f 2673//4876 2575//4876 2579//4876
f 2579//4877 2517//4877 2673//4877
f 2577//4878 2517//4878 2579//4878
f 2516//4879 2517//4879 2577//4879
f 2514//4880 2516//4880 2580//4880
f 2585//4881 2514//4881 2580//4881
f 2514//4882 2585//4882 2674//4882
f 2576//4883 2574//4883 2587//4883
f 2589//4884 2674//4884 2585//4884
f 2589//4885 2675//4885 2674//4885
f 2594//4886 2675//4886 2589//4886
f 2588//4887 2574//4887 2573//4887
f 2592//4888 2580//4888 2578//4888
f 2578//4889 2576//4889 2587//4889
f 2587//4890 2590//4890 2578//4890
f 2593//4891 2584//4891 2597//4891
f 2605//4892 2590//4892 2587//4892
f 2593//4893 2589//4893 2584//4893
f 2607//4894 2676//4894 2677//4894
f 2603//4895 2591//4895 2590//4895
f 2595//4896 2611//4896 2586//4896
f 2600//4897 2593//4897 2606//4897
f 2600//4898 2607//4898 2677//4898
f 2611//4899 2605//4899 2586//4899
f 2364//4900 2614//4900 2678//4900
f 2604//4901 2603//4901 2590//4901
f 2601//4902 2614//4902 2597//4902
f 2601//4903 2678//4903 2614//4903
f 2385//4904 2676//4904 2607//4904
f 2598//4905 2599//4905 2371//4905
f 2606//4906 2593//4906 2602//4906
f 2601//4907 2603//4907 2678//4907
f 2602//4908 2597//4908 2614//4908
f 2595//4909 2609//4909 2611//4909
f 2364//4910 2678//4910 2616//4910
f 2608//4911 2678//4911 2603//4911
f 2678//4912 2608//4912 2616//4912
f 2615//4913 2606//4913 2602//4913
f 2368//4914 2364//4914 2616//4914
f 2387//4915 2385//4915 2607//4915
f 2616//4916 2612//4916 2368//4916
f 2384//4917 2399//4917 2385//4917
f 2370//4918 2598//4918 2371//4918
f 2364//4919 2366//4919 2614//4919
f 2615//4920 2375//4920 2388//4920
f 2609//4921 2370//4921 2390//4921
f 2382//4922 2381//4922 2609//4922
f 2382//4923 2609//4923 2390//4923
f 2369//4924 2368//4924 2612//4924
f 2679//4925 2269//4925 2273//4925
f 2680//4926 2681//4926 2682//4926
f 2683//4927 2684//4927 2685//4927
f 2686//4928 2687//4928 2688//4928
f 2689//4929 2690//4929 2691//4929
f 2692//4930 2693//4930 2694//4930
f 2695//4931 2696//4931 2697//4931
f 2698//4932 2699//4932 2700//4932
f 2701//4933 2702//4933 2703//4933
f 2704//4934 2705//4934 2706//4934
f 2689//4935 2707//4935 2690//4935
f 2708//4936 2709//4936 2710//4936
f 2692//4937 2711//4937 2693//4937
f 2697//4938 2696//4938 2712//4938
f 2680//4939 2713//4939 2681//4939
f 2714//4940 2715//4940 2716//4940
f 2683//4941 2712//4941 2684//4941
f 2716//4942 2690//4942 2707//4942
f 2717//4943 2693//4943 2718//4943
f 2719//4944 2720//4944 2721//4944
f 2722//4945 2679//4945 2723//4945
f 2724//4946 2680//4946 2725//4946
f 2726//4947 2727//4947 2728//4947
f 2729//4948 2702//4948 2701//4948
f 2698//4949 2730//4949 2731//4949
f 2732//4950 2733//4950 2727//4950
f 2732//4951 2727//4951 2726//4951
f 2734//4952 2731//4952 2730//4952
f 2700//4953 2730//4953 2698//4953
f 2735//4954 2721//4954 2736//4954
f 2723//4955 2679//4955 2273//4955
f 2729//4956 2737//4956 2702//4956
f 2692//4957 2738//4957 2739//4957
f 2740//4958 2741//4958 2742//4958
f 2724//4959 2713//4959 2680//4959
f 2743//4960 2744//4960 2745//4960
f 2743//4961 2746//4961 2744//4961
f 2730//4962 2747//4962 2734//4962
f 2748//4963 2723//4963 2749//4963
f 2748//4964 2722//4964 2723//4964
f 2750//4965 2737//4965 2729//4965
f 2751//4966 2692//4966 2739//4966
f 2752//4967 2753//4967 2740//4967
f 2754//4968 2735//4968 2747//4968
f 2719//4969 2735//4969 2755//4969
f 2756//4970 2757//4970 2758//4970
f 2759//4971 2760//4971 2761//4971
f 2762//4972 2687//4972 2686//4972
f 2762//4973 2763//4973 2687//4973
f 2746//4974 2743//4974 2764//4974
f 2751//4975 2739//4975 2765//4975
f 2696//4976 2766//4976 2712//4976
f 2767//4977 2714//4977 2716//4977
f 2745//4978 2763//4978 2762//4978
f 2747//4979 2768//4979 2754//4979
f 2768//4980 2747//4980 2730//4980
f 2769//4981 2770//4981 2771//4981
f 2772//4982 2737//4982 2750//4982
f 2769//4983 2771//4983 2773//4983
f 2774//4984 2753//4984 2752//4984
f 2748//4985 2775//4985 2722//4985
f 2776//4986 2691//4986 2777//4986
f 2778//4987 2759//4987 2761//4987
f 2779//4988 2780//4988 2781//4988
f 2768//4989 2730//4989 2782//4989
f 2783//4990 2784//4990 2714//4990
f 2783//4991 2714//4991 2767//4991
f 2785//4992 2742//4992 2786//4992
f 2759//4993 2787//4993 2788//4993
f 2789//4994 2790//4994 2746//4994
f 2779//4995 2791//4995 2780//4995
f 2792//4996 2793//4996 2782//4996
f 2792//4997 2782//4997 2730//4997
f 2689//4998 2691//4998 2776//4998
f 2794//4999 2761//4999 2732//4999
f 2795//5000 2796//5000 2756//5000
f 2794//5001 2778//5001 2761//5001
f 2797//5002 2707//5002 2689//5002
f 2798//5003 2799//5003 2800//5003
f 2779//5004 2781//5004 2801//5004
f 2802//5005 2803//5005 2804//5005
f 2778//5006 2787//5006 2759//5006
f 2805//5007 2806//5007 2772//5007
f 2793//5008 2792//5008 2804//5008
f 2807//5009 2791//5009 2779//5009
f 2808//5010 2768//5010 2372//5010
f 2767//5011 2716//5011 2707//5011
f 2809//5012 2810//5012 2811//5012
f 2812//5013 2774//5013 2752//5013
f 2812//5014 2752//5014 2785//5014
f 2809//5015 2813//5015 2810//5015
f 2778//5016 2814//5016 2787//5016
f 2815//5017 2588//5017 2573//5017
f 2816//5018 2745//5018 2809//5018
f 2816//5019 2743//5019 2745//5019
f 2817//5020 2793//5020 2804//5020
f 2813//5021 2791//5021 2810//5021
f 2679//5022 2818//5022 2269//5022
f 2815//5023 2599//5023 2588//5023
f 2815//5024 2755//5024 2599//5024
f 2819//5025 2820//5025 2821//5025
f 2779//5026 2801//5026 2822//5026
f 2805//5027 2823//5027 2806//5027
f 2824//5028 2825//5028 2765//5028
f 2808//5029 2371//5029 2599//5029
f 2803//5030 2826//5030 2817//5030
f 2827//5031 2785//5031 2828//5031
f 2827//5032 2812//5032 2785//5032
f 2779//5033 2822//5033 2829//5033
f 2371//5034 2808//5034 2372//5034
f 2794//5035 2814//5035 2778//5035
f 2811//5036 2816//5036 2809//5036
f 2830//5037 2798//5037 2831//5037
f 2830//5038 2831//5038 2832//5038
f 2833//5039 2834//5039 2830//5039
f 2803//5040 2835//5040 2826//5040
f 2836//5041 2837//5041 2771//5041
f 2838//5042 2824//5042 2839//5042
f 2840//5043 2707//5043 2797//5043
f 2619//5044 2389//5044 2782//5044
f 2841//5045 2828//5045 2833//5045
f 2842//5046 2788//5046 2787//5046
f 2843//5047 2772//5047 2750//5047
f 2794//5048 2844//5048 2731//5048
f 2794//5049 2731//5049 2814//5049
f 2708//5050 2845//5050 2748//5050
f 2708//5051 2846//5051 2845//5051
f 2807//5052 2829//5052 2847//5052
f 2807//5053 2779//5053 2829//5053
f 2848//5054 2849//5054 2850//5054
f 2851//5055 2852//5055 2838//5055
f 2853//5056 2833//5056 2854//5056
f 2853//5057 2841//5057 2833//5057
f 2855//5058 2621//5058 2619//5058
f 2855//5059 2619//5059 2793//5059
f 2856//5060 2857//5060 2858//5060
f 2854//5061 2859//5061 2853//5061
f 2805//5062 2772//5062 2843//5062
f 2860//5063 2848//5063 2850//5063
f 2861//5064 2851//5064 2838//5064
f 2855//5065 2449//5065 2621//5065
f 2736//5066 2787//5066 2814//5066
f 2851//5067 2861//5067 2862//5067
f 2863//5068 2864//5068 2771//5068
f 2855//5069 2457//5069 2449//5069
f 2679//5070 2865//5070 2818//5070
f 2866//5071 2854//5071 2832//5071
f 2866//5072 2859//5072 2854//5072
f 2867//5073 2868//5073 2869//5073
f 2870//5074 2862//5074 2861//5074
f 2457//5075 2855//5075 2835//5075
f 2840//5076 2767//5076 2707//5076
f 2738//5077 2694//5077 2764//5077
f 2871//5078 2832//5078 2831//5078
f 2870//5079 2872//5079 2873//5079
f 2822//5080 2846//5080 2829//5080
f 2874//5081 2736//5081 2814//5081
f 2736//5082 2842//5082 2787//5082
f 2805//5083 2843//5083 2864//5083
f 2872//5084 2853//5084 2859//5084
f 2875//5085 2865//5085 2679//5085
f 2837//5086 2863//5086 2771//5086
f 2876//5087 2860//5087 2877//5087
f 2864//5088 2843//5088 2750//5088
f 2876//5089 2877//5089 2878//5089
f 2873//5090 2862//5090 2870//5090
f 2879//5091 2880//5091 2275//5091
f 2864//5092 2750//5092 2773//5092
f 2871//5093 2866//5093 2832//5093
f 2741//5094 2807//5094 2847//5094
f 2736//5095 2721//5095 2842//5095
f 2881//5096 2471//5096 2882//5096
f 2481//5097 2881//5097 2876//5097
f 2883//5098 2858//5098 2884//5098
f 2837//5099 2683//5099 2685//5099
f 2885//5100 2873//5100 2872//5100
f 2837//5101 2685//5101 2863//5101
f 2886//5102 2859//5102 2866//5102
f 2481//5103 2876//5103 2878//5103
f 2887//5104 2885//5104 2872//5104
f 2887//5105 2888//5105 2885//5105
f 2887//5106 2872//5106 2859//5106
f 2763//5107 2767//5107 2840//5107
f 2763//5108 2783//5108 2767//5108
f 2889//5109 2871//5109 2890//5109
f 2846//5110 2708//5110 2710//5110
f 2878//5111 2491//5111 2480//5111
f 2878//5112 2480//5112 2481//5112
f 2869//5113 2891//5113 2889//5113
f 2692//5114 2694//5114 2738//5114
f 2734//5115 2874//5115 2814//5115
f 2734//5116 2814//5116 2731//5116
f 2892//5117 2866//5117 2871//5117
f 2892//5118 2886//5118 2866//5118
f 2874//5119 2735//5119 2736//5119
f 2887//5120 2859//5120 2886//5120
f 2889//5121 2893//5121 2871//5121
f 2889//5122 2890//5122 2869//5122
f 2887//5123 2894//5123 2888//5123
f 2885//5124 2888//5124 2895//5124
f 2874//5125 2747//5125 2735//5125
f 2874//5126 2734//5126 2747//5126
f 2893//5127 2892//5127 2871//5127
f 2896//5128 2887//5128 2886//5128
f 2897//5129 2898//5129 2899//5129
f 2896//5130 2894//5130 2887//5130
f 2896//5131 2900//5131 2894//5131
f 2895//5132 2521//5132 2901//5132
f 2889//5133 2902//5133 2903//5133
f 2889//5134 2891//5134 2902//5134
f 2508//5135 2904//5135 2901//5135
f 2905//5136 2892//5136 2893//5136
f 2905//5137 2900//5137 2892//5137
f 2521//5138 2508//5138 2901//5138
f 2905//5139 2893//5139 2889//5139
f 2906//5140 2847//5140 2829//5140
f 2905//5141 2889//5141 2903//5141
f 2907//5142 2895//5142 2888//5142
f 2903//5143 2908//5143 2905//5143
f 2909//5144 2521//5144 2895//5144
f 2718//5145 2693//5145 2711//5145
f 2909//5146 2525//5146 2521//5146
f 2909//5147 2538//5147 2525//5147
f 2799//5148 2846//5148 2710//5148
f 2910//5149 2911//5149 2875//5149
f 2903//5150 2902//5150 2912//5150
f 2908//5151 2913//5151 2914//5151
f 2915//5152 2916//5152 2902//5152
f 2908//5153 2917//5153 2913//5153
f 2918//5154 2547//5154 2538//5154
f 2918//5155 2538//5155 2909//5155
f 2718//5156 2804//5156 2699//5156
f 2919//5157 2908//5157 2903//5157
f 2718//5158 2699//5158 2717//5158
f 2722//5159 2875//5159 2679//5159
f 2920//5160 2921//5160 2922//5160
f 2919//5161 2903//5161 2912//5161
f 2799//5162 2829//5162 2846//5162
f 2922//5163 2923//5163 2920//5163
f 2918//5164 2920//5164 2547//5164
f 2799//5165 2906//5165 2829//5165
f 2912//5166 2902//5166 2916//5166
f 2920//5167 2556//5167 2547//5167
f 2847//5168 2906//5168 2924//5168
f 2919//5169 2925//5169 2917//5169
f 2919//5170 2912//5170 2926//5170
f 2912//5171 2916//5171 2926//5171
f 2927//5172 2913//5172 2917//5172
f 2928//5173 2880//5173 2879//5173
f 2929//5174 2925//5174 2919//5174
f 2925//5175 2927//5175 2917//5175
f 2930//5176 2928//5176 2931//5176
f 2926//5177 2929//5177 2919//5177
f 2926//5178 2932//5178 2929//5178
f 2923//5179 2560//5179 2556//5179
f 2923//5180 2556//5180 2920//5180
f 2926//5181 2933//5181 2932//5181
f 2934//5182 2927//5182 2925//5182
f 2786//5183 2741//5183 2847//5183
f 2935//5184 2925//5184 2929//5184
f 2718//5185 2936//5185 2802//5185
f 2934//5186 2640//5186 2634//5186
f 2934//5187 2935//5187 2640//5187
f 2928//5188 2879//5188 2931//5188
f 2937//5189 2933//5189 2938//5189
f 2937//5190 2938//5190 2939//5190
f 2775//5191 2875//5191 2722//5191
f 2804//5192 2700//5192 2699//5192
f 2940//5193 2939//5193 2938//5193
f 2940//5194 2941//5194 2942//5194
f 2940//5195 2942//5195 2939//5195
f 2658//5196 2564//5196 2563//5196
f 2941//5197 2940//5197 2943//5197
f 2711//5198 2936//5198 2718//5198
f 2944//5199 2941//5199 2945//5199
f 2700//5200 2792//5200 2730//5200
f 2910//5201 2875//5201 2775//5201
f 2946//5202 2947//5202 2948//5202
f 2786//5203 2847//5203 2924//5203
f 2804//5204 2792//5204 2700//5204
f 2949//5205 2950//5205 2951//5205
f 2949//5206 2951//5206 2952//5206
f 2930//5207 2708//5207 2928//5207
f 2953//5208 2954//5208 2955//5208
f 2956//5209 2957//5209 2958//5209
f 2706//5210 2865//5210 2875//5210
f 2911//5211 2704//5211 2706//5211
f 2709//5212 2708//5212 2930//5212
f 2776//5213 2777//5213 2959//5213
f 2960//5214 2961//5214 2962//5214
f 2960//5215 2963//5215 2961//5215
f 2751//5216 2711//5216 2692//5216
f 2963//5217 2964//5217 2961//5217
f 2780//5218 2965//5218 2781//5218
f 2966//5219 2967//5219 2964//5219
f 2968//5220 2879//5220 2275//5220
f 2966//5221 2964//5221 2963//5221
f 2786//5222 2742//5222 2741//5222
f 2687//5223 2797//5223 2688//5223
f 2969//5224 2970//5224 2971//5224
f 2960//5225 2972//5225 2963//5225
f 2910//5226 2959//5226 2911//5226
f 2756//5227 2796//5227 2757//5227
f 2973//5228 2963//5228 2972//5228
f 2966//5229 2974//5229 2975//5229
f 2924//5230 2906//5230 2799//5230
f 2924//5231 2799//5231 2798//5231
f 2973//5232 2966//5232 2963//5232
f 2966//5233 2973//5233 2974//5233
f 2781//5234 2959//5234 2910//5234
f 2971//5235 2976//5235 2977//5235
f 2969//5236 2971//5236 2977//5236
f 2969//5237 2977//5237 2978//5237
f 2968//5238 2931//5238 2879//5238
f 2979//5239 2969//5239 2978//5239
f 2751//5240 2936//5240 2711//5240
f 2813//5241 2686//5241 2980//5241
f 2972//5242 2981//5242 2973//5242
f 2968//5243 2275//5243 2277//5243
f 2974//5244 2982//5244 2983//5244
f 2974//5245 2983//5245 2976//5245
f 2974//5246 2976//5246 2975//5246
f 2984//5247 2985//5247 2979//5247
f 2986//5248 2987//5248 2733//5248
f 2686//5249 2813//5249 2762//5249
f 2984//5250 2988//5250 2985//5250
f 2815//5251 2989//5251 2719//5251
f 2976//5252 2983//5252 2977//5252
f 2804//5253 2718//5253 2802//5253
f 2982//5254 2973//5254 2981//5254
f 2701//5255 2990//5255 2988//5255
f 2709//5256 2930//5256 2991//5256
f 2984//5257 2992//5257 2988//5257
f 2984//5258 2979//5258 2978//5258
f 2808//5259 2755//5259 2754//5259
f 2696//5260 2757//5260 2766//5260
f 2760//5261 2981//5261 2972//5261
f 2760//5262 2993//5262 2981//5262
f 2815//5263 2719//5263 2755//5263
f 2977//5264 2983//5264 2994//5264
f 2751//5265 2825//5265 2936//5265
f 2995//5266 2790//5266 2789//5266
f 2809//5267 2762//5267 2813//5267
f 2977//5268 2994//5268 2996//5268
f 2997//5269 2710//5269 2709//5269
f 2994//5270 2982//5270 2998//5270
f 2809//5271 2745//5271 2762//5271
f 2808//5272 2754//5272 2768//5272
f 2995//5273 2789//5273 2999//5273
f 2995//5274 2999//5274 3000//5274
f 2977//5275 3001//5275 2978//5275
f 2977//5276 2996//5276 3001//5276
f 2994//5277 3002//5277 2996//5277
f 2992//5278 2984//5278 2978//5278
f 2992//5279 2978//5279 3001//5279
f 2804//5280 2803//5280 2817//5280
f 2998//5281 3003//5281 3002//5281
f 2786//5282 2834//5282 2828//5282
f 2998//5283 3002//5283 2994//5283
f 2788//5284 2993//5284 2759//5284
f 3001//5285 3004//5285 2770//5285
f 2999//5286 3005//5286 3000//5286
f 2997//5287 2799//5287 2710//5287
f 2834//5288 2798//5288 2830//5288
f 2834//5289 2924//5289 2798//5289
f 3006//5290 2999//5290 2789//5290
f 2709//5291 2991//5291 3007//5291
f 3003//5292 2998//5292 3008//5292
f 3009//5293 2726//5293 3000//5293
f 3009//5294 3010//5294 2726//5294
f 3009//5295 3011//5295 3010//5295
f 3010//5296 3011//5296 2844//5296
f 3010//5297 2844//5297 2732//5297
f 2694//5298 2789//5298 2764//5298
f 3012//5299 3002//5299 3003//5299
f 3003//5300 3008//5300 3012//5300
f 2836//5301 2771//5301 2770//5301
f 2997//5302 2709//5302 3007//5302
f 2802//5303 2849//5303 2803//5303
f 2834//5304 2786//5304 2924//5304
f 2800//5305 2799//5305 2997//5305
f 3004//5306 3001//5306 3013//5306
f 2757//5307 2796//5307 2766//5307
f 3008//5308 3014//5308 2720//5308
f 2836//5309 2770//5309 3004//5309
f 2936//5310 2849//5310 2802//5310
f 3008//5311 2720//5311 3015//5311
f 2856//5312 2968//5312 2277//5312
f 3006//5313 2693//5313 2999//5313
f 3009//5314 3005//5314 2717//5314
f 2785//5315 2786//5315 2828//5315
f 3015//5316 3012//5316 3008//5316
f 2720//5317 2842//5317 2721//5317
f 2720//5318 3014//5318 2842//5318
f 3016//5319 2936//5319 2825//5319
f 2741//5320 2740//5320 2810//5320
f 3017//5321 3015//5321 2758//5321
f 3018//5322 2697//5322 2712//5322
f 3016//5323 2849//5323 2936//5323
f 2856//5324 2277//5324 2857//5324
f 2753//5325 2816//5325 2811//5325
f 3019//5326 2758//5326 2720//5326
f 2753//5327 2811//5327 2740//5327
f 2372//5328 2768//5328 2782//5328
f 3020//5329 2739//5329 2738//5329
f 3020//5330 2816//5330 2753//5330
f 3017//5331 2758//5331 2757//5331
f 3017//5332 2696//5332 2695//5332
f 3017//5333 2757//5333 2696//5333
f 2821//5334 2575//5334 2673//5334
f 2719//5335 2989//5335 3019//5335
f 2719//5336 3019//5336 2720//5336
f 3021//5337 2931//5337 2968//5337
f 3021//5338 2930//5338 2931//5338
f 2795//5339 3022//5339 2796//5339
f 2819//5340 2821//5340 2673//5340
f 3019//5341 2756//5341 2758//5341
f 3020//5342 2774//5342 2739//5342
f 2800//5343 2997//5343 3007//5343
f 2800//5344 3007//5344 2867//5344
f 2753//5345 2774//5345 3020//5345
f 2735//5346 2719//5346 2721//5346
f 3023//5347 2795//5347 2819//5347
f 2795//5348 3023//5348 3022//5348
f 3024//5349 2258//5349 2257//5349
f 2742//5350 2752//5350 2740//5350
f 3025//5351 3026//5351 2258//5351
f 3025//5352 2258//5352 3024//5352
f 2754//5353 2755//5353 2735//5353
f 2782//5354 2389//5354 2372//5354
f 2989//5355 2820//5355 2756//5355
f 2989//5356 2756//5356 3019//5356
f 3021//5357 2991//5357 2930//5357
f 2765//5358 2739//5358 2774//5358
f 2742//5359 2785//5359 2752//5359
f 3027//5360 3025//5360 3024//5360
f 2831//5361 2798//5361 2800//5361
f 3028//5362 3025//5362 3027//5362
f 3023//5363 2819//5363 2500//5363
f 2815//5364 2821//5364 2989//5364
f 2756//5365 2820//5365 2819//5365
f 2756//5366 2819//5366 2795//5366
f 2821//5367 2820//5367 2989//5367
f 2819//5368 2673//5368 2500//5368
f 2850//5369 3016//5369 2825//5369
f 2824//5370 2774//5370 2839//5370
f 2850//5371 2825//5371 2824//5371
f 2824//5372 2765//5372 2774//5372
f 3029//5373 3024//5373 2257//5373
f 2755//5374 2808//5374 2599//5374
f 2825//5375 2751//5375 2765//5375
f 2826//5376 2793//5376 2817//5376
f 2573//5377 2821//5377 2815//5377
f 2619//5378 2782//5378 2793//5378
f 2573//5379 2575//5379 2821//5379
f 3030//5380 3028//5380 3027//5380
f 2812//5381 2838//5381 2839//5381
f 2812//5382 2839//5382 2774//5382
f 2856//5383 3031//5383 3021//5383
f 2856//5384 3021//5384 2968//5384
f 2803//5385 2849//5385 2835//5385
f 2833//5386 2828//5386 2834//5386
f 3029//5387 2257//5387 2261//5387
f 3031//5388 2991//5388 3021//5388
f 2852//5389 2824//5389 2838//5389
f 2852//5390 2850//5390 2824//5390
f 2827//5391 2838//5391 2812//5391
f 2830//5392 2854//5392 2833//5392
f 2830//5393 2832//5393 2854//5393
f 3032//5394 3024//5394 3029//5394
f 2849//5395 3016//5395 2850//5395
f 2841//5396 2827//5396 2828//5396
f 2861//5397 2838//5397 2827//5397
f 2861//5398 2827//5398 2870//5398
f 2831//5399 2890//5399 2871//5399
f 2831//5400 2867//5400 2890//5400
f 2848//5401 3033//5401 2849//5401
f 2831//5402 2800//5402 2867//5402
f 2855//5403 2826//5403 2835//5403
f 2899//5404 2991//5404 3031//5404
f 2852//5405 2877//5405 2860//5405
f 2852//5406 2860//5406 2850//5406
f 2882//5407 2835//5407 3033//5407
f 2882//5408 2457//5408 2835//5408
f 3034//5409 2991//5409 2899//5409
f 2881//5410 2882//5410 2848//5410
f 2855//5411 2793//5411 2826//5411
f 2857//5412 2277//5412 2280//5412
f 2882//5413 2471//5413 2457//5413
f 3034//5414 3007//5414 2991//5414
f 3035//5415 3036//5415 3028//5415
f 3037//5416 3027//5416 3038//5416
f 2858//5417 2897//5417 2899//5417
f 2858//5098 2883//5098 2897//5098
f 3039//5418 2904//5418 2878//5418
f 2481//5419 2471//5419 2881//5419
f 2856//5420 2858//5420 3031//5420
f 3033//5421 2835//5421 2849//5421
f 2886//5422 2892//5422 2896//5422
f 3040//5423 3030//5423 3027//5423
f 3040//5424 3027//5424 3037//5424
f 2904//5425 2508//5425 2491//5425
f 3032//5426 3029//5426 3041//5426
f 2904//5427 2491//5427 2878//5427
f 2909//5428 2895//5428 2907//5428
f 3042//5429 3007//5429 3034//5429
f 2909//5430 2907//5430 2918//5430
f 2919//5431 2917//5431 2908//5431
f 2857//5432 2280//5432 2884//5432
f 3041//5433 3029//5433 2261//5433
f 2925//5434 2935//5434 2934//5434
f 2634//5435 2560//5435 2934//5435
f 2868//5436 2867//5436 3007//5436
f 2868//5437 3007//5437 3042//5437
f 2882//5438 3033//5438 2848//5438
f 3043//5439 3028//5439 3030//5439
f 2858//5440 2857//5440 2884//5440
f 3044//5441 3045//5441 3046//5441
f 2715//5442 3047//5442 3048//5442
f 3049//5443 3050//5443 2969//5443
f 2876//5444 2848//5444 2860//5444
f 3049//5445 2985//5445 3051//5445
f 3049//5446 2979//5446 2985//5446
f 2881//5447 2848//5447 2876//5447
f 2969//5448 2979//5448 3049//5448
f 2869//5449 2890//5449 2867//5449
f 3035//5450 3028//5450 3043//5450
f 2986//5451 3052//5451 2987//5451
f 2986//5452 2972//5452 3052//5452
f 3043//5453 3030//5453 3040//5453
f 2986//5454 2760//5454 2972//5454
f 2982//5455 2981//5455 2993//5455
f 2983//5456 2982//5456 2994//5456
f 2869//5457 2868//5457 2891//5457
f 3002//5458 3012//5458 2697//5458
f 3002//5459 2697//5459 3053//5459
f 3009//5460 2699//5460 3011//5460
f 3009//5461 2717//5461 2699//5461
f 3053//5462 2697//5462 3018//5462
f 2694//5463 2693//5463 3006//5463
f 2695//5464 3012//5464 3015//5464
f 2899//5465 3031//5465 2858//5465
f 2870//5466 2827//5466 2841//5466
f 2870//5467 2841//5467 2872//5467
f 2884//5468 2280//5468 3054//5468
f 2851//5469 2862//5469 3039//5469
f 2884//5470 3055//5470 2883//5470
f 2884//5471 3054//5471 3055//5471
f 2877//5472 2851//5472 3039//5472
f 2877//5473 2852//5473 2851//5473
f 2841//5474 2853//5474 2872//5474
f 3041//5475 2261//5475 3056//5475
f 3039//5476 2862//5476 3057//5476
f 3042//5477 3034//5477 2899//5477
f 2877//5478 3039//5478 2878//5478
f 3058//5479 2862//5479 2873//5479
f 3058//5480 2873//5480 2885//5480
f 3058//5481 3057//5481 2862//5481
f 3057//5482 2904//5482 3039//5482
f 3057//5483 2901//5483 2904//5483
f 3059//5484 3042//5484 2899//5484
f 3058//5485 2885//5485 2895//5485
f 3057//5486 2895//5486 2901//5486
f 3057//5487 3058//5487 2895//5487
f 3044//5488 2690//5488 3045//5488
f 3013//5489 3018//5489 3004//5489
f 3013//5490 3053//5490 3018//5490
f 3017//5491 2695//5491 3015//5491
f 3060//5492 3032//5492 3041//5492
f 2898//5493 3059//5493 2899//5493
f 3061//5494 3062//5494 3035//5494
f 2888//5495 2894//5495 2907//5495
f 3059//5496 2915//5496 2891//5496
f 2900//5497 2896//5497 2892//5497
f 3059//5498 2868//5498 3042//5498
f 3059//5499 2891//5499 2868//5499
f 3063//5500 3037//5500 3064//5500
f 3065//5501 3062//5501 3061//5501
f 3054//5502 2280//5502 2282//5502
f 3056//5503 2261//5503 2263//5503
f 2894//5504 2922//5504 2921//5504
f 3061//5505 3035//5505 3043//5505
f 3064//5506 3032//5506 3060//5506
f 3064//5507 3038//5507 3032//5507
f 3063//5508 3040//5508 3037//5508
f 3066//5509 2915//5509 3059//5509
f 3066//5510 3059//5510 2898//5510
f 2914//5511 2900//5511 2905//5511
f 3043//5512 3040//5512 3063//5512
f 2921//5513 2907//5513 2894//5513
f 2914//5514 2905//5514 2908//5514
f 2922//5515 2894//5515 2900//5515
f 2922//5516 2900//5516 2914//5516
f 3054//5517 3067//5517 3055//5517
f 3041//5518 3056//5518 3068//5518
f 2921//5519 2918//5519 2907//5519
f 2915//5520 3066//5520 3069//5520
f 2915//5521 3069//5521 2916//5521
f 2913//5522 2927//5522 2922//5522
f 3068//5523 3060//5523 3041//5523
f 2913//5524 2922//5524 2914//5524
f 2920//5525 2918//5525 2921//5525
f 2915//5526 2902//5526 2891//5526
f 3055//5527 2897//5527 2883//5527
f 3070//5528 2897//5528 3055//5528
f 2923//5529 2922//5529 2927//5529
f 3071//5530 3067//5530 3054//5530
f 3072//5531 2897//5531 3070//5531
f 3073//5532 3067//5532 3071//5532
f 3073//5533 3070//5533 3067//5533
f 3072//5534 2898//5534 2897//5534
f 3071//5535 3074//5535 3073//5535
f 3075//5536 3043//5536 3063//5536
f 2927//5537 2560//5537 2923//5537
f 2934//5538 2560//5538 2927//5538
f 2933//5539 2926//5539 2916//5539
f 3076//5540 3054//5540 2282//5540
f 3076//5541 3074//5541 3071//5541
f 3076//5542 3071//5542 3054//5542
f 3077//5543 3070//5543 3073//5543
f 3077//5544 3073//5544 3078//5544
f 3070//5545 3055//5545 3067//5545
f 3079//5546 3063//5546 3064//5546
f 2933//5547 2916//5547 3080//5547
f 3081//5548 3060//5548 3068//5548
f 3082//5549 3065//5549 3061//5549
f 3083//5550 3077//5550 3078//5550
f 3084//5551 2933//5551 2937//5551
f 3083//5552 3078//5552 2940//5552
f 3085//5553 2935//5553 2929//5553
f 2935//5554 2647//5554 2640//5554
f 3086//5555 3043//5555 3075//5555
f 3086//5556 3061//5556 3043//5556
f 2938//5557 2933//5557 3080//5557
f 3087//5558 2898//5558 3072//5558
f 3087//5559 3066//5559 2898//5559
f 3075//5560 3063//5560 3079//5560
f 3085//5561 2647//5561 2935//5561
f 2940//5562 2938//5562 3083//5562
f 3088//5563 3074//5563 3089//5563
f 3088//5564 3090//5564 3074//5564
f 3079//5565 3064//5565 3091//5565
f 3068//5566 3056//5566 3092//5566
f 3085//5567 2655//5567 2647//5567
f 3091//5568 3060//5568 3081//5568
f 3091//5569 3064//5569 3060//5569
f 3087//5570 3072//5570 3070//5570
f 3093//5571 3085//5571 2932//5571
f 3094//5572 3056//5572 2263//5572
f 3087//5573 3070//5573 3077//5573
f 3095//5574 3069//5574 3066//5574
f 3095//5575 3066//5575 3087//5575
f 3092//5576 3056//5576 3094//5576
f 3096//5577 3090//5577 3088//5577
f 3093//5578 2655//5578 3085//5578
f 3095//5579 3087//5579 3077//5579
f 3095//5580 2916//5580 3069//5580
f 3097//5581 3075//5581 3079//5581
f 3082//5582 3061//5582 3086//5582
f 3095//5583 3077//5583 3083//5583
f 3081//5584 3068//5584 3098//5584
f 3093//5585 2652//5585 2655//5585
f 3093//5586 2658//5586 2652//5586
f 3076//5587 2282//5587 2284//5587
f 2658//5588 3093//5588 3084//5588
f 2658//5589 3084//5589 2937//5589
f 3080//5590 2916//5590 3095//5590
f 3099//5591 2658//5591 2937//5591
f 3100//5592 3079//5592 3091//5592
f 2943//5593 2940//5593 3096//5593
f 3099//5594 2937//5594 2939//5594
f 2943//5595 3096//5595 3088//5595
f 3098//5596 3068//5596 3092//5596
f 3080//5597 3083//5597 2938//5597
f 3080//5598 3095//5598 3083//5598
f 3099//5599 2564//5599 2658//5599
f 3101//5600 3082//5600 3086//5600
f 3102//5601 3075//5601 3097//5601
f 2566//5602 3099//5602 2939//5602
f 3099//5603 2566//5603 2564//5603
f 3103//5604 3104//5604 3105//5604
f 3100//5605 3091//5605 2946//5605
f 3074//5606 3076//5606 3089//5606
f 3086//5607 3075//5607 3102//5607
f 2941//5608 2944//5608 2942//5608
f 3090//5609 3073//5609 3074//5609
f 2941//5610 2943//5610 2945//5610
f 3106//5611 3101//5611 3107//5611
f 3108//5612 2943//5612 3088//5612
f 2944//5613 2661//5613 2566//5613
f 2947//5614 3091//5614 3081//5614
f 3085//5615 2929//5615 2932//5615
f 3108//5616 3088//5616 3109//5616
f 3108//5617 3109//5617 3110//5617
f 2945//5618 2664//5618 2661//5618
f 2945//5619 2661//5619 2944//5619
f 3108//5620 3110//5620 3111//5620
f 3090//5621 3078//5621 3073//5621
f 2945//5622 2665//5622 2664//5622
f 3103//5623 3106//5623 3107//5623
f 3084//5624 2932//5624 2933//5624
f 3111//5625 2665//5625 2945//5625
f 2946//5626 3091//5626 2947//5626
f 3111//5627 2945//5627 2943//5627
f 3111//5628 2943//5628 3108//5628
f 3100//5629 3097//5629 3079//5629
f 2303//5630 2665//5630 3111//5630
f 2303//5631 3111//5631 3110//5631
f 3110//5632 2285//5632 2286//5632
f 3094//5633 2267//5633 3112//5633
f 3089//5634 3076//5634 2284//5634
f 3110//5635 2286//5635 2303//5635
f 2947//5636 3081//5636 3098//5636
f 3102//5637 3097//5637 3100//5637
f 3027//5638 3032//5638 3038//5638
f 3027//5639 3024//5639 3032//5639
f 3113//5640 3101//5640 3086//5640
f 3098//5641 3114//5641 2947//5641
f 3037//5642 3038//5642 3064//5642
f 3082//5643 3115//5643 3116//5643
f 2948//5644 3100//5644 2946//5644
f 3082//5645 3116//5645 3065//5645
f 3117//5646 3118//5646 3114//5646
f 3115//5647 3119//5647 3116//5647
f 2948//5648 3120//5648 3100//5648
f 3118//5649 3046//5649 3114//5649
f 3046//5650 3118//5650 3121//5650
f 3122//5651 3123//5651 3124//5651
f 3106//5652 3119//5652 3115//5652
f 2949//5653 2952//5653 3125//5653
f 3106//5654 3105//5654 3119//5654
f 3115//5655 3101//5655 3106//5655
f 3115//5656 3082//5656 3101//5656
f 3125//5657 3126//5657 3127//5657
f 2715//5658 2714//5658 3047//5658
f 2950//5659 3128//5659 3129//5659
f 3106//5660 3103//5660 3105//5660
f 2950//5661 3129//5661 2951//5661
f 3127//5662 2953//5662 2949//5662
f 3127//5663 2949//5663 3125//5663
f 3130//5664 3086//5664 3102//5664
f 3093//5665 2932//5665 3084//5665
f 3127//5666 2954//5666 2953//5666
f 3113//5667 3086//5667 3130//5667
f 2950//5668 2949//5668 2953//5668
f 3131//5669 3107//5669 3113//5669
f 3128//5670 3132//5670 3129//5670
f 2950//5671 3133//5671 3128//5671
f 2950//5672 2953//5672 3133//5672
f 3134//5673 3135//5673 3136//5673
f 3137//5674 3104//5674 3103//5674
f 3134//5675 3138//5675 3135//5675
f 2958//5676 3139//5676 3132//5676
f 3107//5677 3101//5677 3113//5677
f 3131//5678 3140//5678 3107//5678
f 2955//5679 3133//5679 2953//5679
f 3141//5680 3089//5680 2284//5680
f 3140//5681 3103//5681 3107//5681
f 3132//5682 3128//5682 3142//5682
f 2957//5683 2956//5683 3143//5683
f 2957//5684 3143//5684 3144//5684
f 3096//5685 3078//5685 3090//5685
f 2956//5686 2958//5686 3132//5686
f 3145//5687 3131//5687 3124//5687
f 3109//5688 3089//5688 3141//5688
f 3146//5689 3147//5689 3137//5689
f 3142//5690 2956//5690 3132//5690
f 3142//5691 3148//5691 2956//5691
f 2285//5692 3141//5692 2284//5692
f 3133//5693 3142//5693 3128//5693
f 3146//5694 3137//5694 3103//5694
f 3109//5695 3088//5695 3089//5695
f 3149//5696 2954//5696 3136//5696
f 3150//5697 3112//5697 2267//5697
f 3149//5698 3136//5698 3135//5698
f 3096//5699 2940//5699 3078//5699
f 3151//5700 3142//5700 3133//5700
f 3113//5701 3124//5701 3131//5701
f 3149//5702 2955//5702 2954//5702
f 2911//5703 2777//5703 2704//5703
f 3152//5704 3144//5704 3143//5704
f 3151//5705 2964//5705 3142//5705
f 2955//5706 3149//5706 2962//5706
f 3151//5707 2955//5707 2961//5707
f 3151//5708 3133//5708 2955//5708
f 3152//5709 3143//5709 3051//5709
f 3146//5710 3103//5710 3140//5710
f 3117//5711 3094//5711 3112//5711
f 2911//5712 2706//5712 2875//5712
f 2776//5713 2688//5713 2689//5713
f 2959//5714 2777//5714 2911//5714
f 3153//5715 2962//5715 3149//5715
f 3146//5716 3154//5716 3147//5716
f 2964//5717 3151//5717 2961//5717
f 2776//5718 2965//5718 2688//5718
f 3145//5719 3140//5719 3131//5719
f 3124//5720 3113//5720 3130//5720
f 3050//5721 3143//5721 3155//5721
f 3118//5722 3117//5722 3156//5722
f 2705//5723 3112//5723 3150//5723
f 3046//5724 2947//5724 3114//5724
f 3157//5725 3140//5725 3145//5725
f 3157//5726 3146//5726 3140//5726
f 3158//5727 3152//5727 3051//5727
f 3052//5728 2962//5728 3153//5728
f 3052//5729 2960//5729 2962//5729
f 3159//5730 3052//5730 3153//5730
f 3159//5731 2987//5731 3052//5731
f 2566//5732 2939//5732 2942//5732
f 3157//5733 3160//5733 3154//5733
f 3157//5734 3154//5734 3146//5734
f 3049//5735 3051//5735 3050//5735
f 2944//5736 2566//5736 2942//5736
f 3046//5737 2948//5737 2947//5737
f 3110//5738 3141//5738 2285//5738
f 3048//5739 3120//5739 2948//5739
f 2965//5740 2980//5740 2688//5740
f 2687//5741 2840//5741 2797//5741
f 3154//5742 3161//5742 3147//5742
f 2687//5743 2763//5743 2840//5743
f 3162//5744 2967//5744 2966//5744
f 3110//5745 3109//5745 3141//5745
f 3123//5746 3145//5746 3124//5746
f 2705//5747 3117//5747 3112//5747
f 3045//5748 2948//5748 3046//5748
f 2975//5749 2971//5749 2970//5749
f 2975//5750 2970//5750 3162//5750
f 2681//5751 2987//5751 3159//5751
f 2966//5752 2975//5752 3162//5752
f 3154//5753 3163//5753 3161//5753
f 3094//5754 2263//5754 2267//5754
f 2965//5755 2959//5755 2781//5755
f 2965//5756 2776//5756 2959//5756
f 3098//5757 3092//5757 3094//5757
f 3117//5758 3098//5758 3094//5758
f 3045//5759 3048//5759 2948//5759
f 2971//5760 2975//5760 2976//5760
f 2681//5761 2727//5761 2987//5761
f 2972//5762 2960//5762 3052//5762
f 2965//5763 2780//5763 2980//5763
f 3114//5764 3098//5764 3117//5764
f 2985//5765 3158//5765 3051//5765
f 3156//5766 3117//5766 2705//5766
f 3048//5767 3164//5767 3120//5767
f 2990//5768 3158//5768 2985//5768
f 3120//5769 3102//5769 3100//5769
f 3165//5770 3163//5770 3154//5770
f 3165//5771 3154//5771 3160//5771
f 2728//5772 2681//5772 2713//5772
f 2990//5773 2701//5773 2703//5773
f 3164//5774 3130//5774 3102//5774
f 2990//5775 2985//5775 2988//5775
f 3164//5776 3102//5776 3120//5776
f 2728//5777 2727//5777 2681//5777
f 3048//5778 2690//5778 2715//5778
f 3048//5779 3045//5779 2690//5779
f 2790//5780 2724//5780 2725//5780
f 3118//5781 3156//5781 3121//5781
f 2974//5782 2973//5782 2982//5782
f 3130//5783 3164//5783 3166//5783
f 3166//5784 3124//5784 3130//5784
f 3122//5785 3124//5785 3166//5785
f 3167//5786 3160//5786 3157//5786
f 2724//5787 2790//5787 2995//5787
f 3167//5788 3157//5788 3145//5788
f 3167//5789 3145//5789 3123//5789
f 3125//5790 3167//5790 3123//5790
f 2733//5791 2987//5791 2727//5791
f 3167//5792 3125//5792 3160//5792
f 2952//5793 3160//5793 3125//5793
f 2952//5794 3165//5794 3160//5794
f 3125//5795 3123//5795 3122//5795
f 2951//5796 3165//5796 2952//5796
f 3126//5797 3125//5797 3122//5797
f 3047//5798 3164//5798 3048//5798
f 2790//5799 2725//5799 2744//5799
f 3165//5800 3168//5800 3163//5800
f 2790//5801 2744//5801 2746//5801
f 3047//5802 2714//5802 2784//5802
f 3139//5803 2951//5803 3129//5803
f 3139//5804 3168//5804 2951//5804
f 2749//5805 2723//5805 2273//5805
f 3169//5806 3134//5806 3122//5806
f 3169//5807 3047//5807 2784//5807
f 3134//5808 3126//5808 3122//5808
f 3134//5809 3136//5809 3126//5809
f 3047//5810 3166//5810 3164//5810
f 2954//5811 3127//5811 3126//5811
f 2951//5812 3168//5812 3165//5812
f 3000//5813 2724//5813 2995//5813
f 3000//5814 2713//5814 2724//5814
f 2706//5815 2705//5815 2865//5815
f 3169//5816 3166//5816 3047//5816
f 3169//5817 3122//5817 3166//5817
f 2958//5818 2957//5818 3139//5818
f 2954//5819 3126//5819 3136//5819
f 3134//5820 2784//5820 3138//5820
f 3134//5821 3169//5821 2784//5821
f 3132//5822 3139//5822 3129//5822
f 2733//5823 2760//5823 2986//5823
f 2733//5824 2761//5824 2760//5824
f 2775//5825 2748//5825 2845//5825
f 2910//5826 2801//5826 2781//5826
f 2910//5827 2775//5827 2845//5827
f 2761//5828 2733//5828 2732//5828
f 2998//5829 2982//5829 2993//5829
f 3000//5830 2726//5830 2728//5830
f 3000//5831 2728//5831 2713//5831
f 2992//5832 2770//5832 2988//5832
f 2729//5833 2701//5833 2988//5833
f 2729//5834 2988//5834 2769//5834
f 2993//5835 2760//5835 2759//5835
f 2749//5836 2273//5836 2275//5836
f 3143//5837 2956//5837 3155//5837
f 2729//5838 2769//5838 2750//5838
f 2769//5839 2988//5839 2770//5839
f 3010//5840 2732//5840 2726//5840
f 2791//5841 2813//5841 2980//5841
f 2791//5842 2980//5842 2780//5842
f 2705//5843 3150//5843 2865//5843
f 3138//5844 2784//5844 3170//5844
f 2749//5845 2275//5845 2880//5845
f 2818//5846 2267//5846 2269//5846
f 2769//5847 2773//5847 2750//5847
f 2691//5848 3044//5848 3046//5848
f 3148//5849 3155//5849 2956//5849
f 2770//5850 2992//5850 3001//5850
f 2910//5851 2822//5851 2801//5851
f 3170//5852 2784//5852 2783//5852
f 3001//5853 2996//5853 3013//5853
f 3171//5854 3138//5854 3170//5854
f 2998//5855 2993//5855 2788//5855
f 2704//5856 3156//5856 2705//5856
f 3135//5857 3153//5857 3149//5857
f 2789//5858 2746//5858 2764//5858
f 2970//5859 3155//5859 3148//5859
f 2998//5860 3014//5860 3008//5860
f 2962//5861 2961//5861 2955//5861
f 2783//5862 3172//5862 3170//5862
f 3005//5863 3009//5863 3000//5863
f 2865//5864 3150//5864 2267//5864
f 2865//5865 2267//5865 2818//5865
f 2967//5866 3142//5866 2964//5866
f 2967//5867 2970//5867 3148//5867
f 2967//5868 3148//5868 3142//5868
f 2748//5869 2749//5869 2880//5869
f 2748//5870 2880//5870 2708//5870
f 3135//5871 3138//5871 3171//5871
f 2970//5872 3050//5872 3155//5872
f 3014//5873 2998//5873 2788//5873
f 2967//5874 3162//5874 2970//5874
f 3135//5875 3159//5875 3153//5875
f 2694//5876 3006//5876 2789//5876
f 3050//5877 3051//5877 3143//5877
f 2688//5878 2797//5878 2689//5878
f 2791//5879 2807//5879 2741//5879
f 2777//5880 3046//5880 3121//5880
f 3172//5881 3171//5881 3170//5881
f 2682//5882 3135//5882 3171//5882
f 2844//5883 2794//5883 2732//5883
f 2773//5884 2771//5884 2864//5884
f 2846//5885 2822//5885 2910//5885
f 2846//5886 2910//5886 2845//5886
f 3053//5887 2996//5887 3002//5887
f 3053//5888 3013//5888 2996//5888
f 2970//5889 2969//5889 3050//5889
f 2682//5890 3159//5890 3135//5890
f 2690//5891 3044//5891 2691//5891
f 2777//5892 3121//5892 3156//5892
f 3014//5893 2788//5893 2842//5893
f 3004//5894 3018//5894 2683//5894
f 2783//5895 3173//5895 3172//5895
f 3172//5896 2725//5896 3171//5896
f 2980//5897 2686//5897 2688//5897
f 2717//5898 3005//5898 2999//5898
f 2783//5899 2763//5899 3173//5899
f 2691//5900 3046//5900 2777//5900
f 2810//5901 2791//5901 2741//5901
f 2763//5902 2745//5902 2744//5902
f 2698//5903 2731//5903 2844//5903
f 2682//5904 2681//5904 3159//5904
f 2698//5905 2844//5905 3011//5905
f 2683//5906 2837//5906 2836//5906
f 2683//5907 2836//5907 3004//5907
f 2693//5908 2717//5908 2999//5908
f 2777//5909 3156//5909 2704//5909
f 3011//5910 2699//5910 2698//5910
f 3020//5911 2743//5911 2816//5911
f 3173//5912 2763//5912 2744//5912
f 3020//5913 2764//5913 2743//5913
f 3020//5914 2738//5914 2764//5914
f 2682//5915 3171//5915 2725//5915
f 2720//5916 2758//5916 3015//5916
f 3018//5917 2712//5917 2683//5917
f 2725//5918 3173//5918 2744//5918
f 2716//5919 2715//5919 2690//5919
f 3173//5920 2725//5920 3172//5920
f 2928//5921 2708//5921 2880//5921
f 2695//5922 2697//5922 3012//5922
f 2680//5923 2682//5923 2725//5923
f 2810//5924 2740//5924 2811//5924
f 3174//5925 3175//5925 3176//5925
f 3177//5926 3178//5926 3179//5926
f 3180//5927 3181//5927 3182//5927
f 3183//5928 3184//5928 3185//5928
f 3186//5929 3187//5929 3188//5929
f 2258//5930 3189//5930 2297//5930
f 3190//5931 3191//5931 3192//5931
f 3192//5932 3191//5932 3193//5932
f 3194//5933 3195//5933 3177//5933
f 3196//5934 3197//5934 3198//5934
f 3193//5935 3199//5935 3200//5935
f 3189//5936 3201//5936 3202//5936
f 3203//5937 3204//5937 3205//5937
f 3206//5938 3207//5938 3208//5938
f 2702//5939 2737//5939 3209//5939
f 3210//5940 3211//5940 3184//5940
f 3209//5941 3212//5941 3213//5941
f 3214//5942 3187//5942 3205//5942
f 3205//5943 3187//5943 3186//5943
f 3215//5944 3216//5944 3217//5944
f 3217//5945 3216//5945 3218//5945
f 3203//5946 3219//5946 3204//5946
f 3213//5947 3219//5947 3203//5947
f 3220//5948 3194//5948 3221//5948
f 3188//5949 3222//5949 3223//5949
f 3187//5950 3222//5950 3188//5950
f 3224//5951 3225//5951 3226//5951
f 3226//5952 3225//5952 3227//5952
f 3228//5953 3229//5953 3230//5953
f 3208//5954 3231//5954 3220//5954
f 3185//5955 3232//5955 3233//5955
f 3227//5956 3234//5956 3235//5956
f 3218//5957 3190//5957 3236//5957
f 3205//5958 3204//5958 3214//5958
f 3223//5959 3222//5959 3237//5959
f 3238//5960 3237//5960 3222//5960
f 3239//5961 3240//5961 3241//5961
f 3241//5962 3240//5962 3242//5962
f 3243//5963 3244//5963 3245//5963
f 3212//5964 3219//5964 3213//5964
f 3175//5965 3246//5965 3176//5965
f 3209//5966 2737//5966 3212//5966
f 3214//5967 3247//5967 3187//5967
f 3248//5968 3249//5968 3250//5968
f 3187//5969 3247//5969 3222//5969
f 3250//5970 3249//5970 3251//5970
f 3252//5971 3253//5971 3206//5971
f 3104//5972 3215//5972 3254//5972
f 3255//5973 3256//5973 3210//5973
f 3220//5974 3231//5974 3194//5974
f 3204//5975 3257//5975 3214//5975
f 3245//5976 3258//5976 3259//5976
f 3259//5977 3258//5977 3260//5977
f 3176//5978 3246//5978 3261//5978
f 3219//5979 3257//5979 3204//5979
f 3262//5980 3263//5980 3264//5980
f 3264//5981 3263//5981 3255//5981
f 3181//5982 3265//5982 3266//5982
f 3251//5983 3267//5983 3268//5983
f 3268//5984 3267//5984 3243//5984
f 2737//5985 2772//5985 3212//5985
f 2265//5986 3269//5986 2262//5986
f 3202//5987 3201//5987 3270//5987
f 3247//5988 3271//5988 3222//5988
f 3178//5989 3272//5989 3273//5989
f 3273//5990 3272//5990 3224//5990
f 3194//5991 3274//5991 3195//5991
f 3219//5992 3275//5992 3257//5992
f 3214//5993 3257//5993 3247//5993
f 3212//5994 3275//5994 3219//5994
f 3260//5995 3276//5995 3277//5995
f 3271//5996 3247//5996 3278//5996
f 3227//5997 3279//5997 3234//5997
f 2772//5998 3280//5998 3212//5998
f 3206//5999 3253//5999 3207//5999
f 3212//6000 3280//6000 3275//6000
f 3257//6001 3278//6001 3247//6001
f 3252//6002 3281//6002 3282//6002
f 3277//6003 3281//6003 3252//6003
f 3177//6004 3195//6004 3178//6004
f 2806//6005 3280//6005 2772//6005
f 3275//6006 3283//6006 3257//6006
f 3257//6007 3283//6007 3278//6007
f 3197//6008 3284//6008 3198//6008
f 3252//6009 3282//6009 3253//6009
f 3198//6010 3284//6010 3175//6010
f 3285//6011 3269//6011 2265//6011
f 3225//6012 3279//6012 3227//6012
f 3275//6013 3280//6013 3283//6013
f 3191//6014 3199//6014 3193//6014
f 3267//6015 3244//6015 3243//6015
f 3280//6016 3286//6016 3283//6016
f 3262//6017 3287//6017 3263//6017
f 2806//6018 3286//6018 3280//6018
f 2283//6019 3288//6019 3289//6019
f 3289//6020 3288//6020 3290//6020
f 2278//6021 2279//6021 3291//6021
f 2281//6022 3289//6022 3292//6022
f 3293//6023 3292//6023 3294//6023
f 2272//6024 3295//6024 2271//6024
f 2271//6025 3295//6025 3296//6025
f 3297//6026 3298//6026 3299//6026
f 3299//6027 3298//6027 3300//6027
f 3199//6028 3301//6028 3200//6028
f 3302//6029 3303//6029 3304//6029
f 3200//6030 3301//6030 3305//6030
f 3304//6031 3303//6031 3306//6031
f 3296//6032 3307//6032 3308//6032
f 3295//6033 3307//6033 3296//6033
f 3208//6034 3207//6034 3231//6034
f 3190//6035 3309//6035 3191//6035
f 3302//6036 3304//6036 3310//6036
f 3104//6037 3137//6037 3215//6037
f 3311//6038 3304//6038 3306//6038
f 3312//6039 3304//6039 3311//6039
f 3304//6040 3313//6040 3310//6040
f 3308//6041 3307//6041 3264//6041
f 3312//6042 3314//6042 3304//6042
f 3307//6043 3315//6043 3264//6043
f 3264//6044 3315//6044 3262//6044
f 3313//6045 3316//6045 3317//6045
f 3317//6046 3316//6046 3318//6046
f 3318//6047 3316//6047 3230//6047
f 3181//6048 3312//6048 3182//6048
f 3182//6049 3312//6049 3311//6049
f 3316//6050 3314//6050 3319//6050
f 2262//6051 3320//6051 2260//6051
f 3181//6052 3266//6052 3312//6052
f 3316//6053 3319//6053 3228//6053
f 3262//6054 3242//6054 3287//6054
f 3315//6055 3242//6055 3262//6055
f 3321//6056 3322//6056 3323//6056
f 3270//6057 3322//6057 3321//6057
f 3324//6058 3196//6058 3325//6058
f 3325//6059 3196//6059 3326//6059
f 3319//6060 3327//6060 3228//6060
f 3231//6061 3274//6061 3194//6061
f 3328//6062 3181//6062 3180//6062
f 3322//6063 3329//6063 3323//6063
f 3323//6064 3329//6064 3330//6064
f 3331//6065 3319//6065 3266//6065
f 3332//6066 3270//6066 3201//6066
f 3327//6067 3229//6067 3228//6067
f 3333//6068 3229//6068 3327//6068
f 3242//6069 3240//6069 3287//6069
f 3332//6070 3322//6070 3270//6070
f 3328//6071 3265//6071 3181//6071
f 3189//6072 3334//6072 3201//6072
f 3319//6073 3331//6073 3327//6073
f 3335//6074 3322//6074 3332//6074
f 3246//6075 3336//6075 3261//6075
f 3261//6076 3336//6076 3239//6076
f 3324//6077 3337//6077 3338//6077
f 3334//6078 3339//6078 3201//6078
f 3333//6079 3331//6079 3340//6079
f 3195//6080 3341//6080 3178//6080
f 3342//6081 3328//6081 3180//6081
f 3343//6082 3328//6082 3342//6082
f 3344//6083 3329//6083 3335//6083
f 3335//6084 3329//6084 3322//6084
f 3196//6085 3324//6085 3197//6085
f 3229//6086 3333//6086 3337//6086
f 3345//6087 3337//6087 3333//6087
f 3346//6088 3347//6088 3348//6088
f 3197//6089 3347//6089 3346//6089
f 3215//6090 3349//6090 3216//6090
f 3339//6091 3350//6091 3332//6091
f 3351//6092 3343//6092 3352//6092
f 3328//6093 3343//6093 3351//6093
f 3345//6094 3340//6094 3353//6094
f 3354//6095 3355//6095 3356//6095
f 3240//6096 3355//6096 3354//6096
f 3332//6097 3350//6097 3335//6097
f 3335//6098 3350//6098 3357//6098
f 3338//6099 3345//6099 3358//6099
f 3337//6100 3345//6100 3338//6100
f 3265//6101 3331//6101 3266//6101
f 3343//6102 3342//6102 3359//6102
f 3360//6103 3346//6103 3348//6103
f 3358//6104 3361//6104 3338//6104
f 3362//6105 3361//6105 3358//6105
f 3353//6106 3358//6106 3345//6106
f 3363//6107 3358//6107 3353//6107
f 3364//6108 3360//6108 3348//6108
f 3362//6109 3364//6109 3361//6109
f 3365//6110 3364//6110 3362//6110
f 3366//6111 3367//6111 3368//6111
f 3260//6112 3277//6112 3369//6112
f 3218//6113 3370//6113 3190//6113
f 3216//6114 3370//6114 3218//6114
f 3137//6115 3349//6115 3215//6115
f 3185//6116 3371//6116 3232//6116
f 3184//6117 3371//6117 3185//6117
f 3272//6118 3372//6118 3224//6118
f 3224//6119 3372//6119 3225//6119
f 3210//6120 3256//6120 3211//6120
f 3337//6121 3324//6121 3325//6121
f 3330//6122 3329//6122 3180//6122
f 3274//6123 3373//6123 3195//6123
f 3276//6124 3281//6124 3277//6124
f 2258//6125 3026//6125 3189//6125
f 3191//6126 3374//6126 3199//6126
f 3267//6127 3375//6127 3244//6127
f 3258//6128 3376//6128 3260//6128
f 3260//6129 3376//6129 3276//6129
f 3229//6130 3337//6130 3325//6130
f 3225//6131 3377//6131 3279//6131
f 3349//6132 3378//6132 3216//6132
f 3253//6133 3379//6133 3207//6133
f 3244//6134 3258//6134 3245//6134
f 3285//6135 3380//6135 3269//6135
f 3381//6136 3380//6136 3285//6136
f 3253//6137 3382//6137 3379//6137
f 3282//6138 3382//6138 3253//6138
f 3249//6139 3267//6139 3251//6139
f 3309//6140 3374//6140 3191//6140
f 3178//6141 3383//6141 3272//6141
f 3265//6142 3351//6142 3331//6142
f 3341//6143 3383//6143 3178//6143
f 3305//6144 3301//6144 3248//6144
f 3195//6145 3373//6145 3341//6145
f 3329//6146 3342//6146 3180//6146
f 3377//6147 3384//6147 3279//6147
f 3147//6148 3349//6148 3137//6148
f 3331//6149 3333//6149 3327//6149
f 3207//6150 3385//6150 3231//6150
f 2262//6151 3269//6151 3320//6151
f 3276//6152 3386//6152 3281//6152
f 3385//6153 3387//6153 3231//6153
f 3231//6154 3387//6154 3274//6154
f 3372//6155 3388//6155 3225//6155
f 3225//6156 3388//6156 3377//6156
f 3232//6157 3389//6157 3233//6157
f 3233//6158 3389//6158 3381//6158
f 3284//6159 3390//6159 3175//6159
f 3190//6160 3391//6160 3309//6160
f 3370//6161 3391//6161 3190//6161
f 2260//6162 3392//6162 2259//6162
f 3378//6163 3370//6163 3216//6163
f 3339//6164 3332//6164 3201//6164
f 3175//6165 3390//6165 3246//6165
f 3189//6166 3026//6166 3334//6166
f 3197//6167 3346//6167 3284//6167
f 3351//6168 3393//6168 3331//6168
f 3255//6169 3394//6169 3256//6169
f 3263//6170 3394//6170 3255//6170
f 3376//6171 3386//6171 3276//6171
f 3344//6172 3342//6172 3329//6172
f 3287//6173 3395//6173 3263//6173
f 3324//6174 3347//6174 3197//6174
f 3328//6175 3351//6175 3265//6175
f 3374//6176 3396//6176 3199//6176
f 3199//6177 3396//6177 3301//6177
f 3240//6178 3354//6178 3287//6178
f 3239//6179 3355//6179 3240//6179
f 3336//6180 3355//6180 3239//6180
f 3282//6181 3281//6181 3382//6181
f 3272//6182 3383//6182 3372//6182
f 3379//6183 3397//6183 3207//6183
f 3207//6184 3397//6184 3385//6184
f 3274//6185 3398//6185 3373//6185
f 3341//6186 3399//6186 3383//6186
f 3373//6187 3399//6187 3341//6187
f 3301//6188 3400//6188 3248//6188
f 3248//6189 3400//6189 3249//6189
f 3258//6190 3401//6190 3376//6190
f 3378//6191 3402//6191 3370//6191
f 3383//6192 3403//6192 3372//6192
f 3390//6193 3404//6193 3246//6193
f 3244//6194 3405//6194 3258//6194
f 3375//6195 3405//6195 3244//6195
f 3249//6196 3406//6196 3267//6196
f 3320//6197 3392//6197 2260//6197
f 3256//6198 3407//6198 3211//6198
f 3387//6199 3408//6199 3274//6199
f 3184//6200 3409//6200 3371//6200
f 3211//6201 3409//6201 3184//6201
f 3281//6202 3410//6202 3382//6202
f 3393//6203 3340//6203 3331//6203
f 3391//6204 3411//6204 3309//6204
f 3309//6205 3411//6205 3374//6205
f 3147//6206 3161//6206 3349//6206
f 3349//6207 3161//6207 3378//6207
f 3376//6208 3412//6208 3386//6208
f 3324//6209 3338//6209 3347//6209
f 3400//6210 3406//6210 3249//6210
f 3263//6211 3395//6211 3394//6211
f 3396//6212 3413//6212 3301//6212
f 3372//6213 3403//6213 3388//6213
f 3371//6214 3414//6214 3232//6214
f 3232//6215 3414//6215 3389//6215
f 3274//6216 3408//6216 3398//6216
f 3340//6217 3345//6217 3333//6217
f 3269//6218 3392//6218 3320//6218
f 3398//6219 3399//6219 3373//6219
f 3284//6220 3346//6220 3390//6220
f 3392//6221 3415//6221 2259//6221
f 3382//6222 3416//6222 3379//6222
f 3379//6223 3416//6223 3397//6223
f 3404//6224 3417//6224 3246//6224
f 3246//6225 3417//6225 3336//6225
f 3385//6226 3397//6226 3387//6226
f 3380//6227 3418//6227 3269//6227
f 3381//6228 3389//6228 3380//6228
f 3402//6229 3419//6229 3370//6229
f 3370//6230 3419//6230 3391//6230
f 3387//6231 3420//6231 3408//6231
f 3378//6232 3161//6232 3402//6232
f 3386//6233 3421//6233 3281//6233
f 3281//6234 3421//6234 3410//6234
f 3383//6235 3399//6235 3403//6235
f 3336//6236 3422//6236 3355//6236
f 3406//6237 3423//6237 3267//6237
f 3267//6238 3423//6238 3375//6238
f 3374//6239 3424//6239 3396//6239
f 3410//6240 3425//6240 3382//6240
f 3405//6241 3426//6241 3258//6241
f 3354//6242 3427//6242 3287//6242
f 3287//6243 3427//6243 3395//6243
f 3258//6244 3426//6244 3401//6244
f 3338//6245 3361//6245 3347//6245
f 3403//6246 3428//6246 3388//6246
f 3390//6247 3429//6247 3404//6247
f 3346//6248 3429//6248 3390//6248
f 3025//6249 3028//6249 3026//6249
f 3026//6250 3028//6250 3334//6250
f 3161//6251 3163//6251 3402//6251
f 3411//6252 3424//6252 3374//6252
f 3344//6253 3430//6253 3342//6253
f 3269//6254 3431//6254 3392//6254
f 3301//6255 3413//6255 3400//6255
f 3399//6256 3432//6256 3403//6256
f 3392//6257 3433//6257 3415//6257
f 3376//6258 3434//6258 3412//6258
f 3401//6259 3434//6259 3376//6259
f 3397//6260 3420//6260 3387//6260
f 1836//6261 3435//6261 2283//6261
f 3408//6262 3436//6262 3398//6262
f 3407//6263 3437//6263 3211//6263
f 3211//6264 3437//6264 3409//6264
f 2287//6265 3438//6265 1836//6265
f 2283//6266 3289//6266 2281//6266
f 3399//6267 3439//6267 3432//6267
f 3402//6268 3163//6268 3419//6268
f 3398//6269 3439//6269 3399//6269
f 2288//6270 3438//6270 2287//6270
f 3352//6271 3440//6271 3351//6271
f 3335//6272 3357//6272 3344//6272
f 3396//6273 3441//6273 3413//6273
f 3403//6274 3432//6274 3428//6274
f 3334//6275 3036//6275 3339//6275
f 3028//6276 3036//6276 3334//6276
f 2259//6277 3415//6277 2255//6277
f 3347//6278 3361//6278 3348//6278
f 3435//6279 3288//6279 2283//6279
f 1836//6280 3442//6280 3435//6280
f 3419//6281 3443//6281 3391//6281
f 3391//6282 3443//6282 3411//6282
f 3438//6283 3442//6283 1836//6283
f 3394//6284 3444//6284 3256//6284
f 3256//6285 3444//6285 3407//6285
f 3382//6286 3425//6286 3416//6286
f 3424//6287 3441//6287 3396//6287
f 3412//6288 3445//6288 3386//6288
f 3386//6289 3445//6289 3421//6289
f 2289//6290 3446//6290 1841//6290
f 2288//6291 3447//6291 3438//6291
f 3432//6292 3439//6292 3448//6292
f 3417//6293 3422//6293 3336//6293
f 2281//6294 3292//6294 2279//6294
f 3400//6295 3449//6295 3406//6295
f 3398//6296 3450//6296 3439//6296
f 3426//6297 3434//6297 3401//6297
f 3420//6298 3436//6298 3408//6298
f 3340//6299 3451//6299 3353//6299
f 3430//6300 3359//6300 3342//6300
f 3371//6301 3452//6301 3414//6301
f 3409//6302 3452//6302 3371//6302
f 3351//6303 3440//6303 3393//6303
f 3435//6304 3453//6304 3288//6304
f 3163//6305 3454//6305 3419//6305
f 3404//6306 3455//6306 3417//6306
f 3393//6307 3451//6307 3340//6307
f 3410//6308 3421//6308 3425//6308
f 2278//6309 3291//6309 2276//6309
f 3418//6310 3431//6310 3269//6310
f 3389//6311 3418//6311 3380//6311
f 3413//6312 3456//6312 3400//6312
f 3375//6313 3457//6313 3405//6313
f 1841//6314 3458//6314 2288//6314
f 3354//6315 3459//6315 3427//6315
f 3436//6316 3450//6316 3398//6316
f 3356//6317 3459//6317 3354//6317
f 3357//6318 3430//6318 3344//6318
f 3397//6319 3460//6319 3420//6319
f 3416//6320 3460//6320 3397//6320
f 3413//6321 3441//6321 3456//6321
f 3346//6322 3360//6322 3429//6322
f 3422//6323 3461//6323 3355//6323
f 3355//6324 3461//6324 3356//6324
f 3350//6325 3462//6325 3357//6325
f 3339//6326 3463//6326 3350//6326
f 3036//6327 3463//6327 3339//6327
f 3419//6328 3454//6328 3443//6328
f 3426//6329 3464//6329 3434//6329
f 3163//6330 3168//6330 3454//6330
f 3411//6331 3443//6331 3424//6331
f 2291//6332 3465//6332 2289//6332
f 3361//6333 3364//6333 3348//6333
f 3431//6334 3466//6334 3392//6334
f 3392//6335 3466//6335 3433//6335
f 3290//6336 3467//6336 3289//6336
f 3420//6337 3468//6337 3436//6337
f 3389//6338 3469//6338 3418//6338
f 3415//6339 3470//6339 2255//6339
f 3450//6340 3471//6340 3439//6340
f 2255//6341 3470//6341 2256//6341
f 3424//6342 3472//6342 3441//6342
f 3446//6343 3458//6343 1841//6343
f 3291//6344 3473//6344 2276//6344
f 3359//6345 3352//6345 3343//6345
f 3425//6346 3474//6346 3416//6346
f 3436//6347 3475//6347 3450//6347
f 3292//6348 3293//6348 2279//6348
f 2279//6349 3293//6349 3291//6349
f 3442//6350 3453//6350 3435//6350
f 2288//6351 3476//6351 3447//6351
f 3458//6352 3476//6352 2288//6352
f 3438//6353 3477//6353 3442//6353
f 3447//6354 3477//6354 3438//6354
f 3429//6355 3455//6355 3404//6355
f 3406//6356 3478//6356 3423//6356
f 3449//6357 3478//6357 3406//6357
f 3440//6358 3479//6358 3393//6358
f 2289//6359 3480//6359 3446//6359
f 3395//6360 3444//6360 3394//6360
f 3421//6361 3481//6361 3425//6361
f 3456//6362 3449//6362 3400//6362
f 3453//6363 3290//6363 3288//6363
f 3434//6364 3482//6364 3412//6364
f 3412//6365 3482//6365 3445//6365
f 3418//6366 3483//6366 3431//6366
f 2276//6367 3484//6367 2274//6367
f 3439//6368 3471//6368 3448//6368
f 3460//6369 3468//6369 3420//6369
f 3289//6370 3467//6370 3292//6370
f 3462//6371 3485//6371 3357//6371
f 3445//6372 3486//6372 3421//6372
f 3457//6373 3487//6373 3405//6373
f 3405//6374 3487//6374 3426//6374
f 3443//6375 3472//6375 3424//6375
f 3423//6376 3457//6376 3375//6376
f 3448//6377 3471//6377 3488//6377
f 3463//6378 3462//6378 3350//6378
f 3436//6379 3468//6379 3475//6379
f 3407//6380 3444//6380 3437//6380
f 3450//6381 3475//6381 3471//6381
f 3454//6382 3489//6382 3443//6382
f 3393//6383 3479//6383 3451//6383
f 3414//6384 3469//6384 3389//6384
f 3433//6385 3490//6385 3415//6385
f 3415//6386 3490//6386 3470//6386
f 3460//6387 3491//6387 3468//6387
f 3492//6388 3453//6388 3442//6388
f 3455//6389 3493//6389 3417//6389
f 3293//6390 3494//6390 3291//6390
f 3417//6391 3493//6391 3422//6391
f 3291//6392 3494//6392 3473//6392
f 3416//6393 3474//6393 3460//6393
f 3467//6394 3495//6394 3292//6394
f 3456//6395 3496//6395 3449//6395
f 3430//6396 3497//6396 3359//6396
f 3465//6397 3480//6397 2289//6397
f 3409//6398 3498//6398 3452//6398
f 3437//6399 3498//6399 3409//6399
f 2274//6400 3295//6400 2272//6400
f 3484//6401 3295//6401 2274//6401
f 3139//6402 3454//6402 3168//6402
f 3499//6403 3470//6403 3490//6403
f 3422//6404 3500//6404 3461//6404
f 3443//6405 3501//6405 3472//6405
f 2291//6406 3502//6406 3465//6406
f 3290//6407 3503//6407 3467//6407
f 3473//6408 3504//6408 2276//6408
f 2276//6409 3504//6409 3484//6409
f 3492//6410 3300//6410 3453//6410
f 3425//6411 3481//6411 3474//6411
f 3453//6412 3300//6412 3290//6412
f 3357//6413 3485//6413 3430//6413
f 3395//6414 3505//6414 3444//6414
f 3480//6415 3506//6415 3446//6415
f 3446//6416 3506//6416 3458//6416
f 3395//6417 3427//6417 3505//6417
f 3451//6418 3507//6418 3353//6418
f 3447//6419 3508//6419 3477//6419
f 3466//6420 3509//6420 3433//6420
f 3476//6421 3508//6421 3447//6421
f 3035//6422 3463//6422 3036//6422
f 3441//6423 3510//6423 3456//6423
f 3472//6424 3510//6424 3441//6424
f 3468//6425 3511//6425 3475//6425
f 3477//6426 3299//6426 3442//6426
f 3442//6427 3299//6427 3492//6427
f 3458//6428 3506//6428 3476//6428
f 3421//6429 3486//6429 3481//6429
f 3471//6430 3475//6430 3512//6430
f 3459//6431 3513//6431 3427//6431
f 3464//6432 3482//6432 3434//6432
f 3423//6433 3514//6433 3457//6433
f 3489//6434 3515//6434 3443//6434
f 3443//6435 3515//6435 3501//6435
f 3300//6436 3503//6436 3290//6436
f 3469//6437 3516//6437 3418//6437
f 3491//6438 3517//6438 3468//6438
f 3502//6439 3303//6439 3465//6439
f 3418//6440 3516//6440 3483//6440
f 3139//6441 3489//6441 3454//6441
f 3485//6442 3518//6442 3430//6442
f 2291//6443 3519//6443 3502//6443
f 3482//6444 3520//6444 3445//6444
f 3445//6445 3520//6445 3486//6445
f 3360//6446 3521//6446 3429//6446
f 3429//6447 3521//6447 3455//6447
f 3356//6448 3461//6448 3459//6448
f 3414//6449 3522//6449 3469//6449
f 2292//6450 3519//6450 2291//6450
f 3479//6451 3523//6451 3451//6451
f 3506//6452 3524//6452 3476//6452
f 3495//6453 3294//6453 3292//6453
f 3472//6454 3525//6454 3510//6454
f 3493//6455 3500//6455 3422//6455
f 3483//6456 3526//6456 3431//6456
f 3431//6457 3526//6457 3466//6457
f 3523//6458 3507//6458 3451//6458
f 3300//6459 3298//6459 3503//6459
f 3481//6460 3527//6460 3474//6460
f 3478//6461 3514//6461 3423//6461
f 3468//6462 3517//6462 3511//6462
f 3449//6463 3496//6463 3478//6463
f 3475//6464 3511//6464 3512//6464
f 3426//6465 3528//6465 3464//6465
f 3487//6466 3528//6466 3426//6466
f 3474//6467 3491//6467 3460//6467
f 3359//6468 3529//6468 3352//6468
f 3497//6469 3529//6469 3359//6469
f 3456//6470 3510//6470 3496//6470
f 3433//6471 3509//6471 3490//6471
f 3503//6472 3495//6472 3467//6472
f 3463//6473 3062//6473 3462//6473
f 3465//6474 3302//6474 3480//6474
f 3303//6475 3302//6475 3465//6475
f 3294//6476 3530//6476 3293//6476
f 3501//6477 3525//6477 3472//6477
f 3492//6478 3299//6478 3300//6478
f 3035//6479 3062//6479 3463//6479
f 3486//6480 3531//6480 3481//6480
f 3524//6481 3532//6481 3476//6481
f 3476//6482 3532//6482 3508//6482
f 3519//6483 3306//6483 3502//6483
f 3512//6484 3511//6484 3533//6484
f 3364//6485 3534//6485 3360//6485
f 3440//6486 3535//6486 3479//6486
f 3515//6487 3536//6487 3501//6487
f 3358//6488 3363//6488 3362//6488
f 3514//6489 3487//6489 3457//6489
f 3504//6490 3295//6490 3484//6490
f 3462//6491 3537//6491 3485//6491
f 3062//6492 3537//6492 3462//6492
f 2293//6493 3538//6493 2292//6493
f 3473//6494 3539//6494 3504//6494
f 3494//6495 3539//6495 3473//6495
f 3518//6496 3497//6496 3430//6496
f 3464//6497 3540//6497 3482//6497
f 3489//6498 2957//6498 3515//6498
f 3139//6499 2957//6499 3489//6499
f 3293//6500 3530//6500 3494//6500
f 3493//6501 3541//6501 3500//6501
f 3508//6502 3542//6502 3477//6502
f 3477//6503 3542//6503 3299//6503
f 3452//6504 3522//6504 3414//6504
f 3474//6505 3527//6505 3491//6505
f 3482//6506 3543//6506 3520//6506
f 3353//6507 3507//6507 3363//6507
f 3459//6508 3544//6508 3513//6508
f 3536//6509 3545//6509 3501//6509
f 3501//6510 3545//6510 3525//6510
f 3363//6511 3546//6511 3362//6511
f 3495//6512 3547//6512 3294//6512
f 3528//6513 3540//6513 3464//6513
f 3540//6514 3548//6514 3482//6514
f 3491//6515 3549//6515 3517//6515
f 3478//6516 3550//6516 3514//6516
f 3502//6517 3306//6517 3303//6517
f 3505//6518 3551//6518 3444//6518
f 3510//6519 3552//6519 3496//6519
f 3427//6520 3513//6520 3505//6520
f 3481//6521 3531//6521 3527//6521
f 3444//6522 3553//6522 3437//6522
f 3437//6523 3553//6523 3498//6523
f 3538//6524 3519//6524 2292//6524
f 3352//6525 3554//6525 3440//6525
f 3529//6526 3554//6526 3352//6526
f 3527//6527 3555//6527 3491//6527
f 3483//6528 3556//6528 3526//6528
f 3516//6529 3556//6529 3483//6529
f 3298//6530 3557//6530 3503//6530
f 3503//6531 3557//6531 3495//6531
f 3506//6532 3558//6532 3524//6532
f 3455//6533 3521//6533 3493//6533
f 3490//6534 3559//6534 3560//6534
f 3520//6535 3561//6535 3486//6535
f 3486//6536 3561//6536 3531//6536
f 3469//6537 3562//6537 3516//6537
f 3522//6538 3562//6538 3469//6538
f 3504//6539 3307//6539 3295//6539
f 3302//6540 3310//6540 3480//6540
f 3480//6541 3310//6541 3506//6541
f 3515//6542 2957//6542 3536//6542
f 3514//6543 3563//6543 3487//6543
f 3500//6544 3366//6544 3461//6544
f 2271//6545 3564//6545 2270//6545
f 3365//6546 3565//6546 3364//6546
f 3510//6547 3566//6547 3552//6547
f 3525//6548 3566//6548 3510//6548
f 3505//6549 3567//6549 3551//6549
f 3542//6550 3297//6550 3299//6550
f 3509//6551 3559//6551 3490//6551
f 3557//6552 3547//6552 3495//6552
f 3461//6553 3544//6553 3459//6553
f 3548//6554 3543//6554 3482//6554
f 3537//6555 3568//6555 3485//6555
f 3517//6556 3549//6556 3511//6556
f 3363//6557 3569//6557 3546//6557
f 3496//6558 3550//6558 3478//6558
f 3507//6559 3569//6559 3363//6559
f 2957//6560 3144//6560 3536//6560
f 3555//6561 3549//6561 3491//6561
f 3532//6562 3542//6562 3508//6562
f 3530//6563 3570//6563 3494//6563
f 3571//6564 3532//6564 3524//6564
f 3360//6565 3572//6565 3521//6565
f 3534//6566 3572//6566 3360//6566
f 3535//6567 3523//6567 3479//6567
f 3487//6568 3573//6568 3528//6568
f 3296//6569 3564//6569 2271//6569
f 3511//6570 3549//6570 3574//6570
f 3364//6571 3565//6571 3534//6571
f 2293//6572 3575//6572 3538//6572
f 3561//6573 3576//6573 3531//6573
f 3539//6574 3307//6574 3504//6574
f 3558//6575 3571//6575 3524//6575
f 3514//6576 3550//6576 3563//6576
f 3496//6577 3552//6577 3550//6577
f 3485//6578 3568//6578 3518//6578
f 3538//6579 3577//6579 3519//6579
f 3444//6580 3578//6580 3553//6580
f 2270//6581 3564//6581 2268//6581
f 3551//6582 3578//6582 3444//6582
f 3546//6583 3579//6583 3362//6583
f 3362//6584 3579//6584 3365//6584
f 3526//6585 3580//6585 3466//6585
f 3466//6586 3580//6586 3509//6586
f 3452//6587 3581//6587 3522//6587
f 3498//6588 3581//6588 3452//6588
f 3545//6589 3582//6589 3525//6589
f 3547//6590 3583//6590 3294//6590
f 3525//6591 3582//6591 3566//6591
f 3294//6592 3583//6592 3530//6592
f 3506//6593 3317//6593 3558//6593
f 3531//6594 3576//6594 3527//6594
f 3310//6595 3317//6595 3506//6595
f 3519//6596 3577//6596 3306//6596
f 3543//6597 3584//6597 3520//6597
f 3563//6598 3573//6598 3487//6598
f 3554//6599 3535//6599 3440//6599
f 3065//6600 3537//6600 3062//6600
f 3528//6601 3585//6601 3540//6601
f 3297//6602 3557//6602 3298//6602
f 3494//6603 3570//6603 3539//6603
f 3557//6604 3586//6604 3547//6604
f 3505//6605 3587//6605 3567//6605
f 3536//6606 3588//6606 3545//6606
f 3513//6607 3587//6607 3505//6607
f 3545//6608 3588//6608 3582//6608
f 3549//6609 3589//6609 3574//6609
f 3555//6610 3590//6610 3549//6610
f 3559//6611 3509//6611 3591//6611
f 3592//6612 3529//6612 3497//6612
f 3296//6613 3593//6613 3564//6613
f 3542//6614 3594//6614 3297//6614
f 3540//6615 3585//6615 3548//6615
f 3562//6616 3595//6616 3516//6616
f 3516//6617 3595//6617 3556//6617
f 3556//6618 3580//6618 3526//6618
f 3144//6619 3588//6619 3536//6619
f 3521//6620 3596//6620 3493//6620
f 3493//6621 3596//6621 3541//6621
f 3552//6622 3597//6622 3550//6622
f 3569//6623 3598//6623 3546//6623
f 3527//6624 3599//6624 3555//6624
f 3576//6625 3599//6625 3527//6625
f 3568//6626 3497//6626 3518//6626
f 3541//6627 3366//6627 3500//6627
f 3577//6628 3311//6628 3306//6628
f 3297//6629 3600//6629 3557//6629
f 3520//6630 3584//6630 3561//6630
f 3144//6631 3601//6631 3588//6631
f 3565//6632 3602//6632 3534//6632
f 2268//6633 3603//6633 2266//6633
f 3590//6634 3589//6634 3549//6634
f 3575//6635 3604//6635 3538//6635
f 3563//6636 3605//6636 3573//6636
f 3548//6637 3584//6637 3543//6637
f 3461//6638 3368//6638 3544//6638
f 3366//6639 3368//6639 3461//6639
f 3564//6640 3606//6640 2268//6640
f 3600//6641 3607//6641 3557//6641
f 3566//6642 3597//6642 3552//6642
f 3546//6643 3598//6643 3579//6643
f 3310//6644 3313//6644 3317//6644
f 3556//6645 3608//6645 3580//6645
f 3550//6646 3597//6646 3563//6646
f 3523//6647 3192//6647 3507//6647
f 3532//6648 3609//6648 3542//6648
f 3599//6649 3590//6649 3555//6649
f 3513//6650 3610//6650 3587//6650
f 3544//6651 3610//6651 3513//6651
f 3365//6652 3579//6652 3565//6652
f 3580//6653 3591//6653 3509//6653
f 3529//6654 3611//6654 3554//6654
f 3551//6655 3567//6655 3578//6655
f 3571//6656 3609//6656 3532//6656
f 3558//6657 3318//6657 3571//6657
f 3317//6658 3318//6658 3558//6658
f 3538//6659 3604//6659 3577//6659
f 3584//6660 3612//6660 3561//6660
f 3561//6661 3612//6661 3576//6661
f 3562//6662 3613//6662 3595//6662
f 3537//6663 3116//6663 3568//6663
f 3065//6664 3116//6664 3537//6664
f 3573//6665 3614//6665 3528//6665
f 3144//6666 3152//6666 3601//6666
f 3541//6667 3367//6667 3366//6667
f 2293//6668 3321//6668 3575//6668
f 2295//6669 3321//6669 2293//6669
f 3522//6670 3615//6670 3562//6670
f 3581//6671 3615//6671 3522//6671
f 3576//6672 3616//6672 3599//6672
f 3534//6673 3602//6673 3572//6673
f 3557//6674 3607//6674 3586//6674
f 3535//6675 3236//6675 3523//6675
f 3568//6676 3119//6676 3497//6676
f 3605//6677 3614//6677 3573//6677
f 3572//6678 3596//6678 3521//6678
f 3547//6679 3617//6679 3583//6679
f 3554//6680 3217//6680 3535//6680
f 3583//6681 3241//6681 3530//6681
f 3530//6682 3241//6682 3570//6682
f 3590//6683 3618//6683 3589//6683
f 3582//6684 3619//6684 3566//6684
f 3566//6685 3619//6685 3597//6685
f 3597//6686 3605//6686 3563//6686
f 3304//6687 3314//6687 3313//6687
f 3606//6688 3603//6688 2268//6688
f 3585//6689 3620//6689 3548//6689
f 3586//6690 3617//6690 3547//6690
f 3548//6691 3621//6691 3584//6691
f 3598//6692 3250//6692 3579//6692
f 3570//6693 3315//6693 3539//6693
f 3539//6694 3315//6694 3307//6694
f 3498//6695 3179//6695 3581//6695
f 3553//6696 3179//6696 3498//6696
f 3594//6697 3622//6697 3297//6697
f 3297//6698 3622//6698 3600//6698
f 3614//6699 3585//6699 3528//6699
f 3588//6700 3619//6700 3582//6700
f 3595//6701 3608//6701 3556//6701
f 3542//6702 3326//6702 3594//6702
f 3236//6703 3192//6703 3523//6703
f 3609//6704 3326//6704 3542//6704
f 3604//6705 3182//6705 3577//6705
f 3597//6686 3623//6686 3605//6686
f 3592//6706 3611//6706 3529//6706
f 3614//6707 3624//6707 3585//6707
f 3584//6708 3625//6708 3612//6708
f 3497//6709 3119//6709 3592//6709
f 3564//6710 3183//6710 3606//6710
f 3612//6711 3616//6711 3576//6711
f 3586//6712 3174//6712 3617//6712
f 3590//6713 3599//6713 3618//6713
f 3308//6714 3210//6714 3296//6714
f 3296//6715 3210//6715 3593//6715
f 3608//6716 3626//6716 3580//6716
f 3580//6717 3626//6717 3591//6717
f 3152//6718 3158//6718 3601//6718
f 3192//6719 3193//6719 3507//6719
f 3620//6720 3621//6720 3548//6720
f 3507//6721 3193//6721 3569//6721
f 3621//6722 3627//6722 3584//6722
f 3624//6723 3628//6723 3585//6723
f 3593//6724 3183//6724 3564//6724
f 3587//6725 3629//6725 3567//6725
f 3601//6726 3630//6726 3588//6726
f 3588//6727 3630//6727 3619//6727
f 3544//6728 3631//6728 3610//6728
f 3611//6729 3217//6729 3554//6729
f 3572//6730 3259//6730 3596//6730
f 3116//6731 3119//6731 3568//6731
f 3595//6732 3226//6732 3608//6732
f 3617//6733 3261//6733 3583//6733
f 3628//6734 3620//6734 3585//6734
f 3587//6735 3610//6735 3629//6735
f 3119//6736 3105//6736 3592//6736
f 3579//6737 3268//6737 3565//6737
f 3565//6738 3268//6738 3602//6738
f 3605//6739 3623//6739 3614//6739
f 3606//6740 3185//6740 3603//6740
f 3597//6741 3632//6741 3623//6741
f 3619//6742 3632//6742 3597//6742
f 3616//6743 3633//6743 3599//6743
f 3567//6744 3221//6744 3578//6744
f 3596//6745 3369//6745 3541//6745
f 3541//6746 3369//6746 3367//6746
f 3615//6747 3273//6747 3562//6747
f 3562//6748 3273//6748 3613//6748
f 3607//6749 3174//6749 3586//6749
f 3602//6750 3243//6750 3572//6750
f 3553//6751 3177//6751 3179//6751
f 3578//6752 3177//6752 3553//6752
f 3318//6753 3230//6753 3571//6753
f 3571//6754 3230//6754 3609//6754
f 3627//6755 3625//6755 3584//6755
f 3577//6756 3182//6756 3311//6756
f 3612//6757 3634//6757 3616//6757
f 3600//6758 3622//6758 3607//6758
f 3217//6759 3236//6759 3535//6759
f 2297//6760 3202//6760 2295//6760
f 3601//6761 3158//6761 3630//6761
f 3591//6762 3626//6762 3635//6762
f 3321//6763 3323//6763 3575//6763
f 3575//6764 3323//6764 3604//6764
f 3599//6765 3636//6765 3618//6765
f 3633//6766 3636//6766 3599//6766
f 3581//6767 3179//6767 3615//6767
f 3625//6768 3637//6768 3612//6768
f 3623//6769 3638//6769 3614//6769
f 3593//6770 3210//6770 3183//6770
f 3619//6771 3639//6771 3632//6771
f 3634//6772 3633//6772 3616//6772
f 3613//6773 3226//6773 3595//6773
f 3583//6774 3261//6774 3241//6774
f 3638//6775 3640//6775 3614//6775
f 3614//6776 3640//6776 3624//6776
f 3105//6777 3254//6777 3592//6777
f 3592//6778 3254//6778 3611//6778
f 2990//6779 3630//6779 3158//6779
f 3367//6780 3252//6780 3368//6780
f 3579//6781 3250//6781 3268//6781
f 3368//6782 3206//6782 3544//6782
f 3544//6783 3206//6783 3631//6783
f 3603//6784 3233//6784 2266//6784
f 3621//6785 3641//6785 3627//6785
f 3636//6786 3642//6786 3618//6786
f 3598//6787 3305//6787 3250//6787
f 3200//6788 3305//6788 3598//6788
f 3174//6789 3261//6789 3617//6789
f 3612//6790 3637//6790 3634//6790
f 3630//6791 3639//6791 3619//6791
f 3628//6792 3643//6792 3620//6792
f 3620//6793 3643//6793 3621//6793
f 3326//6794 3196//6794 3594//6794
f 3594//6795 3196//6795 3622//6795
f 2295//6796 3202//6796 3321//6796
f 3632//6797 3638//6797 3623//6797
f 2266//6798 3285//6798 2265//6798
f 3629//6799 3221//6799 3567//6799
f 3217//6800 3218//6800 3236//6800
f 3314//6801 3316//6801 3313//6801
f 3226//6802 3235//6802 3608//6802
f 3608//6803 3235//6803 3626//6803
f 3630//6804 2990//6804 3639//6804
f 3569//6805 3200//6805 3598//6805
f 3193//6806 3200//6806 3569//6806
f 3629//6807 3208//6807 3220//6807
f 3610//6808 3208//6808 3629//6808
f 3624//6809 3640//6809 3628//6809
f 3312//6810 3266//6810 3314//6810
f 3632//6811 3644//6811 3638//6811
f 3627//6812 3186//6812 3625//6812
f 3641//6813 3186//6813 3627//6813
f 3308//6814 3255//6814 3210//6814
f 3264//6815 3255//6815 3308//6815
f 3183//6816 3185//6816 3606//6816
f 3202//6817 3270//6817 3321//6817
f 3174//6818 3176//6818 3261//6818
f 3570//6819 3242//6819 3315//6819
f 3241//6820 3242//6820 3570//6820
f 3643//6821 3641//6821 3621//6821
f 3634//6822 3645//6822 3633//6822
f 3221//6823 3194//6823 3578//6823
f 3578//6824 3194//6824 3177//6824
f 3261//6825 3239//6825 3241//6825
f 3252//6826 3206//6826 3368//6826
f 3622//6827 3198//6827 3607//6827
f 3572//6828 3245//6828 3259//6828
f 3243//6829 3245//6829 3572//6829
f 3639//6830 3644//6830 3632//6830
f 3236//6831 3190//6831 3192//6831
f 2990//6832 2703//6832 3639//6832
f 3186//6833 3637//6833 3625//6833
f 3607//6834 3175//6834 3174//6834
f 3198//6835 3175//6835 3607//6835
f 3633//6836 3645//6836 3636//6836
f 3604//6837 3330//6837 3182//6837
f 3628//6838 3203//6838 3643//6838
f 3323//6839 3330//6839 3604//6839
f 3640//6840 3203//6840 3628//6840
f 3250//6841 3251//6841 3268//6841
f 3629//6842 3220//6842 3221//6842
f 3637//6843 3223//6843 3634//6843
f 3185//6844 3233//6844 3603//6844
f 3615//6845 3178//6845 3273//6845
f 3179//6846 3178//6846 3615//6846
f 3226//6847 3227//6847 3235//6847
f 3639//6848 3646//6848 3644//6848
f 3259//6849 3260//6849 3596//6849
f 3596//6850 3260//6850 3369//6850
f 3254//6851 3215//6851 3611//6851
f 3611//6852 3215//6852 3217//6852
f 3636//6853 3645//6853 3647//6853
f 3634//6854 3223//6854 3645//6854
f 3268//6855 3243//6855 3602//6855
f 3186//6856 3188//6856 3637//6856
f 3609//6857 3325//6857 3326//6857
f 3230//6858 3325//6858 3609//6858
f 3210//6859 3184//6859 3183//6859
f 3369//6860 3252//6860 3367//6860
f 3613//6861 3224//6861 3226//6861
f 3273//6862 3224//6862 3613//6862
f 2703//6863 3646//6863 3639//6863
f 3316//6864 3228//6864 3230//6864
f 3188//6865 3223//6865 3637//6865
f 3196//6866 3198//6866 3622//6866
f 3305//6867 3248//6867 3250//6867
f 3223//6868 3237//6868 3645//6868
f 3640//6869 3213//6869 3203//6869
f 3638//6870 3213//6870 3640//6870
f 3641//6871 3205//6871 3186//6871
f 3643//6872 3205//6872 3641//6872
f 3644//6873 3209//6873 3638//6873
f 3266//6874 3319//6874 3314//6874
f 3237//6875 3647//6875 3645//6875
f 3105//6876 3104//6876 3254//6876
f 3631//6877 3206//6877 3610//6877
f 3610//6878 3206//6878 3208//6878
f 3233//6879 3381//6879 2266//6879
f 2266//6880 3381//6880 3285//6880
f 2702//6881 3646//6881 2703//6881
f 3644//6882 2702//6882 3209//6882
f 3646//6883 2702//6883 3644//6883
f 3330//6884 3180//6884 3182//6884
f 3230//6885 3229//6885 3325//6885
f 2297//6886 3189//6886 3202//6886
f 3369//6887 3277//6887 3252//6887
f 3638//6888 3209//6888 3213//6888
f 3203//6889 3205//6889 3643//6889
f 496//6890 3648//6890 497//6890
f 1763//6891 1757//6891 1745//6891
f 3649//6892 3650//6892 629//6892
f 3650//6893 1763//6893 1745//6893
f 3650//6894 1745//6894 3648//6894
f 563//6895 3648//6895 496//6895
f 563//6896 3650//6896 3648//6896
f 3649//6897 631//6897 3651//6897
f 3652//6898 1776//6898 3653//6898
f 3652//6899 3654//6899 1784//6899
f 3653//6900 1770//6900 3651//6900
f 3653//6901 1776//6901 1770//6901
f 3655//6902 808//6902 806//6902
f 3655//6903 3656//6903 3657//6903
f 3655//6904 3657//6904 808//6904
f 711//6905 3653//6905 3651//6905
f 711//6906 3651//6906 687//6906
f 3655//6907 3658//6907 3656//6907
f 800//6908 3658//6908 3655//6908
f 800//6909 3655//6909 806//6909
f 629//6910 3650//6910 563//6910
f 1694//6911 3659//6911 3660//6911
f 631//6912 3649//6912 629//6912
f 509//6913 3661//6913 3660//6913
f 853//6914 3662//6914 3661//6914
f 687//6915 3651//6915 631//6915
f 846//6916 3662//6916 849//6916
f 846//6917 3663//6917 3662//6917
f 1784//6918 1776//6918 3652//6918
f 838//6919 3663//6919 846//6919
f 1784//6920 3654//6920 1789//6920
f 818//6921 3664//6921 3665//6921
f 838//6922 3666//6922 3663//6922
f 3667//6923 898//6923 866//6923
f 3667//6924 866//6924 628//6924
f 818//6925 3665//6925 3668//6925
f 3669//6926 838//6926 828//6926
f 3669//6927 3666//6927 838//6927
f 818//6928 816//6928 3664//6928
f 3659//6929 1694//6929 898//6929
f 3659//6930 898//6930 3667//6930
f 1791//6931 3669//6931 3670//6931
f 530//6932 3659//6932 3667//6932
f 530//6933 3667//6933 628//6933
f 1807//6934 1791//6934 3670//6934
f 1807//6935 3670//6935 3671//6935
f 1824//6936 1817//6936 3672//6936
f 530//6937 3660//6937 3659//6937
f 3660//6938 1710//6938 1694//6938
f 509//6939 3660//6939 530//6939
f 3656//6940 1824//6940 3672//6940
f 3661//6941 1710//6941 3660//6941
f 3657//6942 3672//6942 3665//6942
f 3657//6943 3656//6943 3672//6943
f 853//6944 3661//6944 509//6944
f 1828//6945 1824//6945 3656//6945
f 3662//6946 1710//6946 3661//6946
f 3662//6947 1721//6947 1710//6947
f 1655//6948 1828//6948 3658//6948
f 3663//6949 1721//6949 3662//6949
f 3663//6950 1741//6950 1721//6950
f 3666//6951 1782//6951 1741//6951
f 3666//6952 1741//6952 3663//6952
f 3669//6953 1782//6953 3666//6953
f 3669//6954 1775//6954 1782//6954
f 3669//6955 1791//6955 1775//6955
f 1770//6956 1768//6956 3651//6956
f 819//6957 3670//6957 3669//6957
f 819//6958 3669//6958 828//6958
f 3671//6959 3670//6959 819//6959
f 775//6960 573//6960 3654//6960
f 3668//6961 1807//6961 3671//6961
f 3668//6962 1817//6962 1807//6962
f 818//6963 3671//6963 819//6963
f 3668//6964 3671//6964 818//6964
f 3673//6965 1789//6965 3654//6965
f 3673//6966 3654//6966 573//6966
f 808//6967 3657//6967 816//6967
f 3662//6968 853//6968 849//6968
f 3674//6969 1655//6969 3658//6969
f 3674//6970 1656//6970 1655//6970
f 3664//6971 816//6971 3657//6971
f 799//6972 3658//6972 800//6972
f 799//6973 3674//6973 3658//6973
f 3664//6974 3657//6974 3665//6974
f 3656//6975 3658//6975 1828//6975
f 3675//6976 1656//6976 3674//6976
f 3675//6977 1678//6977 1656//6977
f 812//6978 3674//6978 799//6978
f 812//6979 3675//6979 3674//6979
f 3650//6980 3649//6980 1763//6980
f 3649//6981 1768//6981 1763//6981
f 3676//6982 1685//6982 1678//6982
f 3676//6983 1678//6983 3675//6983
f 3676//6984 3675//6984 812//6984
f 821//6985 3676//6985 812//6985
f 3649//6986 3651//6986 1768//6986
f 840//6987 3676//6987 821//6987
f 3677//6988 1685//6988 3676//6988
f 3677//6989 1701//6989 1685//6989
f 3653//6990 711//6990 3652//6990
f 840//6991 3677//6991 3676//6991
f 3677//6992 1709//6992 1701//6992
f 3652//6993 711//6993 775//6993
f 842//6994 3677//6994 840//6994
f 3652//6995 775//6995 3654//6995
f 3678//6996 1709//6996 3677//6996
f 844//6997 3678//6997 3677//6997
f 842//6998 844//6998 3677//6998
f 3678//6999 1717//6999 1709//6999
f 3679//7000 1727//7000 1717//7000
f 3679//7001 1717//7001 3678//7001
f 845//7002 3678//7002 844//7002
f 845//7003 3679//7003 3678//7003
f 3668//7004 3665//7004 3672//7004
f 3668//7005 3672//7005 1817//7005
f 3679//7006 1731//7006 1727//7006
f 854//7007 3679//7007 845//7007
f 3680//7008 1739//7008 1731//7008
f 3680//7009 1731//7009 3679//7009
f 497//7010 3679//7010 854//7010
f 497//7011 3680//7011 3679//7011
f 3648//7012 1739//7012 3680//7012
f 3648//7013 1745//7013 1739//7013
f 497//7014 3648//7014 3680//7014
f 1892//7015 2011//7015 1893//7015
f 1893//7016 2011//7016 3681//7016
f 2011//7017 2193//7017 3681//7017
f 3682//7018 2087//7018 3683//7018
f 2088//7019 2087//7019 3682//7019
f 2193//7020 2189//7020 3681//7020
f 3681//7021 2189//7021 3684//7021
f 2087//7022 2086//7022 3683//7022
f 3683//7023 2084//7023 3685//7023
f 2086//7024 2084//7024 3683//7024
f 2189//7025 2188//7025 3684//7025
f 3684//7026 2188//7026 3686//7026
f 2084//7027 2029//7027 3685//7027
f 2188//7028 2142//7028 3686//7028
f 2142//7029 2141//7029 3686//7029
f 2029//7030 2026//7030 3685//7030
f 3685//7031 2026//7031 3687//7031
f 3686//7032 2141//7032 3688//7032
f 2026//7033 1939//7033 3687//7033
f 2141//7034 2187//7034 3688//7034
f 3688//7035 2187//7035 3689//7035
f 2187//7036 2077//7036 3689//7036
f 1939//7037 1938//7037 3687//7037
f 1938//7038 2018//7038 3687//7038
f 3687//7039 2018//7039 3690//7039
f 2077//7040 2075//7040 3689//7040
f 2018//7041 2015//7041 3690//7041
f 2075//7042 2074//7042 3689//7042
f 3689//7043 2074//7043 3691//7043
f 2015//7044 2010//7044 3690//7044
f 3690//7045 2010//7045 3692//7045
f 2074//7046 2118//7046 3691//7046
f 2010//7047 2004//7047 3692//7047
f 2118//7048 2115//7048 3691//7048
f 3691//7049 2115//7049 3693//7049
f 2004//7050 1995//7050 3692//7050
f 3692//7051 1995//7051 3694//7051
f 2115//7052 2054//7052 3693//7052
f 2054//7053 2053//7053 3693//7053
f 3693//7054 2053//7054 3695//7054
f 3694//7055 1995//7055 3696//7055
f 2053//7056 1985//7056 3695//7056
f 1995//7057 1980//7057 3696//7057
f 1980//7058 1987//7058 3696//7058
f 1985//7059 1977//7059 3695//7059
f 3696//7060 1987//7060 3697//7060
f 3695//7061 1977//7061 3698//7061
f 1987//7062 1970//7062 3697//7062
f 1977//7063 1975//7063 3698//7063
f 1975//7064 2245//7064 3698//7064
f 1970//7065 1974//7065 3697//7065
f 3697//7066 1945//7066 3699//7066
f 2245//7067 2251//7067 3698//7067
f 1974//7068 1945//7068 3697//7068
f 3698//7069 2251//7069 3700//7069
f 1945//7070 1940//7070 3699//7070
f 2251//7071 2247//7071 3700//7071
f 1940//7072 1918//7072 3699//7072
f 2247//7073 2246//7073 3700//7073
f 3699//7074 1918//7074 3701//7074
f 1918//7075 1934//7075 3701//7075
f 2246//7076 2235//7076 3700//7076
f 3701//7077 1934//7077 3702//7077
f 3700//7078 2235//7078 3703//7078
f 2235//7079 2202//7079 3703//7079
f 1934//7080 2167//7080 3702//7080
f 2202//7081 2192//7081 3703//7081
f 2167//7082 2165//7082 3702//7082
f 3703//7083 2192//7083 3704//7083
f 3702//7084 2165//7084 3705//7084
f 2192//7085 2039//7085 3704//7085
f 2165//7086 2242//7086 3705//7086
f 3704//7087 2105//7087 3706//7087
f 2039//7088 2105//7088 3704//7088
f 2242//7089 2223//7089 3705//7089
f 2105//7090 2037//7090 3706//7090
f 2223//7091 2241//7091 3705//7091
f 3706//7092 2036//7092 2096//7092
f 2037//7093 2036//7093 3706//7093
f 3705//7094 2241//7094 3707//7094
f 2241//7095 2225//7095 3707//7095
f 2225//7096 2068//7096 3707//7096
f 3707//7097 2067//7097 3708//7097
f 2068//7098 2067//7098 3707//7098
f 2067//7099 2219//7099 3708//7099
f 2219//7100 2239//7100 3708//7100
f 3708//7101 2239//7101 3709//7101
f 2239//7102 2240//7102 3709//7102
f 2240//7103 2217//7103 3709//7103
f 3709//7104 2217//7104 3710//7104
f 2217//7105 1905//7105 3710//7105
f 1905//7106 1904//7106 3710//7106
f 3710//7107 1904//7107 3711//7107
f 1904//7108 1902//7108 3711//7108
f 1902//7109 1897//7109 3711//7109
f 3711//7110 1897//7110 2250//7110
f 2013//7111 2008//7111 2250//7111
f 2250//7112 2008//7112 3712//7112
f 2008//7113 2005//7113 3712//7113
f 2005//7114 2012//7114 3712//7114
f 3712//7115 2012//7115 3713//7115
f 2012//7116 1891//7116 3713//7116
f 1891//7117 1893//7117 3713//7117
f 2511//7118 2523//7118 2497//7118
f 3714//7119 3715//7119 3716//7119
f 3717//7119 3718//7119 3719//7119
f 3714//7119 3720//7119 3715//7119
f 3718//7119 3721//7119 3719//7119
f 3719//7119 3721//7119 3714//7119
f 3714//7119 3722//7119 3720//7119
f 3723//7119 3724//7119 3725//7119
f 3725//7119 3724//7119 3726//7119
f 3726//7119 3724//7119 3727//7119
f 3727//7119 3724//7119 3728//7119
f 3728//7119 3724//7119 3729//7119
f 3721//7119 3730//7119 3714//7119
f 3729//7119 3724//7119 2096//7119
f 3714//7119 3731//7119 3722//7119
f 2096//7119 3724//7119 3706//7119
f 3706//7119 3724//7119 3704//7119
f 3704//7119 3724//7119 3703//7119
f 3703//7119 3724//7119 3700//7119
f 3700//7119 3724//7119 3698//7119
f 3730//7119 3732//7119 3714//7119
f 3714//7119 3733//7119 3731//7119
f 3714//7119 3732//7119 3733//7119
f 3734//7119 3735//7119 3736//7119
f 3698//7119 3724//7119 3695//7119
f 3695//7119 3724//7119 3693//7119
f 3693//7119 3724//7119 3691//7119
f 3691//7119 3724//7119 3689//7119
f 3689//7119 3724//7119 3688//7119
f 3688//7119 3724//7119 3686//7119
f 3686//7119 3724//7119 3684//7119
f 3684//7119 3724//7119 3681//7119
f 3681//7119 3724//7119 1893//7119
f 1893//7119 3724//7119 3713//7119
f 3713//7119 3724//7119 3712//7119
f 3712//7119 3724//7119 2250//7119
f 2250//7119 3724//7119 3711//7119
f 3734//7119 3737//7119 3735//7119
f 3734//7120 3738//7120 3737//7120
f 3707//7119 3714//7119 3705//7119
f 3705//7119 3714//7119 3702//7119
f 3702//7119 3714//7119 3701//7119
f 3701//7119 3714//7119 3699//7119
f 3699//7119 3714//7119 3697//7119
f 3697//7119 3714//7119 3696//7119
f 3696//7119 3714//7119 3694//7119
f 3724//7119 3714//7119 3711//7119
f 3711//7119 3714//7119 3710//7119
f 3710//7119 3714//7119 3709//7119
f 3709//7119 3714//7119 3708//7119
f 3708//7119 3714//7119 3707//7119
f 3739//7119 3735//7119 3740//7119
f 3738//7121 3741//7121 3737//7121
f 3694//7119 3714//7119 3692//7119
f 3692//7119 3714//7119 3690//7119
f 3690//7119 3714//7119 3687//7119
f 3687//7119 3714//7119 3685//7119
f 3685//7119 3714//7119 3683//7119
f 3737//7119 3742//7119 3743//7119
f 3741//7122 3742//7122 3737//7122
f 3714//7119 3682//7119 3683//7119
f 3740//7119 3724//7119 3744//7119
f 3744//7119 3724//7119 3745//7119
f 3742//7119 3746//7119 3743//7119
f 3714//7119 3747//7119 3682//7119
f 3743//7119 3746//7119 3748//7119
f 3746//7119 3749//7119 3748//7119
f 3749//7123 3750//7123 3748//7123
f 3714//7119 3751//7119 3747//7119
f 3750//7123 3752//7123 3748//7123
f 3735//7119 3724//7119 3740//7119
f 3748//7119 3752//7119 3719//7119
f 3736//7119 3735//7119 3739//7119
f 3745//7119 3724//7119 3753//7119
f 3753//7119 3724//7119 3754//7119
f 3752//7124 3755//7124 3719//7124
f 3754//7119 3724//7119 3756//7119
f 3756//7119 3724//7119 3723//7119
f 3714//7119 3716//7119 3751//7119
f 3755//7121 3717//7121 3719//7121
f 3757//7125 3758//7125 2418//7125
f 2418//7126 3758//7126 3759//7126
f 3760//7127 3761//7127 3757//7127
f 3761//7125 3758//7125 3757//7125
f 2478//7128 2455//7128 2470//7128
f 2478//7125 2447//7125 2455//7125
f 2447//7129 2417//7129 2454//7129
f 2454//7130 2417//7130 2437//7130
f 2497//7131 2417//7131 2485//7131
f 2523//7130 2417//7130 2497//7130
f 2485//7125 2417//7125 2478//7125
f 2478//7125 2417//7125 2447//7125
f 2672//7132 2667//7132 2671//7132
f 2302//7133 2667//7133 2672//7133
f 2302//7134 2572//7134 2667//7134
f 2636//7125 2418//7125 2523//7125
f 2523//7125 2418//7125 2417//7125
f 2304//7125 2418//7125 2302//7125
f 2310//7125 2418//7125 2304//7125
f 2312//7125 2418//7125 2310//7125
f 2315//7125 2418//7125 2312//7125
f 2320//7125 2418//7125 2315//7125
f 2322//7125 2418//7125 2320//7125
f 2326//7125 2418//7125 2322//7125
f 2330//7125 2418//7125 2326//7125
f 2331//7125 2418//7125 2330//7125
f 2332//7125 2418//7125 2331//7125
f 2333//7125 2418//7125 2332//7125
f 2334//7125 2418//7125 2333//7125
f 2335//7125 2418//7125 2334//7125
f 2336//7125 2418//7125 2335//7125
f 2337//7125 2418//7125 2336//7125
f 2338//7125 2418//7125 2337//7125
f 2339//7125 2418//7125 2338//7125
f 2340//7125 2418//7125 2339//7125
f 2341//7125 2418//7125 2340//7125
f 2343//7125 2418//7125 2341//7125
f 2346//7125 2418//7125 2343//7125
f 2348//7125 2418//7125 2346//7125
f 2570//7135 2660//7135 2568//7135
f 2302//7125 2418//7125 2572//7125
f 2572//7136 2418//7136 2570//7136
f 2570//7125 2418//7125 2660//7125
f 2660//7125 2418//7125 2636//7125
f 2418//7137 3762//7137 3763//7137
f 2308//7125 3764//7125 2305//7125
f 2328//7138 3764//7138 2323//7138
f 2313//7125 3764//7125 2308//7125
f 2659//7139 2645//7139 2653//7139
f 2316//7125 3764//7125 2313//7125
f 3765//7140 3764//7140 2328//7140
f 2318//7125 3764//7125 2316//7125
f 2323//7125 3764//7125 2318//7125
f 2659//7141 2636//7141 2645//7141
f 2660//7136 2636//7136 2659//7136
f 2362//7125 3764//7125 2359//7125
f 2298//7125 3764//7125 2362//7125
f 2301//7125 3764//7125 2298//7125
f 2305//7125 3764//7125 2301//7125
f 2348//7125 3766//7125 2418//7125
f 2350//7125 3766//7125 2348//7125
f 2352//7125 3766//7125 2350//7125
f 2354//7125 3766//7125 2352//7125
f 2357//7125 3766//7125 2354//7125
f 2359//7125 3766//7125 2357//7125
f 3764//7125 3766//7125 2359//7125
f 2418//7142 3767//7142 3762//7142
f 2636//7143 2552//7143 2628//7143
f 3768//7144 3769//7144 3766//7144
f 3769//7145 3770//7145 3766//7145
f 3766//7125 3770//7125 2418//7125
f 3771//7146 3772//7146 3773//7146
f 3770//7125 3774//7125 2418//7125
f 3767//7125 3772//7125 3771//7125
f 2418//7131 3775//7131 3767//7131
f 3767//7130 3775//7130 3772//7130
f 3775//7147 3776//7147 3777//7147
f 2418//7125 3776//7125 3775//7125
f 2552//7148 2523//7148 2543//7148
f 2418//7125 3778//7125 3776//7125
f 2543//7136 2523//7136 2536//7136
f 3779//7149 3757//7149 3774//7149
f 3780//7150 3757//7150 3781//7150
f 3781//7151 3757//7151 3779//7151
f 3774//7125 3757//7125 2418//7125
f 2636//7125 2523//7125 2552//7125
f 2418//7152 3759//7152 3778//7152
f 3759//7153 3758//7153 3782//7153
f 3783//7154 3761//7154 3760//7154
f 3784//7155 3785//7155 3740//7155
f 3738//7156 3734//7156 3786//7156
f 3786//7157 3734//7157 3787//7157
f 3740//7158 3788//7158 3739//7158
f 3789//7159 3788//7159 3740//7159
f 3750//7160 3790//7160 3752//7160
f 3788//7161 3791//7161 3739//7161
f 3791//7162 3792//7162 3739//7162
f 3739//7163 3792//7163 3736//7163
f 3792//7164 3793//7164 3736//7164
f 3790//7165 3794//7165 3752//7165
f 3794//7166 3755//7166 3752//7166
f 3793//7167 3795//7167 3736//7167
f 3736//7168 3796//7168 3734//7168
f 3795//7169 3796//7169 3736//7169
f 3796//7170 3787//7170 3734//7170
f 3797//7171 3717//7171 3755//7171
f 3798//7172 3717//7172 3797//7172
f 3799//7173 3746//7173 3800//7173
f 3801//7174 3750//7174 3802//7174
f 3801//7175 3790//7175 3750//7175
f 3803//7176 3794//7176 3790//7176
f 3804//7177 3755//7177 3794//7177
f 3804//7178 3797//7178 3755//7178
f 3717//7179 3798//7179 3718//7179
f 3798//7180 3805//7180 3718//7180
f 3805//7181 3806//7181 3718//7181
f 3806//7182 3807//7182 3718//7182
f 3718//7183 3807//7183 3721//7183
f 3807//7184 3808//7184 3721//7184
f 3808//7185 3809//7185 3721//7185
f 3721//7186 3809//7186 3730//7186
f 3809//7187 3810//7187 3730//7187
f 3810//7188 3811//7188 3730//7188
f 3730//7189 3811//7189 3732//7189
f 3811//7190 3812//7190 3732//7190
f 3812//7191 3813//7191 3732//7191
f 3732//7192 3814//7192 3733//7192
f 3813//7193 3814//7193 3732//7193
f 3814//7194 3815//7194 3733//7194
f 3815//7195 3816//7195 3733//7195
f 3733//7196 3816//7196 3731//7196
f 3816//7197 3817//7197 3731//7197
f 3817//7198 3818//7198 3731//7198
f 3731//7199 3818//7199 3722//7199
f 3818//7200 3819//7200 3722//7200
f 3819//7201 3820//7201 3722//7201
f 3722//7202 3820//7202 3720//7202
f 3820//7203 3821//7203 3720//7203
f 3821//7204 3822//7204 3720//7204
f 3720//7205 3822//7205 3715//7205
f 3822//7206 3823//7206 3715//7206
f 3823//7207 3824//7207 3715//7207
f 3715//7208 3824//7208 3716//7208
f 3824//7209 3825//7209 3716//7209
f 3825//7210 3826//7210 3716//7210
f 3716//7211 3826//7211 3751//7211
f 3826//7212 3827//7212 3751//7212
f 3827//7213 3828//7213 3751//7213
f 2096//7214 3829//7214 3729//7214
f 3828//7215 3830//7215 3751//7215
f 3829//7216 3831//7216 3729//7216
f 3831//7217 3832//7217 3729//7217
f 3751//7218 3833//7218 3747//7218
f 3830//7219 3833//7219 3751//7219
f 3729//7220 3832//7220 3728//7220
f 3833//7221 3834//7221 3747//7221
f 3832//7222 3835//7222 3728//7222
f 3834//7223 3836//7223 3747//7223
f 3835//7224 3837//7224 3728//7224
f 3836//7225 3838//7225 3747//7225
f 3747//7226 3838//7226 3682//7226
f 3728//7227 3839//7227 3727//7227
f 3682//7228 3838//7228 2088//7228
f 3837//7229 3839//7229 3728//7229
f 3742//7230 3840//7230 3841//7230
f 3841//7231 3746//7231 3742//7231
f 3839//7232 3842//7232 3727//7232
f 3727//7233 3842//7233 3726//7233
f 3800//7234 3746//7234 3841//7234
f 3843//7235 3844//7235 3726//7235
f 3726//7236 3844//7236 3725//7236
f 3844//7237 3845//7237 3725//7237
f 3845//7238 3846//7238 3725//7238
f 3741//7239 3847//7239 3742//7239
f 3846//7240 3848//7240 3725//7240
f 3725//7241 3848//7241 3723//7241
f 3848//7242 3849//7242 3723//7242
f 3850//7243 3723//7243 3849//7243
f 3723//7244 3850//7244 3756//7244
f 3850//7245 3851//7245 3756//7245
f 3851//7246 3852//7246 3756//7246
f 3852//7247 3853//7247 3756//7247
f 3840//7248 3799//7248 3800//7248
f 3756//7249 3854//7249 3754//7249
f 3853//7250 3854//7250 3756//7250
f 3802//7251 3750//7251 3749//7251
f 3854//7252 3855//7252 3754//7252
f 3754//7253 3855//7253 3753//7253
f 3855//7254 3856//7254 3753//7254
f 3753//7255 3857//7255 3745//7255
f 3856//7256 3857//7256 3753//7256
f 3857//7257 3858//7257 3745//7257
f 3858//7258 3859//7258 3745//7258
f 3745//7259 3859//7259 3744//7259
f 3859//7260 3784//7260 3744//7260
f 3744//7261 3784//7261 3740//7261
f 3860//7262 3861//7262 3862//7262
f 3860//7263 3862//7263 3863//7263
f 3860//7264 3864//7264 3861//7264
f 3865//7265 3866//7265 3867//7265
f 3865//7266 3867//7266 3868//7266
f 3869//7267 272//7267 3864//7267
f 3869//7268 263//7268 272//7268
f 3870//7269 3864//7269 3860//7269
f 3865//7270 3868//7270 3871//7270
f 3870//7271 3869//7271 3864//7271
f 3872//7272 3870//7272 3860//7272
f 3871//7273 3868//7273 3873//7273
f 3871//7274 3873//7274 3874//7274
f 3874//7275 3873//7275 3875//7275
f 3673//7276 263//7276 3869//7276
f 3673//7277 259//7277 263//7277
f 259//7278 3673//7278 573//7278
f 3874//7279 3875//7279 3876//7279
f 3870//7280 3673//7280 3869//7280
f 3874//7281 3876//7281 3877//7281
f 3870//7282 1789//7282 3673//7282
f 64//7283 198//7283 3878//7283
f 3879//7284 3878//7284 3880//7284
f 3879//7285 65//7285 3878//7285
f 3881//7286 3882//7286 65//7286
f 3883//7287 3884//7287 3885//7287
f 422//7288 3882//7288 3886//7288
f 422//7289 3886//7289 307//7289
f 3862//7290 3883//7290 3885//7290
f 307//7291 3886//7291 3887//7291
f 187//7292 307//7292 3887//7292
f 3888//7293 3889//7293 3890//7293
f 3889//7294 3888//7294 3891//7294
f 203//7295 299//7295 3892//7295
f 203//7296 3892//7296 3893//7296
f 173//7297 203//7297 3893//7297
f 3894//7298 3895//7298 3896//7298
f 173//7299 3894//7299 3897//7299
f 173//7300 3897//7300 174//7300
f 3880//7301 3878//7301 198//7301
f 3880//7302 198//7302 3898//7302
f 3897//7303 3899//7303 3900//7303
f 388//7304 3897//7304 3900//7304
f 65//7305 64//7305 3878//7305
f 3881//7306 65//7306 3879//7306
f 388//7307 3900//7307 3901//7307
f 3901//7308 3900//7308 3902//7308
f 357//7309 388//7309 3901//7309
f 3882//7310 422//7310 65//7310
f 357//7311 3901//7311 3903//7311
f 3904//7312 3882//7312 3881//7312
f 3903//7313 3901//7313 3905//7313
f 3886//7314 3882//7314 3904//7314
f 304//7315 357//7315 3903//7315
f 304//7316 3903//7316 3906//7316
f 3903//7317 3907//7317 3906//7317
f 208//7318 304//7318 3906//7318
f 208//7319 3906//7319 3908//7319
f 3909//7320 3887//7320 3886//7320
f 3906//7321 3910//7321 3908//7321
f 123//7322 187//7322 3887//7322
f 3911//7323 123//7323 3887//7323
f 3911//7324 3887//7324 3909//7324
f 169//7325 3912//7325 3913//7325
f 169//7326 3913//7326 137//7326
f 3912//7327 3914//7327 3913//7327
f 3888//7328 438//7328 123//7328
f 3888//7329 123//7329 3911//7329
f 137//7330 3913//7330 3866//7330
f 3891//7331 3888//7331 3911//7331
f 3913//7332 3914//7332 3866//7332
f 440//7333 137//7333 3866//7333
f 3890//7334 299//7334 438//7334
f 440//7335 3866//7335 3865//7335
f 3892//7336 299//7336 3890//7336
f 3915//7337 3890//7337 3889//7337
f 3915//7338 3892//7338 3890//7338
f 412//7339 3871//7339 3874//7339
f 3862//7340 3885//7340 3863//7340
f 3877//7341 390//7341 3874//7341
f 298//7342 318//7342 3916//7342
f 298//7343 3916//7343 3883//7343
f 3888//7344 3890//7344 438//7344
f 3883//7345 3916//7345 3884//7345
f 298//7346 3883//7346 3917//7346
f 3892//7347 3915//7347 3895//7347
f 298//7348 3917//7348 274//7348
f 3893//7349 3892//7349 3895//7349
f 3917//7350 3883//7350 3862//7350
f 3893//7351 3895//7351 3894//7351
f 3893//7352 3894//7352 173//7352
f 274//7353 3917//7353 3861//7353
f 3899//7354 3918//7354 3900//7354
f 3919//7355 3918//7355 3899//7355
f 3900//7356 3918//7356 3902//7356
f 3897//7357 3894//7357 3899//7357
f 388//7358 174//7358 3897//7358
f 3919//7359 3899//7359 3894//7359
f 3919//7360 3894//7360 3896//7360
f 3919//7361 3896//7361 3918//7361
f 169//7362 3908//7362 3912//7362
f 169//7363 208//7363 3908//7363
f 3901//7364 3902//7364 3905//7364
f 3865//7365 437//7365 440//7365
f 437//7366 3865//7366 3871//7366
f 437//7367 3871//7367 412//7367
f 3903//7368 3905//7368 3907//7368
f 3877//7369 339//7369 390//7369
f 390//7370 412//7370 3874//7370
f 3920//7371 3877//7371 3876//7371
f 3906//7372 3907//7372 3910//7372
f 3921//7373 339//7373 3877//7373
f 3922//7374 3877//7374 3920//7374
f 3922//7375 3921//7375 3877//7375
f 3917//7376 3862//7376 3861//7376
f 3908//7377 3910//7377 3912//7377
f 3916//7378 339//7378 3921//7378
f 3916//7379 318//7379 339//7379
f 3912//7380 3910//7380 3923//7380
f 3884//7381 3922//7381 3924//7381
f 3884//7382 3921//7382 3922//7382
f 3884//7383 3916//7383 3921//7383
f 3912//7384 3923//7384 3914//7384
f 3864//7385 272//7385 274//7385
f 3866//7386 3914//7386 3867//7386
f 3864//7387 274//7387 3861//7387
f 3925//7388 3926//7388 3927//7388
f 3928//7389 371//7389 392//7389
f 3926//7390 3925//7390 3929//7390
f 3929//7391 3930//7391 3926//7391
f 3931//7392 392//7392 410//7392
f 3931//7393 3928//7393 392//7393
f 3929//7394 423//7394 3932//7394
f 197//7395 262//7395 3933//7395
f 3934//7396 3935//7396 421//7396
f 3936//7397 3937//7397 3938//7397
f 3934//7398 421//7398 418//7398
f 3939//7399 3940//7399 3941//7399
f 3934//7400 3937//7400 3936//7400
f 3939//7401 3941//7401 3942//7401
f 427//7402 3934//7402 418//7402
f 427//7403 3937//7403 3934//7403
f 3931//7404 3943//7404 3928//7404
f 427//7405 428//7405 3937//7405
f 3943//7406 3944//7406 3945//7406
f 3931//7407 410//7407 3944//7407
f 428//7408 429//7408 3946//7408
f 3932//7409 3930//7409 3929//7409
f 3946//7410 3947//7410 3948//7410
f 3946//7411 3949//7411 3947//7411
f 429//7412 3949//7412 3946//7412
f 3949//7413 429//7413 431//7413
f 3950//7414 431//7414 430//7414
f 3933//7415 3951//7415 3898//7415
f 3933//7416 3898//7416 198//7416
f 433//7417 3952//7417 430//7417
f 3953//7418 3954//7418 3955//7418
f 3956//7419 3957//7419 3958//7419
f 432//7420 3954//7420 433//7420
f 3941//7421 3959//7421 3957//7421
f 3956//7422 3941//7422 3957//7422
f 3955//7423 3960//7423 3927//7423
f 3942//7424 3941//7424 3956//7424
f 426//7425 3960//7425 432//7425
f 3936//7426 3945//7426 3935//7426
f 3934//7427 3936//7427 3935//7427
f 3925//7428 426//7428 424//7428
f 3929//7429 3925//7429 424//7429
f 428//7430 3946//7430 3938//7430
f 428//7431 3938//7431 3937//7431
f 3946//7432 3948//7432 3938//7432
f 423//7433 3929//7433 424//7433
f 420//7434 3961//7434 3932//7434
f 420//7435 3932//7435 423//7435
f 420//7436 3962//7436 3961//7436
f 408//7437 3962//7437 420//7437
f 408//7438 3963//7438 3962//7438
f 397//7439 3963//7439 408//7439
f 3958//7440 3951//7440 3933//7440
f 3958//7441 3957//7441 3951//7441
f 3958//7442 262//7442 291//7442
f 3928//7443 3942//7443 371//7443
f 3928//7444 3939//7444 3942//7444
f 3940//7445 3943//7445 3945//7445
f 3943//7446 3940//7446 3939//7446
f 3943//7447 3939//7447 3928//7447
f 3944//7448 3943//7448 3931//7448
f 3964//7449 3963//7449 397//7449
f 3964//7450 397//7450 377//7450
f 3944//7451 410//7451 3935//7451
f 3935//7452 3945//7452 3944//7452
f 3965//7453 3964//7453 377//7453
f 3935//7454 410//7454 421//7454
f 340//7455 3965//7455 377//7455
f 3966//7456 340//7456 309//7456
f 3967//7457 3947//7457 3949//7457
f 3967//7458 3949//7458 431//7458
f 3967//7459 3968//7459 3947//7459
f 3950//7460 3968//7460 3967//7460
f 3950//7461 3967//7461 431//7461
f 3950//7462 3969//7462 3968//7462
f 125//7463 3970//7463 182//7463
f 86//7464 3970//7464 125//7464
f 86//7465 888//7465 3970//7465
f 430//7466 3969//7466 3950//7466
f 197//7467 3933//7467 198//7467
f 430//7468 3953//7468 3969//7468
f 430//7469 3952//7469 3953//7469
f 262//7470 3958//7470 3933//7470
f 3952//7471 433//7471 3954//7471
f 3952//7472 3954//7472 3953//7472
f 341//7473 3958//7473 291//7473
f 341//7474 3956//7474 3958//7474
f 3954//7475 3960//7475 3955//7475
f 3971//7476 3956//7476 341//7476
f 3954//7477 432//7477 3960//7477
f 3971//7478 341//7478 371//7478
f 3971//7479 3942//7479 3956//7479
f 371//7480 3942//7480 3971//7480
f 3960//7481 426//7481 3925//7481
f 3960//7482 3925//7482 3927//7482
f 3972//7483 3973//7483 3974//7483
f 3972//7484 3975//7484 3973//7484
f 3976//7485 3977//7485 3978//7485
f 3488//7486 3979//7486 3980//7486
f 3488//7487 3980//7487 3432//7487
f 3981//7488 3982//7488 3983//7488
f 3488//7489 3984//7489 3979//7489
f 3985//7490 3986//7490 3987//7490
f 3985//7491 3987//7491 3988//7491
f 3989//7492 3990//7492 3991//7492
f 3992//7493 3993//7493 3994//7493
f 3992//7494 3995//7494 3993//7494
f 3996//7495 3974//7495 3997//7495
f 3998//7496 3999//7496 3995//7496
f 4000//7497 4001//7497 4002//7497
f 4003//7498 4004//7498 4005//7498
f 4006//7499 3994//7499 4007//7499
f 3997//7500 4008//7500 4009//7500
f 4010//7501 4011//7501 4012//7501
f 4010//7502 4012//7502 4013//7502
f 4014//7503 3981//7503 4015//7503
f 3488//7504 4013//7504 3984//7504
f 4016//7505 4015//7505 4017//7505
f 4018//7506 4019//7506 4020//7506
f 3448//7507 3488//7507 3432//7507
f 4021//7508 4022//7508 4023//7508
f 4021//7509 3991//7509 4022//7509
f 4002//7510 4024//7510 3998//7510
f 4025//7511 4026//7511 4019//7511
f 4027//7512 4020//7512 4028//7512
f 4029//7513 4030//7513 4031//7513
f 4032//7514 4033//7514 3986//7514
f 3996//7515 3972//7515 3974//7515
f 4034//7516 4000//7516 4002//7516
f 4035//7517 4005//7517 4036//7517
f 4035//7518 4003//7518 4005//7518
f 3989//7519 4027//7519 3990//7519
f 4014//7520 4037//7520 3981//7520
f 4038//7521 4039//7521 4040//7521
f 4041//7522 4036//7522 4038//7522
f 4042//7523 4043//7523 4044//7523
f 4045//7524 4040//7524 4001//7524
f 4042//7525 4044//7525 4046//7525
f 4047//7526 4046//7526 3982//7526
f 4048//7527 4049//7527 4050//7527
f 4048//7528 4023//7528 4049//7528
f 4051//7529 3997//7529 4009//7529
f 4051//7530 4009//7530 4003//7530
f 4052//7531 3976//7531 4053//7531
f 4052//7532 4054//7532 3976//7532
f 4018//7533 4020//7533 4027//7533
f 3992//7534 3998//7534 3995//7534
f 4055//7535 3972//7535 3996//7535
f 4056//7536 4057//7536 4011//7536
f 4056//7537 4011//7537 4010//7537
f 4058//7538 4002//7538 3998//7538
f 3512//7539 4013//7539 3488//7539
f 4059//7540 4027//7540 3989//7540
f 4060//7541 4006//7541 4007//7541
f 4060//7542 4007//7542 4057//7542
f 4061//7543 3988//7543 4026//7543
f 4061//7544 4026//7544 4025//7544
f 4006//7545 3992//7545 3994//7545
f 4045//7546 4038//7546 4040//7546
f 4062//7547 3996//7547 3997//7547
f 4063//7548 4029//7548 4031//7548
f 4064//7549 4065//7549 4032//7549
f 4037//7550 4066//7550 3982//7550
f 3512//7551 4010//7551 4013//7551
f 4067//7552 4042//7552 4046//7552
f 4066//7553 4047//7553 3982//7553
f 4068//7554 4019//7554 4018//7554
f 4069//7555 4070//7555 4071//7555
f 4045//7556 4001//7556 4000//7556
f 3499//7557 4050//7557 2256//7557
f 4072//7558 4016//7558 4073//7558
f 4016//7559 4014//7559 4015//7559
f 3512//7560 3488//7560 3471//7560
f 4032//7561 3986//7561 3985//7561
f 4062//7562 3997//7562 4051//7562
f 4074//7563 4035//7563 4036//7563
f 4074//7564 4036//7564 4041//7564
f 3533//7565 4056//7565 4010//7565
f 4075//7566 4055//7566 3996//7566
f 4067//7567 4046//7567 4047//7567
f 3533//7568 4010//7568 3512//7568
f 4076//7569 4051//7569 4003//7569
f 4077//7570 4053//7570 4078//7570
f 4076//7571 4003//7571 4035//7571
f 4079//7572 4060//7572 4057//7572
f 4080//7573 4058//7573 3998//7573
f 4080//7574 3998//7574 3992//7574
f 4077//7575 4052//7575 4053//7575
f 4076//7576 4062//7576 4051//7576
f 4072//7577 4014//7577 4016//7577
f 4058//7578 4034//7578 4002//7578
f 4081//7579 4045//7579 4000//7579
f 4081//7580 4000//7580 4034//7580
f 4082//7581 4041//7581 4038//7581
f 4082//7582 4038//7582 4045//7582
f 4083//7583 3991//7583 4021//7583
f 4083//7584 3989//7584 3991//7584
f 4084//7585 3992//7585 4006//7585
f 4042//7586 4085//7586 4043//7586
f 4086//7587 4063//7587 4031//7587
f 4075//7588 3996//7588 4062//7588
f 4048//7589 4050//7589 3499//7589
f 4079//7590 4057//7590 4056//7590
f 4087//7591 4056//7591 3533//7591
f 4088//7592 4062//7592 4076//7592
f 4089//7593 4037//7593 4014//7593
f 4090//7594 4075//7594 4062//7594
f 4091//7595 4025//7595 4019//7595
f 4091//7596 4019//7596 4068//7596
f 4092//7597 4066//7597 4037//7597
f 3985//7598 3988//7598 4061//7598
f 4093//7599 4067//7599 4047//7599
f 4094//7600 4077//7600 4078//7600
f 4095//7601 4032//7601 3985//7601
f 4096//7602 4035//7602 4074//7602
f 4096//7603 4076//7603 4035//7603
f 4097//7604 4072//7604 4073//7604
f 4088//7605 4090//7605 4062//7605
f 4098//7606 4034//7606 4058//7606
f 4087//7607 4079//7607 4056//7607
f 4099//7608 4006//7608 4060//7608
f 4099//7609 4084//7609 4006//7609
f 4100//7610 4074//7610 4041//7610
f 4100//7611 4041//7611 4082//7611
f 4084//7612 4080//7612 3992//7612
f 3499//7613 2256//7613 3470//7613
f 3574//7614 4087//7614 3533//7614
f 4101//7615 4061//7615 4025//7615
f 4081//7616 4102//7616 4045//7616
f 4103//7617 4064//7617 4032//7617
f 4089//7618 4092//7618 4037//7618
f 4104//7619 4105//7619 4085//7619
f 4093//7620 4047//7620 4066//7620
f 4106//7621 3989//7621 4083//7621
f 4106//7622 4059//7622 3989//7622
f 4107//7623 4086//7623 4064//7623
f 4108//7624 4088//7624 4076//7624
f 3560//7625 4048//7625 3499//7625
f 4102//7626 4082//7626 4045//7626
f 4109//7627 4089//7627 4014//7627
f 4109//7628 4014//7628 4072//7628
f 4108//7629 4076//7629 4096//7629
f 3574//7630 3533//7630 3511//7630
f 4110//7631 4111//7631 4048//7631
f 4099//7632 4060//7632 4079//7632
f 4112//7633 4104//7633 4085//7633
f 4113//7634 4058//7634 4080//7634
f 4113//7635 4098//7635 4058//7635
f 4100//7636 4096//7636 4074//7636
f 4101//7637 4025//7637 4091//7637
f 4092//7638 4093//7638 4066//7638
f 4114//7639 4108//7639 4096//7639
f 3560//7640 3499//7640 3490//7640
f 4115//7641 4116//7641 4117//7641
f 4118//7642 4079//7642 4087//7642
f 4119//7643 4080//7643 4084//7643
f 4103//7644 4032//7644 4095//7644
f 4120//7645 4121//7645 4070//7645
f 4122//7646 4096//7646 4100//7646
f 4123//7647 4099//7647 4079//7647
f 4124//7648 4081//7648 4034//7648
f 4125//7649 4126//7649 4127//7649
f 4128//7650 4082//7650 4102//7650
f 4128//7651 4100//7651 4082//7651
f 4129//7652 4072//7652 4097//7652
f 4130//7653 4131//7653 4132//7653
f 4124//7654 4102//7654 4081//7654
f 4133//7655 4134//7655 4135//7655
f 4133//7656 4127//7656 4134//7656
f 4130//7657 4135//7657 4131//7657
f 4112//7658 4085//7658 4042//7658
f 4136//7659 4132//7659 4137//7659
f 4122//7660 4114//7660 4096//7660
f 4138//7661 4088//7661 4108//7661
f 4139//7662 4125//7662 4127//7662
f 4136//7663 4130//7663 4132//7663
f 4118//7664 4087//7664 3574//7664
f 4123//7665 4079//7665 4118//7665
f 4140//7666 4141//7666 4126//7666
f 4142//7667 4135//7667 4130//7667
f 3559//7668 4048//7668 3560//7668
f 3559//7669 4110//7669 4048//7669
f 4143//7670 4061//7670 4101//7670
f 4143//7671 3985//7671 4061//7671
f 4138//7672 4108//7672 4114//7672
f 4144//7673 4064//7673 4103//7673
f 4145//7674 4136//7674 4137//7674
f 4146//7675 4147//7675 4141//7675
f 4148//7676 4119//7676 4084//7676
f 4148//7677 4084//7677 4099//7677
f 4139//7678 4127//7678 4133//7678
f 4119//7679 4113//7679 4080//7679
f 4149//7680 4112//7680 4042//7680
f 4138//7681 4090//7681 4088//7681
f 4150//7682 4072//7682 4129//7682
f 4150//7683 4109//7683 4072//7683
f 4151//7684 4152//7684 4059//7684
f 4153//7685 4034//7685 4098//7685
f 4153//7686 4124//7686 4034//7686
f 4154//7687 4137//7687 4155//7687
f 4138//7688 4156//7688 4090//7688
f 3589//7689 4118//7689 3574//7689
f 4140//7690 4146//7690 4141//7690
f 4157//7691 4142//7691 4130//7691
f 4158//7692 4125//7692 4139//7692
f 4159//7693 4092//7693 4089//7693
f 4140//7694 4126//7694 4125//7694
f 4160//7695 4102//7695 4124//7695
f 4160//7696 4128//7696 4102//7696
f 4161//7697 4139//7697 4133//7697
f 4162//7698 4091//7698 4068//7698
f 4163//7699 4077//7699 4094//7699
f 4164//7700 4114//7700 4122//7700
f 4165//7701 4133//7701 4142//7701
f 4138//7702 4166//7702 4156//7702
f 4167//7703 4101//7703 4091//7703
f 4164//7704 4100//7704 4128//7704
f 4164//7705 4122//7705 4100//7705
f 4168//7706 4111//7706 4110//7706
f 4146//7707 4169//7707 4147//7707
f 4143//7708 4095//7708 3985//7708
f 4170//7709 4146//7709 4140//7709
f 4171//7710 4158//7710 4139//7710
f 4172//7711 4103//7711 4095//7711
f 4173//7712 4150//7712 4129//7712
f 4174//7713 4042//7713 4067//7713
f 4174//7714 4149//7714 4042//7714
f 4151//7715 4059//7715 4106//7715
f 4175//7716 4113//7716 4119//7716
f 4171//7717 4139//7717 4161//7717
f 4144//7718 4107//7718 4064//7718
f 4176//7719 4153//7719 4098//7719
f 4176//7720 4098//7720 4113//7720
f 4177//7721 4114//7721 4164//7721
f 4178//7722 4120//7722 4116//7722
f 4165//7723 4161//7723 4133//7723
f 4163//7724 4094//7724 4104//7724
f 4158//7725 4140//7725 4125//7725
f 4179//7726 4093//7726 4092//7726
f 4180//7727 4097//7727 4181//7727
f 4182//7728 4145//7728 4154//7728
f 4180//7729 4129//7729 4097//7729
f 4118//7730 3589//7730 3618//7730
f 4183//7731 4136//7731 4145//7731
f 4184//7732 4148//7732 4099//7732
f 4184//7733 4099//7733 4123//7733
f 4185//7734 4115//7734 4107//7734
f 4186//7735 4187//7735 4155//7735
f 4160//7736 4164//7736 4128//7736
f 4188//7737 4157//7737 4130//7737
f 4189//7738 4123//7738 4118//7738
f 4190//7739 4191//7739 4169//7739
f 4162//7740 4152//7740 4151//7740
f 4192//7741 4142//7741 4157//7741
f 4192//7742 4165//7742 4142//7742
f 4193//7743 4110//7743 3559//7743
f 4177//7744 4138//7744 4114//7744
f 4194//7745 4101//7745 4167//7745
f 4178//7746 4181//7746 4120//7746
f 4195//7747 4164//7747 4160//7747
f 4196//7748 4089//7748 4109//7748
f 4196//7749 4159//7749 4089//7749
f 3642//7750 4189//7750 4118//7750
f 4197//7751 4138//7751 4177//7751
f 4198//7752 4177//7752 4164//7752
f 4199//7753 4172//7753 4095//7753
f 4179//7754 4200//7754 4093//7754
f 4201//7755 4202//7755 4191//7755
f 4162//7756 4167//7756 4091//7756
f 4203//7757 4190//7757 4169//7757
f 4203//7758 4169//7758 4146//7758
f 3642//7759 4118//7759 3618//7759
f 4204//7760 4175//7760 4119//7760
f 4204//7761 4119//7761 4148//7761
f 4189//7762 4184//7762 4123//7762
f 4205//7763 4171//7763 4161//7763
f 4206//7764 4146//7764 4170//7764
f 4207//7765 4160//7765 4124//7765
f 4207//7766 4124//7766 4153//7766
f 4158//7767 4170//7767 4140//7767
f 4193//7768 4168//7768 4110//7768
f 4208//7769 4188//7769 4183//7769
f 4209//7770 4112//7770 4149//7770
f 4197//7771 4166//7771 4138//7771
f 4175//7772 4176//7772 4113//7772
f 4210//7773 4178//7773 4116//7773
f 4211//7774 4158//7774 4171//7774
f 4212//7775 4104//7775 4112//7775
f 4212//7776 4163//7776 4104//7776
f 4198//7777 4164//7777 4195//7777
f 4200//7778 4067//7778 4093//7778
f 4213//7779 4195//7779 4160//7779
f 4214//7780 4165//7780 4192//7780
f 4200//7781 4174//7781 4067//7781
f 4215//7782 4186//7782 4216//7782
f 4217//7783 4170//7783 4158//7783
f 4193//7784 3559//7784 3591//7784
f 4218//7785 4219//7785 4187//7785
f 4220//7786 4176//7786 4175//7786
f 4221//7787 4204//7787 4148//7787
f 4203//7788 4146//7788 4206//7788
f 4199//7789 4095//7789 4143//7789
f 4159//7790 4179//7790 4092//7790
f 4222//7791 4205//7791 4161//7791
f 4223//7792 4167//7792 4162//7792
f 4224//7793 4208//7793 4183//7793
f 4190//7794 4201//7794 4191//7794
f 4225//7795 4183//7795 4182//7795
f 4150//7796 4196//7796 4109//7796
f 4226//7797 4157//7797 4208//7797
f 4226//7798 4192//7798 4157//7798
f 4227//7799 4207//7799 4153//7799
f 4227//7800 4153//7800 4176//7800
f 4228//7801 4184//7801 4189//7801
f 4209//7802 4149//7802 4174//7802
f 4180//7803 4181//7803 4178//7803
f 4204//7804 4220//7804 4175//7804
f 4229//7805 4107//7805 4144//7805
f 4229//7806 4185//7806 4107//7806
f 4211//7807 4217//7807 4158//7807
f 4230//7808 4162//7808 4151//7808
f 4212//7809 4112//7809 4209//7809
f 4231//7810 4150//7810 4173//7810
f 4232//7811 4103//7811 4172//7811
f 4232//7812 4144//7812 4103//7812
f 4221//7813 4148//7813 4184//7813
f 4213//7814 4160//7814 4207//7814
f 4233//7815 4197//7815 4177//7815
f 4214//7816 4222//7816 4165//7816
f 4233//7817 4177//7817 4198//7817
f 4234//7818 4166//7818 4197//7818
f 3635//7819 4235//7819 4168//7819
f 3635//7820 4168//7820 4193//7820
f 4173//7821 4129//7821 4180//7821
f 4236//7822 4143//7822 4101//7822
f 4236//7823 4101//7823 4194//7823
f 4237//7824 4209//7824 4174//7824
f 4215//7825 4218//7825 4186//7825
f 4238//7826 4195//7826 4213//7826
f 4238//7827 4198//7827 4195//7827
f 4197//7828 4239//7828 4234//7828
f 4229//7829 4240//7829 4185//7829
f 3636//7830 4189//7830 3642//7830
f 3636//7831 4228//7831 4189//7831
f 4221//7832 4184//7832 4228//7832
f 4241//7833 4204//7833 4221//7833
f 4239//7834 4197//7834 4233//7834
f 4242//7835 4225//7835 4182//7835
f 4243//7836 4178//7836 4210//7836
f 4244//7837 4222//7837 4214//7837
f 4245//7838 4180//7838 4178//7838
f 4246//7839 4231//7839 4173//7839
f 4220//7840 4227//7840 4176//7840
f 4247//7841 4210//7841 4185//7841
f 4226//7842 4214//7842 4192//7842
f 4248//7843 4213//7843 4207//7843
f 4248//7844 4207//7844 4227//7844
f 4244//7845 4205//7845 4222//7845
f 4249//7846 4198//7846 4238//7846
f 4250//7847 4172//7847 4199//7847
f 4251//7848 4238//7848 4213//7848
f 4252//7849 4241//7849 4221//7849
f 4253//7850 4144//7850 4232//7850
f 4254//7851 4173//7851 4180//7851
f 4223//7852 4162//7852 4230//7852
f 3635//7853 4193//7853 3591//7853
f 4255//7854 4201//7854 4190//7854
f 4256//7855 4220//7855 4204//7855
f 3647//7856 4228//7856 3636//7856
f 4249//7857 4233//7857 4198//7857
f 4241//7858 4256//7858 4204//7858
f 4257//7859 4226//7859 4208//7859
f 4258//7860 4259//7860 4235//7860
f 4258//7861 4235//7861 3635//7861
f 4200//7862 4237//7862 4174//7862
f 4248//7863 4251//7863 4213//7863
f 4260//7864 4203//7864 4206//7864
f 4242//7865 4182//7865 4219//7865
f 4261//7866 4262//7866 4202//7866
f 4263//7867 4233//7867 4249//7867
f 4264//7868 4221//7868 4228//7868
f 4264//7869 4252//7869 4221//7869
f 4246//7870 4173//7870 4254//7870
f 4265//7871 4211//7871 4205//7871
f 4266//7872 4267//7872 4259//7872
f 4263//7873 4239//7873 4233//7873
f 4268//7874 4248//7874 4227//7874
f 4268//7875 4227//7875 4220//7875
f 4245//7876 4178//7876 4243//7876
f 4269//7877 4251//7877 4248//7877
f 4247//7878 4185//7878 4240//7878
f 4270//7879 4205//7879 4244//7879
f 4261//7880 4271//7880 4262//7880
f 4272//7881 4196//7881 4150//7881
f 4273//7882 4244//7882 4214//7882
f 4274//7883 4261//7883 4202//7883
f 4275//7884 4254//7884 4180//7884
f 4275//7885 4180//7885 4245//7885
f 4253//7886 4229//7886 4144//7886
f 4276//7887 4223//7887 4230//7887
f 4269//7888 4238//7888 4251//7888
f 4236//7889 4199//7889 4143//7889
f 4277//7890 4179//7890 4159//7890
f 4278//7891 4194//7891 4223//7891
f 4279//7892 4280//7892 4219//7892
f 4279//7893 4219//7893 4281//7893
f 4282//7894 4232//7894 4172//7894
f 4283//7895 4238//7895 4269//7895
f 4282//7896 4172//7896 4250//7896
f 3647//7897 4264//7897 4228//7897
f 4284//7898 4260//7898 4206//7898
f 4284//7899 4206//7899 4285//7899
f 4286//7900 4225//7900 4242//7900
f 4287//7901 4205//7901 4270//7901
f 4288//7902 4246//7902 4254//7902
f 4287//7903 4265//7903 4205//7903
f 4289//7904 4268//7904 4220//7904
f 4289//7905 4220//7905 4256//7905
f 4264//7906 3647//7906 3237//7906
f 4290//7907 4241//7907 4252//7907
f 4290//7908 4256//7908 4241//7908
f 4291//7909 4190//7909 4203//7909
f 4283//7910 4249//7910 4238//7910
f 4291//7911 4255//7911 4190//7911
f 3238//7912 4252//7912 4264//7912
f 4274//7913 4202//7913 4201//7913
f 4292//7914 4248//7914 4268//7914
f 4292//7915 4269//7915 4248//7915
f 4293//7916 4226//7916 4257//7916
f 4293//7917 4294//7917 4226//7917
f 4295//7918 4200//7918 4179//7918
f 4296//7919 4215//7919 4297//7919
f 4298//7920 4212//7920 4209//7920
f 4272//7921 4150//7921 4231//7921
f 4276//7922 4230//7922 4299//7922
f 4300//7923 4245//7923 4243//7923
f 4301//7924 4249//7924 4283//7924
f 4296//7925 4281//7925 4218//7925
f 4296//7926 4218//7926 4215//7926
f 4302//7927 4273//7927 4214//7927
f 4302//7928 4214//7928 4294//7928
f 4303//7929 4304//7929 4305//7929
f 4266//7930 4259//7930 4258//7930
f 3238//7931 4264//7931 3237//7931
f 4306//7932 4247//7932 4240//7932
f 4307//7933 4210//7933 4247//7933
f 4307//7934 4243//7934 4210//7934
f 4308//7935 4199//7935 4236//7935
f 4309//7936 4267//7936 4266//7936
f 4309//7937 4310//7937 4267//7937
f 4301//7938 4263//7938 4249//7938
f 4311//7939 4244//7939 4273//7939
f 4311//7940 4270//7940 4244//7940
f 4283//7941 4269//7941 4292//7941
f 4278//7942 4236//7942 4194//7942
f 4312//7943 4229//7943 4253//7943
f 4313//7944 4274//7944 4201//7944
f 4314//7945 4271//7945 4261//7945
f 4315//7946 4292//7946 4268//7946
f 4315//7947 4268//7947 4289//7947
f 4290//7948 4252//7948 3238//7948
f 4290//7949 4289//7949 4256//7949
f 4316//7950 4253//7950 4232//7950
f 4316//7951 4232//7951 4282//7951
f 4291//7952 4203//7952 4260//7952
f 4317//7953 4159//7953 4196//7953
f 4317//7954 4277//7954 4159//7954
f 4318//7955 4290//7955 3238//7955
f 4286//7956 4242//7956 4280//7956
f 4319//7957 4272//7957 4231//7957
f 4308//7958 4250//7958 4199//7958
f 4320//7959 4314//7959 4261//7959
f 4321//7960 4237//7960 4200//7960
f 4322//7961 4292//7961 4315//7961
f 4322//7962 4283//7962 4292//7962
f 4323//7963 4289//7963 4290//7963
f 4313//7964 4201//7964 4255//7964
f 4258//7965 3635//7965 3626//7965
f 4324//7966 4236//7966 4278//7966
f 3222//7967 4318//7967 3238//7967
f 4276//7968 4278//7968 4223//7968
f 4325//7969 4303//7969 4305//7969
f 3278//7970 4315//7970 4289//7970
f 3278//7971 4289//7971 4323//7971
f 4326//7972 4275//7972 4245//7972
f 4322//7973 4301//7973 4283//7973
f 4327//7974 4209//7974 4237//7974
f 4327//7975 4298//7975 4209//7975
f 4307//7976 4300//7976 4243//7976
f 4328//7977 4313//7977 4255//7977
f 4295//7978 4321//7978 4200//7978
f 4318//7979 3222//7979 3271//7979
f 4295//7980 4179//7980 4277//7980
f 3271//7981 4290//7981 4318//7981
f 3271//7982 4323//7982 4290//7982
f 4275//7983 4288//7983 4254//7983
f 4329//7984 4301//7984 4322//7984
f 4293//7985 4302//7985 4294//7985
f 4319//7986 4231//7986 4246//7986
f 4330//7987 4279//7987 4281//7987
f 4331//7988 4299//7988 4310//7988
f 4332//7989 4322//7989 4315//7989
f 4331//7990 4310//7990 4309//7990
f 4332//7991 4315//7991 3278//7991
f 3234//7992 4266//7992 4258//7992
f 4311//7993 4287//7993 4270//7993
f 4272//7994 4317//7994 4196//7994
f 3278//7995 4323//7995 3271//7995
f 4333//7996 4229//7996 4312//7996
f 4334//7997 4293//7997 4257//7997
f 4288//7998 4335//7998 4246//7998
f 4320//7999 4261//7999 4274//7999
f 3283//8000 4332//8000 3278//8000
f 4325//8001 4305//8001 4336//8001
f 4337//8002 4303//8002 4325//8002
f 4338//8003 4278//8003 4276//8003
f 3286//8004 4332//8004 3283//8004
f 4330//8005 4281//8005 4296//8005
f 4339//8006 4329//8006 4322//8006
f 4339//8007 4322//8007 4332//8007
f 3235//8008 4258//8008 3626//8008
f 4317//8009 4295//8009 4277//8009
f 4340//8010 4321//8010 4295//8010
f 4339//8011 4332//8011 3286//8011
f 4341//8012 4342//8012 4271//8012
f 4343//8013 4284//8013 4285//8013
f 2806//8014 4339//8014 3286//8014
f 4311//8015 4273//8015 4302//8015
f 4142//8016 4133//8016 4135//8016
f 4145//8017 4137//8017 4154//8017
f 4326//8018 4245//8018 4300//8018
f 4130//8019 4136//8019 4188//8019
f 4321//8020 4327//8020 4237//8020
f 4136//8021 4183//8021 4188//8021
f 4187//8022 4154//8022 4155//8022
f 4145//8023 4182//8023 4183//8023
f 4161//8024 4165//8024 4222//8024
f 4187//8025 4182//8025 4154//8025
f 4335//8026 4319//8026 4246//8026
f 4187//8027 4219//8027 4182//8027
f 4344//8028 4307//8028 4247//8028
f 4344//8029 4247//8029 4306//8029
f 4345//8030 4300//8030 4307//8030
f 4183//8031 4225//8031 4224//8031
f 4208//8032 4157//8032 4188//8032
f 4346//8033 4328//8033 4255//8033
f 4346//8034 4255//8034 4291//8034
f 4218//8035 4187//8035 4186//8035
f 4205//8036 4211//8036 4171//8036
f 4313//8037 4320//8037 4274//8037
f 4217//8038 4206//8038 4170//8038
f 4219//8039 4218//8039 4281//8039
f 4337//8040 4347//8040 4303//8040
f 4309//8041 4266//8041 3234//8041
f 4297//8042 4215//8042 4216//8042
f 4348//8043 4312//8043 4253//8043
f 4348//8044 4253//8044 4316//8044
f 4225//8045 4257//8045 4224//8045
f 4257//8046 4208//8046 4224//8046
f 4297//8047 4303//8047 4347//8047
f 4297//8048 4216//8048 4304//8048
f 4297//8049 4304//8049 4303//8049
f 4211//8050 4349//8050 4217//8050
f 4257//8051 4225//8051 4334//8051
f 4285//8052 4206//8052 4217//8052
f 4341//8053 4271//8053 4314//8053
f 4280//8054 4242//8054 4219//8054
f 4294//8055 4214//8055 4226//8055
f 4350//8056 4334//8056 4286//8056
f 4265//8057 4349//8057 4211//8057
f 4265//8058 4351//8058 4349//8058
f 4349//8059 4343//8059 4285//8059
f 4349//8060 4285//8060 4217//8060
f 4334//8061 4225//8061 4286//8061
f 4297//8062 4347//8062 4352//8062
f 4297//8063 4352//8063 4296//8063
f 4338//8064 4324//8064 4278//8064
f 4351//8065 4265//8065 4287//8065
f 4351//8066 4287//8066 4353//8066
f 4351//8067 4343//8067 4349//8067
f 4354//8068 4284//8068 4355//8068
f 4354//8069 4260//8069 4284//8069
f 4354//8070 4291//8070 4260//8070
f 4356//8071 4331//8071 4309//8071
f 4357//8072 4280//8072 4279//8072
f 4293//8073 4334//8073 4358//8073
f 4286//8074 4280//8074 4359//8074
f 4296//8075 4352//8075 4360//8075
f 4361//8076 4287//8076 4311//8076
f 3234//8077 4258//8077 3235//8077
f 4357//8078 4362//8078 4280//8078
f 4313//8079 4328//8079 4363//8079
f 4360//8080 4364//8080 4296//8080
f 4351//8081 4365//8081 4343//8081
f 4361//8082 4353//8082 4287//8082
f 4361//8083 4366//8083 4353//8083
f 4355//8084 4284//8084 4343//8084
f 4359//8085 4280//8085 4362//8085
f 4367//8086 4250//8086 4308//8086
f 4367//8087 4282//8087 4250//8087
f 4353//8088 4365//8088 4351//8088
f 4353//8089 4368//8089 4365//8089
f 4364//8090 4369//8090 4330//8090
f 4370//8091 4355//8091 4343//8091
f 4359//8092 4371//8092 4350//8092
f 4372//8093 4328//8093 4346//8093
f 4372//8094 4363//8094 4328//8094
f 4373//8095 4308//8095 4324//8095
f 4355//8096 4374//8096 4354//8096
f 4355//8097 4375//8097 4374//8097
f 4331//8098 4376//8098 4299//8098
f 3384//8099 4309//8099 3234//8099
f 4365//8100 4377//8100 4370//8100
f 4378//8101 4366//8101 4361//8101
f 4379//8102 4363//8102 4380//8102
f 3987//8103 4371//8103 4359//8103
f 4381//8104 4346//8104 4374//8104
f 4381//8105 4372//8105 4346//8105
f 3987//8106 4359//8106 4362//8106
f 4375//8107 4355//8107 4370//8107
f 4348//8108 4333//8108 4312//8108
f 4368//8109 4377//8109 4365//8109
f 4368//8110 4382//8110 4377//8110
f 4383//8111 4384//8111 4385//8111
f 4386//8112 4306//8112 4333//8112
f 4378//8113 4387//8113 4366//8113
f 4378//8114 4388//8114 4387//8114
f 4372//8115 4380//8115 4363//8115
f 4389//8116 4390//8116 4378//8116
f 4357//8117 4279//8117 4330//8117
f 4391//8118 4392//8118 4379//8118
f 4393//8119 4383//8119 4385//8119
f 4377//8120 3983//8120 4375//8120
f 4382//8121 4368//8121 4015//8121
f 4033//8122 4371//8122 3987//8122
f 4394//8123 4302//8123 4293//8123
f 4395//8124 4275//8124 4326//8124
f 4394//8125 4311//8125 4302//8125
f 4396//8126 4383//8126 4393//8126
f 4397//8127 4379//8127 4380//8127
f 4397//8128 4391//8128 4379//8128
f 4382//8129 3983//8129 4377//8129
f 4398//8130 4381//8130 4375//8130
f 4396//8131 4393//8131 4391//8131
f 4344//8132 4345//8132 4307//8132
f 4030//8133 4399//8133 4400//8133
f 4401//8134 4327//8134 4321//8134
f 4030//8135 4400//8135 4031//8135
f 4388//8136 4017//8136 4387//8136
f 4388//8137 4378//8137 4390//8137
f 4388//8138 4390//8138 4402//8138
f 4033//8139 4403//8139 4371//8139
f 4346//8140 4291//8140 4354//8140
f 4404//8141 4396//8141 4391//8141
f 4405//8142 4325//8142 4336//8142
f 3983//8143 3982//8143 4398//8143
f 3983//8144 4398//8144 4375//8144
f 4017//8145 4406//8145 4387//8145
f 4017//8146 4015//8146 4406//8146
f 3976//8147 3978//8147 4383//8147
f 4407//8148 4044//8148 4043//8148
f 4407//8149 4397//8149 4380//8149
f 4408//8150 4295//8150 4317//8150
f 4388//8151 4073//8151 4017//8151
f 4364//8152 4330//8152 4296//8152
f 4031//8153 4400//8153 4403//8153
f 4409//8154 4326//8154 4300//8154
f 4403//8155 4033//8155 4032//8155
f 4071//8156 4390//8156 4030//8156
f 4392//8157 4341//8157 4314//8157
f 4392//8158 4314//8158 4320//8158
f 4410//8159 4340//8159 4295//8159
f 4078//8160 4391//8160 4397//8160
f 4411//8161 4288//8161 4275//8161
f 4078//8162 4404//8162 4391//8162
f 4053//8163 4383//8163 4396//8163
f 4053//8164 3976//8164 4383//8164
f 4403//8165 4032//8165 4065//8165
f 4412//8166 4308//8166 4373//8166
f 4402//8167 4073//8167 4388//8167
f 4105//8168 4078//8168 4397//8168
f 4105//8169 4397//8169 4407//8169
f 4402//8170 4071//8170 4070//8170
f 4402//8171 4390//8171 4071//8171
f 4413//8172 4317//8172 4272//8172
f 3981//8173 4037//8173 3982//8173
f 4065//8174 4031//8174 4403//8174
f 4065//8175 4086//8175 4031//8175
f 4071//8176 4030//8176 4029//8176
f 3982//8177 4046//8177 4398//8177
f 4017//8178 4073//8178 4016//8178
f 4053//8179 4396//8179 4404//8179
f 4085//8180 4407//8180 4043//8180
f 4085//8181 4105//8181 4407//8181
f 4029//8182 4069//8182 4071//8182
f 4029//8183 4117//8183 4069//8183
f 4356//8184 4309//8184 3384//8184
f 4078//8185 4053//8185 4404//8185
f 4070//8186 4073//8186 4402//8186
f 4070//8187 4121//8187 4073//8187
f 4064//8188 4086//8188 4065//8188
f 4063//8189 4117//8189 4029//8189
f 4350//8190 4286//8190 4359//8190
f 4021//8191 4023//8191 4048//8191
f 4021//8192 4048//8192 4111//8192
f 4414//8193 4376//8193 4331//8193
f 4063//8194 4115//8194 4117//8194
f 4117//8195 4116//8195 4069//8195
f 4367//8196 4316//8196 4282//8196
f 4121//8197 4097//8197 4073//8197
f 4121//8198 4181//8198 4097//8198
f 4021//8199 4111//8199 4168//8199
f 4120//8200 4070//8200 4069//8200
f 4107//8201 4115//8201 4063//8201
f 4374//8202 4346//8202 4354//8202
f 4107//8203 4063//8203 4086//8203
f 4168//8204 4083//8204 4021//8204
f 4083//8205 4168//8205 4235//8205
f 4120//8206 4069//8206 4116//8206
f 4181//8207 4121//8207 4120//8207
f 4106//8208 4083//8208 4235//8208
f 4115//8209 4185//8209 4116//8209
f 4106//8210 4235//8210 4259//8210
f 4116//8211 4185//8211 4210//8211
f 4267//8212 4151//8212 4106//8212
f 4350//8213 4358//8213 4334//8213
f 4267//8214 4106//8214 4259//8214
f 4194//8215 4167//8215 4223//8215
f 4310//8216 4151//8216 4267//8216
f 4310//8217 4230//8217 4151//8217
f 4415//8218 4356//8218 3384//8218
f 4229//8219 4333//8219 4240//8219
f 4230//8220 4310//8220 4299//8220
f 4410//8221 4295//8221 4408//8221
f 4416//8222 4293//8222 4358//8222
f 4236//8223 4324//8223 4308//8223
f 4306//8224 4240//8224 4333//8224
f 4276//8225 4299//8225 4376//8225
f 4416//8226 4394//8226 4293//8226
f 4376//8227 4417//8227 4276//8227
f 4417//8228 4338//8228 4276//8228
f 4418//8229 4345//8229 4344//8229
f 4412//8230 4367//8230 4308//8230
f 4419//8231 4316//8231 4367//8231
f 4338//8232 4417//8232 4420//8232
f 4409//8233 4300//8233 4345//8233
f 4421//8234 4420//8234 4422//8234
f 4421//8235 4338//8235 4420//8235
f 4419//8236 4423//8236 4424//8236
f 4425//8237 4419//8237 4424//8237
f 4426//8238 4012//8238 4427//8238
f 4426//8239 4422//8239 4012//8239
f 4011//8240 4007//8240 4427//8240
f 4007//8241 4011//8241 4057//8241
f 4059//8242 4152//8242 4018//8242
f 4059//8243 4018//8243 4027//8243
f 4152//8244 4068//8244 4018//8244
f 4152//8245 4162//8245 4068//8245
f 4421//8246 4373//8246 4324//8246
f 4421//8247 4324//8247 4338//8247
f 3279//8248 3384//8248 3234//8248
f 4094//8249 4105//8249 4104//8249
f 4094//8250 4078//8250 4105//8250
f 4386//8251 4333//8251 4348//8251
f 4365//8252 4370//8252 4343//8252
f 4340//8253 4401//8253 4321//8253
f 4414//8254 4417//8254 4376//8254
f 4389//8255 4311//8255 4394//8255
f 4428//8256 4319//8256 4335//8256
f 4389//8257 4361//8257 4311//8257
f 4411//8258 4335//8258 4288//8258
f 4385//8259 4342//8259 4341//8259
f 4413//8260 4408//8260 4317//8260
f 4352//8261 4347//8261 4337//8261
f 4414//8262 4331//8262 4356//8262
f 4429//8263 4413//8263 4272//8263
f 4429//8264 4272//8264 4319//8264
f 4430//8265 4362//8265 4357//8265
f 4431//8266 4405//8266 4336//8266
f 4432//8267 4344//8267 4306//8267
f 4432//8268 4306//8268 4386//8268
f 4395//8269 4411//8269 4275//8269
f 4379//8270 4320//8270 4313//8270
f 4379//8271 4392//8271 4320//8271
f 3990//8272 4325//8272 4405//8272
f 3990//8273 4337//8273 4325//8273
f 4379//8274 4313//8274 4363//8274
f 4433//8275 4401//8275 4340//8275
f 4420//8276 4417//8276 4414//8276
f 4399//8277 4416//8277 4358//8277
f 4421//8278 4412//8278 4373//8278
f 4430//8279 4357//8279 4330//8279
f 4409//8280 4395//8280 4326//8280
f 4393//8281 4385//8281 4341//8281
f 4434//8282 4408//8282 4413//8282
f 4419//8283 4348//8283 4316//8283
f 4385//8284 4384//8284 4342//8284
f 4435//8285 4340//8285 4410//8285
f 4435//8286 4433//8286 4340//8286
f 4436//8287 4410//8287 4408//8287
f 4399//8288 4358//8288 4350//8288
f 4378//8289 4361//8289 4389//8289
f 4423//8290 4419//8290 4367//8290
f 4426//8291 4367//8291 4412//8291
f 4028//8292 4352//8292 4337//8292
f 4437//8293 4389//8293 4394//8293
f 4437//8294 4394//8294 4416//8294
f 4426//8295 4412//8295 4421//8295
f 3377//8296 4415//8296 3384//8296
f 4438//8297 4345//8297 4418//8297
f 4438//8298 4409//8298 4345//8298
f 3987//8299 4362//8299 4430//8299
f 4439//8300 4356//8300 4415//8300
f 4439//8301 4414//8301 4356//8301
f 4393//8302 4341//8302 4392//8302
f 4020//8303 4360//8303 4352//8303
f 4429//8304 4319//8304 4428//8304
f 4440//8305 4420//8305 4414//8305
f 4369//8306 4364//8306 4360//8306
f 4406//8307 4353//8307 4366//8307
f 4406//8308 4368//8308 4353//8308
f 3993//8309 4386//8309 4348//8309
f 3993//8310 4348//8310 4425//8310
f 4022//8311 4431//8311 4441//8311
f 4028//8312 4020//8312 4352//8312
f 4434//8313 4436//8313 4408//8313
f 4428//8314 4335//8314 4411//8314
f 4391//8315 4393//8315 4392//8315
f 4442//8316 4413//8316 4429//8316
f 4442//8317 4434//8317 4413//8317
f 4436//8318 4435//8318 4410//8318
f 4425//8319 4348//8319 4419//8319
f 4443//8320 4330//8320 4369//8320
f 4423//8321 4367//8321 4426//8321
f 4024//8322 4418//8322 4344//8322
f 4024//8323 4344//8323 4432//8323
f 4400//8324 4399//8324 4350//8324
f 4039//8325 4411//8325 4395//8325
f 4444//8326 4420//8326 4440//8326
f 3999//8327 4432//8327 4386//8327
f 4375//8328 4381//8328 4374//8328
f 3388//8329 4415//8329 3377//8329
f 4377//8330 4375//8330 4370//8330
f 4020//8331 4369//8331 4360//8331
f 4390//8332 4389//8332 4437//8332
f 4001//8333 4438//8333 4418//8333
f 4422//8334 4426//8334 4421//8334
f 4437//8335 4416//8335 4399//8335
f 4005//8336 4428//8336 4411//8336
f 4444//8337 4422//8337 4420//8337
f 4439//8338 4415//8338 3388//8338
f 4440//8339 4414//8339 4439//8339
f 4427//8340 4423//8340 4426//8340
f 4004//8341 4429//8341 4428//8341
f 3973//8342 4436//8342 4434//8342
f 4443//8343 4430//8343 4330//8343
f 4383//8344 3978//8344 4384//8344
f 4387//8345 4406//8345 4366//8345
f 4022//8346 4405//8346 4431//8346
f 4445//8347 4422//8347 4444//8347
f 4407//8348 4380//8348 4372//8348
f 3975//8349 4435//8349 4436//8349
f 4024//8350 4432//8350 3999//8350
f 4008//8351 4442//8351 4429//8351
f 3980//8352 4444//8352 4440//8352
f 4028//8353 4337//8353 3990//8353
f 3428//8354 4440//8354 4439//8354
f 4403//8355 4400//8355 4350//8355
f 4403//8356 4350//8356 4371//8356
f 4019//8357 4369//8357 4020//8357
f 3999//8358 4386//8358 3993//8358
f 3991//8359 4405//8359 4022//8359
f 4007//8360 4424//8360 4423//8360
f 4026//8361 4430//8361 4443//8361
f 4030//8362 4437//8362 4399//8362
f 3428//8363 4439//8363 3388//8363
f 4001//8364 4418//8364 4024//8364
f 4040//8365 4409//8365 4438//8365
f 4044//8366 4407//8366 4372//8366
f 3975//8367 4446//8367 4435//8367
f 4039//8368 4395//8368 4409//8368
f 4044//8369 4372//8369 4381//8369
f 3980//8370 4440//8370 3428//8370
f 3973//8371 3975//8371 4436//8371
f 3988//8372 3987//8372 4430//8372
f 3974//8373 4434//8373 4442//8373
f 3974//8374 3973//8374 4434//8374
f 3979//8375 4445//8375 4444//8375
f 4036//8376 4005//8376 4411//8376
f 4036//8377 4411//8377 4039//8377
f 4005//8378 4004//8378 4428//8378
f 4007//8379 4423//8379 4427//8379
f 4019//8380 4443//8380 4369//8380
f 4015//8381 4368//8381 4406//8381
f 3986//8382 4033//8382 3987//8382
f 4046//8383 4044//8383 4381//8383
f 4009//8384 4429//8384 4004//8384
f 4009//8385 4008//8385 4429//8385
f 4030//8386 4390//8386 4437//8386
f 3432//8387 3980//8387 3428//8387
f 3994//8388 4425//8388 4424//8388
f 3994//8389 3993//8389 4425//8389
f 4039//8390 4409//8390 4040//8390
f 4012//8391 4422//8391 4445//8391
f 3984//8392 4445//8392 3979//8392
f 4011//8393 4427//8393 4012//8393
f 3979//8394 4444//8394 3980//8394
f 3995//8395 3999//8395 3993//8395
f 4023//8396 4441//8396 4049//8396
f 4023//8397 4022//8397 4441//8397
f 4002//8398 4001//8398 4024//8398
f 3991//8399 3990//8399 4405//8399
f 3998//8400 4024//8400 3999//8400
f 3981//8401 3983//8401 4382//8401
f 3997//8402 4442//8402 4008//8402
f 3997//8403 3974//8403 4442//8403
f 4027//8404 4028//8404 3990//8404
f 3981//8405 4382//8405 4015//8405
f 4046//8406 4381//8406 4398//8406
f 4013//8407 4445//8407 3984//8407
f 4013//8408 4012//8408 4445//8408
f 4001//8409 4040//8409 4438//8409
f 4003//8410 4009//8410 4004//8410
f 3994//8411 4424//8411 4007//8411
f 4038//8412 4036//8412 4039//8412
f 3988//8413 4430//8413 4026//8413
f 4019//8414 4026//8414 4443//8414
f 2345//8415 4447//8415 4448//8415
f 4449//8416 4450//8416 4451//8416
f 4452//8417 4449//8417 4451//8417
f 2344//8418 4447//8418 2345//8418
f 2342//8419 4453//8419 2344//8419
f 2256//8420 4454//8420 2135//8420
f 4455//8421 4449//8421 4452//8421
f 2342//8422 1652//8422 4453//8422
f 4050//8423 4454//8423 2256//8423
f 4456//8424 4455//8424 4452//8424
f 4050//8425 4457//8425 4454//8425
f 2264//8426 1652//8426 2342//8426
f 4049//8427 4457//8427 4050//8427
f 4458//8428 4455//8428 4456//8428
f 4459//8429 4455//8429 4458//8429
f 4441//8430 4457//8430 4049//8430
f 4441//8431 4460//8431 4457//8431
f 4461//8432 4459//8432 4458//8432
f 4441//8433 4462//8433 4460//8433
f 4431//8434 4462//8434 4441//8434
f 4463//8435 4459//8435 4461//8435
f 4431//8436 4464//8436 4462//8436
f 4336//8437 4464//8437 4431//8437
f 4465//8438 4463//8438 4461//8438
f 4305//8439 4466//8439 4464//8439
f 4305//8440 4464//8440 4336//8440
f 4467//8441 4465//8441 4461//8441
f 4305//8442 4468//8442 4466//8442
f 4469//8443 4465//8443 4467//8443
f 4304//8444 4470//8444 4468//8444
f 4304//8445 4468//8445 4305//8445
f 4471//8446 4469//8446 4467//8446
f 4216//8447 4472//8447 4470//8447
f 4473//8448 4471//8448 4467//8448
f 4216//8449 4470//8449 4304//8449
f 4474//8450 4472//8450 4216//8450
f 4186//8451 4474//8451 4216//8451
f 4475//8452 4476//8452 4471//8452
f 4475//8453 4471//8453 4473//8453
f 4477//8454 4474//8454 4186//8454
f 4155//8455 4477//8455 4186//8455
f 4478//8456 4477//8456 4155//8456
f 4137//8457 4479//8457 4478//8457
f 4480//8458 4476//8458 4475//8458
f 4137//8459 4478//8459 4155//8459
f 4481//8460 4476//8460 4480//8460
f 4137//8461 4132//8461 4479//8461
f 4482//8462 4481//8462 4480//8462
f 4132//8463 4483//8463 4484//8463
f 4485//8464 4482//8464 4480//8464
f 4131//8465 4483//8465 4132//8465
f 4486//8466 4482//8466 4485//8466
f 4131//8467 4487//8467 4483//8467
f 4135//8468 4487//8468 4131//8468
f 2324//8469 4488//8469 4486//8469
f 2324//8470 4486//8470 4485//8470
f 4134//8471 4487//8471 4135//8471
f 2321//8472 4488//8472 2324//8472
f 4127//8473 4489//8473 4134//8473
f 4127//8474 4126//8474 4489//8474
f 2317//8475 4490//8475 2319//8475
f 2311//8476 4491//8476 2314//8476
f 4147//8477 4492//8477 4141//8477
f 4169//8478 4492//8478 4147//8478
f 2311//8479 4493//8479 4491//8479
f 2309//8480 4493//8480 2311//8480
f 2309//8481 4494//8481 4493//8481
f 4191//8482 4492//8482 4169//8482
f 4191//8483 4495//8483 4492//8483
f 2307//8484 4494//8484 2309//8484
f 4202//8485 4495//8485 4191//8485
f 4262//8486 4495//8486 4202//8486
f 4496//8487 4495//8487 4262//8487
f 2300//8488 4497//8488 2306//8488
f 2300//8489 4498//8489 4497//8489
f 4271//8490 4496//8490 4262//8490
f 2299//8491 4498//8491 2300//8491
f 4271//8492 4499//8492 4496//8492
f 2363//8493 4500//8493 2299//8493
f 4342//8494 4499//8494 4271//8494
f 4501//8495 4500//8495 2363//8495
f 4502//8496 4499//8496 4342//8496
f 2361//8497 4501//8497 2363//8497
f 4384//8498 4502//8498 4342//8498
f 4384//8499 4503//8499 4502//8499
f 2358//8500 4504//8500 2360//8500
f 3978//8501 4503//8501 4384//8501
f 2356//8502 4504//8502 2358//8502
f 2356//8503 4505//8503 4504//8503
f 2355//8504 4505//8504 2356//8504
f 2353//8505 4506//8505 2355//8505
f 3978//8506 4507//8506 4503//8506
f 2353//8507 4508//8507 4506//8507
f 4509//8508 4507//8508 3978//8508
f 2353//8509 4510//8509 4508//8509
f 2351//8510 4510//8510 2353//8510
f 2351//8511 4511//8511 4510//8511
f 4509//8508 4450//8508 4507//8508
f 2349//8512 4511//8512 2351//8512
f 4451//8513 4450//8513 4509//8513
f 2345//8514 4448//8514 2347//8514
f 4512//8515 4513//8515 4514//8515
f 4514//8516 4513//8516 4515//8516
f 4516//8517 4517//8517 4518//8517
f 4519//8518 4520//8518 4521//8518
f 4480//8519 4522//8519 4523//8519
f 4524//8520 4525//8520 4526//8520
f 4527//8521 4528//8521 4529//8521
f 4530//8522 4531//8522 4532//8522
f 4533//8523 4517//8523 4534//8523
f 4534//8524 4517//8524 4516//8524
f 4535//8525 4533//8525 4534//8525
f 4536//8526 4537//8526 4538//8526
f 4538//8527 4537//8527 4539//8527
f 4540//8528 4525//8528 4524//8528
f 4541//8529 4542//8529 4543//8529
f 4544//8530 4545//8530 4546//8530
f 4547//8531 4545//8531 4544//8531
f 4548//8532 4533//8532 4535//8532
f 4549//8533 4543//8533 4550//8533
f 4532//8534 4531//8534 4551//8534
f 2796//8535 4552//8535 2766//8535
f 4553//8536 4554//8536 4555//8536
f 4533//8537 4556//8537 4517//8537
f 4557//8538 4558//8538 4536//8538
f 4536//8539 4558//8539 4537//8539
f 4525//8540 4559//8540 4526//8540
f 4525//8541 4560//8541 4559//8541
f 4561//8542 4562//8542 4563//8542
f 4564//8543 4562//8543 4565//8543
f 4566//8544 4560//8544 4525//8544
f 2796//8545 3022//8545 4552//8545
f 4543//8546 4567//8546 4550//8546
f 4565//8547 4568//8547 4564//8547
f 4557//8548 4569//8548 4558//8548
f 4550//8549 4569//8549 4557//8549
f 3022//8550 3023//8550 4570//8550
f 4542//8551 4567//8551 4543//8551
f 4571//8552 4572//8552 4568//8552
f 4573//8553 4568//8553 4574//8553
f 4574//8554 4568//8554 4572//8554
f 4575//8555 2327//8555 4564//8555
f 4456//8556 4576//8556 4458//8556
f 4530//8557 4532//8557 4577//8557
f 4055//8558 4578//8558 3972//8558
f 4055//8559 4579//8559 4580//8559
f 4558//8560 4581//8560 4537//8560
f 4582//8561 4583//8561 4584//8561
f 4585//8562 4586//8562 4551//8562
f 4542//8563 4587//8563 4567//8563
f 4588//8564 4589//8564 4590//8564
f 2499//8565 3023//8565 2500//8565
f 4582//8566 4591//8566 4583//8566
f 4566//8567 4592//8567 4560//8567
f 4551//8568 4531//8568 4585//8568
f 4593//8569 4594//8569 4595//8569
f 4596//8570 4595//8570 4597//8570
f 4537//8571 4598//8571 4539//8571
f 4539//8572 4598//8572 4599//8572
f 4589//8573 4600//8573 4601//8573
f 4602//8574 4601//8574 4600//8574
f 4603//8575 4604//8575 4605//8575
f 4582//8576 4606//8576 4591//8576
f 4558//8577 4607//8577 4581//8577
f 4569//8578 4607//8578 4558//8578
f 4591//8579 4606//8579 4608//8579
f 4606//8580 4609//8580 4608//8580
f 4610//8581 4581//8581 4607//8581
f 4567//8582 4611//8582 4569//8582
f 4597//8583 4612//8583 4613//8583
f 4604//8584 4614//8584 4615//8584
f 4616//8585 4612//8585 4597//8585
f 4594//8586 4617//8586 4618//8586
f 4569//8587 4611//8587 4607//8587
f 4567//8588 4619//8588 4611//8588
f 4587//8589 4620//8589 4567//8589
f 4621//8590 4599//8590 4622//8590
f 4531//8591 4599//8591 4621//8591
f 4156//8592 4166//8592 4623//8592
f 4616//8593 4618//8593 4624//8593
f 4625//8594 4626//8594 4627//8594
f 4567//8595 4620//8595 4619//8595
f 4623//8596 4628//8596 4614//8596
f 4608//8597 4629//8597 4630//8597
f 4620//8598 4631//8598 4619//8598
f 4627//8599 4632//8599 4633//8599
f 4617//8600 4634//8600 4618//8600
f 4615//8601 4634//8601 4617//8601
f 4618//8602 4635//8602 4624//8602
f 4634//8603 4635//8603 4618//8603
f 4636//8604 4621//8604 4637//8604
f 4638//8605 4639//8605 4629//8605
f 4631//8606 4640//8606 4619//8606
f 4623//8607 4234//8607 4641//8607
f 4642//8608 4639//8608 4638//8608
f 4629//8609 4639//8609 4643//8609
f 4644//8610 4635//8610 4634//8610
f 4645//8611 4646//8611 4631//8611
f 4234//8612 4239//8612 4641//8612
f 4647//8613 4648//8613 4649//8613
f 4650//8614 4527//8614 4651//8614
f 4461//8615 4652//8615 4467//8615
f 4635//8616 4653//8616 4624//8616
f 4635//8617 4654//8617 4653//8617
f 4522//8618 4563//8618 4523//8618
f 4624//8619 4653//8619 4655//8619
f 4635//8620 4656//8620 4654//8620
f 4657//8621 4637//8621 4658//8621
f 4659//8622 4660//8622 4661//8622
f 4480//8623 4523//8623 4485//8623
f 4662//8624 4641//8624 4663//8624
f 4663//8625 4641//8625 4239//8625
f 4467//8626 4652//8626 4664//8626
f 4639//8627 4665//8627 4643//8627
f 4666//8628 4665//8628 4639//8628
f 4523//8629 4563//8629 4667//8629
f 4668//8630 4669//8630 4666//8630
f 4670//8631 4669//8631 4668//8631
f 4658//8632 4671//8632 4657//8632
f 4667//8633 4485//8633 4523//8633
f 4643//8634 4672//8634 4673//8634
f 4665//8635 4672//8635 4643//8635
f 4674//8636 4675//8636 4527//8636
f 4660//8637 4676//8637 4677//8637
f 4678//8638 4679//8638 4680//8638
f 4662//8639 4674//8639 4641//8639
f 4652//8640 4671//8640 4664//8640
f 4675//8641 4674//8641 4681//8641
f 4485//8642 4667//8642 2324//8642
f 4682//8643 4529//8643 4683//8643
f 4666//8644 4669//8644 4684//8644
f 4659//8645 4676//8645 4660//8645
f 2327//8646 4667//8646 4564//8646
f 2324//8647 4667//8647 2327//8647
f 4685//8648 4669//8648 4670//8648
f 4674//8649 4662//8649 4686//8649
f 4675//8650 4687//8650 4528//8650
f 4681//8651 4687//8651 4675//8651
f 4679//8652 4678//8652 4688//8652
f 4672//8653 4689//8653 4690//8653
f 4529//8654 4528//8654 4683//8654
f 4688//8655 4678//8655 4691//8655
f 4692//8656 4678//8656 4680//8656
f 4693//8657 4694//8657 4695//8657
f 4696//8658 4697//8658 4698//8658
f 4699//8659 4676//8659 4700//8659
f 4701//8660 4685//8660 4702//8660
f 4578//8661 4055//8661 4580//8661
f 4695//8662 4694//8662 4703//8662
f 4528//8663 4687//8663 4704//8663
f 4694//8664 4584//8664 4703//8664
f 4694//8665 4705//8665 4584//8665
f 4659//8666 4706//8666 4707//8666
f 4708//8667 4706//8667 4659//8667
f 4709//8668 4706//8668 4708//8668
f 4686//8669 4687//8669 4681//8669
f 4579//8670 4710//8670 4580//8670
f 4689//8671 4711//8671 4690//8671
f 4705//8672 4710//8672 4596//8672
f 4684//8673 4712//8673 4689//8673
f 4075//8674 4579//8674 4055//8674
f 4686//8675 4704//8675 4687//8675
f 4596//8676 4584//8676 4705//8676
f 4683//8677 4713//8677 4714//8677
f 4692//8678 4715//8678 4716//8678
f 4710//8679 4579//8679 4593//8679
f 4659//8680 4707//8680 4676//8680
f 4676//8681 4707//8681 4700//8681
f 4703//8682 4584//8682 4583//8682
f 4075//8683 4717//8683 4579//8683
f 4699//8684 4718//8684 4719//8684
f 4719//8685 4718//8685 4720//8685
f 4721//8686 4722//8686 4701//8686
f 4579//8687 4717//8687 4593//8687
f 4090//8688 4717//8688 4075//8688
f 4704//8689 4713//8689 4528//8689
f 4664//8690 4540//8690 4524//8690
f 4539//8691 4531//8691 4530//8691
f 4593//8692 4717//8692 4605//8692
f 4723//8693 4713//8693 2684//8693
f 2684//8694 4713//8694 4704//8694
f 4724//8695 4540//8695 4671//8695
f 3978//8696 3977//8696 4509//8696
f 2684//8697 4704//8697 2685//8697
f 3977//8698 4725//8698 4509//8698
f 4584//8699 4596//8699 4582//8699
f 4698//8700 4726//8700 4696//8700
f 3976//8701 4054//8701 3977//8701
f 4710//8702 4593//8702 4596//8702
f 4713//8703 4727//8703 4714//8703
f 4596//8704 4593//8704 4595//8704
f 3977//8705 4054//8705 4725//8705
f 4728//8706 4729//8706 4706//8706
f 4722//8707 4721//8707 4730//8707
f 4090//8708 4603//8708 4717//8708
f 4731//8709 4732//8709 4733//8709
f 4734//8710 4698//8710 4727//8710
f 4593//8711 4605//8711 4594//8711
f 4709//8712 4732//8712 4728//8712
f 4509//8713 4725//8713 4735//8713
f 4509//8714 4735//8714 4451//8714
f 4596//8715 4597//8715 4582//8715
f 4736//8716 4737//8716 4730//8716
f 4539//8717 4599//8717 4531//8717
f 4734//8718 4727//8718 4723//8718
f 4725//8719 4738//8719 4735//8719
f 4054//8720 4739//8720 4725//8720
f 4711//8721 4737//8721 4740//8721
f 4717//8722 4603//8722 4605//8722
f 4729//8723 4728//8723 4741//8723
f 4054//8724 4742//8724 4739//8724
f 4723//8725 2684//8725 2712//8725
f 4620//8726 4587//8726 4743//8726
f 4743//8727 4587//8727 4744//8727
f 4745//8728 4746//8728 4747//8728
f 4052//8729 4742//8729 4054//8729
f 4748//8730 4749//8730 4721//8730
f 4721//8731 4749//8731 4750//8731
f 4451//8732 4735//8732 4751//8732
f 4461//8733 4586//8733 4752//8733
f 4747//8734 4753//8734 4745//8734
f 4090//8735 4156//8735 4603//8735
f 4605//8736 4604//8736 4594//8736
f 4077//8737 4754//8737 4052//8737
f 4052//8738 4754//8738 4742//8738
f 4594//8739 4616//8739 4595//8739
f 4741//8740 4755//8740 4729//8740
f 4595//8741 4616//8741 4597//8741
f 4735//8742 4756//8742 4751//8742
f 4603//8743 4156//8743 4604//8743
f 4586//8744 4585//8744 4752//8744
f 4582//8745 4613//8745 4606//8745
f 4597//8746 4613//8746 4582//8746
f 4751//8747 4452//8747 4451//8747
f 4738//8748 4756//8748 4735//8748
f 4588//8749 4590//8749 4757//8749
f 4758//8750 4741//8750 4728//8750
f 4156//8751 4614//8751 4604//8751
f 4737//8752 4736//8752 4740//8752
f 4615//8753 4617//8753 4604//8753
f 4604//8754 4617//8754 4594//8754
f 4739//8755 4742//8755 4759//8755
f 4531//8756 4621//8756 4585//8756
f 4570//8757 4760//8757 4552//8757
f 4761//8758 4748//8758 4762//8758
f 4763//8759 4764//8759 4765//8759
f 4738//8760 4766//8760 4756//8760
f 4647//8761 4599//8761 4598//8761
f 4613//8762 4767//8762 4606//8762
f 4730//8763 4750//8763 4736//8763
f 4745//8764 4768//8764 4746//8764
f 4156//8765 4623//8765 4614//8765
f 4763//8766 4769//8766 4764//8766
f 4723//8767 2766//8767 4734//8767
f 4163//8768 4770//8768 4077//8768
f 2712//8769 2766//8769 4723//8769
f 4611//8770 4610//8770 4607//8770
f 4570//8771 4515//8771 4760//8771
f 4611//8772 4660//8772 4610//8772
f 4619//8773 4660//8773 4611//8773
f 4452//8774 4751//8774 4771//8774
f 4660//8775 4619//8775 4661//8775
f 4742//8776 4772//8776 4759//8776
f 4773//8777 4750//8777 4749//8777
f 4741//8778 4774//8778 4755//8778
f 4756//8779 4775//8779 4751//8779
f 4646//8780 4640//8780 4631//8780
f 4619//8781 4640//8781 4661//8781
f 4661//8782 4640//8782 4776//8782
f 4646//8783 4777//8783 4640//8783
f 4778//8784 4764//8784 4769//8784
f 4752//8785 4652//8785 4461//8785
f 4779//8786 4777//8786 4646//8786
f 4766//8787 4780//8787 4756//8787
f 4756//8788 4780//8788 4775//8788
f 4774//8789 4521//8789 4755//8789
f 4755//8790 4521//8790 4781//8790
f 4638//8791 4782//8791 4642//8791
f 4640//8792 4777//8792 4776//8792
f 4779//8793 4673//8793 4777//8793
f 4783//8794 4784//8794 4785//8794
f 4783//8795 4786//8795 4784//8795
f 4787//8796 4786//8796 4783//8796
f 4750//8797 4773//8797 4788//8797
f 4739//8798 4738//8798 4725//8798
f 4759//8799 4738//8799 4739//8799
f 4643//8800 4673//8800 4779//8800
f 4759//8801 4766//8801 4738//8801
f 4770//8802 4754//8802 4077//8802
f 4636//8803 4637//8803 4657//8803
f 4742//8804 4754//8804 4789//8804
f 4782//8805 4668//8805 4642//8805
f 4770//8806 4789//8806 4754//8806
f 4766//8807 4759//8807 4772//8807
f 4742//8808 4790//8808 4772//8808
f 4785//8809 4791//8809 4514//8809
f 4789//8810 4770//8810 4792//8810
f 4163//8811 4792//8811 4770//8811
f 4673//8812 4793//8812 4777//8812
f 4772//8813 4780//8813 4766//8813
f 4794//8814 4786//8814 4787//8814
f 4795//8815 4521//8815 4774//8815
f 4780//8816 4772//8816 4796//8816
f 4789//8817 4792//8817 4797//8817
f 4797//8818 4792//8818 4798//8818
f 4212//8819 4798//8819 4792//8819
f 4797//8820 4790//8820 4789//8820
f 4742//8821 4789//8821 4790//8821
f 4794//8822 4799//8822 4786//8822
f 4298//8823 4798//8823 4212//8823
f 4800//8824 4801//8824 4802//8824
f 4212//8825 4792//8825 4163//8825
f 4798//8826 4803//8826 4797//8826
f 4804//8827 4799//8827 4794//8827
f 4642//8828 4668//8828 4639//8828
f 4798//8829 4805//8829 4806//8829
f 4298//8830 4805//8830 4798//8830
f 4788//8831 4773//8831 4807//8831
f 4803//8832 4806//8832 4808//8832
f 4798//8833 4806//8833 4803//8833
f 4668//8834 4666//8834 4639//8834
f 4301//8835 4663//8835 4263//8835
f 4764//8836 4809//8836 4810//8836
f 4519//8837 4521//8837 4795//8837
f 4806//8838 4811//8838 4808//8838
f 4804//8839 4761//8839 4799//8839
f 4812//8840 4811//8840 4805//8840
f 4810//8841 4800//8841 4802//8841
f 4805//8842 4811//8842 4806//8842
f 4808//8843 4811//8843 4813//8843
f 4661//8844 4776//8844 4708//8844
f 4781//8845 4814//8845 4778//8845
f 4327//8846 4812//8846 4805//8846
f 4751//8847 4775//8847 4771//8847
f 4657//8848 4671//8848 4652//8848
f 4815//8849 4811//8849 4812//8849
f 4788//8850 4807//8850 4816//8850
f 4521//8851 4520//8851 4781//8851
f 4781//8852 4520//8852 4814//8852
f 4817//8853 4813//8853 4811//8853
f 4818//8854 4819//8854 4820//8854
f 4821//8855 4773//8855 4804//8855
f 4815//8856 4817//8856 4811//8856
f 4433//8857 4822//8857 4823//8857
f 4801//8858 4800//8858 4602//8858
f 4824//8859 4815//8859 4812//8859
f 4812//8860 4823//8860 4824//8860
f 4301//8861 4825//8861 4663//8861
f 4622//8862 4826//8862 4637//8862
f 4773//8863 4821//8863 4807//8863
f 4637//8864 4826//8864 4658//8864
f 4566//8865 4827//8865 4592//8865
f 4693//8866 4823//8866 4822//8866
f 4695//8867 4824//8867 4823//8867
f 4777//8868 4828//8868 4776//8868
f 4793//8869 4828//8869 4777//8869
f 4819//8870 4829//8870 4830//8870
f 4831//8871 4829//8871 4819//8871
f 4822//8872 4446//8872 4693//8872
f 4772//8873 4790//8873 4796//8873
f 4832//8874 4807//8874 4821//8874
f 4815//8875 4833//8875 4834//8875
f 4693//8876 4695//8876 4823//8876
f 4830//8877 4829//8877 4835//8877
f 4590//8878 4836//8878 4827//8878
f 4647//8879 4826//8879 4622//8879
f 4663//8880 4825//8880 4662//8880
f 4837//8881 4807//8881 4832//8881
f 4827//8882 4836//8882 4592//8882
f 4838//8883 4824//8883 4695//8883
f 4839//8884 4840//8884 4841//8884
f 4842//8885 4835//8885 4829//8885
f 4771//8886 4843//8886 4452//8886
f 4661//8887 4708//8887 4659//8887
f 4473//8888 4841//8888 4475//8888
f 4647//8889 4844//8889 4826//8889
f 4649//8890 4844//8890 4647//8890
f 4824//8891 4838//8891 4833//8891
f 4446//8892 4694//8892 4693//8892
f 4834//8893 4541//8893 4845//8893
f 4807//8894 4837//8894 4818//8894
f 4842//8895 4846//8895 4835//8895
f 4771//8896 4775//8896 4843//8896
f 4847//8897 4688//8897 4670//8897
f 4834//8898 4848//8898 4541//8898
f 4780//8899 4849//8899 4775//8899
f 4834//8900 4850//8900 4848//8900
f 4833//8901 4850//8901 4834//8901
f 4809//8902 4851//8902 4852//8902
f 4301//8903 4329//8903 4825//8903
f 4590//8904 4853//8904 4836//8904
f 3975//8905 4578//8905 4446//8905
f 3972//8906 4578//8906 3975//8906
f 4837//8907 4854//8907 4818//8907
f 4828//8908 4708//8908 4776//8908
f 4446//8909 4578//8909 4694//8909
f 4681//8910 4674//8910 4686//8910
f 4688//8911 4855//8911 4670//8911
f 4856//8912 4857//8912 4858//8912
f 4589//8913 4853//8913 4590//8913
f 4825//8914 4686//8914 4662//8914
f 4854//8915 4859//8915 4831//8915
f 4839//8916 4860//8916 4861//8916
f 4695//8917 4703//8917 4838//8917
f 4686//8918 4825//8918 4862//8918
f 4863//8919 4864//8919 4852//8919
f 4852//8920 4864//8920 4865//8920
f 4866//8921 4844//8921 4649//8921
f 4780//8922 4796//8922 4849//8922
f 4833//8923 4838//8923 4850//8923
f 4867//8924 4859//8924 4854//8924
f 4589//8925 4601//8925 4853//8925
f 4578//8926 4705//8926 4694//8926
f 4452//8927 4843//8927 4868//8927
f 4602//8928 4869//8928 4870//8928
f 4580//8929 4705//8929 4578//8929
f 4865//8930 4869//8930 4602//8930
f 4864//8931 4869//8931 4865//8931
f 4670//8932 4702//8932 4685//8932
f 4841//8933 4840//8933 4475//8933
f 4855//8934 4702//8934 4670//8934
f 4329//8935 4339//8935 2823//8935
f 4452//8936 4868//8936 4456//8936
f 4859//8937 4871//8937 4842//8937
f 4867//8938 4871//8938 4859//8938
f 4866//8939 4872//8939 4844//8939
f 4839//8940 4873//8940 4840//8940
f 4861//8941 4873//8941 4839//8941
f 4853//8942 4874//8942 4836//8942
f 4691//8943 4855//8943 4688//8943
f 4826//8944 4671//8944 4658//8944
f 4850//8945 4875//8945 4848//8945
f 4848//8946 4542//8946 4541//8946
f 4871//8947 4876//8947 4842//8947
f 2823//8948 4339//8948 2806//8948
f 4775//8949 4877//8949 4843//8949
f 4601//8950 4878//8950 4853//8950
f 4853//8951 4878//8951 4874//8951
f 4873//8952 4879//8952 4840//8952
f 4880//8953 4860//8953 4592//8953
f 4702//8954 4855//8954 4691//8954
f 4881//8955 4882//8955 4883//8955
f 4883//8956 4882//8956 4884//8956
f 4885//8957 4860//8957 4880//8957
f 4882//8958 4856//8958 4884//8958
f 4866//8959 4720//8959 4872//8959
f 4719//8960 4720//8960 4866//8960
f 4886//8961 4887//8961 4888//8961
f 4888//8962 4887//8962 4881//8962
f 4878//8963 4870//8963 4889//8963
f 4601//8964 4870//8964 4878//8964
f 4890//8965 4891//8965 4892//8965
f 4885//8966 4861//8966 4860//8966
f 4775//8967 4849//8967 4877//8967
f 4703//8968 4893//8968 4838//8968
f 4840//8969 4879//8969 4475//8969
f 4894//8970 4892//8970 4891//8970
f 4583//8971 4893//8971 4703//8971
f 4895//8972 4892//8972 4896//8972
f 4576//8973 4551//8973 4586//8973
f 4895//8974 4884//8974 4858//8974
f 4838//8975 4875//8975 4850//8975
f 4748//8976 4701//8976 4702//8976
f 4893//8977 4875//8977 4838//8977
f 4870//8978 4897//8978 4889//8978
f 4889//8979 4897//8979 4625//8979
f 4848//8980 4875//8980 4542//8980
f 4580//8981 4710//8981 4705//8981
f 4861//8982 4898//8982 4873//8982
f 4880//8983 4899//8983 4885//8983
f 4458//8984 4586//8984 4461//8984
f 4327//8985 4805//8985 4298//8985
f 4873//8986 4900//8986 4879//8986
f 4878//8987 4901//8987 4874//8987
f 4716//8988 4902//8988 4691//8988
f 4790//8989 4903//8989 4796//8989
f 4904//8990 4875//8990 4893//8990
f 4895//8991 4896//8991 4905//8991
f 4796//8992 4906//8992 4849//8992
f 4861//8993 4885//8993 4898//8993
f 4671//8994 4540//8994 4664//8994
f 4902//8995 4907//8995 4691//8995
f 4883//8996 4908//8996 4888//8996
f 4884//8997 4908//8997 4883//8997
f 4909//8998 4889//8998 4625//8998
f 4625//8999 4897//8999 4910//8999
f 4879//9000 4911//9000 4475//9000
f 4895//9001 4905//9001 4884//9001
f 4912//9002 4888//9002 4908//9002
f 4879//9003 4913//9003 4911//9003
f 4862//9004 2863//9004 4686//9004
f 4746//9005 4902//9005 4747//9005
f 4803//9006 4808//9006 4797//9006
f 4914//9007 4915//9007 4899//9007
f 4899//9008 4915//9008 4885//9008
f 4720//9009 4718//9009 4916//9009
f 4884//9010 4917//9010 4908//9010
f 4905//9011 4917//9011 4884//9011
f 4900//9012 4913//9012 4879//9012
f 4700//9013 4765//9013 4699//9013
f 4699//9014 4765//9014 4718//9014
f 4915//9015 4898//9015 4885//9015
f 4918//9016 4898//9016 4915//9016
f 4691//9017 4907//9017 4702//9017
f 4919//9018 4914//9018 4901//9018
f 4633//9019 4920//9019 4909//9019
f 4686//9020 2685//9020 4704//9020
f 4921//9021 4908//9021 4917//9021
f 4900//9022 4922//9022 4913//9022
f 2863//9023 2685//9023 4686//9023
f 4475//9024 4911//9024 4480//9024
f 4923//9025 4924//9025 4925//9025
f 4919//9026 4926//9026 4914//9026
f 4914//9027 4927//9027 4915//9027
f 4591//9028 4893//9028 4583//9028
f 4928//9029 4908//9029 4921//9029
f 4849//9030 4906//9030 4929//9030
f 4826//9031 4724//9031 4671//9031
f 4930//9032 4724//9032 4826//9032
f 4797//9033 4931//9033 4790//9033
f 4904//9034 4744//9034 4875//9034
f 4790//9035 4931//9035 4903//9035
f 4912//9036 4925//9036 4924//9036
f 4591//9037 4904//9037 4893//9037
f 4908//9038 4925//9038 4912//9038
f 4550//9039 4567//9039 4569//9039
f 4746//9040 4907//9040 4902//9040
f 4928//9041 4925//9041 4908//9041
f 4633//9042 4919//9042 4920//9042
f 4932//9043 4744//9043 4904//9043
f 4849//9044 4929//9044 4877//9044
f 4907//9045 4933//9045 4702//9045
f 4875//9046 4744//9046 4542//9046
f 4702//9047 4933//9047 4748//9047
f 4934//9048 4925//9048 4928//9048
f 4923//9049 4925//9049 4934//9049
f 4911//9050 4935//9050 4480//9050
f 4748//9051 4721//9051 4701//9051
f 4522//9052 4480//9052 4935//9052
f 4913//9053 4935//9053 4911//9053
f 4762//9054 4907//9054 4746//9054
f 4933//9055 4907//9055 4762//9055
f 4926//9056 4936//9056 4937//9056
f 4542//9057 4744//9057 4587//9057
f 4938//9058 4936//9058 4633//9058
f 4922//9059 4518//9059 4913//9059
f 4937//9060 4939//9060 4926//9060
f 4926//9061 4939//9061 4927//9061
f 4540//9062 4724//9062 4940//9062
f 4796//9063 4903//9063 4906//9063
f 4939//9064 4941//9064 4927//9064
f 4632//9065 4923//9065 4942//9065
f 4942//9066 4923//9066 4934//9066
f 4718//9067 4765//9067 4916//9067
f 4916//9068 4765//9068 4943//9068
f 4700//9069 4763//9069 4765//9069
f 4707//9070 4763//9070 4700//9070
f 4591//9071 4608//9071 4904//9071
f 4904//9072 4608//9072 4932//9072
f 4632//9073 4942//9073 4944//9073
f 4945//9074 4724//9074 4930//9074
f 4935//9075 4946//9075 4522//9075
f 4937//9076 4545//9076 4947//9076
f 4938//9077 4545//9077 4936//9077
f 4936//9078 4545//9078 4937//9078
f 4518//9079 4946//9079 4935//9079
f 4938//9080 4546//9080 4545//9080
f 4808//9081 4931//9081 4797//9081
f 4932//9082 4743//9082 4744//9082
f 4456//9083 4868//9083 4576//9083
f 4944//9084 4546//9084 4632//9084
f 4947//9085 4553//9085 4937//9085
f 4943//9086 4765//9086 4764//9086
f 4939//9087 4553//9087 4555//9087
f 4877//9088 4948//9088 4843//9088
f 4949//9089 4916//9089 4802//9089
f 4720//9090 4916//9090 4949//9090
f 4401//9091 4812//9091 4327//9091
f 4932//9092 4608//9092 4743//9092
f 4522//9093 4946//9093 4563//9093
f 4535//9094 4554//9094 4548//9094
f 4946//9095 4561//9095 4563//9095
f 4518//9096 4561//9096 4946//9096
f 4555//9097 4554//9097 4535//9097
f 4949//9098 4950//9098 4951//9098
f 4947//9099 4952//9099 4553//9099
f 4517//9100 4565//9100 4561//9100
f 4556//9101 4565//9101 4517//9101
f 4953//9102 4548//9102 4554//9102
f 4945//9103 4951//9103 4724//9103
f 4548//9104 4954//9104 4533//9104
f 4533//9105 4954//9105 4556//9105
f 4808//9106 4813//9106 4931//9106
f 4553//9107 4955//9107 4554//9107
f 4565//9108 4556//9108 4571//9108
f 4955//9109 4553//9109 4952//9109
f 4556//9110 4954//9110 4571//9110
f 4955//9111 4956//9111 4554//9111
f 4467//9112 4526//9112 4473//9112
f 4631//9113 4620//9113 4645//9113
f 4940//9114 4951//9114 4757//9114
f 4724//9115 4951//9115 4940//9115
f 4743//9116 4645//9116 4620//9116
f 4630//9117 4645//9117 4743//9117
f 4562//9118 4561//9118 4565//9118
f 4903//9119 4957//9119 4906//9119
f 4554//9120 4958//9120 4953//9120
f 4956//9121 4958//9121 4554//9121
f 4565//9122 4571//9122 4568//9122
f 4585//9123 4657//9123 4752//9123
f 4954//9124 4959//9124 4571//9124
f 4548//9125 4959//9125 4954//9125
f 4608//9126 4630//9126 4743//9126
f 4958//9127 4960//9127 4953//9127
f 4916//9128 4943//9128 4802//9128
f 4802//9129 4943//9129 4810//9129
f 4563//9130 4562//9130 4667//9130
f 4959//9131 4953//9131 4960//9131
f 4401//9132 4433//9132 4812//9132
f 4802//9133 4950//9133 4949//9133
f 4843//9134 4577//9134 4868//9134
f 4571//9135 4959//9135 4572//9135
f 4950//9136 4961//9136 4951//9136
f 4585//9137 4636//9137 4657//9137
f 4667//9138 4562//9138 4564//9138
f 4568//9139 4575//9139 4564//9139
f 4573//9140 4575//9140 4568//9140
f 4943//9141 4764//9141 4810//9141
f 4877//9142 4538//9142 4948//9142
f 4581//9143 4962//9143 4537//9143
f 4537//9144 4962//9144 4598//9144
f 4779//9145 4645//9145 4630//9145
f 4868//9146 4532//9146 4576//9146
f 4525//9147 4940//9147 4566//9147
f 4540//9148 4940//9148 4525//9148
f 4768//9149 4761//9149 4762//9149
f 4963//9150 4758//9150 4964//9150
f 4962//9151 4648//9151 4598//9151
f 4598//9152 4648//9152 4647//9152
f 4629//9153 4779//9153 4630//9153
f 4606//9154 4965//9154 4609//9154
f 4745//9155 4786//9155 4768//9155
f 4784//9156 4786//9156 4745//9156
f 4594//9157 4618//9157 4616//9157
f 4526//9158 4559//9158 4473//9158
f 4963//9159 4774//9159 4758//9159
f 4621//9160 4636//9160 4585//9160
f 4843//9161 4948//9161 4577//9161
f 4608//9162 4609//9162 4629//9162
f 4606//9163 4767//9163 4965//9163
f 4779//9164 4646//9164 4645//9164
f 4624//9165 4966//9165 4616//9165
f 4951//9166 4588//9166 4757//9166
f 4961//9167 4588//9167 4951//9167
f 4616//9168 4966//9168 4612//9168
f 4929//9169 4538//9169 4877//9169
f 4967//9170 4538//9170 4929//9170
f 4570//9171 4552//9171 3022//9171
f 4581//9172 4648//9172 4962//9172
f 4612//9173 4966//9173 4968//9173
f 4643//9174 4779//9174 4629//9174
f 4819//9175 4969//9175 4820//9175
f 4629//9176 4965//9176 4638//9176
f 4609//9177 4965//9177 4629//9177
f 4166//9178 4234//9178 4623//9178
f 4610//9179 4648//9179 4581//9179
f 4903//9180 4970//9180 4957//9180
f 4931//9181 4970//9181 4903//9181
f 4813//9182 4845//9182 4931//9182
f 4971//9183 4966//9183 4655//9183
f 4819//9184 4972//9184 4969//9184
f 4655//9185 4966//9185 4624//9185
f 4634//9186 4651//9186 4644//9186
f 4615//9187 4651//9187 4634//9187
f 4647//9188 4622//9188 4599//9188
f 4835//9189 4774//9189 4963//9189
f 4973//9190 4974//9190 4965//9190
f 4965//9191 4974//9191 4782//9191
f 4768//9192 4799//9192 4761//9192
f 4433//9193 4823//9193 4812//9193
f 4621//9194 4622//9194 4637//9194
f 4972//9195 4830//9195 4964//9195
f 4623//9196 4641//9196 4650//9196
f 4906//9197 4967//9197 4929//9197
f 4663//9198 4239//9198 4263//9198
f 4610//9199 4677//9199 4648//9199
f 4795//9200 4774//9200 4835//9200
f 4868//9201 4577//9201 4532//9201
f 4644//9202 4656//9202 4635//9202
f 4819//9203 4830//9203 4972//9203
f 4670//9204 4668//9204 4974//9204
f 4974//9205 4668//9205 4782//9205
f 4641//9206 4527//9206 4650//9206
f 4446//9207 4822//9207 4435//9207
f 4435//9208 4822//9208 4433//9208
f 4755//9209 4781//9209 4778//9209
f 4648//9210 4866//9210 4649//9210
f 4653//9211 4680//9211 4655//9211
f 4657//9212 4652//9212 4752//9212
f 4588//9213 4961//9213 4589//9213
f 4830//9214 4963//9214 4964//9214
f 4660//9215 4677//9215 4610//9215
f 4674//9216 4527//9216 4641//9216
f 4654//9217 4656//9217 4682//9217
f 4950//9218 4801//9218 4961//9218
f 4802//9219 4801//9219 4950//9219
f 4670//9220 4975//9220 4847//9220
f 4974//9221 4975//9221 4670//9221
f 4680//9222 4679//9222 4655//9222
f 4673//9223 4672//9223 4793//9223
f 4785//9224 4514//9224 2499//9224
f 4654//9225 4976//9225 4653//9225
f 4653//9226 4976//9226 4680//9226
f 4757//9227 4827//9227 4940//9227
f 4957//9228 4977//9228 4906//9228
f 4940//9229 4827//9229 4566//9229
f 4906//9230 4977//9230 4967//9230
f 4676//9231 4699//9231 4677//9231
f 4813//9232 4817//9232 4845//9232
f 4656//9233 4529//9233 4682//9233
f 4835//9234 4963//9234 4830//9234
f 4839//9235 4841//9235 4559//9235
f 4559//9236 4841//9236 4473//9236
f 4976//9237 4654//9237 4697//9237
f 4688//9238 4847//9238 4679//9238
f 4961//9239 4801//9239 4589//9239
f 4697//9240 4654//9240 4682//9240
f 4672//9241 4665//9241 4689//9241
f 4978//9242 4976//9242 4697//9242
f 4680//9243 4976//9243 4692//9243
f 4669//9244 4685//9244 4684//9244
f 4931//9245 4845//9245 4970//9245
f 4666//9246 4684//9246 4665//9246
f 2499//9247 4514//9247 3023//9247
f 4757//9248 4590//9248 4827//9248
f 4978//9249 4692//9249 4976//9249
f 4846//9250 4795//9250 4835//9250
f 4816//9251 4818//9251 4820//9251
f 4589//9252 4801//9252 4600//9252
f 4722//9253 4685//9253 4701//9253
f 4708//9254 4828//9254 4709//9254
f 4846//9255 4519//9255 4795//9255
f 4709//9256 4828//9256 4690//9256
f 4697//9257 4696//9257 4978//9257
f 4685//9258 4722//9258 4684//9258
f 4979//9259 4978//9259 4696//9259
f 4692//9260 4978//9260 4979//9260
f 4682//9261 4714//9261 4697//9261
f 4697//9262 4714//9262 4698//9262
f 4560//9263 4839//9263 4559//9263
f 4683//9264 4528//9264 4713//9264
f 4678//9265 4716//9265 4691//9265
f 4692//9266 4716//9266 4678//9266
f 4816//9267 4807//9267 4818//9267
f 4715//9268 4692//9268 4979//9268
f 4722//9269 4712//9269 4684//9269
f 4689//9270 4712//9270 4711//9270
f 4732//9271 4690//9271 4711//9271
f 4711//9272 4712//9272 4737//9272
f 4737//9273 4712//9273 4722//9273
f 4801//9274 4602//9274 4600//9274
f 4818//9275 4854//9275 4819//9275
f 4957//9276 4549//9276 4977//9276
f 4970//9277 4549//9277 4957//9277
f 4706//9278 4709//9278 4728//9278
f 4854//9279 4831//9279 4819//9279
f 4732//9280 4711//9280 4733//9280
f 4715//9281 4979//9281 4513//9281
f 4560//9282 4592//9282 4839//9282
f 4902//9283 4715//9283 4747//9283
f 4716//9284 4715//9284 4902//9284
f 4817//9285 4834//9285 4845//9285
f 4706//9286 4729//9286 4707//9286
f 4815//9287 4834//9287 4817//9287
f 4831//9288 4842//9288 4829//9288
f 4714//9289 4727//9289 4698//9289
f 4824//9290 4833//9290 4815//9290
f 4825//9291 4980//9291 4862//9291
f 4831//9292 4859//9292 4842//9292
f 4722//9293 4730//9293 4737//9293
f 4329//9294 4980//9294 4825//9294
f 4842//9295 4890//9295 4846//9295
f 4467//9296 4664//9296 4524//9296
f 4977//9297 4557//9297 4967//9297
f 4727//9298 4713//9298 4723//9298
f 4715//9299 4513//9299 4747//9299
f 4747//9300 4513//9300 4753//9300
f 4602//9301 4870//9301 4601//9301
f 4740//9302 4733//9302 4711//9302
f 4731//9303 4733//9303 4740//9303
f 4967//9304 4536//9304 4538//9304
f 4552//9305 4698//9305 4734//9305
f 4887//9306 4869//9306 4864//9306
f 4890//9307 4892//9307 4981//9307
f 4552//9308 4726//9308 4698//9308
f 4760//9309 4513//9309 4726//9309
f 4760//9310 4726//9310 4552//9310
f 4707//9311 4755//9311 4763//9311
f 4729//9312 4755//9312 4707//9312
f 4512//9313 4753//9313 4513//9313
f 4721//9314 4750//9314 4730//9314
f 4329//9315 2823//9315 4980//9315
f 4731//9316 4758//9316 4732//9316
f 4732//9317 4758//9317 4728//9317
f 4887//9318 4886//9318 4869//9318
f 4745//9319 4753//9319 4512//9319
f 4933//9320 4762//9320 4748//9320
f 4869//9321 4886//9321 4897//9321
f 4964//9322 4758//9322 4731//9322
f 4883//9323 4888//9323 4881//9323
f 4746//9324 4768//9324 4762//9324
f 4969//9325 4740//9325 4736//9325
f 4964//9326 4731//9326 4972//9326
f 4755//9327 4769//9327 4763//9327
f 4740//9328 4972//9328 4731//9328
f 2864//9329 2823//9329 2805//9329
f 4980//9330 2823//9330 2864//9330
f 4749//9331 4748//9331 4761//9331
f 4969//9332 4972//9332 4740//9332
f 4774//9333 4741//9333 4758//9333
f 4910//9334 4897//9334 4886//9334
f 4512//9335 4791//9335 4745//9335
f 4745//9336 4791//9336 4784//9336
f 4924//9337 4886//9337 4888//9337
f 2863//9338 4980//9338 2864//9338
f 4844//9339 4930//9339 4826//9339
f 4970//9340 4541//9340 4549//9340
f 4845//9341 4541//9341 4970//9341
f 2863//9342 4862//9342 4980//9342
f 4778//9343 4769//9343 4755//9343
f 4734//9344 2766//9344 4552//9344
f 4750//9345 4816//9345 4736//9345
f 4888//9346 4912//9346 4924//9346
f 4924//9347 4910//9347 4886//9347
f 4969//9348 4736//9348 4820//9348
f 4514//9349 4515//9349 3023//9349
f 3023//9350 4515//9350 4570//9350
f 4750//9351 4788//9351 4816//9351
f 4626//9352 4910//9352 4924//9352
f 4768//9353 4786//9353 4799//9353
f 4625//9354 4910//9354 4626//9354
f 4967//9355 4557//9355 4536//9355
f 4514//9356 4791//9356 4512//9356
f 4736//9357 4816//9357 4820//9357
f 4625//9358 4627//9358 4909//9358
f 4791//9359 4785//9359 4784//9359
f 4773//9360 4761//9360 4804//9360
f 4749//9361 4761//9361 4773//9361
f 4778//9362 4809//9362 4764//9362
f 4915//9016 4927//9016 4918//9016
f 4800//9363 4809//9363 4852//9363
f 4810//9364 4809//9364 4800//9364
f 4852//9365 4865//9365 4800//9365
f 4851//9366 4809//9366 4814//9366
f 4920//9367 4919//9367 4901//9367
f 4814//9368 4809//9368 4778//9368
f 4865//9369 4602//9369 4800//9369
f 4633//9370 4909//9370 4627//9370
f 4857//9371 4982//9371 4520//9371
f 4520//9372 4982//9372 4814//9372
f 4857//9373 4519//9373 4981//9373
f 4948//9374 4530//9374 4577//9374
f 4520//9375 4519//9375 4857//9375
f 4814//9376 4982//9376 4851//9376
f 4844//9377 4945//9377 4930//9377
f 4924//9378 4923//9378 4626//9378
f 4851//9379 4982//9379 4863//9379
f 4898//9380 4918//9380 4922//9380
f 4863//9381 4982//9381 4882//9381
f 4882//9382 4982//9382 4856//9382
f 4982//9383 4857//9383 4856//9383
f 4874//9384 4592//9384 4836//9384
f 4880//9385 4592//9385 4874//9385
f 4846//9386 4981//9386 4519//9386
f 4592//9387 4860//9387 4839//9387
f 4851//9388 4863//9388 4852//9388
f 4890//9389 4981//9389 4846//9389
f 4872//9390 4945//9390 4844//9390
f 4887//9391 4863//9391 4881//9391
f 4864//9392 4863//9392 4887//9392
f 4842//9393 4876//9393 4890//9393
f 4981//9394 4858//9394 4857//9394
f 4918//9395 4516//9395 4922//9395
f 4882//9396 4881//9396 4863//9396
f 4890//9397 4876//9397 4891//9397
f 4632//9398 4938//9398 4633//9398
f 4891//9399 4876//9399 4871//9399
f 4884//9400 4856//9400 4858//9400
f 4981//9401 4892//9401 4858//9401
f 4858//9402 4892//9402 4895//9402
f 4626//9403 4632//9403 4627//9403
f 4923//9404 4632//9404 4626//9404
f 4897//9405 4870//9405 4869//9405
f 4896//9406 4892//9406 4894//9406
f 4524//9407 4526//9407 4467//9407
f 4889//9408 4901//9408 4878//9408
f 4874//9409 4899//9409 4880//9409
f 4914//9410 4899//9410 4901//9410
f 4901//9411 4899//9411 4874//9411
f 4534//9412 4516//9412 4918//9412
f 4898//9413 4900//9413 4873//9413
f 4922//9414 4900//9414 4898//9414
f 4927//9415 4941//9415 4918//9415
f 4889//9416 4920//9416 4901//9416
f 4909//9417 4920//9417 4889//9417
f 4927//9418 4914//9418 4926//9418
f 4576//9419 4586//9419 4458//9419
f 4633//9420 4936//9420 4919//9420
f 4919//9421 4936//9421 4926//9421
f 4913//9422 4518//9422 4935//9422
f 4872//9423 4949//9423 4945//9423
f 4939//9424 4555//9424 4941//9424
f 4720//9425 4949//9425 4872//9425
f 4553//9426 4939//9426 4937//9426
f 4518//9427 4517//9427 4561//9427
f 4547//9428 4983//9428 4545//9428
f 4545//9429 4983//9429 4947//9429
f 4576//9430 4532//9430 4551//9430
f 4947//9431 4983//9431 4952//9431
f 4948//9432 4539//9432 4530//9432
f 4953//9433 4959//9433 4548//9433
f 4538//9434 4539//9434 4948//9434
f 4613//9435 4968//9435 4767//9435
f 4612//9436 4968//9436 4613//9436
f 4614//9437 4628//9437 4615//9437
f 4650//9438 4628//9438 4623//9438
f 4651//9439 4615//9439 4628//9439
f 4651//9440 4628//9440 4650//9440
f 4973//9441 4965//9441 4767//9441
f 4977//9442 4550//9442 4557//9442
f 4968//9443 4971//9443 4767//9443
f 4549//9444 4550//9444 4977//9444
f 4767//9445 4971//9445 4973//9445
f 4966//9446 4971//9446 4968//9446
f 4965//9447 4782//9447 4638//9447
f 4973//9448 4971//9448 4655//9448
f 4922//9449 4516//9449 4518//9449
f 4973//9450 4975//9450 4974//9450
f 4973//9451 4655//9451 4975//9451
f 4541//9452 4543//9452 4549//9452
f 4651//9453 4527//9453 4644//9453
f 4644//9454 4527//9454 4529//9454
f 4679//9455 4975//9455 4655//9455
f 4699//9456 4719//9456 4677//9456
f 4648//9457 4719//9457 4866//9457
f 4677//9458 4719//9458 4648//9458
f 4644//9459 4529//9459 4656//9459
f 4679//9460 4847//9460 4975//9460
f 4941//9461 4535//9461 4918//9461
f 4828//9462 4793//9462 4690//9462
f 4690//9463 4793//9463 4672//9463
f 4918//9464 4535//9464 4534//9464
f 4675//9465 4528//9465 4527//9465
f 4684//9466 4689//9466 4665//9466
f 4949//9467 4951//9467 4945//9467
f 4714//9468 4682//9468 4683//9468
f 4732//9469 4709//9469 4690//9469
f 4535//9470 4941//9470 4555//9470
f 4696//9471 4726//9471 4979//9471
f 4632//9472 4546//9472 4938//9472
f 4979//9473 4726//9473 4513//9473
f 4515//9474 4513//9474 4760//9474
f 4984//9475 4985//9475 2396//9475
f 4986//9476 4984//9476 4987//9476
f 4985//9477 4984//9477 4988//9477
f 4989//9478 4990//9478 4991//9478
f 4992//9479 4993//9479 4994//9479
f 4995//9480 4996//9480 4821//9480
f 4997//9481 4998//9481 4999//9481
f 5000//9482 4994//9482 4993//9482
f 5001//9483 2393//9483 2404//9483
f 5002//9484 5003//9484 5004//9484
f 2396//9485 2393//9485 5001//9485
f 4984//9486 4986//9486 4988//9486
f 4990//9487 5005//9487 4993//9487
f 4987//9488 4984//9488 5001//9488
f 4996//9489 4997//9489 5006//9489
f 4994//9490 5007//9490 5008//9490
f 4989//9491 5005//9491 4990//9491
f 5009//9492 5002//9492 5004//9492
f 5008//9493 5007//9493 5009//9493
f 4993//9494 5005//9494 5000//9494
f 5010//9495 5011//9495 4991//9495
f 5012//9496 5011//9496 5013//9496
f 5014//9497 5015//9497 4998//9497
f 4986//9498 5012//9498 5013//9498
f 4821//9499 4996//9499 4832//9499
f 5016//9500 5017//9500 5003//9500
f 4991//9501 5018//9501 4989//9501
f 4986//9502 4987//9502 5019//9502
f 5011//9503 5018//9503 4991//9503
f 5009//9504 5007//9504 5002//9504
f 4986//9505 5019//9505 5012//9505
f 4997//9506 5020//9506 5006//9506
f 4999//9507 5020//9507 4997//9507
f 4996//9508 5006//9508 5021//9508
f 5022//9509 5006//9509 5020//9509
f 5021//9510 5006//9510 5022//9510
f 4989//9511 5023//9511 5005//9511
f 5016//9512 5024//9512 5017//9512
f 4994//9513 5000//9513 5007//9513
f 5019//9514 4987//9514 5025//9514
f 5019//9515 5026//9515 5012//9515
f 5002//9516 5007//9516 5027//9516
f 5018//9517 5028//9517 4989//9517
f 2404//9518 4987//9518 5001//9518
f 5018//9519 5029//9519 5028//9519
f 5025//9520 4987//9520 2404//9520
f 5005//9521 5023//9521 5000//9521
f 5002//9522 5016//9522 5003//9522
f 5019//9523 5030//9523 5026//9523
f 5031//9524 5030//9524 5019//9524
f 5000//9525 5032//9525 5007//9525
f 4989//9526 5028//9526 5023//9526
f 5027//9527 5016//9527 5002//9527
f 5026//9528 5030//9528 5033//9528
f 5020//9529 5034//9529 5022//9529
f 5028//9530 5035//9530 5023//9530
f 5021//9531 5036//9531 4837//9531
f 5029//9532 5035//9532 5028//9532
f 5037//9533 5032//9533 5023//9533
f 5023//9534 5032//9534 5000//9534
f 5023//9535 5035//9535 5037//9535
f 4837//9536 5036//9536 4854//9536
f 5038//9537 5039//9537 5040//9537
f 5025//9538 5031//9538 5019//9538
f 3767//9539 5041//9539 5030//9539
f 5022//9540 5034//9540 5042//9540
f 5022//9541 5042//9541 5036//9541
f 5038//9542 5043//9542 5034//9542
f 5044//9543 5037//9543 5035//9543
f 5045//9544 5038//9544 5046//9544
f 5025//9545 5047//9545 5031//9545
f 5037//9546 5044//9546 5048//9546
f 5034//9547 5043//9547 5042//9547
f 5026//9548 5049//9548 5018//9548
f 3771//9549 5041//9549 3767//9549
f 5036//9550 5042//9550 4867//9550
f 4867//9551 5042//9551 5050//9551
f 5036//9552 4867//9552 4854//9552
f 5032//9553 5051//9553 5007//9553
f 5007//9554 5051//9554 5027//9554
f 3771//9555 5033//9555 5041//9555
f 3762//9556 5047//9556 3763//9556
f 3762//9557 5031//9557 5047//9557
f 5018//9558 5049//9558 5029//9558
f 5044//9559 5052//9559 5048//9559
f 5027//9560 5053//9560 5016//9560
f 5016//9561 5053//9561 5024//9561
f 5042//9562 5043//9562 5054//9562
f 5037//9563 5051//9563 5032//9563
f 5048//9564 5051//9564 5037//9564
f 3771//9565 5055//9565 5033//9565
f 5056//9566 5052//9566 5044//9566
f 5042//9567 5054//9567 5050//9567
f 3762//9568 5030//9568 5031//9568
f 5024//9569 5053//9569 5039//9569
f 3773//9570 5055//9570 3771//9570
f 5026//9571 5033//9571 5049//9571
f 5038//9572 5045//9572 5043//9572
f 5043//9573 5045//9573 5057//9573
f 5048//9574 5052//9574 5058//9574
f 5057//9575 5045//9575 5046//9575
f 5050//9576 5054//9576 5059//9576
f 3767//9577 5030//9577 3762//9577
f 3773//9578 5060//9578 5055//9578
f 4867//9579 5050//9579 4871//9579
f 5061//9580 5050//9580 5062//9580
f 5057//9581 5059//9581 5054//9581
f 5063//9582 5053//9582 5027//9582
f 5033//9583 5055//9583 5049//9583
f 5056//9584 5058//9584 5052//9584
f 5053//9585 5040//9585 5039//9585
f 5051//9586 5064//9586 5027//9586
f 5060//9587 5065//9587 5066//9587
f 4871//9588 5061//9588 4891//9588
f 5067//9589 5059//9589 5057//9589
f 3773//9590 5065//9590 5060//9590
f 3772//9591 5065//9591 3773//9591
f 5049//9592 5068//9592 5029//9592
f 5048//9593 5069//9593 5051//9593
f 5063//9594 5040//9594 5053//9594
f 5029//9595 5068//9595 5035//9595
f 5051//9596 5069//9596 5064//9596
f 5070//9597 5071//9597 5056//9597
f 5056//9598 5071//9598 5058//9598
f 5058//9599 5069//9599 5048//9599
f 5062//9600 4891//9600 5061//9600
f 3772//9601 5066//9601 5065//9601
f 3775//9602 5066//9602 3772//9602
f 5040//9603 5046//9603 5038//9603
f 5049//9604 5055//9604 5068//9604
f 5067//9605 5072//9605 5059//9605
f 5071//9606 5073//9606 5074//9606
f 5075//9607 4894//9607 4891//9607
f 5070//9608 5073//9608 5071//9608
f 3775//9609 5076//9609 5066//9609
f 5055//9610 5060//9610 5068//9610
f 5064//9611 5077//9611 5027//9611
f 5027//9612 5077//9612 5063//9612
f 5035//9613 5068//9613 5044//9613
f 5058//9614 5064//9614 5069//9614
f 3775//9615 5078//9615 5076//9615
f 3777//9616 5078//9616 3775//9616
f 5076//9617 5078//9617 5079//9617
f 5063//9618 5046//9618 5040//9618
f 5080//9619 5081//9619 5067//9619
f 5073//9620 5082//9620 5074//9620
f 5068//9621 5083//9621 5044//9621
f 5084//9622 5082//9622 5073//9622
f 5078//9623 5085//9623 5079//9623
f 5071//9624 5064//9624 5058//9624
f 3777//9625 5085//9625 5078//9625
f 5071//9626 5077//9626 5064//9626
f 5086//9627 5080//9627 5067//9627
f 5087//9628 5082//9628 5084//9628
f 3776//9629 5085//9629 3777//9629
f 5068//9630 5066//9630 5083//9630
f 5060//9631 5066//9631 5068//9631
f 4894//9632 5088//9632 4896//9632
f 5079//9633 5085//9633 5089//9633
f 5077//9634 5090//9634 5063//9634
f 5082//9635 5087//9635 5091//9635
f 5092//9636 5046//9636 5063//9636
f 5080//9637 5093//9637 5081//9637
f 4896//9638 5088//9638 4905//9638
f 5044//9639 5083//9639 5056//9639
f 3776//9640 5089//9640 5085//9640
f 5074//9641 5077//9641 5071//9641
f 5087//9642 5094//9642 5091//9642
f 5050//9643 5059//9643 5062//9643
f 3778//9644 5095//9644 3776//9644
f 3776//9645 5095//9645 5089//9645
f 5096//9646 5097//9646 5080//9646
f 5098//9647 5094//9647 5087//9647
f 5066//9648 5076//9648 5083//9648
f 5077//9649 5074//9649 5090//9649
f 5097//9650 5099//9650 5093//9650
f 5090//9651 5100//9651 5063//9651
f 5046//9652 5101//9652 5057//9652
f 5083//9653 5076//9653 5056//9653
f 5057//9654 5101//9654 5067//9654
f 5093//9655 5099//9655 5102//9655
f 5102//9656 4917//9656 4905//9656
f 5063//9657 5100//9657 5092//9657
f 2498//9658 2507//9658 2499//9658
f 5090//9659 5074//9659 5100//9659
f 5094//9660 5098//9660 5103//9660
f 5095//9661 3759//9661 5104//9661
f 3778//9662 3759//9662 5095//9662
f 5099//9663 5105//9663 5102//9663
f 5106//9664 4921//9664 4917//9664
f 5056//9665 5079//9665 5070//9665
f 5107//9666 5103//9666 5098//9666
f 2507//9667 2510//9667 5108//9667
f 3759//9668 3782//9668 5104//9668
f 5092//9669 5101//9669 5046//9669
f 5056//9670 5076//9670 5079//9670
f 5104//9671 3782//9671 5107//9671
f 5082//9672 5100//9672 5074//9672
f 5109//9673 5103//9673 5110//9673
f 5111//9674 5103//9674 5107//9674
f 2510//9675 5112//9675 5108//9675
f 5113//9676 4921//9676 5106//9676
f 5111//9677 5110//9677 5103//9677
f 3782//9678 5114//9678 5107//9678
f 5062//9679 5081//9679 5075//9679
f 5086//9680 5101//9680 5092//9680
f 5113//9681 4928//9681 4921//9681
f 5100//9682 5115//9682 5092//9682
f 3758//9683 5114//9683 3782//9683
f 5079//9684 5084//9684 5070//9684
f 5111//9685 5116//9685 5110//9685
f 5117//9686 5118//9686 5119//9686
f 5120//9687 5116//9687 5111//9687
f 5121//9688 4928//9688 5113//9688
f 3758//9689 5122//9689 5114//9689
f 5091//9690 5100//9690 5082//9690
f 5070//9691 5084//9691 5073//9691
f 5121//9692 4934//9692 4928//9692
f 5120//9693 5123//9693 5116//9693
f 5117//9694 5124//9694 5118//9694
f 5125//9695 5124//9695 5117//9695
f 3761//9696 5122//9696 3758//9696
f 5126//9697 5122//9697 3761//9697
f 5127//9698 5123//9698 5120//9698
f 5128//9699 4934//9699 5121//9699
f 5129//9700 5124//9700 5125//9700
f 5130//9701 5123//9701 5127//9701
f 5131//9702 5123//9702 5130//9702
f 5128//9703 4942//9703 4934//9703
f 4944//9704 4942//9704 5128//9704
f 5128//9705 5129//9705 5132//9705
f 4958//9706 5133//9706 5134//9706
f 4956//9707 5133//9707 4958//9707
f 5100//9708 5091//9708 5115//9708
f 3770//9709 5135//9709 3774//9709
f 4959//9710 4960//9710 5136//9710
f 5101//9711 5086//9711 5067//9711
f 5092//9712 5115//9712 5086//9712
f 5137//9713 5134//9713 5138//9713
f 5137//9714 4960//9714 4958//9714
f 5136//9715 4960//9715 5139//9715
f 5079//9716 5089//9716 5084//9716
f 5139//9717 3769//9717 5140//9717
f 5140//9718 3769//9718 3768//9718
f 4575//9719 5141//9719 5142//9719
f 3764//9720 5141//9720 5143//9720
f 5108//9721 5144//9721 5145//9721
f 5146//9722 5144//9722 5108//9722
f 5145//9723 5144//9723 5147//9723
f 5147//9724 4783//9724 4785//9724
f 2674//9725 5148//9725 2514//9725
f 2514//9726 5148//9726 2510//9726
f 5086//9727 5096//9727 5080//9727
f 5149//9728 5144//9728 5150//9728
f 5112//9729 5151//9729 5150//9729
f 5147//9730 5149//9730 4783//9730
f 5144//9731 5149//9731 5147//9731
f 5152//9732 5096//9732 5086//9732
f 5151//9733 5148//9733 5153//9733
f 5115//9734 5154//9734 5086//9734
f 4783//9735 5149//9735 5155//9735
f 5089//9736 5095//9736 5084//9736
f 5151//9737 5156//9737 5150//9737
f 5153//9738 5156//9738 5151//9738
f 5084//9739 5104//9739 5087//9739
f 5091//9740 5154//9740 5115//9740
f 5094//9741 5154//9741 5091//9741
f 4783//9742 5155//9742 4787//9742
f 5084//9743 5095//9743 5104//9743
f 5157//9744 5158//9744 5153//9744
f 5086//9745 5154//9745 5152//9745
f 5093//9746 5102//9746 5088//9746
f 5153//9747 5159//9747 5156//9747
f 5153//9748 5158//9748 5159//9748
f 5103//9749 5154//9749 5094//9749
f 5159//9750 5158//9750 5160//9750
f 4787//9751 5155//9751 5161//9751
f 5161//9752 5155//9752 5162//9752
f 5163//9753 5159//9753 5164//9753
f 5157//9754 5160//9754 5158//9754
f 5165//9755 5096//9755 5152//9755
f 5166//9756 5160//9756 5157//9756
f 5167//9757 5166//9757 2677//9757
f 2677//9758 5166//9758 5168//9758
f 4787//9759 5161//9759 4794//9759
f 5096//9760 5169//9760 5097//9760
f 5087//9761 5104//9761 5098//9761
f 5154//9762 5109//9762 5152//9762
f 5166//9763 5170//9763 5160//9763
f 5165//9764 5169//9764 5096//9764
f 5171//9765 5172//9765 5173//9765
f 4794//9766 5174//9766 4804//9766
f 5103//9767 5109//9767 5154//9767
f 2676//9768 5175//9768 5176//9768
f 5176//9769 5175//9769 5167//9769
f 5177//9770 5167//9770 5175//9770
f 5170//9771 5167//9771 5177//9771
f 5152//9772 5109//9772 5165//9772
f 5177//9773 5178//9773 5170//9773
f 5179//9774 5171//9774 5180//9774
f 5181//9775 5182//9775 4988//9775
f 4988//9776 5182//9776 2399//9776
f 5109//9777 5183//9777 5165//9777
f 5175//9778 5010//9778 5177//9778
f 5181//9779 5010//9779 5175//9779
f 5097//9780 5169//9780 5099//9780
f 5110//9781 5183//9781 5109//9781
f 5014//9782 5184//9782 5172//9782
f 4988//9783 5013//9783 5181//9783
f 5119//9784 5106//9784 5102//9784
f 5102//9785 5106//9785 4917//9785
f 5181//9786 5013//9786 5010//9786
f 5010//9787 4991//9787 5177//9787
f 5104//9788 5107//9788 5098//9788
f 4996//9789 4995//9789 4997//9789
f 5014//9790 4998//9790 5184//9790
f 5179//9791 5003//9791 5014//9791
f 4986//9792 5013//9792 4988//9792
f 5010//9793 5013//9793 5011//9793
f 5169//9794 5185//9794 5105//9794
f 5165//9795 5185//9795 5169//9795
f 2404//9796 5047//9796 5025//9796
f 5015//9797 4999//9797 4998//9797
f 5105//9798 5185//9798 5119//9798
f 2404//9799 3763//9799 5047//9799
f 2610//9800 3763//9800 2404//9800
f 2418//9801 2610//9801 2419//9801
f 5014//9802 5017//9802 5015//9802
f 5021//9803 4837//9803 4832//9803
f 5116//9804 5183//9804 5110//9804
f 4832//9805 4996//9805 5021//9805
f 3763//9806 2610//9806 2418//9806
f 5015//9807 5020//9807 4999//9807
f 5039//9808 5017//9808 5024//9808
f 5039//9809 5015//9809 5017//9809
f 5015//9810 5034//9810 5020//9810
f 5036//9811 5021//9811 5022//9811
f 5033//9812 5030//9812 5041//9812
f 5038//9813 5015//9813 5039//9813
f 5015//9814 5038//9814 5034//9814
f 5119//9815 5118//9815 5106//9815
f 5116//9816 5186//9816 5183//9816
f 5183//9817 5186//9817 5165//9817
f 5043//9818 5057//9818 5054//9818
f 5165//9819 5186//9819 5185//9819
f 5050//9820 5061//9820 4871//9820
f 5059//9821 5072//9821 5062//9821
f 5062//9822 5075//9822 4891//9822
f 5118//9823 5113//9823 5106//9823
f 5067//9824 5081//9824 5072//9824
f 5072//9825 5081//9825 5062//9825
f 5075//9826 5081//9826 5093//9826
f 5075//9827 5088//9827 4894//9827
f 5114//9828 5122//9828 5107//9828
f 5107//9829 5122//9829 5111//9829
f 5075//9830 5093//9830 5088//9830
f 5185//9831 5187//9831 5119//9831
f 5080//9832 5097//9832 5093//9832
f 5088//9833 5102//9833 4905//9833
f 5119//9834 5102//9834 5105//9834
f 5169//9835 5105//9835 5099//9835
f 4955//9836 5133//9836 4956//9836
f 5146//9837 5112//9837 5150//9837
f 5119//9838 5187//9838 5117//9838
f 5163//9839 5188//9839 5156//9839
f 5155//9840 5149//9840 5188//9840
f 5186//9841 5189//9841 5185//9841
f 5173//9842 5188//9842 5163//9842
f 5159//9843 5190//9843 5164//9843
f 5123//9844 5189//9844 5116//9844
f 5116//9845 5189//9845 5186//9845
f 5172//9846 5191//9846 5162//9846
f 5162//9847 5191//9847 5161//9847
f 5164//9848 5190//9848 5171//9848
f 5184//9849 4998//9849 4997//9849
f 5179//9850 5004//9850 5003//9850
f 5014//9851 5003//9851 5017//9851
f 5185//9852 5189//9852 5187//9852
f 5018//9853 5012//9853 5026//9853
f 3769//9854 5138//9854 3770//9854
f 5141//9855 4573//9855 5143//9855
f 4575//9856 4573//9856 5141//9856
f 5011//9857 5012//9857 5018//9857
f 5111//9858 5122//9858 5126//9858
f 5138//9859 3769//9859 5139//9859
f 5111//9860 5126//9860 5120//9860
f 5118//9861 5124//9861 5113//9861
f 5124//9862 5121//9862 5113//9862
f 5192//9863 5117//9863 5187//9863
f 5189//9864 5192//9864 5187//9864
f 5123//9865 5131//9865 5189//9865
f 5131//9866 5192//9866 5189//9866
f 5126//9867 5127//9867 5120//9867
f 3761//9868 5127//9868 5126//9868
f 5192//9869 5125//9869 5117//9869
f 5193//9870 5125//9870 5192//9870
f 5124//9871 5129//9871 5121//9871
f 5129//9872 5128//9872 5121//9872
f 5125//9873 5132//9873 5129//9873
f 3783//9874 5127//9874 3761//9874
f 5193//9875 5132//9875 5125//9875
f 5131//9876 5193//9876 5192//9876
f 5194//9877 5193//9877 5131//9877
f 5195//9878 5128//9878 5132//9878
f 3783//9879 5130//9879 5127//9879
f 5193//9880 5194//9880 5132//9880
f 5132//9881 5196//9881 5195//9881
f 5130//9882 5197//9882 5131//9882
f 5131//9883 5197//9883 5194//9883
f 5132//9884 5194//9884 5196//9884
f 5198//9885 5199//9885 5195//9885
f 5128//9886 5199//9886 4944//9886
f 5195//9887 5199//9887 5128//9887
f 5194//9888 5200//9888 5196//9888
f 3783//9889 5197//9889 5130//9889
f 3760//9890 5197//9890 3783//9890
f 4944//9891 5199//9891 4546//9891
f 5200//9892 5195//9892 5196//9892
f 5194//9893 5201//9893 5200//9893
f 5197//9894 5201//9894 5194//9894
f 5199//9895 4544//9895 4546//9895
f 5200//9896 5198//9896 5195//9896
f 5198//9897 4544//9897 5199//9897
f 5202//9898 4544//9898 5198//9898
f 3760//9899 5201//9899 5197//9899
f 3757//9900 5201//9900 3760//9900
f 5200//9901 5203//9901 5198//9901
f 5204//9902 4547//9902 5202//9902
f 5202//9903 4547//9903 4544//9903
f 5204//9904 5202//9904 5198//9904
f 5204//9905 5203//9905 5205//9905
f 5198//9906 5203//9906 5204//9906
f 5201//9907 5206//9907 5200//9907
f 5200//9908 5206//9908 5203//9908
f 5204//9909 4983//9909 4547//9909
f 5207//9910 4983//9910 5204//9910
f 3780//9911 5206//9911 3757//9911
f 3757//9912 5206//9912 5201//9912
f 5207//9913 5204//9913 5208//9913
f 4983//9914 5209//9914 4952//9914
f 5207//9915 5209//9915 4983//9915
f 5204//9916 5205//9916 5208//9916
f 5206//9917 5205//9917 5203//9917
f 5208//9918 5210//9918 5207//9918
f 3780//9919 5205//9919 5206//9919
f 3781//9920 5205//9920 3780//9920
f 5210//9921 4952//9921 5207//9921
f 5207//9922 4952//9922 5209//9922
f 5205//9923 5211//9923 5208//9923
f 5212//9924 4952//9924 5210//9924
f 3781//9925 5211//9925 5205//9925
f 5212//9926 4955//9926 4952//9926
f 5208//9927 5211//9927 5210//9927
f 5210//9928 5213//9928 5212//9928
f 5211//9929 5213//9929 5210//9929
f 3779//9930 5213//9930 3781//9930
f 3781//9931 5213//9931 5211//9931
f 5133//9932 4955//9932 5212//9932
f 5212//9933 5135//9933 5133//9933
f 5212//9934 5213//9934 5135//9934
f 3774//9935 5213//9935 3779//9935
f 3774//9936 5135//9936 5213//9936
f 4958//9937 5134//9937 5137//9937
f 5135//9938 5134//9938 5133//9938
f 5135//9939 5138//9939 5134//9939
f 3770//9940 5138//9940 5135//9940
f 4959//9941 5136//9941 4572//9941
f 4572//9942 5136//9942 4574//9942
f 5214//9943 4574//9943 5136//9943
f 5137//9944 5139//9944 4960//9944
f 5137//9945 5138//9945 5139//9945
f 5140//9946 3766//9946 5214//9946
f 3768//9947 3766//9947 5140//9947
f 3766//9948 5143//9948 5214//9948
f 5139//9949 5140//9949 5136//9949
f 3766//9950 3764//9950 5143//9950
f 4575//9951 5142//9951 2327//9951
f 5140//9952 5214//9952 5136//9952
f 5108//9953 5145//9953 2507//9953
f 2507//9954 5145//9954 2499//9954
f 2499//9955 5145//9955 4785//9955
f 5214//9956 4573//9956 4574//9956
f 5214//9957 5143//9957 4573//9957
f 5146//9958 5108//9958 5112//9958
f 5145//9959 5147//9959 4785//9959
f 3765//9960 5141//9960 3764//9960
f 5144//9961 5146//9961 5150//9961
f 3765//9962 5142//9962 5141//9962
f 2327//9963 3765//9963 2329//9963
f 5142//9964 3765//9964 2327//9964
f 5153//9965 5148//9965 2674//9965
f 2329//9966 3765//9966 2328//9966
f 5188//9967 5149//9967 5150//9967
f 5156//9968 5188//9968 5150//9968
f 2510//9969 5148//9969 5112//9969
f 2675//9970 5168//9970 2674//9970
f 2674//9971 5168//9971 5153//9971
f 5153//9972 5168//9972 5157//9972
f 5112//9973 5148//9973 5151//9973
f 5162//9974 5155//9974 5188//9974
f 5159//9975 5163//9975 5156//9975
f 2594//9976 5168//9976 2675//9976
f 5173//9977 5162//9977 5188//9977
f 2594//9978 2677//9978 5168//9978
f 2600//9979 2677//9979 2594//9979
f 5168//9980 5166//9980 5157//9980
f 5163//9981 5164//9981 5173//9981
f 5172//9982 5162//9982 5173//9982
f 5160//9983 5190//9983 5159//9983
f 2677//9984 2676//9984 5176//9984
f 5215//9985 5190//9985 5160//9985
f 5164//9986 5171//9986 5173//9986
f 2677//9987 5176//9987 5167//9987
f 5167//9988 5170//9988 5166//9988
f 5161//9989 5174//9989 4794//9989
f 5170//9990 5215//9990 5160//9990
f 5161//9991 5191//9991 5174//9991
f 5174//9992 5191//9992 5184//9992
f 2385//9993 5182//9993 2676//9993
f 5215//9994 5180//9994 5190//9994
f 5172//9995 5184//9995 5191//9995
f 5171//9996 5179//9996 5172//9996
f 5170//9997 4992//9997 5215//9997
f 5171//9998 5190//9998 5180//9998
f 2676//9999 5181//9999 5175//9999
f 5182//10000 5181//10000 2676//10000
f 5184//10001 4995//10001 5174//10001
f 2385//10002 2399//10002 5182//10002
f 5179//10003 5180//10003 5004//10003
f 5215//10004 4992//10004 5180//10004
f 5178//10005 4993//10005 5170//10005
f 5177//10006 4990//10006 5178//10006
f 4990//10007 4993//10007 5178//10007
f 5170//10008 4993//10008 4992//10008
f 4988//10009 2399//10009 4985//10009
f 4997//10010 4995//10010 5184//10010
f 4804//10011 4995//10011 4821//10011
f 5179//10012 5014//10012 5172//10012
f 5174//10013 4995//10013 4804//10013
f 5180//10014 5009//10014 5004//10014
f 5177//10015 4991//10015 4990//10015
f 5180//10016 5008//10016 5009//10016
f 4992//10017 5008//10017 5180//10017
f 4994//10018 5008//10018 4992//10018
f 2396//10019 4985//10019 2399//10019
f 4984//10020 2396//10020 5001//10020
f 5216//10021 5217//10021 5218//10021
f 5216//10022 5219//10022 5217//10022
f 5220//10023 5221//10023 5222//10023
f 5223//10024 5224//10024 5225//10024
f 5226//10025 4501//10025 2361//10025
f 5227//10026 5228//10026 5229//10026
f 3923//10027 3910//10027 5230//10027
f 3923//10028 5230//10028 5231//10028
f 5232//10029 5217//10029 5233//10029
f 5217//10030 5232//10030 5218//10030
f 5234//10031 5235//10031 5236//10031
f 5234//10032 5236//10032 5237//10032
f 3880//10033 3898//10033 5238//10033
f 5217//10034 5239//10034 5233//10034
f 5240//10035 5241//10035 5242//10035
f 3910//10036 3907//10036 5243//10036
f 5244//10037 3879//10037 5245//10037
f 5246//10038 5226//10038 2361//10038
f 3880//10039 5238//10039 5245//10039
f 5240//10040 5242//10040 5247//10040
f 5248//10041 5249//10041 5250//10041
f 5251//10042 5229//10042 5252//10042
f 5248//10043 5253//10043 5249//10043
f 5251//10044 5227//10044 5229//10044
f 5254//10045 5222//10045 5228//10045
f 5220//10046 5234//10046 5237//10046
f 3914//10047 3923//10047 5231//10047
f 3914//10048 5231//10048 5235//10048
f 5255//10049 5216//10049 5218//10049
f 5246//10050 2361//10050 2360//10050
f 5256//10051 5240//10051 5247//10051
f 3879//10052 3880//10052 5245//10052
f 5254//10053 5228//10053 5227//10053
f 3904//10054 5244//10054 5257//10054
f 5256//10055 5247//10055 5258//10055
f 5259//10056 5251//10056 5252//10056
f 3867//10057 3914//10057 5235//10057
f 5240//10058 5260//10058 5241//10058
f 5261//10059 5246//10059 2360//10059
f 1722//10060 5256//10060 5258//10060
f 1722//10061 5258//10061 1654//10061
f 5259//10062 5252//10062 5262//10062
f 5263//10063 5264//10063 5265//10063
f 5263//10064 5265//10064 5266//10064
f 5254//10065 5220//10065 5222//10065
f 3867//10066 5235//10066 5234//10066
f 3881//10067 3879//10067 5244//10067
f 5261//10068 2360//10068 4504//10068
f 5267//10069 5250//10069 5268//10069
f 3868//10070 3867//10070 5234//10070
f 5263//10071 5266//10071 5269//10071
f 5256//10072 5270//10072 5240//10072
f 5270//10073 5260//10073 5240//10073
f 3886//10074 5257//10074 5219//10074
f 3886//10075 3904//10075 5257//10075
f 5271//10076 5259//10076 5262//10076
f 5271//10077 5262//10077 5260//10077
f 3881//10078 5244//10078 3904//10078
f 5272//10079 5261//10079 4504//10079
f 3873//10080 3868//10080 5234//10080
f 3873//10081 5234//10081 5220//10081
f 5273//10082 5219//10082 5216//10082
f 5274//10083 5275//10083 5226//10083
f 5276//10084 5254//10084 5227//10084
f 5277//10085 5216//10085 5255//10085
f 5277//10086 5255//10086 5278//10086
f 5279//10087 5267//10087 5268//10087
f 5280//10088 5263//10088 5269//10088
f 5281//10089 5271//10089 5260//10089
f 5282//10090 5277//10090 5278//10090
f 5282//10091 5278//10091 5264//10091
f 3875//10092 3873//10092 5220//10092
f 5283//10093 5276//10093 5227//10093
f 5284//10094 5274//10094 5226//10094
f 5285//10095 5270//10095 5256//10095
f 3876//10096 5220//10096 5254//10096
f 3876//10097 3875//10097 5220//10097
f 5273//10098 3886//10098 5219//10098
f 5283//10099 5227//10099 5251//10099
f 5286//10100 5279//10100 5268//10100
f 5286//10101 5268//10101 5287//10101
f 5285//10102 5256//10102 1722//10102
f 5288//10103 5282//10103 5264//10103
f 5289//10104 5259//10104 5271//10104
f 5290//10105 5283//10105 5251//10105
f 5288//10106 5264//10106 5263//10106
f 1743//10107 5285//10107 1722//10107
f 5291//10108 5272//10108 4504//10108
f 5291//10109 4504//10109 4505//10109
f 3920//10110 5254//10110 5276//10110
f 3920//10111 3876//10111 5254//10111
f 5284//10112 5226//10112 5246//10112
f 5290//10113 5251//10113 5259//10113
f 5292//10114 5280//10114 5253//10114
f 5289//10115 5290//10115 5259//10115
f 5283//10116 3920//10116 5276//10116
f 5261//10117 5284//10117 5246//10117
f 5274//10118 5286//10118 5287//10118
f 3909//10119 5273//10119 5216//10119
f 5293//10120 5281//10120 5270//10120
f 3909//10121 3886//10121 5273//10121
f 5294//10122 5289//10122 5271//10122
f 3924//10123 5283//10123 5290//10123
f 5295//10124 5293//10124 5270//10124
f 3922//10125 3920//10125 5283//10125
f 5296//10126 5291//10126 4505//10126
f 5295//10127 5285//10127 1743//10127
f 5296//10128 4505//10128 2355//10128
f 5295//10129 5270//10129 5285//10129
f 5293//10130 5294//10130 5271//10130
f 5293//10131 5271//10131 5281//10131
f 3911//10132 3909//10132 5216//10132
f 3884//10133 3924//10133 5290//10133
f 3884//10134 5290//10134 5289//10134
f 5297//10135 5298//10135 4488//10135
f 3924//10136 3922//10136 5283//10136
f 3885//10137 3884//10137 5289//10137
f 5299//10138 5297//10138 2321//10138
f 3885//10139 5289//10139 5294//10139
f 5296//10140 2355//10140 4506//10140
f 3891//10141 5216//10141 5277//10141
f 5300//10142 2321//10142 2319//10142
f 3891//10143 3911//10143 5216//10143
f 5300//10144 5299//10144 2321//10144
f 5301//10145 5261//10145 5272//10145
f 3863//10146 3885//10146 5294//10146
f 3863//10147 5294//10147 5293//10147
f 5302//10148 5295//10148 1743//10148
f 5300//10149 2319//10149 4490//10149
f 5302//10150 1743//10150 1758//10150
f 3872//10151 3863//10151 5293//10151
f 5303//10152 5304//10152 5298//10152
f 3891//10153 5277//10153 5305//10153
f 5306//10154 5296//10154 4506//10154
f 5303//10155 5298//10155 5297//10155
f 3872//10156 5293//10156 5295//10156
f 5225//10157 5300//10157 4490//10157
f 5302//10158 1758//10158 1773//10158
f 5225//10159 4490//10159 2317//10159
f 3870//10160 3872//10160 5295//10160
f 5307//10161 5288//10161 5263//10161
f 3872//10162 3860//10162 3863//10162
f 5302//10163 3870//10163 5295//10163
f 5308//10164 5303//10164 5297//10164
f 5308//10165 5297//10165 5299//10165
f 5302//10166 1773//10166 1789//10166
f 5309//10167 5284//10167 5261//10167
f 3870//10168 5302//10168 1789//10168
f 5297//10169 4488//10169 2321//10169
f 5310//10170 5225//10170 2317//10170
f 5310//10171 2317//10171 2314//10171
f 5306//10172 4506//10172 4508//10172
f 5311//10173 5280//10173 5292//10173
f 5225//10174 5224//10174 5300//10174
f 5224//10175 5312//10175 5300//10175
f 5310//10176 5313//10176 5223//10176
f 5303//10177 5314//10177 5304//10177
f 5279//10178 5315//10178 5267//10178
f 5312//10179 5299//10179 5300//10179
f 5307//10180 5263//10180 5280//10180
f 5312//10181 5308//10181 5299//10181
f 5316//10182 5313//10182 5310//10182
f 4494//10183 5317//10183 4493//10183
f 5318//10184 5317//10184 4494//10184
f 5318//10185 5319//10185 5317//10185
f 5320//10186 5306//10186 4508//10186
f 5321//10187 5322//10187 5323//10187
f 5324//10188 5317//10188 5319//10188
f 5316//10189 5310//10189 2314//10189
f 5316//10190 2314//10190 4491//10190
f 5325//10191 4498//10191 2299//10191
f 5326//10192 5301//10192 5272//10192
f 5326//10193 5272//10193 5291//10193
f 5324//10194 5319//10194 5265//10194
f 5327//10195 5323//10195 5245//10195
f 5328//10196 5329//10196 5325//10196
f 5330//10197 5324//10197 5265//10197
f 5330//10198 5331//10198 5324//10198
f 5328//10199 5325//10199 5332//10199
f 5332//10200 5268//10200 5328//10200
f 5250//10201 5329//10201 5328//10201
f 5303//10202 5333//10202 5314//10202
f 5320//10203 4508//10203 4510//10203
f 5301//10204 5309//10204 5261//10204
f 5334//10205 4491//10205 4493//10205
f 5330//10206 5264//10206 5278//10206
f 5250//10207 5267//10207 5248//10207
f 5334//10208 5316//10208 4491//10208
f 5248//10209 5315//10209 5292//10209
f 5317//10210 5334//10210 4493//10210
f 5292//10211 5335//10211 5311//10211
f 5335//10212 5336//10212 5311//10212
f 5336//10213 5335//10213 3918//10213
f 5337//10214 5320//10214 4510//10214
f 5338//10215 5312//10215 5224//10215
f 5339//10216 5291//10216 5296//10216
f 5225//10217 5310//10217 5223//10217
f 5339//10218 5326//10218 5291//10218
f 5321//10219 5333//10219 5303//10219
f 5340//10220 5341//10220 5274//10220
f 5340//10221 5274//10221 5284//10221
f 5342//10222 5335//10222 5315//10222
f 3889//10223 3891//10223 5305//10223
f 3889//10224 5305//10224 5343//10224
f 5337//10225 4510//10225 4511//10225
f 4498//10226 5325//10226 5329//10226
f 4498//10227 5329//10227 4497//10227
f 3915//10228 5343//10228 5288//10228
f 5322//10229 5321//10229 5303//10229
f 3915//10230 5288//10230 5307//10230
f 5322//10231 5303//10231 5308//10231
f 5340//10232 5284//10232 5309//10232
f 5233//10233 5338//10233 5224//10233
f 5342//10234 5315//10234 5344//10234
f 5233//10235 5224//10235 5223//10235
f 5345//10236 5337//10236 4511//10236
f 5275//10237 5268//10237 5332//10237
f 5346//10238 5339//10238 5296//10238
f 5346//10239 5296//10239 5306//10239
f 5328//10240 5268//10240 5250//10240
f 5287//10241 5268//10241 5275//10241
f 5347//10242 5340//10242 5309//10242
f 5265//10243 5264//10243 5330//10243
f 3915//10244 3889//10244 5343//10244
f 5313//10245 5233//10245 5223//10245
f 5348//10246 5308//10246 5312//10246
f 5348//10247 5322//10247 5308//10247
f 5349//10248 5318//10248 2307//10248
f 5349//10249 2307//10249 2306//10249
f 5345//10250 4511//10250 2349//10250
f 5267//10251 5315//10251 5248//10251
f 5305//10252 5277//10252 5282//10252
f 5320//10253 5346//10253 5306//10253
f 5282//10254 5288//10254 5343//10254
f 5315//10255 5335//10255 5292//10255
f 5340//10256 5350//10256 5341//10256
f 5239//10257 5348//10257 5312//10257
f 5239//10258 5312//10258 5338//10258
f 5351//10259 5345//10259 2349//10259
f 5331//10260 5352//10260 5334//10260
f 5236//10261 5309//10261 5301//10261
f 5236//10262 5347//10262 5309//10262
f 5329//10263 2306//10263 4497//10263
f 3896//10264 5307//10264 5311//10264
f 5329//10265 5349//10265 2306//10265
f 5334//10266 5352//10266 5316//10266
f 5327//10267 5333//10267 5321//10267
f 5318//10268 4494//10268 2307//10268
f 5334//10269 5317//10269 5324//10269
f 5232//10270 5233//10270 5313//10270
f 5353//10271 5319//10271 5318//10271
f 3895//10272 3915//10272 5307//10272
f 5329//10273 5249//10273 5349//10273
f 5351//10274 2349//10274 2347//10274
f 5323//10275 5327//10275 5321//10275
f 5332//10276 5325//10276 2299//10276
f 5324//10277 5331//10277 5334//10277
f 5331//10278 5330//10278 5278//10278
f 5336//10279 3896//10279 5311//10279
f 5233//10280 5239//10280 5338//10280
f 3896//10281 3895//10281 5307//10281
f 5354//10282 5351//10282 2347//10282
f 5348//10283 5323//10283 5322//10283
f 5355//10284 5232//10284 5313//10284
f 5355//10285 5313//10285 5352//10285
f 5282//10286 5343//10286 5305//10286
f 5354//10287 2347//10287 4448//10287
f 5237//10288 5236//10288 5301//10288
f 5237//10289 5301//10289 5326//10289
f 5228//10290 5346//10290 5320//10290
f 3918//10291 5335//10291 5342//10291
f 5241//10292 5354//10292 4448//10292
f 4500//10293 5332//10293 2299//10293
f 5245//10294 5323//10294 5348//10294
f 5245//10295 5348//10295 5244//10295
f 5331//10296 5355//10296 5352//10296
f 5252//10297 5229//10297 5337//10297
f 4500//10298 5275//10298 5332//10298
f 5252//10299 5337//10299 5345//10299
f 5331//10300 5255//10300 5355//10300
f 5329//10301 5250//10301 5249//10301
f 5230//10302 5350//10302 5340//10302
f 5228//10303 5320//10303 5337//10303
f 5242//10304 4448//10304 4447//10304
f 5242//10305 5241//10305 4448//10305
f 3902//10306 3918//10306 5342//10306
f 5248//10307 5292//10307 5253//10307
f 5221//10308 5326//10308 5339//10308
f 5221//10309 5237//10309 5326//10309
f 5230//10310 5340//10310 5347//10310
f 4501//10311 5275//10311 4500//10311
f 5265//10312 5319//10312 5353//10312
f 5229//10313 5228//10313 5337//10313
f 5307//10314 5280//10314 5311//10314
f 5252//10315 5345//10315 5351//10315
f 5344//10316 5315//10316 5279//10316
f 3905//10317 3902//10317 5342//10317
f 3905//10318 5342//10318 5350//10318
f 5336//10319 3918//10319 3896//10319
f 5231//10320 5230//10320 5347//10320
f 5266//10321 5265//10321 5353//10321
f 5218//10322 5232//10322 5355//10322
f 5247//10323 4447//10323 2344//10323
f 5247//10324 5242//10324 4447//10324
f 5262//10325 5252//10325 5351//10325
f 5356//10326 5349//10326 5249//10326
f 5222//10327 5221//10327 5339//10327
f 5222//10328 5339//10328 5346//10328
f 5230//10329 5243//10329 5350//10329
f 5243//10330 3905//10330 5350//10330
f 5257//10331 5244//10331 5348//10331
f 5257//10332 5348//10332 5239//10332
f 5255//10333 5218//10333 5355//10333
f 5269//10334 5353//10334 5356//10334
f 5269//10335 5266//10335 5353//10335
f 5247//10336 2344//10336 4453//10336
f 5287//10337 5275//10337 5274//10337
f 5262//10338 5351//10338 5354//10338
f 5228//10339 5222//10339 5346//10339
f 5269//10340 5253//10340 5280//10340
f 5238//10341 5327//10341 5245//10341
f 5286//10342 5274//10342 5341//10342
f 5344//10343 5279//10343 5286//10343
f 5344//10344 5286//10344 5341//10344
f 5235//10345 5347//10345 5236//10345
f 5235//10346 5231//10346 5347//10346
f 5258//10347 5247//10347 4453//10347
f 5344//10348 5341//10348 5350//10348
f 5260//10349 5262//10349 5354//10349
f 5350//10350 5342//10350 5344//10350
f 3910//10351 5243//10351 5230//10351
f 5270//10352 5281//10352 5260//10352
f 5352//10353 5313//10353 5316//10353
f 5220//10354 5237//10354 5221//10354
f 5226//10355 5275//10355 4501//10355
f 5353//10356 5318//10356 5349//10356
f 5353//10357 5349//10357 5356//10357
f 5278//10358 5255//10358 5331//10358
f 1654//10359 5258//10359 4453//10359
f 1654//10360 4453//10360 1652//10360
f 5241//10361 5260//10361 5354//10361
f 5219//10362 5257//10362 5239//10362
f 3907//10363 3905//10363 5243//10363
f 5219//10364 5239//10364 5217//10364
f 5253//10365 5356//10365 5249//10365
f 5253//10366 5269//10366 5356//10366
f 5357//10367 340//10367 3966//10367
f 5357//10368 5358//10368 340//10368
f 5359//10369 5360//10369 5361//10369
f 5362//10370 5363//10370 5364//10370
f 309//10371 5357//10371 3966//10371
f 309//10372 5365//10372 5357//10372
f 5366//10373 5367//10373 5368//10373
f 5369//10374 5370//10374 5371//10374
f 5372//10375 5373//10375 5374//10375
f 5369//10376 5371//10376 5366//10376
f 5370//10377 1282//10377 5375//10377
f 5376//10378 5377//10378 5378//10378
f 5368//10379 5365//10379 309//10379
f 5379//10380 5380//10380 5381//10380
f 5379//10381 5382//10381 5380//10381
f 5383//10382 5377//10382 5376//10382
f 5384//10383 5385//10383 5386//10383
f 5370//10384 1305//10384 1282//10384
f 5368//10385 309//10385 245//10385
f 5372//10386 5387//10386 5373//10386
f 5388//10387 5389//10387 5390//10387
f 5391//10388 5392//10388 5393//10388
f 5394//10389 5370//10389 5369//10389
f 245//10390 5366//10390 5368//10390
f 5395//10391 5396//10391 5397//10391
f 245//10392 237//10392 5366//10392
f 5395//10393 5374//10393 5396//10393
f 5398//10394 5399//10394 5400//10394
f 5401//10395 5402//10395 5403//10395
f 5404//10396 5405//10396 5406//10396
f 5394//10397 1305//10397 5370//10397
f 182//10398 5366//10398 237//10398
f 182//10399 5369//10399 5366//10399
f 5407//10400 5408//10400 5405//10400
f 182//10401 5394//10401 5369//10401
f 182//10402 3970//10402 5394//10402
f 5409//10403 5410//10403 5411//10403
f 5412//10404 5413//10404 5414//10404
f 5412//10405 5415//10405 5413//10405
f 3970//10406 1305//10406 5394//10406
f 1202//10407 1139//10407 5416//10407
f 888//10408 1305//10408 3970//10408
f 5417//10409 5418//10409 5419//10409
f 5417//10410 5419//10410 5359//10410
f 5420//10411 5421//10411 5422//10411
f 5423//10412 5420//10412 5424//10412
f 5425//10413 5393//10413 5426//10413
f 5423//10414 5424//10414 5427//10414
f 5428//10415 5427//10415 5429//10415
f 5428//10416 5423//10416 5427//10416
f 5430//10417 5431//10417 5432//10417
f 5433//10418 5428//10418 5429//10418
f 5434//10419 5435//10419 5436//10419
f 5437//10420 5438//10420 5439//10420
f 5380//10421 5433//10421 5440//10421
f 5441//10422 5406//10422 5442//10422
f 5443//10423 5444//10423 5399//10423
f 5381//10424 5380//10424 5440//10424
f 5381//10425 5440//10425 5392//10425
f 5445//10426 5446//10426 5362//10426
f 5447//10427 5448//10427 5449//10427
f 5447//10428 5450//10428 5448//10428
f 5391//10429 5451//10429 5381//10429
f 5391//10430 5381//10430 5392//10430
f 5452//10431 5453//10431 5454//10431
f 5452//10432 5454//10432 5455//10432
f 5456//10433 3940//10433 3945//10433
f 5364//10434 5457//10434 5418//10434
f 5458//10435 5362//10435 5364//10435
f 5459//10436 5460//10436 5409//10436
f 5461//10437 5400//10437 5462//10437
f 5459//10438 5463//10438 5460//10438
f 5372//10439 5464//10439 5387//10439
f 5465//10440 5385//10440 5384//10440
f 5466//10441 5439//10441 5467//10441
f 5466//10442 5467//10442 5446//10442
f 5468//10443 5401//10443 5403//10443
f 5469//10444 5470//10444 5471//10444
f 5462//10445 5472//10445 5473//10445
f 5443//10446 5474//10446 5444//10446
f 5475//10447 5476//10447 5382//10447
f 5475//10448 5382//10448 5379//10448
f 5477//10449 5478//10449 5479//10449
f 5477//10450 5480//10450 5478//10450
f 5481//10451 5408//10451 5407//10451
f 5482//10452 5435//10452 5434//10452
f 5483//10453 5484//10453 5485//10453
f 5437//10454 5486//10454 5438//10454
f 5487//10455 5488//10455 5489//10455
f 5473//10456 5490//10456 5486//10456
f 5491//10457 4463//10457 4465//10457
f 5492//10458 5493//10458 5494//10458
f 5417//10459 5364//10459 5418//10459
f 5495//10460 5496//10460 5497//10460
f 5498//10461 5361//10461 5488//10461
f 5498//10462 5359//10462 5361//10462
f 5499//10463 5426//10463 5383//10463
f 5500//10464 5501//10464 5502//10464
f 5500//10465 5502//10465 5463//10465
f 5503//10466 4476//10466 4481//10466
f 5474//10467 1285//10467 1189//10467
f 5474//10468 1189//10468 5504//10468
f 5407//10469 5405//10469 5404//10469
f 5505//10470 5404//10470 5406//10470
f 5505//10471 5406//10471 5441//10471
f 5304//10472 5506//10472 5298//10472
f 5398//10473 5443//10473 5399//10473
f 5391//10474 5393//10474 5425//10474
f 5507//10475 5383//10475 5376//10475
f 5508//10476 5479//10476 5509//10476
f 5482//10477 5489//10477 5435//10477
f 5510//10478 5459//10478 5409//10478
f 5511//10479 5431//10479 5430//10479
f 5512//10480 5364//10480 5417//10480
f 5513//10481 5400//10481 5461//10481
f 5514//10482 4476//10482 5515//10482
f 5513//10483 5398//10483 5400//10483
f 5516//10484 5517//10484 5415//10484
f 5516//10485 5415//10485 5412//10485
f 5518//10486 5374//10486 5395//10486
f 5437//10487 5439//10487 5466//10487
f 5519//10488 5520//10488 5521//10488
f 5445//10489 5362//10489 5458//10489
f 5519//10490 5522//10490 5520//10490
f 5523//10491 5524//10491 5525//10491
f 5526//10492 5474//10492 5443//10492
f 5527//10493 5528//10493 5529//10493
f 5500//10494 5434//10494 5501//10494
f 5530//10495 5470//10495 5469//10495
f 5531//10496 5403//10496 5476//10496
f 5531//10497 5476//10497 5475//10497
f 5530//10498 5532//10498 5470//10498
f 5533//10499 5443//10499 5398//10499
f 5534//10500 5408//10500 5481//10500
f 5534//10501 5535//10501 5408//10501
f 5511//10502 5449//10502 5431//10502
f 5485//10503 5506//10503 5304//10503
f 5536//10504 5497//10504 5537//10504
f 5538//10505 5390//10505 5539//10505
f 5540//10506 5385//10506 5465//10506
f 5540//10507 5537//10507 5385//10507
f 5541//10508 5442//10508 5401//10508
f 5541//10509 5441//10509 5442//10509
f 5451//10510 5379//10510 5381//10510
f 5542//10511 5417//10511 5359//10511
f 5542//10512 5359//10512 5498//10512
f 5477//10513 5414//10513 5480//10513
f 5543//10514 5389//10514 5388//10514
f 5543//10515 5492//10515 5389//10515
f 5544//10516 5462//10516 5473//10516
f 5545//10517 5446//10517 5445//10517
f 5425//10518 5426//10518 5499//10518
f 1225//10519 5450//10519 5447//10519
f 1225//10520 1202//10520 5450//10520
f 5546//10521 5539//10521 5547//10521
f 5548//10522 5482//10522 5434//10522
f 5549//10523 5407//10523 5404//10523
f 5550//10524 5432//10524 5517//10524
f 5550//10525 5517//10525 5516//10525
f 5551//10526 5509//10526 5464//10526
f 5526//10527 1339//10527 1285//10527
f 5518//10528 5372//10528 5374//10528
f 5526//10529 1285//10529 5474//10529
f 5552//10530 5500//10530 5463//10530
f 5505//10531 5549//10531 5404//10531
f 5553//10532 5464//10532 5372//10532
f 5534//10533 5525//10533 5535//10533
f 5554//10534 5458//10534 5364//10534
f 5554//10535 5364//10535 5512//10535
f 5519//10536 5546//10536 5547//10536
f 5519//10537 5547//10537 5522//10537
f 5555//10538 5445//10538 5458//10538
f 5556//10539 5379//10539 5451//10539
f 5557//10540 5521//10540 5496//10540
f 5499//10541 5383//10541 5507//10541
f 5557//10542 5496//10542 5495//10542
f 5411//10543 5532//10543 5530//10543
f 5558//10544 5524//10544 5523//10544
f 5559//10545 5493//10545 5492//10545
f 5559//10546 5397//10546 5493//10546
f 5544//10547 5461//10547 5462//10547
f 5545//10548 5466//10548 5446//10548
f 5560//10549 5473//10549 5486//10549
f 5527//10550 5384//10550 5528//10550
f 5561//10551 5414//10551 5477//10551
f 5562//10552 5491//10552 4465//10552
f 5477//10553 5479//10553 5508//10553
f 5563//10554 5497//10554 5536//10554
f 5564//10555 5489//10555 5482//10555
f 5564//10556 5487//10556 5489//10556
f 5565//10557 5451//10557 5391//10557
f 5566//10558 5486//10558 5437//10558
f 5523//10559 5525//10559 5534//10559
f 5567//10560 5437//10560 5466//10560
f 5552//10561 5463//10561 5459//10561
f 5568//10562 5503//10562 4481//10562
f 5569//10563 5441//10563 5541//10563
f 5569//10564 5505//10564 5441//10564
f 1331//10565 5449//10565 5511//10565
f 1331//10566 5447//10566 5449//10566
f 5570//10567 5471//10567 5484//10567
f 5570//10568 5484//10568 5483//10568
f 5571//10569 5498//10569 5488//10569
f 5572//10570 5403//10570 5531//10570
f 5573//10571 5548//10571 5434//10571
f 5572//10572 5468//10572 5403//10572
f 5556//10573 5475//10573 5379//10573
f 5574//10574 5372//10574 5518//10574
f 5571//10575 5542//10575 5498//10575
f 5549//10576 5481//10576 5407//10576
f 5575//10577 5378//10577 5576//10577
f 5577//10578 5466//10578 5545//10578
f 5578//10579 5409//10579 5411//10579
f 5508//10580 5509//10580 5551//10580
f 5579//10581 5461//10581 5544//10581
f 5580//10582 5533//10582 5398//10582
f 5580//10583 5398//10583 5513//10583
f 5541//10584 5401//10584 5468//10584
f 5581//10585 5582//10585 5391//10585
f 5581//10586 5391//10586 5425//10586
f 5560//10587 5544//10587 5473//10587
f 5583//10588 5512//10588 5417//10588
f 5583//10589 5417//10589 5542//10589
f 5584//10590 5529//10590 5514//10590
f 5565//10591 5391//10591 5582//10591
f 5585//10592 5459//10592 5510//10592
f 5586//10593 5549//10593 5505//10593
f 5561//10594 5412//10594 5414//10594
f 1331//10595 1225//10595 5447//10595
f 5573//10596 5434//10596 5500//10596
f 5587//10597 5588//10597 5491//10597
f 5587//10598 5491//10598 5562//10598
f 5589//10599 5492//10599 5543//10599
f 5571//10600 5488//10600 5487//10600
f 5495//10601 5497//10601 5563//10601
f 5555//10602 5458//10602 5554//10602
f 5590//10603 5475//10603 5556//10603
f 5577//10604 5567//10604 5466//10604
f 5545//10605 5445//10605 5555//10605
f 5376//10606 5378//10606 5575//10606
f 5591//10607 5483//10607 5485//10607
f 5579//10608 5513//10608 5461//10608
f 5574//10609 5592//10609 5372//10609
f 5593//10610 5503//10610 5568//10610
f 5594//10611 5384//10611 5527//10611
f 5595//10612 5425//10612 5499//10612
f 5314//10613 5485//10613 5304//10613
f 5596//10614 5388//10614 5390//10614
f 5596//10615 5390//10615 5538//10615
f 5536//10616 5537//10616 5540//10616
f 5597//10617 5395//10617 5397//10617
f 5597//10618 5397//10618 5559//10618
f 5598//10619 5432//10619 5550//10619
f 5598//10620 5430//10620 5432//10620
f 5599//10621 5526//10621 5443//10621
f 5599//10622 5443//10622 5533//10622
f 5600//10623 5556//10623 5451//10623
f 5600//10624 5451//10624 5565//10624
f 5553//10625 5372//10625 5592//10625
f 5601//10626 5500//10626 5552//10626
f 5602//10627 5486//10627 5566//10627
f 5603//10628 5464//10628 5553//10628
f 5603//10629 5551//10629 5464//10629
f 5604//10630 5523//10630 5534//10630
f 5602//10631 5560//10631 5486//10631
f 5590//10632 5531//10632 5475//10632
f 5605//10633 5412//10633 5561//10633
f 5606//10634 5513//10634 5579//10634
f 5586//10635 5505//10635 5569//10635
f 5567//10636 5566//10636 5437//10636
f 5562//10637 4465//10637 4469//10637
f 5607//10638 5477//10638 5508//10638
f 5608//10639 5540//10639 5465//10639
f 5609//10640 5534//10640 5481//10640
f 5593//10641 5515//10641 5503//10641
f 5583//10642 5554//10642 5512//10642
f 5609//10643 5481//10643 5549//10643
f 5610//10644 5564//10644 5482//10644
f 5610//10645 5482//10645 5548//10645
f 5575//10646 5576//10646 5611//10646
f 5612//10647 5591//10647 5485//10647
f 5613//10648 5510//10648 5409//10648
f 5527//10649 5529//10649 5584//10649
f 5614//10650 5533//10650 5580//10650
f 5552//10651 5459//10651 5585//10651
f 5615//10652 5571//10652 5487//10652
f 5615//10653 5487//10653 5564//10653
f 5452//10654 5578//10654 5411//10654
f 5616//10655 5384//10655 5594//10655
f 5599//10656 1339//10656 5526//10656
f 5612//10657 5485//10657 5314//10657
f 5452//10658 5411//10658 5530//10658
f 5617//10659 5548//10659 5573//10659
f 5618//10660 5577//10660 5545//10660
f 5619//10661 5468//10661 5572//10661
f 5619//10662 5541//10662 5468//10662
f 5620//10663 5499//10663 5507//10663
f 5573//10664 5500//10664 5601//10664
f 1410//10665 1331//10665 5511//10665
f 5621//10666 5545//10666 5555//10666
f 5622//10667 5561//10667 5477//10667
f 5568//10668 4481//10668 4482//10668
f 5623//10669 5566//10669 5567//10669
f 5608//10670 5465//10670 5384//10670
f 5624//10671 5625//10671 5558//10671
f 5626//10672 5583//10672 5542//10672
f 5605//10673 5516//10673 5412//10673
f 5627//10674 5552//10674 5585//10674
f 5615//10675 5564//10675 5610//10675
f 5613//10676 5409//10676 5578//10676
f 5628//10677 5519//10677 5521//10677
f 5628//10678 5521//10678 5557//10678
f 5611//10679 5588//10679 5587//10679
f 5629//10680 5511//10680 5430//10680
f 5629//10681 5430//10681 5598//10681
f 1436//10682 1339//10682 5599//10682
f 5630//10683 5508//10683 5551//10683
f 5631//10684 5523//10684 5604//10684
f 5631//10685 5558//10685 5523//10685
f 5613//10686 5585//10686 5510//10686
f 5632//10687 5560//10687 5602//10687
f 5632//10688 5544//10688 5560//10688
f 5559//10689 5492//10689 5589//10689
f 5633//10690 5556//10690 5600//10690
f 5633//10691 5590//10691 5556//10691
f 5621//10692 5618//10692 5545//10692
f 5634//10693 5515//10693 5593//10693
f 5606//10694 5580//10694 5513//10694
f 5635//10695 5599//10695 5533//10695
f 5635//10696 5533//10696 5614//10696
f 5584//10697 5514//10697 5515//10697
f 5636//10698 5637//10698 5638//10698
f 5639//10699 5536//10699 5540//10699
f 5601//10700 5640//10700 5573//10700
f 5641//10701 5395//10701 5597//10701
f 5641//10702 5518//10702 5395//10702
f 5642//10703 5637//10703 5636//10703
f 5546//10704 5538//10704 5539//10704
f 5602//10705 5566//10705 5623//10705
f 5604//10706 5534//10706 5609//10706
f 5643//10707 5554//10707 5583//10707
f 5644//10708 5645//10708 5625//10708
f 5646//10709 5571//10709 5615//10709
f 5646//10710 5542//10710 5571//10710
f 4507//10711 5636//10711 5638//10711
f 4507//10712 5638//10712 4503//10712
f 5647//10713 5546//10713 5519//10713
f 5609//10714 5549//10714 5586//10714
f 5622//10715 5477//10715 5607//10715
f 5648//10716 5637//10716 5642//10716
f 5649//10717 5572//10717 5531//10717
f 5649//10718 5531//10718 5590//10718
f 5650//10719 5586//10719 5569//10719
f 5651//10720 5636//10720 4507//10720
f 5652//10721 5516//10721 5605//10721
f 5652//10722 5550//10722 5516//10722
f 5653//10723 5569//10723 5541//10723
f 5653//10724 5541//10724 5619//10724
f 5581//10725 5425//10725 5595//10725
f 5654//10726 5583//10726 5626//10726
f 5655//10727 5642//10727 5636//10727
f 5640//10728 5617//10728 5573//10728
f 5656//10729 5582//10729 5581//10729
f 5657//10730 5538//10730 5546//10730
f 5616//10731 5608//10731 5384//10731
f 5658//10732 5580//10732 5606//10732
f 5659//10733 5606//10733 5579//10733
f 5660//10734 5388//10734 5596//10734
f 5660//10735 5543//10735 5388//10735
f 5635//10736 1436//10736 5599//10736
f 5648//10737 5642//10737 5655//10737
f 5661//10738 5557//10738 5495//10738
f 5661//10739 5495//10739 5563//10739
f 5662//10740 5636//10740 5651//10740
f 5610//10741 5548//10741 5617//10741
f 5643//10742 5555//10742 5554//10742
f 5655//10743 5636//10743 5662//10743
f 5639//10744 5540//10744 5608//10744
f 5663//10745 5605//10745 5561//10745
f 5663//10746 5561//10746 5622//10746
f 5632//10747 5579//10747 5544//10747
f 5651//10748 4507//10748 4450//10748
f 5644//10749 5625//10749 5624//10749
f 5646//10750 5626//10750 5542//10750
f 5664//10751 5624//10751 5558//10751
f 5664//10752 5558//10752 5631//10752
f 5665//10753 5666//10753 5667//10753
f 5668//10754 5648//10754 5655//10754
f 5570//10755 5483//10755 5591//10755
f 5669//10756 5667//10756 5648//10756
f 5670//10757 5592//10757 5574//10757
f 5671//10758 5597//10758 5559//10758
f 5672//10759 5609//10759 5586//10759
f 5673//10760 5615//10760 5610//10760
f 5665//10761 5667//10761 5669//10761
f 5669//10762 5648//10762 5668//10762
f 5662//10763 5651//10763 4450//10763
f 1504//10764 1436//10764 5635//10764
f 5643//10765 5583//10765 5654//10765
f 5665//10766 5674//10766 5666//10766
f 5675//10767 5530//10767 5469//10767
f 5676//10768 5607//10768 5508//10768
f 5676//10769 5508//10769 5630//10769
f 5677//10770 5655//10770 5662//10770
f 5678//10771 5555//10771 5643//10771
f 5679//10772 5602//10772 5623//10772
f 1410//10773 5511//10773 5629//10773
f 5680//10774 5604//10774 5609//10774
f 5680//10775 5631//10775 5604//10775
f 5681//10776 5662//10776 4450//10776
f 5668//10777 5655//10777 5677//10777
f 5507//10778 5376//10778 5682//10778
f 5683//10779 5628//10779 5557//10779
f 5684//10780 5665//10780 5669//10780
f 5685//10781 5674//10781 5665//10781
f 5686//10782 5626//10782 5646//10782
f 5677//10783 5662//10783 5681//10783
f 5687//10784 5577//10784 5618//10784
f 5688//10785 5585//10785 5613//10785
f 5689//10786 5600//10786 5565//10786
f 5690//10787 5646//10787 5615//10787
f 5691//10788 5623//10788 5567//10788
f 5692//10789 5574//10789 5518//10789
f 5692//10790 5518//10790 5641//10790
f 5691//10791 5567//10791 5577//10791
f 5565//10792 5582//10792 5656//10792
f 5627//10793 5601//10793 5552//10793
f 5693//10794 5546//10794 5647//10794
f 5694//10795 5614//10795 5580//10795
f 5694//10796 5580//10796 5658//10796
f 5695//10797 5668//10797 5677//10797
f 5696//10798 5669//10798 5668//10798
f 5678//10799 5621//10799 5555//10799
f 5658//10800 5606//10800 5659//10800
f 5452//10801 5530//10801 5675//10801
f 5697//10802 5650//10802 5569//10802
f 5697//10803 5569//10803 5653//10803
f 5698//10804 5685//10804 5665//10804
f 5679//10805 5632//10805 5602//10805
f 5698//10806 5665//10806 5684//10806
f 5699//10807 5471//10807 5570//10807
f 5699//10808 5469//10808 5471//10808
f 5659//10809 5579//10809 5632//10809
f 5700//10810 5610//10810 5617//10810
f 5701//10811 5515//10811 5634//10811
f 5701//10812 5584//10812 5515//10812
f 5702//10813 5640//10813 5601//10813
f 5703//10814 5559//10814 5589//10814
f 5702//10815 5601//10815 5627//10815
f 5696//10816 5668//10816 5695//10816
f 5682//10817 5376//10817 5575//10817
f 5704//10818 5598//10818 5550//10818
f 5704//10819 5550//10819 5652//10819
f 5705//10820 5706//10820 5685//10820
f 5705//10821 5685//10821 5698//10821
f 5707//10822 5649//10822 5590//10822
f 5707//10823 5590//10823 5633//10823
f 5708//10824 5630//10824 5551//10824
f 5708//10825 5551//10825 5603//10825
f 5647//10826 5519//10826 5628//10826
f 5709//10827 5581//10827 5595//10827
f 5710//10828 5673//10828 5610//10828
f 5711//10829 5527//10829 5584//10829
f 5712//10830 5589//10830 5543//10830
f 5713//10831 5619//10831 5572//10831
f 5713//10832 5572//10832 5649//10832
f 5712//10833 5543//10833 5660//10833
f 5714//10834 5669//10834 5696//10834
f 5715//10835 5643//10835 5654//10835
f 5714//10836 5684//10836 5669//10836
f 5657//10837 5596//10837 5538//10837
f 5621//10838 5687//10838 5618//10838
f 5716//10839 5593//10839 5568//10839
f 5717//10840 5645//10840 5644//10840
f 5705//10841 5718//10841 5706//10841
f 5719//10842 5621//10842 5678//10842
f 5710//10843 5610//10843 5700//10843
f 5720//10844 5617//10844 5640//10844
f 5721//10845 5681//10845 4450//10845
f 5722//10846 5595//10846 5499//10846
f 5721//10847 4450//10847 4449//10847
f 5722//10848 5499//10848 5620//10848
f 5723//10849 5632//10849 5679//10849
f 5724//10850 5677//10850 5681//10850
f 5724//10851 5695//10851 5677//10851
f 5711//10852 5594//10852 5527//10852
f 5644//10853 5624//10853 5664//10853
f 5725//10854 5726//10854 5718//10854
f 5725//10855 5718//10855 5705//10855
f 5727//10856 5633//10856 5600//10856
f 1571//10857 1504//10857 5635//10857
f 5728//10858 5609//10858 5672//10858
f 5670//10859 5553//10859 5592//10859
f 5729//10860 5652//10860 5605//10860
f 5729//10861 5605//10861 5663//10861
f 5730//10862 5684//10862 5714//10862
f 5730//10863 5698//10863 5684//10863
f 5675//10864 5469//10864 5699//10864
f 5731//10865 5596//10865 5657//10865
f 5689//10866 5727//10866 5600//10866
f 5732//10867 5696//10867 5695//10867
f 5733//10868 5635//10868 5614//10868
f 5733//10869 5614//10869 5694//10869
f 5734//10870 5563//10870 5536//10870
f 5735//10871 5627//10871 5585//10871
f 5693//10872 5657//10872 5546//10872
f 5672//10873 5586//10873 5650//10873
f 5736//10874 5536//10874 5639//10874
f 5676//10875 5622//10875 5607//10875
f 5737//10876 5611//10876 5587//10876
f 5690//10877 5615//10877 5673//10877
f 5717//10878 5738//10878 5645//10878
f 5691//10879 5577//10879 5687//10879
f 5732//10880 5714//10880 5696//10880
f 5679//10881 5623//10881 5691//10881
f 5739//10882 5597//10882 5671//10882
f 5739//10883 5641//10883 5597//10883
f 5740//10884 5705//10884 5698//10884
f 5740//10885 5698//10885 5730//10885
f 5702//10886 5720//10886 5640//10886
f 5741//10887 5681//10887 5721//10887
f 5742//10888 5568//10888 4482//10888
f 5743//10889 5650//10889 5697//10889
f 5744//10890 5686//10890 5646//10890
f 5744//10891 5646//10891 5690//10891
f 5686//10892 5654//10892 5626//10892
f 5732//10893 5695//10893 5724//10893
f 5689//10894 5565//10894 5745//10894
f 5746//10895 5688//10895 5613//10895
f 5747//10896 5726//10896 5725//10896
f 5746//10897 5613//10897 5578//10897
f 5748//10898 5726//10898 5747//10898
f 5749//10899 5574//10899 5692//10899
f 5749//10900 5670//10900 5574//10900
f 5728//10901 5680//10901 5609//10901
f 5750//10902 5673//10902 5710//10902
f 5656//10903 5581//10903 5709//10903
f 5751//10904 5725//10904 5705//10904
f 5752//10905 5714//10905 5732//10905
f 5753//10906 5658//10906 5659//10906
f 5724//10907 5681//10907 5741//10907
f 1493//10908 1410//10908 5629//10908
f 5671//10909 5559//10909 5703//10909
f 5754//10910 5562//10910 4469//10910
f 5755//10911 5632//10911 5723//10911
f 5755//10912 5659//10912 5632//10912
f 5756//10913 5664//10913 5631//10913
f 5757//10914 5631//10914 5680//10914
f 5752//10915 5730//10915 5714//10915
f 5758//10916 5629//10916 5598//10916
f 5758//10917 5598//10917 5704//10917
f 5759//10918 5643//10918 5715//10918
f 5759//10919 5678//10919 5643//10919
f 5760//10920 5634//10920 5593//10920
f 5760//10921 5593//10921 5716//10921
f 5745//10922 5565//10922 5656//10922
f 5761//10923 5732//10923 5724//10923
f 5735//10924 5585//10924 5688//10924
f 5762//10925 5621//10925 5719//10925
f 5763//10926 5748//10926 5747//10926
f 5764//10927 5619//10927 5713//10927
f 5764//10928 5653//10928 5619//10928
f 5765//10929 5705//10929 5740//10929
f 5737//10930 5587//10930 5562//10930
f 5766//10931 5622//10931 5676//10931
f 5766//10932 5663//10932 5622//10932
f 5767//10933 5553//10933 5670//10933
f 5700//10934 5617//10934 5720//10934
f 5455//10935 5578//10935 5452//10935
f 5768//10936 5738//10936 5717//10936
f 5734//10937 5661//10937 5563//10937
f 5736//10938 5734//10938 5536//10938
f 5740//10939 5730//10939 5752//10939
f 5747//10940 5725//10940 5751//10940
f 5769//10941 5680//10941 5728//10941
f 5751//10942 5705//10942 5765//10942
f 5770//10943 5676//10943 5630//10943
f 5770//10944 5630//10944 5708//10944
f 5715//10945 5654//10945 5686//10945
f 5759//10946 5719//10946 5678//10946
f 5771//10947 5686//10947 5744//10947
f 5772//10948 5761//10948 5724//10948
f 1571//10949 5635//10949 5733//10949
f 5709//10950 5595//10950 5722//10950
f 4486//10951 5742//10951 4482//10951
f 5773//10952 5657//10952 5693//10952
f 5774//10953 5732//10953 5761//10953
f 5775//10954 5723//10954 5679//10954
f 5774//10955 5752//10955 5732//10955
f 5716//10956 5568//10956 5742//10956
f 5776//10957 5748//10957 5763//10957
f 5777//10958 5740//10958 5752//10958
f 5778//10959 5747//10959 5751//10959
f 5703//10960 5589//10960 5712//10960
f 5779//10961 5679//10961 5691//10961
f 5780//10962 5649//10962 5707//10962
f 5780//10963 5713//10963 5649//10963
f 5781//10964 5594//10964 5711//10964
f 5782//10965 5628//10965 5683//10965
f 5762//10966 5687//10966 5621//10966
f 5783//10967 5608//10967 5616//10967
f 5784//10968 5750//10968 5710//10968
f 5785//10969 5761//10969 5772//10969
f 5750//10970 5690//10970 5673//10970
f 5711//10971 5584//10971 5701//10971
f 5756//10972 5631//10972 5757//10972
f 5786//10973 5620//10973 5507//10973
f 5768//10974 5787//10974 5738//10974
f 5788//10975 5719//10975 5759//10975
f 5789//10976 5652//10976 5729//10976
f 5790//10977 5763//10977 5747//10977
f 5790//10978 5747//10978 5778//10978
f 5789//10979 5704//10979 5652//10979
f 5777//10980 5765//10980 5740//10980
f 5791//10981 5658//10981 5753//10981
f 4455//10982 5721//10982 4449//10982
f 5791//10983 5694//10983 5658//10983
f 5769//10984 5757//10984 5680//10984
f 5758//10985 1493//10985 5629//10985
f 5792//10986 4469//10986 4471//10986
f 5731//10987 5657//10987 5773//10987
f 5772//10988 5724//10988 5741//10988
f 5774//10989 5761//10989 5785//10989
f 5793//10990 5634//10990 5760//10990
f 5794//10991 5776//10991 5763//10991
f 5795//10992 5741//10992 5721//10992
f 5795//10993 5721//10993 4455//10993
f 5767//10994 5603//10994 5553//10994
f 5453//10995 5452//10995 5675//10995
f 5778//10996 5751//10996 5765//10996
f 5796//10997 5650//10997 5743//10997
f 5797//10998 5660//10998 5596//10998
f 5798//10999 5777//10999 5752//10999
f 5798//11000 5752//11000 5774//11000
f 5796//11001 5672//11001 5650//11001
f 5788//11002 5762//11002 5719//11002
f 5797//11003 5596//11003 5731//11003
f 5799//11004 5659//11004 5755//11004
f 5799//11005 5753//11005 5659//11005
f 5455//11006 5746//11006 5578//11006
f 5800//11007 5641//11007 5739//11007
f 5779//11008 5775//11008 5679//11008
f 5784//11009 5710//11009 5700//11009
f 5801//11010 5690//11010 5750//11010
f 5802//11011 5557//11011 5661//11011
f 5802//11012 5683//11012 5557//11012
f 5803//11013 5776//11013 5804//11013
f 5333//11014 5612//11014 5314//11014
f 5735//11015 5702//11015 5627//11015
f 5804//11016 5776//11016 5794//11016
f 5805//11017 5689//11017 5745//11017
f 5794//11018 5763//11018 5790//11018
f 5806//11019 5759//11019 5715//11019
f 5772//11020 5741//11020 5795//11020
f 5807//11021 5644//11021 5664//11021
f 5808//11022 5647//11022 5628//11022
f 5809//11023 5787//11023 5768//11023
f 5810//11024 5723//11024 5775//11024
f 5811//11025 5664//11025 5756//11025
f 5754//11026 4469//11026 5792//11026
f 5766//11027 5676//11027 5812//11027
f 5798//11028 5774//11028 5813//11028
f 5707//11029 5633//11029 5727//11029
f 5814//11030 5765//11030 5777//11030
f 5815//11031 5686//11031 5771//11031
f 5815//11032 5715//11032 5686//11032
f 5754//11033 5737//11033 5562//11033
f 1595//11034 1493//11034 5758//11034
f 5804//11035 5422//11035 5803//11035
f 5816//11036 5663//11036 5766//11036
f 5816//11037 5729//11037 5663//11037
f 5817//11038 5507//11038 5682//11038
f 1634//11039 1571//11039 5733//11039
f 5639//11040 5608//11040 5783//11040
f 5818//11041 5790//11041 5778//11041
f 5812//11042 5676//11042 5770//11042
f 5819//11043 5653//11043 5764//11043
f 5819//11044 5697//11044 5653//11044
f 5820//11045 5702//11045 5735//11045
f 5800//11046 5692//11046 5641//11046
f 5821//11047 5733//11047 5694//11047
f 5822//11048 5794//11048 5790//11048
f 5821//11049 5694//11049 5791//11049
f 5823//11050 5720//11050 5702//11050
f 5824//11051 5591//11051 5612//11051
f 5824//11052 5612//11052 5333//11052
f 5825//11053 5778//11053 5765//11053
f 5825//11054 5765//11054 5814//11054
f 5826//11055 5708//11055 5603//11055
f 5826//11056 5603//11056 5767//11056
f 5744//11057 5690//11057 5801//11057
f 5827//11058 5742//11058 4486//11058
f 5828//11059 5774//11059 5785//11059
f 5420//11060 5422//11060 5804//11060
f 5829//11061 5671//11061 5703//11061
f 5830//11062 5764//11062 5713//11062
f 5830//11063 5713//11063 5780//11063
f 5810//11064 5755//11064 5723//11064
f 5831//11065 5735//11065 5688//11065
f 5575//11066 5611//11066 5737//11066
f 5832//11067 5798//11067 5813//11067
f 5833//11068 5709//11068 5722//11068
f 5793//11069 5701//11069 5634//11069
f 5805//11070 5727//11070 5689//11070
f 5814//11071 5777//11071 5798//11071
f 5834//11072 5594//11072 5781//11072
f 5834//11073 5616//11073 5594//11073
f 5807//11074 5717//11074 5644//11074
f 5835//11075 5785//11075 5772//11075
f 5836//11076 5707//11076 5727//11076
f 5837//11077 5758//11077 5704//11077
f 5837//11078 5704//11078 5789//11078
f 5838//11079 5795//11079 5839//11079
f 5838//11080 5772//11080 5795//11080
f 5749//11081 5767//11081 5670//11081
f 5818//11082 5778//11082 5825//11082
f 5808//11083 5693//11083 5647//11083
f 5791//11084 5753//11084 5799//11084
f 5813//11085 5774//11085 5828//11085
f 5811//11086 5807//11086 5664//11086
f 5822//11087 5790//11087 5818//11087
f 5840//11088 5687//11088 5762//11088
f 5841//11089 5804//11089 5794//11089
f 5782//11090 5808//11090 5628//11090
f 5420//11091 5804//11091 5424//11091
f 5842//11092 5711//11092 5701//11092
f 5843//11093 5691//11093 5687//11093
f 5839//11094 5795//11094 4455//11094
f 5823//11095 5702//11095 5820//11095
f 5835//11096 5772//11096 5838//11096
f 5831//11097 5688//11097 5746//11097
f 5841//11098 5794//11098 5822//11098
f 5844//11099 5703//11099 5712//11099
f 5845//11100 5699//11100 5570//11100
f 5846//11101 5620//11101 5786//11101
f 5424//11102 5804//11102 5841//11102
f 5847//11103 5801//11103 5750//11103
f 5848//11104 5728//11104 5672//11104
f 5848//11105 5672//11105 5796//11105
f 5786//11106 5507//11106 5817//11106
f 5849//11107 5712//11107 5660//11107
f 5849//11108 5660//11108 5797//11108
f 5850//11109 5762//11109 5788//11109
f 5851//11110 5810//11110 5775//11110
f 5852//11111 5750//11111 5784//11111
f 5852//11112 5847//11112 5750//11112
f 5853//11113 5775//11113 5779//11113
f 5854//11114 5784//11114 5700//11114
f 5854//11115 5700//11115 5720//11115
f 5855//11116 5715//11116 5815//11116
f 5855//11117 5806//11117 5715//11117
f 5828//11118 5785//11118 5835//11118
f 5856//11119 5727//11119 5805//11119
f 5857//11120 5813//11120 5828//11120
f 5806//11121 5788//11121 5759//11121
f 5782//11122 5683//11122 5802//11122
f 5858//11123 5717//11123 5807//11123
f 5859//11124 5743//11124 5697//11124
f 5802//11125 5661//11125 5734//11125
f 5859//11126 5697//11126 5819//11126
f 5860//11127 5656//11127 5709//11127
f 5861//11128 5862//11128 5787//11128
f 5843//11129 5779//11129 5691//11129
f 5861//11130 5787//11130 5809//11130
f 5863//11131 5798//11131 5832//11131
f 1644//11132 5733//11132 5821//11132
f 1644//11133 1634//11133 5733//11133
f 5864//11134 5825//11134 5814//11134
f 5427//11135 5424//11135 5841//11135
f 5865//11136 5816//11136 5766//11136
f 5866//11137 5821//11137 5791//11137
f 5867//11138 5818//11138 5825//11138
f 5868//11139 5421//11139 5420//11139
f 5834//11140 5783//11140 5616//11140
f 5869//11141 5701//11141 5793//11141
f 5870//11142 5793//11142 5760//11142
f 5871//11143 5755//11143 5810//11143
f 5872//11144 5814//11144 5798//11144
f 5837//11145 1632//11145 1595//11145
f 5871//11146 5799//11146 5755//11146
f 5837//11147 1595//11147 5758//11147
f 5872//11148 5798//11148 5863//11148
f 5853//11149 5851//11149 5775//11149
f 5824//11150 5570//11150 5591//11150
f 5850//11151 5840//11151 5762//11151
f 5868//11152 5873//11152 5421//11152
f 5874//11153 5811//11153 5756//11153
f 5875//11154 5639//11154 5783//11154
f 5874//11155 5756//11155 5757//11155
f 5876//11156 5771//11156 5744//11156
f 5722//11157 5620//11157 5846//11157
f 5877//11158 5779//11158 5843//11158
f 5878//11159 5842//11159 5701//11159
f 5879//11160 5788//11160 5806//11160
f 5876//11161 5744//11161 5801//11161
f 5843//11162 5687//11162 5840//11162
f 5867//11163 5822//11163 5818//11163
f 5880//11164 5729//11164 5816//11164
f 5858//11165 5768//11165 5717//11165
f 5857//11166 5832//11166 5813//11166
f 5881//11167 5708//11167 5826//11167
f 5881//11168 5770//11168 5708//11168
f 5882//11169 5791//11169 5799//11169
f 5842//11170 5781//11170 5711//11170
f 5851//11171 5871//11171 5810//11171
f 5883//11172 5806//11172 5855//11172
f 5864//11173 5814//11173 5872//11173
f 5884//11174 5739//11174 5671//11174
f 5429//11175 5427//11175 5841//11175
f 5884//11176 5671//11176 5829//11176
f 5745//11177 5656//11177 5860//11177
f 5849//11178 5844//11178 5712//11178
f 5885//11179 5822//11179 5867//11179
f 5885//11180 5841//11180 5822//11180
f 5819//11181 5764//11181 5830//11181
f 5886//11182 5760//11182 5716//11182
f 5887//11183 5808//11183 5782//11183
f 5888//11184 5784//11184 5854//11184
f 5888//11185 5852//11185 5784//11185
f 5889//11186 5782//11186 5802//11186
f 5829//11187 5703//11187 5844//11187
f 5839//11188 4455//11188 4459//11188
f 5890//11189 5873//11189 5868//11189
f 5891//11190 5735//11190 5831//11190
f 5892//11191 5769//11191 5728//11191
f 5863//11192 5832//11192 5857//11192
f 5892//11193 5728//11193 5848//11193
f 5877//11194 5853//11194 5779//11194
f 5876//11195 5815//11195 5771//11195
f 5879//11196 5850//11196 5788//11196
f 5890//11197 5893//11197 5873//11197
f 5894//11198 5455//11198 5454//11198
f 5895//11199 5825//11199 5864//11199
f 5896//11200 5734//11200 5736//11200
f 5897//11201 5828//11201 5835//11201
f 5865//11202 5766//11202 5812//11202
f 5898//11203 5749//11203 5692//11203
f 5899//11204 5834//11204 5781//11204
f 5900//11205 5768//11205 5858//11205
f 5901//11206 5821//11206 5866//11206
f 5890//11207 5868//11207 5902//11207
f 5903//11208 5420//11208 5423//11208
f 5903//11209 5868//11209 5420//11209
f 5882//11210 5799//11210 5871//11210
f 5789//11211 5729//11211 5880//11211
f 5878//11212 5701//11212 5869//11212
f 5904//11213 5707//11213 5836//11213
f 5904//11214 5780//11214 5707//11214
f 5905//11215 5801//11215 5847//11215
f 5429//11216 5841//11216 5885//11216
f 5906//11217 5866//11217 5791//11217
f 5906//11218 5791//11218 5882//11218
f 5845//11219 5570//11219 5824//11219
f 5907//11220 5736//11220 5639//11220
f 5908//11221 5773//11221 5693//11221
f 5908//11222 5693//11222 5808//11222
f 5895//11223 5867//11223 5825//11223
f 5909//11224 5743//11224 5859//11224
f 5909//11225 5796//11225 5743//11225
f 5910//11226 5844//11226 5849//11226
f 5911//11227 5862//11227 5861//11227
f 5912//11228 5823//11228 5820//11228
f 5902//11229 5868//11229 5903//11229
f 5913//11230 5857//11230 5828//11230
f 5913//11231 5828//11231 5897//11231
f 5914//11232 5815//11232 5876//11232
f 5901//11233 1644//11233 5821//11233
f 5915//11234 5854//11234 5720//11234
f 5915//11235 5720//11235 5823//11235
f 5916//11236 5692//11236 5800//11236
f 5792//11237 4471//11237 4476//11237
f 5917//11238 5879//11238 5806//11238
f 5917//11239 5806//11239 5883//11239
f 5886//11240 5870//11240 5760//11240
f 5918//11241 5731//11241 5773//11241
f 5918//11242 5797//11242 5731//11242
f 5905//11243 5876//11243 5801//11243
f 5919//11244 5455//11244 5894//11244
f 5856//11245 5836//11245 5727//11245
f 5920//11246 5856//11246 5805//11246
f 5921//11247 5864//11247 5872//11247
f 5922//11248 5838//11248 5839//11248
f 5922//11249 5839//11249 4459//11249
f 5923//11250 5843//11250 5840//11250
f 5924//11251 5867//11251 5895//11251
f 5923//11252 5877//11252 5843//11252
f 5925//11253 5893//11253 5890//11253
f 5926//11254 5811//11254 5874//11254
f 5926//11255 5807//11255 5811//11255
f 5900//11256 5809//11256 5768//11256
f 5927//11257 5859//11257 5819//11257
f 5901//11258 1113//11258 1644//11258
f 5881//11259 5812//11259 5770//11259
f 5928//11260 5857//11260 5913//11260
f 5929//11261 5767//11261 5749//11261
f 5930//11262 5831//11262 5746//11262
f 5931//11263 5903//11263 5423//11263
f 5907//11264 5639//11264 5875//11264
f 5898//11265 5929//11265 5749//11265
f 5919//11266 5746//11266 5455//11266
f 5932//11267 5429//11267 5885//11267
f 5933//11268 5830//11268 5780//11268
f 5933//11269 5396//11269 5830//11269
f 5934//11270 5865//11270 5812//11270
f 5935//11271 5783//11271 5834//11271
f 5936//11272 5867//11272 5924//11272
f 5936//11273 5885//11273 5867//11273
f 5912//11274 5820//11274 5735//11274
f 5921//11275 5895//11275 5864//11275
f 5937//11276 5836//11276 5856//11276
f 5922//11277 5835//11277 5838//11277
f 5938//11278 5890//11278 5902//11278
f 5939//11279 5745//11279 5940//11279
f 5939//11280 5805//11280 5745//11280
f 5941//11281 5800//11281 5739//11281
f 5941//11282 5739//11282 5884//11282
f 5942//11283 5943//11283 5911//11283
f 5496//11284 5722//11284 5846//11284
f 5944//11285 5882//11285 5871//11285
f 5846//11286 5786//11286 5817//11286
f 5824//11287 5333//11287 5327//11287
f 5945//11288 5757//11288 5769//11288
f 5945//11289 5769//11289 5892//11289
f 5946//11290 5842//11290 5878//11290
f 5947//11291 5851//11291 5853//11291
f 5948//11292 5866//11292 5906//11292
f 5948//11293 5901//11293 5866//11293
f 5949//11294 5802//11294 5734//11294
f 5949//11295 5734//11295 5896//11295
f 5453//11296 5675//11296 5699//11296
f 5886//11297 5716//11297 5742//11297
f 5896//11298 5736//11298 5907//11298
f 5914//11299 5855//11299 5815//11299
f 5928//11300 5863//11300 5857//11300
f 5385//11301 5682//11301 5575//11301
f 5950//11302 5837//11302 5789//11302
f 5938//11303 5925//11303 5890//11303
f 5453//11304 5894//11304 5454//11304
f 5889//11305 5887//11305 5782//11305
f 5951//11306 5840//11306 5850//11306
f 5952//11307 5895//11307 5921//11307
f 5897//11308 5835//11308 5922//11308
f 5396//11309 5819//11309 5830//11309
f 5865//11310 5880//11310 5816//11310
f 5953//11311 5853//11311 5877//11311
f 5954//11312 5925//11312 5938//11312
f 5899//11313 5781//11313 5842//11313
f 5955//11314 5767//11314 5929//11314
f 5933//11315 5780//11315 5904//11315
f 5956//11316 5863//11316 5928//11316
f 5956//11317 5872//11317 5863//11317
f 5931//11318 5423//11318 5428//11318
f 5932//11319 5885//11319 5936//11319
f 5957//11320 5453//11320 5699//11320
f 5947//11321 5871//11321 5851//11321
f 5958//11322 5845//11322 5824//11322
f 5959//11323 5855//11323 5914//11323
f 5960//11324 5876//11324 5961//11324
f 5960//11325 5914//11325 5876//11325
f 5935//11326 5875//11326 5783//11326
f 5962//11327 5915//11327 5823//11327
f 5888//11328 5854//11328 5915//11328
f 5869//11329 5793//11329 5870//11329
f 5528//11330 5754//11330 5792//11330
f 5963//11331 5887//11331 5889//11331
f 5964//11332 5796//11332 5909//11332
f 5924//11333 5895//11333 5952//11333
f 5964//11334 5848//11334 5796//11334
f 5938//11335 5902//11335 5903//11335
f 5940//11336 5745//11336 5860//11336
f 5951//11337 5923//11337 5840//11337
f 5965//11338 5882//11338 5944//11338
f 5965//11339 5906//11339 5882//11339
f 5520//11340 5709//11340 5833//11340
f 5962//11341 5823//11341 5912//11341
f 5950//11342 5789//11342 5880//11342
f 5953//11343 5877//11343 5923//11343
f 5898//11344 5692//11344 5916//11344
f 5363//11345 5797//11345 5918//11345
f 5363//11346 5849//11346 5797//11346
f 5966//11347 5881//11347 5826//11347
f 5386//11348 5737//11348 5754//11348
f 5930//11349 5746//11349 5919//11349
f 5967//11350 5911//11350 5861//11350
f 5506//11351 5742//11351 5827//11351
f 5968//11352 5947//11352 5853//11352
f 5961//11353 5876//11353 5905//11353
f 5934//11354 5812//11354 5881//11354
f 5413//11355 5858//11355 5807//11355
f 5413//11356 5807//11356 5926//11356
f 5912//11357 5735//11357 5891//11357
f 5959//11358 5883//11358 5855//11358
f 5969//11359 5847//11359 5852//11359
f 5969//11360 5905//11360 5847//11360
f 5298//11361 5827//11361 4486//11361
f 5950//11362 1632//11362 5837//11362
f 5959//11363 5914//11363 5960//11363
f 5433//11364 5429//11364 5932//11364
f 5955//11365 5826//11365 5767//11365
f 5970//11366 5936//11366 5924//11366
f 1113//11367 5901//11367 5948//11367
f 5971//11368 5809//11368 5900//11368
f 5971//11369 5861//11369 5809//11369
f 5972//11370 5872//11370 5956//11370
f 5972//11371 5921//11371 5872//11371
f 5918//11372 5773//11372 5908//11372
f 5973//11373 5824//11373 5327//11373
f 5974//11374 5925//11374 5954//11374
f 5974//11375 5975//11375 5925//11375
f 5916//11376 5800//11376 5941//11376
f 5976//11377 5957//11377 5699//11377
f 5976//11378 5699//11378 5845//11378
f 5448//11379 5943//11379 5942//11379
f 5977//11380 5903//11380 5931//11380
f 5978//11381 5888//11381 5915//11381
f 5373//11382 5859//11382 5927//11382
f 5373//11383 5909//11383 5859//11383
f 5576//11384 5928//11384 5913//11384
f 5385//11385 5575//11385 5737//11385
f 5968//11386 5853//11386 5953//11386
f 5979//11387 5931//11387 5428//11387
f 5980//11388 5852//11388 5888//11388
f 5939//11389 5920//11389 5805//11389
f 5502//11390 5875//11390 5935//11390
f 5834//11391 5899//11391 5410//11391
f 5981//11392 5879//11392 5917//11392
f 5982//11393 5960//11393 5961//11393
f 5983//11394 5951//11394 5850//11394
f 5983//11395 5850//11395 5879//11395
f 5817//11396 5682//11396 5385//11396
f 5984//11397 5883//11397 5959//11397
f 5298//11398 4486//11398 4488//11398
f 5436//11399 5802//11399 5949//11399
f 5436//11400 5889//11400 5802//11400
f 5985//11401 5944//11401 5871//11401
f 5985//11402 5871//11402 5947//11402
f 5927//11403 5819//11403 5396//11403
f 5520//11404 5833//11404 5722//11404
f 5520//11405 5722//11405 5496//11405
f 4463//11406 5922//11406 4459//11406
f 5977//11407 5938//11407 5903//11407
f 5494//11408 5836//11408 5937//11408
f 5494//11409 5904//11409 5836//11409
f 5951//11410 5953//11410 5923//11410
f 5950//11411 1086//11411 1632//11411
f 5448//11412 5986//11412 5943//11412
f 5942//11413 5911//11413 5967//11413
f 5987//11414 5826//11414 5955//11414
f 5988//11415 5906//11415 5965//11415
f 5988//11416 5948//11416 5906//11416
f 5478//11417 5757//11417 5945//11417
f 1137//11418 1113//11418 5948//11418
f 5478//11419 5874//11419 5757//11419
f 5360//11420 5808//11420 5887//11420
f 5360//11421 5908//11421 5808//11421
f 5485//11422 5886//11422 5742//11422
f 5378//11423 5928//11423 5576//11423
f 5485//11424 5742//11424 5506//11424
f 5467//11425 5884//11425 5829//11425
f 5467//11426 5829//11426 5844//11426
f 5989//11427 5922//11427 4463//11427
f 5990//11428 5844//11428 5910//11428
f 5440//11429 5932//11429 5936//11429
f 5967//11430 5861//11430 5971//11430
f 5440//11431 5936//11431 5970//11431
f 5980//11432 5888//11432 5978//11432
f 5991//11433 5961//11433 5905//11433
f 5992//11434 5938//11434 5977//11434
f 5993//11435 5899//11435 5842//11435
f 5964//11436 5892//11436 5848//11436
f 5984//11437 5917//11437 5883//11437
f 5994//11438 5953//11438 5951//11438
f 5493//11439 5933//11439 5904//11439
f 5970//11440 5924//11440 5952//11440
f 5980//11441 5969//11441 5852//11441
f 5995//11442 5974//11442 5954//11442
f 5976//11443 5845//11443 5958//11443
f 5996//11444 5880//11444 5865//11444
f 5977//11445 5931//11445 5979//11445
f 5997//11446 5921//11446 5972//11446
f 5997//11447 5952//11447 5921//11447
f 5502//11448 5907//11448 5875//11448
f 5992//11449 5954//11449 5938//11449
f 5377//11450 5956//11450 5928//11450
f 5377//11451 5928//11451 5378//11451
f 5998//11452 5959//11452 5960//11452
f 5979//11453 5428//11453 5433//11453
f 5860//11454 5709//11454 5520//11454
f 5999//11455 5965//11455 5944//11455
f 5999//11456 5944//11456 5985//11456
f 5506//11457 5827//11457 5298//11457
f 6000//11458 6001//11458 5975//11458
f 6002//11459 5950//11459 5880//11459
f 6003//11460 5951//11460 5983//11460
f 6004//11461 5889//11461 5436//11461
f 5415//11462 5858//11462 5413//11462
f 6005//11463 5453//11463 5957//11463
f 5415//11464 5900//11464 5858//11464
f 6005//11465 5894//11465 5453//11465
f 5472//11466 5929//11466 5898//11466
f 5983//11467 5879//11467 5981//11467
f 5987//11468 5966//11468 5826//11468
f 5363//11469 5910//11469 5849//11469
f 6006//11470 5865//11470 5934//11470
f 5982//11471 5961//11471 5991//11471
f 5991//11472 5905//11472 5969//11472
f 5457//11473 5363//11473 5918//11473
f 5981//11474 5917//11474 5984//11474
f 5440//11475 5433//11475 5932//11475
f 5490//11476 5898//11476 5916//11476
f 5470//11477 5946//11477 5878//11477
f 1137//11478 5948//11478 5988//11478
f 3948//11479 5962//11479 5912//11479
f 5998//11480 5984//11480 5959//11480
f 6007//11481 5947//11481 5968//11481
f 5993//11482 5842//11482 5946//11482
f 5416//11483 5986//11483 5448//11483
f 5966//11484 5934//11484 5881//11484
f 5419//11485 5918//11485 5908//11485
f 5438//11486 5916//11486 5941//11486
f 3938//11487 5912//11487 5891//11487
f 5387//11488 5964//11488 5909//11488
f 5387//11489 5909//11489 5373//11489
f 5994//11490 5968//11490 5953//11490
f 5993//11491 5410//11491 5899//11491
f 6008//11492 5981//11492 5984//11492
f 5588//11493 5897//11493 5922//11493
f 5588//11494 5922//11494 5989//11494
f 5972//11495 5956//11495 5377//11495
f 5995//11496 5954//11496 5992//11496
f 3936//11497 5891//11497 5831//11497
f 6009//11498 6001//11498 6000//11498
f 6004//11499 5963//11499 5889//11499
f 6009//11500 6010//11500 6001//11500
f 5456//11501 5894//11501 6005//11501
f 6011//11502 5998//11502 5960//11502
f 5385//11503 5737//11503 5386//11503
f 5393//11504 5970//11504 5952//11504
f 5460//11505 5834//11505 5410//11505
f 5547//11506 5940//11506 5860//11506
f 6012//11507 5977//11507 5979//11507
f 6002//11508 1086//11508 5950//11508
f 5493//11509 5904//11509 5494//11509
f 6013//11510 5951//11510 6003//11510
f 6013//11511 5994//11511 5951//11511
f 5390//11512 5920//11512 5939//11512
f 6007//11513 5985//11513 5947//11513
f 6014//11514 1137//11514 5988//11514
f 6002//11515 5880//11515 5996//11515
f 6015//11516 5988//11516 5965//11516
f 6015//11517 5965//11517 5999//11517
f 5361//11518 5360//11518 5887//11518
f 6000//11519 5975//11519 5974//11519
f 6016//11520 5968//11520 5994//11520
f 5480//11521 5926//11521 5874//11521
f 5480//11522 5874//11522 5478//11522
f 5390//11523 5939//11523 5940//11523
f 5416//11524 6017//11524 5986//11524
f 5439//11525 5941//11525 5884//11525
f 5537//11526 5817//11526 5385//11526
f 5439//11527 5884//11527 5467//11527
f 6018//11528 6010//11528 6009//11528
f 3968//11529 5915//11529 5962//11529
f 5990//11530 5467//11530 5844//11530
f 5389//11531 5856//11531 5920//11531
f 5374//11532 5927//11532 5396//11532
f 6014//11533 1209//11533 1137//11533
f 3936//11534 5831//11534 5930//11534
f 5444//11535 5934//11535 5966//11535
f 5611//11536 5897//11536 5588//11536
f 5611//11537 5913//11537 5897//11537
f 5362//11538 5910//11538 5363//11538
f 5362//11539 5990//11539 5910//11539
f 5958//11540 5824//11540 5973//11540
f 5497//11541 5846//11541 5817//11541
f 5484//11542 5886//11542 5485//11542
f 5484//11543 5870//11543 5886//11543
f 5431//11544 5942//11544 5967//11544
f 5435//11545 6004//11545 5436//11545
f 5509//11546 5945//11546 5892//11546
f 5509//11547 5892//11547 5964//11547
f 5532//11548 5946//11548 5470//11548
f 6019//11549 5976//11549 5958//11549
f 5431//11550 5967//11550 5971//11550
f 5496//11551 5846//11551 5497//11551
f 6008//11552 5984//11552 5998//11552
f 3968//11553 5978//11553 5915//11553
f 3945//11554 5919//11554 5894//11554
f 5402//11555 5977//11555 6012//11555
f 3945//11556 5894//11556 5456//11556
f 5419//11557 5908//11557 5360//11557
f 5460//11558 5935//11558 5834//11558
f 5400//11559 5955//11559 5929//11559
f 5400//11560 5929//11560 5472//11560
f 5382//11561 5979//11561 5433//11561
f 5382//11562 5433//11562 5380//11562
f 6016//11563 6007//11563 5968//11563
f 6020//11564 5983//11564 5981//11564
f 5471//11565 5878//11565 5869//11565
f 5471//11566 5869//11566 5870//11566
f 6021//11567 5985//11567 6007//11567
f 6021//11568 5999//11568 5985//11568
f 3953//11569 5980//11569 5978//11569
f 5528//11570 5386//11570 5754//11570
f 6020//11571 5981//11571 6008//11571
f 5514//11572 5792//11572 4476//11572
f 5389//11573 5937//11573 5856//11573
f 5504//11574 5996//11574 5865//11574
f 5504//11575 5865//11575 6006//11575
f 5402//11576 5992//11576 5977//11576
f 5517//11577 5971//11577 5900//11577
f 5439//11578 5438//11578 5941//11578
f 5517//11579 5900//11579 5415//11579
f 3947//11580 5962//11580 3948//11580
f 5392//11581 5970//11581 5393//11581
f 5392//11582 5440//11582 5970//11582
f 5361//11583 5887//11583 5963//11583
f 5442//11584 5995//11584 5992//11584
f 6011//11585 5960//11585 5982//11585
f 6022//11586 6013//11586 6003//11586
f 3938//11587 3948//11587 5912//11587
f 5436//11588 5949//11588 5896//11588
f 3938//11589 5891//11589 3936//11589
f 5426//11590 5997//11590 5972//11590
f 5418//11591 5457//11591 5918//11591
f 6014//11592 5988//11592 6015//11592
f 5418//11593 5918//11593 5419//11593
f 6022//11594 6003//11594 5983//11594
f 5393//11595 5952//11595 5997//11595
f 5405//11596 6009//11596 6000//11596
f 5489//11597 5963//11597 6004//11597
f 5576//11598 5913//11598 5611//11598
f 5383//11599 5972//11599 5377//11599
f 5472//11600 5898//11600 5490//11600
f 3955//11601 5969//11601 5980//11601
f 5464//11602 5964//11602 5387//11602
f 6023//11603 5983//11603 6020//11603
f 5522//11604 5860//11604 5520//11604
f 5490//11605 5916//11605 5438//11605
f 3955//11606 5980//11606 3953//11606
f 5444//11607 6006//11607 5934//11607
f 5406//11608 5974//11608 5995//11608
f 5406//11609 6000//11609 5974//11609
f 5529//11610 5528//11610 5792//11610
f 5501//11611 5907//11611 5502//11611
f 5501//11612 5896//11612 5907//11612
f 6024//11613 6013//11613 6022//11613
f 5400//11614 5987//11614 5955//11614
f 3969//11615 5978//11615 3968//11615
f 6013//11616 6016//11616 5994//11616
f 3959//11617 5957//11617 5976//11617
f 3959//11618 5976//11618 6019//11618
f 1139//11619 6025//11619 6017//11619
f 1139//11620 6017//11620 5416//11620
f 3963//11621 6008//11621 5998//11621
f 5399//11622 5966//11622 5987//11622
f 5532//11623 5993//11623 5946//11623
f 3968//11624 5962//11624 3947//11624
f 5463//11625 5935//11625 5460//11625
f 3945//11626 5930//11626 5919//11626
f 5408//11627 6018//11627 6009//11627
f 6023//11628 6022//11628 5983//11628
f 6002//11629 1189//11629 1086//11629
f 5471//11630 5870//11630 5484//11630
f 3927//11631 5969//11631 3955//11631
f 3927//11632 5991//11632 5969//11632
f 5450//11633 5416//11633 5448//11633
f 5973//11634 5327//11634 5238//11634
f 5371//11635 6015//11635 5999//11635
f 5476//11636 5979//11636 5382//11636
f 5371//11637 5999//11637 6021//11637
f 5539//11638 5940//11638 5547//11638
f 5476//11639 6012//11639 5979//11639
f 3953//11640 5978//11640 3969//11640
f 5432//11641 5971//11641 5517//11641
f 5470//11642 5878//11642 5471//11642
f 3945//11643 3936//11643 5930//11643
f 3926//11644 5982//11644 5991//11644
f 3926//11645 3930//11645 5982//11645
f 3926//11646 5991//11646 3927//11646
f 5414//11647 5413//11647 5926//11647
f 5414//11648 5926//11648 5480//11648
f 5449//11649 5448//11649 5942//11649
f 5449//11650 5942//11650 5431//11650
f 6026//11651 6016//11651 6013//11651
f 5375//11652 6014//11652 6015//11652
f 5364//11653 5363//11653 5457//11653
f 6021//11654 6007//11654 6016//11654
f 5491//11655 5989//11655 4463//11655
f 3961//11656 5998//11656 6011//11656
f 3932//11657 6011//11657 5982//11657
f 5397//11658 5396//11658 5933//11658
f 5397//11659 5933//11659 5493//11659
f 3930//11660 3932//11660 5982//11660
f 5489//11661 6004//11661 5435//11661
f 5504//11662 6002//11662 5996//11662
f 5446//11663 5990//11663 5362//11663
f 5539//11664 5390//11664 5940//11664
f 5514//11665 5529//11665 5792//11665
f 5399//11666 5444//11666 5966//11666
f 1139//11667 1138//11667 6025//11667
f 5515//11668 4476//11668 5503//11668
f 3940//11669 6005//11669 5957//11669
f 3940//11670 5957//11670 3959//11670
f 5547//11671 5860//11671 5522//11671
f 5442//11672 5992//11672 5402//11672
f 3965//11673 6023//11673 6020//11673
f 5374//11674 5373//11674 5927//11674
f 6020//11675 6008//11675 3963//11675
f 5405//11676 6000//11676 5406//11676
f 5501//11677 5436//11677 5896//11677
f 5359//11678 5419//11678 5360//11678
f 3962//11679 3963//11679 5998//11679
f 3962//11680 5998//11680 3961//11680
f 5405//11681 5408//11681 6009//11681
f 5463//11682 5502//11682 5935//11682
f 3961//11683 6011//11683 3932//11683
f 5389//11684 5920//11684 5390//11684
f 5375//11685 1209//11685 6014//11685
f 5403//11686 5402//11686 6012//11686
f 5409//11687 5460//11687 5410//11687
f 3940//11688 5456//11688 6005//11688
f 5375//11689 6015//11689 5371//11689
f 5426//11690 5972//11690 5383//11690
f 3959//11691 3941//11691 3940//11691
f 5521//11692 5520//11692 5496//11692
f 5406//11693 5995//11693 5442//11693
f 5411//11694 5993//11694 5532//11694
f 5375//11695 1259//11695 1209//11695
f 3964//11696 3965//11696 6020//11696
f 5504//11697 1189//11697 6002//11697
f 5365//11698 6026//11698 6013//11698
f 5365//11699 6013//11699 6024//11699
f 5408//11700 6027//11700 6018//11700
f 6020//11701 3963//11701 3964//11701
f 5488//11702 5963//11702 5489//11702
f 5488//11703 5361//11703 5963//11703
f 5588//11704 5989//11704 5491//11704
f 5479//11705 5478//11705 5945//11705
f 5479//11706 5945//11706 5509//11706
f 5393//11707 5997//11707 5426//11707
f 5497//11708 5817//11708 5537//11708
f 3951//11709 5973//11709 5238//11709
f 5462//11710 5400//11710 5472//11710
f 5367//11711 6021//11711 6016//11711
f 5367//11712 6016//11712 6026//11712
f 3957//11713 5958//11713 5973//11713
f 3957//11714 3959//11714 6019//11714
f 3957//11715 6019//11715 5958//11715
f 3965//11716 6022//11716 6023//11716
f 5410//11717 5993//11717 5411//11717
f 5474//11718 5504//11718 6006//11718
f 5474//11719 6006//11719 5444//11719
f 5432//11720 5431//11720 5971//11720
f 5403//11721 6012//11721 5476//11721
f 5400//11722 5399//11722 5987//11722
f 5358//11723 6024//11723 6022//11723
f 5357//11724 6024//11724 5358//11724
f 5384//11725 5386//11725 5528//11725
f 3951//11726 5238//11726 3898//11726
f 5401//11727 5442//11727 5402//11727
f 1282//11728 1259//11728 5375//11728
f 3951//11729 3957//11729 5973//11729
f 5492//11730 5494//11730 5937//11730
f 5473//11731 5472//11731 5490//11731
f 5492//11732 5937//11732 5389//11732
f 5358//11733 3965//11733 340//11733
f 3965//11734 5358//11734 6022//11734
f 5446//11735 5467//11735 5990//11735
f 1202//11736 5416//11736 5450//11736
f 5434//11737 5436//11737 5501//11737
f 5509//11738 5964//11738 5464//11738
f 5370//11739 5375//11739 5371//11739
f 5535//11740 6027//11740 5408//11740
f 5357//11741 5365//11741 6024//11741
f 5368//11742 6026//11742 5365//11742
f 5368//11743 5367//11743 6026//11743
f 5486//11744 5490//11744 5438//11744
f 5366//11745 6021//11745 5367//11745
f 5366//11746 5371//11746 6021//11746
f 4503//11747 5638//11747 6028//11747
f 4502//11748 4503//11748 6028//11748
f 4502//11749 6028//11749 6029//11749
f 4499//11750 4502//11750 6029//11750
f 4499//11751 6029//11751 6030//11751
f 4499//11752 6030//11752 6031//11752
f 4496//11753 4499//11753 6031//11753
f 4496//11754 6031//11754 6032//11754
f 4495//11755 4496//11755 6032//11755
f 4495//11756 6032//11756 6033//11756
f 4495//11757 6033//11757 6034//11757
f 4492//11758 4495//11758 6034//11758
f 6035//11759 4492//11759 6034//11759
f 6036//11760 4492//11760 6035//11760
f 4141//11761 4492//11761 6036//11761
f 6037//11762 4141//11762 6036//11762
f 4126//11763 4141//11763 6037//11763
f 4126//11764 6037//11764 6038//11764
f 4489//11765 4126//11765 6038//11765
f 4134//11766 4489//11766 6039//11766
f 6040//11767 4134//11767 6039//11767
f 4487//11768 4134//11768 6040//11768
f 6041//11769 6042//11769 6043//11769
f 6044//11770 3749//11770 6045//11770
f 6046//11771 3787//11771 6047//11771
f 6048//11772 6049//11772 6050//11772
f 6051//11773 3852//11773 4479//11773
f 6052//11774 3804//11774 6053//11774
f 6054//11775 5787//11775 5862//11775
f 3804//11776 6055//11776 6053//11776
f 6049//11777 6048//11777 6056//11777
f 6057//11778 6058//11778 6059//11778
f 6060//11779 6043//11779 6061//11779
f 6060//11780 6041//11780 6043//11780
f 6062//11781 6063//11781 6064//11781
f 6065//11782 6054//11782 5862//11782
f 6066//11783 6067//11783 6068//11783
f 6057//11784 6059//11784 6069//11784
f 6068//11785 6070//11785 6066//11785
f 6065//11786 5862//11786 5911//11786
f 6071//11787 6072//11787 6073//11787
f 6074//11788 6075//11788 6076//11788
f 6077//11789 6051//11789 4132//11789
f 6078//11790 6079//11790 6080//11790
f 6078//11791 6081//11791 6079//11791
f 6082//11792 3797//11792 6083//11792
f 6060//11793 6061//11793 6050//11793
f 6084//11794 6049//11794 6056//11794
f 6085//11795 6086//11795 6087//11795
f 6088//11796 6065//11796 5911//11796
f 6088//11797 5911//11797 5943//11797
f 6089//11798 4132//11798 4484//11798
f 6089//11799 6077//11799 4132//11799
f 6084//11800 6056//11800 6054//11800
f 6090//11801 6091//11801 6092//11801
f 6093//11802 6091//11802 6090//11802
f 6078//11803 6087//11803 6086//11803
f 6094//11804 6095//11804 6096//11804
f 5943//11805 6097//11805 6088//11805
f 6050//11806 6098//11806 6060//11806
f 6099//11807 6089//11807 4484//11807
f 6100//11808 6042//11808 6041//11808
f 6101//11809 6102//11809 6103//11809
f 6104//11810 6084//11810 6054//11810
f 6105//11811 6106//11811 6107//11811
f 6108//11812 6074//11812 6105//11812
f 6050//11813 6049//11813 6098//11813
f 6099//11814 6109//11814 3856//11814
f 6109//11815 6099//11815 4484//11815
f 6109//11816 4484//11816 4483//11816
f 6099//11817 3856//11817 3855//11817
f 6082//11818 6085//11818 3798//11818
f 6110//11819 6100//11819 6041//11819
f 6017//11820 5943//11820 5986//11820
f 6017//11821 6097//11821 5943//11821
f 6017//11822 6111//11822 6097//11822
f 6112//11823 6107//11823 6106//11823
f 6113//11824 3856//11824 6109//11824
f 6065//11825 6104//11825 6054//11825
f 6114//11826 6115//11826 6116//11826
f 6113//11827 6109//11827 4483//11827
f 6117//11828 6064//11828 6118//11828
f 6110//11829 6041//11829 6060//11829
f 6017//11830 6119//11830 6111//11830
f 6095//11831 6120//11831 6121//11831
f 1916//11832 6017//11832 6025//11832
f 3806//11833 6087//11833 6078//11833
f 3857//11834 6113//11834 6122//11834
f 6096//11835 6095//11835 6121//11835
f 6113//11836 4483//11836 4487//11836
f 6065//11837 6123//11837 6104//11837
f 6105//11838 6107//11838 6116//11838
f 6105//11839 6116//11839 6108//11839
f 6085//11840 3805//11840 3798//11840
f 6085//11841 6087//11841 3805//11841
f 6124//11842 6125//11842 6126//11842
f 1916//11843 6025//11843 1138//11843
f 6127//11844 6049//11844 6084//11844
f 6128//11845 6124//11845 6126//11845
f 6122//11846 6113//11846 4487//11846
f 6096//11847 6121//11847 6100//11847
f 3808//11848 6125//11848 6124//11848
f 3811//11849 6129//11849 6130//11849
f 6122//11850 4487//11850 6040//11850
f 6131//11851 6096//11851 6100//11851
f 6098//11852 6132//11852 6133//11852
f 6098//11853 6133//11853 6060//11853
f 6125//11854 3807//11854 3806//11854
f 6134//11855 6084//11855 6104//11855
f 6134//11856 6127//11856 6084//11856
f 6135//11857 6122//11857 6040//11857
f 1916//11858 1953//11858 6119//11858
f 1916//11859 6119//11859 6017//11859
f 3811//11860 6116//11860 6129//11860
f 3808//11861 6136//11861 3809//11861
f 6098//11862 6137//11862 6132//11862
f 3789//11863 3740//11863 3785//11863
f 6138//11864 3792//11864 6139//11864
f 6138//11865 6140//11865 6141//11865
f 6135//11866 6040//11866 6039//11866
f 6123//11867 6134//11867 6104//11867
f 6123//11868 6088//11868 6097//11868
f 6142//11869 6100//11869 6110//11869
f 6142//11870 6131//11870 6100//11870
f 6143//11871 6144//11871 6145//11871
f 3812//11872 3811//11872 6130//11872
f 6146//11873 6058//11873 6147//11873
f 6148//11874 3834//11874 6149//11874
f 6140//11875 6150//11875 3795//11875
f 6137//11876 6098//11876 6049//11876
f 3792//11877 6138//11877 6141//11877
f 6151//11878 6039//11878 4489//11878
f 6152//11879 6146//11879 6147//11879
f 6153//11880 5748//11880 5776//11880
f 6154//11881 6155//11881 3842//11881
f 6151//11882 6135//11882 6039//11882
f 6140//11883 3795//11883 3793//11883
f 6140//11884 3793//11884 6141//11884
f 6153//11885 5776//11885 6156//11885
f 6142//11886 6110//11886 6133//11886
f 3813//11887 3812//11887 6130//11887
f 6157//11888 3842//11888 6155//11888
f 3813//11889 6130//11889 6092//11889
f 6158//11890 3843//11890 6157//11890
f 6127//11891 6137//11891 6049//11891
f 6119//11892 6159//11892 6160//11892
f 6119//11893 6160//11893 6111//11893
f 6151//11894 4489//11894 6038//11894
f 6147//11895 6058//11895 6057//11895
f 6091//11896 3813//11896 6092//11896
f 6070//11897 6156//11897 6066//11897
f 6070//11898 6161//11898 6156//11898
f 6162//11899 6123//11899 6097//11899
f 6163//11900 6151//11900 6038//11900
f 6086//11901 6081//11901 6078//11901
f 3843//11902 6158//11902 3844//11902
f 6164//11903 6162//11903 6097//11903
f 6131//11904 6094//11904 6096//11904
f 6127//11905 6165//11905 6166//11905
f 3815//11906 3814//11906 6091//11906
f 3815//11907 6091//11907 6093//11907
f 6163//11908 6038//11908 6037//11908
f 6132//11909 6167//11909 6133//11909
f 6168//11910 6169//11910 6101//11910
f 6170//11911 6163//11911 6037//11911
f 5648//11912 5667//11912 6171//11912
f 6172//11913 5726//11913 5748//11913
f 6173//11914 5638//11914 5637//11914
f 6174//11915 6165//11915 6134//11915
f 6173//11916 6175//11916 6176//11916
f 6173//11917 5637//11917 5648//11917
f 6173//11918 5648//11918 6171//11918
f 6173//11919 6176//11919 5638//11919
f 3815//11920 6093//11920 6177//11920
f 6171//11921 5667//11921 5666//11921
f 3858//11922 6122//11922 6135//11922
f 6174//11923 6134//11923 6162//11923
f 6178//11924 6153//11924 6179//11924
f 3817//11925 6094//11925 6180//11925
f 6170//11926 6037//11926 6036//11926
f 3858//11927 3857//11927 6122//11927
f 3858//11928 6135//11928 3859//11928
f 6181//11929 6180//11929 6131//11929
f 3816//11930 6177//11930 6094//11930
f 6182//11931 3859//11931 6135//11931
f 6183//11932 5873//11932 5893//11932
f 3816//11933 3815//11933 6177//11933
f 6046//11934 6031//11934 6030//11934
f 6176//11935 6028//11935 5638//11935
f 6170//11936 6184//11936 6163//11936
f 6185//11937 5893//11937 5925//11937
f 6186//11938 6170//11938 6036//11938
f 5975//11939 6185//11939 5925//11939
f 3784//11940 6182//11940 6151//11940
f 6179//11941 6161//11941 6187//11941
f 3785//11942 3784//11942 6151//11942
f 3785//11943 6151//11943 6163//11943
f 6181//11944 6131//11944 6142//11944
f 3785//11945 6163//11945 6184//11945
f 3817//11946 3816//11946 6094//11946
f 6186//11947 6036//11947 6035//11947
f 6101//11948 6188//11948 6166//11948
f 6189//11949 6179//11949 6081//11949
f 6190//11950 1953//11950 1984//11950
f 6170//11951 3789//11951 6184//11951
f 6188//11952 6167//11952 6132//11952
f 6188//11953 6169//11953 6167//11953
f 6188//11954 6101//11954 6169//11954
f 6185//11955 6191//11955 6183//11955
f 6192//11956 6181//11956 6142//11956
f 6186//11957 3789//11957 6170//11957
f 6193//11958 6194//11958 6195//11958
f 6139//11959 6186//11959 6035//11959
f 6196//11960 6197//11960 6164//11960
f 6186//11961 3791//11961 3788//11961
f 6186//11962 3788//11962 3789//11962
f 6102//11963 6166//11963 6165//11963
f 3789//11964 3785//11964 6184//11964
f 3818//11925 3817//11925 6180//11925
f 6183//11965 6198//11965 6199//11965
f 6139//11966 3791//11966 6186//11966
f 6200//11967 6192//11967 6142//11967
f 6191//11968 6201//11968 6062//11968
f 6193//11969 6202//11969 6152//11969
f 6203//11970 6010//11970 6204//11970
f 6139//11971 6035//11971 6034//11971
f 6204//11972 6010//11972 6018//11972
f 6204//11973 6018//11973 6027//11973
f 6196//11974 6164//11974 6159//11974
f 6205//11975 3840//11975 3742//11975
f 6139//11976 3792//11976 3791//11976
f 6102//11977 6165//11977 6174//11977
f 6081//11978 6187//11978 6079//11978
f 6202//11979 6146//11979 6152//11979
f 6181//11980 3818//11980 6180//11980
f 6102//11981 6101//11981 6166//11981
f 6206//11982 3840//11982 6205//11982
f 6196//11983 6207//11983 6197//11983
f 6208//11984 5748//11984 6153//11984
f 6209//11985 6210//11985 6211//11985
f 6138//11986 6139//11986 6034//11986
f 6209//11987 6194//11987 6193//11987
f 6209//11988 6211//11988 6194//11988
f 6209//11989 6193//11989 6152//11989
f 6208//11990 6212//11990 6213//11990
f 6208//11991 6213//11991 6172//11991
f 6214//11992 6215//11992 3801//11992
f 6178//11993 6212//11993 6208//11993
f 6178//11994 6208//11994 6153//11994
f 6216//11995 6102//11995 6174//11995
f 6106//11996 6217//11996 6191//11996
f 6140//11997 6138//11997 6034//11997
f 6153//11998 6156//11998 6161//11998
f 3799//11999 3840//11999 6206//11999
f 6140//12000 6034//12000 6033//12000
f 6069//12001 6218//12001 6083//12001
f 6219//12002 6159//12002 6220//12002
f 6219//12003 6196//12003 6159//12003
f 6221//12004 6055//12004 6147//12004
f 6221//12005 6147//12005 6057//12005
f 6204//12006 6072//12006 6203//12006
f 6221//12007 6057//12007 6069//12007
f 6221//12008 6069//12008 6083//12008
f 6221//12009 6053//12009 6055//12009
f 6102//12010 6216//12010 6222//12010
f 3799//12011 6045//12011 3746//12011
f 6215//12012 6055//12012 3803//12012
f 6083//12013 6223//12013 6086//12013
f 6192//12014 3819//12014 6181//12014
f 6061//12015 6224//12015 6050//12015
f 6196//12016 6219//12016 6207//12016
f 6027//12017 6073//12017 6072//12017
f 6027//12018 6072//12018 6204//12018
f 6110//12019 6060//12019 6133//12019
f 6094//12020 6131//12020 6180//12020
f 6144//12021 6174//12021 6197//12021
f 6195//12022 6176//12022 6175//12022
f 6094//12023 6177//12023 6095//12023
f 6225//12024 6133//12024 6167//12024
f 6225//12025 6200//12025 6142//12025
f 6225//12026 6142//12026 6133//12026
f 3804//12027 3803//12027 6055//12027
f 6150//12028 6140//12028 6033//12028
f 6192//12029 3820//12029 3819//12029
f 6220//12030 1984//12030 1997//12030
f 3801//12031 6215//12031 3803//12031
f 6150//12028 6033//12028 6032//12028
f 6106//12032 6062//12032 6117//12032
f 3818//12033 6181//12033 3819//12033
f 3802//12034 3749//12034 6044//12034
f 6207//12035 6144//12035 6197//12035
f 3821//12036 3820//12036 6192//12036
f 6062//12037 6064//12037 6117//12037
f 6144//12038 6216//12038 6174//12038
f 6073//12039 6226//12039 6071//12039
f 6105//12040 6217//12040 6106//12040
f 6105//12041 6074//12041 6198//12041
f 6105//12042 6198//12042 6217//12042
f 3821//12043 6192//12043 6200//12043
f 6075//12044 6074//12044 6108//12044
f 6195//12045 6175//12045 6173//12045
f 3821//12046 6200//12046 6225//12046
f 6106//12047 6117//12047 6112//12047
f 6078//12048 6080//12048 6125//12048
f 6125//12049 6080//12049 6126//12049
f 6168//12050 6167//12050 6169//12050
f 6047//12051 6150//12051 6032//12051
f 6047//12052 6032//12052 6031//12052
f 6075//12053 6115//12053 6227//12053
f 6075//12054 6108//12054 6115//12054
f 6193//12055 6195//12055 6173//12055
f 3821//12056 6225//12056 6167//12056
f 6125//12057 3806//12057 6078//12057
f 6207//12058 6145//12058 6144//12058
f 6207//12059 6148//12059 6145//12059
f 6108//12060 6116//12060 6115//12060
f 6228//12061 6207//12061 6219//12061
f 3806//12062 3805//12062 6087//12062
f 6193//12063 6173//12063 6171//12063
f 3822//12064 3821//12064 6167//12064
f 3824//12065 6168//12065 6103//12065
f 3823//12066 6167//12066 6168//12066
f 3823//12067 3822//12067 6167//12067
f 6046//12068 6047//12068 6031//12068
f 6202//12069 6193//12069 6171//12069
f 6228//12070 6148//12070 6207//12070
f 6093//12071 6090//12071 6229//12071
f 6194//12072 6176//12072 6195//12072
f 6230//12073 1997//12073 2017//12073
f 3824//12074 3823//12074 6168//12074
f 3825//12075 6103//12075 6222//12075
f 6202//12076 6171//12076 5666//12076
f 6222//12077 6216//12077 6144//12077
f 6231//12078 6046//12078 6030//12078
f 6231//12079 6030//12079 6029//12079
f 3825//12080 3824//12080 6103//12080
f 6146//12081 6202//12081 5666//12081
f 6158//12082 6232//12082 3844//12082
f 3826//12083 3825//12083 6222//12083
f 6233//12084 6148//12084 6228//12084
f 6234//12085 6233//12085 6228//12085
f 6235//12086 6236//12086 6237//12086
f 3845//12087 3844//12087 6232//12087
f 6236//12088 3846//12088 3845//12088
f 3827//12089 3826//12089 6222//12089
f 6146//12090 5666//12090 5674//12090
f 6149//12091 6143//12091 6145//12091
f 3828//12092 3827//12092 6222//12092
f 3828//12093 6222//12093 6143//12093
f 6238//12094 6231//12094 6029//12094
f 6238//12095 6029//12095 6028//12095
f 6234//12096 2017//12096 2023//12096
f 6058//12097 6146//12097 5674//12097
f 6239//12098 6233//12098 6234//12098
f 3830//12099 6143//12099 6149//12099
f 3830//12100 3828//12100 6143//12100
f 6058//12101 5674//12101 5718//12101
f 6240//12102 6028//12102 6176//12102
f 6240//12103 6238//12103 6028//12103
f 6059//12104 6058//12104 5718//12104
f 6211//12105 6176//12105 6194//12105
f 6211//12106 6240//12106 6176//12106
f 3829//12107 6241//12107 3831//12107
f 6212//12108 6059//12108 5718//12108
f 6212//12109 5718//12109 6213//12109
f 6213//12110 5718//12110 5726//12110
f 3837//12111 3835//12111 6242//12111
f 6172//12112 5748//12112 6208//12112
f 3832//12113 6243//12113 3835//12113
f 6189//12114 6178//12114 6179//12114
f 6185//12115 6183//12115 5893//12115
f 6199//12116 5873//12116 6183//12116
f 5535//12117 5525//12117 6244//12117
f 6245//12118 3738//12118 3786//12118
f 6245//12119 3741//12119 3738//12119
f 6001//12120 6185//12120 5975//12120
f 3797//12121 6052//12121 6221//12121
f 6246//12122 6240//12122 6211//12122
f 6083//12123 3797//12123 6221//12123
f 6201//12124 6185//12124 6001//12124
f 6201//12125 6001//12125 6203//12125
f 6085//12126 6082//12126 6083//12126
f 6189//12127 6086//12127 6223//12127
f 6189//12128 6081//12128 6086//12128
f 6203//12129 6001//12129 6010//12129
f 6246//12130 6211//12130 6210//12130
f 6201//12131 6203//12131 6063//12131
f 3847//12132 3741//12132 6245//12132
f 3847//12133 6205//12133 3742//12133
f 6071//12134 6120//12134 6064//12134
f 6044//12135 6247//12135 3802//12135
f 6045//12136 6246//12136 6210//12136
f 6214//12137 3802//12137 6247//12137
f 3802//12138 6214//12138 3801//12138
f 6082//12139 3798//12139 3797//12139
f 6044//12140 6045//12140 6210//12140
f 6044//12141 6210//12141 6209//12141
f 6112//12142 6130//12142 6107//12142
f 6112//12143 6092//12143 6130//12143
f 6120//12144 6071//12144 6226//12144
f 6120//12145 6226//12145 6121//12145
f 6226//12146 6100//12146 6121//12146
f 6226//12147 6042//12147 6100//12147
f 6247//12148 6044//12148 6209//12148
f 6120//12149 6095//12149 6177//12149
f 6120//12150 6177//12150 6229//12150
f 3807//12151 6125//12151 3808//12151
f 6114//12152 6116//12152 3811//12152
f 6088//12153 6123//12153 6065//12153
f 6090//12154 6118//12154 6229//12154
f 6124//12155 6136//12155 3808//12155
f 6247//12156 6209//12156 6152//12156
f 6177//12157 6093//12157 6229//12157
f 6119//12158 1953//12158 6190//12158
f 6137//12159 6127//12159 6166//12159
f 6127//12160 6134//12160 6165//12160
f 6160//12161 6159//12161 6164//12161
f 6190//12162 6159//12162 6119//12162
f 6162//12163 6134//12163 6123//12163
f 6143//12164 6222//12164 6144//12164
f 6137//12159 6166//12159 6188//12159
f 6197//12165 6174//12165 6162//12165
f 6197//12166 6162//12166 6164//12166
f 6220//12167 6159//12167 6190//12167
f 6248//12168 3849//12168 6237//12168
f 6235//12169 6237//12169 3849//12169
f 6235//12170 3846//12170 6236//12170
f 6220//12171 6190//12171 1984//12171
f 6215//12172 6247//12172 6152//12172
f 6215//12173 6152//12173 6147//12173
f 6235//12174 3848//12174 3846//12174
f 6220//12175 1997//12175 6230//12175
f 6220//12176 6230//12176 6219//12176
f 6219//12177 6230//12177 6228//12177
f 6228//12178 6230//12178 6234//12178
f 3849//12179 3848//12179 6235//12179
f 6248//12180 3850//12180 3849//12180
f 6230//12181 2017//12181 6234//12181
f 3850//12182 6248//12182 6249//12182
f 6055//12183 6215//12183 6147//12183
f 3836//12184 6233//12184 6239//12184
f 6239//12185 6234//12185 2023//12185
f 6239//12186 2023//12186 2088//12186
f 3836//12187 6239//12187 3838//12187
f 3838//12188 6239//12188 2088//12188
f 3829//12189 2096//12189 6241//12189
f 6250//12190 3832//12190 3831//12190
f 6213//12191 5726//12191 6172//12191
f 6158//12192 6157//12192 6155//12192
f 6212//12193 6178//12193 6189//12193
f 6212//12194 6189//12194 6218//12194
f 6157//12195 3726//12195 3842//12195
f 3843//12196 3726//12196 6157//12196
f 5422//12197 5421//12197 6067//12197
f 5422//12198 6067//12198 6066//12198
f 6066//12199 6156//12199 5803//12199
f 5873//12200 6199//12200 6067//12200
f 6238//12201 6240//12201 6206//12201
f 6068//12202 6251//12202 6252//12202
f 6068//12203 6252//12203 6070//12203
f 6246//12204 6206//12204 6240//12204
f 6076//12205 6068//12205 6253//12205
f 6076//12206 6251//12206 6068//12206
f 6218//12207 6189//12207 6223//12207
f 6218//12208 6223//12208 6083//12208
f 6198//12209 6253//12209 6199//12209
f 6206//12210 6205//12210 6238//12210
f 6246//12211 3799//12211 6206//12211
f 6246//12212 6045//12212 3799//12212
f 6053//12213 6221//12213 6052//12213
f 6254//12214 6126//12214 6252//12214
f 6254//12215 6128//12215 6126//12215
f 6227//12216 6128//12216 6254//12216
f 6227//12217 6254//12217 6075//12217
f 6107//12218 6130//12218 6129//12218
f 4462//12219 3835//12219 4460//12219
f 6072//12220 6063//12220 6203//12220
f 6251//12221 6254//12221 6252//12221
f 6075//12222 6251//12222 6076//12222
f 6075//12223 6254//12223 6251//12223
f 6074//12224 6076//12224 6198//12224
f 6103//12225 6102//12225 6222//12225
f 6064//12226 6063//12226 6072//12226
f 6086//12227 6085//12227 6083//12227
f 3850//12228 6249//12228 3851//12228
f 6064//12229 6072//12229 6071//12229
f 3852//12230 3851//12230 6249//12230
f 6051//12231 3853//12231 3852//12231
f 3803//12232 3790//12232 3801//12232
f 6241//12233 2096//12233 2135//12233
f 6241//12234 2135//12234 4454//12234
f 3831//12235 6241//12235 4454//12235
f 6089//12236 3855//12236 3854//12236
f 3794//12237 3803//12237 3804//12237
f 6250//12238 3831//12238 4454//12238
f 6250//12239 4454//12239 4457//12239
f 3804//12240 6052//12240 3797//12240
f 6243//12241 4457//12241 4460//12241
f 6243//12242 6250//12242 4457//12242
f 6117//12243 6118//12243 6112//12243
f 3835//12244 6243//12244 4460//12244
f 6229//12245 6118//12245 6064//12245
f 6120//12246 6229//12246 6064//12246
f 6047//12247 3796//12247 6150//12247
f 6242//12248 3835//12248 4462//12248
f 6107//12249 6129//12249 6116//12249
f 6128//12250 6136//12250 6124//12250
f 6154//12251 6242//12251 4462//12251
f 6128//12252 6227//12252 6136//12252
f 6118//12253 6090//12253 6112//12253
f 6115//12254 6114//12254 6227//12254
f 6114//12255 6136//12255 6227//12255
f 6059//12256 6212//12256 6218//12256
f 6155//12257 4462//12257 4464//12257
f 6155//12258 6154//12258 4462//12258
f 6090//12259 6092//12259 6112//12259
f 6136//12260 6114//12260 3809//12260
f 3793//12261 3792//12261 6141//12261
f 6114//12262 3810//12262 3809//12262
f 6160//12263 6097//12263 6111//12263
f 3811//12264 3810//12264 6114//12264
f 3786//12265 6046//12265 6245//12265
f 6231//12266 6245//12266 6046//12266
f 6160//12267 6164//12267 6097//12267
f 3786//12268 3787//12268 6046//12268
f 6132//12269 6137//12269 6188//12269
f 6069//12270 6059//12270 6218//12270
f 6149//12271 6145//12271 6148//12271
f 3847//12272 6231//12272 6238//12272
f 6253//12273 6068//12273 6067//12273
f 6253//12274 6067//12274 6199//12274
f 3834//12275 6233//12275 3836//12275
f 3834//12276 6148//12276 6233//12276
f 6158//12277 6155//12277 4464//12277
f 6158//12278 4464//12278 4466//12278
f 3847//12279 6238//12279 6205//12279
f 3847//12280 6245//12280 6231//12280
f 3833//12281 6149//12281 3834//12281
f 3833//12282 3830//12282 6149//12282
f 3852//12283 4478//12283 4479//12283
f 3852//12284 4477//12284 4478//12284
f 6232//12285 6158//12285 4466//12285
f 6080//12286 6079//12286 6252//12286
f 6080//12287 6252//12287 6126//12287
f 6243//12288 3832//12288 6250//12288
f 6154//12289 3839//12289 3837//12289
f 6154//12290 3837//12290 6242//12290
f 6232//12291 4466//12291 4468//12291
f 6091//12292 3814//12292 3813//12292
f 6168//12293 6101//12293 6103//12293
f 6051//12294 4479//12294 4132//12294
f 6051//12295 6077//12295 3854//12295
f 6232//12296 4468//12296 4470//12296
f 6051//12297 3854//12297 3853//12297
f 6089//12298 3854//12298 6077//12298
f 6099//12299 3855//12299 6089//12299
f 3839//12300 6154//12300 3842//12300
f 6236//12301 4470//12301 4472//12301
f 6236//12302 6232//12302 4470//12302
f 6236//12303 3845//12303 6232//12303
f 6151//12304 6182//12304 6135//12304
f 6113//12305 3857//12305 3856//12305
f 5776//12306 5803//12306 6156//12306
f 6237//12307 6236//12307 4472//12307
f 5422//12308 6066//12308 5803//12308
f 5873//12309 6067//12309 5421//12309
f 5674//12310 5685//12310 5706//12310
f 6179//12311 6153//12311 6161//12311
f 5674//12312 5706//12312 5718//12312
f 6248//12313 6237//12313 4472//12313
f 6248//12314 4472//12314 4474//12314
f 3784//12315 3859//12315 6182//12315
f 5524//12316 6244//12316 5525//12316
f 6081//12317 6179//12317 6187//12317
f 6247//12318 6215//12318 6214//12318
f 6252//12319 6161//12319 6070//12319
f 6252//12320 6187//12320 6161//12320
f 6224//12321 5524//12321 5558//12321
f 6224//12322 5558//12322 5625//12322
f 6042//12323 6027//12323 6244//12323
f 6042//12324 6073//12324 6027//12324
f 6191//12325 6185//12325 6201//12325
f 6249//12326 4474//12326 4477//12326
f 6249//12327 6248//12327 4474//12327
f 6048//12328 5625//12328 5645//12328
f 6048//12329 6224//12329 5625//12329
f 6043//12330 6042//12330 6244//12330
f 6043//12331 6244//12331 5524//12331
f 6056//12332 6048//12332 5645//12332
f 6061//12333 5524//12333 6224//12333
f 6061//12334 6043//12334 5524//12334
f 6056//12335 5645//12335 5738//12335
f 6198//12336 6076//12336 6253//12336
f 6191//12337 6062//12337 6106//12337
f 6063//12338 6062//12338 6201//12338
f 6042//12339 6226//12339 6073//12339
f 6217//12340 6198//12340 6183//12340
f 6217//12341 6183//12341 6191//12341
f 3852//12342 6249//12342 4477//12342
f 3796//12343 6047//12343 3787//12343
f 6054//12344 5738//12344 5787//12344
f 3796//12345 3795//12345 6150//12345
f 6027//12346 5535//12346 6244//12346
f 6054//12347 6056//12347 5738//12347
f 6252//12348 6079//12348 6187//12348
f 6048//12349 6050//12349 6224//12349
f 6045//12350 3749//12350 3746//12350
f 6255//12351 3840//12351 6256//12351
f 3841//12352 3840//12352 6255//12352
f 3800//12353 6255//12353 6257//12353
f 3800//12354 3841//12354 6255//12354
f 3840//12355 3800//12355 6256//12355
f 3800//12356 6257//12356 6256//12356
f 6256//12357 6257//12357 6255//12357
f 2327//12358 6258//12358 6259//12358
f 2327//12359 2329//12359 6258//12359
f 6259//12360 6260//12360 2327//12360
f 6260//12361 2325//12361 2327//12361
f 6258//12362 2325//12362 6260//12362
f 2329//12363 2325//12363 6258//12363
f 6258//12357 6260//12357 6259//12357
f 3743//7119 3735//7119 3737//7119
f 3743//7119 3724//7119 3735//7119
f 3743//7119 3714//7119 3724//7119
f 3748//7119 3719//7119 3743//7119
f 3719//7119 3714//7119 3743//7119