o obj1
v 0.08348 0.077957 0.01542
v 0.082302 0.078164 0.014999
v 0.083501 0.07807 0.015532
v 0.082284 0.078288 0.015106
v 0.081111 0.078492 0.014581
v 0.081159 0.078366 0.014495
v 0.079934 0.078691 0.013912
v 0.079969 0.078565 0.013836
v 0.077435 0.079135 0.012045
v 0.078287 0.078909 0.012678
v 0.077237 0.079042 0.011751
v 0.076489 0.079301 0.011102
v 0.076542 0.079165 0.011043
v 0.075664 0.079322 0.010008
v 0.075735 0.079431 0.010219
v 0.075057 0.079547 0.009306
v 0.074918 0.07944 0.008963
v 0.073299 0.079867 0.006055
v 0.073918 0.079634 0.007226
v 0.073517 0.079713 0.006342
v 0.0732 0.079771 0.005533
v 0.072843 0.079949 0.004737
v 0.072948 0.079818 0.004784
v 0.072437 0.080013 0.002998
v 0.072716 0.079888 0.003979
v 0.072554 0.079882 0.003211
v 0.072423 0.079929 0.002527
v 0.072316 0.080038 0.002239
v 0.072227 0.080053 0.001488
v 0.072308 0.079953 0.001665
v 0.084795 0.077713 0.015758
v 0.084786 0.077836 0.015848
v 0.087158 0.077418 0.016181
v 0.086775 0.077349 0.01605
v 0.072207 0.080035 0.000895
v 0.072267 0.079895 0.00092
v 0.072175 0.080048 2E-06
v 0.072243 0.079882 1E-06
v 0.073821 0.079771 0.007201
v 0.103788 0.074485 0.00305
v 0.103807 0.074351 0.002198
v 0.10369 0.074375 0.002957
v 0.103191 0.074603 0.005391
v 0.10331 0.07445 0.004585
v 0.103003 0.07452 0.005549
v 0.103401 0.074549 0.004643
v 0.102864 0.074631 0.006125
v 0.102578 0.074701 0.006862
v 0.102326 0.074625 0.007151
v 0.092149 0.076427 0.015581
v 0.091139 0.076601 0.015814
v 0.091006 0.076746 0.015956
v 0.103574 0.074497 0.003862
v 0.101501 0.07478 0.008637
v 0.101842 0.074831 0.008274
v 0.099268 0.075276 0.011589
v 0.098116 0.075488 0.012639
v 0.100419 0.075129 0.01056
v 0.095089 0.075899 0.014462
v 0.096158 0.075834 0.014004
v 0.09638 0.075665 0.013748
v 0.104031 0.074423 0.000683
v 0.104059 0.074426 -3E-06
v 0.103938 0.074293 -1E-06
v 0.103939 0.074356 0.001063
v 0.104036 0.074453 0.001414
v 0.103923 0.074463 0.002248
v 0.102225 0.074764 0.007582
v 0.101309 0.074925 0.009129
v 0.10061 0.074922 0.009911
v 0.100333 0.075089 0.010424
v 0.099609 0.075099 0.011092
v 0.098827 0.075234 0.011866
v 0.097836 0.075411 0.012723
v 0.097125 0.075666 0.013385
v 0.0948 0.076076 0.014733
v 0.094103 0.076083 0.014916
v 0.09334 0.076336 0.015337
v 0.093056 0.076268 0.015304
v 0.092221 0.076533 0.015678
v 0.08971 0.076857 0.016032
v 0.089438 0.077022 0.016168
v 0.088059 0.077146 0.016114
v 0.088259 0.077232 0.01622
v 0.092721 0.076328 -0.01542
v 0.093899 0.076119 -0.014999
v 0.092739 0.076441 -0.015533
v 0.093957 0.076231 -0.015108
v 0.095129 0.07602 -0.014582
v 0.095042 0.075918 -0.014495
v 0.096303 0.075803 -0.013911
v 0.096227 0.075698 -0.013836
v 0.098253 0.075463 -0.012524
v 0.09787 0.075392 -0.012684
v 0.098958 0.075212 -0.011751
v 0.098986 0.075337 -0.011878
v 0.099749 0.0752 -0.011103
v 0.099653 0.07509 -0.011043
v 0.100532 0.074938 -0.010008
v 0.100503 0.075064 -0.010219
v 0.10118 0.07494 -0.009303
v 0.101273 0.074793 -0.008964
v 0.102511 0.074708 -0.007015
v 0.10228 0.074633 -0.007226
v 0.102683 0.07457 -0.006343
v 0.103244 0.074588 -0.00523
v 0.103001 0.074516 -0.005533
v 0.103265 0.074471 -0.004743
v 0.103801 0.074482 -0.002988
v 0.103474 0.074419 -0.003954
v 0.103646 0.0744 -0.003211
v 0.103558 0.074523 -0.004085
v 0.079306 0.078754 -0.013451
v 0.078359 0.078845 -0.012723
v 0.080086 0.078538 -0.013908
v 0.103785 0.074399 -0.002527
v 0.103923 0.074465 -0.00224
v 0.104012 0.074448 -0.001488
v 0.103902 0.074383 -0.001666
v 0.091402 0.076549 -0.015758
v 0.091451 0.076661 -0.015848
v 0.08908 0.077079 -0.016181
v 0.089416 0.076884 -0.01605
v 0.104024 0.074425 -0.000895
v 0.103921 0.074314 -0.00092
v 0.072406 0.079912 -0.002381
v 0.072448 0.080013 -0.003047
v 0.072315 0.080037 -0.00226
v 0.07261 0.079887 -0.003533
v 0.073105 0.079869 -0.005381
v 0.072835 0.079939 -0.004643
v 0.072887 0.079814 -0.004585
v 0.073336 0.079856 -0.006104
v 0.073397 0.079716 -0.006058
v 0.073651 0.0798 -0.006839
v 0.073941 0.079634 -0.007284
v 0.084051 0.077855 -0.015581
v 0.085059 0.077673 -0.015814
v 0.085233 0.077765 -0.015957
v 0.0747 0.079506 -0.008638
v 0.074395 0.079672 -0.008275
v 0.075668 0.079439 -0.010126
v 0.076361 0.079371 -0.011159
v 0.07488 0.079587 -0.009059
v 0.077541 0.079107 -0.012131
v 0.078545 0.078941 -0.012972
v 0.081108 0.078364 -0.014463
v 0.080081 0.078664 -0.013998
v 0.0722 0.080036 -0.000684
v 0.072264 0.079941 -0.001063
v 0.072206 0.080065 -0.001415
v 0.072623 0.079984 -0.003881
v 0.074014 0.079738 -0.007583
v 0.075561 0.079346 -0.00988
v 0.076421 0.079305 -0.011019
v 0.076587 0.079159 -0.011092
v 0.077368 0.079018 -0.011866
v 0.08144 0.078432 -0.014733
v 0.082097 0.0782 -0.014916
v 0.082903 0.078177 -0.015337
v 0.083145 0.078016 -0.015305
v 0.084019 0.077981 -0.015679
v 0.086491 0.077425 -0.016032
v 0.086802 0.077487 -0.016168
v 0.088141 0.077132 -0.016114
v 0.087986 0.077279 -0.016218
v 0.121356 0.06423 0.001443
v 0.121228 0.064327 0.003489
v 0.121306 0.064279 0.002526
v 0.07264 0.080438 -0.009336
v 0.07139 0.080668 -0.006866
v 0.095571 0.076417 0.016885
v 0.098064 0.075974 0.015504
v 0.105721 0.074602 0.004787
v 0.080074 0.079149 0.016563
v 0.084762 0.078322 0.018133
v 0.071105 0.080719 0.006204
v 0.083812 0.078489 -0.017915
v 0.082421 0.078695 -0.017243
v 0.07202 0.080561 0.008396
v 0.099454 0.075733 -0.014483
v 0.101698 0.075336 -0.012449
v 0.104124 0.074871 0.008459
v 0.070868 0.080753 -0.005361
v 0.073465 0.080314 0.010866
v 0.079781 0.079144 -0.016019
v 0.09255 0.076945 0.017902
v 0.077393 0.07962 0.014838
v 0.075822 0.079877 0.013385
v 0.095432 0.076413 -0.016736
v 0.104534 0.074823 -0.008053
v 0.070217 0.080865 -0.0011
v 0.10475 0.074761 -0.007117
v 0.07927 0.079285 -0.016059
v 0.103555 0.075002 0.009979
v 0.090108 0.077375 0.018319
v 0.10218 0.075245 0.011741
v 0.092931 0.076867 -0.017671
v 0.076435 0.079784 -0.013998
v 0.105628 0.074619 -0.004941
v 0.088356 0.077689 0.018502
v 0.070058 0.080907 0.001133
v 0.10073 0.075515 0.013453
v 0.089751 0.077442 -0.018383
v 0.10591 0.074546 -0.002879
v 0.074535 0.080111 -0.01198
v 0.106286 0.074501 -0.001325
v 0.07022 0.080874 0.002734
v 0.087064 0.077902 -0.018273
v 0.070596 0.080809 0.004497
v 0.106122 0.074513 0.001794
v 0.106589 0.074203 0.005099
v 0.106546 0.074315 0.004977
v 0.106297 0.074301 0.006061
v 0.106783 0.074164 0.004308
v 0.106863 0.074238 0.003632
v 0.107001 0.074108 0.003199
v 0.106996 0.074212 0.002824
v 0.10715 0.074078 0.002095
v 0.107095 0.074191 0.002066
v 0.107166 0.074174 0.001254
v 0.107257 0.074077 0.000326
v 0.107194 0.074174 0.000495
v 0.104656 0.074549 0.009846
v 0.105078 0.074538 0.009015
v 0.10459 0.074702 0.009865
v 0.104545 0.074761 0.009784
v 0.10511 0.07463 0.008778
v 0.105463 0.074472 0.008206
v 0.105428 0.074555 0.00812
v 0.106088 0.074365 0.00667
v 0.105798 0.074439 0.007403
v 0.106205 0.074498 0.003661
v 0.106501 0.074443 0.001482
v 0.104976 0.074734 0.007365
v 0.075063 0.080032 0.013074
v 0.105554 0.074628 0.005728
v 0.070436 0.080657 0.007219
v 0.07077 0.080705 0.007739
v 0.070434 0.08076 0.00692
v 0.070781 0.08061 0.008025
v 0.071245 0.080641 0.008681
v 0.069192 0.080877 0.002241
v 0.069281 0.080983 0.001367
v 0.069121 0.080902 0.001307
v 0.071141 0.080543 0.00879
v 0.071374 0.080573 0.009094
v 0.069369 0.080814 0.003556
v 0.069437 0.080948 0.003071
v 0.071679 0.080454 0.009829
v 0.072047 0.080509 0.010243
v 0.069718 0.080813 0.004959
v 0.070025 0.080859 0.00548
v 0.069886 0.080762 0.005614
v 0.070044 0.080804 0.005898
v 0.070167 0.080749 0.006415
v 0.069066 0.080894 6.7E-05
v 0.069084 0.080898 0.00071
v 0.069206 0.080983 0.000592
v 0.071121 0.080364 0.013107
v 0.07086 0.080278 0.013311
v 0.070742 0.080426 0.013609
v 0.071556 0.080427 0.012747
v 0.072043 0.08044 0.01152
v 0.071775 0.080329 0.011939
v 0.071779 0.080437 0.012304
v 0.07189 0.080335 0.011442
v 0.071906 0.080359 0.010781
v 0.071829 0.080413 0.010276
v 0.071401 0.0803 0.012702
v 0.071642 0.080288 0.012263
v 0.067211 0.080114 0.016052
v 0.06642 0.080062 0.01678
v 0.067352 0.080189 0.016056
v 0.069995 0.080315 0.013991
v 0.069832 0.080415 0.01428
v 0.068551 0.08025 0.015061
v 0.068902 0.080347 0.014921
v 0.068016 0.080279 0.015715
v 0.064566 0.079799 0.017202
v 0.065044 0.0797 0.017058
v 0.064528 0.079654 0.017083
v 0.065146 0.079898 0.017309
v 0.065371 0.079814 0.017015
v 0.065867 0.079828 0.016852
v 0.066333 0.0799 0.016614
v 0.062643 0.079771 0.016631
v 0.062954 0.079707 0.016714
v 0.062208 0.079791 0.016274
v 0.062239 0.079716 0.016041
v 0.06276 0.079511 0.016446
v 0.061866 0.079827 0.015708
v 0.062396 0.079522 0.01612
v 0.062087 0.079677 0.015783
v 0.063762 0.079789 0.017227
v 0.063273 0.079531 0.016765
v 0.063937 0.079741 0.017094
v 0.063825 0.079581 0.016977
v 0.059424 0.080143 0.010054
v 0.059521 0.080223 0.010649
v 0.059669 0.080092 0.010722
v 0.060777 0.08002 0.013814
v 0.060507 0.080061 0.013077
v 0.060289 0.080108 0.012941
v 0.06001 0.080032 0.011603
v 0.06004 0.080097 0.011809
v 0.060286 0.080025 0.012328
v 0.059334 0.080237 0.010009
v 0.059216 0.080213 0.009492
v 0.059156 0.08031 0.010045
v 0.058939 0.080348 0.009188
v 0.059052 0.080202 0.00889
v 0.05899 0.080302 0.00896
v 0.059833 0.080105 0.011217
v 0.058533 0.080289 0.006917
v 0.058506 0.080379 0.007116
v 0.058773 0.080239 0.00789
v 0.058642 0.080379 0.007839
v 0.059626 0.080224 0.011115
v 0.058242 0.08046 0.006146
v 0.058358 0.080444 0.007039
v 0.058324 0.080319 0.005925
v 0.058167 0.080461 0.00572
v 0.058187 0.080356 0.005211
v 0.058034 0.080503 0.005234
v 0.057596 0.080575 0.000873
v 0.057609 0.080575 0.002007
v 0.057761 0.080471 0.001575
v 0.057924 0.080393 0.00335
v 0.057872 0.080509 0.003668
v 0.057695 0.080573 0.003101
v 0.061496 0.079753 0.014737
v 0.061619 0.07981 0.015061
v 0.057771 0.080401 0.000999
v 0.057697 0.080508 0.000511
v 0.060872 0.079875 0.013529
v 0.06114 0.079879 0.01413
v 0.060941 0.079986 0.013977
v 0.057755 0.080404 0.000157
v 0.061294 0.079937 0.014795
v 0.060631 0.079949 0.013053
v 0.060005 0.080158 0.012051
v 0.120806 0.064562 0.006545
v 0.12086 0.064701 0.007004
v 0.121038 0.064617 0.00616
v 0.120976 0.064712 0.007068
v 0.121157 0.064606 0.006254
v 0.120351 0.064826 0.008699
v 0.120597 0.064812 0.008021
v 0.1206 0.064686 0.007603
v 0.121655 0.064309 -7E-06
v 0.121593 0.06432 0.000474
v 0.121642 0.064311 0.001099
v 0.120747 0.064846 0.008046
v 0.12037 0.065054 0.0094
v 0.120507 0.065015 0.009369
v 0.120475 0.06495 0.008792
v 0.120086 0.065019 0.009811
v 0.121393 0.064246 0.000725
v 0.121418 0.064261 3.5E-05
v 0.121473 0.064322 0.001488
v 0.121399 0.06431 0.001977
v 0.12154 0.064344 0.001895
v 0.121589 0.064342 0.002166
v 0.12143 0.064384 0.002996
v 0.12155 0.064367 0.003132
v 0.12112 0.064381 0.004447
v 0.121335 0.064443 0.004044
v 0.121137 0.064455 0.004782
v 0.120958 0.064469 0.005612
v 0.121181 0.064534 0.005236
v 0.121451 0.064425 0.004128
v 0.121318 0.064507 0.005234
v 0.118819 0.066003 0.012105
v 0.11915 0.065801 0.011774
v 0.11919 0.065621 0.011605
v 0.119496 0.065629 0.011446
v 0.11986 0.065442 0.011133
v 0.119869 0.065356 0.010802
v 0.119414 0.06546 0.011289
v 0.120144 0.065181 0.010172
v 0.120192 0.065212 0.010451
v 0.119807 0.06518 0.010569
v 0.119624 0.065317 0.010937
v 0.119411 0.065765 0.011773
v 0.113884 0.069165 0.017571
v 0.11478 0.068605 0.016522
v 0.11383 0.068989 0.017457
v 0.116891 0.067552 0.014562
v 0.11729 0.067212 0.013932
v 0.116821 0.067415 0.014318
v 0.115001 0.068614 0.016447
v 0.114212 0.06907 0.017509
v 0.114958 0.068693 0.016716
v 0.118616 0.0663 0.012509
v 0.116208 0.067781 0.014972
v 0.1166 0.067631 0.014645
v 0.119055 0.066049 0.012233
v 0.116369 0.067847 0.015017
v 0.116237 0.06797 0.015347
v 0.115915 0.068083 0.015429
v 0.115713 0.068029 0.015482
v 0.115401 0.06835 0.015942
v 0.118532 0.066431 0.012798
v 0.118107 0.066679 0.013081
v 0.117797 0.066959 0.013618
v 0.117674 0.066873 0.013407
v 0.118385 0.066314 0.01258
v 0.117388 0.067229 0.014032
v 0.115483 0.068395 0.016064
v 0.111682 0.070572 0.018126
v 0.111355 0.07069 0.017989
v 0.111201 0.070912 0.017969
v 0.112176 0.070275 0.018233
v 0.111902 0.070285 0.018095
v 0.113672 0.069359 0.017917
v 0.112159 0.07011 0.018104
v 0.112688 0.069754 0.018046
v 0.112535 0.070069 0.018321
v 0.113141 0.069676 0.018143
v 0.112827 0.069833 0.018138
v 0.113251 0.069539 0.017964
v 0.110744 0.071338 0.017823
v 0.110893 0.070991 0.017784
v 0.110281 0.071632 0.017347
v 0.111376 0.070865 0.018176
v 0.113602 0.069143 0.017627
v 0.113232 0.069382 0.017849
v 0.105361 0.074332 0.013311
v 0.10582 0.074176 0.013724
v 0.106232 0.07393 0.013998
v 0.10845 0.072919 0.01591
v 0.108403 0.072877 0.015774
v 0.107788 0.073293 0.015374
v 0.107851 0.073184 0.015319
v 0.107359 0.073444 0.014927
v 0.106978 0.073611 0.014599
v 0.107015 0.073686 0.014753
v 0.1066 0.073848 0.014352
v 0.106249 0.074032 0.014136
v 0.109778 0.071966 0.0169
v 0.105536 0.074336 0.013722
v 0.109292 0.072293 0.016494
v 0.109682 0.072125 0.016941
v 0.109126 0.072494 0.016457
v 0.104367 0.074749 0.011749
v 0.104633 0.074656 0.012503
v 0.104512 0.074631 0.011959
v 0.10439 0.074779 0.010388
v 0.104398 0.074674 0.011322
v 0.104485 0.074537 0.011749
v 0.104576 0.074484 0.012073
v 0.104647 0.074577 0.01234
v 0.104724 0.074423 0.012437
v 0.104482 0.074581 0.010376
v 0.104405 0.074567 0.011113
v 0.104323 0.074778 0.010992
v 0.10442 0.074614 0.010775
v 0.10443 0.074553 0.011449
v 0.105093 0.07438 0.013004
v 0.075077 0.079552 0.017478
v 0.074712 0.079662 0.01787
v 0.074323 0.079593 0.018399
v 0.072255 0.07945 0.020787
v 0.071402 0.07922 0.021889
v 0.071782 0.07919 0.021586
v 0.072966 0.07958 0.019918
v 0.073375 0.079588 0.019516
v 0.073695 0.079692 0.018988
v 0.072231 0.079279 0.021044
v 0.071433 0.078985 0.022105
v 0.072504 0.079435 0.020603
v 0.073233 0.079478 0.019782
v 0.073801 0.079588 0.019044
v 0.072695 0.079365 0.020465
v 0.074255 0.079721 0.018346
v 0.074766 0.079781 0.017612
v 0.078525 0.079204 0.016779
v 0.078312 0.079384 0.016591
v 0.077917 0.0793 0.016571
v 0.077807 0.079517 0.016358
v 0.07768 0.07943 0.016487
v 0.077194 0.079595 0.016357
v 0.078731 0.079347 0.016733
v 0.077363 0.079376 0.016501
v 0.076738 0.079667 0.016363
v 0.076659 0.079554 0.016543
v 0.076658 0.079435 0.016567
v 0.075721 0.079743 0.01681
v 0.076001 0.079534 0.016797
v 0.075455 0.07953 0.017125
v 0.088485 0.077503 0.019406
v 0.087601 0.07769 0.019382
v 0.086985 0.07781 0.019348
v 0.087271 0.077857 0.01926
v 0.087932 0.077743 0.019273
v 0.088667 0.077547 0.019349
v 0.080677 0.078911 0.017835
v 0.080666 0.079018 0.017684
v 0.079362 0.079141 0.0172
v 0.079573 0.079218 0.017142
v 0.0889 0.077579 0.019236
v 0.082324 0.078576 0.018488
v 0.082575 0.078656 0.018458
v 0.081739 0.078844 0.018064
v 0.089515 0.077378 0.019331
v 0.083421 0.078548 0.018641
v 0.084496 0.078209 0.019044
v 0.082847 0.078556 0.018609
v 0.090422 0.077165 0.019269
v 0.091021 0.077098 0.019172
v 0.090644 0.077267 0.0191
v 0.091722 0.077035 0.018995
v 0.092745 0.076884 0.018729
v 0.092281 0.076869 0.018939
v 0.093388 0.076624 0.018676
v 0.093359 0.076746 0.018604
v 0.094186 0.076593 0.018354
v 0.094744 0.076438 0.018208
v 0.094718 0.076553 0.018063
v 0.096051 0.076164 0.017682
v 0.095618 0.076323 0.017828
v 0.095289 0.076346 0.017994
v 0.09591 0.076323 0.017627
v 0.096531 0.076195 0.017365
v 0.097492 0.076026 0.016854
v 0.097758 0.076019 0.016618
v 0.0968 0.076039 0.017314
v 0.09803 0.075736 0.016681
v 0.084874 0.078282 0.018995
v 0.085746 0.077961 0.019257
v 0.085373 0.07811 0.019165
v 0.089582 0.077457 0.019195
v 0.08571 0.078148 0.019039
v 0.086292 0.077944 0.019283
v 0.086497 0.078009 0.01913
v 0.100299 0.075442 0.016686
v 0.099773 0.07556 0.016507
v 0.100093 0.075304 0.016697
v 0.099383 0.075492 0.016525
v 0.098515 0.075885 0.016354
v 0.098261 0.07588 0.016519
v 0.098961 0.075713 0.016448
v 0.098736 0.075623 0.016522
v 0.100969 0.075287 0.017055
v 0.101308 0.075098 0.017495
v 0.101379 0.075172 0.017343
v 0.10075 0.075163 0.017062
v 0.101014 0.075015 0.017299
v 0.100565 0.075439 0.016617
v 0.099599 0.07566 0.016356
v 0.102038 0.074846 0.018384
v 0.101866 0.074777 0.01836
v 0.102462 0.074484 0.019195
v 0.102632 0.074524 0.019255
v 0.102897 0.074252 0.019791
v 0.103145 0.074215 0.019996
v 0.103314 0.073916 0.02046
v 0.103628 0.073889 0.020691
v 0.104008 0.073499 0.021393
v 0.104159 0.073533 0.021381
v 0.104314 0.073098 0.021998
v 0.104915 0.072631 0.02332
v 0.104618 0.073006 0.022373
v 0.104642 0.072613 0.023177
v 0.104791 0.072934 0.022563
v 0.104523 0.072825 0.022536
v 0.103678 0.072121 0.025891
v 0.10365 0.072018 0.025689
v 0.103278 0.072043 0.025998
v 0.104063 0.072138 0.025543
v 0.103997 0.072035 0.025274
v 0.104271 0.072162 0.025164
v 0.104391 0.072191 0.024791
v 0.104372 0.072136 0.024604
v 0.103535 0.072138 0.026177
v 0.103002 0.072238 0.026456
v 0.104724 0.072416 0.023924
v 0.10451 0.072225 0.024192
v 0.104548 0.072198 0.024909
v 0.104607 0.072367 0.023757
v 0.104781 0.072339 0.02428
v 0.095693 0.073432 0.02934
v 0.095488 0.073639 0.029565
v 0.095886 0.073515 0.02936
v 0.095816 0.073591 0.029578
v 0.095117 0.073605 0.029521
v 0.09494 0.073737 0.029688
v 0.090408 0.074488 0.030338
v 0.091165 0.074378 0.030281
v 0.092018 0.074202 0.030159
v 0.094639 0.073714 0.02966
v 0.098301 0.073075 0.028583
v 0.098466 0.073086 0.028719
v 0.098686 0.073041 0.028526
v 0.094043 0.073819 0.029786
v 0.094311 0.073868 0.029879
v 0.093598 0.073958 0.02993
v 0.093117 0.07405 0.030031
v 0.092935 0.074142 0.030224
v 0.092675 0.074069 0.030047
v 0.092474 0.074204 0.030201
v 0.09636 0.073475 0.029318
v 0.096764 0.07341 0.029267
v 0.096949 0.07328 0.028996
v 0.09165 0.074369 0.030338
v 0.090772 0.074557 0.030512
v 0.090393 0.07459 0.030436
v 0.089582 0.074643 0.030397
v 0.089448 0.07477 0.030502
v 0.089799 0.07473 0.030539
v 0.08901 0.074801 0.03046
v 0.089624 0.074766 0.030679
v 0.088841 0.074921 0.030693
v 0.09491 0.073748 0.029936
v 0.087359 0.075056 0.030449
v 0.087788 0.075111 0.030599
v 0.088287 0.074904 0.03046
v 0.086451 0.075246 0.03043
v 0.086847 0.075258 0.030528
v 0.08855 0.074962 0.03059
v 0.08487 0.075659 0.030456
v 0.085192 0.075491 0.030353
v 0.084308 0.075647 0.030257
v 0.088207 0.075024 0.030764
v 0.083754 0.075856 0.030301
v 0.08329 0.075838 0.03012
v 0.093777 0.073979 0.030049
v 0.082778 0.076039 0.030152
v 0.082253 0.076031 0.029944
v 0.081222 0.076222 0.029729
v 0.081743 0.07625 0.029994
v 0.086863 0.075297 0.030677
v 0.091849 0.074347 0.030414
v 0.080202 0.07641 0.029479
v 0.080769 0.076403 0.029724
v 0.079318 0.076569 0.029229
v 0.079745 0.076588 0.02945
v 0.084651 0.075718 0.030541
v 0.078983 0.07669 0.029167
v 0.0783 0.076893 0.02912
v 0.079 0.076768 0.029351
v 0.078331 0.076843 0.029001
v 0.078159 0.076789 0.028862
v 0.077526 0.076924 0.028648
v 0.077319 0.077069 0.028752
v 0.077272 0.077016 0.028597
v 0.076257 0.077095 0.028127
v 0.076559 0.077161 0.028342
v 0.076101 0.077281 0.028375
v 0.076305 0.077249 0.028327
v 0.075631 0.077341 0.027946
v 0.075118 0.077311 0.027618
v 0.074323 0.077571 0.02732
v 0.074763 0.077512 0.027576
v 0.083809 0.075873 0.030439
v 0.074113 0.077516 0.027128
v 0.073775 0.077682 0.027069
v 0.073455 0.077644 0.02678
v 0.102246 0.072247 0.026637
v 0.102688 0.072219 0.026435
v 0.072726 0.077899 0.026538
v 0.073475 0.077767 0.027031
v 0.073027 0.077776 0.026588
v 0.082672 0.076088 0.030264
v 0.101503 0.072418 0.027065
v 0.101326 0.072546 0.027358
v 0.102119 0.072384 0.026868
v 0.101858 0.072415 0.027308
v 0.08064 0.076463 0.029842
v 0.100836 0.07252 0.027387
v 0.1004 0.072696 0.02773
v 0.100466 0.072709 0.027843
v 0.079678 0.076636 0.029548
v 0.099907 0.072681 0.027817
v 0.099477 0.072869 0.028145
v 0.099535 0.072885 0.028259
v 0.098918 0.072869 0.028246
v 0.097449 0.073263 0.028954
v 0.097911 0.073055 0.028635
v 0.097751 0.073224 0.028968
v 0.07516 0.077467 0.027867
v 0.074207 0.077634 0.027455
v 0.072057 0.077909 0.025941
v 0.102289 0.072364 0.026926
v 0.071657 0.078125 0.0259
v 0.071968 0.078027 0.025987
v 0.071526 0.078173 0.025571
v 0.071683 0.07798 0.025556
v 0.072036 0.078028 0.026236
v 0.07102 0.078638 0.023327
v 0.071122 0.078832 0.022841
v 0.070923 0.078851 0.023236
v 0.07115 0.07913 0.02229
v 0.071223 0.078882 0.022548
v 0.070741 0.078742 0.023795
v 0.071282 0.07827 0.025137
v 0.071155 0.07833 0.025208
v 0.070931 0.078616 0.024014
v 0.07102 0.078434 0.024045
v 0.070873 0.078534 0.024517
v 0.071161 0.078233 0.024636
v 0.071194 0.078292 0.024849
v 0.071463 0.078076 0.025261
v 0.106125 0.074393 -0.006409
v 0.106397 0.074332 -0.005572
v 0.106245 0.074251 -0.006273
v 0.105872 0.074372 -0.007265
v 0.105772 0.074482 -0.007298
v 0.105567 0.074438 -0.007996
v 0.105181 0.074528 -0.008809
v 0.105055 0.074634 -0.008905
v 0.107104 0.074102 -0.002473
v 0.106707 0.074167 -0.00466
v 0.106932 0.07423 -0.003202
v 0.10677 0.074271 -0.00399
v 0.106573 0.074281 -0.005015
v 0.104698 0.074607 -0.009751
v 0.104533 0.074758 -0.00986
v 0.107216 0.07414 -0.000808
v 0.107056 0.074206 -0.002308
v 0.10717 0.074146 -0.001604
v 0.105289 0.074213 -0.013222
v 0.105162 0.074392 -0.013132
v 0.104924 0.074436 -0.012782
v 0.1043 0.07478 -0.01114
v 0.104395 0.074672 -0.011321
v 0.104497 0.074698 -0.012176
v 0.10448 0.074596 -0.011748
v 0.104408 0.074612 -0.011002
v 0.104325 0.074796 -0.01057
v 0.104487 0.074634 -0.010363
v 0.105061 0.074507 -0.013184
v 0.104651 0.07454 -0.012279
v 0.109594 0.072106 -0.016751
v 0.109736 0.072092 -0.017005
v 0.109109 0.072503 -0.016432
v 0.107705 0.073338 -0.015319
v 0.107769 0.073231 -0.015252
v 0.108102 0.073102 -0.015589
v 0.108183 0.072955 -0.015575
v 0.108488 0.072896 -0.015922
v 0.108771 0.072684 -0.016094
v 0.110376 0.07155 -0.017415
v 0.110531 0.071498 -0.017621
v 0.110106 0.071823 -0.017316
v 0.106358 0.073995 -0.01425
v 0.107203 0.073548 -0.014818
v 0.10697 0.073717 -0.014793
v 0.111677 0.070658 -0.018244
v 0.111089 0.070911 -0.017886
v 0.111704 0.070487 -0.018081
v 0.111107 0.071064 -0.01802
v 0.113333 0.069566 -0.018149
v 0.11264 0.069985 -0.018232
v 0.11339 0.069452 -0.017877
v 0.114233 0.069058 -0.017479
v 0.113685 0.069354 -0.017856
v 0.114017 0.069121 -0.017502
v 0.113738 0.069195 -0.017622
v 0.11299 0.069553 -0.017956
v 0.112437 0.069943 -0.018095
v 0.114001 0.068966 -0.017327
v 0.114437 0.068932 -0.017096
v 0.113555 0.069163 -0.017665
v 0.112056 0.070206 -0.018109
v 0.115402 0.068271 -0.015855
v 0.115489 0.068369 -0.015977
v 0.115254 0.068431 -0.016101
v 0.116244 0.067747 -0.014925
v 0.115994 0.068073 -0.015416
v 0.116352 0.067809 -0.014946
v 0.117186 0.067366 -0.014271
v 0.1176 0.06705 -0.013678
v 0.117915 0.066871 -0.013577
v 0.11796 0.066799 -0.013281
v 0.116833 0.067497 -0.014409
v 0.117252 0.067245 -0.013981
v 0.119098 0.065714 -0.011745
v 0.118319 0.066444 -0.012725
v 0.117765 0.066788 -0.01329
v 0.118172 0.066655 -0.01306
v 0.118915 0.066098 -0.012195
v 0.118633 0.06616 -0.012335
v 0.114699 0.068595 -0.016576
v 0.114869 0.068666 -0.016554
v 0.11457 0.068788 -0.016825
v 0.116666 0.067479 -0.014464
v 0.116634 0.067701 -0.014792
v 0.118364 0.066563 -0.013018
v 0.119321 0.065841 -0.011897
v 0.115089 0.068628 -0.016546
v 0.115809 0.068227 -0.015825
v 0.117234 0.067089 -0.013823
v 0.116291 0.067935 -0.015288
v 0.118671 0.066277 -0.012473
v 0.119199 0.06579 -0.01175
v 0.120496 0.065021 -0.009437
v 0.120167 0.065233 -0.010455
v 0.120371 0.065047 -0.009375
v 0.12002 0.065088 -0.010048
v 0.119993 0.065344 -0.010829
v 0.119892 0.065302 -0.010664
v 0.12018 0.06499 -0.009505
v 0.11959 0.065528 -0.011242
v 0.119729 0.065531 -0.01132
v 0.119501 0.065447 -0.011193
v 0.119777 0.065211 -0.010652
v 0.121436 0.064351 -0.002365
v 0.121559 0.06436 -0.002882
v 0.121422 0.064381 -0.002963
v 0.12161 0.064333 -0.002167
v 0.121568 0.064336 -0.001681
v 0.121648 0.064309 -0.001126
v 0.120607 0.064946 -0.008788
v 0.120493 0.064903 -0.008579
v 0.121578 0.064318 -0.000568
v 0.120444 0.064804 -0.008353
v 0.120691 0.064826 -0.007914
v 0.120618 0.064681 -0.007533
v 0.120872 0.064717 -0.007055
v 0.120782 0.064557 -0.006643
v 0.120807 0.064822 -0.008031
v 0.121002 0.064567 -0.005892
v 0.121051 0.06462 -0.00616
v 0.120974 0.064456 -0.005491
v 0.121107 0.064379 -0.004527
v 0.121212 0.064516 -0.005043
v 0.121347 0.06449 -0.005082
v 0.121428 0.064436 -0.004162
v 0.121256 0.064383 -0.003737
v 0.121234 0.064316 -0.003377
v 0.121284 0.064446 -0.004193
v 0.121136 0.064621 -0.00645
v 0.121305 0.064276 -0.00252
v 0.121399 0.064321 -0.002085
v 0.121432 0.064308 -0.001537
v 0.121398 0.064266 -0.001053
v 0.058966 0.080182 -0.008559
v 0.059264 0.080192 -0.009601
v 0.059082 0.080259 -0.009126
v 0.057767 0.080438 -0.001203
v 0.059658 0.080117 -0.010719
v 0.059486 0.080179 -0.010327
v 0.057563 0.080594 -0.000912
v 0.06094 0.079839 -0.013652
v 0.060845 0.080006 -0.013759
v 0.060691 0.07999 -0.01331
v 0.061283 0.079845 -0.014397
v 0.061052 0.079972 -0.014305
v 0.061537 0.079791 -0.014833
v 0.061378 0.079903 -0.014809
v 0.062183 0.079606 -0.015889
v 0.061846 0.079754 -0.015415
v 0.057655 0.080564 -0.001858
v 0.057819 0.080412 -0.002091
v 0.059987 0.080028 -0.011546
v 0.060487 0.079966 -0.012717
v 0.059844 0.080178 -0.011536
v 0.060478 0.080069 -0.013133
v 0.057775 0.080509 -0.002531
v 0.057902 0.080388 -0.003037
v 0.057961 0.080437 -0.003883
v 0.057804 0.080533 -0.003341
v 0.058235 0.080316 -0.005422
v 0.058416 0.080321 -0.00641
v 0.05823 0.080436 -0.005911
v 0.058063 0.080314 -0.004308
v 0.057866 0.080527 -0.004135
v 0.058086 0.080425 -0.004818
v 0.058658 0.080248 -0.007419
v 0.058448 0.080395 -0.00692
v 0.057964 0.080507 -0.00476
v 0.058732 0.080308 -0.007869
v 0.058803 0.080367 -0.008521
v 0.058391 0.080436 -0.007105
v 0.058125 0.080481 -0.006049
v 0.058916 0.080333 -0.008771
v 0.059136 0.080307 -0.00969
v 0.059512 0.08024 -0.010754
v 0.062135 0.079789 -0.016245
v 0.062573 0.079727 -0.016439
v 0.062198 0.079761 -0.016072
v 0.062699 0.07959 -0.016417
v 0.066728 0.080095 -0.016504
v 0.066258 0.080034 -0.016795
v 0.066873 0.080046 -0.016284
v 0.06612 0.07981 -0.016727
v 0.065803 0.079972 -0.01707
v 0.065524 0.079878 -0.017034
v 0.064771 0.079854 -0.017266
v 0.065627 0.079734 -0.016924
v 0.065112 0.079786 -0.017089
v 0.06461 0.079788 -0.017158
v 0.064131 0.079758 -0.017133
v 0.064255 0.079624 -0.017052
v 0.063694 0.079782 -0.017119
v 0.063913 0.079602 -0.016995
v 0.063358 0.079575 -0.016805
v 0.064865 0.079629 -0.017073
v 0.063068 0.079723 -0.016791
v 0.062982 0.079554 -0.016604
v 0.062901 0.079763 -0.01682
v 0.065298 0.07974 -0.017014
v 0.067527 0.080146 -0.015809
v 0.067856 0.08026 -0.01576
v 0.069034 0.080297 -0.014716
v 0.069822 0.08032 -0.014125
v 0.069643 0.08038 -0.014369
v 0.069899 0.08042 -0.014309
v 0.071425 0.08043 -0.013019
v 0.070941 0.080289 -0.013245
v 0.068027 0.080172 -0.015421
v 0.06925 0.080382 -0.014785
v 0.072017 0.080442 -0.010892
v 0.071828 0.080362 -0.010332
v 0.071838 0.080468 -0.010078
v 0.071901 0.08029 -0.010995
v 0.072086 0.080484 -0.010581
v 0.071924 0.08043 -0.011879
v 0.071826 0.080284 -0.011692
v 0.071587 0.080239 -0.012337
v 0.071675 0.080426 -0.012535
v 0.071461 0.080342 -0.012659
v 0.071239 0.080217 -0.012888
v 0.071621 0.080449 -0.009711
v 0.071791 0.080549 -0.009685
v 0.071243 0.08063 -0.008755
v 0.071009 0.080536 -0.008553
v 0.070891 0.080683 -0.00804
v 0.070717 0.080634 -0.007847
v 0.070521 0.080753 -0.007128
v 0.070413 0.08064 -0.007186
v 0.070186 0.080729 -0.006487
v 0.069991 0.08084 -0.005593
v 0.069932 0.080747 -0.005766
v 0.069678 0.080795 -0.00486
v 0.069627 0.080905 -0.004105
v 0.069495 0.080827 -0.004077
v 0.069328 0.080837 -0.003234
v 0.06949 0.080917 -0.003564
v 0.069444 0.08094 -0.003126
v 0.069249 0.080878 -0.002594
v 0.069195 0.080978 -0.000829
v 0.069099 0.080854 -0.001494
v 0.069331 0.080958 -0.002341
v 0.071385 0.08054 -0.009191
v 0.070319 0.080803 -0.006434
v 0.096923 0.076178 -0.016261
v 0.106278 0.074488 -0.003046
v 0.073453 0.080322 -0.011136
v 0.071771 0.080605 -0.007933
v 0.070219 0.080875 -0.003045
v 0.103805 0.074954 -0.009567
v 0.093112 0.076814 -0.018642
v 0.093613 0.076651 -0.018576
v 0.092853 0.076742 -0.018808
v 0.091941 0.07693 -0.019011
v 0.092488 0.076924 -0.018805
v 0.081052 0.078821 -0.018005
v 0.08129 0.078888 -0.017995
v 0.081877 0.078696 -0.01831
v 0.090653 0.077168 -0.01922
v 0.091215 0.077075 -0.01913
v 0.079776 0.079171 -0.017268
v 0.080278 0.078988 -0.017654
v 0.089744 0.077326 -0.019318
v 0.090031 0.077372 -0.019194
v 0.078486 0.079242 -0.016755
v 0.079333 0.079205 -0.017121
v 0.079512 0.079091 -0.017293
v 0.078077 0.07947 -0.016405
v 0.096868 0.076156 -0.017171
v 0.096571 0.076073 -0.017433
v 0.096152 0.076276 -0.017535
v 0.097865 0.075794 -0.016754
v 0.097218 0.076027 -0.017057
v 0.097747 0.076004 -0.016674
v 0.095522 0.076268 -0.017913
v 0.095393 0.076413 -0.017866
v 0.09468 0.076538 -0.018149
v 0.088319 0.077551 -0.019397
v 0.087097 0.077761 -0.019373
v 0.087896 0.077739 -0.019293
v 0.091698 0.077079 -0.018924
v 0.090914 0.07722 -0.019052
v 0.088988 0.077448 -0.019373
v 0.089274 0.0775 -0.019242
v 0.0859 0.077986 -0.019256
v 0.08629 0.078024 -0.019201
v 0.088445 0.077647 -0.019273
v 0.087097 0.077877 -0.019275
v 0.085447 0.078183 -0.019064
v 0.084966 0.078156 -0.019117
v 0.084609 0.078321 -0.018949
v 0.08435 0.078242 -0.019008
v 0.083466 0.078439 -0.018784
v 0.094443 0.076504 -0.018304
v 0.082695 0.078552 -0.018579
v 0.082771 0.078644 -0.01848
v 0.093898 0.076681 -0.018405
v 0.074954 0.079784 -0.017398
v 0.075435 0.079596 -0.017128
v 0.075014 0.079591 -0.017527
v 0.075674 0.079767 -0.016751
v 0.075786 0.079703 -0.016812
v 0.076699 0.079677 -0.016343
v 0.076885 0.079508 -0.016517
v 0.07641 0.079552 -0.016627
v 0.077548 0.079395 -0.016507
v 0.078062 0.079325 -0.0166
v 0.07603 0.079565 -0.016774
v 0.072607 0.079361 -0.020574
v 0.071691 0.079131 -0.021735
v 0.072227 0.0794 -0.02092
v 0.071627 0.079274 -0.021617
v 0.071261 0.079135 -0.022193
v 0.074065 0.079732 -0.018528
v 0.073668 0.079547 -0.019225
v 0.073462 0.079664 -0.019282
v 0.072767 0.079545 -0.020173
v 0.072952 0.079462 -0.020116
v 0.074322 0.07962 -0.018384
v 0.071043 0.079003 -0.022719
v 0.071428 0.078948 -0.022113
v 0.071178 0.078784 -0.022655
v 0.071017 0.078487 -0.024014
v 0.07106 0.078434 -0.024613
v 0.070869 0.078617 -0.02417
v 0.071405 0.078226 -0.025458
v 0.071765 0.078088 -0.025841
v 0.071996 0.078038 -0.026153
v 0.071227 0.078301 -0.025007
v 0.071104 0.078365 -0.025068
v 0.072366 0.077857 -0.026162
v 0.071325 0.078057 -0.025026
v 0.071412 0.078136 -0.025214
v 0.071116 0.078295 -0.024493
v 0.070881 0.078854 -0.023307
v 0.07101 0.078608 -0.023474
v 0.072082 0.077861 -0.025942
v 0.071734 0.077953 -0.025602
v 0.071903 0.077832 -0.025772
v 0.071539 0.078 -0.025359
v 0.071053 0.078648 -0.023081
v 0.100579 0.072689 -0.02774
v 0.100215 0.072743 -0.02784
v 0.10034 0.0726 -0.027618
v 0.101065 0.072494 -0.027287
v 0.101284 0.07256 -0.027399
v 0.075424 0.077353 -0.02783
v 0.075841 0.077343 -0.028189
v 0.07492 0.07751 -0.027758
v 0.079258 0.076625 -0.029238
v 0.0796 0.076657 -0.029545
v 0.078657 0.076831 -0.029246
v 0.084411 0.075733 -0.030366
v 0.083932 0.075782 -0.03026
v 0.084206 0.075655 -0.030243
v 0.08701 0.075227 -0.030532
v 0.086089 0.0754 -0.030497
v 0.086046 0.075317 -0.030409
v 0.092676 0.074168 -0.030169
v 0.092097 0.07417 -0.030132
v 0.092975 0.073991 -0.029981
v 0.086495 0.075369 -0.030668
v 0.085051 0.075496 -0.030333
v 0.085078 0.075581 -0.030407
v 0.087673 0.075101 -0.030541
v 0.087462 0.075185 -0.030677
v 0.087195 0.075089 -0.030449
v 0.088068 0.07493 -0.030452
v 0.088455 0.074982 -0.030591
v 0.088689 0.074951 -0.030658
v 0.089026 0.074742 -0.030423
v 0.089532 0.074764 -0.030517
v 0.089709 0.074752 -0.030646
v 0.090034 0.074554 -0.030363
v 0.090639 0.07457 -0.030472
v 0.091332 0.074446 -0.030487
v 0.090993 0.074364 -0.030269
v 0.091558 0.074359 -0.030294
v 0.091788 0.074358 -0.030405
v 0.102168 0.072264 -0.026674
v 0.103268 0.072156 -0.026152
v 0.103521 0.072138 -0.026166
v 0.092746 0.074175 -0.030265
v 0.093465 0.074021 -0.030033
v 0.093616 0.074005 -0.03013
v 0.073102 0.077696 -0.026581
v 0.073699 0.077631 -0.026933
v 0.073 0.077837 -0.026654
v 0.073312 0.077798 -0.026925
v 0.09392 0.073813 -0.029794
v 0.094511 0.073812 -0.02979
v 0.094539 0.073831 -0.029911
v 0.074599 0.07747 -0.027399
v 0.074042 0.077668 -0.02732
v 0.094918 0.073622 -0.029561
v 0.095425 0.073649 -0.029582
v 0.095588 0.073629 -0.029665
v 0.098475 0.073085 -0.028649
v 0.098123 0.07311 -0.028654
v 0.09864 0.072939 -0.028367
v 0.095797 0.07345 -0.029322
v 0.096301 0.073467 -0.029293
v 0.096348 0.073488 -0.029414
v 0.099834 0.072757 -0.027909
v 0.099415 0.072762 -0.028032
v 0.076396 0.077201 -0.028283
v 0.096765 0.073271 -0.02903
v 0.097362 0.07327 -0.028967
v 0.097402 0.073287 -0.029085
v 0.072596 0.077915 -0.026454
v 0.077333 0.076975 -0.028587
v 0.076831 0.077163 -0.028599
v 0.097683 0.073089 -0.028714
v 0.078272 0.076803 -0.028922
v 0.077719 0.077002 -0.028926
v 0.099112 0.072943 -0.02829
v 0.099486 0.072897 -0.028227
v 0.080038 0.076534 -0.029525
v 0.080618 0.07647 -0.029813
v 0.103429 0.071987 -0.025874
v 0.081182 0.076332 -0.029828
v 0.08156 0.076293 -0.030049
v 0.082173 0.076145 -0.030022
v 0.082662 0.076091 -0.03023
v 0.083111 0.075898 -0.030107
v 0.083588 0.075918 -0.030374
v 0.084605 0.075729 -0.030513
v 0.075792 0.077189 -0.027933
v 0.085591 0.075543 -0.030601
v 0.082117 0.076049 -0.029918
v 0.080098 0.076415 -0.029448
v 0.081171 0.076238 -0.029724
v 0.104654 0.072203 -0.024782
v 0.10411 0.072118 -0.025282
v 0.104456 0.072213 -0.024663
v 0.10428 0.07209 -0.024782
v 0.104067 0.071995 -0.025139
v 0.103641 0.072093 -0.025801
v 0.104448 0.073253 -0.021907
v 0.104573 0.072737 -0.022753
v 0.104397 0.073018 -0.022171
v 0.104855 0.072687 -0.023176
v 0.103921 0.073525 -0.02131
v 0.104627 0.072478 -0.023397
v 0.104822 0.072536 -0.023628
v 0.104462 0.072181 -0.024337
v 0.104585 0.072332 -0.02383
v 0.104825 0.072423 -0.023977
v 0.103648 0.073913 -0.020638
v 0.103181 0.074059 -0.020219
v 0.102718 0.074446 -0.01942
v 0.102439 0.074429 -0.019214
v 0.102103 0.07467 -0.018688
v 0.102277 0.074731 -0.018694
v 0.101214 0.074962 -0.017522
v 0.101154 0.07518 -0.017275
v 0.101823 0.074968 -0.018018
v 0.103203 0.074201 -0.020005
v 0.09827 0.075911 -0.016459
v 0.098123 0.075798 -0.016647
v 0.098753 0.075675 -0.016509
v 0.099301 0.075729 -0.01631
v 0.099249 0.075577 -0.016504
v 0.099611 0.075555 -0.01654
v 0.100398 0.075454 -0.016667
v 0.09987 0.075442 -0.016619
v 0.100294 0.075311 -0.016784
v 0.100809 0.075158 -0.017109
v 0.11403 0.068807 0.018928
v 0.111931 0.069893 0.020174
v 0.110577 0.071197 0.018856
v 0.071432 0.077801 0.026848
v 0.068906 0.077813 0.026382
v 0.072999 0.077103 0.028805
v 0.070532 0.079785 0.019133
v 0.06732 0.079786 0.018696
v 0.068312 0.079333 0.021112
v 0.108395 0.072128 0.019839
v 0.109393 0.071262 0.020887
v 0.070433 0.080156 0.016576
v 0.116046 0.067648 0.017306
v 0.116625 0.06681 0.018218
v 0.117327 0.066333 0.017577
v 0.069 0.078666 0.023799
v 0.071625 0.076584 0.029778
v 0.073943 0.076127 0.030949
v 0.106084 0.07333 0.019239
v 0.106355 0.072712 0.021099
v 0.11747 0.066778 0.015864
v 0.075094 0.076778 0.029654
v 0.11822 0.065823 0.01657
v 0.104739 0.074251 0.017101
v 0.108221 0.072706 0.017878
v 0.118995 0.065353 0.015625
v 0.075221 0.07584 0.031537
v 0.072423 0.080128 0.016012
v 0.073555 0.080176 0.014206
v 0.10645 0.073671 0.016845
v 0.11959 0.064969 0.014872
v 0.076711 0.075642 0.032008
v 0.103685 0.074797 0.015091
v 0.120906 0.064395 0.011297
v 0.120131 0.06457 0.014172
v 0.120757 0.06415 0.013208
v 0.121482 0.063593 0.012024
v 0.077627 0.076545 0.030089
v 0.079658 0.075041 0.032917
v 0.078711 0.075238 0.032637
v 0.102945 0.075071 0.013578
v 0.121884 0.063332 0.011072
v 0.122275 0.063051 0.009813
v 0.080002 0.076069 0.03087
v 0.122094 0.063611 0.006474
v 0.122569 0.062799 0.008717
v 0.082408 0.075401 0.031846
v 0.08069 0.07479 0.033198
v 0.082044 0.074582 0.033399
v 0.122881 0.062635 0.006945
v 0.084373 0.074923 0.032313
v 0.083091 0.074349 0.03359
v 0.084218 0.074126 0.033727
v 0.085373 0.073893 0.033828
v 0.123211 0.06241 0.00469
v 0.122593 0.063303 0.001323
v 0.086588 0.074607 0.03226
v 0.086329 0.073731 0.033849
v 0.123301 0.06237 0.003599
v 0.123383 0.062299 0.002614
v 0.123469 0.062213 0.001328
v 0.087465 0.073514 0.033867
v 0.05428 0.079941 0.002023
v 0.05591 0.080315 0.001207
v 0.0543 0.079984 0.001003
v 0.054376 0.079946 0.003023
v 0.088538 0.074171 0.032375
v 0.08839 0.073312 0.033878
v 0.123463 0.062248 0.000641
v 0.089607 0.073047 0.033842
v 0.054876 0.079864 0.006421
v 0.054504 0.079906 0.004265
v 0.054613 0.079868 0.005245
v 0.056932 0.080292 0.006206
v 0.055087 0.079821 0.007443
v 0.055664 0.079732 0.009554
v 0.091063 0.072853 0.033635
v 0.055235 0.07975 0.008326
v 0.091773 0.073855 0.031532
v 0.093841 0.072328 0.0332
v 0.092845 0.072438 0.033453
v 0.05619 0.079589 0.011429
v 0.055864 0.079626 0.010526
v 0.056946 0.079471 0.013258
v 0.097601 0.072247 0.031093
v 0.095244 0.072002 0.032929
v 0.096824 0.071672 0.032521
v 0.097885 0.071493 0.032159
v 0.058522 0.079175 0.016504
v 0.057457 0.079371 0.014423
v 0.057719 0.07923 0.015232
v 0.060575 0.079576 0.016287
v 0.098884 0.071298 0.031806
v 0.099866 0.071107 0.031423
v 0.060851 0.078731 0.020156
v 0.059248 0.078968 0.017922
v 0.060286 0.078738 0.019575
v 0.098893 0.072477 0.029703
v 0.100842 0.070946 0.030983
v 0.062815 0.07941 0.018601
v 0.101956 0.070733 0.030457
v 0.104757 0.070213 0.028877
v 0.102862 0.070461 0.030079
v 0.1038 0.070334 0.029503
v 0.104982 0.071037 0.027107
v 0.065082 0.079008 0.021374
v 0.06228 0.078445 0.021993
v 0.106313 0.069848 0.027915
v 0.107522 0.069679 0.026947
v 0.065256 0.079574 0.019043
v 0.105694 0.071755 0.024704
v 0.063737 0.078166 0.023611
v 0.109986 0.06921 0.02483
v 0.109187 0.06929 0.025649
v 0.066978 0.078456 0.023977
v 0.064992 0.07782 0.025022
v 0.066236 0.077633 0.026049
v 0.107902 0.070787 0.024228
v 0.110913 0.069813 0.022233
v 0.1108 0.068942 0.02418
v 0.111922 0.068755 0.022931
v 0.107495 0.071669 0.02258
v 0.068027 0.077286 0.027462
v 0.109514 0.070657 0.02231
v 0.112927 0.068516 0.021786
v 0.113597 0.068209 0.021218
v 0.114307 0.067885 0.020574
v 0.069744 0.076953 0.028651
v 0.115064 0.067616 0.019767
v 0.115792 0.067245 0.019075
v 0.070963 0.079617 -0.020067
v 0.071051 0.080097 -0.01691
v 0.068623 0.080008 -0.017664
v 0.112309 0.069889 -0.019444
v 0.094806 0.073023 -0.031457
v 0.09472 0.072115 -0.033037
v 0.093609 0.07234 -0.033261
v 0.110537 0.069812 -0.022808
v 0.112246 0.068656 -0.022587
v 0.111631 0.068801 -0.023278
v 0.112797 0.068549 -0.021949
v 0.110227 0.070524 -0.02157
v 0.092527 0.072498 -0.033499
v 0.102068 0.075255 -0.013732
v 0.090665 0.07373 -0.032301
v 0.091535 0.072719 -0.033613
v 0.090737 0.072852 -0.033725
v 0.088978 0.07315 -0.033893
v 0.088296 0.073333 -0.033876
v 0.086767 0.074647 -0.032132
v 0.087283 0.073579 -0.033832
v 0.110668 0.070882 -0.019695
v 0.086103 0.073747 -0.033869
v 0.085195 0.073975 -0.033762
v 0.084214 0.074117 -0.033733
v 0.083082 0.075222 -0.032044
v 0.083251 0.07431 -0.033617
v 0.082181 0.074562 -0.033409
v 0.08115 0.074764 -0.03322
v 0.080124 0.075881 -0.031268
v 0.080138 0.074961 -0.033003
v 0.109652 0.071751 -0.018758
v 0.079152 0.07515 -0.032761
v 0.07819 0.075342 -0.032483
v 0.075868 0.076553 -0.030182
v 0.077277 0.075505 -0.032215
v 0.076181 0.075668 -0.031893
v 0.075083 0.075915 -0.031429
v 0.074125 0.076126 -0.030986
v 0.073177 0.076266 -0.030602
v 0.072216 0.076446 -0.03012
v 0.072179 0.077402 -0.027989
v 0.071337 0.076627 -0.029629
v 0.070381 0.076825 -0.02905
v 0.069325 0.077 -0.028418
v 0.069843 0.077791 -0.026618
v 0.108784 0.071625 -0.020797
v 0.067408 0.077413 -0.027006
v 0.107858 0.072839 -0.018052
v 0.069637 0.078491 -0.024498
v 0.067356 0.078435 -0.024156
v 0.107663 0.072567 -0.019528
v 0.06251 0.079103 -0.01975
v 0.062432 0.078352 -0.022296
v 0.061614 0.078514 -0.021298
v 0.061035 0.078666 -0.020458
v 0.106679 0.073647 -0.016379
v 0.105421 0.073898 -0.017751
v 0.060205 0.0788 -0.019363
v 0.059673 0.078907 -0.018556
v 0.104631 0.07444 -0.015947
v 0.066797 0.079676 -0.019152
v 0.06883 0.079158 -0.021932
v 0.059289 0.079088 -0.01758
v 0.061137 0.079523 -0.016979
v 0.064887 0.079394 -0.019765
v 0.103617 0.07491 -0.013327
v 0.05873 0.079764 -0.013604
v 0.058546 0.079108 -0.016702
v 0.057971 0.079186 -0.015725
v 0.057659 0.079278 -0.015014
v 0.057223 0.079363 -0.01408
v 0.10313 0.074925 -0.015304
v 0.056813 0.079463 -0.013053
v 0.056364 0.079547 -0.011912
v 0.072783 0.080215 -0.014729
v 0.056911 0.080135 -0.008252
v 0.055961 0.079626 -0.010752
v 0.055634 0.079695 -0.009675
v 0.055372 0.07974 -0.008754
v 0.054986 0.079776 -0.00737
v 0.054828 0.079842 -0.006367
v 0.054602 0.079889 -0.00496
v 0.056132 0.080309 -0.003207
v 0.054412 0.079924 -0.003449
v 0.054208 0.079912 -0.001534
v 0.108326 0.070467 -0.024398
v 0.109794 0.069173 -0.025113
v 0.108791 0.069341 -0.02602
v 0.107248 0.071559 -0.023225
v 0.108015 0.069477 -0.026671
v 0.111176 0.06894 -0.023719
v 0.11044 0.069066 -0.024467
v 0.105917 0.071163 -0.025813
v 0.107121 0.069684 -0.027325
v 0.106654 0.072427 -0.021592
v 0.106136 0.069855 -0.028066
v 0.103982 0.071202 -0.027775
v 0.105434 0.073435 -0.019889
v 0.105373 0.069969 -0.028603
v 0.123341 0.062334 -0.003279
v 0.122488 0.063341 -0.003671
v 0.104572 0.070197 -0.029032
v 0.122941 0.062613 -0.006503
v 0.122476 0.062974 -0.00875
v 0.122753 0.062726 -0.007603
v 0.103632 0.070375 -0.029593
v 0.121145 0.064215 -0.010765
v 0.121989 0.063271 -0.010741
v 0.121569 0.063557 -0.011793
v 0.064786 0.077938 -0.024716
v 0.065922 0.077705 -0.025764
v 0.121203 0.063817 -0.012496
v 0.120379 0.064451 -0.013713
v 0.064724 0.078617 -0.022612
v 0.06436 0.077969 -0.024382
v 0.063146 0.078201 -0.023126
v 0.118943 0.065429 -0.015629
v 0.119755 0.064831 -0.014693
v 0.101607 0.071705 -0.028983
v 0.101581 0.070714 -0.030715
v 0.11703 0.067123 -0.016083
v 0.118097 0.065902 -0.016727
v 0.100939 0.070884 -0.030974
v 0.11731 0.066416 -0.017523
v 0.098921 0.072275 -0.03008
v 0.099143 0.071223 -0.031732
v 0.115427 0.068047 -0.017747
v 0.116423 0.06691 -0.018454
v 0.097979 0.071458 -0.032146
v 0.115599 0.067357 -0.019248
v 0.114792 0.06776 -0.02003
v 0.096895 0.071658 -0.032499
v 0.114086 0.067999 -0.020756
v 0.09577 0.071911 -0.032777
v 0.113433 0.068241 -0.02142
v 0.101817 0.070497 0.030683
v 0.10379 0.070114 0.029639
v 0.105156 0.069853 0.028807
v 0.106117 0.06967 0.02817
v 0.107237 0.069522 0.02734
v 0.108207 0.069353 0.026577
v 0.10914 0.069089 0.025825
v 0.109886 0.069029 0.02512
v 0.110542 0.068678 0.024523
v 0.111786 0.068438 0.023231
v 0.111485 0.068714 0.023533
v 0.112779 0.068393 0.022117
v 0.075907 0.075559 0.031897
v 0.078459 0.075039 0.032749
v 0.078224 0.075225 0.032604
v 0.112932 0.06813 0.021991
v 0.115043 0.067414 0.019924
v 0.080562 0.074595 0.03328
v 0.082291 0.07427 0.033605
v 0.116369 0.066738 0.018619
v 0.11779 0.065936 0.017138
v 0.118724 0.065389 0.016083
v 0.12151 0.063363 0.012086
v 0.12195 0.063077 0.011076
v 0.119459 0.064827 0.015223
v 0.119972 0.06455 0.014522
v 0.054053 0.079733 0.001335
v 0.054096 0.079823 0.000671
v 0.054059 0.07979 -0.000278
v 0.120962 0.063847 0.013064
v 0.122274 0.062926 0.010048
v 0.054131 0.079728 0.002604
v 0.054327 0.079821 0.003773
v 0.054222 0.079678 0.003702
v 0.122962 0.062389 0.006769
v 0.123285 0.062202 0.004385
v 0.054378 0.079663 0.004908
v 0.054546 0.079628 0.005964
v 0.123383 0.062201 0.00321
v 0.054662 0.079769 0.006026
v 0.05475 0.079647 0.006887
v 0.123462 0.062119 0.002077
v 0.055084 0.079569 0.008386
v 0.054929 0.079723 0.007354
v 0.123515 0.062051 -0.000734
v 0.056424 0.079467 0.012287
v 0.056586 0.079271 0.013028
v 0.056946 0.079215 0.013864
v 0.057302 0.079132 0.014663
v 0.055397 0.079539 0.009502
v 0.055381 0.079677 0.009048
v 0.057986 0.079019 0.016028
v 0.058506 0.078916 0.016985
v 0.055824 0.079488 0.010835
v 0.059694 0.078685 0.018925
v 0.056032 0.079335 0.011609
v 0.060985 0.078458 0.020724
v 0.061531 0.078478 0.021284
v 0.059025 0.078709 0.017918
v 0.060279 0.078477 0.019827
v 0.061699 0.07823 0.021686
v 0.062259 0.078235 0.02229
v 0.06261 0.078282 0.022556
v 0.063022 0.07818 0.023053
v 0.063699 0.077903 0.023919
v 0.064108 0.077971 0.02419
v 0.065071 0.077568 0.025281
v 0.065659 0.07764 0.02568
v 0.066167 0.077388 0.026228
v 0.067057 0.077302 0.026904
v 0.067942 0.07713 0.027576
v 0.068816 0.076951 0.028202
v 0.069787 0.076748 0.028848
v 0.070732 0.076565 0.029426
v 0.07183 0.076424 0.030008
v 0.073546 0.076021 0.030906
v 0.072661 0.076202 0.030473
v 0.079565 0.074782 0.033053
v 0.083669 0.074016 0.033786
v 0.086355 0.073498 0.033988
v 0.089429 0.07291 0.033935
v 0.090796 0.072678 0.033812
v 0.091965 0.072469 0.033664
v 0.074522 0.075824 0.031341
v 0.112261 0.068493 0.02269
v 0.084746 0.073816 0.033892
v 0.120403 0.064154 0.013945
v 0.087825 0.073251 0.033983
v 0.09324 0.072195 0.033468
v 0.09422 0.071981 0.033289
v 0.063038 0.077974 0.02324
v 0.095398 0.07175 0.033016
v 0.096389 0.071549 0.032752
v 0.097511 0.07134 0.032411
v 0.098507 0.071144 0.032072
v 0.099495 0.070953 0.0317
v 0.100461 0.070765 0.0313
v 0.07222 0.076233 -0.030267
v 0.071268 0.076428 -0.029745
v 0.070376 0.076615 -0.029219
v 0.058649 0.078946 -0.017144
v 0.058105 0.078999 -0.016221
v 0.069424 0.076788 -0.028626
v 0.068587 0.076928 -0.028079
v 0.057588 0.079033 -0.015285
v 0.06543 0.077715 -0.025443
v 0.065135 0.077586 -0.025326
v 0.057252 0.079192 -0.014471
v 0.062896 0.078042 -0.023068
v 0.063571 0.077888 -0.023802
v 0.063469 0.078073 -0.023555
v 0.062213 0.078146 -0.022304
v 0.06136 0.07836 -0.021241
v 0.056777 0.079296 -0.013382
v 0.060875 0.078452 -0.02061
v 0.060487 0.078495 -0.020102
v 0.060443 0.07868 -0.019835
v 0.056346 0.079348 -0.012355
v 0.054773 0.07972 -0.006762
v 0.054805 0.079562 -0.007319
v 0.054597 0.079608 -0.006271
v 0.055726 0.079372 -0.010747
v 0.05605 0.07948 -0.0114
v 0.054456 0.079693 -0.005347
v 0.054417 0.079837 -0.004286
v 0.054283 0.079675 -0.004215
v 0.055693 0.079535 -0.010355
v 0.054253 0.079783 -0.003416
v 0.05415 0.079724 -0.002878
v 0.054268 0.079906 -0.002352
v 0.054093 0.079701 -0.002205
v 0.054194 0.079916 -0.000907
v 0.054034 0.079693 -0.001047
v 0.055335 0.079508 -0.009388
v 0.123473 0.062164 -0.00176
v 0.111935 0.068605 -0.023041
v 0.111235 0.068668 -0.023828
v 0.055088 0.079684 -0.00809
v 0.055063 0.079517 -0.008414
v 0.122143 0.062869 -0.010486
v 0.122055 0.063111 -0.010768
v 0.122663 0.062644 -0.008342
v 0.110454 0.068881 -0.024591
v 0.110992 0.068621 -0.024082
v 0.102775 0.070198 -0.030192
v 0.103409 0.07029 -0.029811
v 0.101112 0.07059 -0.031013
v 0.123377 0.062153 -0.003442
v 0.12321 0.062296 -0.005019
v 0.099779 0.070942 -0.031574
v 0.123052 0.062365 -0.006184
v 0.1229 0.062463 -0.007109
v 0.088773 0.073009 -0.03398
v 0.090418 0.072695 -0.033865
v 0.121397 0.063531 -0.012298
v 0.120774 0.063947 -0.013388
v 0.120576 0.064241 -0.013571
v 0.120303 0.064317 -0.014088
v 0.11953 0.064824 -0.01513
v 0.11879 0.065356 -0.016017
v 0.067309 0.077139 -0.027158
v 0.118243 0.065675 -0.016649
v 0.117203 0.066302 -0.017768
v 0.115533 0.067172 -0.019456
v 0.066067 0.077427 -0.026138
v 0.114352 0.067742 -0.020585
v 0.112779 0.068178 -0.022154
v 0.112714 0.068358 -0.022206
v 0.10977 0.068929 -0.02526
v 0.107109 0.069478 -0.027461
v 0.106471 0.069612 -0.027924
v 0.105686 0.069718 -0.028463
v 0.103972 0.070097 -0.029531
v 0.104643 0.069958 -0.029128
v 0.121782 0.063109 -0.01148
v 0.098829 0.071102 -0.031942
v 0.0978 0.071264 -0.032317
v 0.09673 0.07147 -0.032654
v 0.093609 0.072115 -0.033409
v 0.092628 0.072253 -0.033588
v 0.091653 0.072488 -0.033725
v 0.086987 0.073509 -0.033941
v 0.087581 0.073145 -0.034012
v 0.086158 0.073509 -0.033981
v 0.0851 0.073761 -0.033918
v 0.084163 0.073918 -0.033841
v 0.083176 0.074086 -0.03373
v 0.0812 0.074522 -0.033402
v 0.082204 0.074327 -0.03358
v 0.080156 0.074751 -0.033167
v 0.079136 0.074956 -0.032913
v 0.077147 0.075352 -0.032319
v 0.078123 0.075161 -0.032626
v 0.109039 0.069108 -0.025911
v 0.108241 0.069228 -0.026581
v 0.107659 0.069448 -0.027012
v 0.073281 0.076093 -0.030769
v 0.075859 0.075595 -0.031867
v 0.095872 0.071675 -0.032892
v 0.094793 0.071885 -0.03316
v 0.059688 0.078659 -0.018931
v 0.059187 0.078875 -0.018001
v 0.05907 0.078711 -0.017988
v 0.074952 0.07572 -0.031527
v 0.074145 0.075941 -0.031161
vn 0.3576 0.6251 -0.6938
vn 0.3544 0.6369 -0.6847
vn 0.406 0.627 -0.6648
vn 0.4063 0.6181 -0.6729
vn 0.4657 0.6152 -0.6361
vn 0.4731 0.5502 -0.688
vn 0.5802 0.5775 -0.5743
vn 0.6692 0.4477 -0.5931
vn 0.6595 0.5004 -0.5609
vn 0.6802 0.5341 -0.5022
vn 0.7366 0.4687 -0.4876
vn 0.7198 0.5241 -0.4553
vn 0.7855 0.5366 -0.3083
vn 0.7589 0.5994 -0.2545
vn 0.7964 0.5582 -0.2328
vn 0.8629 0.4699 -0.1861
vn 0.83 0.5442 -0.1221
vn 0.8469 0.5185 -0.118
vn 0.8432 0.5301 -0.0897
vn 0.2133 0.5895 -0.7791
vn 0.212 0.4616 -0.8614
vn 0.8096 0.5854 -0.0434
vn 0.9223 0.3854 -0.0278
vn 0.9249 0.3792 -0.0291
vn 0.549 0.5411 -0.6371
vn 0.6021 0.0332 -0.7977
vn 0.8324 0.3347 -0.4417
vn 0.7795 0.4763 -0.4069
vn -0.6829 0.7192 -0.1285
vn -0.5508 0.8012 -0.2341
vn -0.6447 0.7278 -0.2341
vn -0.5783 0.764 -0.2861
vn -0.5674 0.7693 -0.2936
vn -0.0545 0.6735 -0.7372
vn -0.6336 0.7518 -0.1823
vn 0.8 0.5063 -0.3219
vn 0.7965 0.5776 -0.1787
vn 0.8236 0.5594 -0.0938
vn 0.923 0.3764 -0.0804
vn -0.5 0.7879 -0.3595
vn -0.6347 0.2196 -0.7409
vn -0.2467 0.6964 -0.6739
vn 0.6981 0.496 -0.5164
vn 0.817 0.5193 -0.2507
vn 0.8536 0.4885 -0.1811
vn -0.7401 0.672 -0.0268
vn -0.6944 0.7183 -0.0418
vn -0.657 0.7534 -0.0264
vn -0.5384 0.8386 -0.0828
vn -0.6752 0.7338 -0.0752
vn -0.6581 0.7414 -0.1314
vn -0.6513 0.7365 -0.1825
vn -0.6635 0.7223 -0.1951
vn -0.5474 0.7875 -0.2831
vn -0.6266 0.6876 -0.367
vn -0.5329 0.7616 -0.3688
vn -0.5607 0.7091 -0.4276
vn -0.4646 0.7837 -0.4122
vn -0.1166 0.9706 -0.2107
vn -0.5824 0.6263 -0.5182
vn -0.4336 0.7613 -0.4821
vn -0.0828 0.9693 -0.2316
vn -0.5279 0.6185 -0.5821
vn -0.4121 0.7317 -0.543
vn -0.4553 0.6319 -0.6272
vn -0.3742 0.722 -0.582
vn -0.3777 0.6526 -0.6569
vn -0.294 0.7426 -0.6017
vn -0.3451 0.6174 -0.7069
vn -0.2654 0.6511 -0.7111
vn -0.1668 0.7332 -0.6593
vn -0.1871 0.6533 -0.7336
vn -0.1066 0.754 -0.6482
vn -0.0896 0.7079 -0.7006
vn -0.0904 0.705 -0.7034
vn -0.0446 0.6907 -0.7217
vn 0.02 0.7097 -0.7042
vn 0.0112 0.6468 -0.7626
vn 0.0915 0.7186 -0.6893
vn 0.0898 0.6843 -0.7236
vn 0.1336 0.6318 -0.7635
vn 0.1397 0.6484 -0.7484
vn 0.3019 0.5797 -0.7569
vn 0.2909 0.6476 -0.7043
vn -0.1221 0.7098 0.6938
vn -0.1145 0.7207 0.6837
vn -0.1667 0.7289 0.664
vn -0.1706 0.7195 0.6732
vn -0.2276 0.7369 0.6366
vn -0.2577 0.6766 0.6898
vn -0.3762 0.7241 0.5781
vn -0.4051 0.6943 0.5949
vn -0.4571 0.6818 0.5711
vn -0.4484 0.6961 0.5608
vn -0.4563 0.7346 0.5021
vn -0.5322 0.6923 0.4873
vn -0.4983 0.7373 0.4561
vn -0.53 0.7937 0.2984
vn -0.6333 0.71 0.3078
vn -0.5733 0.7712 0.2767
vn -0.52 0.825 0.2211
vn -0.6383 0.7513 0.1675
vn -0.6483 0.7418 0.1714
vn 0.5198 0.6086 0.5995
vn -0.596 0.7936 0.1226
vn -0.619 0.7764 0.1186
vn -0.6122 0.7856 0.0897
vn 0.0011 0.6264 0.7795
vn -0.0411 0.5068 0.8611
vn -0.5618 0.8262 0.0436
vn -0.3233 0.6923 0.6452
vn -0.4041 0.577 0.7098
vn -0.735 0.6775 0.0279
vn -0.7397 0.6723 0.0292
vn -0.6691 0.5972 0.4423
vn -0.6032 0.6784 0.4194
vn 0.8568 0.4991 0.1292
vn 0.8267 0.5464 0.1346
vn 0.8414 0.4722 0.2628
vn 0.8495 0.457 0.2636
vn 0.826 0.4648 0.319
vn 0.7859 0.5331 0.3133
vn 0.2816 0.6147 0.7368
vn 0.85 0.4558 0.2641
vn -0.6113 0.7626 0.2117
vn -0.5825 0.8074 0.0939
vn -0.7387 0.6692 0.0803
vn 0.7395 0.5685 0.3605
vn 0.6719 0.6166 0.4102
vn 0.6487 0.1993 0.7345
vn 0.4729 0.5263 0.7066
vn -0.4863 0.7049 0.5164
vn -0.6088 0.7649 0.2104
vn 0.925 0.379 0.0268
vn 0.8981 0.4378 0.0417
vn 0.8752 0.4831 0.0264
vn 0.8408 0.5356 0.0789
vn 0.7934 0.6031 0.0824
vn 0.8641 0.4754 0.1655
vn 0.8693 0.4532 0.1973
vn 0.8007 0.5686 0.1888
vn 0.8128 0.4595 0.3581
vn 0.7639 0.5286 0.3702
vn 0.7661 0.4855 0.421
vn 0.7028 0.5798 0.4122
vn 0.7507 0.4398 0.493
vn 0.4254 0.8759 0.2278
vn 0.6855 0.5304 0.4988
vn 0.6854 0.5306 0.4987
vn 0.3978 0.8845 0.2436
vn 0.6642 0.4624 0.5874
vn 0.6686 0.45 0.592
vn 0.5976 0.553 0.5805
vn 0.6117 0.4693 0.6369
vn 0.5318 0.578 0.6189
vn 0.555 0.423 0.7163
vn 0.536 0.5063 0.6755
vn 0.4731 0.5192 0.7118
vn 0.4075 0.632 0.6592
vn 0.3992 0.5499 0.7337
vn 0.3584 0.6712 0.6489
vn 0.3262 0.6336 0.7016
vn 0.3262 0.6333 0.7018
vn 0.278 0.6354 0.7204
vn 0.2238 0.6735 0.7045
vn 0.2106 0.6121 0.7622
vn 0.16 0.7064 0.6895
vn 0.1489 0.6705 0.7268
vn 0.0904 0.6367 0.7658
vn 0.0903 0.6571 0.7484
vn -0.0859 0.647 0.7577
vn -0.0517 0.7083 0.7041
vn 0.1219 0.9918 -0.0392
vn 0.355 0.9302 0.0929
vn 0.3556 0.9297 0.0958
vn 0.0736 0.9806 -0.1814
vn -0.0385 0.999 -0.0243
vn 0.2367 0.9494 -0.2067
vn 0.3562 0.9308 0.0815
vn 0.2399 0.9506 -0.1972
vn 0.3575 0.9316 -0.066
vn 0.2155 0.9564 0.1972
vn 0.2354 0.9523 0.1944
vn -0.0181 0.9973 -0.0714
vn 0.3561 0.9309 -0.0817
vn 0.0959 0.9773 -0.1889
vn 0.3509 0.9315 0.0959
vn 0.2477 0.9509 -0.1855
vn 0.3538 0.9316 -0.0832
vn 0.2287 0.9525 0.2013
vn 0.0331 0.9872 0.1561
vn -0.0188 0.9965 -0.0813
vn -0.0178 0.9969 -0.0769
vn 0.3676 0.9288 0.0464
vn 0.3672 0.9271 0.0746
vn 0.0308 0.989 0.145
vn 0.2614 0.9487 -0.1777
vn 0.3402 0.9344 -0.1055
vn 0.032 0.9873 0.1559
vn 0.347 0.932 -0.1045
vn 0.2512 0.9482 0.1944
vn -0.0666 0.9955 -0.0667
vn 0.1034 0.9744 -0.1995
vn 0.3673 0.9289 0.0475
vn 0.2803 0.9433 -0.1777
vn 0.0225 0.9908 0.1332
vn 0.0524 0.9844 0.168
vn 0.2873 0.9444 -0.1597
vn 0.3287 0.9361 -0.1252
vn 0.2491 0.947 0.2026
vn 0.1112 0.9741 -0.197
vn 0.0102 0.9919 0.1267
vn -0.0078 0.9951 -0.0984
vn 0.3241 0.9355 -0.1408
vn 0.3259 0.9349 -0.1408
vn 0.3008 0.9404 -0.1588
vn 0.3106 0.9392 -0.1463
vn 0.369 0.9283 0.0452
vn 0.057 0.9794 0.1938
vn 0.1247 0.9721 -0.1987
vn -0.0135 0.9956 -0.093
vn 0.3807 0.924 0.0358
vn 0.0024 0.9934 0.1145
vn -0.033 0.9923 0.1197
vn 0.262 0.947 0.186
vn 0.0727 0.9793 0.189
vn -0.0092 0.9947 -0.102
vn 0.3831 0.9231 0.0345
vn -0.0205 0.9973 0.0702
vn 0.29 0.9399 0.1801
vn 0.2515 0.9536 0.1655
vn -0.0103 0.9959 -0.0898
vn 0.135 0.9691 -0.2065
vn 0.1434 0.9686 -0.2032
vn 0.3752 0.9268 0.0176
vn 0.0058 0.9944 -0.1057
vn 0.0905 0.9774 0.1911
vn 0.0136 0.9919 -0.1262
vn 0.1018 0.9743 0.201
vn 0.0204 0.9915 -0.1284
vn 0.378 0.9249 0.0402
vn 0.2914 0.9408 0.1734
vn 0.0969 0.9744 0.203
vn 0.386 0.9225 -0.0025
vn 0.1625 0.9644 -0.2085
vn -0.022 0.997 0.074
vn -0.0203 0.997 0.0753
vn -0.0205 0.9979 0.062
vn 0.1157 0.9721 0.2042
vn 0.1529 0.9678 -0.2002
vn 0.3802 0.9248 0.0094
vn 0.3758 0.9267 -0.0003
vn 0.3054 0.9411 0.1449
vn 0.0249 0.9905 -0.135
vn 0.1699 0.9649 -0.2004
vn 0.1272 0.9687 0.2132
vn -0.0324 0.9987 0.0398
vn -0.0281 0.9986 0.0438
vn 0.3152 0.9379 0.1447
vn 0.0319 0.9902 -0.1357
vn 0.3718 0.9275 -0.0393
vn -0.0318 0.9991 0.0279
vn 0.1984 0.9564 -0.2141
vn 0.1425 0.9688 0.203
vn -0.0324 0.9991 0.0262
vn -0.0256 0.999 0.0354
vn 0.3691 0.9292 -0.0183
vn 0.3652 0.9306 -0.0254
vn 0.1732 0.962 0.2112
vn 0.0415 0.9852 -0.1664
vn 0.0518 0.9847 -0.1661
vn -0.0259 0.9989 0.0393
vn 0.3217 0.9379 0.1302
vn 0.3615 0.9314 -0.0425
vn 0.3761 0.9261 -0.0296
vn 0.1681 0.9618 0.2161
vn -0.0368 0.9993 -0.0058
vn 0.1899 0.9607 -0.2024
vn -0.0334 0.9994 0.0001
vn 0.3383 0.9324 0.1273
vn 0.1783 0.961 0.2113
vn 0.0618 0.9834 -0.1704
vn -0.0442 0.999 0.0027
vn 0.341 0.9337 0.1092
vn 0.2231 0.9539 -0.2006
vn -0.0214 0.999 -0.0403
vn 0.3683 0.9283 -0.0514
vn 0.3563 0.9326 -0.0574
vn 0.3453 0.933 0.1016
vn 0.1962 0.9575 0.2116
vn 0.0748 0.9796 -0.1865
vn 0.1979 0.9568 0.2129
vn -0.0259 0.9995 -0.0153
vn -0.03 0.999 -0.0338
vn -0.0295 0.999 -0.0329
vn 0.8255 0.5288 0.1972
vn 0.8381 0.515 0.1801
vn 0.8595 0.4955 0.1251
vn 0.8835 0.4571 0.1028
vn 0.8898 0.4512 0.0681
vn 0.8089 0.5663 0.1581
vn 0.864 0.5026 0.032
vn 0.8882 0.4333 0.153
vn 0.8481 0.3142 0.4265
vn 0.8929 0.4371 0.1084
vn 0.5917 0.7721 0.2318
vn 0.7654 0.559 0.3188
vn 0.7372 0.6118 0.2868
vn 0.9391 0.339 0.0563
vn 0.7154 0.6768 0.1737
vn 0.7539 0.5725 0.3225
vn 0.7407 0.6093 0.283
vn 0.1792 0.9838 -0.0005
vn 0.2054 0.9787 -0.0017
vn 0.0964 0.9941 -0.0497
vn 0.2292 0.9704 -0.0761
vn 0.2107 0.9772 -0.0275
vn 0.1738 0.9848 0.0033
vn 0.1413 0.9899 -0.0142
vn -0.5446 0.7919 0.2762
vn -0.5528 0.7841 0.2822
vn -0.472 0.8309 0.2947
vn -0.4671 0.8822 0.0597
vn -0.4812 0.8285 0.2865
vn -0.6349 0.763 0.1214
vn -0.4629 0.8844 0.0604
vn -0.5586 0.7505 0.3532
vn -0.358 0.897 0.2594
vn -0.5714 0.8082 0.1428
vn -0.4983 0.7992 0.3362
vn -0.3389 0.9335 0.1171
vn -0.4409 0.8789 0.182
vn -0.6102 0.7591 0.2268
vn -0.1281 0.9824 0.136
vn -0.477 0.8682 0.1368
vn -0.4732 0.8299 0.2955
vn -0.346 0.9241 0.1622
vn -0.5653 0.8248 0.0113
vn -0.5529 0.7867 0.2745
vn -0.5536 0.8323 0.0288
vn -0.4632 0.8851 0.0456
vn -0.6091 0.5877 -0.5326
vn -0.4878 0.742 -0.4599
vn -0.64 0.7384 -0.2126
vn -0.5223 0.8457 -0.1091
vn -0.1516 -0.9869 -0.0544
vn -0.5698 0.8216 0.0154
vn -0.6576 0.7524 0.0391
vn -0.3812 0.9113 0.1555
vn -0.3705 0.9052 0.2082
vn -0.4832 0.7492 -0.4531
vn -0.6326 0.6823 -0.3664
vn -0.6935 0.6926 -0.1984
vn -0.5639 0.7815 -0.2671
vn -0.4212 0.8146 -0.3989
vn -0.3828 0.7582 -0.5279
vn -0.3653 0.796 -0.4827
vn -0.4013 0.7711 -0.4944
vn -0.3756 0.8601 -0.3452
vn -0.2548 0.9342 -0.2498
vn -0.4101 0.7959 -0.4453
vn -0.4135 0.7477 -0.5195
vn -0.095 0.6455 -0.7579
vn -0.0962 0.9361 -0.3383
vn -0.2223 0.2852 -0.9323
vn -0.3001 0.8328 -0.4651
vn -0.2918 0.4268 -0.856
vn -0.48 0.742 -0.468
vn -0.3876 0.7547 -0.5293
vn 0.2598 0.9293 -0.2624
vn 0.2618 0.9278 -0.266
vn 0.6563 0.2974 -0.6934
vn 0.4537 0.8637 -0.2195
vn 0.6526 0.2356 -0.7202
vn 0.6027 0.6553 -0.4553
vn 0.7588 0.4062 -0.5092
vn 0.3117 0.7309 -0.6071
vn 0.4215 0.558 -0.7148
vn 0.0671 0.9635 -0.2592
vn 0.3173 0.4044 -0.8577
vn 0.3157 0.3136 -0.8955
vn -0.0234 0.9304 -0.3659
vn 0.0671 0.558 -0.8271
vn 0.077 0.6195 -0.7812
vn -0.0289 0.8089 -0.5873
vn 0.7044 0.679 -0.2069
vn 0.2266 0.9736 -0.0286
vn 0.7765 0.5594 -0.2902
vn 0.7526 0.6249 -0.2074
vn 0.7522 0.6276 -0.2008
vn 0.3706 0.9273 -0.0519
vn 0.5778 0.7985 -0.1689
vn 0.7536 0.6209 -0.2156
vn 0.4974 0.865 -0.0663
vn 0.8264 0.4847 -0.2867
vn 0.7089 0.6588 -0.252
vn 0.7837 0.5995 -0.1625
vn 0.7468 0.65 -0.1406
vn 0.5408 0.8321 -0.1235
vn 0.4184 0.9075 -0.0377
vn 0.7832 0.6001 -0.1628
vn 0.7469 0.6505 -0.1379
vn 0.753 0.6447 -0.1319
vn 0.7396 0.6643 -0.1081
vn 0.678 0.7247 -0.1229
vn 0.3567 0.9306 -0.0824
vn 0.3636 0.9275 -0.0871
vn 0.3954 0.9161 -0.0662
vn 0.5509 0.8346 -0.006
vn 0.7983 0.558 -0.2266
vn 0.779 0.6193 -0.0977
vn 0.686 0.7244 -0.0683
vn 0.4621 0.8857 -0.0443
vn 0.4555 0.8866 -0.0801
vn 0.6337 0.7732 -0.0242
vn 0.4884 0.8718 -0.0371
vn 0.4365 0.8959 -0.0824
vn 0.743 0.5516 -0.3792
vn 0.749 0.6362 -0.1851
vn 0.7651 0.6136 -0.1951
vn 0.6538 0.748 -0.1142
vn 0.7013 0.6991 -0.1395
vn 0.8977 0.4388 -0.0392
vn 0.5436 0.8393 -0.0036
vn 0.7814 0.5153 -0.3518
vn 0.6131 0.7395 -0.278
vn 0.8511 0.5248 -0.0133
vn 0.6024 0.758 -0.2502
vn 0.5039 0.8366 -0.2147
vn 0.4637 0.8736 -0.1479
vn 0.6039 0.7551 -0.255
vn 0.6291 0.745 -0.2218
vn 0.2251 0.9739 -0.0281
vn 0.7259 0.633 -0.2691
vn 0.6244 0.7434 -0.2396
vn 0.8118 0.4384 -0.3856
vn 0.2182 0.9758 -0.0144
vn 0.5804 0.787 -0.2093
vn 0.2428 0.969 -0.0469
vn 0.5303 0.8371 -0.1345
vn 0.5017 0.8532 -0.1427
vn 0.7071 0.6381 -0.3048
vn 0.528 0.8452 -0.0821
vn 0.6811 0.6873 -0.2525
vn -0.5158 0.8348 -0.1926
vn -0.0303 0.994 -0.1056
vn 0.1652 0.9821 -0.0908
vn -0.6025 0.7629 -0.2343
vn 0.1689 0.9856 0.0004
vn -0.1906 0.9655 -0.1774
vn -0.0252 0.9931 -0.1146
vn 0.244 0.962 -0.1222
vn -0.5715 0.7748 -0.2705
vn -0.4307 0.8744 -0.2235
vn -0.3336 0.9427 0.008
vn 0.0609 0.9915 -0.1153
vn -0.6145 0.7888 -0.0142
vn -0.5994 0.7973 -0.0702
vn -0.2425 0.9701 -0.0115
vn -0.2113 0.9764 0.0454
vn 0.1617 0.9867 -0.0188
vn -0.2059 0.9774 -0.0475
vn -0.4455 0.8917 -0.0802
vn -0.0391 0.9981 -0.0466
vn -0.4467 0.8891 -0.1
vn 0.1567 0.9874 -0.0209
vn -0.4445 0.8888 -0.1114
vn -0.6012 0.7861 -0.1436
vn -0.5384 0.8415 -0.0444
vn -0.1 0.9926 -0.0691
vn -0.6317 0.7726 -0.0639
vn -0.4749 0.8647 -0.1636
vn -0.5024 0.8421 -0.1963
vn -0.5914 0.7709 -0.2366
vn -0.4717 0.8769 -0.0927
vn 0.1841 0.9821 -0.0392
vn 0.1829 0.9823 -0.0395
vn -0.1858 0.9618 -0.2012
vn -0.5953 0.7693 -0.2319
vn 0.0841 0.9964 0.0072
vn -0.3966 0.9166 -0.0498
vn -0.5355 0.8299 -0.1566
vn -0.3947 0.9109 -0.1201
vn 0.1901 0.9805 -0.0497
vn 0.1919 0.9802 -0.0493
vn 0.1915 0.9794 -0.0648
vn -0.5057 0.8487 -0.1547
vn 0.1465 0.987 -0.0664
vn -0.3535 0.5975 -0.7198
vn -0.3863 0.5843 -0.7137
vn 0.2791 0.9316 -0.233
vn -0.4271 0.7166 -0.5515
vn 0.2531 0.9637 -0.0851
vn 0.1498 0.9794 -0.135
vn -0.5096 0.8124 -0.2833
vn -0.3851 0.8633 -0.3262
vn 0.2609 0.9534 -0.1514
vn -0.505 0.7494 -0.4283
vn -0.3337 0.7219 -0.6062
vn -0.4156 0.7293 -0.5435
vn -0.3914 0.7828 -0.4838
vn 0.1872 0.9234 -0.335
vn 0.1625 0.9563 -0.2429
vn 0.1284 0.9272 -0.3518
vn -0.4417 0.5782 -0.686
vn -0.0176 0.875 -0.4839
vn -0.2382 0.7574 -0.6079
vn 0.231 0.9446 -0.2333
vn 0.2233 0.945 -0.2392
vn 0.118 0.8593 -0.4977
vn -0.2756 0.7058 -0.6526
vn 0.321 0.8965 -0.3054
vn -0.1843 0.7455 -0.6405
vn 0.3406 0.9174 -0.2058
vn 0.2643 0.9335 -0.2422
vn -0.3481 0.6426 -0.6825
vn -0.392 0.6095 -0.6891
vn 0.3417 0.8995 -0.2725
vn 0.0894 0.9031 -0.4201
vn -0.1521 0.7584 -0.6338
vn 0.3145 0.8955 -0.3149
vn -0.182 0.7606 -0.6231
vn -0.1528 0.7565 -0.6358
vn -0.1298 0.7658 -0.6298
vn 0.1586 0.8787 -0.4502
vn 0.2042 0.9096 -0.3617
vn 0.0903 0.8583 -0.5052
vn 0.116 0.8885 -0.444
vn -0.1715 0.8021 -0.5721
vn -0.3482 0.6637 -0.662
vn -0.1507 0.7775 -0.6106
vn -0.2329 0.7727 -0.5904
vn 0.0805 0.915 -0.3952
vn 0.3106 0.8963 -0.3164
vn 0.2508 0.9254 -0.2842
vn 0.2176 0.9018 -0.3735
vn 0.4798 0.8773 -0.0146
vn 0.0944 0.9104 -0.4028
vn 0.2419 0.9414 -0.2351
vn 0.4447 0.2303 -0.8656
vn 0.4215 0.4107 -0.8085
vn 0.1888 0.9012 -0.3901
vn 0.3942 0.5384 -0.7448
vn 0.2971 0.5667 -0.7685
vn 0.4141 0.8181 -0.3991
vn 0.4179 0.8264 -0.3775
vn 0.3058 0.8368 -0.4541
vn 0.769 0.3887 -0.5075
vn 0.6821 0.5789 -0.4466
vn 0.5052 0.6281 -0.5918
vn -0.204 0.5747 -0.7925
vn 0.5481 0.3235 -0.7713
vn 0.548 0.3097 -0.777
vn 0.6138 0.7026 -0.36
vn 0.5054 0.6285 -0.5912
vn 0.4771 0.4476 -0.7563
vn 0.2399 0.5273 -0.8151
vn 0.5256 0.8206 -0.2243
vn 0.1351 0.6422 -0.7546
vn 0.1028 0.5788 -0.809
vn 0.3479 0.8923 -0.2878
vn -0.2069 0.5205 -0.8284
vn -0.0939 0.5952 -0.7981
vn 0.6655 0.51 -0.5449
vn 0.6789 0.6041 -0.4172
vn 0.6656 0.6079 -0.4329
vn 0.6555 0.6029 -0.4548
vn 0.6672 0.5918 -0.4523
vn 0.6244 0.5894 -0.5125
vn 0.6631 0.5605 -0.4961
vn 0.6906 0.4187 -0.5897
vn 0.5784 0.762 -0.2914
vn 0.735 0.2817 -0.6168
vn 0.4831 0.8508 -0.2068
vn 0.7229 0.5438 -0.4263
vn 0.7292 0.5445 -0.4144
vn 0.7228 0.6088 -0.3268
vn 0.7301 0.5221 -0.4407
vn 0.7125 0.4979 -0.4943
vn 0.7103 0.5674 -0.4166
vn 0.6786 0.6063 -0.4146
vn 0.6553 0.631 -0.4153
vn 0.6691 0.4498 -0.5915
vn 0.7782 0.5949 -0.201
vn 0.673 0.7241 0.1506
vn 0.6941 0.716 -0.0748
vn 0.9453 0.2348 -0.2265
vn 0.9104 0.2488 -0.3306
vn 0.9364 0.1669 -0.3088
vn 0.7993 0.5652 -0.2043
vn 0.895 0.3534 0.2721
vn 0.8769 0.3925 0.2776
vn 0.9462 0.2991 -0.1234
vn 0.907 0.4101 0.0962
vn 0.85 0.5259 -0.0303
vn 0.9802 0.1871 -0.0651
vn 0.9034 0.4151 0.1077
vn 0.9093 0.4034 0.1023
vn 0.9823 0.0781 -0.1701
vn 0.9788 0.1079 -0.1742
vn 0.8385 0.0825 -0.5387
vn 0.6283 0.728 -0.2742
vn 0.7573 0.0873 -0.6473
vn 0.6916 0.6718 -0.2651
vn 0.4825 0.8495 -0.2135
vn 0.7327 0.3502 0.5835
vn 0.4659 0.7223 0.5111
vn 0.3618 0.8486 0.386
vn 0.484 0.7063 0.5166
vn 0.6542 0.4413 0.6143
vn 0.3601 0.8335 0.4191
vn 0.5266 0.648 0.5503
vn 0.6217 0.5481 0.5596
vn 0.6143 0.5423 0.5733
vn 0.4338 0.7301 0.5279
vn 0.514 0.7463 0.4229
vn 0.6123 0.5589 0.5593
vn 0.6315 0.5596 0.5367
vn 0.5505 0.7091 0.4406
vn 0.6144 0.5416 0.5738
vn 0.5179 0.6968 0.4962
vn 0.4976 0.7431 0.4475
vn -0.1703 0.6079 0.7755
vn -0.0279 0.8408 0.5406
vn 0.098 0.7775 0.6212
vn -0.217 0.5703 0.7923
vn -0.0439 0.4803 0.876
vn -0.1253 0.363 0.9233
vn -0.2193 0.5626 0.7971
vn -0.0515 0.5197 0.8528
vn 0.1348 0.8119 0.568
vn 0.2067 0.6434 0.7371
vn 0.1081 0.1955 0.9747
vn 0.3186 0.7337 0.6001
vn 0.3235 0.3813 0.866
vn 0.3498 0.1824 0.9189
vn 0.4317 0.5354 0.7259
vn 0.6731 0.2086 0.7096
vn 0.6483 0.6314 0.4255
vn 0.5971 0.4051 0.6923
vn -0.1914 -0.8383 0.5106
vn 0.0993 0.71 0.6972
vn 0.1104 0.7218 0.6832
vn 0.1169 0.7082 0.6963
vn 0.1051 0.5982 0.7944
vn -0.1392 0.8027 0.5799
vn -0.1349 0.8103 0.5703
vn 0.1595 0.8148 0.5574
vn -0.1376 0.6964 0.7043
vn -0.0818 0.8101 0.5805
vn -0.023 0.8826 0.4696
vn 0.1712 0.7987 0.5769
vn 0.0424 0.9338 0.3552
vn -0.0295 0.7248 0.6884
vn 0.1896 0.709 0.6793
vn 0.2229 0.756 0.6154
vn 0.3084 0.6166 0.7243
vn 0.2744 0.7043 0.6547
vn 0.2815 0.5352 0.7964
vn 0.2298 0.8995 0.3716
vn 0.334 0.5355 0.7757
vn 0.3448 0.4777 0.808
vn 0.2733 0.8886 0.3684
vn 0.2806 0.8767 0.3908
vn 0.4285 0.4411 0.7885
vn 0.412 0.6011 0.6849
vn 0.3543 0.7622 0.5418
vn 0.3488 0.8612 0.3698
vn 0.462 0.5715 0.6783
vn 0.492 0.4806 0.7259
vn -0.2992 0.6567 0.6922
vn -0.1432 0.8205 0.5535
vn -0.0429 0.7052 0.7077
vn 0.3402 0.7473 0.5708
vn 0.3333 0.809 0.4842
vn -0.136 0.6928 0.7082
vn -0.0223 0.8125 0.5826
vn 0.3112 0.9023 0.2983
vn -0.0879 0.3559 0.9304
vn 0.1267 0.5492 0.826
vn 0.1774 0.8095 0.5597
vn 0.1941 0.8027 0.5639
vn -0.0286 0.6604 0.7504
vn 0.2095 0.6893 0.6936
vn 0.2483 0.5745 0.7799
vn 0.1053 0.8372 0.5367
vn -0.0262 0.478 0.8779
vn 0.0904 0.8591 0.5038
vn 0.3434 0.7645 0.5455
vn 0.0953 0.8633 0.4956
vn 0.4458 0.6182 0.6474
vn 0.4441 0.5249 0.7261
vn 0.1154 0.8485 0.5164
vn 0.056 0.7964 0.6022
vn -0.2147 0.3944 0.8935
vn -0.0579 0.547 0.8351
vn 0.2508 0.8762 0.4115
vn 0.2653 0.5017 0.8233
vn -0.0444 0.9055 0.422
vn -0.3815 0.706 0.5967
vn -0.5828 0.2164 0.7833
vn 0.0785 0.9617 0.2626
vn -0.2944 0.5636 0.7718
vn -0.3173 0.5385 0.7806
vn 0.0631 0.8644 0.4989
vn 0.1358 0.8912 0.4329
vn -0.0113 0.3104 0.9506
vn 0.0941 0.484 0.87
vn 0.1541 0.7508 0.6423
vn 0.1733 0.3332 0.9268
vn 0.3218 0.792 0.5188
vn 0.3115 0.8923 0.3267
vn 0.4274 0.2809 0.8593
vn 0.097 0.9374 0.3344
vn -0.1456 0.914 0.3787
vn -0.381 0.759 0.5279
vn -0.3802 0.7545 0.5349
vn -0.3647 0.7647 0.5313
vn -0.3694 0.7418 0.5597
vn -0.3485 0.7547 0.5559
vn -0.3794 0.7078 0.5958
vn -0.5542 0.5975 0.5796
vn -0.3818 0.7042 0.5986
vn -0.1463 0.8287 0.5403
vn -0.5635 0.5419 0.6236
vn -0.3895 0.7023 0.5959
vn -0.5152 0.5716 0.6386
vn -0.2818 0.8588 0.4279
vn -0.0319 0.9261 0.376
vn -0.671 0.6579 0.3418
vn -0.2786 0.8708 -0.405
vn -0.277 0.7894 0.5478
vn -0.3524 0.8996 -0.2579
vn -0.4796 0.8522 -0.2089
vn -0.5502 0.8142 -0.1853
vn -0.1511 0.8422 0.5176
vn -0.6292 0.463 0.6243
vn 0.2051 0.9778 0.0435
vn -0.2958 0.8015 -0.5198
vn -0.7477 0.6535 -0.1178
vn -0.1761 0.9732 -0.1477
vn -0.7241 0.6834 -0.0932
vn -0.1412 0.9899 -0.0134
vn -0.5516 0.8217 0.1435
vn -0.163 0.9739 0.1579
vn -0.4447 0.7164 0.5375
vn -0.4441 0.893 -0.0735
vn -0.2045 0.9407 0.2707
vn -0.3789 0.8448 -0.3779
vn -0.0832 0.9953 0.0504
vn -0.0787 0.972 0.2215
vn -0.665 0.7009 0.2578
vn -0.2766 0.9295 0.2439
vn -0.1915 0.6292 -0.7533
vn 0.1505 0.9475 -0.2821
vn 0.0097 0.7401 -0.6725
vn -0.0004 0.7836 -0.6213
vn 0.0557 0.7352 -0.6756
vn -0.0001 0.7837 -0.6211
vn 0.0626 0.9858 -0.1558
vn 0.0327 0.841 -0.54
vn -0.0064 0.8146 -0.58
vn 0.1041 0.9316 -0.3483
vn 0.0101 0.7598 -0.6501
vn 0.1007 0.9211 -0.376
vn 0.0536 0.7858 -0.6161
vn -0.1548 0.559 -0.8146
vn 0.0843 0.8089 -0.5818
vn 0.0781 0.8488 -0.5229
vn 0.0465 0.6945 -0.718
vn 0.1621 0.895 -0.4155
vn 0.1537 0.7214 -0.6752
vn 0.1534 0.9197 -0.3615
vn 0.1003 0.7737 -0.6256
vn 0.0381 0.6941 -0.7189
vn 0.1164 0.7036 -0.701
vn 0.124 0.9874 -0.0987
vn 0.1891 0.9682 -0.1641
vn 0.102 0.912 -0.3972
vn 0.0216 0.8187 -0.5738
vn 0.1987 0.9799 -0.0167
vn 0.1297 0.7486 -0.6503
vn 0.157 0.6768 -0.7193
vn 0.1423 0.7645 -0.6287
vn 0.2016 0.7624 -0.615
vn 0.192 0.981 0.028
vn -0.0036 0.7121 -0.702
vn 0.2236 0.7293 -0.6466
vn 0.1123 0.9362 -0.333
vn 0.0107 0.7671 -0.6415
vn 0.2444 0.7267 -0.642
vn 0.2647 0.7562 -0.5985
vn 0.1977 0.9802 0.0132
vn 0.1398 0.9608 -0.2393
vn 0.1602 0.6825 -0.7131
vn 0.054 0.7828 -0.6199
vn 0.2886 0.7059 -0.6469
vn 0.1677 0.972 -0.1649
vn 0.1682 0.9499 -0.2634
vn 0.1688 0.6266 -0.7608
vn 0.1729 0.7335 -0.6574
vn 0.201 0.943 -0.2652
vn 0.3091 0.6897 -0.6549
vn 0.1942 0.9672 -0.1639
vn 0.2868 0.872 -0.3967
vn 0.2909 0.9061 -0.3072
vn 0.172 0.969 -0.1773
vn 0.3269 0.6695 -0.667
vn 0.3672 0.6164 -0.6965
vn 0.3048 0.8038 -0.5108
vn 0.3827 0.8339 -0.3977
vn 0.3742 0.5999 -0.7072
vn 0.1513 0.9881 -0.0287
vn 0.3247 0.8734 -0.363
vn 0.174 0.9841 -0.0353
vn 0.2185 0.7186 -0.6602
vn 0.4445 0.6533 -0.6129
vn 0.1935 0.967 -0.1655
vn 0.2018 0.9585 -0.2011
vn 0.4462 0.6003 -0.6637
vn 0.4243 0.6317 -0.6488
vn 0.4396 0.6882 -0.5772
vn 0.2379 0.9225 -0.3039
vn 0.21 0.9562 -0.2041
vn -0.236 0.7479 -0.6204
vn -0.0278 0.9136 -0.4056
vn 0.4013 0.8298 -0.3878
vn 0.2338 0.7043 -0.6703
vn 0.1146 0.8003 -0.5886
vn 0.2136 0.9519 -0.2196
vn 0.1713 0.985 -0.0202
vn 0.1559 0.9867 -0.0452
vn 0.0735 0.513 0.8552
vn 0.0177 0.8614 -0.5076
vn 0.1564 0.9056 -0.3942
vn 0.2257 0.9517 -0.2081
vn 0.1406 0.9379 -0.3171
vn 0.2459 0.723 -0.6456
vn 0.314 0.8666 -0.3878
vn -0.0937 0.8898 -0.4466
vn 0.2898 0.7089 -0.643
vn 0.2457 0.9663 0.0771
vn 0.2049 0.9708 -0.1248
vn 0.2163 0.9454 -0.2439
vn -0.0776 0.8437 -0.5311
vn 0.0911 0.9818 -0.1668
vn 0.3023 0.6682 -0.6797
vn 0.2376 0.9459 -0.2209
vn 0.2442 0.9257 -0.2888
vn -0.1326 0.7741 -0.6191
vn 0.1056 0.9789 -0.175
vn 0.1017 0.9772 -0.1866
vn 0.3493 0.5943 -0.7244
vn 0.2658 0.8783 -0.3975
vn -0.1046 0.8074 -0.5807
vn 0.3258 0.6581 -0.6788
vn 0.261 0.9248 -0.2769
vn 0.1178 0.9738 -0.1943
vn 0.1707 0.9848 -0.0324
vn 0.3443 0.5688 -0.747
vn -0.124 0.7405 -0.6605
vn 0.1133 0.9698 -0.216
vn 0.1319 0.9728 -0.1905
vn 0.2791 0.9084 -0.3113
vn 0.1532 0.9863 0.0613
vn 0.3665 0.6288 -0.6858
vn 0.3214 0.8566 -0.4037
vn 0.4193 0.5182 -0.7454
vn 0.1639 0.9861 0.0265
vn 0.1315 0.9761 -0.173
vn -0.0063 0.899 -0.438
vn 0.4247 0.5529 -0.7169
vn 0.2823 0.9426 -0.1783
vn 0.2893 0.9239 -0.2505
vn 0.4134 0.58 -0.7019
vn 0.28 0.9395 -0.1974
vn 0.1383 0.9793 -0.1479
vn 0.0524 0.9482 -0.3135
vn 0.2504 0.9486 -0.1937
vn 0.2547 0.9416 -0.2202
vn 0.2912 0.9332 -0.2108
vn 0.4708 0.6416 -0.6056
vn 0.2943 0.9144 -0.2779
vn 0.4627 0.6941 -0.5515
vn 0.1471 0.9874 -0.0586
vn -0.217 0.7826 -0.5836
vn 0.1986 0.98 -0.0148
vn -0.0293 0.9205 -0.3898
vn 0.1187 0.9929 0.0001
vn 0.1377 0.9889 -0.0562
vn -0.1335 0.8183 -0.559
vn -0.0747 0.8959 -0.438
vn -0.1258 0.8088 -0.5745
vn -0.1078 0.7941 -0.5982
vn -0.004 0.8515 -0.5244
vn -0.125 0.7302 -0.6717
vn -0.0195 0.8252 -0.5645
vn 0.032 0.8788 -0.4762
vn 0.2947 0.9553 0.0218
vn 0.6059 0.6417 -0.4703
vn 0.2103 0.9757 -0.0624
vn 0.5258 0.624 -0.5781
vn 0.3997 0.8074 -0.4339
vn 0.7762 0.5126 0.3672
vn 0.5452 0.6764 0.4952
vn 0.7209 0.5173 0.4611
vn 0.7164 0.6035 0.3501
vn 0.7427 0.5726 0.3473
vn 0.7323 0.5827 0.3523
vn 0.4121 0.9107 -0.0276
vn 0.2946 0.9155 0.2739
vn 0.8795 0.4578 0.1297
vn 0.5228 0.6119 0.5935
vn 0.8801 0.4567 0.1297
vn 0.3835 0.9037 0.1906
vn 0.8185 0.5084 -0.2674
vn 0.4565 0.8685 0.1931
vn 0.7765 0.6001 -0.192
vn 0.8979 0.4239 -0.1189
vn 0.7868 0.5246 -0.3252
vn 0.7173 0.6094 -0.3377
vn 0.9736 0.1307 -0.1872
vn 0.6549 0.5711 -0.495
vn 0.6949 0.7012 -0.1597
vn 0.4579 0.8858 0.0751
vn 0.3229 0.9418 -0.0932
vn 0.4172 0.9082 -0.0339
vn 0.8427 0.483 -0.2381
vn 0.7539 0.6123 -0.2381
vn 0.7529 0.6051 -0.2589
vn 0.8465 0.4636 -0.2618
vn 0.7324 0.621 -0.2792
vn 0.9255 0.3444 -0.1578
vn 0.8707 0.467 -0.1546
vn 0.8461 0.5088 -0.1588
vn 0.6948 0.6758 -0.2462
vn 0.7407 0.5844 -0.3313
vn 0.7485 0.5728 -0.3342
vn 0.8397 0.543 -0.0002
vn 0.8393 0.5361 -0.0904
vn 0.8309 0.5474 -0.0999
vn 0.8759 0.4197 -0.2379
vn 0.9153 0.3192 -0.2458
vn 0.8022 0.3177 0.5055
vn 0.8366 0.5352 0.1169
vn 0.8324 0.5498 0.0695
vn 0.7401 0.6705 -0.052
vn 0.8022 0.4779 0.3578
vn 0.6255 0.7036 0.3372
vn 0.7745 0.554 0.3055
vn 0.7611 0.6236 0.1787
vn 0.9257 0.358 0.1222
vn 0.8104 0.5809 0.0762
vn 0.879 0.4603 -0.1247
vn 0.8133 0.543 -0.2091
vn 0.7364 0.6379 -0.2254
vn 0.7225 0.5823 0.3727
vn 0.6537 0.6402 0.4034
vn 0.7152 0.4441 0.5397
vn 0.7099 0.4418 0.5485
vn 0.6915 0.4989 0.5225
vn 0.7244 0.5282 0.443
vn 0.7204 0.569 0.3966
vn 0.5969 0.7018 0.3889
vn 0.6107 0.7546 0.2399
vn 0.6606 0.6388 0.3944
vn 0.5848 0.7667 0.2648
vn 0.7019 0.235 0.6724
vn 0.7247 0.5852 0.3638
vn 0.7312 0.5676 0.3785
vn 0.6886 0.6355 0.3494
vn 0.5878 0.6054 0.5367
vn 0.5978 0.4894 0.6349
vn 0.709 0.4182 0.5679
vn 0.7434 0.5143 0.4276
vn 0.4775 0.8417 0.252
vn 0.2191 0.896 0.3862
vn -0.0224 0.8242 0.5659
vn -0.0375 0.5175 0.8548
vn 0.2378 0.8275 0.5086
vn 0.3129 0.6796 0.6635
vn -0.2699 0.7352 0.6218
vn -0.0796 0.7521 0.6542
vn -0.284 0.6186 0.7326
vn 0.3733 0.5819 0.7225
vn 0.2776 0.9056 0.3206
vn 0.4493 0.653 0.6097
vn 0.3015 0.2882 0.9089
vn -0.2818 0.4567 0.8438
vn -0.0116 0.5857 0.8104
vn -0.0959 0.808 0.5813
vn -0.1937 0.7694 0.6087
vn -0.2916 0.7222 0.6272
vn 0.4513 0.879 0.1536
vn 0.4543 0.879 0.1445
vn 0.2089 0.9184 0.3361
vn 0.2251 0.9162 0.3315
vn -0.4036 0.5505 0.7308
vn -0.0736 0.8025 0.5921
vn -0.1857 0.7079 0.6814
vn -0.3565 0.6407 0.68
vn -0.3627 0.6637 0.6542
vn -0.2736 0.7014 0.6581
vn 0.0147 0.8296 0.5582
vn 0.3865 0.8896 0.2432
vn -0.22 0.8131 0.539
vn 0.1448 0.923 0.3566
vn -0.4107 0.6059 0.6813
vn 0.3192 0.9375 0.139
vn 0.3199 0.9267 0.1971
vn -0.3565 0.6716 0.6495
vn -0.2681 0.7863 0.5566
vn -0.2945 0.6777 0.6738
vn -0.258 0.7009 0.6649
vn -0.1933 0.7081 0.6791
vn -0.1521 0.7877 0.597
vn -0.0736 0.8115 0.5797
vn -0.1399 0.8179 0.5581
vn 0.3155 0.9263 0.2058
vn 0.3447 0.9193 0.1899
vn 0.3939 0.9013 0.1801
vn 0.4457 0.8831 0.1467
vn 0.1211 0.9023 0.4138
vn 0.3409 0.9189 0.1984
vn -0.0354 0.8378 0.5448
vn 0.3254 0.8574 0.3988
vn -0.562 0.3846 0.7323
vn -0.0859 0.7711 0.6309
vn 0.1497 0.9076 0.3922
vn -0.1399 0.7734 0.6183
vn 0.3319 0.8992 0.2851
vn 0.1848 0.9045 0.3844
vn 0.4139 0.8997 0.1386
vn 0.2049 0.8608 0.4659
vn 0.2572 0.9502 0.1761
vn -0.1147 0.8531 0.5089
vn 0.1466 0.9294 0.3386
vn 0.0302 0.9174 0.3967
vn 0.2537 0.96 0.1182
vn -0.3102 0.9252 0.2186
vn 0.0329 0.9621 0.2706
vn -0.4458 0.8487 0.2846
vn -0.0176 0.9435 0.331
vn 0.1086 0.9438 0.3123
vn 0.1346 0.9479 0.2887
vn 0.1137 0.907 0.4056
vn 0.1681 0.9224 0.3478
vn -0.3138 0.723 0.6155
vn -0.4489 0.6314 0.6323
vn -0.5516 0.7457 0.3738
vn -0.3897 0.754 0.5287
vn -0.4208 0.5977 0.6824
vn -0.4932 0.6914 0.5279
vn 0.1254 0.991 0.0459
vn 0.2307 0.9729 0.0144
vn 0.2331 0.9697 0.0731
vn -0.0315 0.9828 0.182
vn 0.1218 0.9926 -0.0009
vn -0.5148 0.8207 0.2479
vn -0.5231 0.8247 0.215
vn -0.5145 0.8314 0.2099
vn -0.1014 0.9843 0.1443
vn 0.1529 0.981 0.1196
vn -0.6077 0.7762 0.168
vn -0.2211 0.9638 0.1491
vn -0.4137 0.8827 0.2227
vn -0.5105 0.8228 0.2498
vn -0.4729 0.8708 0.1346
vn 0.1992 0.9792 0.04
vn 0.1308 0.9866 0.0974
vn -0.6074 0.7866 0.1106
vn -0.4923 0.8659 0.0886
vn 0.1369 0.9858 0.0969
vn -0.4769 0.8753 0.0799
vn -0.5409 0.8393 0.0545
vn 0.2076 0.9761 0.0645
vn -0.5147 0.857 0.0237
vn -0.6142 0.7706 0.17
vn -0.0624 0.998 -0.0113
vn -0.0171 0.9943 0.1049
vn -0.1702 0.9848 0.0343
vn -0.3004 0.9448 0.1308
vn 0.2004 0.9777 0.0624
vn 0.0205 0.9997 -0.0138
vn -0.4018 0.9143 0.0505
vn -0.5541 0.8116 0.1855
vn -0.3028 0.953 0.0096
vn 0.2049 0.9769 0.0611
vn -0.1907 0.9807 0.0419
vn -0.4844 0.8441 0.2297
vn -0.1354 0.9885 0.0679
vn -0.531 0.8396 0.1144
vn 0.0664 0.9973 0.032
vn 0.0521 0.9956 0.0776
vn -0.5511 0.8256 0.1211
vn -0.4347 0.8954 0.0963
vn 0.0588 0.9972 0.0465
vn 0.125 0.9911 0.0466
vn -0.6299 0.7746 0.0572
vn -0.507 0.8611 0.0384
vn 0.8144 0.5294 0.2377
vn 0.8969 0.4419 0.0187
vn 0.712 0.6712 0.2062
vn 0.5999 0.8 -0.0081
vn 0.5496 0.8355 -0.0012
vn 0.7494 0.5996 0.2808
vn 0.7146 0.6143 0.3346
vn 0.518 0.8435 0.1419
vn 0.6945 0.6417 0.3255
vn 0.5833 0.7746 0.2445
vn 0.7521 0.5495 0.3637
vn 0.6403 0.7672 0.038
vn 0.6936 0.7201 0.0197
vn 0.7054 0.657 0.266
vn 0.594 0.7835 0.1825
vn 0.7329 0.676 0.0761
vn 0.795 0.6041 0.0541
vn 0.728 0.6796 0.0902
vn 0.6106 0.7907 0.0449
vn 0.7703 0.6212 0.1444
vn 0.8963 0.4346 0.088
vn 0.6248 0.7796 0.0425
vn 0.9278 0.3537 0.1189
vn 0.7658 0.6279 0.1386
vn 0.5849 0.8083 0.0679
vn 0.5756 0.8153 0.0639
vn 0.8837 0.4474 0.1375
vn 0.603 0.7859 0.1372
vn 0.369 0.929 0.0279
vn 0.7568 0.6384 0.1406
vn 0.751 0.6099 0.253
vn 0.7692 0.5934 0.2371
vn 0.6145 0.7788 0.1258
vn 0.6136 0.7795 0.1258
vn 0.85 0.5136 0.1171
vn 0.5815 0.8092 0.0845
vn 0.5923 0.7881 0.1675
vn 0.5677 0.8096 0.1496
vn 0.3674 0.9297 0.0276
vn 0.6151 0.7745 0.1474
vn 0.7133 0.6681 0.2117
vn 0.6032 0.7735 0.1946
vn 0.7625 0.6319 0.139
vn 0.4846 0.8512 0.2015
vn 0.4515 0.8901 0.0613
vn 0.3452 0.9373 0.0469
vn 0.7502 0.598 0.2822
vn 0.4824 0.8533 0.1979
vn 0.5376 0.8087 0.2388
vn 0.4668 0.88 0.0875
vn 0.8378 0.5062 0.2046
vn 0.5825 0.7703 0.2594
vn 0.4611 0.8855 0.0573
vn 0.4143 0.8982 0.1467
vn 0.781 0.6228 0.0461
vn 0.8553 0.4765 0.2035
vn 0.5781 0.6185 0.5322
vn 0.584 0.595 0.5522
vn 0.2616 0.9632 0.0611
vn 0.6845 0.6258 0.3739
vn -0.3711 0.8246 0.427
vn -0.5468 0.5339 0.645
vn -0.2809 0.9245 0.2576
vn -0.1999 0.8009 0.5645
vn -0.3621 0.4697 0.8052
vn -0.3937 0.3651 0.8436
vn -0.0581 0.89 0.4523
vn 0.0106 0.525 0.851
vn -0.0295 0.8741 0.4849
vn 0.0605 0.6503 0.7573
vn 0.1975 0.7078 0.6782
vn -0.1278 0.2962 0.9465
vn 0.0263 0.5003 0.8655
vn 0.3455 0.6128 0.7107
vn 0.1853 0.9505 0.2495
vn 0.2702 0.9085 0.3187
vn 0.1802 0.9792 0.0934
vn 0.0596 0.6144 0.7868
vn 0.7934 0.4306 0.4302
vn -0.2223 0.4884 0.8438
vn -0.2626 0.5474 0.7946
vn 0.3549 0.8661 -0.3521
vn -0.2347 0.4554 0.8588
vn 0.098 0.5801 0.8087
vn 0.3323 0.584 0.7406
vn 0.1404 0.8923 0.429
vn 0.5194 0.5029 0.6909
vn 0.4847 0.5557 0.6754
vn -0.3524 0.8716 0.3409
vn -0.3783 0.7949 0.4743
vn -0.2331 0.8904 0.3909
vn -0.4723 0.6244 0.6221
vn -0.3064 0.8827 0.3562
vn -0.5451 0.547 0.6353
vn -0.1307 -0.9071 0.4
vn -0.3523 0.8474 0.3972
vn -0.3892 0.8248 0.41
vn 0.4623 -0.6738 -0.5764
vn -0.275 0.9205 0.2777
vn -0.2785 0.922 0.2689
vn -0.1982 0.9609 0.1934
vn -0.4557 0.7572 0.468
vn -0.8157 0.544 -0.1967
vn -0.7354 0.6601 -0.1531
vn -0.6803 0.7309 0.0548
vn -0.7873 0.613 0.0662
vn -0.8215 0.564 0.0841
vn -0.6753 0.7097 0.2008
vn -0.7268 0.6307 0.2718
vn -0.5381 0.719 0.4398
vn -0.4779 0.8412 0.2532
vn -0.7426 0.497 0.4488
vn -0.378 0.8899 0.2554
vn -0.7475 0.1356 0.6503
vn -0.4682 0.853 -0.2308
vn -0.5732 0.7634 -0.2978
vn -0.5185 0.8233 -0.2308
vn -0.2208 0.972 -0.0797
vn -0.5899 0.73 -0.3452
vn -0.5295 0.8022 -0.2759
vn -0.6098 0.7369 -0.2919
vn -0.6119 0.7367 -0.2877
vn -0.6023 0.7702 -0.2098
vn -0.4953 0.8541 -0.159
vn -0.5314 0.8322 -0.1582
vn -0.6478 0.7492 -0.138
vn -0.601 0.7924 -0.1045
vn -0.5896 0.7983 -0.1225
vn -0.6925 0.7206 -0.0334
vn -0.5369 0.8436 0.0005
vn -0.5917 0.8037 -0.0634
vn -0.5314 0.8417 -0.0961
vn -0.7249 0.543 -0.4238
vn -0.4379 0.8305 -0.3442
vn -0.3919 0.8677 -0.3058
vn -0.4194 0.8884 -0.1868
vn -0.5883 0.7328 -0.342
vn -0.4139 0.8881 -0.2
vn -0.5816 0.7822 -0.2234
vn -0.531 0.8337 -0.1518
vn -0.593 0.8026 -0.0639
vn -0.5863 0.7329 -0.3452
vn 0.1412 0.9889 0.0465
vn 0.0187 0.918 0.396
vn 0.1533 0.9881 -0.0082
vn 0.2904 0.9004 0.324
vn 0.2487 0.9501 0.1885
vn 0.2182 0.9752 0.036
vn 0.3107 0.9472 0.0795
vn 0.2042 0.9789 0.0057
vn 0.1843 0.9829 0.0059
vn 0.1626 0.9866 0.0127
vn -0.0021 0.9978 0.066
vn 0.2228 0.9746 0.0218
vn 0.1795 0.9838 -0.0009
vn 0.2965 0.618 -0.7281
vn 0.2894 0.5928 -0.7515
vn -0.1618 0.6786 -0.7165
vn 0.132 -0.1428 -0.9809
vn -0.0927 0.8478 -0.5221
vn 0.1949 0.6817 -0.7052
vn -0.2798 0.6435 -0.7125
vn -0.0953 0.8671 -0.489
vn 0.4453 0.5735 -0.6876
vn 0.5089 0.5418 -0.669
vn 0.4097 0.5905 -0.6953
vn 0.4933 0.3124 -0.8118
vn 0.3868 0.5779 -0.7186
vn 0.4408 0.6967 -0.5659
vn 0.095 0.6352 -0.7665
vn 0.2997 0.613 -0.731
vn 0.4378 0.585 -0.6827
vn 0.2404 0.7487 -0.6177
vn 0.2504 0.7569 -0.6037
vn 0.2339 0.7907 -0.5657
vn 0.2221 0.778 -0.5877
vn 0.4329 0.5253 -0.7325
vn 0.2284 0.7704 -0.5953
vn 0.1661 0.7343 -0.6582
vn 0.046 0.6439 -0.7637
vn 0.134 0.712 -0.6893
vn 0.144 0.7053 -0.6942
vn 0.0943 0.6472 -0.7564
vn 0.0487 0.6492 -0.759
vn 0.0333 0.736 -0.6761
vn 0.0264 0.7285 -0.6845
vn -0.037 0.6744 -0.7375
vn 0.3869 0.5801 -0.7168
vn -0.062 0.7546 -0.6533
vn -0.0791 0.76 -0.6451
vn -0.0716 0.7862 -0.6138
vn 0.0314 0.7464 -0.6648
vn -0.1673 0.6953 -0.699
vn -0.1765 0.7808 -0.5994
vn -0.1594 0.7411 -0.6522
vn 0.3383 0.6689 -0.6619
vn -0.0367 0.6737 -0.7381
vn 0.3368 0.6571 -0.6743
vn 0.1563 0.7497 -0.6431
vn 0.0065 0.8346 -0.5508
vn 0.3121 0.7013 -0.6409
vn 0.5591 0.5743 -0.598
vn 0.323 0.8845 -0.3367
vn 0.5593 0.3647 -0.7444
vn 0.2523 0.8608 -0.4421
vn 0.279 0.8223 -0.496
vn 0.1742 -0.3888 -0.9047
vn 0.143 0.7839 -0.6042
vn 0.0592 0.63 -0.7743
vn 0.0011 0.8017 -0.5977
vn -0.2928 0.6069 -0.7389
vn -0.059 0.8026 -0.5936
vn 0.4376 0.5843 -0.6835
vn 0.3458 0.3722 -0.8614
vn 0.5789 0.5806 -0.5725
vn 0.5498 0.6621 -0.5092
vn 0.5282 0.6966 -0.4856
vn 0.4788 0.7106 -0.5156
vn 0.6587 0.5496 -0.5139
vn 0.4974 0.6717 -0.549
vn 0.538 0.6648 -0.5183
vn 0.5615 0.6788 -0.4732
vn 0.5658 0.6581 -0.4968
vn 0.5278 0.6935 -0.4904
vn 0.4786 0.7405 -0.4717
vn 0.8038 0.355 -0.4773
vn 0.7579 0.4851 -0.4363
vn 0.6684 0.7436 -0.0183
vn 0.6891 0.3349 -0.6427
vn 0.6576 0.6486 0.3832
vn 0.4475 0.8939 0.0278
vn 0.4896 0.8679 -0.0838
vn 0.6146 0.7866 -0.0593
vn 0.4357 0.8816 0.1816
vn 0.8165 0.2887 0.5
vn 0.9186 0.394 0.0309
vn 0.7499 0.635 -0.1855
vn 0.8497 0.5167 -0.1047
vn 0.5493 0.4548 0.701
vn 0.6937 -0.0425 0.719
vn 0.6105 0.6532 0.448
vn 0.6761 0.6007 0.4267
vn 0.8402 0.3032 0.4497
vn 0.5806 0.7689 0.2677
vn 0.7104 0.6105 -0.3503
vn 0.8335 0.2514 0.4921
vn 0.8529 0.4465 -0.2707
vn 0.7685 0.6069 0.2027
vn 0.761 -0.6486 -0.0168
vn 0.8445 0.5012 0.1889
vn 0.9144 0.3508 0.2021
vn -0.0284 0.8324 0.5535
vn -0.0456 0.8989 0.4358
vn 0.3238 0.8782 0.3521
vn 0.2901 0.8626 0.4144
vn 0.2296 0.6058 0.7618
vn 0.1548 0.6792 0.7175
vn 0.0434 0.76 0.6485
vn 0.1877 0.9423 0.2774
vn 0.1876 0.6138 0.7669
vn 0.1821 0.9368 0.2989
vn 0.1553 0.655 0.7395
vn 0.1519 0.7111 0.6865
vn 0.1814 0.9377 0.2964
vn 0.1816 0.966 0.184
vn 0.1309 0.6353 0.7611
vn 0.0967 0.7144 0.693
vn 0.1824 0.9653 0.187
vn 0.1622 0.9312 0.3263
vn 0.187 0.9685 0.1645
vn 0.1013 0.7336 0.672
vn 0.1658 0.9769 0.1347
vn 0.1777 0.9812 0.0755
vn 0.0361 0.7316 0.6807
vn 0.1768 0.9586 0.2231
vn 0.1361 0.9536 0.2685
vn -0.0499 0.9018 0.4292
vn 0.0745 0.9961 0.0482
vn -0.0973 0.8742 0.4757
vn 0.0459 0.7218 0.6906
vn 0.1335 0.9554 0.2633
vn 0.1585 0.9705 0.1817
vn 0.0253 0.7467 0.6647
vn 0.1516 0.9725 0.1768
vn 0.174 0.9785 0.111
vn 0.4405 0.6431 0.6264
vn 0.3812 0.871 0.3098
vn -0.0039 0.751 0.6603
vn 0.1505 0.9712 0.1849
vn 0.1629 0.9822 0.0931
vn 0.3577 0.8445 0.3985
vn -0.0129 0.7588 0.6512
vn 0.1326 0.9745 0.1813
vn 0.1693 0.9818 0.0866
vn 0.0569 0.8992 0.4339
vn 0.3241 0.8633 0.3868
vn -0.0637 0.7457 0.6632
vn 0.1598 0.9849 0.0673
vn 0.1292 0.9672 0.2186
vn -0.2018 0.6713 0.7132
vn 0.2845 0.9087 0.3056
vn -0.0718 0.7336 0.6758
vn 0.1264 0.9761 0.177
vn 0.1182 0.9695 0.2147
vn -0.0871 0.8776 0.4713
vn 0.3806 0.8029 0.4589
vn 0.3234 0.8833 0.3393
vn -0.1266 0.7227 0.6794
vn 0.1323 0.975 0.1788
vn 0.0628 0.9558 0.2874
vn 0.3681 0.836 0.4069
vn 0.3573 0.8375 0.4135
vn 0.3052 0.8563 0.4166
vn 0.077 0.9663 0.2456
vn 0.3098 0.8522 0.4215
vn 0.2895 0.861 0.4182
vn 0.0787 0.9682 0.2373
vn 0.3025 0.8493 0.4327
vn 0.2386 0.9016 0.3609
vn 0.2475 0.9226 0.2958
vn -0.2044 0.7795 0.5921
vn 0.3976 0.7884 0.4694
vn 0.4775 0.651 0.5901
vn 0.2376 0.9407 0.2421
vn 0.2794 0.9427 0.1823
vn 0.3109 -0.4882 0.8155
vn 0.2156 0.9397 0.2657
vn 0.2365 0.933 0.2714
vn 0.2328 0.8449 0.4817
vn 0.2205 0.8887 0.402
vn 0.1308 0.9809 0.1441
vn 0.4446 0.5595 0.6995
vn 0.2038 0.9086 0.3644
vn 0.2617 0.6347 0.7271
vn 0.4298 0.489 0.759
vn 0.221 0.952 0.2116
vn 0.2017 0.928 0.3133
vn 0.2823 0.9179 0.2788
vn 0.1243 0.6706 0.7313
vn 0.3724 0.6471 0.6653
vn 0.1296 0.7563 0.6412
vn 0.0944 0.7247 0.6826
vn 0.2672 0.875 0.4037
vn 0.092 0.7742 0.6262
vn 0.0369 0.7083 0.7049
vn 0.2281 0.6029 0.7645
vn 0.2051 0.877 0.4346
vn 0.0205 0.7734 0.6335
vn 0.3327 0.6266 0.7047
vn -0.0038 0.767 0.6416
vn -0.0153 0.7826 0.6223
vn 0.3012 0.6221 0.7227
vn 0.2839 0.6988 0.6566
vn 0.2005 0.6443 0.738
vn -0.0638 0.7417 0.6676
vn 0.2308 0.9326 0.2775
vn -0.0677 0.7678 0.6371
vn -0.1253 0.7362 0.665
vn 0.2751 0.7012 0.6577
vn -0.0897 0.8613 0.5001
vn -0.1142 0.7446 0.6577
vn 0.1946 0.9209 0.3377
vn 0.2362 0.6472 0.7248
vn 0.1703 0.619 0.7667
vn 0.004 0.8202 0.5721
vn -0.1457 0.836 0.529
vn -0.0498 0.8921 0.4491
vn 0.1836 0.6681 0.721
vn -0.0744 0.8181 0.5702
vn -0.0332 0.9907 -0.1323
vn -0.6653 0.6976 0.2658
vn -0.749 0.5965 0.2883
vn -0.3212 0.9213 0.2193
vn -0.5014 0.7585 0.4163
vn -0.5378 0.7118 0.4517
vn -0.5194 0.731 0.4426
vn -0.5519 0.6733 -0.4921
vn -0.6044 0.6374 -0.478
vn 0.0769 0.9923 0.0975
vn -0.5093 0.5724 0.6426
vn -0.2975 0.7416 -0.6013
vn -0.408 0.8345 -0.3703
vn -0.5237 0.8186 -0.2357
vn -0.6096 0.7878 0.0885
vn -0.5165 0.8254 -0.228
vn 0.0289 0.9512 -0.3072
vn -0.6053 0.7909 -0.0893
vn -0.7727 0.6301 0.0762
vn -0.1003 0.9651 -0.242
vn -0.2036 0.8102 -0.5496
vn -0.254 0.7898 -0.5583
vn -0.4755 0.6513 -0.5914
vn -0.4815 0.6385 -0.6005
vn -0.2979 0.8133 -0.4998
vn -0.6198 0.5066 -0.5993
vn -0.2736 0.8313 -0.4839
vn -0.2995 0.8191 -0.4893
vn -0.2134 0.8239 -0.5251
vn -0.2165 0.8235 -0.5244
vn 0.3893 0.6192 -0.6819
vn 0.3287 0.4925 -0.8058
vn 0.2793 0.7076 -0.6491
vn 0.2182 0.607 -0.7642
vn 0.1565 0.7567 -0.6347
vn -0.0135 0.7889 -0.6144
vn 0.0065 0.8019 -0.5974
vn -0.0924 0.4181 -0.9037
vn -0.0829 0.6651 -0.7422
vn -0.2159 0.7064 -0.6741
vn -0.391 0.5539 -0.7351
vn -0.4283 -0.8941 -0.1306
vn -0.3637 0.6521 -0.6652
vn 0.576 0.7874 0.2197
vn 0.5604 0.7871 0.2576
vn 0.5335 0.8078 0.2508
vn -0.0658 0.9221 0.3813
vn -0.0263 0.9805 0.1945
vn 0.4729 0.8453 0.2485
vn -0.0008 0.9896 0.1435
vn 0.6762 0.704 0.2169
vn -0.0485 0.9523 0.3013
vn -0.0381 0.903 0.4279
vn -0.0418 0.9671 0.251
vn 0.5687 0.7896 0.2304
vn 0.3993 0.8859 0.236
vn -0.0414 0.958 0.2838
vn -0.045 0.9485 0.3135
vn 0.1116 0.9934 0.0265
vn 0.5317 0.8161 0.2265
vn 0.6704 0.7027 0.2383
vn 0.585 0.7807 0.2198
vn -0.0307 0.9699 0.2415
vn -0.0322 0.9042 0.4259
vn 0.6703 0.7028 0.2383
vn 0.181 0.9833 0.0176
vn 0.2405 0.9587 0.152
vn 0.3252 0.9255 0.194
vn 0.3379 0.9203 0.1974
vn 0.0159 0.9319 0.3623
vn -0.038 0.9483 0.3151
vn 0.5145 0.8344 0.1974
vn 0.4026 0.8871 0.2258
vn -0.0171 0.9775 0.2101
vn 0.6158 0.7568 0.2193
vn -0.0159 0.9785 0.2056
vn 0.6121 0.7603 0.2176
vn -0.0032 0.9794 0.2018
vn 0.4632 0.8604 0.2126
vn 0.6846 0.6966 0.2148
vn -0.0084 0.9627 0.2703
vn -0.0039 0.8949 0.4463
vn 0.0425 0.994 0.1011
vn 0.3044 0.9356 0.1791
vn 0.4747 0.8584 0.1942
vn 0.052 0.9948 0.087
vn 0.1246 0.9919 0.0263
vn -0.0131 0.9475 0.3195
vn -0.0204 0.9365 0.3501
vn 0.4694 0.8606 0.1978
vn 0.0736 0.9948 0.0706
vn 0.6263 0.7571 0.1859
vn 0.3833 0.9044 0.1876
vn 0.3398 0.9224 0.1835
vn 0.0281 0.985 0.1703
vn 0.18 0.9836 0.0096
vn 0.0733 0.9947 0.0721
vn 0.2829 0.9462 0.1568
vn 0.6864 0.7038 0.1832
vn 0.6419 0.7441 0.1853
vn 0.0803 0.9949 0.0615
vn -0.0225 0.8942 0.4472
vn 0.4496 0.8797 0.155
vn 0.2709 0.9541 0.1278
vn 0.1781 0.984 0.0091
vn 0.2706 0.9555 0.1177
vn 0.0954 0.9943 0.0473
vn 0.6435 0.7514 0.1459
vn 0.6544 0.7413 0.1492
vn 0.6482 0.7456 0.1544
vn 0.4381 0.8869 0.1466
vn 0.7031 0.6956 0.1472
vn 0.6956 0.7037 0.1447
vn 0.0037 0.9294 0.369
vn 0.6826 0.7138 0.1569
vn 0.2239 0.9723 0.0671
vn 0.7387 0.6588 0.1423
vn 0.6838 0.7132 0.1541
vn 0.1196 0.9921 0.0379
vn -0.0009 0.9331 0.3597
vn 0.2496 0.9626 0.1051
vn 0.0094 0.903 0.4295
vn 0.0356 0.9892 0.142
vn 0.4032 0.9053 0.1337
vn 0.407 0.9019 0.1447
vn -0.0098 0.9331 0.3594
vn 0.699 0.7003 0.1449
vn 0.6854 0.712 0.1525
vn 0.123 0.9917 0.0378
vn 0.28 0.9093 -0.3078
vn 0.2107 0.9764 0.0468
vn 0.7434 0.6552 0.1345
vn 0.6879 0.7205 0.0876
vn 0.049 0.991 0.1242
vn 0.0779 0.9907 0.1118
vn 0.38 0.9185 0.1093
vn 0.041 0.9307 0.3634
vn 0.02 0.9249 0.3796
vn 0.2025 0.9786 0.0365
vn 0.6958 0.7113 0.0995
vn 0.0623 0.9903 0.124
vn 0.3328 0.9375 0.1022
vn 0.6916 0.7112 0.1256
vn 0.1768 0.9842 0.0097
vn 0.7422 0.6651 0.0822
vn 0.3415 0.9346 0.099
vn 0.3422 0.9345 0.0979
vn 0.0354 0.8976 0.4394
vn 0.0413 0.8901 0.4538
vn 0.3068 0.9469 0.0963
vn 0.2308 0.9709 0.0632
vn 0.7377 0.6713 0.0725
vn 0.7755 0.6282 0.0632
vn 0.0461 0.9293 0.3664
vn 0.0777 0.8679 0.4907
vn 0.0907 0.9924 0.083
vn 0.709 0.7008 0.0782
vn 0.0639 0.8765 0.4771
vn 0.6976 0.7156 0.0355
vn 0.7279 0.6823 0.0683
vn 0.7587 0.6473 0.0737
vn 0.1952 0.9805 0.0242
vn 0.0565 0.9218 0.3835
vn 0.0568 0.9199 0.388
vn 0.7191 0.691 0.0733
vn 0.1026 0.8646 0.4919
vn 0.097 0.8709 0.4818
vn 0.11 0.8604 0.4975
vn 0.1046 0.9915 0.0779
vn 0.7185 0.692 0.0704
vn 0.2748 0.9603 0.0485
vn 0.1072 0.9913 0.0757
vn 0.1288 0.8576 0.498
vn 0.0846 0.9117 0.4021
vn 0.0863 0.9083 0.4093
vn 0.7221 0.6902 0.0467
vn 0.2655 0.9631 0.0449
vn 0.2965 0.9541 0.0423
vn 0.766 0.641 0.0483
vn 0.3084 0.9504 0.0409
vn 0.1959 0.9806 0.0114
vn 0.1281 0.9907 0.0448
vn 0.7291 0.6834 0.0375
vn 0.3365 0.9408 0.0394
vn 0.7566 0.653 0.0343
vn 0.1346 0.8584 0.4951
vn 0.1343 0.8585 0.4949
vn 0.7498 0.6606 0.0375
vn 0.3493 0.9349 0.0629
vn 0.345 0.9363 0.0657
vn 0.1562 0.9874 0.0243
vn 0.256 0.9662 0.0288
vn 0.1553 0.9874 0.0306
vn 0.7424 0.6691 0.0345
vn 0.7388 0.6732 0.0313
vn 0.3686 0.9291 0.0302
vn 0.3648 0.9307 0.0262
vn 0.3712 0.9282 0.0233
vn 0.1078 0.905 0.4114
vn 0.3799 0.9249 0.0132
vn 0.3802 0.9248 0.0141
vn 0.1909 0.9815 0.0136
vn 0.3528 0.9357 -0.008
vn 0.7795 0.6263 0.01
vn 0.7738 0.6332 0.0188
vn 0.1554 0.8542 0.4962
vn -0.2056 0.9779 0.038
vn 0.1261 0.9908 0.05
vn 0.2513 0.9676 0.0241
vn 0.2481 0.9685 0.0223
vn -0.2163 0.9762 0.0158
vn 0.1156 0.9011 0.4179
vn 0.1181 0.899 0.4217
vn 0.162 0.8548 0.493
vn -0.1499 0.9886 0.0135
vn 0.1793 0.8463 0.5016
vn 0.7793 0.6262 0.025
vn 0.7235 0.6902 0.0111
vn -0.1864 0.9816 0.0421
vn 0.1983 0.8423 0.5012
vn -0.299 0.9517 0.0701
vn -0.1788 0.9826 0.05
vn 0.7256 0.6879 0.0164
vn 0.2448 0.9691 0.0294
vn -0.1521 0.9884 0.002
vn 0.1584 0.9871 0.0236
vn 0.7267 0.687 0.0073
vn 0.2431 0.9694 0.033
vn 0.243 0.9695 0.0326
vn 0.3375 0.9411 0.0213
vn 0.3217 0.9464 0.0306
vn 0.3175 0.947 0.0494
vn 0.3686 0.929 0.0336
vn -0.1864 0.9815 0.0429
vn -0.1982 0.9787 0.0527
vn -0.1406 0.9886 0.0548
vn -0.1746 0.9806 0.0888
vn -0.1821 0.9781 0.1009
vn -0.1578 0.9874 0.0144
vn 0.0358 0.9885 0.1471
vn 0.0616 0.8878 0.456
vn 0.1839 0.8402 0.5101
vn 0.1379 0.8955 0.4232
vn 0.1454 0.8976 0.4161
vn 0.1541 0.9856 0.0689
vn 0.1544 0.8957 0.4169
vn 0.1723 0.8847 0.4331
vn 0.1471 0.9891 0.009
vn -0.195 0.9774 0.0814
vn -0.3371 0.9323 0.1312
vn 0.2079 0.8541 0.4767
vn -0.1238 0.9895 0.0741
vn 0.1923 0.883 0.4281
vn 0.2387 0.756 0.6096
vn -0.1258 0.9915 0.0343
vn -0.4003 0.8983 0.1811
vn 0.1834 0.8852 0.4275
vn 0.1994 0.878 0.4352
vn -0.1508 0.9851 0.0828
vn 0.1669 0.9856 0.0266
vn 0.2353 0.8444 0.4813
vn -0.1551 0.9842 0.0857
vn -0.1789 0.9759 0.1249
vn 0.22 0.891 0.3971
vn 0.2097 0.8894 0.4061
vn -0.173 0.9757 0.1343
vn -0.1736 0.9754 0.136
vn 0.2377 0.8828 0.4051
vn 0.2982 0.818 0.4919
vn 0.2849 0.8317 0.4766
vn 0.1473 0.9884 0.0373
vn 0.2609 0.851 0.4557
vn 0.2562 0.8711 0.419
vn 0.1656 0.9862 0.0029
vn 0.2015 0.9794 -0.0105
vn 0.3054 0.8139 0.4942
vn -0.379 0.883 0.2769
vn -0.1701 0.9726 0.1585
vn 0.169 0.9855 0.0126
vn 0.2746 0.8456 0.4578
vn -0.1706 0.9691 0.1783
vn 0.2211 0.9007 0.3741
vn 0.3293 0.8101 0.4851
vn -0.1648 0.9719 0.1683
vn 0.1702 0.9854 0.0107
vn -0.143 0.9755 0.1671
vn 0.3415 0.8145 0.4689
vn -0.323 0.8884 0.3261
vn -0.1856 0.9542 0.2345
vn 0.4688 0.8659 -0.1746
vn 0.2981 0.8577 0.419
vn 0.2623 0.9296 0.2588
vn 0.3436 0.8169 0.4632
vn 0.2987 0.861 0.4116
vn 0.2169 0.9697 0.1128
vn 0.8183 0.3259 -0.4735
vn -0.1271 0.9763 0.1749
vn -0.1597 0.9626 0.219
vn -0.1636 0.96 0.2273
vn 0.3447 0.8204 0.4562
vn 0.1747 0.9843 0.023
vn 0.1561 0.9874 0.0256
vn 0.3072 0.8632 0.4006
vn -0.126 0.9696 0.2097
vn 0.0945 0.9955 -0.0085
vn 0.362 0.8268 0.4306
vn 0.3652 0.8252 0.4309
vn 0.1726 0.985 0.0079
vn 0.2508 0.9471 0.2004
vn 0.4422 0.7075 0.5512
vn -0.123 0.9742 0.189
vn 0.329 0.8603 0.3894
vn 0.3371 0.8561 0.3918
vn 0.1001 0.9949 0.0103
vn 0.3302 0.8611 0.3866
vn -0.1166 0.9751 0.1886
vn 0.3909 0.8168 0.4243
vn 0.2483 0.9614 0.1186
vn 0.1646 0.9732 0.1608
vn 0.1767 0.9838 0.0291
vn 0.2059 0.8832 -0.4214
vn 0.3875 0.8158 0.4293
vn -0.1347 0.9591 0.2491
vn -0.1362 0.9573 0.2549
vn 0.447 0.7878 0.4238
vn 0.4479 0.7879 0.4226
vn 0.3703 0.8334 0.4102
vn 0.3983 0.8541 0.3345
vn 0.0985 0.9951 0.0114
vn -0.1012 0.9747 0.1991
vn 0.3913 0.8443 0.3662
vn 0.1677 0.9855 0.024
vn -0.0876 0.9782 0.1884
vn 0.4007 0.8386 0.369
vn 0.0989 0.995 0.0124
vn -0.1294 0.9512 0.2803
vn 0.3615 0.8827 0.3002
vn 0.3924 0.8373 0.3809
vn 0.498 0.7641 0.41
vn 0.1733 0.9843 -0.0344
vn -0.1283 0.9366 0.326
vn -0.1214 0.9336 0.3372
vn 0.4532 0.8017 0.3898
vn -0.1058 0.9682 0.2268
vn 0.1772 0.984 0.0168
vn 0.1107 0.9938 0.0133
vn 0.4388 0.8171 0.3739
vn 0.1781 0.9839 0.0132
vn 0.3918 0.8563 0.3366
vn 0.4826 0.7855 0.3873
vn -0.0695 0.9798 0.1875
vn 0.5426 0.7546 0.369
vn 0.5377 0.7576 0.37
vn -0.1173 0.9506 0.2873
vn 0.438 0.8331 0.3378
vn -0.079 0.9702 0.2293
vn 0.1755 0.9844 0.015
vn -0.1079 0.9253 0.3635
vn -0.105 0.9366 0.3344
vn 0.4021 0.8587 0.3177
vn 0.4965 0.7896 0.3606
vn 0.4939 0.7907 0.3618
vn 0.1172 0.993 0.0171
vn -0.057 0.9841 0.1683
vn 0.5615 0.7569 0.3345
vn 0.1846 0.9824 0.03
vn 0.4095 0.8571 0.3125
vn -0.0653 0.9756 0.2096
vn -0.0758 0.9627 0.2596
vn 0.4471 0.8934 0.0442
vn 0.4578 0.8259 0.329
vn 0.1022 0.994 0.0398
vn 0.4072 0.8642 0.2955
vn 0.4585 0.8312 0.3143
vn -0.0712 0.948 0.3103
vn 0.5624 0.7673 0.3081
vn -0.0845 0.9209 0.3804
vn 0.5049 0.809 0.3009
vn 0.6062 0.7331 0.3085
vn 0.3916 0.8746 0.2858
vn -0.0302 0.9873 0.1562
vn -0.1331 0.9911 0.0027
vn -0.0773 0.9628 0.259
vn 0.597 0.7386 0.3131
vn 0.1758 0.9839 0.0321
vn -0.0213 0.9872 0.1582
vn 0.5159 0.8073 0.2866
vn 0.0144 0.9947 0.1015
vn 0.367 0.8942 0.2565
vn 0.0981 0.9947 0.0307
vn 0.091 0.9954 0.0291
vn 0.4213 0.8617 0.2828
vn 0.4384 0.8518 0.2868
vn 0.6263 0.7321 0.2679
vn 0.515 0.8122 0.2741
vn 0.5725 0.7636 0.2986
vn -0.0613 0.914 0.4011
vn -0.0605 0.9257 0.3734
vn 0.1772 0.9841 0.0148
vn 0.6287 0.7339 0.2571
vn 0.6415 0.723 0.2565
vn -0.0528 0.9488 0.3113
vn 0.3668 0.8976 0.2446
vn 0.107 0.9942 0.0136
vn 0.0038 0.9938 0.1112
vn -0.0585 0.9472 0.3154
vn 0.3357 0.9172 0.2148
vn 0.0289 0.9881 -0.1512
vn -0.0436 0.988 -0.1483
vn 0.012 0.9919 -0.1264
vn 0.5234 0.8263 -0.2079
vn 0.2646 0.8728 -0.4101
vn 0.2675 0.8288 -0.4914
vn 0.557 0.7593 -0.3365
vn 0.5551 0.7534 -0.3526
vn 0.5616 0.7987 -0.2162
vn 0.5509 0.7758 -0.3077
vn 0.2284 0.8505 -0.4737
vn 0.2623 0.8732 -0.4107
vn 0.1825 0.9832 -0.0097
vn 0.2368 0.8705 -0.4315
vn 0.2423 0.8394 -0.4866
vn 0.2424 0.8394 -0.4865
vn 0.2302 0.8678 -0.4404
vn 0.2105 0.8367 -0.5056
vn 0.2446 0.868 -0.4321
vn 0.2362 0.8721 -0.4285
vn 0.1913 0.8396 -0.5084
vn 0.2075 0.8278 -0.5213
vn 0.5507 0.7757 -0.3083
vn 0.208 0.8815 -0.424
vn 0.1853 0.9825 -0.0178
vn 0.3704 0.9287 -0.018
vn 0.1878 0.8564 -0.481
vn 0.18 0.8548 -0.4867
vn 0.1883 0.8806 -0.4348
vn 0.1788 0.8912 -0.4169
vn 0.529 0.8132 -0.2426
vn 0.1378 0.857 -0.4966
vn 0.1766 0.8928 -0.4143
vn 0.1548 0.8518 -0.5004
vn 0.528 0.8027 -0.2773
vn 0.3686 0.9295 -0.0144
vn 0.1672 0.8961 -0.4111
vn 0.1124 0.8758 -0.4694
vn 0.1415 0.8979 -0.4167
vn 0.1235 0.8663 -0.484
vn 0.1147 0.8648 -0.4889
vn 0.1313 0.8963 -0.4237
vn 0.3152 0.9486 0.0299
vn 0.3702 0.9289 -0.0088
vn 0.1086 0.8651 -0.4897
vn 0.1295 0.8956 -0.4256
vn 0.1119 0.9047 -0.4111
vn 0.5051 0.8338 -0.2228
vn 0.084 0.8744 -0.478
vn 0.361 0.9322 -0.0246
vn 0.1058 0.906 -0.4098
vn 0.0708 0.8815 -0.4669
vn 0.0744 0.882 -0.4653
vn 0.0936 0.9061 -0.4127
vn 0.5065 0.8329 -0.2231
vn 0.0965 0.9028 -0.4191
vn 0.0548 0.8823 -0.4675
vn 0.073 0.9155 -0.3957
vn 0.3609 0.9323 -0.0251
vn 0.0429 0.8861 -0.4616
vn 0.0646 0.9171 -0.3935
vn 0.0311 0.897 -0.441
vn 0.0285 0.896 -0.4431
vn -0.0027 0.8881 -0.4597
vn 0.3154 0.9475 -0.0524
vn 0.0418 0.9157 -0.3997
vn 0.0055 0.8887 -0.4585
vn 0.4991 0.8435 -0.1987
vn 0.0429 0.9159 -0.3991
vn 0.0374 0.9223 -0.3848
vn 0.336 0.9417 -0.0194
vn 0.3336 0.9414 -0.049
vn -0.0117 0.893 -0.4499
vn 0.03 0.9264 -0.3753
vn -0.0326 0.9099 -0.4135
vn 0.3238 0.9454 -0.036
vn 0.016 0.9296 -0.3681
vn -0.0335 0.9119 -0.4091
vn 0.2723 0.9621 -0.012
vn -0.0035 0.9297 -0.3684
vn 0.3028 0.952 -0.0441
vn -0.0335 0.9118 -0.4092
vn -0.0417 0.9115 -0.4092
vn -0.0056 0.9294 -0.3691
vn -0.0073 0.9357 -0.3528
vn -0.0547 0.9134 -0.4034
vn -0.0145 0.9421 -0.3351
vn -0.0729 0.923 -0.3778
vn -0.0206 0.944 -0.3293
vn -0.0717 0.9207 -0.3837
vn 0.487 0.8297 -0.2728
vn 0.5005 0.8424 -0.2
vn -0.0824 0.921 -0.3807
vn -0.0369 0.9431 -0.3306
vn -0.0455 0.9539 -0.2965
vn 0.4808 0.8386 -0.2561
vn 0.4681 0.8628 -0.1908
vn 0.453 0.8707 -0.1916
vn -0.071 0.9451 -0.319
vn 0.4384 0.8853 -0.155
vn 0.4472 0.8608 -0.2432
vn 0.1653 0.9857 -0.0327
vn 0.4354 0.8872 -0.1523
vn 0.4417 0.87 -0.2192
vn -0.1478 0.9499 -0.2755
vn -0.1491 0.9499 -0.2747
vn 0.4104 0.9003 -0.1453
vn 0.2864 0.9574 -0.0372
vn 0.4084 0.9032 -0.1324
vn 0.157 0.9875 -0.0169
vn 0.3905 0.9138 -0.112
vn 0.3741 0.9106 -0.1759
vn 0.247 0.9684 -0.0348
vn 0.2907 0.9562 -0.0344
vn 0.3342 0.9369 -0.1027
vn -0.1652 0.9577 -0.2355
vn 0.3407 0.9347 -0.1013
vn -0.0311 0.9783 -0.2049
vn -0.1684 0.9552 -0.2433
vn 0.3147 0.9465 -0.0719
vn 0.1838 0.9805 -0.0697
vn 0.252 0.9675 -0.0217
vn -0.1202 0.971 -0.2068
vn 0.189 0.9813 -0.0358
vn -0.1543 0.9627 -0.2224
vn -0.1149 0.9737 -0.1968
vn 0.1893 0.9813 -0.0351
vn 0.3332 0.9333 -0.1342
vn 0.1825 0.9826 -0.0348
vn 0.1961 0.9796 -0.0432
vn -0.027 0.9821 -0.1863
vn 0.272 0.9618 -0.0304
vn -0.1965 0.9615 -0.1919
vn -0.2002 0.9608 -0.1916
vn 0.1797 0.9835 -0.0198
vn 0.2217 0.9743 -0.0386
vn -0.1667 0.9679 -0.1881
vn 0.1792 0.9835 -0.0265
vn -0.1366 0.9762 -0.1682
vn 0.1825 0.9832 -0.0095
vn 0.2657 0.9637 -0.0253
vn -0.1726 0.9642 -0.2012
vn 0.1733 0.9846 -0.0219
vn 0.2631 0.9645 -0.0244
vn -0.121 0.9867 -0.1088
vn -0.138 0.976 -0.1682
vn -0.199 0.9632 -0.1808
vn 0.1796 0.9835 -0.0207
vn -0.1245 0.9775 -0.1704
vn 0.281 0.9574 -0.0669
vn -0.2014 0.964 -0.1738
vn 0.1891 0.9817 0.0233
vn 0.1824 0.983 -0.0218
vn -0.1384 0.9828 -0.1224
vn -0.1948 0.9696 -0.1478
vn 0.1787 0.9838 -0.0158
vn 0.1738 0.9845 -0.0246
vn -0.1236 0.9837 -0.1305
vn 0.0642 0.9924 -0.1045
vn 0.1684 0.9854 -0.0265
vn 0.1753 0.9841 -0.0303
vn -0.1821 0.9747 -0.1294
vn -0.1817 0.9748 -0.1294
vn 0.1467 0.9888 -0.0286
vn 0.1663 0.9858 -0.0214
vn -0.1983 0.9724 -0.1227
vn 0.1679 0.9856 -0.0192
vn -0.1562 0.9803 -0.1209
vn 0.2744 0.9597 -0.0604
vn -0.1499 0.9821 -0.1143
vn 0.1694 0.9854 -0.0188
vn -0.2131 0.9709 -0.1089
vn 0.1779 0.9839 -0.0185
vn 0.1514 0.9881 -0.0281
vn -0.1342 0.9869 -0.0893
vn 0.1818 0.9831 -0.0218
vn -0.2204 0.9715 -0.0869
vn -0.1338 0.9872 -0.0868
vn -0.2254 0.9693 -0.0986
vn 0.1643 0.9863 0.0151
vn -0.1408 0.987 -0.0778
vn -0.1955 0.9786 -0.0641
vn 0.2226 0.9746 -0.0225
vn 0.175 0.9843 -0.025
vn -0.1953 0.9787 -0.0639
vn -0.2116 0.9761 -0.049
vn 0.0876 0.9955 -0.0374
vn -0.1714 0.9834 -0.0604
vn -0.1479 0.988 -0.0437
vn 0.0905 0.995 -0.0411
vn 0.0961 0.994 -0.0527
vn -0.1345 0.9908 -0.0179
vn 0.1576 0.9868 -0.038
vn 0.1734 0.9846 -0.021
vn -0.2162 0.9762 -0.017
vn -0.1357 0.9902 -0.0344
vn -0.2186 0.9756 -0.02
vn -0.1997 0.9798 -0.0114
vn -0.1797 0.9837 -0.0104
vn 0.229 0.9722 -0.0491
vn 0.5022 0.778 -0.3776
vn 0.1887 0.982 -0.0078
vn 0.4901 0.7755 -0.398
vn 0.4686 0.8189 -0.3314
vn 0.4846 0.8052 -0.3419
vn 0.4768 0.7801 -0.405
vn 0.5139 0.7707 -0.3766
vn 0.5577 0.7594 -0.335
vn 0.1607 0.9867 -0.0266
vn 0.463 0.8282 -0.3156
vn 0.5062 0.7751 -0.3781
vn 0.4717 0.7882 -0.3951
vn 0.4656 0.7863 -0.4062
vn 0.1589 0.9871 -0.0201
vn 0.4312 0.8523 -0.2961
vn 0.4493 0.7909 -0.4156
vn 0.4401 0.7944 -0.4185
vn 0.4458 0.8217 -0.355
vn 0.4249 0.8652 -0.2662
vn 0.3848 0.8972 -0.2167
vn 0.415 0.8429 -0.3424
vn 0.4048 0.8567 -0.3197
vn 0.3982 0.8739 -0.2787
vn 0.1282 0.9913 -0.0301
vn 0.1041 0.994 -0.0331
vn 0.4028 0.8588 -0.3164
vn 0.399 0.8619 -0.3129
vn 0.3707 0.9081 -0.1946
vn 0.0944 0.9951 -0.0306
vn 0.3714 0.8865 -0.2762
vn 0.347 0.9036 -0.2511
vn 0.371 0.891 -0.2617
vn 0.0926 0.9953 -0.0294
vn 0.3276 0.9253 -0.1911
vn 0.2881 0.9447 -0.1568
vn 0.2884 0.9445 -0.1572
vn 0.0935 0.9949 -0.0376
vn 0.1035 0.9944 -0.022
vn 0.109 0.9932 -0.0404
vn 0.1191 0.9928 -0.0151
vn 0.0993 0.995 -0.0048
vn 0.1029 0.9945 -0.0187
vn 0.4309 0.7853 -0.4446
vn 0.0961 0.995 -0.0255
vn 0.061 0.9981 -0.0057
vn 0.087 0.9953 -0.0425
vn 0.0838 0.9964 -0.0109
vn 0.0968 0.9953 0.0056
vn 0.1091 0.994 -0.0032
vn 0.0921 0.9957 -0.0048
vn 0.1069 0.9942 -0.0113
vn 0.7685 0.6398 -0.0097
vn 0.765 0.6439 -0.0112
vn 0.2837 0.9482 -0.1427
vn 0.2624 0.9585 -0.1112
vn 0.7346 0.6785 -0.0048
vn 0.7283 0.6848 -0.0268
vn 0.4489 0.7889 -0.4196
vn 0.7411 0.6713 -0.0105
vn 0.7422 0.6701 -0.0112
vn 0.7256 0.6873 -0.0332
vn 0.77 0.6367 -0.0405
vn 0.7237 0.6897 -0.0237
vn 0.7503 0.6592 -0.0495
vn 0.2191 0.9741 -0.0562
vn 0.236 0.9668 -0.0984
vn 0.8427 0.5309 -0.0892
vn 0.3965 0.8425 -0.3647
vn 0.7393 0.6715 -0.0503
vn 0.4139 0.796 -0.4417
vn 0.7383 0.6727 -0.0493
vn 0.7279 0.6826 -0.0649
vn 0.2218 0.9727 -0.0676
vn 0.7244 0.6849 -0.0791
vn 0.7439 0.6631 -0.083
vn 0.1848 0.9826 -0.0178
vn 0.7253 0.6861 -0.0565
vn -0.0917 0.9368 -0.3377
vn -0.0294 0.9483 -0.3161
vn -0.0685 0.9221 -0.3808
vn -0.0243 0.9609 -0.2759
vn 0.7419 0.6604 -0.1163
vn -0.1101 0.9383 -0.3278
vn 0.7384 0.6727 -0.048
vn 0.3962 0.8384 -0.3743
vn 0.728 0.6731 -0.1302
vn 0.7066 0.7029 -0.0818
vn 0.3864 0.8881 -0.2489
vn 0.7199 0.6814 -0.1323
vn -0.0275 0.9638 -0.2652
vn -0.1733 0.9358 -0.307
vn 0.6992 0.7071 -0.1056
vn 0.6986 0.7059 -0.117
vn -0.145 0.9384 -0.3138
vn 0.7027 0.7002 -0.1263
vn 0.7008 0.7033 -0.1189
vn -0.1477 0.9499 -0.2755
vn -0.1502 0.9419 -0.3006
vn 0.6938 0.7071 -0.1368
vn -0.0848 0.9625 -0.2578
vn 0.7211 0.6626 -0.2023
vn -0.0641 0.9608 -0.2699
vn 0.3718 0.8447 -0.385
vn 0.3853 0.7985 -0.4625
vn 0.3956 0.8049 -0.4422
vn 0.688 0.7093 -0.1537
vn 0.6869 0.7086 -0.1614
vn -0.0162 0.9714 -0.2369
vn 0.3731 0.8461 -0.3807
vn -0.0146 0.9747 -0.2229
vn 0.6755 0.7048 -0.2164
vn -0.1662 0.9557 -0.2428
vn 0.3953 0.7948 -0.4605
vn 0.6766 0.7045 -0.214
vn -0.0187 0.9745 -0.2234
vn 0.6756 0.7183 -0.1663
vn 0.3448 0.8536 -0.3905
vn -0.069 0.9705 -0.2311
vn 0.3509 0.8105 -0.469
vn 0.359 0.8142 -0.4563
vn 0.6524 0.7417 -0.1557
vn 0.6496 0.7441 -0.1558
vn 0.031 0.9787 -0.2031
vn 0.3375 0.8564 -0.3908
vn 0.0266 0.9775 -0.2092
vn 0.3416 0.8536 -0.3932
vn 0.6516 0.7199 -0.2393
vn 0.6526 0.7227 -0.2276
vn 0.3334 0.8149 -0.4741
vn 0.3274 0.9238 -0.1983
vn -0.0907 0.9787 -0.1843
vn 0.641 0.7226 -0.2587
vn -0.1146 0.9732 -0.1993
vn -0.0926 0.9783 -0.1851
vn 0.0302 0.9874 -0.1551
vn 0.3226 0.8632 -0.3885
vn 0.6409 0.7489 -0.1687
vn -0.0854 0.9792 -0.1841
vn -0.0792 0.9809 -0.1776
vn 0.6246 0.7343 -0.266
vn 0.6342 0.7479 -0.196
vn 0.3172 0.9324 -0.1731
vn 0.6192 0.7608 -0.1942
vn -0.0382 0.9866 -0.1589
vn 0.6064 0.7691 -0.2018
vn 0.3201 0.8636 -0.3895
vn -0.0483 0.9858 -0.1611
vn 0.0106 0.9885 -0.1507
vn 0.0504 0.9903 -0.1298
vn 0.3073 0.8287 -0.4677
vn 0.3061 0.8276 -0.4705
vn 0.0712 0.9922 -0.1021
vn 0.6788 0.5596 -0.4754
vn 0.5993 0.7565 -0.2617
vn 0.2953 0.8575 -0.4212
vn 0.6003 0.7678 -0.224
vn 0.303 0.8261 -0.4751
vn 0.1117 0.9919 -0.0598
vn 0.0964 0.992 -0.0816
vn 0.0018 0.9925 -0.1226
vn 0.6494 0.6437 -0.4048
vn 0.2304 0.8993 0.3717
vn 0.0565 0.9935 -0.0985
vn 0.0597 0.9952 -0.0778
vn 0.1152 0.992 -0.0511
vn 0.5876 0.7609 -0.275
vn 0.5817 0.7589 -0.2927
vn 0.0973 0.9941 -0.0478
vn 0.249 0.9654 0.0778
vn 0.2972 0.8578 -0.4193
vn 0.2963 0.8584 -0.4187
vn 0.2813 0.8251 -0.49
vn -0.1273 0.9909 -0.044
vn -0.098 0.9362 -0.3376
vn -0.1155 0.9443 -0.3081
vn -0.032 0.9649 -0.2608
vn -0.0176 0.9705 -0.2405
vn -0.1191 0.9596 -0.2551
vn -0.0839 0.9627 -0.2573
vn 0.4494 0.4671 0.7614
vn 0.4906 0.2561 0.8329
vn 0.5323 0.4274 0.7307
vn 0.5264 0.4436 0.7254
vn 0.5419 0.4657 0.6997
vn 0.5562 0.4177 0.7185
vn 0.5814 0.3863 0.716
vn 0.5752 0.5249 0.6274
vn 0.5842 0.5127 0.6291
vn 0.5839 0.5693 0.5787
vn 0.6434 0.4113 0.6457
vn 0.6261 0.5466 0.5562
vn 0.6883 0.0569 0.7232
vn 0.7132 0.1825 0.6768
vn 0.7256 0.1604 0.6692
vn 0.673 -0.0693 0.7364
vn 0.6949 0.5149 0.502
vn -0.169 0.5311 0.8303
vn -0.245 0.3842 0.8902
vn 0.7193 0.2112 0.6618
vn -0.0877 0.4324 0.8974
vn -0.0447 0.527 0.8487
vn 0.7366 0.3677 0.5677
vn 0.7424 0.3114 0.5933
vn 0.7533 0.3654 0.5469
vn 0.7509 0.3709 0.5464
vn 0.7587 0.1969 0.621
vn 0.7832 0.3271 0.5288
vn 0.7859 0.3118 0.534
vn 0.7916 0.4281 0.4361
vn 0.9202 0.2062 0.3327
vn 0.9133 0.2399 0.3291
vn 0.8116 0.3695 0.4526
vn 0.8116 0.3699 0.4522
vn 0.8144 0.365 0.4512
vn 0.8189 0.4144 0.397
vn -0.8514 0.5243 0.0152
vn -0.6743 0.7364 0.0553
vn 0.8484 0.4206 0.3214
vn 0.8931 0.2192 0.3929
vn -0.7014 0.7126 0.0172
vn 0.9346 0.2443 0.2586
vn -0.7494 0.6603 0.0488
vn 0.9312 0.3192 0.1762
vn -0.7228 0.6879 0.0658
vn -0.7234 0.6872 0.0665
vn -0.8235 0.5595 0.0934
vn 0.9659 0.2106 0.1505
vn -0.62 0.7796 0.0886
vn 0.9649 0.2375 0.1123
vn 0.9784 0.1633 0.127
vn -0.8265 0.5512 0.1143
vn -0.6446 0.7578 0.1013
vn -0.7481 0.6517 0.1248
vn 0.9677 0.2418 0.0707
vn -0.7583 0.6365 0.1411
vn 0.9559 0.2829 0.0792
vn -0.7915 0.5982 0.1253
vn 0.9414 0.3329 0.0545
vn -0.7951 0.5839 0.1641
vn 0.9576 0.2844 0.0465
vn 0.956 0.2901 0.0443
vn -0.7858 0.5834 0.2055
vn 0.9974 0.0701 0.0171
vn -0.6184 0.7859 -0.0031
vn -0.4677 0.8484 0.2479
vn -0.6093 0.7235 0.3245
vn -0.6009 0.7874 0.1372
vn -0.6452 0.7445 0.1715
vn -0.5754 0.7537 0.3174
vn -0.594 0.7284 0.3415
vn -0.6112 0.7221 0.3241
vn -0.7304 0.6458 0.2223
vn -0.7149 0.6663 0.212
vn -0.5549 0.7391 0.3819
vn -0.4978 0.8471 0.1863
vn -0.599 0.7599 0.2525
vn -0.5387 0.7492 0.3853
vn -0.615 0.7471 0.2523
vn -0.6191 0.6401 0.4549
vn -0.71 0.644 0.285
vn -0.5496 0.7082 0.4432
vn -0.7466 0.5845 0.3177
vn -0.6051 0.7338 0.309
vn -0.6798 0.6197 0.3921
vn -0.5539 0.7407 0.3802
vn -0.5046 0.726 0.4673
vn -0.7556 0.4098 0.511
vn -0.3367 0.8548 0.3949
vn -0.6436 0.5397 0.5427
vn -0.6613 0.5293 0.5315
vn -0.4722 0.7462 0.4693
vn -0.6167 0.5285 0.5835
vn -0.4676 0.7375 0.4873
vn -0.3147 0.8467 0.4291
vn -0.3327 0.8306 0.4465
vn -0.4227 0.7133 0.5591
vn -0.4736 0.6968 0.5387
vn -0.5278 0.5318 0.6623
vn -0.5394 0.5149 0.6663
vn -0.305 0.826 0.474
vn -0.5204 0.5268 0.672
vn -0.4209 0.6103 0.6711
vn -0.4422 0.6079 0.6595
vn -0.3476 0.753 0.5587
vn -0.3616 0.6713 0.647
vn -0.3369 0.6691 0.6624
vn -0.3451 0.6126 0.7111
vn -0.5368 0.4581 0.7085
vn -0.3168 0.6228 0.7154
vn -0.2924 0.6435 0.7074
vn -0.2438 0.6101 0.7539
vn -0.3346 0.7252 0.6017
vn -0.0659 0.7317 0.6784
vn -0.3156 0.6915 0.6498
vn -0.0714 0.5553 0.8286
vn -0.1129 0.5912 0.7986
vn -0.1214 0.4957 0.8599
vn -0.006 0.4997 0.8662
vn -0.2883 0.6573 0.6963
vn 0.0686 0.5164 0.8536
vn 0.1233 0.4467 0.8862
vn 0.1519 0.4165 0.8964
vn 0.1989 0.528 0.8256
vn -0.1994 0.7124 0.6728
vn -0.2288 0.6545 0.7206
vn -0.2363 0.5687 0.7879
vn -0.2328 0.5728 0.786
vn 0.4558 0.4625 0.7605
vn 0.5132 0.4343 0.7403
vn 0.6393 0.4141 0.6479
vn -0.1145 0.4942 0.8618
vn -0.1173 0.4475 0.8866
vn 0.7153 0.3931 0.5778
vn -0.0362 0.532 0.846
vn -0.0294 0.4689 0.8827
vn 0.7223 0.0895 0.6857
vn 0.7031 0.455 0.5464
vn 0.7315 0.3715 0.5718
vn 0.0012 0.4719 0.8816
vn 0.0254 0.5035 0.8636
vn 0.0351 0.449 0.8928
vn 0.8156 0.0504 0.5764
vn 0.8499 0.3364 0.4055
vn 0.8365 0.3757 0.3989
vn 0.8505 0.3334 0.4068
vn 0.0855 0.5171 0.8516
vn 0.0868 0.4998 0.8618
vn 0.9089 0.3654 0.2007
vn 0.1035 0.5173 0.8495
vn 0.1197 0.438 0.891
vn 0.1881 0.5395 0.8207
vn -0.6856 0.7131 0.146
vn -0.579 0.8008 0.1532
vn -0.5944 0.7774 0.2058
vn -0.7268 0.6641 0.1751
vn 0.2121 0.5573 0.8028
vn -0.5997 0.7727 0.2082
vn -0.6512 0.7213 0.2361
vn 0.2255 0.4201 0.879
vn -0.6897 0.6522 0.3145
vn 0.2657 0.4829 0.8344
vn 0.2592 0.4983 0.8274
vn -0.4382 0.7487 0.4974
vn -0.6318 0.5136 0.5806
vn -0.509 0.6568 0.5564
vn -0.5869 0.5159 0.624
vn -0.5866 0.516 0.6242
vn 0.276 0.5129 0.8129
vn 0.2859 0.4644 0.8382
vn -0.2466 0.479 0.8425
vn -0.1694 0.5949 0.7858
vn 0.3153 0.4762 0.8208
vn 0.3111 0.4618 0.8306
vn 0.6243 0.5481 0.5566
vn 0.6695 0.5276 0.5229
vn 0.7193 0.422 0.5518
vn 0.7441 0.0891 0.6621
vn 0.3345 0.4114 0.8479
vn 0.972 0.235 0.0035
vn 0.7463 0.0689 0.662
vn 0.6743 0.5411 0.5025
vn 0.744 0.1154 0.6581
vn 0.3546 0.4653 0.811
vn 0.3653 0.4476 0.8162
vn 0.3741 0.467 0.8013
vn 0.3899 0.4408 0.8085
vn 0.3991 0.4623 0.7918
vn 0.4151 0.436 0.7985
vn 0.4266 0.464 0.7763
vn 0.4428 0.4392 0.7817
vn -0.2952 0.5362 -0.7908
vn -0.3155 0.5571 -0.7682
vn -0.3317 0.5582 -0.7605
vn -0.3217 0.5959 -0.7358
vn -0.6022 0.6936 -0.3952
vn -0.3611 0.5611 -0.7448
vn -0.339 0.5924 -0.7309
vn -0.3943 0.5427 -0.7417
vn -0.7018 0.5834 -0.4088
vn -0.5068 0.5887 -0.6298
vn -0.4436 0.6426 -0.6248
vn -0.6647 0.6323 -0.398
vn -0.5221 0.6001 -0.606
vn -0.6276 0.477 -0.6153
vn -0.5308 0.6267 -0.5705
vn -0.5487 0.608 -0.5738
vn -0.5299 0.692 -0.4902
vn -0.6439 0.6823 -0.3461
vn -0.4979 0.7176 -0.4869
vn -0.5495 0.6402 -0.5368
vn -0.5234 0.7174 -0.4597
vn -0.596 0.7408 -0.3098
vn -0.6853 0.6202 -0.3817
vn -0.623 0.7233 -0.2979
vn -0.6236 0.7225 -0.2985
vn -0.6281 0.7638 -0.1485
vn -0.7725 0.5978 -0.2144
vn -0.7298 0.6752 -0.1072
vn -0.8089 0.4937 -0.3192
vn -0.6323 0.7162 -0.2953
vn -0.736 0.6545 -0.173
vn -0.6544 0.7448 -0.1301
vn -0.5757 0.7777 -0.2527
vn -0.6621 0.739 -0.1242
vn -0.7888 0.6046 -0.1107
vn -0.78 0.5517 -0.2952
vn -0.6216 0.7421 -0.251
vn -0.7889 0.6044 -0.1112
vn -0.6694 0.7385 -0.0803
vn -0.667 0.7435 -0.0471
vn -0.7754 0.63 -0.043
vn -0.796 0.6031 -0.0506
vn -0.8066 0.5186 -0.2837
vn -0.6628 0.7141 -0.2251
vn -0.6008 0.7651 -0.2317
vn 0.9545 0.2981 -0.0062
vn 0.8494 0.5275 -0.0147
vn 0.7115 0.452 -0.5381
vn -0.6623 0.7149 -0.2241
vn 0.7081 0.3716 -0.6004
vn -0.7941 0.5635 -0.2277
vn -0.6642 0.7134 -0.2234
vn 0.7001 0.3888 -0.5989
vn 0.9699 0.0901 -0.226
vn 0.9343 0.3061 -0.1829
vn 0.9045 0.3991 -0.1502
vn 0.7093 0.1015 -0.6975
vn -0.8147 0.5392 -0.2136
vn -0.7736 0.6051 -0.188
vn -0.8468 0.4969 -0.1899
vn -0.3702 0.9283 -0.0337
vn -0.7811 0.6214 -0.0619
vn -0.3543 0.935 -0.0139
vn -0.6577 0.7532 0.0093
vn 0.4741 0.2355 -0.8484
vn 0.4746 0.2378 -0.8475
vn 0.969 0.2405 -0.0573
vn 0.469 0.5514 -0.6899
vn 0.9628 0.2584 -0.0784
vn 0.4414 0.3684 -0.8182
vn 0.414 0.5142 -0.7512
vn 0.9566 0.2612 -0.1295
vn 0.9509 0.2791 -0.1335
vn 0.9546 0.2603 -0.1446
vn 0.9275 0.3423 -0.1504
vn 0.1344 0.369 -0.9196
vn 0.1614 0.4572 -0.8746
vn 0.8723 0.3731 -0.3162
vn 0.8676 0.3335 -0.3689
vn 0.8617 0.3544 -0.363
vn 0.7837 0.577 -0.2298
vn 0.8553 0.325 -0.4035
vn 0.7907 0.5075 -0.3423
vn 0.8146 0.4734 -0.3351
vn 0.805 0.418 -0.421
vn -0.4262 0.5511 -0.7174
vn -0.3791 0.6127 -0.6935
vn 0.7768 0.309 -0.5488
vn 0.7409 0.3674 -0.5621
vn -0.4493 0.5515 -0.7029
vn -0.4085 0.6495 -0.6413
vn 0.7259 0.3574 -0.5876
vn 0.7269 0.3605 -0.5845
vn -0.5524 0.6116 -0.5663
vn 0.7417 0.0754 -0.6665
vn -0.5226 0.6627 -0.5364
vn 0.7188 0.426 -0.5494
vn 0.6863 0.4386 -0.5802
vn 0.6683 0.4469 -0.5947
vn 0.6712 0.3319 -0.6628
vn 0.5893 0.4193 -0.6906
vn 0.5791 0.2972 -0.7592
vn 0.5271 0.4472 -0.7226
vn 0.9096 0.4082 -0.0777
vn 0.5172 0.4774 -0.7103
vn 0.953 0.2813 -0.1127
vn 0.429 0.3623 -0.8274
vn 0.931 -0.0767 -0.357
vn 0.9125 0.2503 -0.3235
vn 0.9223 0.155 -0.354
vn 0.3886 0.417 -0.8217
vn 0.3691 0.4006 -0.8386
vn 0.3445 0.3985 -0.85
vn 0.2199 0.4117 -0.8844
vn 0.7839 0.476 -0.3986
vn 0.2096 0.5125 -0.8327
vn 0.7898 0.3276 -0.5185
vn 0.2022 0.5102 -0.836
vn 0.1738 0.4384 -0.8818
vn 0.0898 0.423 -0.9017
vn 0.7686 0.3803 -0.5144
vn 0.0575 0.2799 -0.9583
vn 0.7606 0.3928 -0.5168
vn 0.7509 0.2993 -0.5887
vn 0.1174 0.6589 -0.743
vn 0.0493 0.4324 -0.9003
vn 0.7349 0.3738 -0.5659
vn 0.0083 0.4769 -0.8789
vn 0.7301 0.3438 -0.5905
vn -0.0225 0.4568 -0.8893
vn 0.719 0.2215 -0.6588
vn -0.0292 0.588 -0.8083
vn -0.0504 0.594 -0.8029
vn -0.0732 0.6115 -0.7878
vn 0.6999 0.0534 -0.7123
vn -0.1122 0.6432 -0.7575
vn -0.1148 0.6243 -0.7727
vn 0.6717 0.3316 -0.6625
vn -0.1302 0.6317 -0.7642
vn 0.6523 0.3916 -0.6489
vn 0.6322 0.3506 -0.691
vn 0.6405 0.3278 -0.6945
vn 0.6283 0.1743 -0.7582
vn 0.6398 0.3268 -0.6956
vn -0.2197 0.606 -0.7645
vn 0.5921 0.4117 -0.6927
vn -0.289 0.5694 -0.7696
vn 0.5635 0.3359 -0.7548
vn 0.5611 0.2599 -0.7859
vn -0.3213 0.5311 -0.784
vn 0.4866 0.1777 -0.8553
vn -0.4054 0.6513 -0.6415
vn -0.5026 0.5323 -0.6812
vn -0.3324 0.7779 -0.5332
vn -0.5362 0.5316 -0.6557
vn 0.2236 0.4128 -0.8829
vn -0.4184 0.8075 -0.4159
vn -0.6192 0.6653 -0.4171
vn 0.046 0.2621 -0.9639
vn -0.6191 0.7016 -0.3528
vn -0.0233 0.457 -0.8892
vn -0.5885 0.7871 -0.1849
vn -0.5563 0.8262 -0.0887
vn -0.8399 0.5328 -0.1034
vn -0.7096 0.6998 -0.0819
vn -0.188 0.5353 -0.8235
vn -0.8222 0.5679 -0.0381
vn -0.8058 0.5919 -0.0214
vn 0.8818 0.4049 -0.2416
vn 0.8232 0.3712 -0.4297
vn 0.7956 0.4555 -0.3994
vn 0.6897 0.4561 -0.5624
vn 0.7187 0.4364 -0.5413
vn 0.6878 0.3912 -0.6115
vn 0.5893 0.4723 -0.6554
vn 0.5874 0.4201 -0.6917
vn 0.5176 0.4472 -0.7295
vn 0.5153 0.4742 -0.7138
vn 0.3784 0.4352 -0.817
vn 0.3505 0.4175 -0.8384
vn 0.3334 0.4081 -0.8499
vn 0.3132 0.524 -0.792
vn -0.526 0.563 -0.6375
vn 0.2993 0.5214 -0.7991
vn 0.299 0.5226 -0.7984
vn 0.2711 0.5199 -0.8101
vn -0.402 0.7487 -0.5271
vn 0.2697 0.5271 -0.8059
vn 0.2553 0.5293 -0.8091
vn 0.1038 0.4404 -0.8918
vn 0.1245 0.6457 -0.7534
vn 0.0431 0.4314 -0.9011
vn 0.0472 0.5725 -0.8185
vn 0.0576 0.5692 -0.8202
vn -0.0093 0.4804 -0.877
vn -0.0184 0.5889 -0.808
vn -0.6295 0.5849 -0.5115
vn -0.5711 0.6795 -0.4606
vn -0.0296 0.5973 -0.8015
vn -0.0498 0.6137 -0.788
vn -0.0727 0.6197 -0.7814
vn -0.5749 0.6715 -0.4677
vn -0.577 0.6701 -0.4668
vn -0.0956 0.6197 -0.779
vn -0.0933 0.6401 -0.7626
vn -0.7239 0.4746 -0.5007
vn -0.4254 0.8451 -0.3238
vn -0.1974 0.5921 -0.7813
vn -0.7264 0.4768 -0.4949
vn -0.2244 0.5543 -0.8015
vn -0.2156 0.5507 -0.8064
vn -0.1887 0.6643 -0.7232
vn -0.4125 0.8494 -0.3291
vn -0.2106 0.6599 -0.7212
vn -0.4488 0.7999 -0.3984
f 1//1 2//1 3//1
f 4//2 3//2 2//2
f 4//3 2//3 5//3
f 6//4 5//4 2//4
f 5//5 6//5 7//5
f 8//6 7//6 6//6
f 9//7 10//7 11//7
f 11//8 12//8 9//8
f 13//9 12//9 11//9
f 12//10 14//10 15//10
f 16//11 15//11 14//11
f 16//12 14//12 17//12
f 18//13 19//13 20//13
f 18//14 20//14 21//14
f 22//15 21//15 23//15
f 24//16 25//16 26//16
f 27//17 24//17 26//17
f 28//18 24//18 27//18
f 29//19 28//19 30//19
f 31//20 32//20 33//20
f 31//21 33//21 34//21
f 35//22 29//22 30//22
f 35//23 36//23 37//23
f 38//24 37//24 36//24
f 10//25 7//25 8//25
f 10//26 9//26 7//26
f 19//27 16//27 17//27
f 19//28 39//28 16//28
f 40//29 41//29 42//29
f 43//30 44//30 45//30
f 43//31 46//31 44//31
f 45//32 47//32 43//32
f 48//33 47//33 49//33
f 50//34 51//34 52//34
f 53//35 42//35 44//35
f 19//36 18//36 39//36
f 25//37 22//37 23//37
f 28//38 27//38 30//38
f 35//39 30//39 36//39
f 49//40 54//40 55//40
f 56//41 57//41 58//41
f 59//42 60//42 61//42
f 14//43 12//43 13//43
f 22//44 18//44 21//44
f 25//45 24//45 22//45
f 62//46 63//46 64//46
f 62//47 64//47 65//47
f 66//48 62//48 65//48
f 67//49 66//49 65//49
f 67//50 65//50 41//50
f 40//51 67//51 41//51
f 42//52 53//52 40//52
f 53//53 44//53 46//53
f 49//54 47//54 45//54
f 68//55 48//55 49//55
f 55//56 68//56 49//56
f 69//57 55//57 54//57
f 54//58 70//58 69//58
f 69//59 71//59 58//59
f 70//60 71//60 69//60
f 70//61 72//61 71//61
f 71//62 56//62 58//62
f 72//63 56//63 71//63
f 72//64 73//64 56//64
f 73//65 57//65 56//65
f 73//66 74//66 57//66
f 74//67 75//67 57//67
f 74//68 61//68 75//68
f 61//69 60//69 75//69
f 60//70 59//70 76//70
f 77//71 76//71 59//71
f 78//72 76//72 77//72
f 78//73 77//73 79//73
f 78//74 79//74 50//74
f 80//75 78//75 50//75
f 52//76 80//76 50//76
f 52//77 51//77 81//77
f 82//78 52//78 81//78
f 82//79 81//79 83//79
f 84//80 82//80 83//80
f 33//81 84//81 83//81
f 33//82 83//82 34//82
f 31//83 1//83 32//83
f 3//84 32//84 1//84
f 85//85 86//85 87//85
f 88//86 87//86 86//86
f 88//87 86//87 89//87
f 90//88 89//88 86//88
f 89//89 90//89 91//89
f 92//90 91//90 90//90
f 93//91 94//91 95//91
f 96//92 93//92 95//92
f 95//93 97//93 96//93
f 98//94 97//94 95//94
f 97//95 99//95 100//95
f 101//96 100//96 99//96
f 101//97 99//97 102//97
f 103//98 104//98 105//98
f 106//99 103//99 105//99
f 106//100 105//100 107//100
f 106//101 107//101 108//101
f 109//102 110//102 111//102
f 109//103 112//103 110//103
f 113//104 114//104 115//104
f 116//105 109//105 111//105
f 117//106 109//106 116//106
f 118//107 117//107 119//107
f 120//108 121//108 122//108
f 120//109 122//109 123//109
f 124//110 118//110 119//110
f 94//111 91//111 92//111
f 94//112 93//112 91//112
f 124//113 125//113 63//113
f 64//114 63//114 125//114
f 104//115 101//115 102//115
f 104//116 103//116 101//116
f 126//117 127//117 128//117
f 127//118 126//118 129//118
f 130//119 131//119 132//119
f 133//120 130//120 134//120
f 133//121 134//121 135//121
f 135//122 134//122 136//122
f 137//123 138//123 139//123
f 132//124 134//124 130//124
f 112//125 108//125 110//125
f 117//126 116//126 119//126
f 124//127 119//127 125//127
f 136//128 140//128 141//128
f 142//129 143//129 144//129
f 145//130 146//130 143//130
f 147//131 148//131 115//131
f 99//132 97//132 98//132
f 108//133 112//133 106//133
f 149//134 37//134 38//134
f 149//135 38//135 150//135
f 151//136 149//136 150//136
f 128//137 150//137 126//137
f 128//138 151//138 150//138
f 152//139 127//139 129//139
f 129//140 132//140 131//140
f 129//141 131//141 152//141
f 153//142 135//142 136//142
f 141//143 153//143 136//143
f 144//144 141//144 140//144
f 140//145 154//145 144//145
f 144//146 154//146 142//146
f 142//147 155//147 143//147
f 154//148 155//148 142//148
f 154//149 156//149 155//149
f 155//150 145//150 143//150
f 156//151 145//151 155//151
f 156//152 157//152 145//152
f 157//153 114//153 145//153
f 114//154 146//154 145//154
f 114//155 113//155 146//155
f 148//156 146//156 113//156
f 115//157 148//157 113//157
f 148//158 147//158 158//158
f 159//159 158//159 147//159
f 160//160 158//160 159//160
f 160//161 159//161 161//161
f 160//162 161//162 137//162
f 162//163 160//163 137//163
f 139//164 162//164 137//164
f 139//165 138//165 163//165
f 164//166 139//166 163//166
f 164//167 163//167 165//167
f 166//168 164//168 165//168
f 122//169 166//169 165//169
f 122//170 165//170 123//170
f 120//171 85//171 121//171
f 87//172 121//172 85//172
f 167//173 168//173 169//173
f 170//174 171//174 153//174
f 153//175 171//175 135//175
f 76//176 172//176 173//176
f 40//177 53//177 174//177
f 3//178 175//178 176//178
f 135//179 171//179 133//179
f 4//180 175//180 3//180
f 22//181 177//181 18//181
f 178//182 162//182 139//182
f 179//183 162//183 178//183
f 53//184 46//184 174//184
f 177//185 180//185 18//185
f 78//186 172//186 76//186
f 133//187 171//187 130//187
f 5//188 175//188 4//188
f 18//189 180//189 39//189
f 179//190 160//190 162//190
f 181//191 96//191 182//191
f 174//192 43//192 183//192
f 46//193 43//193 174//193
f 130//194 184//194 131//194
f 171//195 184//195 130//195
f 96//196 97//196 182//196
f 7//197 175//197 5//197
f 180//198 185//198 39//198
f 181//199 93//199 96//199
f 39//200 185//200 16//200
f 186//201 160//201 179//201
f 43//202 47//202 183//202
f 78//203 187//203 172//203
f 131//204 184//204 152//204
f 7//205 188//205 175//205
f 97//206 100//206 182//206
f 181//207 91//207 93//207
f 9//208 188//208 7//208
f 16//209 185//209 15//209
f 186//210 158//210 160//210
f 80//211 187//211 78//211
f 100//212 101//212 182//212
f 47//213 48//213 183//213
f 185//214 189//214 15//214
f 15//215 189//215 12//215
f 9//216 189//216 188//216
f 12//217 189//217 9//217
f 152//218 184//218 127//218
f 190//219 91//219 181//219
f 52//220 187//220 80//220
f 48//221 68//221 183//221
f 127//222 184//222 128//222
f 182//223 103//223 191//223
f 101//224 103//224 182//224
f 186//225 148//225 158//225
f 190//226 89//226 91//226
f 68//227 55//227 183//227
f 184//228 192//228 128//228
f 191//229 103//229 193//229
f 186//230 146//230 148//230
f 194//231 146//231 186//231
f 55//232 195//232 183//232
f 52//233 196//233 187//233
f 82//234 196//234 52//234
f 128//235 192//235 151//235
f 55//236 69//236 195//236
f 190//237 88//237 89//237
f 69//238 197//238 195//238
f 198//239 88//239 190//239
f 69//240 58//240 197//240
f 151//241 192//241 149//241
f 199//242 146//242 194//242
f 198//243 87//243 88//243
f 149//244 192//244 37//244
f 84//245 196//245 82//245
f 193//246 106//246 200//246
f 103//247 106//247 193//247
f 106//248 112//248 200//248
f 198//249 121//249 87//249
f 84//250 201//250 196//250
f 192//251 202//251 37//251
f 37//252 202//252 35//252
f 199//253 143//253 146//253
f 58//254 203//254 197//254
f 33//255 201//255 84//255
f 204//256 121//256 198//256
f 200//257 109//257 205//257
f 112//258 109//258 200//258
f 199//259 206//259 143//259
f 58//260 57//260 203//260
f 35//261 202//261 29//261
f 109//262 117//262 205//262
f 32//263 201//263 33//263
f 204//264 122//264 121//264
f 117//265 118//265 205//265
f 205//266 118//266 207//266
f 202//267 208//267 29//267
f 29//268 208//268 28//268
f 209//269 122//269 204//269
f 57//270 173//270 203//270
f 75//271 173//271 57//271
f 118//272 124//272 207//272
f 206//273 144//273 143//273
f 208//274 210//274 28//274
f 28//275 210//275 24//275
f 209//276 166//276 122//276
f 207//277 63//277 211//277
f 32//278 176//278 201//278
f 124//279 63//279 207//279
f 206//280 170//280 144//280
f 209//281 164//281 166//281
f 60//282 173//282 75//282
f 63//283 62//283 211//283
f 170//284 141//284 144//284
f 3//285 176//285 32//285
f 62//286 66//286 211//286
f 24//287 177//287 22//287
f 210//288 177//288 24//288
f 141//289 170//289 153//289
f 178//290 139//290 209//290
f 76//291 173//291 60//291
f 209//292 139//292 164//292
f 66//293 67//293 211//293
f 211//294 40//294 174//294
f 67//295 40//295 211//295
f 212//296 213//296 214//296
f 215//297 213//297 212//297
f 216//298 217//298 218//298
f 218//299 219//299 220//299
f 220//300 219//300 221//300
f 215//301 216//301 213//301
f 221//302 222//302 223//302
f 217//303 216//303 215//303
f 224//304 225//304 226//304
f 217//305 219//305 218//305
f 227//306 226//306 228//306
f 225//307 229//307 228//307
f 229//308 230//308 228//308
f 219//309 222//309 221//309
f 231//310 214//310 213//310
f 226//311 225//311 228//311
f 232//312 230//312 229//312
f 211//313 233//313 234//313
f 174//314 233//314 211//314
f 183//315 195//315 235//315
f 189//316 236//316 188//316
f 189//317 185//317 236//317
f 183//318 237//318 174//318
f 183//319 235//319 237//319
f 238//320 239//320 240//320
f 238//321 241//321 239//321
f 241//322 242//322 239//322
f 243//323 244//323 245//323
f 246//324 247//324 242//324
f 248//325 249//325 243//325
f 243//326 249//326 244//326
f 250//327 247//327 246//327
f 242//328 247//328 251//328
f 248//329 252//329 249//329
f 251//330 247//330 250//330
f 252//331 253//331 249//331
f 254//332 253//332 252//332
f 255//333 254//333 256//333
f 255//334 256//334 253//334
f 254//335 255//335 253//335
f 246//336 242//336 241//336
f 256//337 240//337 253//337
f 257//338 258//338 259//338
f 256//339 238//339 240//339
f 245//340 259//340 258//340
f 244//341 259//341 245//341
f 260//342 261//342 262//342
f 262//343 263//343 260//343
f 264//344 265//344 266//344
f 264//345 267//345 265//345
f 251//346 264//346 266//346
f 264//347 268//347 267//347
f 251//348 268//348 264//348
f 251//349 269//349 268//349
f 251//350 250//350 269//350
f 270//351 260//351 263//351
f 271//352 270//352 266//352
f 265//353 271//353 266//353
f 270//354 263//354 266//354
f 272//355 273//355 274//355
f 261//356 275//356 262//356
f 275//357 276//357 262//357
f 277//358 276//358 275//358
f 278//359 277//359 279//359
f 279//360 277//360 274//360
f 272//361 274//361 277//361
f 276//362 277//362 278//362
f 280//363 281//363 282//363
f 283//364 284//364 280//364
f 280//365 284//365 281//365
f 283//366 273//366 284//366
f 273//367 285//367 284//367
f 272//368 286//368 273//368
f 273//369 286//369 285//369
f 287//370 288//370 289//370
f 289//371 288//371 290//371
f 288//372 291//372 290//372
f 289//373 290//373 292//373
f 290//374 291//374 293//374
f 290//375 294//375 292//375
f 294//376 290//376 293//376
f 295//377 288//377 287//377
f 288//378 296//378 291//378
f 295//379 297//379 288//379
f 297//380 298//380 288//380
f 288//381 298//381 296//381
f 295//382 280//382 297//382
f 297//383 282//383 298//383
f 280//384 282//384 297//384
f 283//385 280//385 295//385
f 299//386 300//386 301//386
f 302//387 303//387 304//387
f 305//388 306//388 307//388
f 308//389 300//389 299//389
f 309//390 308//390 299//390
f 310//391 308//391 311//391
f 308//392 309//392 311//392
f 312//393 313//393 309//393
f 309//394 313//394 311//394
f 301//395 314//395 305//395
f 300//396 314//396 301//396
f 315//397 316//397 317//397
f 317//398 316//398 318//398
f 300//399 319//399 314//399
f 320//400 321//400 316//400
f 315//401 320//401 316//401
f 322//402 320//402 315//402
f 322//403 323//403 320//403
f 322//404 324//404 323//404
f 323//405 324//405 325//405
f 319//406 300//406 310//406
f 308//407 310//407 300//407
f 311//408 318//408 321//408
f 326//409 327//409 328//409
f 312//410 309//410 299//410
f 329//411 330//411 324//411
f 324//412 330//412 325//412
f 325//413 330//413 331//413
f 313//414 318//414 311//414
f 329//415 328//415 331//415
f 328//416 327//416 331//416
f 316//417 321//417 318//417
f 332//418 333//418 294//418
f 317//419 318//419 312//419
f 312//420 318//420 313//420
f 323//421 325//421 320//421
f 330//422 329//422 331//422
f 334//423 335//423 328//423
f 328//424 335//424 326//424
f 336//425 337//425 332//425
f 338//426 337//426 336//426
f 334//427 339//427 335//427
f 333//428 292//428 294//428
f 333//429 340//429 292//429
f 338//430 340//430 333//430
f 333//431 337//431 338//431
f 303//432 341//432 307//432
f 303//433 302//433 338//433
f 336//434 341//434 338//434
f 338//435 341//435 303//435
f 332//436 337//436 333//436
f 342//437 304//437 303//437
f 303//438 307//438 342//438
f 340//439 338//439 302//439
f 306//440 342//440 307//440
f 342//441 306//441 319//441
f 306//442 305//442 319//442
f 314//443 319//443 305//443
f 305//444 307//444 341//444
f 343//445 344//445 345//445
f 344//446 346//446 345//446
f 345//447 346//447 347//447
f 348//448 349//448 350//448
f 351//449 352//449 353//449
f 354//450 346//450 349//450
f 349//451 346//451 344//451
f 355//452 356//452 357//452
f 358//453 357//453 348//453
f 358//454 355//454 357//454
f 359//455 352//455 360//455
f 356//456 354//456 357//456
f 167//457 361//457 359//457
f 362//458 361//458 167//458
f 361//459 362//459 363//459
f 364//460 363//460 362//460
f 364//461 365//461 366//461
f 351//462 360//462 352//462
f 169//463 168//463 365//463
f 361//464 363//464 353//464
f 168//465 367//465 368//465
f 353//466 363//466 364//466
f 369//467 370//467 371//467
f 367//468 370//468 369//468
f 169//469 365//469 362//469
f 362//470 365//470 364//470
f 169//471 362//471 167//471
f 370//472 343//472 345//472
f 343//473 350//473 344//473
f 344//474 350//474 349//474
f 168//475 368//475 365//475
f 365//476 368//476 366//476
f 368//477 372//477 366//477
f 349//478 357//478 354//478
f 348//479 357//479 349//479
f 352//480 361//480 353//480
f 359//481 361//481 352//481
f 367//482 369//482 368//482
f 369//483 371//483 368//483
f 368//484 371//484 372//484
f 371//485 373//485 372//485
f 347//486 373//486 371//486
f 370//487 345//487 371//487
f 371//488 345//488 347//488
f 374//489 375//489 376//489
f 377//490 376//490 375//490
f 378//491 379//491 377//491
f 379//492 380//492 377//492
f 355//493 381//493 356//493
f 356//494 381//494 382//494
f 355//495 358//495 381//495
f 381//496 358//496 383//496
f 381//497 379//497 382//497
f 381//498 383//498 379//498
f 380//499 376//499 377//499
f 384//500 380//500 379//500
f 383//501 384//501 379//501
f 377//502 385//502 378//502
f 379//503 378//503 382//503
f 377//504 375//504 385//504
f 386//505 387//505 388//505
f 389//506 390//506 391//506
f 386//507 392//507 387//507
f 393//508 392//508 386//508
f 393//509 394//509 392//509
f 375//510 395//510 385//510
f 391//511 396//511 397//511
f 395//512 398//512 385//512
f 374//513 395//513 375//513
f 399//514 400//514 389//514
f 401//515 400//515 399//515
f 402//516 403//516 401//516
f 387//517 403//517 402//517
f 404//518 405//518 406//518
f 406//519 405//519 407//519
f 374//520 408//520 395//520
f 395//521 404//521 398//521
f 407//522 391//522 390//522
f 408//523 405//523 395//523
f 407//524 405//524 408//524
f 390//525 406//525 407//525
f 409//526 390//526 389//526
f 397//527 389//527 391//527
f 389//528 397//528 399//528
f 399//529 397//529 396//529
f 402//530 401//530 396//530
f 396//531 401//531 399//531
f 387//532 392//532 403//532
f 403//533 410//533 401//533
f 404//534 395//534 405//534
f 401//535 410//535 400//535
f 409//536 406//536 390//536
f 400//537 410//537 394//537
f 392//538 410//538 403//538
f 394//539 410//539 392//539
f 411//540 412//540 413//540
f 414//541 415//541 411//541
f 393//542 386//542 416//542
f 414//543 417//543 415//543
f 418//544 417//544 414//544
f 419//545 420//545 421//545
f 421//546 420//546 422//546
f 420//547 416//547 422//547
f 423//548 424//548 425//548
f 426//549 413//549 423//549
f 419//550 414//550 426//550
f 386//551 388//551 427//551
f 423//552 413//552 424//552
f 424//553 413//553 412//553
f 411//554 413//554 426//554
f 414//555 411//555 426//555
f 412//556 411//556 415//556
f 421//557 418//557 414//557
f 421//558 414//558 419//558
f 418//559 421//559 422//559
f 418//560 422//560 428//560
f 416//561 386//561 422//561
f 386//562 427//562 422//562
f 422//563 427//563 428//563
f 429//564 430//564 431//564
f 432//565 433//565 434//565
f 435//566 436//566 434//566
f 436//567 437//567 438//567
f 437//568 439//568 438//568
f 431//569 440//569 439//569
f 430//570 440//570 431//570
f 437//571 436//571 435//571
f 438//572 439//572 440//572
f 441//573 425//573 424//573
f 440//574 430//574 442//574
f 443//575 444//575 441//575
f 444//576 425//576 441//576
f 423//577 425//577 444//577
f 444//578 443//578 445//578
f 445//579 443//579 432//579
f 432//580 443//580 433//580
f 433//581 435//581 434//581
f 436//582 438//582 434//582
f 431//583 439//583 437//583
f 446//584 447//584 448//584
f 449//585 226//585 227//585
f 446//586 448//586 450//586
f 451//587 448//587 452//587
f 452//588 453//588 454//588
f 448//589 453//589 452//589
f 447//590 453//590 448//590
f 455//591 224//591 226//591
f 449//592 455//592 226//592
f 450//593 456//593 457//593
f 457//594 456//594 458//594
f 450//595 457//595 446//595
f 456//596 450//596 459//596
f 449//597 458//597 455//597
f 457//598 458//598 449//598
f 448//599 459//599 450//599
f 448//600 451//600 459//600
f 454//601 453//601 460//601
f 442//602 429//602 447//602
f 429//603 460//603 447//603
f 447//604 460//604 453//604
f 430//605 429//605 442//605
f 461//606 462//606 463//606
f 464//607 465//607 466//607
f 467//608 468//608 469//608
f 466//609 470//609 464//609
f 470//610 466//610 471//610
f 472//611 467//611 464//611
f 473//612 468//612 467//612
f 474//613 468//613 473//613
f 475//614 472//614 470//614
f 470//615 472//615 464//615
f 474//616 463//616 469//616
f 469//617 463//617 476//617
f 463//618 462//618 476//618
f 462//619 477//619 476//619
f 473//620 472//620 475//620
f 467//621 472//621 473//621
f 468//622 474//622 469//622
f 478//623 479//623 480//623
f 481//624 482//624 479//624
f 483//625 482//625 481//625
f 479//626 478//626 484//626
f 480//627 482//627 485//627
f 480//628 479//628 482//628
f 481//629 479//629 484//629
f 483//630 485//630 482//630
f 486//631 487//631 483//631
f 483//632 487//632 485//632
f 487//633 488//633 485//633
f 486//634 489//634 487//634
f 489//635 490//635 487//635
f 487//636 490//636 488//636
f 489//637 491//637 490//637
f 461//638 491//638 489//638
f 462//639 461//639 477//639
f 477//640 461//640 489//640
f 492//641 493//641 494//641
f 494//642 493//642 495//642
f 493//643 496//643 495//643
f 493//644 497//644 496//644
f 492//645 497//645 493//645
f 498//646 499//646 500//646
f 500//647 499//647 501//647
f 496//648 497//648 502//648
f 503//649 504//649 498//649
f 498//650 504//650 499//650
f 504//651 505//651 499//651
f 506//652 502//652 497//652
f 505//653 504//653 507//653
f 508//654 507//654 509//654
f 510//655 511//655 512//655
f 511//656 513//656 512//656
f 514//657 515//657 516//657
f 515//658 514//658 513//658
f 514//659 516//659 517//659
f 513//660 514//660 512//660
f 517//661 516//661 518//661
f 516//662 519//662 518//662
f 514//663 517//663 520//663
f 518//664 520//664 517//664
f 521//665 522//665 523//665
f 524//666 521//666 525//666
f 519//667 520//667 518//667
f 525//668 526//668 527//668
f 528//669 526//669 525//669
f 528//670 529//670 526//670
f 484//671 478//671 500//671
f 484//672 500//672 501//672
f 508//673 530//673 507//673
f 523//674 522//674 520//674
f 522//675 524//675 520//675
f 504//676 503//676 509//676
f 507//677 504//677 509//677
f 524//678 525//678 527//678
f 531//679 532//679 508//679
f 497//680 492//680 506//680
f 502//681 506//681 533//681
f 512//682 533//682 506//682
f 508//683 532//683 530//683
f 512//684 506//684 510//684
f 515//685 513//685 511//685
f 530//686 532//686 534//686
f 531//687 535//687 532//687
f 532//688 535//688 534//688
f 519//689 523//689 520//689
f 534//690 535//690 536//690
f 521//691 524//691 522//691
f 528//692 525//692 521//692
f 535//693 494//693 536//693
f 494//694 495//694 536//694
f 537//695 538//695 539//695
f 539//696 538//696 540//696
f 541//697 542//697 543//697
f 544//698 542//698 529//698
f 545//699 546//699 547//699
f 545//700 548//700 546//700
f 546//701 548//701 549//701
f 550//702 537//702 545//702
f 545//703 537//703 548//703
f 537//704 539//704 548//704
f 551//705 538//705 550//705
f 551//706 543//706 538//706
f 538//707 543//707 540//707
f 540//708 543//708 544//708
f 541//709 543//709 551//709
f 542//710 544//710 543//710
f 527//711 542//711 541//711
f 527//712 526//712 542//712
f 526//713 529//713 542//713
f 550//714 538//714 537//714
f 552//715 547//715 546//715
f 546//716 553//716 552//716
f 553//717 554//717 552//717
f 554//718 555//718 552//718
f 554//719 556//719 555//719
f 556//720 557//720 555//720
f 557//721 558//721 559//721
f 549//722 553//722 546//722
f 559//723 558//723 560//723
f 560//724 561//724 559//724
f 558//725 556//725 554//725
f 556//726 558//726 557//726
f 562//727 560//727 558//727
f 563//728 564//728 565//728
f 566//729 564//729 563//729
f 564//730 567//730 565//730
f 568//731 569//731 570//731
f 561//732 564//732 566//732
f 571//733 572//733 569//733
f 573//734 572//734 571//734
f 572//735 574//735 575//735
f 560//736 564//736 561//736
f 562//737 564//737 560//737
f 576//738 568//738 577//738
f 577//739 568//739 570//739
f 578//740 575//740 574//740
f 571//741 568//741 576//741
f 578//742 579//742 575//742
f 580//743 573//743 571//743
f 578//744 581//744 579//744
f 580//745 582//745 574//745
f 564//746 562//746 567//746
f 574//747 572//747 573//747
f 578//748 563//748 565//748
f 568//749 571//749 569//749
f 580//750 574//750 573//750
f 582//751 578//751 574//751
f 578//752 565//752 581//752
f 563//753 578//753 582//753
f 583//754 584//754 585//754
f 586//755 585//755 584//755
f 587//756 584//756 583//756
f 584//757 587//757 588//757
f 589//758 590//758 591//758
f 592//759 588//759 587//759
f 593//760 594//760 595//760
f 596//761 597//761 592//761
f 592//762 597//762 588//762
f 598//763 599//763 600//763
f 599//764 601//764 602//764
f 603//765 604//765 605//765
f 591//766 602//766 601//766
f 583//767 585//767 605//767
f 590//768 606//768 591//768
f 607//769 606//769 590//769
f 589//770 608//770 590//770
f 590//771 608//771 607//771
f 609//772 610//772 611//772
f 607//773 608//773 611//773
f 609//774 611//774 589//774
f 589//775 611//775 608//775
f 610//776 609//776 612//776
f 611//777 610//777 613//777
f 613//778 610//778 614//778
f 614//779 610//779 612//779
f 596//780 592//780 587//780
f 588//781 597//781 615//781
f 616//782 617//782 618//782
f 619//783 620//783 616//783
f 618//784 617//784 621//784
f 622//785 623//785 624//785
f 621//786 617//786 625//786
f 601//787 598//787 596//787
f 626//788 624//788 627//788
f 598//789 600//789 628//789
f 601//790 599//790 598//790
f 629//791 627//791 630//791
f 630//792 631//792 632//792
f 625//793 617//793 633//793
f 602//794 634//794 600//794
f 616//795 620//795 617//795
f 591//796 606//796 602//796
f 631//797 635//797 636//797
f 602//798 606//798 634//798
f 620//799 633//799 617//799
f 619//800 623//800 620//800
f 623//801 622//801 620//801
f 620//802 622//802 633//802
f 635//803 637//803 638//803
f 622//804 639//804 633//804
f 640//805 641//805 642//805
f 643//806 641//806 640//806
f 606//807 607//807 634//807
f 644//808 643//808 640//808
f 644//809 645//809 643//809
f 643//810 645//810 646//810
f 646//811 645//811 647//811
f 648//812 649//812 647//812
f 650//813 651//813 652//813
f 652//814 651//814 649//814
f 607//815 611//815 613//815
f 624//816 626//816 622//816
f 653//817 654//817 655//817
f 622//818 626//818 639//818
f 626//819 656//819 639//819
f 653//820 657//820 654//820
f 654//821 657//821 658//821
f 658//822 657//822 659//822
f 621//823 614//823 612//823
f 656//824 626//824 629//824
f 660//825 661//825 570//825
f 570//826 661//826 577//826
f 662//827 663//827 664//827
f 627//828 629//828 626//828
f 618//829 621//829 612//829
f 629//830 665//830 656//830
f 584//831 588//831 615//831
f 614//832 621//832 625//832
f 612//833 616//833 618//833
f 596//834 628//834 597//834
f 598//835 628//835 596//835
f 632//836 665//836 629//836
f 600//837 599//837 602//837
f 630//838 632//838 629//838
f 646//839 647//839 649//839
f 666//840 667//840 668//840
f 636//841 632//841 631//841
f 668//842 667//842 669//842
f 665//843 632//843 670//843
f 670//844 632//844 636//844
f 671//845 672//845 667//845
f 672//846 673//846 667//846
f 638//847 636//847 635//847
f 636//848 674//848 670//848
f 638//849 674//849 636//849
f 675//850 676//850 672//850
f 672//851 676//851 673//851
f 676//852 677//852 673//852
f 640//853 638//853 637//853
f 642//854 638//854 640//854
f 595//855 676//855 678//855
f 670//856 674//856 642//856
f 638//857 642//857 674//857
f 677//858 676//858 595//858
f 594//859 677//859 595//859
f 644//860 640//860 637//860
f 679//861 593//861 680//861
f 593//862 681//862 594//862
f 679//863 681//863 593//863
f 643//864 646//864 641//864
f 641//865 646//865 650//865
f 645//866 648//866 647//866
f 651//867 646//867 649//867
f 648//868 652//868 649//868
f 646//869 651//869 650//869
f 681//870 679//870 604//870
f 605//871 604//871 679//871
f 653//872 652//872 648//872
f 652//873 682//873 650//873
f 682//874 652//874 655//874
f 653//875 655//875 652//875
f 654//876 658//876 683//876
f 604//877 603//877 586//877
f 586//878 603//878 585//878
f 655//879 683//879 682//879
f 654//880 683//880 655//880
f 658//881 663//881 683//881
f 664//882 658//882 659//882
f 664//883 663//883 658//883
f 684//884 664//884 659//884
f 586//885 584//885 615//885
f 660//886 668//886 661//886
f 615//887 597//887 628//887
f 577//888 661//888 668//888
f 685//889 668//889 669//889
f 668//890 685//890 577//890
f 666//891 668//891 660//891
f 667//892 666//892 671//892
f 672//893 671//893 675//893
f 676//894 675//894 678//894
f 678//895 593//895 595//895
f 680//896 593//896 678//896
f 680//897 605//897 679//897
f 605//898 585//898 603//898
f 686//899 687//899 688//899
f 687//900 684//900 689//900
f 662//901 687//901 690//901
f 662//902 684//902 687//902
f 664//903 684//903 662//903
f 691//904 692//904 693//904
f 694//905 695//905 465//905
f 465//906 695//906 471//906
f 696//907 693//907 694//907
f 693//908 692//908 694//908
f 694//909 692//909 695//909
f 688//910 697//910 698//910
f 696//911 699//911 693//911
f 693//912 699//912 691//912
f 465//913 471//913 466//913
f 699//914 700//914 691//914
f 701//915 699//915 696//915
f 702//916 703//916 704//916
f 701//917 703//917 699//917
f 697//918 704//918 703//918
f 703//919 700//919 699//919
f 688//920 704//920 697//920
f 688//921 689//921 704//921
f 703//922 702//922 700//922
f 687//923 689//923 688//923
f 701//924 697//924 703//924
f 698//925 697//925 701//925
f 690//926 687//926 686//926
f 686//927 688//927 698//927
f 705//928 706//928 707//928
f 708//929 709//929 705//929
f 710//930 709//930 708//930
f 707//931 708//931 705//931
f 711//932 712//932 710//932
f 713//933 714//933 715//933
f 714//934 716//934 715//934
f 714//935 717//935 716//935
f 710//936 712//936 709//936
f 711//937 718//937 712//937
f 719//938 712//938 718//938
f 222//939 720//939 223//939
f 713//940 721//940 722//940
f 713//941 715//941 721//941
f 707//942 706//942 717//942
f 707//943 717//943 714//943
f 723//944 724//944 725//944
f 726//945 727//945 728//945
f 729//946 727//946 730//946
f 731//947 732//947 726//947
f 733//948 728//948 725//948
f 733//949 725//949 724//949
f 725//950 728//950 734//950
f 729//951 734//951 728//951
f 728//952 727//952 729//952
f 726//953 730//953 727//953
f 726//954 732//954 730//954
f 732//955 731//955 719//955
f 719//956 718//956 732//956
f 735//957 736//957 737//957
f 738//958 739//958 740//958
f 740//959 739//959 741//959
f 741//960 742//960 740//960
f 743//961 742//961 741//961
f 737//962 743//962 735//962
f 744//963 745//963 746//963
f 724//964 747//964 733//964
f 738//965 740//965 742//965
f 738//966 748//966 739//966
f 748//967 738//967 749//967
f 741//968 735//968 743//968
f 744//969 746//969 735//969
f 735//970 746//970 736//970
f 743//971 737//971 742//971
f 750//972 751//972 752//972
f 753//973 751//973 750//973
f 753//974 745//974 751//974
f 745//975 744//975 751//975
f 754//976 755//976 756//976
f 757//977 758//977 759//977
f 759//978 758//978 760//978
f 755//979 761//979 756//979
f 758//980 756//980 760//980
f 755//981 762//981 761//981
f 759//982 763//982 764//982
f 760//983 763//983 759//983
f 763//984 760//984 765//984
f 755//985 766//985 762//985
f 756//986 758//986 754//986
f 750//987 752//987 755//987
f 755//988 752//988 766//988
f 760//989 756//989 765//989
f 765//990 756//990 761//990
f 767//991 768//991 769//991
f 770//992 771//992 767//992
f 770//993 772//993 771//993
f 773//994 774//994 775//994
f 775//995 774//995 776//995
f 773//996 777//996 778//996
f 773//997 778//997 774//997
f 779//998 780//998 781//998
f 782//999 776//999 781//999
f 779//1000 783//1000 784//1000
f 785//1001 786//1001 787//1001
f 769//1002 786//1002 785//1002
f 788//1003 772//1003 770//1003
f 789//1004 772//1004 788//1004
f 790//1005 783//1005 791//1005
f 764//1006 763//1006 787//1006
f 769//1007 792//1007 786//1007
f 785//1008 787//1008 763//1008
f 757//1009 764//1009 792//1009
f 792//1010 768//1010 793//1010
f 767//1011 769//1011 785//1011
f 789//1012 788//1012 777//1012
f 794//1013 777//1013 788//1013
f 794//1014 778//1014 777//1014
f 794//1015 774//1015 778//1015
f 794//1016 781//1016 774//1016
f 774//1017 781//1017 776//1017
f 767//1018 771//1018 768//1018
f 768//1019 771//1019 793//1019
f 793//1020 771//1020 795//1020
f 775//1021 782//1021 790//1021
f 776//1022 782//1022 775//1022
f 789//1023 771//1023 772//1023
f 795//1024 771//1024 789//1024
f 781//1025 780//1025 782//1025
f 782//1026 780//1026 790//1026
f 779//1027 784//1027 780//1027
f 780//1028 784//1028 796//1028
f 796//1029 790//1029 780//1029
f 784//1030 783//1030 796//1030
f 796//1031 783//1031 790//1031
f 773//1032 789//1032 777//1032
f 795//1033 789//1033 773//1033
f 791//1034 783//1034 797//1034
f 759//1035 764//1035 757//1035
f 787//1036 786//1036 764//1036
f 764//1037 786//1037 792//1037
f 769//1038 768//1038 792//1038
f 798//1039 799//1039 800//1039
f 799//1040 801//1040 800//1040
f 799//1041 802//1041 803//1041
f 800//1042 801//1042 804//1042
f 799//1043 803//1043 801//1043
f 803//1044 802//1044 805//1044
f 805//1045 802//1045 806//1045
f 797//1046 806//1046 791//1046
f 805//1047 806//1047 797//1047
f 797//1048 807//1048 805//1048
f 779//1049 807//1049 797//1049
f 808//1050 801//1050 803//1050
f 807//1051 808//1051 805//1051
f 779//1052 797//1052 783//1052
f 808//1053 803//1053 805//1053
f 809//1054 810//1054 811//1054
f 812//1055 813//1055 814//1055
f 815//1056 798//1056 800//1056
f 816//1057 815//1057 800//1057
f 814//1058 817//1058 351//1058
f 816//1059 818//1059 819//1059
f 819//1060 820//1060 821//1060
f 820//1061 822//1061 821//1061
f 816//1062 819//1062 815//1062
f 819//1063 823//1063 815//1063
f 822//1064 824//1064 821//1064
f 821//1065 824//1065 825//1065
f 804//1066 816//1066 800//1066
f 818//1067 816//1067 804//1067
f 826//1068 827//1068 828//1068
f 829//1069 828//1069 830//1069
f 819//1070 821//1070 823//1070
f 831//1071 827//1071 832//1071
f 831//1072 833//1072 827//1072
f 821//1073 834//1073 823//1073
f 835//1074 811//1074 832//1074
f 811//1075 835//1075 809//1075
f 821//1076 825//1076 834//1076
f 836//1077 809//1077 835//1077
f 826//1078 824//1078 822//1078
f 812//1079 836//1079 813//1079
f 809//1080 836//1080 812//1080
f 836//1081 837//1081 813//1081
f 828//1082 825//1082 824//1082
f 829//1083 834//1083 825//1083
f 837//1084 817//1084 814//1084
f 838//1085 817//1085 837//1085
f 826//1086 828//1086 824//1086
f 360//1087 817//1087 838//1087
f 828//1088 829//1088 825//1088
f 360//1089 351//1089 817//1089
f 819//1090 818//1090 820//1090
f 837//1091 814//1091 813//1091
f 833//1092 828//1092 827//1092
f 809//1093 812//1093 810//1093
f 828//1094 833//1094 830//1094
f 811//1095 831//1095 832//1095
f 811//1096 833//1096 831//1096
f 811//1097 830//1097 833//1097
f 810//1098 830//1098 811//1098
f 835//1099 837//1099 836//1099
f 838//1100 837//1100 835//1100
f 839//1101 840//1101 841//1101
f 339//1102 842//1102 335//1102
f 843//1103 844//1103 840//1103
f 842//1104 845//1104 335//1104
f 335//1105 845//1105 326//1105
f 846//1106 847//1106 848//1106
f 846//1107 849//1107 847//1107
f 847//1108 849//1108 850//1108
f 851//1109 849//1109 846//1109
f 849//1110 851//1110 852//1110
f 853//1111 854//1111 851//1111
f 855//1112 845//1112 842//1112
f 855//1113 842//1113 856//1113
f 857//1114 858//1114 859//1114
f 858//1115 860//1115 859//1115
f 856//1116 861//1116 855//1116
f 862//1117 861//1117 856//1117
f 863//1118 864//1118 862//1118
f 861//1119 864//1119 855//1119
f 865//1120 866//1120 867//1120
f 868//1121 863//1121 862//1121
f 863//1122 869//1122 864//1122
f 863//1123 868//1123 870//1123
f 866//1124 871//1124 872//1124
f 863//1125 870//1125 869//1125
f 870//1126 873//1126 869//1126
f 865//1127 870//1127 868//1127
f 874//1128 875//1128 876//1128
f 869//1129 873//1129 877//1129
f 839//1130 875//1130 874//1130
f 878//1131 875//1131 839//1131
f 841//1132 878//1132 839//1132
f 878//1133 841//1133 879//1133
f 840//1134 879//1134 841//1134
f 865//1135 867//1135 870//1135
f 870//1136 867//1136 873//1136
f 879//1137 840//1137 844//1137
f 879//1138 844//1138 880//1138
f 867//1139 877//1139 873//1139
f 880//1140 844//1140 843//1140
f 857//1141 859//1141 843//1141
f 843//1142 859//1142 880//1142
f 872//1143 867//1143 866//1143
f 848//1144 860//1144 858//1144
f 876//1145 867//1145 872//1145
f 876//1146 877//1146 867//1146
f 846//1147 848//1147 858//1147
f 848//1148 847//1148 860//1148
f 850//1149 849//1149 852//1149
f 878//1150 879//1150 875//1150
f 874//1151 872//1151 871//1151
f 851//1152 854//1152 852//1152
f 874//1153 876//1153 872//1153
f 850//1154 852//1154 881//1154
f 861//1155 862//1155 864//1155
f 839//1156 874//1156 871//1156
f 882//1157 883//1157 884//1157
f 883//1158 853//1158 884//1158
f 852//1159 883//1159 881//1159
f 854//1160 883//1160 852//1160
f 885//1161 886//1161 887//1161
f 886//1162 888//1162 887//1162
f 889//1163 890//1163 886//1163
f 891//1164 890//1164 889//1164
f 886//1165 890//1165 888//1165
f 890//1166 892//1166 888//1166
f 893//1167 891//1167 894//1167
f 894//1168 895//1168 896//1168
f 891//1169 895//1169 894//1169
f 897//1170 895//1170 891//1170
f 898//1171 897//1171 899//1171
f 894//1172 900//1172 893//1172
f 894//1173 896//1173 900//1173
f 899//1174 901//1174 902//1174
f 903//1175 882//1175 901//1175
f 881//1176 882//1176 903//1176
f 883//1177 882//1177 881//1177
f 897//1178 898//1178 895//1178
f 853//1179 883//1179 854//1179
f 890//1180 904//1180 892//1180
f 891//1181 904//1181 890//1181
f 891//1182 893//1182 904//1182
f 904//1183 893//1183 900//1183
f 895//1184 898//1184 896//1184
f 899//1185 897//1185 901//1185
f 901//1186 897//1186 903//1186
f 901//1187 884//1187 902//1187
f 882//1188 884//1188 901//1188
f 905//1189 906//1189 885//1189
f 907//1190 908//1190 909//1190
f 909//1191 908//1191 910//1191
f 911//1192 908//1192 912//1192
f 911//1193 910//1193 908//1193
f 905//1194 887//1194 888//1194
f 886//1195 885//1195 906//1195
f 913//1196 906//1196 905//1196
f 907//1197 906//1197 913//1197
f 906//1198 914//1198 910//1198
f 907//1199 914//1199 906//1199
f 914//1200 907//1200 909//1200
f 914//1201 909//1201 910//1201
f 885//1202 887//1202 905//1202
f 915//1203 916//1203 917//1203
f 915//1204 918//1204 916//1204
f 919//1205 920//1205 915//1205
f 920//1206 921//1206 915//1206
f 915//1207 921//1207 918//1207
f 920//1208 922//1208 921//1208
f 923//1209 922//1209 920//1209
f 923//1210 924//1210 922//1210
f 911//1211 924//1211 923//1211
f 924//1212 925//1212 922//1212
f 911//1213 912//1213 924//1213
f 912//1214 925//1214 924//1214
f 917//1215 926//1215 927//1215
f 926//1216 917//1216 916//1216
f 919//1217 917//1217 927//1217
f 915//1218 917//1218 919//1218
f 928//1219 929//1219 930//1219
f 930//1220 931//1220 932//1220
f 932//1221 933//1221 934//1221
f 932//1222 931//1222 933//1222
f 935//1223 936//1223 937//1223
f 937//1224 938//1224 935//1224
f 939//1225 938//1225 937//1225
f 940//1226 941//1226 939//1226
f 940//1227 942//1227 941//1227
f 943//1228 942//1228 940//1228
f 257//1229 944//1229 945//1229
f 259//1230 944//1230 257//1230
f 945//1231 944//1231 946//1231
f 943//1232 946//1232 942//1232
f 929//1233 947//1233 926//1233
f 926//1234 947//1234 927//1234
f 927//1235 947//1235 928//1235
f 948//1236 932//1236 934//1236
f 928//1237 947//1237 929//1237
f 948//1238 934//1238 935//1238
f 935//1239 934//1239 936//1239
f 938//1240 939//1240 941//1240
f 945//1241 946//1241 943//1241
f 930//1242 929//1242 931//1242
f 949//1243 190//1243 181//1243
f 198//1244 190//1244 949//1244
f 950//1245 205//1245 207//1245
f 178//1246 194//1246 179//1246
f 194//1247 186//1247 179//1247
f 206//1248 951//1248 170//1248
f 952//1249 170//1249 951//1249
f 953//1250 192//1250 184//1250
f 234//1251 207//1251 211//1251
f 950//1252 200//1252 205//1252
f 191//1253 193//1253 200//1253
f 170//1254 952//1254 171//1254
f 954//1255 182//1255 191//1255
f 955//1256 956//1256 957//1256
f 958//1257 959//1257 957//1257
f 960//1258 961//1258 962//1258
f 963//1259 964//1259 958//1259
f 965//1260 961//1260 966//1260
f 967//1261 968//1261 963//1261
f 969//1262 970//1262 971//1262
f 965//1263 970//1263 972//1263
f 973//1264 974//1264 975//1264
f 976//1265 977//1265 978//1265
f 975//1266 979//1266 980//1266
f 974//1267 977//1267 976//1267
f 980//1268 979//1268 981//1268
f 978//1269 977//1269 973//1269
f 982//1270 983//1270 984//1270
f 955//1271 957//1271 959//1271
f 974//1272 973//1272 977//1272
f 958//1273 985//1273 959//1273
f 964//1274 985//1274 958//1274
f 964//1275 986//1275 985//1275
f 963//1276 986//1276 964//1276
f 974//1277 979//1277 975//1277
f 963//1278 968//1278 986//1278
f 987//1279 988//1279 967//1279
f 983//1280 989//1280 990//1280
f 982//1281 991//1281 987//1281
f 982//1282 984//1282 991//1282
f 984//1283 983//1283 992//1283
f 992//1284 983//1284 990//1284
f 993//1285 989//1285 994//1285
f 990//1286 989//1286 993//1286
f 995//1287 996//1287 997//1287
f 998//1288 981//1288 979//1288
f 999//1289 1000//1289 997//1289
f 962//1290 1000//1290 999//1290
f 961//1291 1000//1291 962//1291
f 994//1292 995//1292 993//1292
f 966//1293 961//1293 960//1293
f 971//1294 965//1294 966//1294
f 970//1295 965//1295 971//1295
f 981//1296 998//1296 1001//1296
f 994//1297 996//1297 995//1297
f 1001//1298 998//1298 956//1298
f 967//1279 988//1279 968//1279
f 987//1299 991//1299 988//1299
f 995//1300 997//1300 1000//1300
f 1001//1301 956//1301 955//1301
f 1002//1302 1003//1302 1004//1302
f 1005//1303 1006//1303 1002//1303
f 1006//1304 1003//1304 1002//1304
f 1007//1305 1006//1305 1005//1305
f 1007//1306 1008//1306 1006//1306
f 1006//1307 1008//1307 1009//1307
f 1007//1308 1010//1308 1008//1308
f 972//1309 1010//1309 1007//1309
f 972//1310 1011//1310 1010//1310
f 970//1311 969//1311 972//1311
f 972//1312 969//1312 1011//1312
f 1006//1313 1012//1313 1003//1313
f 1009//1314 1012//1314 1006//1314
f 1013//1315 1014//1315 1015//1315
f 1016//1316 1014//1316 1017//1316
f 1018//1317 1019//1317 1020//1317
f 1013//1318 1021//1318 1022//1318
f 1004//1319 1023//1319 1002//1319
f 1014//1320 1016//1320 1015//1320
f 1013//1321 1015//1321 1021//1321
f 1023//1322 1018//1322 1002//1322
f 1023//1323 1019//1323 1018//1323
f 1019//1324 1022//1324 1020//1324
f 1020//1325 1022//1325 1021//1325
f 1024//1326 1025//1326 1026//1326
f 1017//1327 1025//1327 1024//1327
f 1027//1328 1028//1328 1029//1328
f 1014//1329 1025//1329 1017//1329
f 1030//1330 1031//1330 1032//1330
f 1033//1331 1030//1331 1034//1331
f 1033//1332 1034//1332 1028//1332
f 1034//1333 1029//1333 1028//1333
f 1032//1334 1031//1334 1035//1334
f 1033//1335 1036//1335 1037//1335
f 1028//1336 1027//1336 1038//1336
f 1029//1337 1039//1337 1027//1337
f 1039//1338 1040//1338 1027//1338
f 1031//1339 1041//1339 1035//1339
f 1041//1340 1042//1340 1043//1340
f 1031//1341 1042//1341 1041//1341
f 1031//1342 1044//1342 1042//1342
f 1031//1343 1037//1343 1044//1343
f 1030//1344 1037//1344 1031//1344
f 1039//1345 1024//1345 1040//1345
f 1044//1346 1037//1346 1036//1346
f 1024//1347 1026//1347 1040//1347
f 1033//1348 1037//1348 1030//1348
f 1040//1349 1026//1349 1045//1349
f 1028//1350 1038//1350 1033//1350
f 1033//1351 1038//1351 1036//1351
f 1046//1352 1047//1352 1048//1352
f 1046//1353 1049//1353 1050//1353
f 1051//1354 1052//1354 1053//1354
f 1054//1355 1055//1355 1056//1355
f 1057//1356 1058//1356 1059//1356
f 1060//1357 1061//1357 1062//1357
f 1063//1358 1064//1358 1065//1358
f 1066//1359 1061//1359 1060//1359
f 1067//1360 1068//1360 1057//1360
f 1060//1361 1069//1361 1070//1361
f 1062//1362 1071//1362 1060//1362
f 1072//1363 1073//1363 1069//1363
f 1060//1364 1070//1364 1066//1364
f 1073//1365 1074//1365 1070//1365
f 1060//1366 1071//1366 1069//1366
f 1075//1367 1076//1367 1073//1367
f 1073//1368 1076//1368 1074//1368
f 1073//1369 1070//1369 1069//1369
f 1076//1370 1077//1370 1074//1370
f 1078//1371 1079//1371 1076//1371
f 1076//1372 1079//1372 1077//1372
f 1077//1373 1079//1373 1080//1373
f 1081//1374 1082//1374 1079//1374
f 1082//1375 1080//1375 1079//1375
f 1082//1376 1083//1376 1080//1376
f 1049//1377 1084//1377 1050//1377
f 1085//1378 1086//1378 1084//1378
f 1084//1379 1086//1379 1050//1379
f 1064//1380 1063//1380 1082//1380
f 1082//1381 1063//1381 1083//1381
f 1083//1382 1063//1382 1087//1382
f 1065//1383 1088//1383 1063//1383
f 1063//1384 1088//1384 1087//1384
f 1088//1385 1089//1385 1087//1385
f 1090//1386 1091//1386 1092//1386
f 1091//1387 1093//1387 1092//1387
f 1094//1388 1095//1388 1088//1388
f 1095//1389 1096//1389 1088//1389
f 1088//1390 1096//1390 1089//1390
f 1091//1391 1097//1391 1098//1391
f 1099//1392 1100//1392 1095//1392
f 1095//1393 1100//1393 1096//1393
f 1100//1394 1101//1394 1096//1394
f 1102//1395 1103//1395 1104//1395
f 1097//1396 1051//1396 1053//1396
f 1105//1397 1106//1397 1100//1397
f 1100//1398 1107//1398 1101//1398
f 1106//1399 1107//1399 1100//1399
f 1048//1400 1108//1400 1109//1400
f 1110//1401 1052//1401 1051//1401
f 1111//1402 1112//1402 1106//1402
f 1112//1403 1113//1403 1106//1403
f 1106//1404 1113//1404 1107//1404
f 1048//1405 1049//1405 1046//1405
f 1092//1406 1114//1406 1035//1406
f 1115//1407 1116//1407 1110//1407
f 1117//1408 1103//1408 1112//1408
f 1112//1409 1103//1409 1113//1409
f 1103//1410 1102//1410 1113//1410
f 1091//1411 1098//1411 1093//1411
f 1097//1412 1053//1412 1098//1412
f 1115//1413 1118//1413 1119//1413
f 1102//1414 1120//1414 1121//1414
f 1115//1415 1119//1415 1116//1415
f 1118//1416 1054//1416 1056//1416
f 1121//1417 1047//1417 1046//1417
f 1118//1418 1056//1418 1119//1418
f 1122//1419 1055//1419 1054//1419
f 1055//1420 1122//1420 1123//1420
f 1085//1421 1084//1421 1124//1421
f 1035//1422 1114//1422 1032//1422
f 1035//1423 1090//1423 1092//1423
f 1123//1424 1125//1424 1126//1424
f 1032//1425 1092//1425 1093//1425
f 1114//1426 1092//1426 1032//1426
f 1126//1427 1127//1427 1128//1427
f 1122//1428 1125//1428 1123//1428
f 1129//1429 1130//1429 1128//1429
f 1058//1430 1131//1430 1130//1430
f 1057//1431 1131//1431 1058//1431
f 1097//1432 1132//1432 1051//1432
f 1068//1433 1133//1433 1131//1433
f 1134//1434 1127//1434 1125//1434
f 1132//1435 1110//1435 1051//1435
f 1125//1436 1127//1436 1126//1436
f 1061//1437 1066//1437 1133//1437
f 1052//1438 1110//1438 1116//1438
f 1071//1439 1072//1439 1069//1439
f 1110//1440 1132//1440 1115//1440
f 1073//1441 1072//1441 1075//1441
f 1078//1442 1076//1442 1075//1442
f 1129//1443 1128//1443 1127//1443
f 1079//1444 1078//1444 1081//1444
f 1064//1445 1082//1445 1081//1445
f 1059//1446 1058//1446 1129//1446
f 1129//1447 1058//1447 1130//1447
f 1088//1448 1065//1448 1094//1448
f 1054//1449 1135//1449 1122//1449
f 1095//1450 1094//1450 1099//1450
f 1100//1451 1099//1451 1105//1451
f 1122//1452 1135//1452 1125//1452
f 1125//1453 1135//1453 1136//1453
f 1059//1454 1067//1454 1057//1454
f 1111//1455 1106//1455 1105//1455
f 1068//1456 1131//1456 1057//1456
f 1112//1457 1111//1457 1117//1457
f 1104//1458 1103//1458 1117//1458
f 1125//1459 1136//1459 1134//1459
f 1102//1460 1104//1460 1120//1460
f 1109//1461 1120//1461 1104//1461
f 1133//1462 1068//1462 1061//1462
f 1134//1463 1129//1463 1127//1463
f 1067//1464 1062//1464 1068//1464
f 1109//1465 1121//1465 1120//1465
f 1108//1466 1121//1466 1109//1466
f 1121//1467 1108//1467 1047//1467
f 1062//1468 1061//1468 1068//1468
f 1048//1469 1047//1469 1108//1469
f 1137//1470 1138//1470 1139//1470
f 1139//1471 1138//1471 1140//1471
f 1138//1472 1141//1472 1140//1472
f 1086//1473 1142//1473 1137//1473
f 1137//1474 1142//1474 1138//1474
f 1138//1475 1142//1475 1141//1475
f 1141//1476 1142//1476 1124//1476
f 1143//1477 1144//1477 1145//1477
f 1146//1478 1144//1478 1143//1478
f 1086//1479 1085//1479 1142//1479
f 1085//1480 1124//1480 1142//1480
f 1147//1481 1143//1481 1145//1481
f 1146//1482 1148//1482 1144//1482
f 1149//1483 1148//1483 1146//1483
f 1150//1484 1139//1484 1140//1484
f 1149//1485 1151//1485 1148//1485
f 1152//1486 1139//1486 1149//1486
f 1149//1487 1150//1487 1151//1487
f 1139//1488 1150//1488 1149//1488
f 1137//1489 1139//1489 1152//1489
f 1147//1490 1153//1490 1143//1490
f 1154//1491 1153//1491 1147//1491
f 1155//1492 1154//1492 1156//1492
f 1156//1493 1157//1493 1155//1493
f 1157//1494 1158//1494 1155//1494
f 1159//1495 1160//1495 1157//1495
f 1160//1496 1161//1496 1157//1496
f 1157//1497 1161//1497 1158//1497
f 1153//1498 1154//1498 1162//1498
f 1155//1499 1162//1499 1154//1499
f 978//1500 1163//1500 1164//1500
f 1164//1501 976//1501 978//1501
f 1163//1502 1165//1502 1164//1502
f 1166//1503 1165//1503 1163//1503
f 1166//1504 1167//1504 1165//1504
f 1166//1505 1168//1505 1167//1505
f 1166//1506 1169//1506 1168//1506
f 1168//1507 1169//1507 1170//1507
f 1169//1508 1171//1508 1170//1508
f 1169//1509 1172//1509 1171//1509
f 1160//1510 1172//1510 1169//1510
f 1169//1511 1161//1511 1160//1511
f 1160//1512 1159//1512 1172//1512
f 419//1513 1173//1513 420//1513
f 419//1514 1174//1514 1173//1514
f 419//1515 1175//1515 1174//1515
f 1176//1516 1177//1516 1178//1516
f 1179//1517 1180//1517 1181//1517
f 1175//1518 1182//1518 1183//1518
f 1184//1519 279//1519 1179//1519
f 1185//1520 1186//1520 1187//1520
f 698//1521 701//1521 1188//1521
f 1178//1522 1189//1522 1190//1522
f 696//1523 1181//1523 1188//1523
f 1173//1524 416//1524 420//1524
f 1191//1525 1192//1525 1182//1525
f 696//1526 1188//1526 701//1526
f 1176//1527 686//1527 698//1527
f 251//1528 180//1528 242//1528
f 426//1529 1175//1529 419//1529
f 1193//1530 1185//1530 1187//1530
f 416//1531 1173//1531 393//1531
f 694//1532 1181//1532 696//1532
f 1194//1533 1178//1533 1190//1533
f 1195//1534 1193//1534 1187//1534
f 527//1535 172//1535 520//1535
f 527//1536 520//1536 524//1536
f 1196//1537 559//1537 1191//1537
f 1196//1538 557//1538 559//1538
f 1176//1539 662//1539 690//1539
f 1176//1540 690//1540 686//1540
f 1175//1541 426//1541 423//1541
f 1197//1542 1191//1542 1182//1542
f 465//1543 1181//1543 694//1543
f 394//1544 393//1544 1173//1544
f 465//1545 1179//1545 1181//1545
f 394//1546 1173//1546 1185//1546
f 1179//1547 465//1547 464//1547
f 1197//1548 1182//1548 1175//1548
f 1193//1549 1195//1549 1198//1549
f 663//1550 662//1550 1176//1550
f 1194//1551 1190//1551 1199//1551
f 1200//1552 276//1552 1184//1552
f 1196//1553 555//1553 557//1553
f 1175//1554 423//1554 444//1554
f 1200//1555 262//1555 276//1555
f 185//1556 180//1556 251//1556
f 683//1557 663//1557 1176//1557
f 683//1558 1176//1558 1178//1558
f 1197//1559 1175//1559 444//1559
f 263//1560 262//1560 1201//1560
f 400//1561 394//1561 1185//1561
f 1202//1562 1191//1562 1197//1562
f 1202//1563 1196//1563 1191//1563
f 1179//1564 464//1564 467//1564
f 527//1565 173//1565 172//1565
f 1201//1566 262//1566 1200//1566
f 1196//1567 552//1567 555//1567
f 1203//1568 1193//1568 1198//1568
f 400//1569 1185//1569 1193//1569
f 1201//1570 266//1570 263//1570
f 1204//1571 1194//1571 1199//1571
f 1197//1572 444//1572 445//1572
f 1196//1573 547//1573 552//1573
f 541//1574 173//1574 527//1574
f 1205//1575 547//1575 1196//1575
f 1201//1576 251//1576 266//1576
f 389//1577 406//1577 409//1577
f 389//1578 400//1578 1193//1578
f 389//1579 1193//1579 406//1579
f 1197//1580 445//1580 432//1580
f 1206//1581 1203//1581 1207//1581
f 1206//1582 1207//1582 1208//1582
f 682//1583 683//1583 1178//1583
f 406//1584 1193//1584 1203//1584
f 1205//1585 545//1585 547//1585
f 1206//1586 1208//1586 1209//1586
f 404//1587 406//1587 1203//1587
f 1201//1588 185//1588 251//1588
f 1194//1589 682//1589 1178//1589
f 550//1590 545//1590 1205//1590
f 1210//1591 1194//1591 1204//1591
f 469//1592 1184//1592 1179//1592
f 1202//1593 432//1593 434//1593
f 1202//1594 1197//1594 432//1594
f 1194//1595 650//1595 682//1595
f 398//1596 1203//1596 1206//1596
f 398//1597 404//1597 1203//1597
f 1201//1598 236//1598 185//1598
f 1211//1599 1204//1599 1212//1599
f 1213//1600 551//1600 550//1600
f 1206//1601 1209//1601 1214//1601
f 398//1602 1206//1602 385//1602
f 1200//1603 1184//1603 469//1603
f 1200//1604 469//1604 476//1604
f 1202//1605 434//1605 438//1605
f 1210//1606 641//1606 650//1606
f 1210//1607 650//1607 1194//1607
f 1213//1608 541//1608 551//1608
f 1206//1609 382//1609 378//1609
f 1200//1610 476//1610 477//1610
f 442//1611 1196//1611 1202//1611
f 378//1612 385//1612 1206//1612
f 541//1613 203//1613 173//1613
f 1206//1614 1214//1614 1215//1614
f 442//1615 1202//1615 438//1615
f 442//1616 438//1616 440//1616
f 1216//1617 1210//1617 1204//1617
f 1216//1618 1204//1618 1211//1618
f 442//1619 1205//1619 1196//1619
f 1213//1620 550//1620 1205//1620
f 1217//1621 1206//1621 1215//1621
f 1217//1622 1215//1622 1218//1622
f 642//1623 641//1623 1210//1623
f 1219//1624 1211//1624 1220//1624
f 1201//1625 1200//1625 477//1625
f 382//1626 1206//1626 356//1626
f 1221//1627 1219//1627 1220//1627
f 1217//1628 354//1628 356//1628
f 1217//1629 356//1629 1206//1629
f 1217//1630 1218//1630 1222//1630
f 203//1631 541//1631 1213//1631
f 670//1632 642//1632 1210//1632
f 670//1633 1210//1633 1216//1633
f 1217//1634 346//1634 354//1634
f 1223//1635 1221//1635 1224//1635
f 1223//1636 1219//1636 1221//1636
f 1223//1637 1224//1637 1225//1637
f 489//1638 1201//1638 477//1638
f 1217//1639 347//1639 346//1639
f 447//1640 1205//1640 442//1640
f 486//1641 1201//1641 489//1641
f 1223//1642 1225//1642 1226//1642
f 665//1643 670//1643 1216//1643
f 665//1644 1216//1644 1219//1644
f 1217//1645 373//1645 347//1645
f 1213//1646 1205//1646 447//1646
f 228//1647 235//1647 227//1647
f 1217//1648 1222//1648 1227//1648
f 230//1649 235//1649 228//1649
f 1213//1650 197//1650 203//1650
f 486//1651 236//1651 1201//1651
f 1217//1652 372//1652 373//1652
f 231//1653 235//1653 232//1653
f 1228//1654 1217//1654 1227//1654
f 1229//1655 1226//1655 1230//1655
f 1229//1656 1223//1656 1226//1656
f 1228//1657 1227//1657 1231//1657
f 237//1658 235//1658 231//1658
f 213//1659 237//1659 231//1659
f 481//1660 188//1660 236//1660
f 1213//1661 447//1661 446//1661
f 236//1662 486//1662 483//1662
f 1228//1663 366//1663 372//1663
f 1228//1664 372//1664 1217//1664
f 218//1665 233//1665 216//1665
f 234//1666 233//1666 218//1666
f 220//1667 234//1667 218//1667
f 656//1668 665//1668 1219//1668
f 221//1669 234//1669 220//1669
f 234//1670 221//1670 223//1670
f 1213//1671 195//1671 197//1671
f 207//1672 234//1672 223//1672
f 1228//1673 1232//1673 1233//1673
f 1228//1674 1231//1674 1232//1674
f 1229//1675 1230//1675 1234//1675
f 1235//1676 1236//1676 1237//1676
f 481//1677 236//1677 483//1677
f 457//1678 195//1678 1213//1678
f 457//1679 1213//1679 446//1679
f 1238//1680 1236//1680 1235//1680
f 639//1681 656//1681 1219//1681
f 639//1682 1219//1682 1223//1682
f 1239//1683 1229//1683 1234//1683
f 326//1684 845//1684 1236//1684
f 1239//1685 1234//1685 1240//1685
f 1228//1686 1233//1686 1241//1686
f 364//1687 366//1687 1228//1687
f 331//1688 1236//1688 1238//1688
f 1239//1689 1240//1689 1242//1689
f 1243//1690 1244//1690 1245//1690
f 1243//1691 1238//1691 1244//1691
f 353//1692 364//1692 1228//1692
f 449//1693 195//1693 457//1693
f 327//1694 326//1694 1236//1694
f 481//1695 175//1695 188//1695
f 351//1696 353//1696 1228//1696
f 449//1697 227//1697 195//1697
f 227//1698 235//1698 195//1698
f 232//1699 235//1699 230//1699
f 213//1700 174//1700 237//1700
f 213//1701 233//1701 174//1701
f 216//1702 233//1702 213//1702
f 1246//1703 331//1703 1238//1703
f 1246//1704 1238//1704 1243//1704
f 325//1705 331//1705 1246//1705
f 310//1706 1247//1706 1248//1706
f 310//1707 1246//1707 1247//1707
f 331//1708 327//1708 1236//1708
f 469//1709 1179//1709 467//1709
f 1219//1710 1216//1710 1211//1710
f 1249//1711 1239//1711 1242//1711
f 639//1712 1223//1712 1229//1712
f 639//1713 1229//1713 633//1713
f 484//1714 175//1714 481//1714
f 1229//1715 625//1715 633//1715
f 625//1716 1229//1716 1239//1716
f 501//1717 175//1717 484//1717
f 1246//1718 1243//1718 1247//1718
f 1248//1719 1247//1719 1250//1719
f 1251//1720 1239//1720 1249//1720
f 1246//1721 320//1721 325//1721
f 614//1722 625//1722 1239//1722
f 1252//1723 1249//1723 1253//1723
f 1246//1724 321//1724 320//1724
f 1254//1725 1248//1725 1255//1725
f 613//1726 614//1726 1239//1726
f 613//1727 1239//1727 1251//1727
f 311//1728 1246//1728 310//1728
f 499//1729 175//1729 501//1729
f 1251//1730 1249//1730 1252//1730
f 311//1731 321//1731 1246//1731
f 310//1732 1248//1732 1254//1732
f 607//1733 613//1733 1251//1733
f 1251//1734 634//1734 607//1734
f 304//1735 1254//1735 1256//1735
f 304//1736 310//1736 1254//1736
f 1251//1737 600//1737 634//1737
f 1257//1738 1258//1738 1259//1738
f 1257//1739 1252//1739 1258//1739
f 505//1740 175//1740 499//1740
f 615//1741 1251//1741 1252//1741
f 1251//1742 628//1742 600//1742
f 319//1743 304//1743 342//1743
f 319//1744 310//1744 304//1744
f 1260//1745 1257//1745 1259//1745
f 1261//1746 1262//1746 1263//1746
f 304//1747 1256//1747 1262//1747
f 175//1748 505//1748 507//1748
f 1257//1749 615//1749 1252//1749
f 1264//1750 1262//1750 1261//1750
f 615//1751 628//1751 1251//1751
f 1257//1752 1260//1752 1265//1752
f 1264//1753 304//1753 1262//1753
f 507//1754 176//1754 175//1754
f 340//1755 304//1755 1264//1755
f 1257//1756 1265//1756 1266//1756
f 1267//1757 1268//1757 1269//1757
f 1267//1758 1261//1758 1268//1758
f 340//1759 302//1759 304//1759
f 1270//1760 615//1760 1257//1760
f 615//1761 604//1761 586//1761
f 1271//1762 1257//1762 1266//1762
f 681//1763 615//1763 1270//1763
f 681//1764 604//1764 615//1764
f 289//1765 292//1765 340//1765
f 289//1766 340//1766 1264//1766
f 1272//1767 1261//1767 1267//1767
f 1272//1768 1264//1768 1261//1768
f 1270//1769 1257//1769 1271//1769
f 176//1770 507//1770 530//1770
f 530//1771 534//1771 176//1771
f 594//1772 681//1772 1270//1772
f 289//1773 1264//1773 287//1773
f 244//1774 202//1774 259//1774
f 669//1775 1271//1775 1273//1775
f 669//1776 1270//1776 1271//1776
f 534//1777 201//1777 176//1777
f 1274//1778 1275//1778 1276//1778
f 1274//1779 1273//1779 1275//1779
f 1272//1780 287//1780 1264//1780
f 677//1781 594//1781 1270//1781
f 1270//1782 673//1782 677//1782
f 244//1783 208//1783 202//1783
f 673//1784 1270//1784 669//1784
f 295//1785 287//1785 1272//1785
f 669//1786 1273//1786 1274//1786
f 669//1787 667//1787 673//1787
f 496//1788 536//1788 495//1788
f 496//1789 201//1789 534//1789
f 496//1790 534//1790 536//1790
f 1277//1791 669//1791 1274//1791
f 1278//1792 1272//1792 1267//1792
f 1278//1793 1267//1793 1279//1793
f 1277//1794 1274//1794 1280//1794
f 1277//1795 1280//1795 1281//1795
f 1277//1796 576//1796 577//1796
f 1277//1797 685//1797 669//1797
f 249//1798 208//1798 244//1798
f 1282//1799 295//1799 1272//1799
f 577//1800 685//1800 1277//1800
f 201//1801 496//1801 502//1801
f 1282//1802 283//1802 295//1802
f 1283//1803 576//1803 1277//1803
f 253//1804 208//1804 249//1804
f 1278//1805 1279//1805 1284//1805
f 1283//1806 571//1806 576//1806
f 571//1807 1283//1807 580//1807
f 1285//1808 1281//1808 1286//1808
f 512//1809 502//1809 533//1809
f 1287//1810 1288//1810 1289//1810
f 1287//1811 1284//1811 1288//1811
f 1290//1812 1277//1812 1281//1812
f 1282//1813 1272//1813 1278//1813
f 201//1814 502//1814 512//1814
f 253//1815 210//1815 208//1815
f 1290//1816 1283//1816 1277//1816
f 512//1817 196//1817 201//1817
f 582//1818 580//1818 1283//1818
f 1290//1819 1281//1819 1285//1819
f 1180//1820 283//1820 1282//1820
f 1291//1821 1285//1821 1292//1821
f 1291//1822 1292//1822 1293//1822
f 1287//1823 1278//1823 1284//1823
f 1294//1824 1283//1824 1290//1824
f 1181//1825 1282//1825 1278//1825
f 512//1826 187//1826 196//1826
f 1177//1827 1289//1827 1295//1827
f 1177//1828 1287//1828 1289//1828
f 563//1829 582//1829 1283//1829
f 1296//1830 1285//1830 1291//1830
f 1296//1831 1290//1831 1285//1831
f 253//1832 177//1832 210//1832
f 1180//1833 273//1833 283//1833
f 1297//1834 1291//1834 1293//1834
f 514//1835 187//1835 512//1835
f 1294//1836 563//1836 1283//1836
f 1180//1837 1282//1837 1181//1837
f 1181//1838 1278//1838 1287//1838
f 1297//1839 1298//1839 1299//1839
f 1296//1840 1294//1840 1290//1840
f 253//1841 240//1841 177//1841
f 1192//1842 563//1842 1294//1842
f 1183//1843 1294//1843 1296//1843
f 1188//1844 1287//1844 1177//1844
f 1174//1845 1291//1845 1297//1845
f 1300//1846 1177//1846 1295//1846
f 1183//1847 1296//1847 1291//1847
f 1173//1848 1297//1848 1299//1848
f 1192//1849 566//1849 563//1849
f 279//1850 273//1850 1180//1850
f 279//1851 274//1851 273//1851
f 1188//1852 1181//1852 1287//1852
f 1301//1853 1173//1853 1299//1853
f 520//1854 187//1854 514//1854
f 1179//1855 279//1855 1180//1855
f 1174//1856 1183//1856 1291//1856
f 1184//1857 278//1857 279//1857
f 1192//1858 561//1858 566//1858
f 239//1859 180//1859 177//1859
f 239//1860 177//1860 240//1860
f 1182//1861 1192//1861 1294//1861
f 1182//1862 1294//1862 1183//1862
f 1173//1863 1301//1863 1302//1863
f 1175//1864 1183//1864 1174//1864
f 1173//1865 1174//1865 1297//1865
f 1189//1866 1178//1866 1300//1866
f 1178//1867 1177//1867 1300//1867
f 520//1868 172//1868 187//1868
f 1185//1869 1173//1869 1302//1869
f 1185//1870 1302//1870 1186//1870
f 1176//1871 1188//1871 1177//1871
f 1191//1872 561//1872 1192//1872
f 242//1873 180//1873 239//1873
f 276//1874 278//1874 1184//1874
f 698//1875 1188//1875 1176//1875
f 1191//1876 559//1876 561//1876
f 1303//1877 1304//1877 1020//1877
f 1305//1878 886//1878 906//1878
f 910//1879 1305//1879 906//1879
f 1306//1880 755//1880 754//1880
f 1307//1881 1096//1881 1101//1881
f 1307//1882 1308//1882 1309//1882
f 1310//1883 1311//1883 1312//1883
f 1310//1884 1313//1884 1311//1884
f 1306//1885 750//1885 755//1885
f 1314//1886 1306//1886 1313//1886
f 1307//1887 1309//1887 1315//1887
f 1307//1888 1089//1888 1096//1888
f 1316//1889 181//1889 182//1889
f 1307//1890 1087//1890 1089//1890
f 1317//1891 1315//1891 1318//1891
f 1317//1892 1307//1892 1315//1892
f 1307//1893 1083//1893 1087//1893
f 1317//1894 1318//1894 1319//1894
f 1317//1895 1080//1895 1083//1895
f 1317//1896 1083//1896 1307//1896
f 1317//1897 1319//1897 1320//1897
f 1317//1898 1320//1898 1321//1898
f 1314//1899 1313//1899 1310//1899
f 1317//1900 1077//1900 1080//1900
f 1166//1901 949//1901 181//1901
f 720//1902 207//1902 223//1902
f 1322//1903 1321//1903 1323//1903
f 1322//1904 1317//1904 1321//1904
f 1322//1905 1077//1905 1317//1905
f 1322//1906 1074//1906 1077//1906
f 1324//1907 750//1907 1306//1907
f 1322//1908 1323//1908 1325//1908
f 1322//1909 1070//1909 1074//1909
f 1322//1910 1325//1910 1326//1910
f 1324//1911 1306//1911 1314//1911
f 207//1912 720//1912 722//1912
f 1322//1913 1066//1913 1070//1913
f 1322//1914 1326//1914 1327//1914
f 1322//1915 1133//1915 1066//1915
f 1328//1916 1322//1916 1327//1916
f 1328//1917 1327//1917 1329//1917
f 1322//1918 1131//1918 1133//1918
f 950//1919 722//1919 721//1919
f 950//1920 207//1920 722//1920
f 1328//1921 1329//1921 1330//1921
f 1328//1922 1131//1922 1322//1922
f 1328//1923 1130//1923 1131//1923
f 1324//1924 753//1924 750//1924
f 1328//1925 1330//1925 1331//1925
f 950//1926 721//1926 715//1926
f 1328//1927 1128//1927 1130//1927
f 1332//1928 1331//1928 1333//1928
f 1332//1929 1328//1929 1331//1929
f 1332//1930 1128//1930 1328//1930
f 1334//1931 753//1931 1324//1931
f 1332//1932 1126//1932 1128//1932
f 1332//1933 1333//1933 1335//1933
f 1332//1934 1123//1934 1126//1934
f 950//1935 715//1935 716//1935
f 1332//1936 1335//1936 1336//1936
f 1332//1937 1055//1937 1123//1937
f 1337//1938 1336//1938 1338//1938
f 1337//1939 1332//1939 1336//1939
f 1337//1940 1338//1940 1339//1940
f 950//1941 716//1941 717//1941
f 1332//1942 1056//1942 1055//1942
f 1337//1943 1339//1943 1340//1943
f 1334//1944 745//1944 753//1944
f 1337//1945 1056//1945 1332//1945
f 1337//1946 1119//1946 1056//1946
f 200//1947 717//1947 706//1947
f 200//1948 950//1948 717//1948
f 1337//1949 1340//1949 1341//1949
f 1337//1950 1116//1950 1119//1950
f 1337//1951 1341//1951 1342//1951
f 200//1952 706//1952 705//1952
f 1337//1953 1052//1953 1116//1953
f 1337//1954 1342//1954 1343//1954
f 191//1955 705//1955 709//1955
f 1337//1956 1053//1956 1052//1956
f 191//1957 200//1957 705//1957
f 1344//1958 1337//1958 1343//1958
f 1344//1959 1343//1959 1345//1959
f 1344//1960 1053//1960 1337//1960
f 1344//1961 1098//1961 1053//1961
f 1344//1962 1345//1962 1346//1962
f 1344//1963 1093//1963 1098//1963
f 1344//1964 1346//1964 1347//1964
f 1344//1965 1032//1965 1093//1965
f 1348//1966 1344//1966 1347//1966
f 1349//1967 1324//1967 1314//1967
f 1334//1968 746//1968 745//1968
f 1348//1969 1347//1969 1350//1969
f 1348//1970 1032//1970 1344//1970
f 1348//1971 1030//1971 1032//1971
f 1349//1972 1334//1972 1324//1972
f 1334//1973 736//1973 746//1973
f 1351//1974 736//1974 1334//1974
f 1352//1975 1348//1975 1353//1975
f 1351//1976 737//1976 736//1976
f 1354//1977 1334//1977 1349//1977
f 178//1978 995//1978 1000//1978
f 1351//1979 742//1979 737//1979
f 1354//1980 1351//1980 1334//1980
f 1355//1981 1356//1981 1357//1981
f 1355//1982 1357//1982 1358//1982
f 1359//1983 742//1983 1351//1983
f 712//1984 191//1984 709//1984
f 1359//1985 738//1985 742//1985
f 178//1986 1000//1986 961//1986
f 1359//1987 749//1987 738//1987
f 1360//1988 1359//1988 1351//1988
f 719//1989 954//1989 191//1989
f 719//1990 191//1990 712//1990
f 747//1991 749//1991 1359//1991
f 1355//1992 1361//1992 1362//1992
f 1363//1993 747//1993 1359//1993
f 1364//1994 1303//1994 1365//1994
f 1366//1995 1355//1995 1362//1995
f 1363//1996 733//1996 747//1996
f 949//1997 1166//1997 1163//1997
f 954//1998 719//1998 731//1998
f 1367//1999 1368//1999 1355//1999
f 978//2000 949//2000 1163//2000
f 1367//2001 1355//2001 1366//2001
f 1367//2002 881//2002 903//2002
f 949//2003 978//2003 973//2003
f 1363//2004 1359//2004 1360//2004
f 949//2005 973//2005 975//2005
f 980//2006 949//2006 975//2006
f 1305//2007 1303//2007 1364//2007
f 1369//2008 728//2008 733//2008
f 1370//2009 1371//2009 1372//2009
f 1370//2010 1366//2010 1371//2010
f 198//2011 980//2011 981//2011
f 954//2012 731//2012 726//2012
f 1367//2013 1366//2013 1370//2013
f 198//2014 949//2014 980//2014
f 1367//2015 850//2015 881//2015
f 1001//2016 198//2016 981//2016
f 1369//2017 726//2017 728//2017
f 1370//2018 1372//2018 1373//2018
f 955//2019 198//2019 1001//2019
f 954//2020 726//2020 1369//2020
f 1370//2021 847//2021 850//2021
f 1370//2022 850//2022 1367//2022
f 1370//2023 1373//2023 1374//2023
f 198//2024 955//2024 959//2024
f 1370//2025 860//2025 847//2025
f 1375//2026 733//2026 1363//2026
f 1370//2027 1374//2027 1376//2027
f 204//2028 959//2028 985//2028
f 204//2029 198//2029 959//2029
f 1370//2030 859//2030 860//2030
f 1370//2031 1376//2031 1377//2031
f 204//2032 985//2032 986//2032
f 204//2033 986//2033 968//2033
f 1370//2034 880//2034 859//2034
f 1378//2035 1018//2035 1304//2035
f 204//2036 968//2036 988//2036
f 991//2037 204//2037 988//2037
f 1379//2038 1370//2038 1377//2038
f 1379//2039 1377//2039 1380//2039
f 1007//2040 199//2040 972//2040
f 209//2041 991//2041 984//2041
f 1379//2042 1380//2042 1381//2042
f 209//2043 204//2043 991//2043
f 1379//2044 880//2044 1370//2044
f 1369//2045 733//2045 1375//2045
f 1379//2046 879//2046 880//2046
f 992//2047 209//2047 984//2047
f 1379//2048 1381//2048 1382//2048
f 990//2049 209//2049 992//2049
f 951//2050 199//2050 1007//2050
f 1379//2051 875//2051 879//2051
f 993//2052 209//2052 990//2052
f 1379//2053 1382//2053 1383//2053
f 1379//2054 876//2054 875//2054
f 1379//2055 1383//2055 1384//2055
f 995//2056 209//2056 993//2056
f 1379//2057 877//2057 876//2057
f 1379//2058 1384//2058 1385//2058
f 1316//2059 954//2059 1369//2059
f 178//2060 209//2060 995//2060
f 1386//2061 1379//2061 1385//2061
f 1386//2062 1385//2062 1387//2062
f 951//2063 911//2063 923//2063
f 1386//2064 877//2064 1379//2064
f 1386//2065 869//2065 877//2065
f 951//2066 923//2066 920//2066
f 951//2067 920//2067 919//2067
f 1386//2068 864//2068 869//2068
f 194//2069 178//2069 961//2069
f 965//2070 194//2070 961//2070
f 1386//2071 1387//2071 1388//2071
f 1386//2072 855//2072 864//2072
f 1237//2073 1386//2073 1388//2073
f 1386//2074 1237//2074 1236//2074
f 845//2075 1386//2075 1236//2075
f 1316//2076 1369//2076 1375//2076
f 1389//2077 1310//2077 1390//2077
f 1316//2078 182//2078 954//2078
f 1389//2079 1390//2079 1391//2079
f 1389//2080 1392//2080 1314//2080
f 1389//2081 1314//2081 1310//2081
f 1389//2082 1391//2082 1393//2082
f 1310//2083 1394//2083 1395//2083
f 1310//2084 1312//2084 1394//2084
f 194//2085 965//2085 972//2085
f 1349//2086 1314//2086 1392//2086
f 1390//2087 1310//2087 1395//2087
f 1396//2088 1393//2088 1397//2088
f 1396//2089 1389//2089 1393//2089
f 199//2090 194//2090 972//2090
f 1349//2091 1392//2091 1398//2091
f 1396//2092 1397//2092 1399//2092
f 1396//2093 1399//2093 1400//2093
f 1392//2094 1389//2094 1396//2094
f 1354//2095 1349//2095 1398//2095
f 1351//2096 1354//2096 1401//2096
f 1392//2097 1396//2097 1137//2097
f 1392//2098 1137//2098 1152//2098
f 1392//2099 1152//2099 1149//2099
f 952//2100 919//2100 927//2100
f 952//2101 951//2101 919//2101
f 1398//2102 1149//2102 1146//2102
f 1398//2103 1392//2103 1149//2103
f 1351//2104 1401//2104 1360//2104
f 928//2105 952//2105 927//2105
f 1398//2106 1146//2106 1143//2106
f 1401//2107 1143//2107 1153//2107
f 1401//2108 1398//2108 1143//2108
f 930//2109 952//2109 928//2109
f 1153//2110 1162//2110 1401//2110
f 1360//2111 1162//2111 1155//2111
f 1360//2112 1155//2112 1363//2112
f 932//2113 952//2113 930//2113
f 171//2114 952//2114 932//2114
f 948//2115 171//2115 932//2115
f 184//2116 171//2116 948//2116
f 935//2117 184//2117 948//2117
f 184//2118 935//2118 938//2118
f 1400//2119 1399//2119 1402//2119
f 953//2120 184//2120 938//2120
f 941//2121 953//2121 938//2121
f 953//2122 941//2122 942//2122
f 953//2123 942//2123 946//2123
f 192//2124 953//2124 946//2124
f 192//2125 946//2125 944//2125
f 202//2126 944//2126 259//2126
f 202//2127 192//2127 944//2127
f 1403//2128 1228//2128 1241//2128
f 1404//2129 1228//2129 1403//2129
f 1161//2130 1363//2130 1158//2130
f 1375//2131 1363//2131 1161//2131
f 814//2132 351//2132 1228//2132
f 1404//2133 810//2133 812//2133
f 1400//2134 1402//2134 1405//2134
f 812//2135 1228//2135 1404//2135
f 812//2136 814//2136 1228//2136
f 1404//2137 830//2137 810//2137
f 1404//2138 1403//2138 1406//2138
f 1404//2139 829//2139 830//2139
f 1407//2140 1404//2140 1406//2140
f 1166//2141 1316//2141 1375//2141
f 1375//2142 1161//2142 1169//2142
f 1407//2143 1406//2143 1408//2143
f 1396//2144 1086//2144 1137//2144
f 834//2145 1404//2145 1407//2145
f 1400//2146 1405//2146 1409//2146
f 834//2147 829//2147 1404//2147
f 1407//2148 823//2148 834//2148
f 1375//2149 1169//2149 1166//2149
f 1407//2150 815//2150 823//2150
f 1410//2151 1407//2151 1411//2151
f 1166//2152 181//2152 1316//2152
f 1410//2153 815//2153 1407//2153
f 1350//2154 1353//2154 1348//2154
f 1352//2155 1030//2155 1348//2155
f 1352//2156 1034//2156 1030//2156
f 1352//2157 1029//2157 1034//2157
f 1410//2158 1411//2158 1412//2158
f 1413//2159 1353//2159 1414//2159
f 798//2160 815//2160 1410//2160
f 1400//2161 1086//2161 1396//2161
f 1410//2162 1412//2162 1415//2162
f 799//2163 798//2163 1410//2163
f 1401//2164 1354//2164 1398//2164
f 1416//2165 1410//2165 1415//2165
f 1352//2166 1039//2166 1029//2166
f 1417//2167 1413//2167 1418//2167
f 802//2168 1410//2168 806//2168
f 802//2169 799//2169 1410//2169
f 1417//2170 1418//2170 1419//2170
f 791//2171 1410//2171 1416//2171
f 791//2172 806//2172 1410//2172
f 1417//2173 1356//2173 1355//2173
f 1417//2174 1419//2174 1356//2174
f 790//2175 791//2175 1416//2175
f 1417//2176 1368//2176 1353//2176
f 1420//2177 1416//2177 1421//2177
f 1365//2178 1352//2178 1353//2178
f 1400//2179 1050//2179 1086//2179
f 1422//2180 1409//2180 1423//2180
f 1422//2181 1400//2181 1409//2181
f 775//2182 1416//2182 1420//2182
f 775//2183 790//2183 1416//2183
f 1365//2184 1017//2184 1024//2184
f 1422//2185 1050//2185 1400//2185
f 1303//2186 1017//2186 1365//2186
f 1424//2187 1420//2187 1425//2187
f 1355//2188 1358//2188 1361//2188
f 1422//2189 1423//2189 1426//2189
f 1424//2190 1425//2190 1427//2190
f 1303//2191 1016//2191 1017//2191
f 1424//2192 775//2192 1420//2192
f 1422//2193 1046//2193 1050//2193
f 1368//2194 1364//2194 1365//2194
f 1428//2195 1426//2195 1429//2195
f 1428//2196 1422//2196 1426//2196
f 1424//2197 773//2197 775//2197
f 1424//2198 795//2198 773//2198
f 1303//2199 1015//2199 1016//2199
f 1428//2200 1121//2200 1046//2200
f 1303//2201 1021//2201 1015//2201
f 1428//2202 1046//2202 1422//2202
f 1430//2203 1427//2203 1431//2203
f 1430//2204 1424//2204 1427//2204
f 1428//2205 1429//2205 1432//2205
f 1360//2206 1401//2206 1162//2206
f 1368//2207 897//2207 891//2207
f 1430//2208 1431//2208 1433//2208
f 1368//2209 1367//2209 903//2209
f 1368//2210 903//2210 897//2210
f 1303//2211 1020//2211 1021//2211
f 1428//2212 1102//2212 1121//2212
f 793//2213 795//2213 1424//2213
f 1364//2214 1368//2214 891//2214
f 1364//2215 891//2215 889//2215
f 1434//2216 1430//2216 1433//2216
f 1430//2217 793//2217 1424//2217
f 1363//2218 1155//2218 1158//2218
f 1430//2219 792//2219 793//2219
f 1364//2220 889//2220 886//2220
f 1430//2221 757//2221 792//2221
f 1428//2222 1113//2222 1102//2222
f 1305//2223 1364//2223 886//2223
f 1304//2224 1303//2224 1305//2224
f 1018//2225 1020//2225 1304//2225
f 1307//2226 1428//2226 1432//2226
f 1307//2227 1432//2227 1435//2227
f 1002//2228 1018//2228 1378//2228
f 1313//2229 1434//2229 1436//2229
f 754//2230 1430//2230 1434//2230
f 1428//2231 1107//2231 1113//2231
f 754//2232 757//2232 1430//2232
f 1307//2233 1435//2233 1437//2233
f 1378//2234 1007//2234 1005//2234
f 1378//2235 1005//2235 1002//2235
f 910//2236 1304//2236 1305//2236
f 1313//2237 1436//2237 1438//2237
f 758//2238 757//2238 754//2238
f 1378//2239 1304//2239 910//2239
f 1378//2240 910//2240 911//2240
f 1378//2241 951//2241 1007//2241
f 1306//2242 754//2242 1434//2242
f 1306//2243 1434//2243 1313//2243
f 1378//2244 911//2244 951//2244
f 951//2245 206//2245 199//2245
f 1307//2246 1101//2246 1107//2246
f 1307//2247 1107//2247 1428//2247
f 1307//2248 1437//2248 1308//2248
f 1386//2249 845//2249 855//2249
f 1350//2250 1414//2250 1353//2250
f 1417//2251 1353//2251 1413//2251
f 1365//2252 1039//2252 1352//2252
f 1365//2253 1024//2253 1039//2253
f 1417//2254 1355//2254 1368//2254
f 1365//2255 1353//2255 1368//2255
f 1439//2256 1273//2256 1271//2256
f 1439//2257 1440//2257 1275//2257
f 1440//2258 1274//2258 1276//2258
f 1274//2259 1440//2259 1441//2259
f 1441//2260 1280//2260 1274//2260
f 1280//2261 1441//2261 1442//2261
f 1280//2262 1442//2262 1443//2262
f 1280//2263 1443//2263 1281//2263
f 1281//2264 1443//2264 1444//2264
f 1444//2265 1286//2265 1281//2265
f 1445//2266 1446//2266 1286//2266
f 1286//2267 1446//2267 1285//2267
f 1447//2268 1446//2268 1445//2268
f 1447//2269 1292//2269 1446//2269
f 1448//2270 1292//2270 1447//2270
f 1448//2271 1449//2271 1292//2271
f 1293//2272 1450//2272 1297//2272
f 1451//2273 1452//2273 1204//2273
f 1452//2274 1453//2274 1204//2274
f 1454//2275 1455//2275 1299//2275
f 1456//2276 1457//2276 1220//2276
f 1457//2277 1221//2277 1220//2277
f 1455//2278 1301//2278 1299//2278
f 1455//2279 1458//2279 1302//2279
f 1458//2280 1186//2280 1302//2280
f 1458//2281 1187//2281 1186//2281
f 1458//2282 1459//2282 1187//2282
f 1459//2283 1195//2283 1187//2283
f 1459//2284 1460//2284 1195//2284
f 1195//2285 1460//2285 1198//2285
f 1461//2286 1214//2286 1209//2286
f 1462//2287 1214//2287 1461//2287
f 1463//2288 1198//2288 1460//2288
f 1463//2289 1203//2289 1198//2289
f 1464//2290 1203//2290 1463//2290
f 1464//2291 1207//2291 1203//2291
f 1465//2292 1466//2292 1467//2292
f 1466//2293 1465//2293 1237//2293
f 1468//2294 1209//2294 1208//2294
f 1461//2295 1209//2295 1468//2295
f 1465//2296 1235//2296 1237//2296
f 1462//2297 1469//2297 1214//2297
f 1470//2298 1235//2298 1465//2298
f 1215//2299 1469//2299 1218//2299
f 1470//2300 1238//2300 1235//2300
f 1471//2301 1238//2301 1470//2301
f 1470//2302 1472//2302 1471//2302
f 1222//2303 1218//2303 1473//2303
f 1238//2304 1471//2304 1244//2304
f 1473//2305 1474//2305 1222//2305
f 1474//2306 1227//2306 1222//2306
f 1472//2307 1475//2307 1471//2307
f 1471//2308 1245//2308 1244//2308
f 1475//2309 1245//2309 1471//2309
f 1474//2310 1231//2310 1227//2310
f 1475//2311 1476//2311 1245//2311
f 1477//2312 1231//2312 1474//2312
f 1476//2313 1478//2313 1245//2313
f 1477//2314 1232//2314 1231//2314
f 1476//2315 1479//2315 1478//2315
f 1480//2316 1232//2316 1477//2316
f 1480//2317 1233//2317 1232//2317
f 1479//2318 1481//2318 1482//2318
f 1480//2319 1483//2319 1233//2319
f 1466//2320 1237//2320 1467//2320
f 1254//2321 1484//2321 1256//2321
f 1485//2322 1256//2322 1484//2322
f 1243//2323 1245//2323 1478//2323
f 1479//2324 1243//2324 1478//2324
f 1486//2325 1262//2325 1256//2325
f 1487//2326 1262//2326 1486//2326
f 1487//2327 1263//2327 1262//2327
f 1488//2328 1489//2328 1481//2328
f 1481//2329 1489//2329 1250//2329
f 1490//2330 1261//2330 1263//2330
f 1250//2331 1489//2331 1248//2331
f 1489//2332 1488//2332 1248//2332
f 1491//2333 1268//2333 1261//2333
f 1492//2334 1254//2334 1255//2334
f 1491//2335 1493//2335 1268//2335
f 1254//2336 1494//2336 1484//2336
f 1269//2337 1268//2337 1493//2337
f 1494//2338 1485//2338 1484//2338
f 1486//2339 1256//2339 1485//2339
f 1263//2340 1487//2340 1490//2340
f 1491//2341 1261//2341 1490//2341
f 1495//2342 1496//2342 1267//2342
f 1491//2343 1497//2343 1493//2343
f 1267//2344 1496//2344 1279//2344
f 1493//2345 1498//2345 1269//2345
f 1269//2346 1498//2346 1495//2346
f 1495//2347 1267//2347 1269//2347
f 1495//2348 1499//2348 1496//2348
f 1279//2349 1500//2349 1501//2349
f 1279//2350 1501//2350 1284//2350
f 1284//2351 1501//2351 1502//2351
f 1503//2352 1284//2352 1502//2352
f 1504//2353 1284//2353 1503//2353
f 1505//2354 1504//2354 1503//2354
f 1288//2355 1504//2355 1505//2355
f 1284//2356 1504//2356 1288//2356
f 1288//2357 1505//2357 1506//2357
f 1507//2358 1289//2358 1506//2358
f 1508//2359 1289//2359 1507//2359
f 1289//2360 1288//2360 1506//2360
f 1509//2361 1295//2361 1508//2361
f 1510//2362 1295//2362 1509//2362
f 1511//2363 1300//2363 1510//2363
f 1507//2364 1506//2364 1505//2364
f 1512//2365 1300//2365 1511//2365
f 1513//2366 1189//2366 1512//2366
f 1514//2367 1190//2367 1515//2367
f 1295//2368 1289//2368 1508//2368
f 1453//2369 1212//2369 1204//2369
f 1510//2370 1300//2370 1295//2370
f 1452//2371 1212//2371 1453//2371
f 1452//2372 1211//2372 1212//2372
f 1452//2373 1516//2373 1211//2373
f 1224//2374 1517//2374 1225//2374
f 1512//2375 1189//2375 1300//2375
f 1226//2376 1518//2376 1230//2376
f 1240//2377 1519//2377 1242//2377
f 1242//2378 1519//2378 1520//2378
f 1521//2379 1249//2379 1520//2379
f 1513//2380 1190//2380 1189//2380
f 1515//2381 1190//2381 1513//2381
f 1522//2382 1190//2382 1514//2382
f 1522//2383 1199//2383 1190//2383
f 1439//2384 1275//2384 1273//2384
f 1275//2385 1440//2385 1276//2385
f 1444//2386 1445//2386 1286//2386
f 1516//2387 1220//2387 1211//2387
f 1456//2388 1220//2388 1516//2388
f 1523//2389 1450//2389 1293//2389
f 1457//2390 1224//2390 1221//2390
f 1457//2391 1517//2391 1224//2391
f 1299//2392 1450//2392 1454//2392
f 1298//2393 1450//2393 1299//2393
f 1301//2394 1455//2394 1302//2394
f 1517//2395 1524//2395 1225//2395
f 1524//2396 1226//2396 1225//2396
f 1524//2397 1518//2397 1226//2397
f 1525//2398 1464//2398 1463//2398
f 1525//2399 1208//2399 1464//2399
f 1468//2400 1208//2400 1525//2400
f 1464//2401 1208//2401 1207//2401
f 1518//2402 1234//2402 1230//2402
f 1234//2403 1518//2403 1526//2403
f 1469//2404 1215//2404 1214//2404
f 1526//2405 1240//2405 1234//2405
f 1526//2406 1519//2406 1240//2406
f 1520//2407 1249//2407 1242//2407
f 1479//2408 1482//2408 1243//2408
f 1243//2409 1482//2409 1247//2409
f 1481//2410 1247//2410 1482//2410
f 1481//2411 1250//2411 1247//2411
f 1521//2412 1253//2412 1249//2412
f 1248//2413 1488//2413 1255//2413
f 1492//2414 1255//2414 1488//2414
f 1527//2415 1253//2415 1521//2415
f 1494//2416 1254//2416 1492//2416
f 1527//2417 1252//2417 1253//2417
f 1527//2418 1528//2418 1252//2418
f 1279//2419 1496//2419 1500//2419
f 1500//2420 1496//2420 1499//2420
f 1502//2421 1501//2421 1500//2421
f 1529//2422 1502//2422 1500//2422
f 1529//2423 1503//2423 1502//2423
f 1528//2424 1258//2424 1252//2424
f 1528//2425 1530//2425 1258//2425
f 1451//2426 1199//2426 1522//2426
f 1199//2427 1451//2427 1204//2427
f 1530//2428 1531//2428 1258//2428
f 1531//2429 1259//2429 1258//2429
f 1285//2430 1446//2430 1292//2430
f 1292//2431 1449//2431 1293//2431
f 1449//2432 1523//2432 1293//2432
f 1448//2433 1523//2433 1449//2433
f 1531//2434 1532//2434 1259//2434
f 1241//2435 1233//2435 1483//2435
f 1523//2436 1448//2436 1450//2436
f 1450//2437 1298//2437 1297//2437
f 1450//2438 1448//2438 1454//2438
f 1532//2439 1260//2439 1259//2439
f 1532//2440 1533//2440 1260//2440
f 1533//2441 1265//2441 1260//2441
f 1533//2442 1534//2442 1265//2442
f 1534//2443 1266//2443 1265//2443
f 1534//2444 1535//2444 1266//2444
f 1535//2445 1271//2445 1266//2445
f 1535//2446 1439//2446 1271//2446
f 1343//2447 1342//2447 1536//2447
f 1345//2448 1343//2448 1537//2448
f 1538//2449 1345//2449 1537//2449
f 1346//2450 1345//2450 1538//2450
f 1539//2451 1540//2451 1371//2451
f 1541//2452 1347//2452 1538//2452
f 1538//2453 1347//2453 1346//2453
f 1542//2454 1347//2454 1541//2454
f 1540//2455 1543//2455 1372//2455
f 1413//2456 1544//2456 1545//2456
f 1545//2457 1418//2457 1413//2457
f 1543//2458 1546//2458 1373//2458
f 1547//2459 1419//2459 1548//2459
f 1548//2460 1419//2460 1549//2460
f 1419//2461 1547//2461 1356//2461
f 1356//2462 1547//2462 1550//2462
f 1357//2463 1551//2463 1358//2463
f 1546//2464 1552//2464 1374//2464
f 1358//2465 1551//2465 1553//2465
f 1358//2466 1554//2466 1555//2466
f 1553//2467 1554//2467 1358//2467
f 1374//2468 1552//2468 1376//2468
f 1543//2469 1373//2469 1372//2469
f 1552//2470 1556//2470 1376//2470
f 1556//2471 1377//2471 1376//2471
f 1383//2472 1557//2472 1384//2472
f 1558//2473 1557//2473 1383//2473
f 1384//2474 1557//2474 1559//2474
f 1560//2475 1561//2475 1556//2475
f 1556//2476 1561//2476 1377//2476
f 1559//2477 1562//2477 1384//2477
f 1562//2478 1385//2478 1384//2478
f 1377//2479 1561//2479 1380//2479
f 1563//2480 1385//2480 1562//2480
f 1564//2481 1563//2481 1562//2481
f 1565//2482 1561//2482 1560//2482
f 1380//2483 1561//2483 1565//2483
f 1564//2484 1566//2484 1563//2484
f 1563//2485 1566//2485 1387//2485
f 1566//2486 1567//2486 1387//2486
f 1568//2487 1567//2487 1569//2487
f 1467//2488 1570//2488 1571//2488
f 1560//2489 1572//2489 1565//2489
f 1381//2490 1565//2490 1572//2490
f 1380//2491 1565//2491 1381//2491
f 1483//2492 1573//2492 1241//2492
f 1241//2493 1573//2493 1403//2493
f 1311//2494 1574//2494 1312//2494
f 1572//2495 1382//2495 1381//2495
f 1575//2496 1312//2496 1574//2496
f 1576//2497 1572//2497 1577//2497
f 1576//2498 1382//2498 1572//2498
f 1394//2499 1312//2499 1575//2499
f 1578//2500 1579//2500 1580//2500
f 1580//2501 1411//2501 1407//2501
f 1579//2502 1411//2502 1580//2502
f 1581//2503 1575//2503 1582//2503
f 1558//2504 1576//2504 1577//2504
f 1383//2505 1576//2505 1558//2505
f 1559//2506 1557//2506 1558//2506
f 1387//2507 1568//2507 1388//2507
f 1569//2508 1388//2508 1568//2508
f 1237//2509 1388//2509 1570//2509
f 1237//2510 1570//2510 1467//2510
f 1583//2511 1423//2511 1584//2511
f 1585//2512 1423//2512 1583//2512
f 1586//2513 1403//2513 1573//2513
f 1584//2514 1423//2514 1409//2514
f 1587//2515 1403//2515 1586//2515
f 1585//2516 1588//2516 1426//2516
f 1588//2517 1429//2517 1426//2517
f 1589//2518 1590//2518 1406//2518
f 1406//2519 1590//2519 1408//2519
f 1590//2520 1580//2520 1408//2520
f 1408//2521 1580//2521 1407//2521
f 1591//2522 1320//2522 1592//2522
f 1592//2523 1320//2523 1319//2523
f 1593//2524 1415//2524 1412//2524
f 1594//2525 1415//2525 1593//2525
f 1594//2526 1595//2526 1415//2526
f 1415//2527 1595//2527 1416//2527
f 1596//2528 1595//2528 1594//2528
f 1595//2529 1596//2529 1416//2529
f 1596//2530 1421//2530 1416//2530
f 1597//2531 1598//2531 1421//2531
f 1599//2532 1350//2532 1542//2532
f 1542//2533 1350//2533 1347//2533
f 1600//2534 1601//2534 1425//2534
f 1431//2535 1602//2535 1433//2535
f 1599//2536 1603//2536 1350//2536
f 1603//2537 1414//2537 1350//2537
f 1434//2538 1604//2538 1436//2538
f 1436//2539 1604//2539 1438//2539
f 1550//2540 1551//2540 1356//2540
f 1605//2541 1606//2541 1438//2541
f 1551//2542 1357//2542 1356//2542
f 1311//2543 1313//2543 1606//2543
f 1575//2544 1581//2544 1395//2544
f 1581//2545 1390//2545 1395//2545
f 1581//2546 1607//2546 1390//2546
f 1608//2547 1609//2547 1397//2547
f 1399//2548 1610//2548 1402//2548
f 1611//2549 1405//2549 1612//2549
f 1406//2550 1403//2550 1587//2550
f 1584//2551 1409//2551 1611//2551
f 1587//2552 1589//2552 1406//2552
f 1423//2553 1585//2553 1426//2553
f 1578//2554 1613//2554 1579//2554
f 1579//2555 1593//2555 1412//2555
f 1613//2556 1593//2556 1579//2556
f 1614//2557 1429//2557 1588//2557
f 1614//2558 1615//2558 1432//2558
f 1615//2559 1616//2559 1435//2559
f 1617//2560 1618//2560 1315//2560
f 1420//2561 1598//2561 1425//2561
f 1619//2562 1318//2562 1315//2562
f 1600//2563 1425//2563 1598//2563
f 1619//2564 1319//2564 1318//2564
f 1619//2565 1592//2565 1319//2565
f 1591//2566 1321//2566 1320//2566
f 1601//2567 1427//2567 1425//2567
f 1620//2568 1591//2568 1621//2568
f 1601//2569 1431//2569 1427//2569
f 1602//2570 1431//2570 1601//2570
f 1620//2571 1325//2571 1323//2571
f 1622//2572 1623//2572 1325//2572
f 1602//2573 1434//2573 1433//2573
f 1623//2574 1624//2574 1327//2574
f 1602//2575 1604//2575 1434//2575
f 1624//2576 1625//2576 1329//2576
f 1605//2577 1438//2577 1604//2577
f 1626//2578 1330//2578 1627//2578
f 1628//2579 1331//2579 1626//2579
f 1629//2580 1333//2580 1628//2580
f 1607//2581 1581//2581 1582//2581
f 1630//2582 1336//2582 1631//2582
f 1630//2583 1338//2583 1336//2583
f 1607//2584 1632//2584 1390//2584
f 1630//2585 1339//2585 1338//2585
f 1632//2586 1391//2586 1390//2586
f 1632//2587 1633//2587 1391//2587
f 1633//2588 1393//2588 1391//2588
f 1608//2589 1634//2589 1633//2589
f 1633//2590 1634//2590 1393//2590
f 1635//2591 1342//2591 1341//2591
f 1397//2592 1609//2592 1399//2592
f 1536//2593 1342//2593 1635//2593
f 1610//2594 1399//2594 1609//2594
f 1612//2595 1402//2595 1610//2595
f 1537//2596 1343//2596 1536//2596
f 1583//2597 1584//2597 1611//2597
f 1603//2598 1544//2598 1414//2598
f 1545//2599 1544//2599 1603//2599
f 1544//2600 1413//2600 1414//2600
f 1548//2601 1418//2601 1545//2601
f 1618//2602 1619//2602 1315//2602
f 1358//2603 1555//2603 1361//2603
f 1371//2604 1540//2604 1372//2604
f 1622//2605 1620//2605 1621//2605
f 1373//2606 1546//2606 1374//2606
f 1625//2607 1627//2607 1329//2607
f 1576//2608 1383//2608 1382//2608
f 1385//2609 1563//2609 1387//2609
f 1567//2610 1566//2610 1564//2610
f 1567//2611 1568//2611 1387//2611
f 1636//2612 1339//2612 1630//2612
f 1569//2613 1571//2613 1388//2613
f 1388//2614 1571//2614 1570//2614
f 1579//2615 1412//2615 1411//2615
f 1597//2616 1421//2616 1596//2616
f 1421//2617 1598//2617 1420//2617
f 1313//2618 1438//2618 1606//2618
f 1574//2619 1311//2619 1606//2619
f 1395//2620 1394//2620 1575//2620
f 1393//2621 1634//2621 1397//2621
f 1634//2622 1608//2622 1397//2622
f 1405//2623 1402//2623 1612//2623
f 1405//2624 1611//2624 1409//2624
f 1432//2625 1429//2625 1614//2625
f 1435//2626 1432//2626 1615//2626
f 1637//2627 1435//2627 1616//2627
f 1437//2628 1435//2628 1637//2628
f 1548//2629 1549//2629 1418//2629
f 1638//2630 1437//2630 1637//2630
f 1308//2631 1437//2631 1638//2631
f 1617//2632 1308//2632 1638//2632
f 1549//2633 1419//2633 1418//2633
f 1308//2634 1617//2634 1309//2634
f 1315//2635 1309//2635 1617//2635
f 1620//2636 1321//2636 1591//2636
f 1323//2637 1321//2637 1620//2637
f 1325//2638 1620//2638 1622//2638
f 1326//2639 1325//2639 1623//2639
f 1623//2640 1327//2640 1326//2640
f 1329//2641 1327//2641 1624//2641
f 1330//2642 1329//2642 1627//2642
f 1554//2643 1639//2643 1555//2643
f 1639//2644 1361//2644 1555//2644
f 1331//2645 1330//2645 1626//2645
f 1333//2646 1331//2646 1628//2646
f 1335//2647 1333//2647 1629//2647
f 1639//2648 1362//2648 1361//2648
f 1639//2649 1640//2649 1362//2649
f 1631//2650 1335//2650 1629//2650
f 1336//2651 1335//2651 1631//2651
f 1641//2652 1640//2652 1639//2652
f 1362//2653 1640//2653 1366//2653
f 1339//2654 1636//2654 1340//2654
f 1641//2655 1539//2655 1640//2655
f 1340//2656 1636//2656 1642//2656
f 1642//2657 1643//2657 1340//2657
f 1340//2658 1643//2658 1341//2658
f 1640//2659 1539//2659 1366//2659
f 1635//2660 1341//2660 1643//2660
f 1366//2661 1539//2661 1371//2661