o obj1
v 0.014902 0.017465 0.106327
v 0.014418 0.017678 0.1068
v 0.014698 0.016313 0.106799
v 0.015173 0.016388 0.106335
v 0.020937 0.017678 0.1068
v 0.020437 0.018149 0.10633
v 0.020375 0.016916 0.106332
v 0.020658 0.016319 0.106799
v 0.019845 0.015917 0.10633
v 0.019723 0.015124 0.106799
v 0.019191 0.015339 0.106332
v 0.018186 0.014419 0.106799
v 0.01821 0.014912 0.106339
v 0.016902 0.014996 0.106331
v 0.016742 0.014552 0.1068
v 0.016053 0.015407 0.106329
v 0.015632 0.015125 0.106799
v 0.014902 -0.01789 0.106327
v 0.014418 -0.017678 0.1068
v 0.014698 -0.019042 0.106799
v 0.015173 -0.018967 0.106335
v 0.020454 -0.01789 0.106327
v 0.020657 -0.019042 0.106799
v 0.020937 -0.017678 0.1068
v 0.020182 -0.018967 0.106335
v 0.019723 -0.020231 0.106799
v 0.019302 -0.019948 0.106329
v 0.018314 -0.020902 0.106799
v 0.018454 -0.02036 0.106331
v 0.017178 -0.020445 0.106337
v 0.016742 -0.020803 0.1068
v 0.016053 -0.019948 0.106329
v 0.015632 -0.020231 0.106799
v -0.020454 -0.01789 0.106327
v -0.020937 -0.017678 0.1068
v -0.020657 -0.019042 0.106799
v -0.020182 -0.018967 0.106335
v -0.014902 -0.01789 0.106327
v -0.014698 -0.019042 0.106799
v -0.014418 -0.017678 0.1068
v -0.015173 -0.018967 0.106335
v -0.015632 -0.020231 0.106799
v -0.016053 -0.019948 0.106329
v -0.017041 -0.020902 0.106799
v -0.016902 -0.02036 0.106331
v -0.018177 -0.020445 0.106337
v -0.018614 -0.020803 0.1068
v -0.019302 -0.019948 0.106329
v -0.019723 -0.020231 0.106799
v -0.020454 0.017466 0.106327
v -0.020937 0.017678 0.1068
v -0.020657 0.016313 0.106799
v -0.020182 0.016388 0.106335
v -0.014902 0.017465 0.106327
v -0.014698 0.016313 0.106799
v -0.014418 0.017678 0.1068
v -0.015173 0.016388 0.106335
v -0.015632 0.015125 0.106799
v -0.016053 0.015407 0.106329
v -0.017041 0.014453 0.106799
v -0.016902 0.014996 0.106331
v -0.018177 0.014911 0.106337
v -0.018614 0.014552 0.1068
v -0.019302 0.015407 0.106329
v -0.019723 0.015124 0.106799
v 0.024357 0.012342 0.1068
v 0.02232 0.012597 0.1068
v 0.02276 0.012108 0.106293
v 0.024781 0.011657 0.1063
v 0.016839 0.008586 0.1068
v 0.016995 0.006962 0.106301
v 0.017237 0.008139 0.1063
v 0.016483 0.00676 0.1068
v 0.026131 0.011475 0.1068
v 0.026362 0.010648 0.1063
v 0.017813 0.009447 0.1063
v 0.027536 0.010089 0.1068
v 0.017808 0.010305 0.1068
v 0.027631 0.008999 0.106299
v 0.019055 0.010853 0.1063
v 0.028481 0.008169 0.1068
v 0.019275 0.011628 0.1068
v 0.020822 0.012329 0.1068
v 0.020702 0.011775 0.106297
v 0.016586 -0.005359 0.1068
v 0.017583 -0.003418 0.1063
v 0.017284 -0.002306 0.1068
v 0.01701 -0.005794 0.106297
v 0.017923 -0.000417 0.1063
v 0.017377 0.001215 0.1068
v 0.016488 -0.007023 0.1068
v -0.028922 0.003406 0.1063
v -0.029622 0.001034 0.1068
v -0.029109 0 0.1063
v -0.029049 0.005796 0.1068
v -0.028378 0.00646 0.1063
v -0.027757 0.008691 0.106295
v -0.028282 0.008688 0.1068
v 0.022752 0.01212 0.0973
v 0.02488 0.011614 0.0973
v 0.016977 0.005964 0.0973
v 0.017189 0.008046 0.0973
v 0.026631 0.01041 0.0973
v 0.017891 0.009547 0.0973
v 0.018972 0.010784 0.0973
v 0.02776 0.008685 0.0973
v 0.020598 0.011737 0.0973
v 0.017009 -0.007201 0.0973
v 0.01705 -0.005577 0.0973
v -0.017028 -0.005687 0.0973
v -0.017591 -0.003377 0.106303
v -0.017622 -0.003213 0.0973
v -0.017018 -0.005748 0.106297
v -0.017897 -0.000805 0.106297
v -0.017933 0 0.0973
v -0.029096 0.001016 0.0973
v -0.02874 0.004698 0.0973
v -0.027794 0.008631 0.0973
v 0.018637 0.038665 0.09758
v 0.021586 0.036511 0.097766
v 0.021939 0.036877 0.097598
v 0.01816 0.038234 0.097782
v 0.012653 0.042046 0.096417
v 0.012514 0.041857 0.096882
v 0.014105 0.041573 0.096443
v 0.014044 0.041351 0.09691
v 0.021298 0.038276 0.096687
v 0.023684 0.037052 0.096239
v 0.021416 0.038423 0.096116
v 0.042081 0.008374 0.097589
v 0.041256 0.009598 0.097776
v 0.041606 0.008104 0.097768
v 0.041777 0.009868 0.097577
v 0.042291 0.009571 0.097275
v 0.042683 0.007483 0.0973
v 0.02339 0.036705 0.097133
v 0.021092 0.037961 0.097223
v 0.01567 0.040784 0.096881
v 0.015517 0.041069 0.096433
v 0.041938 0.006189 0.097768
v 0.017306 0.040362 0.096407
v 0.042598 0.005366 0.097575
v 0.043033 0.005345 0.097273
v 0.025862 0.035342 0.096701
v 0.025605 0.035746 0.096188
v 0.025699 0.035096 0.097134
v 0.042192 0.003705 0.097779
v 0.043181 0.003628 0.0973
v 0.025488 0.034776 0.097466
v 0.018565 0.039535 0.096905
v 0.018964 0.039597 0.096433
v 0.025718 0.034012 0.097702
v 0.019031 0.039663 0.096031
v 0.025234 0.033891 0.097785
v -0.043258 0.006819 0.096711
v -0.043557 0.006053 0.09618
v -0.043538 0.004726 0.096701
v -0.043235 0.007997 0.0962
v -0.042814 0.009147 0.096728
v -0.028292 0.032256 0.097589
v -0.027398 0.032342 0.097768
v -0.026988 0.033392 0.097575
v -0.02587 0.033583 0.097768
v -0.025406 0.034556 0.097597
v 0.028009 0.032297 0.097656
v 0.02665 0.033838 0.097496
v -0.024032 0.034844 0.097782
v -0.024167 0.035472 0.09758
v 0.027595 0.03218 0.097767
v -0.015724 0.040872 0.096711
v -0.017617 0.04029 0.09619
v -0.017676 0.040067 0.096701
v -0.015599 0.041118 0.096164
v -0.013581 0.041794 0.096294
v -0.013051 0.042011 0.096064
v -0.013486 0.041652 0.096728
v 0.029652 0.030635 0.097703
v 0.028345 0.032465 0.097481
v 0.013789 0.04063 0.097589
v 0.01431 0.039898 0.097768
v 0.015425 0.040068 0.097575
v 0.028924 0.030785 0.097788
v 0.016149 0.039196 0.097768
v 0.017223 0.03928 0.097597
v 0.027535 0.034053 0.096711
v 0.027334 0.034407 0.096299
v 0.026838 0.034856 0.096064
v 0.028875 0.033188 0.096064
v 0.029329 0.032505 0.096728
v 0.029342 0.03271 0.096299
v 0.030795 0.031397 0.096161
v 0.030776 0.031147 0.096713
v 0.032756 0.029331 0.09626
v 0.03258 0.029083 0.096914
v 0.030551 0.030955 0.09714
v 0.042506 0.010092 0.096882
v 0.042833 0.008513 0.09691
v 0.042937 0.009174 0.096445
v 0.042355 0.006896 0.097585
v 0.033194 0.027876 0.097307
v 0.042753 0.003601 0.09759
v 0.030024 0.030929 0.097476
v 0.043155 0.006822 0.096881
v 0.043326 0.007096 0.096433
v 0.032852 0.027607 0.097598
v -0.043973 -0.000615 0.096232
v -0.043824 0.002076 0.096539
v -0.04395 0.002054 0.095992
v -0.043596 0.000413 0.097051
v 0.032438 0.027339 0.097764
v 0.043608 0.005193 0.096407
v -0.043249 5.5E-05 0.09738
v -0.042902 0.004399 0.097462
v -0.043755 0.004345 0.09619
v -0.042802 0.000155 0.097644
v 0.034284 0.027053 0.096914
v 0.034465 0.027303 0.09626
v 0.043521 0.00369 0.096905
v 0.043774 0.003375 0.096433
v -0.042423 0.004272 0.097702
v 0.043864 0.003358 0.096031
v -0.042251 0.003076 0.097779
v -0.043243 0.004708 0.097134
v 0.035563 0.022989 0.097785
v -0.04263 0.00616 0.097496
v -0.043047 0.006211 0.097139
v -0.042783 0.007736 0.097159
v -0.042288 0.008315 0.097481
v 0.035863 0.024923 0.096914
v 0.036049 0.025176 0.09626
v -0.041863 0.008111 0.097701
v 0.035574 0.024734 0.097307
v 0.036137 0.023155 0.097598
v -0.04249 0.009301 0.097137
v -0.041797 0.010537 0.097476
v -0.041357 0.010362 0.097703
v -0.042084 0.01098 0.09714
v 0.037483 0.022419 0.096914
v 0.037326 0.023249 0.096225
v 0.037183 0.022249 0.097307
v -0.029993 0.031766 0.096882
v -0.029435 0.03184 0.097275
v -0.028789 0.032838 0.09691
v -0.042362 0.011079 0.096713
v -0.04176 0.013762 0.09626
v -0.042466 0.011404 0.09619
v -0.041476 0.013674 0.096914
v -0.040739 0.014809 0.097307
v 0.03863 0.020838 0.096504
v 0.038659 0.021005 0.096014
v -0.027823 0.033223 0.0973
v -0.027485 0.033962 0.096881
v -0.040335 0.014647 0.097598
v -0.026145 0.034595 0.097273
v -0.026302 0.035168 0.096407
v -0.026329 0.034857 0.096891
v -0.0398 0.014457 0.097783
v -0.041107 0.009778 0.097786
v -0.024956 0.035845 0.096905
v 0.038923 0.019807 0.096914
v -0.024732 0.035582 0.0973
v -0.040571 0.016165 0.096914
v -0.040856 0.01625 0.09626
v 0.039208 0.018484 0.097307
v 0.039836 0.018649 0.096134
v 0.038809 0.018311 0.097598
v -0.01598 0.039998 0.097496
v -0.017374 0.039461 0.097466
v -0.016597 0.039279 0.097702
v 0.038371 0.018149 0.097759
v -0.016144 0.040385 0.097139
v -0.017545 0.039804 0.097134
v -0.014692 0.040919 0.097159
v 0.040046 0.013772 0.097786
v 0.040121 0.017442 0.096806
v -0.013943 0.04078 0.097481
v -0.039515 0.018596 0.096914
v -0.039804 0.018679 0.09626
v -0.013965 0.040405 0.097656
v -0.039207 0.018441 0.097307
v -0.038121 0.019718 0.097598
v -0.01319 0.041448 0.097137
v -0.011773 0.041466 0.097476
v 0.040889 0.016213 0.096134
v -0.037709 0.019447 0.097764
v -0.011705 0.040997 0.097703
v -0.011533 0.041936 0.09714
v -0.038275 0.021175 0.09682
v -0.038516 0.021242 0.096153
v 0.041105 0.014975 0.096806
v 0.012857 0.041411 0.097275
v -0.037859 0.021077 0.097307
v 0.041158 0.013599 0.097307
v 0.040741 0.013476 0.097598
v 0.041792 0.013718 0.096134
v 0.014861 0.040706 0.0973
v -0.034847 0.024042 0.097785
v 0.016887 0.03994 0.097273
v 0.017022 0.04023 0.096891
v -0.037454 0.02304 0.096244
v 0.041938 0.012454 0.096806
v 0.018449 0.039209 0.0973
v -0.036545 0.024013 0.096835
v 0.042687 0.010645 0.096094
v -0.035612 0.024714 0.097307
v -0.035262 0.024454 0.097598
v -0.036053 0.025198 0.096134
v 0.026902 0.034174 0.097139
v 0.028091 0.033183 0.097159
v -0.035165 0.026025 0.096806
v 0.0293 0.032147 0.097137
v -0.03447 0.027324 0.096134
v -0.033521 0.02811 0.096806
v -0.032356 0.028845 0.097307
v -0.032041 0.028545 0.097598
v -0.032762 0.02935 0.096134
v -0.031707 0.028183 0.097764
v 0.043351 0.005374 0.096891
v 0.043973 0.000615 0.096232
v -0.031754 0.030092 0.096806
v 0.043596 -0.000413 0.097051
v 0.043249 -5.5E-05 0.09738
v 0.042624 -0.000397 0.097722
v -0.028706 0.031171 0.097773
v -0.030553 0.031655 0.096095
v -0.030087 0.031981 0.096417
v -0.029434 0.031246 0.097577
v -0.02481 0.036222 0.096433
v -0.022544 0.037756 0.096239
v -0.024827 0.036317 0.096031
v -0.021314 0.038139 0.096915
v -0.021157 0.037831 0.097308
v -0.020966 0.037438 0.097598
v -0.020826 0.036949 0.097766
v -0.020234 0.039043 0.096239
v -0.041752 0.006476 0.097786
v -0.042226 0.005923 0.0977
v -0.016476 0.038916 0.097785
v -0.011586 0.042226 0.096713
v 0.012342 0.041114 0.097577
v -0.028951 0.033002 0.096443
v -0.028624 0.033399 0.096065
v -0.027808 0.033973 0.096433
v -0.026779 0.034903 0.096045
v -0.009012 0.043036 0.09626
v -0.011379 0.042472 0.09619
v -0.008896 0.042756 0.096914
v -0.007544 0.042685 0.097307
v -0.007482 0.042254 0.097598
v -0.00738 0.041696 0.097783
v -0.012085 0.040489 0.097786
v -0.006287 0.043218 0.096914
v -0.006401 0.043501 0.09626
v -0.003667 0.043751 0.096444
v -0.002655 0.043935 0.095988
v 0.012131 0.042289 0.096094
v 0.014611 0.041489 0.096065
v -0.003653 0.043519 0.096914
v -0.003633 0.043175 0.097307
v 0.016832 0.040645 0.096045
v -0.001984 0.042873 0.097598
v -0.002013 0.04238 0.097764
v -0.000671 0.043903 0.096444
v -0.000674 0.043671 0.096914
v -0.000677 0.043326 0.097307
v 0.001146 0.043982 0.096013
v 0.003843 0.042166 0.097786
v 0.002203 0.043839 0.09647
v 0.002308 0.043611 0.096914
v -0.042888 0.009737 0.096148
v 0.003597 0.043197 0.097307
v 0.003776 0.043823 0.096134
v 0.003547 0.042765 0.097598
v 0.043236 0.008093 0.096065
v 0.004956 0.043466 0.096806
v 0.043615 0.005751 0.096044
v 0.006411 0.043516 0.096134
v 0.007584 0.043085 0.096806
v 0.008802 0.042444 0.097307
v 0.0087 0.04202 0.097598
v 0.009024 0.04305 0.096134
v 0.00861 0.041662 0.097732
v 0.010184 0.042546 0.096806
v 0.012587 0.040458 0.097775
v -0.013907 0.040027 0.097772
v -0.001624 0.022315 0.106799
v -0.001345 0.022305 0.1067
v -0.00216 0.0229 0.1067
v 0.003071 0.024353 0.1068
v 0.002997 0.025326 0.106703
v 0.002849 0.023949 0.106699
v -0.002612 0.023307 0.1068
v -0.002811 0.023888 0.1067
v -0.003147 0.024768 0.106799
v 0.002143 0.022684 0.106799
v -0.003013 0.025188 0.106695
v 0.0021 0.02284 0.1067
v 0.001268 0.022268 0.1067
v 0.000511 0.02199 0.106764
v -0.000306 0.021961 0.106771
v -0.00233 0.023091 0.098798
v -0.002832 0.023975 0.098801
v 0.002984 0.024622 0.098798
v 0.002797 0.023876 0.098797
v -0.002994 0.024743 0.098794
v 0.00203 0.022761 0.0988
v 0.001147 0.022215 0.098797
v -0.000128 0.02198 0.098797
v -0.001454 0.02235 0.0988
v -0.000532 0.024185 0.097952
v 7.5E-05 0.023242 0.098283
v 0 0.025 0.097557
v -0.001404 0.024289 0.098205
v 0.001238 0.024264 0.098149
v -0.015107 -0.003517 0.098869
v -0.015344 -0.003124 0.099003
v -0.015114 -0.004091 0.099
v -0.015376 -0.003394 0.099194
v -0.015355 -0.002073 0.098853
v -0.015483 -0.002342 0.099003
v -0.015612 -0.001934 0.099128
v 0.01546 -0.002884 0.099119
v 0.015162 -0.003418 0.098889
v 0.015235 -0.00388 0.099112
v 0.014973 -0.004171 0.098889
v 0.015023 -0.004635 0.099112
v 0.014746 -0.004914 0.098889
v 0.014773 -0.005377 0.099112
v 0.014388 -0.005919 0.098898
v 0.014487 -0.006107 0.099112
v 0.014163 -0.006836 0.099128
v 0.013799 -0.007345 0.098962
v 0.013649 -0.007851 0.099189
v 0.013192 -0.008421 0.098981
v 0.013021 -0.008844 0.099188
v 0.012263 -0.009762 0.09902
v 0.012334 -0.009786 0.099188
v 0.012573 -0.00916 0.098896
v 0.011376 -0.01088 0.099177
v 0.011268 -0.010896 0.099022
v -0.011604 -0.010167 0.098825
v -0.012143 -0.009539 0.09883
v -0.012288 -0.009683 0.098978
v -0.012628 -0.009404 0.099184
v -0.011691 -0.010413 0.098992
v -0.012957 -0.008566 0.098878
v -0.012978 -0.008778 0.099016
v -0.013889 -0.006944 0.098879
v -0.013567 -0.007252 0.098812
v -0.014364 -0.00564 0.098826
v -0.01439 -0.006092 0.098961
v -0.014099 -0.006819 0.099004
v -0.014744 -0.004611 0.098835
v -0.014723 -0.005277 0.098981
v -0.01496 -0.003495 0.098808
v 0.015606 -0.001194 0.098983
v 0.015712 0.000605 0.099096
v 0.015442 -0.000144 0.098818
v 0.01574 -0.000754 0.099228
v 0.015329 -0.002608 0.098892
v 0.015109 -0.002799 0.098812
v 0.014748 -0.004307 0.098811
v 0.014236 -0.005768 0.09881
v 0.013909 -0.006734 0.098838
v 0.013181 -0.007954 0.098814
v 0.009275 -0.012472 0.098873
v 0.011127 -0.010589 0.098806
v 0.008523 -0.012824 0.098807
v 0.01111 -0.010856 0.09888
v 0.010092 -0.012064 0.099104
v 0.012545 -0.008913 0.098814
v 0.008834 -0.013013 0.099104
v 0.01184 -0.01 0.098855
v 0.007284 -0.013708 0.098874
v 0.007489 -0.013832 0.099104
v 0.005385 -0.014427 0.098812
v 0.005281 -0.014661 0.098898
v 0.006063 -0.014527 0.099158
v -0.011642 -0.010596 0.099172
v 0.004586 -0.015046 0.099104
v -0.013361 -0.008307 0.099149
v -0.013574 -0.007723 0.098953
v 0.002405 -0.015207 0.09881
v 0.00291 -0.015338 0.098944
v 0.00305 -0.015443 0.099158
v 0.000569 -0.015481 0.098839
v 0.0015 -0.015658 0.099104
v -0.01388 -0.007424 0.099167
v -0.014633 -0.005792 0.09914
v -0.002427 -0.015242 0.098814
v -0.000408 -0.01561 0.098944
v -0.000355 -0.015744 0.099165
v -0.015001 -0.004731 0.099132
v -0.002196 -0.015575 0.099104
v -0.003742 -0.015277 0.099104
v -0.004246 -0.014893 0.09884
v -0.005825 -0.014453 0.098898
v -0.005256 -0.014838 0.099157
v -0.007594 -0.013395 0.098812
v -0.006708 -0.014226 0.099104
v -0.008594 -0.012999 0.098898
v -0.008106 -0.013494 0.099157
v -0.010126 -0.011594 0.09881
v -0.009405 -0.012606 0.099103
v -0.010554 -0.011503 0.098944
v -0.01063 -0.01161 0.099157
v -0.012815 -0.00849 0.098813
v -0.015499 0.000451 0.098849
v -0.015293 -0.001313 0.098802
v -0.015712 -0.000605 0.099096
v 0.031544 0 0.10579
v 0.031118 0.005046 0.105801
v 0.030466 0.002186 0.1068
v 0.029662 0.007203 0.1068
v 0.030095 0.009385 0.105801
v 0.028327 0.011372 0.1068
v 0.02847 0.013536 0.105801
v 0.026409 0.015307 0.1068
v 0.026276 0.017416 0.105801
v 0.023948 0.018926 0.1068
v 0.023557 0.020948 0.105801
v 0.020996 0.022157 0.1068
v 0.020367 0.024061 0.105801
v 0.017611 0.024932 0.1068
v 0.01677 0.026693 0.105801
v 0.013864 0.027194 0.1068
v 0.012838 0.028792 0.105801
v 0.009832 0.028898 0.1068
v 0.008649 0.030314 0.105801
v 0.005596 0.030007 0.1068
v 0.004287 0.031231 0.105801
v 0.001094 0.030508 0.1068
v 0.001014 0.031488 0.1058
v -0.002338 0.031437 0.105796
v -0.004531 0.030219 0.1068
v -0.00557 0.031008 0.1058
v -0.008851 0.030256 0.105801
v -0.009832 0.028898 0.1068
v -0.01303 0.028705 0.105801
v -0.013864 0.027194 0.1068
v -0.016949 0.02658 0.105801
v -0.017611 0.024932 0.1068
v -0.020528 0.023924 0.105801
v -0.020996 0.022157 0.1068
v -0.023697 0.020789 0.105801
v -0.023948 0.018926 0.1068
v -0.026392 0.017239 0.105801
v -0.026409 0.015307 0.1068
v -0.02856 0.013345 0.105801
v -0.028327 0.011372 0.1068
v -0.030157 0.009184 0.105801
v -0.029662 0.007203 0.1068
v -0.03115 0.004839 0.105801
v -0.030387 0.002884 0.1068
v -0.031521 0.000444 0.105796
v -0.030466 -0.002186 0.1068
v 0.015727 -0.00122 0.105803
v 0.016587 -0.002379 0.1068
v 0.01676 0 0.1068
v 0.015194 -0.00424 0.105804
v 0.015999 -0.005007 0.1068
v 0.014195 -0.006854 0.105799
v 0.015149 -0.007177 0.1068
v 0.013272 -0.008491 0.105802
v 0.013694 -0.009685 0.1068
v 0.011985 -0.010238 0.105798
v 0.011889 -0.011818 0.1068
v 0.010358 -0.011882 0.1058
v 0.010096 -0.01338 0.1068
v 0.00782 -0.013716 0.105811
v 0.008229 -0.014604 0.1068
v 0.005811 -0.015729 0.1068
v 0.004589 -0.015092 0.105808
v 0.002836 -0.01652 0.1068
v 0.001074 -0.015752 0.105799
v 0 -0.016784 0.1068
v -0.002453 -0.015582 0.105799
v -0.002836 -0.01652 0.1068
v -0.004572 -0.015078 0.105802
v -0.005811 -0.015729 0.1068
v -0.006906 -0.014182 0.105807
v -0.008229 -0.014604 0.1068
v -0.009916 -0.012286 0.10581
v -0.010096 -0.01338 0.1068
v -0.011889 -0.011818 0.1068
v -0.011766 -0.010478 0.105801
v -0.013694 -0.009685 0.1068
v -0.013099 -0.008768 0.105799
v -0.015149 -0.007177 0.1068
v -0.014241 -0.006756 0.1058
v -0.015999 -0.005007 0.1068
v -0.015227 -0.004117 0.105806
v -0.016587 -0.002379 0.1068
v -0.015689 -0.001521 0.105802
v -0.01676 0 0.1068
v -0.015727 0.00122 0.105803
v 0.032427 -0.002844 0.0978
v 0.032414 0.002679 0.0978
v 0.03151 0 0.098806
v 0.031291 0.003827 0.0988
v 0.031722 0.007178 0.0978
v 0.030442 0.008188 0.0988
v 0.03041 0.011537 0.0978
v 0.028989 0.012386 0.098801
v 0.028501 0.015669 0.0978
v 0.02696 0.016338 0.098801
v 0.026034 0.019495 0.0978
v 0.024395 0.019966 0.098801
v 0.023058 0.022939 0.0978
v 0.021346 0.023197 0.098801
v 0.019629 0.025934 0.0978
v 0.017873 0.025967 0.098801
v 0.015816 0.02842 0.0978
v 0.014045 0.028222 0.098801
v 0.011693 0.03035 0.0978
v 0.009939 0.029916 0.0988
v 0.00734 0.031686 0.0978
v 0.005634 0.031016 0.0988
v 0.002844 0.0324 0.0978
v 0.001218 0.0315 0.0988
v -0.001708 0.03248 0.0978
v -0.00377 0.031313 0.0988
v -0.006226 0.031923 0.0978
v -0.008673 0.030307 0.0988
v -0.010623 0.030741 0.0978
v -0.012847 0.028787 0.0988
v -0.014811 0.028957 0.0978
v -0.016767 0.026695 0.0988
v -0.018709 0.026605 0.0978
v -0.020353 0.024073 0.0988
v -0.022241 0.023732 0.0978
v -0.023535 0.020972 0.0988
v -0.025336 0.020394 0.0978
v -0.02625 0.017455 0.0988
v -0.027935 0.016657 0.0978
v -0.028443 0.013592 0.0988
v -0.029987 0.012594 0.0978
v -0.030071 0.009458 0.0988
v -0.031452 0.008284 0.0978
v -0.031103 0.005136 0.0988
v -0.032427 0.002844 0.0978
v -0.031496 0.001111 0.0988
v -0.015723 0.000808 0.099125
v 0.043991 -0.001276 0.0582
v 0.043943 0.002462 0.0582
v 0.043461 0.007016 0.0582
v 0.042315 0.012148 0.0582
v 0.040564 0.017107 0.0582
v 0.038236 0.021821 0.058199
v 0.035361 0.026224 0.058199
v 0.031982 0.030253 0.058199
v 0.028147 0.033851 0.058199
v 0.02391 0.036965 0.058199
v 0.019332 0.039552 0.058199
v 0.014478 0.041575 0.058199
v 0.009418 0.043005 0.058199
v 0.004223 0.043821 0.058199
v -0.001032 0.044012 0.058199
v -0.006273 0.043575 0.058199
v -0.011424 0.042516 0.058199
v -0.016412 0.040851 0.0582
v -0.021166 0.038602 0.0582
v -0.025618 0.035803 0.0582
v -0.029209 0.032924 0.0582
v -0.032861 0.029317 0.058205
v -0.036396 0.024767 0.0582
v -0.039047 0.020331 0.0582
v -0.041161 0.015615 0.0582
v -0.042707 0.010684 0.0582
v -0.043665 0.005607 0.0582
v -0.043991 0.001276 0.0582
v 0.015709 0.015663 0.0973
v 0.020481 0.01735 0.0973
v 0.014926 0.017076 0.0973
v 0.019987 0.016109 0.0973
v 0.019312 0.015414 0.0973
v 0.018118 0.014895 0.0973
v 0.016838 0.015015 0.0973
v 0.016099 -0.019993 0.0973
v 0.015323 -0.019178 0.0973
v 0.020455 -0.017961 0.0973
v 0.020191 -0.018894 0.0973
v 0.014875 -0.017955 0.0973
v 0.019399 -0.019907 0.0973
v 0.018163 -0.02043 0.0973
v 0.017153 -0.02042 0.0973
v -0.019623 -0.01968 0.0973
v -0.020191 -0.018894 0.0973
v -0.014875 -0.017955 0.0973
v -0.015323 -0.019178 0.0973
v -0.020455 -0.017961 0.0973
v -0.016099 -0.019993 0.0973
v -0.017352 -0.020466 0.0973
v -0.01868 -0.020295 0.0973
v -0.019256 0.015362 0.0973
v -0.020032 0.016178 0.0973
v -0.014926 0.017076 0.0973
v -0.020403 0.017074 0.0973
v -0.015709 0.015663 0.0973
v -0.020446 0.018042 0.0973
v -0.016838 0.015015 0.0973
v -0.018004 0.01489 0.0973
v -0.031434 0.030511 0.058
v -0.02843 0.033351 0.058
v -0.024215 0.036527 0.058
v -0.019649 0.039172 0.058
v -0.014799 0.04125 0.058
v -0.009735 0.04273 0.058
v -0.00453 0.04359 0.058
v 0.00074 0.043818 0.058
v 0.006 0.043412 0.058
v 0.011172 0.042377 0.058
v 0.016183 0.040727 0.058
v 0.020958 0.038488 0.058
v 0.02543 0.035692 0.058
v 0.029534 0.032378 0.058
v 0.03321 0.028595 0.058
v 0.036405 0.024398 0.058
v 0.039073 0.019847 0.058
v 0.041175 0.015008 0.058
v 0.042679 0.009952 0.058
v 0.043566 0.004751 0.058
v 0.043822 -0.000608 0.057998
v 0.043665 -0.005607 0.0582
v 0.04342 -0.00594 0.058
v 0.042707 -0.010684 0.0582
v 0.042396 -0.011097 0.058
v 0.041161 -0.015615 0.0582
v 0.040762 -0.016094 0.058
v 0.039048 -0.020331 0.0582
v 0.038541 -0.02086 0.058
v 0.036396 -0.024767 0.0582
v 0.035765 -0.025326 0.058
v 0.032862 -0.029317 0.058205
v 0.032351 -0.029569 0.058
v -0.037479 -0.022667 0.058
v -0.037624 -0.02283 0.0578
v -0.035608 -0.025547 0.058
v -0.035934 -0.0254 0.0578
v -0.033584 -0.028464 0.0578
v -0.032283 -0.029637 0.058
v -0.029966 -0.032251 0.057801
v -0.028492 -0.033298 0.058
v -0.025923 -0.035582 0.057801
v -0.02429 -0.036477 0.058
v -0.021514 -0.038408 0.057801
v -0.019736 -0.039129 0.058
v -0.016801 -0.040692 0.057801
v -0.014897 -0.041215 0.058
v -0.011228 -0.042583 0.057801
v -0.009843 -0.042705 0.058
v -0.005432 -0.043687 0.057801
v -0.004647 -0.043577 0.058
v -0.000205 -0.044023 0.057801
v 0.000616 -0.04382 0.058
v 0.005025 -0.043736 0.057801
v 0.005871 -0.04343 0.058
v 0.010183 -0.04283 0.057801
v 0.011041 -0.042411 0.058
v 0.015198 -0.041317 0.057801
v 0.016053 -0.040779 0.058
v 0.019998 -0.039219 0.057801
v 0.020832 -0.038556 0.058
v 0.024515 -0.036567 0.057801
v 0.025311 -0.035776 0.058
v 0.02913 -0.033027 0.057796
v 0.028939 -0.032895 0.058
v 0.032818 -0.029327 0.0578
v 0.035703 -0.025757 0.0578
v 0.038525 -0.021306 0.0578
v 0.040795 -0.016549 0.0578
v 0.042481 -0.011555 0.0578
v 0.043557 -0.006396 0.0578
v 0.044017 -0.001015 0.057796
v 0.043807 0.004371 0.057801
v 0.04297 0.009575 0.057801
v 0.041518 0.014641 0.057801
v 0.039471 0.019498 0.057801
v 0.036858 0.024075 0.057801
v 0.033717 0.028307 0.057801
v 0.030092 0.032134 0.057801
v 0.026037 0.035499 0.057801
v 0.022187 0.038011 0.057801
v 0.018079 0.04014 0.057801
v 0.013153 0.042013 0.057801
v 0.008038 0.043284 0.057801
v 0.002808 0.043934 0.057801
v -0.00313 0.043927 0.057801
v -0.008875 0.043116 0.057804
v -0.013841 0.041792 0.057801
v -0.018736 0.039838 0.057801
v -0.023363 0.037314 0.057801
v -0.028171 0.03385 0.057801
v -0.03247 0.029734 0.057792
v -0.037607 -0.022829 0.052152
v -0.035069 -0.026613 0.052199
v -0.03166 -0.03059 0.052199
v -0.027803 -0.034134 0.052199
v -0.023552 -0.037194 0.052199
v -0.018968 -0.039728 0.052199
v -0.014115 -0.0417 0.052199
v -0.009062 -0.043081 0.052199
v -0.003882 -0.043852 0.052199
v 0.001353 -0.044003 0.052199
v 0.006569 -0.043531 0.052199
v 0.011693 -0.042442 0.052199
v 0.016651 -0.040753 0.052199
v 0.021373 -0.038487 0.052199
v 0.025792 -0.035677 0.0522
v 0.030305 -0.031953 0.052205
v 0.03338 -0.028674 0.0522
v 0.035848 -0.025555 0.052199
v 0.038645 -0.021088 0.052199
v 0.040888 -0.016318 0.052199
v 0.042545 -0.011314 0.052199
v 0.043593 -0.006149 0.052199
v 0.043978 -0.00168 0.052197
v 0.043934 0.002808 0.052199
v 0.043284 0.008038 0.052199
v 0.042013 0.013153 0.052199
v 0.04014 0.018079 0.052199
v 0.038011 0.022187 0.052199
v 0.035499 0.026037 0.052199
v 0.032134 0.030092 0.052199
v 0.028307 0.033717 0.052199
v 0.024075 0.036858 0.052199
v 0.019498 0.039471 0.052199
v 0.014641 0.041518 0.052199
v 0.009575 0.04297 0.052199
v 0.004371 0.043807 0.052199
v -0.001015 0.044017 0.052204
v -0.005724 0.043639 0.0522
v -0.010278 0.042807 0.0522
v -0.01532 0.041272 0.0522
v -0.020142 0.039146 0.0522
v -0.024676 0.036458 0.0522
v -0.028856 0.033248 0.0522
v -0.03291 0.029254 0.052199
v -0.041156 0.015627 0.052199
v -0.039036 0.020353 0.052199
v -0.040249 0.017336 0.052
v -0.037888 0.022024 0.052
v -0.042807 -0.010299 0.052202
v -0.043739 -0.004988 0.052199
v -0.042749 -0.009813 0.052
v -0.036375 0.024797 0.052199
v -0.043709 -0.00318 0.052
v -0.034982 0.026397 0.052
v -0.044026 0.00031 0.052203
v -0.031893 0.030044 0.052
v -0.043775 0.00207 0.052
v -0.043666 0.005595 0.052199
v -0.043214 0.007289 0.052
v -0.042707 0.010685 0.052199
v -0.042033 0.012401 0.052
v -0.028429 0.033352 0.052
v -0.024212 0.036529 0.052
v -0.019644 0.039175 0.052
v -0.014791 0.041253 0.052
v -0.009724 0.042732 0.052
v -0.004516 0.043591 0.052
v 0.000757 0.043818 0.052
v 0.006019 0.043409 0.052
v 0.011193 0.042371 0.052
v 0.016205 0.040718 0.052
v 0.020982 0.038476 0.052
v 0.025454 0.035675 0.052
v 0.029557 0.032357 0.052
v 0.033232 0.02857 0.052
v 0.036425 0.024368 0.052
v 0.03909 0.019813 0.052
v 0.041188 0.014971 0.052
v 0.042689 0.009912 0.052
v 0.043571 0.004709 0.052
v 0.043821 -0.000563 0.052
v 0.043435 -0.005827 0.052
v 0.04242 -0.011007 0.052
v 0.040789 -0.016027 0.052
v 0.038565 -0.020815 0.052
v 0.035783 -0.025301 0.052
v 0.032898 -0.028936 0.052
v 0.029565 -0.032355 0.052
v -0.041032 -0.015914 0.057
v -0.040651 -0.016838 0.054
v -0.040257 -0.017757 0.057
v -0.032259 -0.029663 0.052
v -0.035586 -0.025577 0.052
v -0.028466 -0.03332 0.052
v -0.009819 -0.04271 0.052
v 0.025314 -0.035774 0.052
v 0.020838 -0.038553 0.052
v 0.016062 -0.040775 0.052
v 0.005886 -0.043427 0.052
v 0.000635 -0.04382 0.052
v 0.011054 -0.042408 0.052
v -0.004625 -0.04358 0.052
v -0.014872 -0.041224 0.052
v -0.024263 -0.036495 0.052
v -0.019709 -0.039142 0.052
v -0.040189 -0.016647 0.054
v -0.039806 -0.017571 0.057
v -0.040571 -0.015723 0.057
v -0.042824 -0.010259 0.057793
v -0.04244 0.011701 0.057801
v -0.04352 0.006636 0.057801
v -0.044022 0.000948 0.057806
v -0.035773 0.025659 0.057801
v -0.043767 -0.004746 0.057801
v -0.038539 0.021279 0.057801
v -0.040772 0.016605 0.057801
v -0.04282 -0.009401 0.058009
v -0.04376 0.002665 0.057998
v -0.04297 0.008611 0.058
v -0.03417 0.027439 0.058
v -0.043698 -0.003328 0.058
v -0.037204 0.02316 0.058
v -0.039704 0.018552 0.058
v -0.041635 0.01368 0.058
v -0.041351 -0.014577 0.058
v -0.038953 -0.020075 0.058
v 0.028721 -0.033366 0.0582
v 0.024537 -0.036552 0.0582
v 0.020004 -0.039217 0.0582
v 0.015185 -0.041322 0.0582
v 0.010149 -0.042838 0.058199
v 0.004969 -0.043743 0.058199
v -0.000282 -0.044023 0.058199
v -0.004868 -0.043743 0.058199
v -0.009417 -0.043005 0.058199
v -0.014478 -0.041575 0.058199
v -0.019332 -0.039553 0.058199
v -0.02391 -0.036966 0.058199
v -0.028146 -0.033851 0.058199
v -0.031982 -0.030254 0.058199
v -0.034517 -0.027295 0.0582
v -0.036862 -0.024069 0.0582
v -0.039456 -0.019528 0.058201
v -0.041735 -0.014057 0.058197
v -0.043232 -0.008311 0.0582
v -0.043915 -0.003097 0.0582
v -0.015416 0.019334 0.106338
v -0.016176 0.020045 0.0973
v -0.015368 0.019246 0.0973
v -0.0204 0.018295 0.106332
v -0.014971 0.018361 0.0973
v -0.014955 0.018295 0.106332
v -0.020081 0.019119 0.0973
v -0.019939 0.019334 0.106338
v -0.019216 0.020016 0.0973
v -0.019184 0.020021 0.106333
v -0.018454 0.02036 0.106331
v -0.018203 0.02042 0.0973
v -0.017145 0.020443 0.106339
v -0.017233 0.020434 0.0973
v -0.016164 0.020016 0.106332
v -0.015416 -0.016022 0.106338
v -0.015791 -0.015619 0.0973
v -0.015123 -0.016525 0.0973
v -0.0204 -0.01706 0.106332
v -0.020385 -0.016994 0.0973
v -0.014955 -0.01706 0.106332
v -0.019939 -0.016022 0.106338
v -0.019987 -0.016109 0.0973
v -0.019084 -0.015242 0.0973
v -0.019184 -0.015334 0.106333
v -0.018453 -0.014995 0.106331
v -0.017881 -0.014893 0.0973
v -0.017145 -0.014912 0.106339
v -0.016763 -0.015028 0.0973
v -0.016164 -0.015339 0.106332
v 0.019939 -0.016022 0.106338
v 0.019043 -0.015214 0.0973
v 0.019893 -0.015992 0.0973
v 0.020349 -0.016829 0.0973
v 0.014955 -0.01706 0.106332
v 0.015123 -0.016525 0.0973
v 0.0204 -0.01706 0.106332
v 0.015416 -0.016022 0.106338
v 0.015998 -0.015422 0.0973
v 0.016171 -0.015334 0.106333
v 0.016902 -0.014996 0.106331
v 0.017464 -0.014869 0.0973
v 0.01821 -0.014912 0.106339
v 0.019191 -0.015339 0.106332
v 0.019939 0.019334 0.106338
v 0.019564 0.019736 0.0973
v 0.020232 0.01883 0.0973
v 0.014955 0.018295 0.106332
v 0.014971 0.018361 0.0973
v 0.015416 0.019334 0.106338
v 0.015552 0.019526 0.0973
v 0.016171 0.020021 0.106333
v 0.016871 0.020372 0.0973
v 0.016902 0.02036 0.106331
v 0.01821 0.020443 0.106339
v 0.018438 0.02039 0.0973
v 0.019191 0.020016 0.106332
v -0.043864 -0.003358 0.096031
v -0.043615 -0.005751 0.096044
v -0.043236 -0.008093 0.096065
v -0.042687 -0.010645 0.096094
v -0.041792 -0.013718 0.096134
v -0.040889 -0.016213 0.096134
v -0.039836 -0.018649 0.096134
v -0.038659 -0.021005 0.096014
v -0.037326 -0.023249 0.096225
v -0.036049 -0.025176 0.09626
v -0.034465 -0.027303 0.09626
v -0.032756 -0.029331 0.09626
v -0.030795 -0.031397 0.096161
v -0.028875 -0.033188 0.096064
v -0.026838 -0.034856 0.096064
v -0.025605 -0.035746 0.096188
v -0.023684 -0.037052 0.096239
v -0.021416 -0.038423 0.096116
v -0.019031 -0.039663 0.096031
v -0.016832 -0.040645 0.096045
v -0.014611 -0.041489 0.096065
v -0.012131 -0.042289 0.096094
v -0.009024 -0.04305 0.096134
v -0.006411 -0.043516 0.096134
v -0.003776 -0.043823 0.096134
v -0.001146 -0.043982 0.096013
v 0.002655 -0.043935 0.095988
v 0.006401 -0.043501 0.09626
v 0.009012 -0.043036 0.09626
v 0.011379 -0.042472 0.09619
v 0.013051 -0.042011 0.096064
v 0.015599 -0.041118 0.096164
v 0.017617 -0.04029 0.09619
v 0.020234 -0.039043 0.096239
v 0.022544 -0.037756 0.096239
v 0.024827 -0.036317 0.096031
v 0.026779 -0.034903 0.096045
v 0.028624 -0.033399 0.096065
v 0.030553 -0.031655 0.096095
v 0.032762 -0.02935 0.096134
v 0.03447 -0.027324 0.096134
v 0.036053 -0.025198 0.096134
v 0.037454 -0.02304 0.096244
v 0.038516 -0.021242 0.096153
v 0.039804 -0.018679 0.09626
v 0.040856 -0.01625 0.09626
v 0.04176 -0.013762 0.09626
v 0.042466 -0.011404 0.09619
v 0.042888 -0.009737 0.096148
v 0.043235 -0.007997 0.0962
v 0.043557 -0.006053 0.09618
v 0.043755 -0.004345 0.09619
v 0.04395 -0.002054 0.095992
v 0.015124 0.003103 0.098829
v 0.015237 0.002101 0.098815
v 0.01474 0.004607 0.098833
v 0.014365 0.005642 0.098827
v 0.014952 0.00387 0.098832
v 0.013566 0.007216 0.098809
v 0.012143 0.009539 0.09883
v 0.011604 0.010169 0.098825
v 0.012828 0.008451 0.09881
v 0.010124 0.011597 0.09881
v 0.007597 0.013393 0.098811
v 0.002419 0.015241 0.098813
v -0.0024 0.015209 0.098811
v -0.014511 0.005045 0.09881
v -0.015043 0.003176 0.098812
v -0.013715 0.006978 0.098813
v -0.008523 0.012824 0.098807
v -0.005387 0.014426 0.098812
v -0.012781 0.008592 0.098817
v -0.011329 0.010422 0.098812
v 0.015689 0.001521 0.105802
v 0.015612 0.001934 0.099128
v 0.015227 0.004117 0.105806
v 0.015376 0.003394 0.099194
v 0.015001 0.004731 0.099132
v 0.014633 0.005792 0.09914
v 0.014241 0.006756 0.1058
v 0.01388 0.007424 0.099167
v 0.013099 0.008768 0.105799
v 0.013361 0.008307 0.099149
v 0.012628 0.009404 0.099184
v 0.011766 0.010478 0.105801
v 0.011642 0.010596 0.099172
v 0.009916 0.012286 0.10581
v 0.01063 0.01161 0.099157
v 0.009405 0.012606 0.099103
v 0.008106 0.013494 0.099157
v 0.006906 0.014182 0.105807
v 0.006708 0.014226 0.099104
v 0.005256 0.014838 0.099157
v 0.004572 0.015078 0.105802
v 0.003742 0.015277 0.099104
v 0.002453 0.015582 0.105799
v 0.002196 0.015575 0.099104
v 0.000355 0.015744 0.099165
v -0.001074 0.015752 0.105799
v -0.0015 0.015658 0.099104
v -0.00305 0.015443 0.099158
v -0.004589 0.015092 0.105808
v -0.004586 0.015046 0.099104
v -0.006063 0.014527 0.099158
v -0.00782 0.013716 0.105811
v -0.007489 0.013832 0.099104
v -0.008834 0.013013 0.099104
v -0.010358 0.011882 0.1058
v -0.010092 0.012064 0.099104
v -0.011376 0.01088 0.099177
v -0.011985 0.010238 0.105798
v -0.012334 0.009786 0.099188
v -0.013272 0.008491 0.105802
v -0.013021 0.008844 0.099188
v -0.013649 0.007851 0.099189
v -0.014195 0.006854 0.105799
v -0.014163 0.006836 0.099128
v -0.014487 0.006107 0.099112
v -0.015194 0.00424 0.105804
v -0.014773 0.005377 0.099112
v -0.015023 0.004635 0.099112
v -0.015235 0.00388 0.099112
v -0.01546 0.002884 0.099119
v 0.009832 -0.028898 0.1068
v 0.004531 -0.030219 0.1068
v -0.011889 0.011818 0.1068
v -0.016742 -0.014552 0.1068
v -0.018714 -0.01122 0.1068
v -0.018186 -0.014419 0.106799
v -0.017403 -0.009736 0.1068
v -0.010096 0.01338 0.1068
v -0.013694 0.009685 0.1068
v 0.014698 0.019042 0.106799
v 0.008229 0.014604 0.1068
v -0.020429 -0.012209 0.1068
v 0.000356 0.028026 0.106769
v -0.000796 0.027962 0.106774
v 0.020996 -0.022157 0.1068
v -0.017403 0.009736 0.1068
v -0.019723 -0.015124 0.106799
v -0.018714 0.01122 0.1068
v 0.023948 -0.018926 0.1068
v -0.016635 -0.007911 0.1068
v 0.005811 0.015729 0.1068
v -0.020657 -0.016313 0.106799
v -0.026409 -0.015307 0.1068
v -0.023948 -0.018926 0.1068
v -0.008229 0.014604 0.1068
v -0.022371 -0.012599 0.1068
v 0.017611 -0.024932 0.1068
v 0.017169 0.020936 0.106799
v 0.015632 0.020231 0.106799
v -0.001848 0.027518 0.1068
v -0.001094 -0.030508 0.1068
v -0.016507 -0.005791 0.1068
v -0.024335 -0.012348 0.1068
v -0.014698 0.019042 0.106799
v -0.020429 0.012209 0.1068
v -0.005811 0.015729 0.1068
v 0.016587 0.002379 0.1068
v 0.020657 -0.016313 0.106799
v 0.027536 -0.010089 0.1068
v 0.026131 -0.011475 0.1068
v 0.028327 -0.011372 0.1068
v -0.005596 -0.030007 0.1068
v -0.01733 -0.002026 0.1068
v -0.026117 -0.011485 0.1068
v 0.016669 0.005102 0.1068
v -0.002758 0.026467 0.1068
v 0.026409 -0.015307 0.1068
v 0.028308 -0.008627 0.1068
v 0.029662 -0.007203 0.1068
v -0.028327 -0.011372 0.1068
v 0.024357 -0.012342 0.1068
v -0.022371 0.012599 0.1068
v 0.015999 0.005007 0.1068
v -0.009832 -0.028898 0.1068
v -0.02763 -0.009975 0.1068
v 0.013864 -0.027194 0.1068
v 0.029074 -0.005651 0.1068
v 0.02232 -0.012597 0.1068
v -0.017284 0.002306 0.1068
v 0.015149 0.007177 0.1068
v -0.016587 0.002379 0.1068
v 0.030387 -0.002884 0.1068
v -0.028424 -0.008338 0.1068
v 0.019723 -0.015124 0.106799
v 0.020123 -0.012119 0.1068
v -0.029662 -0.007203 0.1068
v 0.002836 0.01652 0.1068
v 0.013694 0.009685 0.1068
v 0.029611 -0.001189 0.1068
v -0.02763 0.009975 0.1068
v 0.018186 -0.014419 0.106799
v -0.015999 0.005007 0.1068
v -0.013864 -0.027194 0.1068
v 0 0.016784 0.1068
v -0.017611 -0.024932 0.1068
v -0.016507 0.005791 0.1068
v -0.026117 0.011485 0.1068
v -0.015632 0.020231 0.106799
v 0.003024 0.025735 0.1068
v 0.018133 -0.01068 0.1068
v -0.024335 0.012348 0.1068
v 0.016742 -0.014552 0.1068
v -0.015149 0.007177 0.1068
v -0.017169 0.020936 0.106799
v 0.029419 0.003465 0.1068
v -0.020996 -0.022157 0.1068
v -0.002836 0.01652 0.1068
v -0.014698 -0.016313 0.106799
v 0.020657 0.019042 0.106799
v -0.018614 0.020803 0.1068
v -0.020657 0.019042 0.106799
v -0.019723 0.020231 0.106799
v -0.016635 0.007911 0.1068
v 0.002518 0.026848 0.1068
v 0.011889 0.011818 0.1068
v -0.015632 -0.015125 0.106799
v 0.019723 0.020231 0.106799
v -0.029383 -0.003755 0.1068
v 0.015632 -0.015125 0.106799
v 0.014698 -0.016313 0.106799
v 0.018614 0.020803 0.1068
v 0.010096 0.01338 0.1068
v 0.017028 -0.009043 0.1068
v 0.001467 0.027757 0.1068
v -0.031455 -0.001763 0.0988
v -0.031227 -0.004383 0.105806
v -0.031103 -0.005136 0.0988
v -0.030157 -0.009184 0.105801
v -0.030071 -0.009458 0.0988
v -0.02856 -0.013345 0.105801
v -0.028443 -0.013592 0.0988
v -0.026392 -0.017239 0.105801
v -0.02625 -0.017455 0.0988
v -0.023697 -0.020789 0.105801
v -0.023535 -0.020972 0.0988
v -0.020528 -0.023924 0.105801
v -0.020353 -0.024073 0.0988
v -0.016949 -0.02658 0.105801
v -0.016767 -0.026695 0.0988
v -0.01303 -0.028705 0.105801
v -0.012847 -0.028787 0.0988
v -0.008851 -0.030256 0.105801
v -0.008673 -0.030307 0.0988
v -0.00557 -0.031008 0.1058
v -0.00377 -0.031312 0.0988
v -0.002338 -0.031437 0.105796
v 0.001218 -0.0315 0.0988
v 0.001014 -0.031488 0.1058
v 0.004287 -0.031231 0.105801
v 0.005634 -0.031016 0.0988
v 0.008649 -0.030314 0.105801
v 0.009939 -0.029916 0.0988
v 0.012838 -0.028792 0.105801
v 0.014045 -0.028222 0.098801
v 0.01677 -0.026693 0.105801
v 0.017873 -0.025967 0.098801
v 0.020367 -0.024061 0.105801
v 0.021346 -0.023197 0.098801
v 0.023557 -0.020948 0.105801
v 0.024395 -0.019966 0.098801
v 0.026276 -0.017416 0.105801
v 0.02696 -0.016338 0.098801
v 0.02847 -0.013536 0.105801
v 0.028989 -0.012386 0.098801
v 0.030095 -0.009385 0.105801
v 0.030442 -0.008188 0.0988
v 0.031118 -0.005046 0.105801
v 0.031291 -0.003827 0.0988
v -0.032414 -0.002679 0.0978
v -0.031722 -0.007178 0.0978
v -0.03041 -0.011537 0.0978
v -0.028501 -0.015669 0.0978
v -0.026034 -0.019495 0.0978
v -0.023058 -0.022939 0.0978
v -0.019629 -0.025934 0.0978
v -0.015816 -0.02842 0.0978
v -0.011693 -0.03035 0.0978
v -0.00734 -0.031686 0.0978
v -0.002844 -0.0324 0.0978
v 0.001708 -0.03248 0.0978
v 0.006226 -0.031923 0.0978
v 0.010623 -0.030741 0.0978
v 0.014811 -0.028957 0.0978
v 0.018709 -0.026605 0.0978
v 0.022241 -0.023732 0.0978
v 0.025336 -0.020394 0.0978
v 0.027935 -0.016657 0.0978
v 0.029987 -0.012594 0.0978
v 0.031452 -0.008284 0.0978
v 0.041936 -0.005194 0.097786
v 0.041037 -0.009984 0.097789
v -0.040046 -0.013772 0.097786
v -0.035563 -0.022989 0.097785
v 0.00738 -0.041696 0.097783
v -0.003843 -0.042166 0.097786
v -0.041256 -0.009598 0.097776
v -0.041606 -0.008104 0.097768
v 0.034847 -0.024042 0.097785
v 0.028706 -0.031171 0.097773
v 0.027398 -0.032342 0.097768
v -0.041938 -0.006189 0.097768
v 0.02587 -0.033583 0.097768
v -0.012587 -0.040458 0.097775
v -0.042192 -0.003705 0.097779
v -0.01431 -0.039898 0.097768
v 0.024032 -0.034844 0.097782
v -0.016149 -0.039196 0.097768
v -0.01816 -0.038234 0.097782
v 0.0398 -0.014457 0.097783
v -0.025234 -0.033891 0.097785
v 0.016414 -0.038933 0.097786
v -0.027595 -0.03218 0.097767
v -0.028924 -0.030785 0.097788
v 0.011872 -0.040531 0.097789
v 0.015344 0.003124 0.099003
v 0.015114 0.004091 0.099
v 0.015405 0.002042 0.098885
v 0.015483 0.002342 0.099003
v -0.015162 0.003418 0.098889
v -0.014973 0.004171 0.098889
v -0.014746 0.004914 0.098889
v -0.014482 0.005644 0.098889
v -0.014131 0.006452 0.098881
v -0.013799 0.007345 0.098962
v -0.01319 0.008473 0.099025
v -0.012263 0.009762 0.09902
v -0.012965 0.008661 0.098927
v -0.011268 0.010896 0.099022
v 0.012288 0.009683 0.098978
v 0.011691 0.010413 0.098992
v 0.012957 0.008566 0.098878
v 0.012978 0.008778 0.099016
v 0.013724 0.007274 0.098879
v 0.01439 0.006092 0.098961
v 0.014099 0.006819 0.099004
v 0.014723 0.005277 0.098981
v -0.015329 0.002608 0.098892
v -0.013296 0.007964 0.098862
v -0.009275 0.012472 0.098873
v -0.011274 0.010739 0.09891
v -0.007284 0.013708 0.098874
v -0.005281 0.014661 0.098898
v 0.013604 0.007695 0.098968
v -0.00291 0.015338 0.098944
v -0.000569 0.015481 0.098839
v 0.000408 0.01561 0.098944
v 0.004246 0.014893 0.09884
v 0.005825 0.014453 0.098898
v 0.008594 0.012999 0.098898
v 0.010554 0.011503 0.098944
v -0.01225 0.009489 0.098853
v 0.000555 0.025515 0.097864
v 0.001764 0.027431 0.0988
v 0.000926 0.027876 0.0988
v 0.002922 0.025768 0.0988
v 0.002356 0.026877 0.098799
v -0.001611 0.027535 0.098797
v -0.002161 0.027084 0.098795
v -0.000298 0.027997 0.098802
v -0.000174 0.026598 0.098217
v -0.002623 0.026465 0.098801
v -0.002921 0.02573 0.098797
v -0.001102 0.027794 0.098798
v 0.001294 0.02772 0.106699
v 0.00212 0.02714 0.106699
v 0.002708 0.02632 0.106699
v -0.00272 0.026294 0.106699
v -0.002027 0.027243 0.106699
v -0.000351 0.027992 0.106699
v -0.018637 -0.038665 0.09758
v -0.021586 -0.036511 0.097766
v -0.021939 -0.036877 0.097598
v -0.012653 -0.042046 0.096417
v -0.012514 -0.041857 0.096882
v -0.014105 -0.041573 0.096443
v -0.014044 -0.041351 0.09691
v -0.021298 -0.038276 0.096687
v -0.042081 -0.008374 0.097589
v -0.041777 -0.009868 0.097577
v -0.02339 -0.036705 0.097133
v -0.042291 -0.009571 0.097275
v -0.042683 -0.007483 0.0973
v -0.021092 -0.037961 0.097223
v -0.01567 -0.040784 0.096881
v -0.015517 -0.041069 0.096433
v -0.017306 -0.040362 0.096407
v -0.042598 -0.005366 0.097575
v -0.043033 -0.005345 0.097273
v -0.025862 -0.035342 0.096701
v -0.025699 -0.035096 0.097134
v -0.043181 -0.003628 0.0973
v -0.025488 -0.034776 0.097466
v -0.018565 -0.039535 0.096905
v -0.018964 -0.039597 0.096433
v -0.025718 -0.034012 0.097702
v 0.043258 -0.006819 0.096711
v 0.043538 -0.004726 0.096701
v 0.042814 -0.009147 0.096728
v 0.028292 -0.032256 0.097589
v 0.026988 -0.033392 0.097575
v 0.025406 -0.034556 0.097597
v -0.028009 -0.032297 0.097656
v -0.02665 -0.033838 0.097496
v 0.024167 -0.035472 0.09758
v 0.015724 -0.040872 0.096711
v 0.017676 -0.040067 0.096701
v 0.013486 -0.041652 0.096728
v 0.013581 -0.041794 0.096294
v -0.029652 -0.030635 0.097703
v -0.028345 -0.032465 0.097481
v -0.013789 -0.04063 0.097589
v -0.015425 -0.040068 0.097575
v -0.017223 -0.03928 0.097597
v -0.027535 -0.034053 0.096711
v -0.027334 -0.034407 0.096299
v -0.029329 -0.032505 0.096728
v -0.029342 -0.03271 0.096299
v -0.030776 -0.031147 0.096713
v -0.03258 -0.029083 0.096914
v -0.042506 -0.010092 0.096882
v -0.042833 -0.008513 0.09691
v -0.042937 -0.009174 0.096445
v -0.030551 -0.030955 0.09714
v -0.042355 -0.006896 0.097585
v -0.033194 -0.027876 0.097307
v -0.042753 -0.003601 0.09759
v -0.030024 -0.030929 0.097476
v -0.043155 -0.006822 0.096881
v -0.043326 -0.007096 0.096433
v -0.032852 -0.027607 0.097598
v 0.043824 -0.002076 0.096539
v -0.032438 -0.027339 0.097764
v -0.043608 -0.005193 0.096407
v 0.042902 -0.004399 0.097462
v -0.034284 -0.027053 0.096914
v -0.043521 -0.00369 0.096905
v -0.043774 -0.003375 0.096433
v 0.042423 -0.004272 0.097702
v 0.043243 -0.004708 0.097134
v 0.04263 -0.00616 0.097496
v 0.043047 -0.006211 0.097139
v 0.042783 -0.007736 0.097159
v 0.042288 -0.008315 0.097481
v -0.035863 -0.024923 0.096914
v 0.041975 -0.008109 0.097656
v -0.035574 -0.024734 0.097307
v -0.036137 -0.023155 0.097598
v 0.04249 -0.009301 0.097137
v 0.041797 -0.010537 0.097476
v 0.041357 -0.010362 0.097703
v 0.042084 -0.01098 0.09714
v -0.037483 -0.022419 0.096914
v 0.029993 -0.031766 0.096882
v 0.029435 -0.03184 0.097275
v 0.028789 -0.032838 0.09691
v -0.037183 -0.022249 0.097307
v 0.042362 -0.011079 0.096713
v 0.041476 -0.013674 0.096914
v 0.040739 -0.014809 0.097307
v -0.03863 -0.020838 0.096504
v 0.027823 -0.033223 0.0973
v 0.027485 -0.033962 0.096881
v 0.040335 -0.014647 0.097598
v 0.026145 -0.034595 0.097273
v 0.026302 -0.035168 0.096407
v 0.026329 -0.034857 0.096891
v 0.024956 -0.035845 0.096905
v -0.038923 -0.019807 0.096914
v 0.024732 -0.035582 0.0973
v 0.040571 -0.016165 0.096914
v -0.039208 -0.018484 0.097307
v -0.038809 -0.018311 0.097598
v 0.01598 -0.039998 0.097496
v 0.017374 -0.039461 0.097466
v 0.016597 -0.039279 0.097702
v -0.038371 -0.018149 0.097759
v 0.016144 -0.040385 0.097139
v 0.017545 -0.039804 0.097134
v 0.014692 -0.040919 0.097159
v 0.013943 -0.04078 0.097481
v -0.040121 -0.017442 0.096806
v 0.039515 -0.018596 0.096914
v 0.013965 -0.040405 0.097656
v 0.039207 -0.018441 0.097307
v 0.038121 -0.019718 0.097598
v 0.01319 -0.041448 0.097137
v 0.011773 -0.041466 0.097476
v 0.037709 -0.019447 0.097764
v 0.011705 -0.040997 0.097703
v 0.011533 -0.041936 0.09714
v 0.038275 -0.021175 0.09682
v -0.041105 -0.014975 0.096806
v -0.012857 -0.041411 0.097275
v 0.037859 -0.021077 0.097307
v -0.041158 -0.013599 0.097307
v -0.040741 -0.013476 0.097598
v -0.014861 -0.040706 0.0973
v -0.016887 -0.03994 0.097273
v -0.017022 -0.04023 0.096891
v -0.041938 -0.012454 0.096806
v -0.018449 -0.039209 0.0973
v 0.036545 -0.024013 0.096835
v 0.035612 -0.024714 0.097307
v 0.035262 -0.024454 0.097598
v -0.026902 -0.034174 0.097139
v -0.028091 -0.033183 0.097159
v 0.035165 -0.026025 0.096806
v -0.0293 -0.032147 0.097137
v 0.033521 -0.02811 0.096806
v 0.032356 -0.028845 0.097307
v 0.032041 -0.028545 0.097598
v 0.031707 -0.028183 0.097764
v -0.043351 -0.005374 0.096891
v 0.031754 -0.030092 0.096806
v 0.041612 -0.008173 0.097763
v 0.030087 -0.031981 0.096417
v 0.029434 -0.031246 0.097577
v 0.013728 -0.040124 0.097763
v 0.02481 -0.036222 0.096433
v 0.021314 -0.038139 0.096915
v 0.021157 -0.037831 0.097308
v 0.020966 -0.037438 0.097598
v 0.020826 -0.036949 0.097766
v 0.042226 -0.005923 0.0977
v 0.011586 -0.042226 0.096713
v -0.012342 -0.041114 0.097577
v 0.028951 -0.033002 0.096443
v 0.027808 -0.033973 0.096433
v 0.008896 -0.042756 0.096914
v 0.007544 -0.042685 0.097307
v 0.007482 -0.042254 0.097598
v 0.006287 -0.043218 0.096914
v 0.003667 -0.043751 0.096444
v 0.003653 -0.043519 0.096914
v 0.003633 -0.043175 0.097307
v 0.001984 -0.042873 0.097598
v 0.002013 -0.04238 0.097764
v 0.000671 -0.043903 0.096444
v 0.000674 -0.043671 0.096914
v 0.000677 -0.043326 0.097307
v -0.002203 -0.043839 0.09647
v -0.002308 -0.043611 0.096914
v -0.003597 -0.043197 0.097307
v -0.003547 -0.042765 0.097598
v -0.004956 -0.043466 0.096806
v -0.007584 -0.043085 0.096806
v -0.008802 -0.042444 0.097307
v -0.0087 -0.04202 0.097598
v -0.00861 -0.041662 0.097732
v -0.010184 -0.042546 0.096806
v -0.024251 -0.011859 0.0973
v -0.026871 -0.010106 0.0973
v -0.025849 -0.011046 0.0973
v -0.021328 -0.011958 0.0973
v -0.022687 -0.012081 0.0973
v -0.017994 -0.009743 0.0973
v -0.027794 -0.008631 0.0973
v -0.019559 -0.01122 0.0973
v -0.017069 -0.007622 0.0973
v -0.028552 -0.005641 0.0973
v -0.028998 -0.002682 0.0973
v -0.017622 0.003213 0.0973
v -0.017028 0.005687 0.0973
v -0.024407 0.011799 0.0973
v -0.026871 0.010106 0.0973
v -0.025849 0.011046 0.0973
v -0.020548 0.011705 0.0973
v -0.022343 0.01211 0.0973
v -0.017436 0.008728 0.0973
v -0.01702 0.00717 0.0973
v -0.018177 0.009932 0.0973
v -0.019128 0.010909 0.0973
v -0.028501 -0.005928 0.1063
v -0.027757 -0.008691 0.106295
v -0.028965 -0.002917 0.1063
v -0.019603 0.011242 0.1063
v -0.021307 0.011953 0.1063
v -0.026638 0.0104 0.106299
v -0.01822 0.010017 0.1063
v -0.017309 0.008411 0.1063
v -0.024933 0.01159 0.106299
v -0.017013 0.007034 0.1063
v -0.02315 0.012073 0.1063
v -0.017018 0.005748 0.106297
v -0.017746 0.00262 0.1063
v -0.022134 -0.012082 0.1063
v -0.023565 -0.011998 0.106301
v -0.017013 -0.007034 0.1063
v -0.024933 -0.01159 0.106299
v -0.017309 -0.008411 0.1063
v -0.026638 -0.0104 0.106299
v -0.01822 -0.010017 0.1063
v -0.019568 -0.011215 0.106296
v -0.020797 -0.011787 0.1063
v 0.020724 -0.011783 0.0973
v 0.01769 -0.009268 0.0973
v 0.019076 -0.010869 0.0973
v 0.025596 -0.011231 0.0973
v 0.022582 -0.012102 0.0973
v 0.024147 -0.011867 0.0973
v 0.028179 -0.007421 0.0973
v 0.027197 -0.009739 0.0973
v 0.017622 -0.003213 0.0973
v 0.028998 -0.002682 0.0973
v 0.017933 0 0.0973
v 0.029101 0.000418 0.0973
v 0.028922 0.003406 0.0973
v 0.017622 0.003213 0.0973
v 0.028378 0.00646 0.0973
v 0.028448 0.006177 0.1063
v 0.028998 0.002681 0.1063
v 0.029101 -0.000418 0.1063
v 0.028922 -0.003406 0.1063
v 0.028066 -0.007807 0.106301
v 0.020828 -0.011834 0.106298
v 0.018984 -0.010794 0.1063
v 0.027181 -0.009743 0.106295
v 0.017765 -0.009368 0.1063
v 0.025691 -0.011169 0.1063
v 0.01708 -0.00761 0.106297
v 0.024375 -0.011792 0.106302
v 0.022944 -0.01209 0.106297
v 0.017048 0.005595 0.1063
v 0.017667 0.003023 0.1063
vn 0.7239 0.1485 0.6737
vn 0.674 0.1753 0.7176
vn -0.6664 0.0342 0.7448
vn -0.7464 0.1531 0.6477
vn -0.5851 0.3093 0.7496
vn -0.6037 0.4727 0.642
vn -0.445 0.5058 0.739
vn -0.3112 0.678 0.6659
vn -0.2832 0.6618 0.6941
vn 0.0391 0.6807 0.7315
vn 0.0662 0.7135 0.6975
vn 0.3329 0.6461 0.6868
vn 0.3072 0.6367 0.7073
vn 0.5105 0.4539 0.7304
vn 0.5833 0.4583 0.6705
vn 0.7239 0.1485 0.6738
vn -0.724 0.1485 0.6736
vn -0.674 0.1754 0.7176
vn -0.5105 0.4539 0.7304
vn -0.5833 0.4584 0.6705
vn -0.3152 0.6617 0.6803
vn -0.3209 0.6648 0.6746
vn -0.0405 0.6588 0.7512
vn 0.0485 0.7672 0.6396
vn 0.3328 0.6462 0.6868
vn 0.2693 0.6218 0.7354
vn 0.5105 0.4538 0.7304
vn 0.5834 0.4582 0.6706
vn 0.724 0.1485 0.6736
vn 0.674 0.1754 0.7176
vn -0.7239 0.1485 0.6738
vn -0.674 0.1753 0.7176
vn -0.5105 0.4538 0.7304
vn -0.5834 0.4582 0.6706
vn -0.3208 0.6648 0.6746
vn -0.0404 0.6588 0.7512
vn 0.0485 0.7671 0.6396
vn 0.2694 0.6218 0.7354
vn 0.5833 0.4584 0.6705
vn -0.7239 0.1485 0.6737
vn -0.5104 0.4539 0.7304
vn 0.0485 0.767 0.6398
vn 0.2693 0.6218 0.7355
vn -0.0949 -0.7561 0.6476
vn -0.1455 -0.6406 0.7539
vn 0.7073 -0.1446 0.692
vn 0.7187 -0.1402 0.681
vn -0.3332 -0.6819 0.6512
vn -0.3538 -0.5547 0.7531
vn 0.6192 -0.2729 0.7363
vn -0.5346 -0.5421 0.6484
vn 0.6632 -0.3737 0.6484
vn -0.5129 -0.3951 0.7621
vn 0.493 -0.4356 0.7531
vn -0.704 -0.3465 0.6199
vn 0.5083 -0.5637 0.651
vn 0.1225 -0.682 0.721
vn 0.1091 -0.6661 0.7379
vn 0.3241 -0.5758 0.7506
vn 0.3061 -0.676 0.6703
vn 0.6624 -0.1515 0.7337
vn 0.6786 -0.1644 0.7159
vn 0.7588 -0.0859 0.6456
vn 0.6468 -0.017 0.7625
vn 0.7441 -0.0438 0.6667
vn 0.6587 -0.0362 0.7516
vn 0.7661 -0.0922 0.6361
vn 0.6659 -0.1186 0.7366
vn 0.7022 -0.1942 0.685
vn 0.6817 -0.1808 0.7089
vn -0.2311 -0.9729 0.0021
vn -0.218 -0.976 -0.001
vn 0.9948 -0.1012 0.0092
vn 0.9796 -0.201 -0.0032
vn -0.5667 -0.8239 0.0049
vn -0.5377 -0.8431 -0.0019
vn 0.9058 -0.4238 0.0031
vn 0.9151 -0.4033 -0.0008
vn 0.7529 -0.6582 -0.0009
vn -0.7926 -0.6098 -0.0075
vn 0.7493 -0.6622 -0.0019
vn -0.8368 -0.5475 0.0072
vn 0.5059 -0.8626 0.0019
vn 0.4889 -0.8723 -0.0019
vn 0.1749 -0.9846 0.0022
vn 0.1598 -0.9872 -0.0014
vn 0.9997 -0.0257 0.0038
vn -0.9724 -0.2333 -0.001
vn -0.972 -0.235 -0.0005
vn -0.9953 -0.0964 -0.0047
vn -0.993 -0.1182 0.0012
vn 0.9985 -0.0548 -0.0048
vn 0.9953 -0.0963 0.0063
vn 0.9845 -0.1753 -0.0053
vn 0.9722 -0.2339 0.0067
vn 0.9633 -0.2683 -0.0022
vn 0.1506 0.2877 0.9458
vn 0.1469 0.2829 0.9478
vn 0.2726 0.86 0.4313
vn 0.2746 0.8538 0.4423
vn 0.4794 0.8206 0.3111
vn 0.3179 0.0695 0.9456
vn 0.3225 0.0729 0.9437
vn 0.5627 0.1151 0.8186
vn 0.4731 0.7577 0.4495
vn 0.4096 0.7086 0.5746
vn 0.3024 0.8447 0.4416
vn 0.3049 0.8466 0.4363
vn 0.3248 0.0564 0.9441
vn 0.3158 0.5214 0.7927
vn 0.3387 0.8413 0.4214
vn 0.5715 0.083 0.8164
vn 0.5343 0.7728 0.3426
vn 0.4903 0.746 0.4506
vn 0.4725 0.6781 0.563
vn 0.3235 0.0371 0.9455
vn 0.5717 0.0624 0.8181
vn 0.3747 0.5379 0.7552
vn 0.3184 0.4867 0.8135
vn 0.3736 0.8243 0.4254
vn 0.2423 0.3525 0.9039
vn 0.4065 0.8885 0.2128
vn 0.175 0.2653 0.9482
vn 0.1229 0.1784 0.9763
vn 0.0288 0.0475 0.9985
vn -0.9297 0.1225 0.3473
vn -0.9387 0.1525 0.3092
vn -0.9185 0.1724 0.3559
vn -0.214 0.2573 0.9423
vn -0.2083 0.2651 0.9414
vn 0.2625 0.3264 0.9081
vn -0.1834 0.2657 0.9464
vn 0.1907 0.2293 0.9545
vn -0.3603 0.87 0.3367
vn -0.3571 0.8796 0.3143
vn -0.3225 0.9363 0.1392
vn -0.3099 0.8815 0.3562
vn 0.3039 0.3258 0.8953
vn 0.1158 0.3141 0.9423
vn 0.1456 0.1535 0.9774
vn 0.1941 0.219 0.9562
vn 0.1255 0.313 0.9414
vn 0.1384 0.2917 0.9464
vn 0.5681 0.7404 0.3593
vn 0.6272 0.7659 0.1412
vn 0.6078 0.7082 0.3592
vn 0.6714 0.7272 0.1429
vn 0.6788 0.66 0.322
vn 0.6645 0.6212 0.4153
vn 0.5918 0.5725 0.5675
vn 0.8679 0.1877 0.4599
vn 0.3183 0.057 0.9463
vn 0.334 0.0465 0.9414
vn 0.5338 0.4953 0.6854
vn 0.3249 0.0368 0.945
vn 0.4658 0.4413 0.767
vn 0.8893 0.1618 0.4278
vn 0.8839 0.1632 0.4383
vn 0.4083 0.3782 0.8308
vn -0.9746 0.0285 0.2223
vn 0.3141 0.3005 0.9006
vn -0.9099 0.003 0.4148
vn 0.2382 0.2187 0.9463
vn 0.8978 0.1272 0.4215
vn 0.1429 0.1387 0.98
vn -0.6657 0.0392 0.7452
vn -0.9733 0.0637 0.2206
vn -0.5124 0.0248 0.8584
vn 0.6981 0.5862 0.4111
vn 0.6952 0.5858 0.4165
vn -0.9374 0.0807 0.3387
vn 0.9008 0.0886 0.4251
vn -0.4425 0.0281 0.8964
vn 0.9727 0.0922 0.2131
vn -0.3161 0.0157 0.9486
vn -0.8293 0.0575 0.5559
vn -0.8245 0.0548 0.5633
vn 0.0393 0.033 0.9987
vn 0.6049 0.508 0.6132
vn -0.673 0.0412 0.7385
vn -0.4373 0.0504 0.8979
vn -0.6512 0.0823 0.7544
vn -0.6412 0.0846 0.7627
vn -0.6391 0.1008 0.7625
vn -0.6258 0.1043 0.773
vn 0.7327 0.5429 0.4105
vn 0.7291 0.5426 0.4171
vn -0.429 0.0739 0.9003
vn 0.5793 0.4386 0.687
vn 0.6043 0.4478 0.659
vn 0.3981 0.3015 0.8664
vn 0.447 0.3298 0.8316
vn -0.6446 0.1313 0.7532
vn -0.6257 0.1402 0.7673
vn 0.2576 0.1895 0.9475
vn 0.2546 0.1878 0.9486
vn -0.4265 0.0965 0.8993
vn -0.642 0.1538 0.7511
vn 0.7588 0.4952 0.423
vn 0.7659 0.4957 0.4094
vn 0.6309 0.4086 0.6596
vn -0.5222 0.5702 0.6341
vn 0.6315 0.4087 0.6589
vn -0.9035 0.2602 0.3406
vn -0.8709 0.2652 0.4138
vn 0.5052 0.3271 0.7986
vn -0.7914 0.2262 0.5679
vn -0.6958 0.2145 0.6855
vn 0.7909 0.4727 0.3885
vn 0.8484 0.4838 0.2148
vn -0.4933 0.5884 0.6406
vn -0.6154 0.1827 0.7667
vn -0.5316 0.1645 0.8308
vn -0.47 0.5879 0.6584
vn -0.4171 0.1217 0.9007
vn -0.5557 0.7129 0.4277
vn -0.4726 0.6031 0.6425
vn -0.2964 0.0941 0.9504
vn -0.1959 0.0554 0.9791
vn -0.5278 0.7274 0.4386
vn -0.4515 0.6186 0.643
vn 0.7549 0.4159 0.507
vn -0.4405 0.6122 0.6567
vn -0.8557 0.3112 0.4134
vn -0.8554 0.3107 0.4145
vn 0.6239 0.3437 0.7019
vn 0.662 0.3562 0.6594
vn -0.7425 0.27 0.613
vn 0.8716 0.4462 0.2033
vn 0.4901 0.2637 0.8308
vn 0.4547 0.2508 0.8546
vn -0.1764 0.4084 0.8956
vn 0.288 0.1589 0.9443
vn 0.2667 0.1496 0.9521
vn -0.2543 0.605 0.7545
vn -0.2467 0.5978 0.7628
vn -0.2323 0.6038 0.7626
vn 0.0585 0.0286 0.9979
vn 0.8397 0.4012 0.3659
vn -0.2225 0.5939 0.7732
vn 0.8202 0.3967 0.4122
vn -0.8349 0.3616 0.4149
vn -0.8356 0.3626 0.4126
vn -0.1571 0.4257 0.8911
vn 0.7188 0.3364 0.6085
vn -0.6697 0.2825 0.6868
vn -0.6899 0.2994 0.6591
vn -0.509 0.2222 0.8316
vn -0.4603 0.1942 0.8663
vn -0.2085 0.6236 0.7535
vn -0.1914 0.6116 0.7677
vn 0.8732 0.3772 0.3086
vn -0.2859 0.1235 0.9503
vn -0.1297 0.4177 0.8993
vn -0.2967 0.1295 0.9461
vn -0.1877 0.6325 0.7515
vn -0.8328 0.433 0.345
vn 0.867 0.346 0.3586
vn -0.8152 0.4071 0.412
vn 0.2327 0.7375 0.6339
vn -0.6692 0.3421 0.6597
vn 0.6838 0.2729 0.6768
vn -0.6771 0.3492 0.6478
vn 0.6839 0.2729 0.6766
vn -0.5361 0.274 0.7985
vn 0.5173 0.2065 0.8305
vn 0.5157 0.206 0.8316
vn 0.8944 0.3237 0.3086
vn 0.2629 0.7211 0.641
vn 0.3079 0.123 0.9434
vn 0.3023 0.1216 0.9454
vn -0.0409 0.021 0.9989
vn 0.274 0.7008 0.6586
vn 0.3396 0.8377 0.4278
vn 0.2861 0.7108 0.6425
vn -0.8165 0.4649 0.3423
vn 0.8865 0.2928 0.3583
vn 0.366 0.8207 0.4387
vn 0.31 0.7003 0.643
vn 0.756 0.2497 0.6051
vn 0.3099 0.6875 0.6567
vn -0.7764 0.4709 0.4189
vn 0.9178 0.2637 0.2967
vn -0.6283 0.3794 0.6792
vn -0.6541 0.4043 0.6393
vn -0.4446 0.2684 0.8546
vn -0.4733 0.2925 0.8309
vn -0.7813 0.5246 0.3381
vn 0.2655 0.357 0.8956
vn 0.3969 0.5226 0.7546
vn 0.3944 0.5126 0.7627
vn -0.2682 0.1619 0.9497
vn -0.2733 0.1659 0.9475
vn 0.9057 0.2371 0.3516
vn 0.8887 0.2267 0.3985
vn 0.4067 0.5032 0.7625
vn 0.4031 0.4897 0.7731
vn 0.7184 0.1968 0.6673
vn 0.7275 0.1963 0.6575
vn -0.7671 0.5314 0.3595
vn 0.2901 0.349 0.8911
vn 0.535 0.1488 0.8316
vn 0.5637 0.1522 0.8118
vn 0.2931 0.0827 0.9525
vn 0.3165 0.0854 0.9448
vn -0.6495 0.4543 0.6097
vn 0.4359 0.4924 0.7534
vn 0.434 0.4716 0.7676
vn -0.7628 0.5681 0.3088
vn 0.2969 0.3212 0.8993
vn 0.4539 0.4789 0.7514
vn -0.7332 0.5779 0.3585
vn 0.755 0.1673 0.634
vn -0.5785 0.4559 0.6764
vn -0.5783 0.4557 0.6767
vn 0.756 0.1328 0.6409
vn -0.4361 0.3434 0.8318
vn -0.4373 0.3446 0.8307
vn -0.7272 0.613 0.3088
vn -0.2425 0.1888 0.9516
vn 0.7441 0.1132 0.6584
vn -0.2543 0.2003 0.9462
vn 0.8952 0.1246 0.4278
vn 0.7589 0.1077 0.6422
vn 0.975 0.0545 0.2152
vn 0.8938 0.0935 0.4386
vn 0.7618 0.0818 0.6427
vn -0.6967 0.6213 0.3586
vn 0.8893 0.0327 0.4562
vn 0.8925 0.0315 0.45
vn 0.7548 0.0373 0.6549
vn 0.7029 0.0285 0.7107
vn 0.7502 0.0752 0.657
vn 0.56 0.0284 0.828
vn 0.4748 0.0139 0.88
vn -0.5944 0.5301 0.6047
vn 0.3224 0.021 0.9464
vn -0.0334 0.0304 0.999
vn -0.6868 0.6631 0.2976
vn -0.82 0.1068 0.5623
vn -0.6795 0.664 0.3119
vn -0.6326 0.6463 0.4269
vn -0.8169 0.1515 0.5566
vn -0.5298 0.5239 0.667
vn -0.5337 0.5316 0.6577
vn -0.3963 0.3888 0.8318
vn -0.4136 0.4121 0.8119
vn -0.2275 0.2255 0.9473
vn -0.2312 0.2304 0.9452
vn -0.8024 0.193 0.5647
vn -0.8013 0.1921 0.5665
vn -0.3791 0.4189 0.8251
vn -0.4924 0.5621 0.6646
vn -0.3598 0.4233 0.8315
vn -0.3399 0.4462 0.8279
vn -0.5347 0.817 0.2157
vn -0.4777 0.761 0.439
vn -0.4755 0.7529 0.455
vn -0.4023 0.6358 0.6587
vn -0.4038 0.6396 0.6541
vn -0.3234 0.4528 0.8309
vn -0.2975 0.47 0.831
vn -0.3073 0.4927 0.8141
vn -0.1739 0.2742 0.9458
vn -0.1715 0.2687 0.9478
vn -0.4531 0.8136 0.3643
vn -0.3177 0.7637 0.562
vn -0.2231 0.0307 0.9743
vn -0.2074 0.0258 0.9779
vn -0.4017 0.8559 0.3258
vn -0.2772 0.7832 0.5566
vn -0.4014 0.8055 0.436
vn -0.3611 0.7435 0.5629
vn -0.3352 0.6721 0.6603
vn -0.2857 0.5899 0.7552
vn -0.2481 0.4951 0.8326
vn -0.1842 0.3861 0.9039
vn -0.195 0.038 0.9801
vn -0.1422 0.2841 0.9482
vn -0.0259 0.0473 0.9985
vn -0.0917 0.1931 0.9769
vn -0.2341 0.7915 0.5646
vn -0.2343 0.7903 0.5662
vn 0.1733 0.5376 0.8252
vn -0.6555 0.7284 0.1993
vn -0.6553 0.7237 0.2164
vn 0.2406 0.7073 0.6647
vn 0.1867 0.5234 0.8314
vn -0.6284 0.7412 0.2362
vn -0.6198 0.7631 0.1831
vn -0.6019 0.7639 0.2326
vn 0.2165 0.5174 0.8279
vn -0.5769 0.7979 0.1748
vn 0.2305 0.5065 0.8308
vn -0.2275 0.9128 0.3391
vn -0.2057 0.8861 0.4153
vn -0.1998 0.7987 0.5675
vn -0.1621 0.7101 0.6851
vn -0.1494 0.624 0.767
vn -0.1233 0.5425 0.8309
vn 0.5025 0.6568 0.5622
vn -0.1032 0.4222 0.9006
vn -0.0667 0.3037 0.9504
vn -0.05 0.1973 0.9791
vn 0.5398 0.6316 0.5565
vn -0.1586 0.8974 0.4118
vn -0.1594 0.8953 0.4159
vn -0.1375 0.7781 0.6128
vn 0.5685 0.5986 0.5644
vn 0.5673 0.5981 0.5661
vn -0.1011 0.98 0.1717
vn 0.3029 0.9319 0.1993
vn 0.2992 0.9296 0.2153
vn -0.1111 0.8901 0.4419
vn -0.1038 0.9058 0.4107
vn 0.5523 0.1187 0.8252
vn -0.0902 0.7211 0.6869
vn 0.7327 0.1453 0.6648
vn -0.0856 0.7474 0.6589
vn 0.3278 0.9147 0.2362
vn 0.3508 0.9183 0.1835
vn 0.5461 0.0996 0.8318
vn -0.0621 0.5518 0.8317
vn -0.062 0.4958 0.8662
vn 0.3605 0.9032 0.2329
vn -0.036 0.3093 0.9503
vn -0.0362 0.3216 0.9462
vn 0.5648 0.0839 0.821
vn -0.0487 0.9589 0.2795
vn 0.4023 0.8987 0.1746
vn -0.0456 0.8955 0.4427
vn -0.0455 0.8959 0.4418
vn 0.5581 0.0563 0.8278
vn -0.0383 0.751 0.6592
vn -0.0383 0.7508 0.6595
vn -0.0307 0.6014 0.7983
vn -0.0131 0.9918 0.1268
vn 0.1267 0.1645 0.9782
vn -0.9416 0.1108 0.318
vn -0.0021 0.0441 0.999
vn -0.824 0.1056 0.5566
vn 0.0192 0.966 0.2579
vn -0.8022 0.1313 0.5824
vn 0.018 0.8966 0.4425
vn 0.0157 0.8911 0.4534
vn -0.8013 0.1581 0.577
vn -0.9286 0.1944 0.3161
vn 0.0225 0.7511 0.6598
vn 0.0143 0.7122 0.7018
vn 0.0503 0.9804 0.1905
vn 0.0166 0.556 0.831
vn 0.0102 0.5195 0.8544
vn -0.9159 0.2171 0.3376
vn -0.9196 0.2251 0.322
vn 0.0082 0.3195 0.9476
vn 0.0059 0.3025 0.9531
vn 0.9628 0.2049 0.1759
vn -0.2285 0.2474 0.9416
vn 0.0837 0.9334 0.3489
vn -0.3812 0.4298 0.8185
vn 0.9527 0.1772 0.2469
vn 0.067 0.8941 0.4428
vn 0.9707 0.1553 0.1832
vn -0.2134 0.2424 0.9464
vn 0.068 0.7907 0.6084
vn 0.9626 0.1393 0.2325
vn -0.2071 0.255 0.9445
vn -0.3606 0.457 0.8131
vn 0.1102 0.9448 0.3085
vn 0.9795 0.1011 0.1741
vn -0.3367 0.459 0.8222
vn -0.1814 0.2539 0.9501
vn 0.1339 0.9239 0.3584
vn -0.4274 0.052 0.9026
vn 0.1057 0.729 0.6763
vn 0.1055 0.7287 0.6767
vn 0.0798 0.551 0.8307
vn 0.0793 0.5493 0.8318
vn 0.1669 0.9364 0.3087
vn -0.4187 0.0693 0.9055
vn -0.3205 0.7664 0.5567
vn 0.0445 0.3195 0.9466
vn -0.2189 0.0362 0.9751
vn 0.049 0.3394 0.9394
vn -0.2874 0.7604 0.5824
vn -0.319 0.8894 0.3274
vn 0.1897 0.914 0.3587
vn -0.4207 0.0935 0.9024
vn -0.2638 0.7731 0.5769
vn -0.2143 0.047 0.9756
vn 0.1619 0.7798 0.6047
vn -0.2682 0.8967 0.352
vn -0.275 0.9302 0.2431
vn -0.2646 0.9088 0.3225
vn 0.2308 0.9265 0.2973
vn -0.6085 0.6662 0.4312
vn -0.602 0.6647 0.4424
vn 0.0231 0.1121 0.9934
vn 0.1002 0.322 0.9414
vn 0.1817 0.5449 0.8186
vn -0.5802 0.6842 0.4418
vn 0.2353 0.9205 0.3119
vn -0.5806 0.6872 0.4366
vn 0.2434 0.8709 0.427
vn 0.1033 0.3061 0.9464
vn 0.1888 0.7208 0.667
vn 0.1936 0.7282 0.6575
vn -0.559 0.7139 0.4217
vn 0.1386 0.5375 0.8318
vn 0.1173 0.3069 0.9445
vn 0.1501 0.5642 0.8119
vn 0.2155 0.5409 0.813
vn 0.0895 0.3294 0.9399
vn 0.0843 0.3171 0.9446
vn 0.2292 0.5211 0.8222
vn -0.5271 0.7357 0.4253
vn -0.5663 0.7964 0.2122
vn 0.1292 0.2841 0.9501
vn 0.5832 0.7735 0.2481
vn 0.5685 0.7599 0.3153
vn -0.1514 0.3905 0.9081
vn 0.5034 0.6604 0.5572
vn -0.0802 0.1969 0.9771
vn -0.1019 0.2769 0.9555
vn 0.5146 0.629 0.5827
vn 0.6105 0.7229 0.3236
vn 0.623 0.7376 0.2604
vn -0.1302 0.4261 0.8953
vn 0.5377 0.6151 0.5767
vn 0.4442 0.8695 0.216
vn -0.0928 0.2784 0.956
vn -0.0594 0.204 0.9772
vn 0.4429 0.8416 0.309
vn 0.4033 0.7984 0.4471
vn 0.38 0.7259 0.5733
vn 0.6435 0.6819 0.3477
vn 0.65 0.6837 0.3317
vn 0.3383 0.6755 0.6551
vn 0.2552 0.4885 0.8344
vn 0.273 0.5126 0.8141
vn 0.3169 0.4336 0.8436
vn -0.4874 0.0503 0.8717
vn 0.6721 0.6686 0.3183
vn 0.4565 0.3012 0.8372
vn 0.9313 0.3412 0.1276
vn -0.8738 0.4855 -0.0276
vn 0.4566 0.074 0.8866
vn -0.5186 0.3511 0.7796
vn -0.3085 0.4479 0.8392
vn -0.3401 0.8234 -0.4543
vn 0.2269 0.801 0.554
vn 0.8348 0.5505 -0.0047
vn 0.8694 0.494 0.0031
vn -0.9942 0.107 -0.0079
vn -0.97 0.243 0.0041
vn 0.9784 0.2066 -0.0003
vn 0.988 0.154 -0.0062
vn -0.8239 0.5668 0.0002
vn -0.8283 0.5602 0.0017
vn -0.5257 0.8506 0.0024
vn -0.5673 0.8235 -0.0033
vn -0.3439 0.939 -0.001
vn -0.1816 0.9833 0.0133
vn -0.0357 0.9994 0.0015
vn 0.2688 0.9632 0.0083
vn 0.314 0.9494 0.0011
vn 0.5901 0.8073 -0.0035
vn 0.6461 0.7632 0.0045
vn 0.0663 0.3677 0.9276
vn 0.3719 0.1049 0.9223
vn 0.2349 0.2799 0.9309
vn 0.2974 0.2734 0.9148
vn 0.3679 0.0861 0.9259
vn -0.3678 0.1223 0.9218
vn -0.2047 0.3266 0.9227
vn -0.296 0.2441 0.9235
vn -0.3631 0.0896 0.9274
vn -0.0818 0.3771 0.9226
vn -0.3253 0.2264 0.9181
vn -0.0713 0.3865 0.9195
vn 0.1059 0.3728 0.9218
vn 0.3421 0.1916 0.9199
vn 0.2967 0.2524 0.921
vn 0.0949 0.3831 0.9188
vn 0.672 0.1575 0.7236
vn 0.8745 0.2065 0.4388
vn 0.6461 0.1146 0.7546
vn 0.9102 0.1615 0.3813
vn 0.7372 0.0269 0.6751
vn -0.7756 0.1715 0.6075
vn -0.7599 0.2138 0.6139
vn -0.7484 0.2515 0.6137
vn -0.7447 0.2923 0.6
vn -0.7132 0.33 0.6184
vn -0.7954 0.4286 0.4285
vn -0.7637 0.4392 0.4732
vn -0.7871 0.4976 0.3645
vn -0.7497 0.531 0.3949
vn -0.7133 0.5196 0.4703
vn -0.6279 0.4534 0.6326
vn -0.6965 0.6066 0.3833
vn -0.6854 0.6016 0.4102
vn 0.4485 0.3773 0.8102
vn 0.7137 0.5913 0.3755
vn 0.4697 0.3542 0.8087
vn 0.7129 0.5242 0.4658
vn 0.3505 0.1655 0.9218
vn 0.6075 0.287 0.7407
vn 0.5074 0.2191 0.8334
vn 0.5497 0.1959 0.8121
vn 0.5934 0.1728 0.7861
vn 0.3676 0.0934 0.9253
vn 0.3709 0.0739 0.9257
vn 0.6292 0.1164 0.7685
vn -0.7146 -0.002 0.6995
vn -0.8951 0.0246 0.4451
vn -0.7619 0.1546 0.6289
vn -0.4011 0.0793 0.9126
vn -0.3761 0.0451 0.9255
vn -0.5312 0.0498 0.8458
vn -0.7915 0.1167 0.5999
vn -0.9408 0.1072 0.3214
vn -0.3574 0.0852 0.93
vn -0.7496 0.1887 0.6345
vn -0.3765 0.0949 0.9215
vn -0.7393 0.2259 0.6343
vn -0.3884 0.1187 0.9138
vn -0.3468 0.1207 0.9301
vn -0.7249 0.2638 0.6363
vn -0.3851 0.1453 0.9114
vn -0.5447 0.2607 0.7971
vn -0.456 0.256 0.8524
vn -0.187 0.2182 0.9578
vn -0.2441 0.2734 0.9304
vn -0.4624 0.5223 0.7165
vn -0.4842 0.536 0.6916
vn -0.6409 0.6715 0.3719
vn -0.3785 0.2509 0.8909
vn -0.4878 0.6464 0.5867
vn -0.2066 0.17 0.9635
vn -0.2881 0.2726 0.918
vn -0.2975 0.4793 0.8257
vn -0.5221 0.4662 0.7142
vn -0.3872 0.6236 0.6791
vn -0.3648 0.5998 0.7122
vn -0.1252 0.2479 0.9607
vn -0.1848 0.4112 0.8926
vn -0.319 0.6872 0.6527
vn -0.3272 0.7191 0.613
vn 0.7085 0.5821 0.3991
vn -0.3042 0.8141 0.4947
vn 0.772 0.5274 0.3547
vn 0.6139 0.3875 0.6878
vn 0.7266 0.4417 0.5263
vn -0.1007 0.3833 0.9181
vn -0.1139 0.4591 0.881
vn -0.1882 0.7056 0.6831
vn -0.1944 0.8236 0.5328
vn -0.0713 0.5638 0.8228
vn -0.0744 0.6894 0.7206
vn 0.854 0.3992 0.3337
vn -0.1352 0.851 0.5074
vn 0 0.1049 0.9945
vn -0.0339 0.7728 0.6337
vn -0.0227 0.8516 0.5237
vn 0.6088 0.1886 0.7706
vn 0.7956 0.2537 0.5502
vn 0.8989 0.2348 0.37
vn 0.0309 0.479 0.8773
vn 0.0781 0.6841 0.7251
vn 0.0622 0.8593 0.5077
vn 0.9022 0.1638 0.399
vn 0.135 0.7015 0.6998
vn 0.1403 0.6786 0.7209
vn 0.2284 0.7364 0.6368
vn 0.2426 0.7631 0.599
vn 0.0317 0.09 0.9954
vn 0.1063 0.2561 0.9608
vn 0.3224 0.8088 0.4918
vn 0.2803 0.5337 0.7978
vn 0.3255 0.6198 0.7141
vn 0.3893 0.6987 0.6002
vn -0.3774 0.154 0.9131
vn -0.7324 0.3291 0.5961
vn 0.1852 0.2611 0.9474
vn 0.4771 0.7286 0.4915
vn -0.4787 0.2845 0.8306
vn -0.4594 0.2883 0.8401
vn 0.3516 0.4351 0.8289
vn 0.4495 0.5676 0.6898
vn 0.5522 0.6502 0.5218
vn -0.3463 0.2582 0.9019
vn -0.5258 0.4226 0.7383
vn 0.344 0.3202 0.8827
vn 0.4049 0.411 0.8168
vn 0.6215 0.6275 0.4691
vn 0.6094 0.6008 0.5174
vn -0.5384 0.4733 0.6972
vn 0.4529 0.3854 0.804
vn 0.309 0.2139 0.9267
vn 0.5725 0.407 0.7118
vn 0.3197 0.1944 0.9274
vn 0.4255 0.0257 0.9046
vn 0.4471 0.2501 0.8588
vn 0.6676 0.0393 0.7435
vn 0.7616 0.4381 0.4775
vn 0.7467 0.0722 0.6612
vn 0.424 0.2536 0.8694
vn 0.6144 0.3165 0.7227
vn 0.7568 0.4112 0.5082
vn 0.7969 0.3482 0.4936
vn -0.1816 0.0897 0.9793
vn 0.5576 0.2074 0.8037
vn 0.7812 0.3051 0.5446
vn 0.8302 0.2921 0.4748
vn 0.7459 0.0616 0.6632
vn 0.6651 0.1065 0.7391
vn 0.7154 0.1687 0.6781
vn 0.6475 0.2074 0.7333
vn 0.6843 0.2678 0.6783
vn 0.6114 0.298 0.7331
vn 0.6395 0.3616 0.6784
vn 0.5626 0.3825 0.7329
vn 0.5819 0.448 0.6788
vn 0.5024 0.4592 0.7326
vn 0.5127 0.5254 0.679
vn 0.4318 0.5266 0.7323
vn 0.4333 0.5923 0.6793
vn 0.3522 0.5833 0.7319
vn 0.3453 0.647 0.6798
vn 0.2653 0.628 0.7316
vn 0.2504 0.6888 0.6803
vn 0.1728 0.66 0.7311
vn 0.1506 0.7168 0.6808
vn 0.0755 0.6778 0.7314
vn 0.056 0.7155 0.6964
vn -0.0116 0.7139 0.7002
vn -0.0346 0.6718 0.7399
vn -0.096 0.7302 0.6765
vn -0.1578 0.6886 0.7078
vn -0.1642 0.6586 0.7344
vn -0.2543 0.6854 0.6823
vn -0.2659 0.6294 0.7302
vn -0.3487 0.6431 0.6817
vn -0.3529 0.5845 0.7306
vn -0.4364 0.588 0.681
vn -0.4326 0.5277 0.731
vn -0.5153 0.521 0.6804
vn -0.5033 0.4601 0.7314
vn -0.584 0.4434 0.68
vn -0.5636 0.3832 0.7318
vn -0.6411 0.3568 0.6794
vn -0.6124 0.2984 0.7321
vn -0.6853 0.263 0.6791
vn -0.6484 0.2077 0.7325
vn -0.7159 0.1637 0.6788
vn -0.6711 0.1127 0.7328
vn -0.7321 0.0611 0.6784
vn -0.6753 0.0104 0.7374
vn -0.7249 0.0529 0.6869
vn -0.6785 0.12 0.7248
vn -0.7051 0.1578 0.6914
vn -0.6514 0.2476 0.7172
vn -0.6567 0.2571 0.709
vn -0.6189 0.3502 0.7031
vn -0.622 0.3609 0.6949
vn -0.5563 0.4082 0.7238
vn -0.5546 0.4693 0.6872
vn -0.4917 0.4873 0.7216
vn -0.4745 0.5446 0.6915
vn -0.3989 0.5564 0.7289
vn -0.392 0.598 0.699
vn -0.3 0.6448 0.703
vn -0.2674 0.6266 0.732
vn -0.1874 0.7051 0.6839
vn -0.1271 0.6664 0.7347
vn -0.068 0.7302 0.6798
vn 0.0327 0.6781 0.7343
vn 0.0666 0.7152 0.6957
vn 0.1863 0.7008 0.6886
vn 0.1645 0.6876 0.7072
vn 0.2477 0.6414 0.7261
vn 0.3062 0.6581 0.6878
vn 0.3643 0.5773 0.7308
vn 0.3831 0.5844 0.7154
vn 0.4756 0.5459 0.6898
vn 0.4806 0.4952 0.7237
vn 0.5483 0.4283 0.7183
vn 0.5505 0.4658 0.6928
vn 0.6159 0.3493 0.7061
vn 0.6197 0.3595 0.6977
vn 0.6502 0.2414 0.7204
vn 0.6589 0.258 0.7067
vn 0.7066 0.1581 0.6897
vn 0.6832 0.1225 0.7199
vn 0.7196 0.0525 0.6924
vn 0.6885 0.0092 0.7252
vn 0.7414 0.0018 0.6711
vn 0.6873 0.0403 0.7252
vn 0.7219 0.111 0.683
vn 0.6725 0.1309 0.7284
vn 0.6997 0.2107 0.6827
vn 0.6471 0.224 0.7288
vn 0.6637 0.3065 0.6823
vn 0.6089 0.3126 0.7291
vn 0.6147 0.3964 0.682
vn 0.5586 0.3949 0.7293
vn 0.5535 0.4784 0.6817
vn 0.4974 0.4693 0.7297
vn 0.4815 0.5513 0.6814
vn 0.4262 0.5343 0.73
vn 0.3999 0.6132 0.6812
vn 0.3468 0.5887 0.7302
vn 0.3105 0.6634 0.6808
vn 0.2605 0.6314 0.7304
vn 0.2149 0.7005 0.6806
vn 0.1691 0.6615 0.7307
vn 0.115 0.7239 0.6803
vn 0.0743 0.6784 0.7309
vn 0.0129 0.733 0.6801
vn -0.0255 0.676 0.7364
vn -0.0906 0.7355 0.6715
vn -0.1357 0.6619 0.7372
vn -0.1906 0.709 0.679
vn -0.2331 0.6402 0.732
vn -0.2877 0.6753 0.6791
vn -0.3209 0.6012 0.7318
vn -0.3791 0.6283 0.6793
vn -0.4024 0.5503 0.7316
vn -0.463 0.5691 0.6796
vn -0.4759 0.4883 0.7315
vn -0.5376 0.4986 0.68
vn -0.5398 0.4167 0.7314
vn -0.6018 0.4186 0.6802
vn -0.5933 0.3368 0.7311
vn -0.6541 0.3303 0.6805
vn -0.6349 0.2501 0.731
vn -0.6936 0.2357 0.6808
vn -0.6641 0.1584 0.7307
vn -0.732 0.1312 0.6686
vn -0.671 0.0655 0.7385
vn 0.9984 0.0571 -0.0049
vn 0.9964 0.0842 0.01
vn 0.9815 0.191 -0.009
vn 0.9733 0.2295 0.0091
vn 0.9449 0.3271 -0.009
vn 0.9312 0.3644 0.0092
vn 0.8896 0.4567 -0.0091
vn 0.8705 0.4921 0.0092
vn 0.8165 0.5773 -0.0092
vn 0.7923 0.61 0.0093
vn 0.7273 0.6862 -0.0092
vn 0.6984 0.7156 0.0093
vn 0.6235 0.7817 -0.0093
vn 0.5904 0.807 0.0094
vn 0.5075 0.8616 -0.0093
vn 0.4708 0.8822 0.0095
vn 0.3813 0.9244 -0.0094
vn 0.3416 0.9398 0.0095
vn 0.2476 0.9688 -0.0095
vn 0.2057 0.9786 0.0096
vn 0.1089 0.994 -0.0095
vn 0.0783 0.9969 0.0041
vn -0.0152 0.9999 0.0013
vn -0.0376 0.9992 -0.0101
vn -0.1315 0.9913 0.0093
vn -0.2235 0.9747 0.0015
vn -0.2008 0.9796 -0.009
vn -0.3479 0.9375 0.0019
vn -0.3422 0.9396 -0.0018
vn -0.4709 0.8822 -0.0019
vn -0.4767 0.8791 0.0021
vn -0.5902 0.8072 -0.0021
vn -0.5959 0.803 0.0022
vn -0.6979 0.7162 -0.0022
vn -0.7032 0.711 0.0023
vn -0.7916 0.611 -0.0023
vn -0.7965 0.6047 0.0025
vn -0.8738 0.4863 0.0026
vn -0.8697 0.4936 -0.0024
vn -0.9336 0.3583 0.0027
vn -0.9304 0.3665 -0.0026
vn -0.9727 0.2321 -0.0027
vn -0.9748 0.223 0.0028
vn -0.9953 0.0972 -0.0027
vn -0.9965 0.084 0.0044
vn 0.9999 0.0137 -0.0003
vn 1 0.0076 -0.0024
vn 0.9971 0.0751 0.0068
vn 0.9845 0.1752 0.0005
vn 0.9872 0.1594 -0.0048
vn 0.9629 0.2696 0.0078
vn 0.9367 0.35 -0.0044
vn 0.9446 0.3281 0.0018
vn 0.9081 0.4187 0.0072
vn 0.8696 0.4937 -0.0024
vn 0.862 0.5069 0.0011
vn 0.8311 0.556 0.0057
vn 0.7888 0.6146 -0.0029
vn 0.7706 0.6373 0.0031
vn 0.6989 0.7152 0.0004
vn 0.7077 0.7065 -0.0041
vn 0.6316 0.7752 0.0111
vn 0.5637 0.826 0.0035
vn 0.5329 0.8461 -0.0086
vn 0.4647 0.8855 0.0078
vn 0.3583 0.9336 -0.0032
vn 0.3878 0.9217 0.0053
vn 0.2316 0.9728 -0.0003
vn 0.279 0.9603 0.0059
vn 0.189 0.9819 0.0083
vn 0.0914 0.9958 0.0046
vn 0.0481 0.9988 -0.0092
vn -0.0464 0.9989 0.0111
vn -0.137 0.9906 0.0052
vn -0.1845 0.9828 -0.0093
vn -0.2504 0.9681 0.0067
vn -0.3317 0.9434 0.0066
vn -0.3917 0.92 -0.0087
vn -0.438 0.899 0.0061
vn -0.5197 0.8543 0.0109
vn -0.5858 0.8105 -0.0037
vn -0.6024 0.7982 0.0021
vn -0.6784 0.7347 0.0069
vn -0.7107 0.7035 -0.0028
vn -0.7519 0.6592 0.0053
vn -0.8052 0.5931 -0.002
vn -0.8082 0.5889 -0.0008
vn -0.8452 0.5344 0.0035
vn -0.8711 0.4911 -0.0021
vn -0.8918 0.4525 0.0054
vn -0.914 0.4056 0.0054
vn -0.934 0.3572 -0.0009
vn -0.9309 0.3653 -0.0035
vn -0.9479 0.3185 0.0055
vn -0.9626 0.2709 0.0087
vn -0.9754 0.2204 0.0059
vn -0.9848 0.1736 -0.004
vn -0.9915 0.13 0.0072
vn 0.9999 0.0126 -0.0002
vn 0.9992 0.0398 0.0012
vn 0.9946 0.1037 -0.0006
vn 0.9944 0.1053 -0.0004
vn 0.9872 0.1596 0.0013
vn 0.9777 0.2101 -0.0002
vn 0.9759 0.2181 -0.001
vn 0.96 0.2798 0.0017
vn 0.9403 0.3402 -0
vn 0.943 0.3328 -0.0008
vn 0.918 0.3965 0.0015
vn 0.8944 0.4472 -0.0004
vn 0.8966 0.4429 -0.0008
vn 0.8598 0.5106 0.0014
vn 0.8335 0.5525 0.0002
vn 0.8374 0.5466 -0.0005
vn 0.8022 0.5971 0.002
vn 0.7662 0.6426 -0.0002
vn 0.7647 0.6444 0.0001
vn 0.7251 0.6886 0.0019
vn 0.6823 0.7311 -0.0003
vn 0.6841 0.7294 -0.0006
vn 0.6335 0.7737 0.0014
vn 0.5853 0.8109 -0.0001
vn 0.5923 0.8057 -0.0009
vn 0.5622 0.827 0.0015
vn 0.5174 0.8558 0.0011
vn 0.492 0.8706 -0.0011
vn 0.4611 0.8873 0.0011
vn 0.4077 0.9131 0.0006
vn 0.3847 0.9231 -0.0012
vn 0.3554 0.9347 0.0009
vn 0.3069 0.9517 0.0011
vn 0.2719 0.9623 -0.0013
vn 0.2379 0.9713 0.0013
vn 0.1755 0.9845 0.0006
vn 0.1552 0.9879 -0.001
vn 0.1159 0.9933 0.0013
vn 0.0601 0.9982 0.0007
vn 0.0363 0.9993 -0.0013
vn -0.0123 0.9999 0.0015
vn -0.0831 0.9965 -0.0015
vn -0.115 0.9934 0.0015
vn -0.1754 0.9845 0.0013
vn -0.2014 0.9795 -0.0006
vn -0.2318 0.9728 0.0014
vn -0.266 0.964 0.0014
vn -0.3306 0.9438 0.0004
vn -0.3167 0.9485 -0.0009
vn -0.3798 0.9251 0.0016
vn -0.4301 0.9028 0.0001
vn -0.4275 0.904 -0.0002
vn -0.4866 0.8736 0.0018
vn -0.5323 0.8466 -0.0005
vn -0.5333 0.8459 -0.0003
vn -0.5868 0.8097 0.0013
vn -0.6256 0.7802 -0.0006
vn -0.6317 0.7752 0
vn -0.6706 0.7418 0.001
vn -0.7027 0.7115 -0.0011
vn -0.7221 0.6918 0.0013
vn -0.7645 0.6446 0.0014
vn -0.7897 0.6135 -0.0013
vn -0.802 0.5973 0.0005
vn -0.8387 0.5446 0.0014
vn -0.8583 0.5131 -0.0006
vn -0.861 0.5086 -0.0002
vn -0.8935 0.4491 0.0017
vn -0.9126 0.4089 -0.0004
vn -0.9177 0.3974 0.0007
vn -0.9399 0.3414 0.0018
vn -0.958 0.2867 0.0007
vn -0.9542 0.2992 -0.0004
vn -0.9693 0.2459 0.0015
vn -0.9807 0.1953 0.0002
vn -0.9827 0.1853 -0.0005
vn -0.9865 0.1636 0.0009
vn -0.9934 0.1149 0.0015
vn -0.9964 0.0846 0.0005
vn -0.9972 0.0751 -0.0005
vn -1 0.0088 0.0009
vn 0.7444 0.6676 -0.0095
vn -0.9987 0.0498 -0.0093
vn 0.8746 0.4846 0.0129
vn -0.9293 0.3694 0.0069
vn -0.8833 0.4689 -0.004
vn 0.9696 0.2446 -0.0079
vn -0.7172 0.6968 0.0035
vn -0.6621 0.7494 -0.0027
vn -0.3984 0.9172 0.0024
vn -0.3997 0.9167 0.0022
vn 0.0638 0.998 -0.0025
vn 0.093 0.9957 0.0015
vn 0.4364 0.8998 -0.0011
vn 0.4977 0.8673 0.0056
vn 0.7446 0.6675 0.0004
vn 0.7246 0.6891 -0.0041
vn -0.9621 0.2726 0.0013
vn -0.9696 0.2448 -0.0021
vn 0.9388 0.3443 0.0075
vn -0.788 0.6157 0.0042
vn 0.9696 0.2447 -0.0047
vn -0.7445 0.6676 -0.005
vn -0.4364 0.8998 -0.0006
vn -0.3895 0.921 0.0053
vn -0.0665 0.9978 -0.0056
vn 0.0102 0.9999 0.0027
vn 0.375 0.927 0.0015
vn 0.4038 0.9149 -0.0025
vn 0.7445 0.6676 -0.0067
vn 0.8107 0.5855 0.0039
vn -0.9696 0.2447 -0.0047
vn -0.9388 0.3443 0.0075
vn 0.9621 0.2726 0.0013
vn 0.9696 0.2448 -0.0021
vn -0.7246 0.6891 -0.0041
vn -0.7446 0.6675 0.0004
vn -0.4363 0.8998 -0.0023
vn -0.3526 0.9358 0.0066
vn -0.0664 0.9978 -0.0084
vn 0.1273 0.9918 0.0093
vn 0.4039 0.9148 -0.0073
vn 0.5461 0.8377 0.0054
vn -0.9696 0.2446 -0.0079
vn 0.9239 0.3826 0.0064
vn -0.8746 0.4846 0.0129
vn 0.9696 0.2448 -0.0052
vn 0.999 0.0436 0.0037
vn -0.7444 0.6676 -0.0095
vn -0.4977 0.8673 0.0056
vn -0.4364 0.8998 -0.0011
vn -0.1069 0.9943 0.0014
vn -0.0664 0.9978 -0.0036
vn 0.3526 0.9358 0.0046
vn 0.4037 0.9149 -0.0025
vn -0.4565 0.4827 -0.7474
vn -0.5607 0.5668 -0.6036
vn -0.4955 0.618 -0.6104
vn -0.361 0.4791 -0.8001
vn -0.4417 0.7024 -0.5582
vn -0.3 0.5177 -0.8012
vn -0.3557 0.7522 -0.5547
vn -0.2351 0.5489 -0.8021
vn -0.264 0.7908 -0.5522
vn -0.1671 0.572 -0.8031
vn -0.1683 0.8187 -0.5491
vn -0.0969 0.5866 -0.804
vn -0.0696 0.8343 -0.5469
vn -0.0257 0.5929 -0.8048
vn 0.0305 0.8384 -0.5443
vn 0.0456 0.5905 -0.8058
vn 0.1305 0.8301 -0.5421
vn 0.1161 0.5803 -0.8061
vn 0.2291 0.8109 -0.5385
vn 0.1848 0.5613 -0.8068
vn 0.3246 0.7788 -0.5368
vn 0.2504 0.5341 -0.8075
vn 0.4157 0.7357 -0.5348
vn 0.3122 0.4993 -0.8082
vn 0.5012 0.6818 -0.5329
vn 0.3696 0.4577 -0.8087
vn 0.5795 0.6179 -0.5314
vn 0.4211 0.4092 -0.8094
vn 0.6498 0.545 -0.5299
vn 0.4667 0.3553 -0.8099
vn 0.711 0.4642 -0.5282
vn 0.5054 0.2962 -0.8105
vn 0.7621 0.3765 -0.5267
vn 0.537 0.2332 -0.8107
vn 0.8027 0.2833 -0.5247
vn 0.5604 0.1668 -0.8113
vn 0.831 0.1857 -0.5244
vn 0.5758 0.0982 -0.8116
vn 0.8252 0.0874 -0.558
vn 0.5987 0.0289 -0.8005
vn 0.7829 0.0099 -0.622
vn 0.6767 -0.0509 -0.7345
vn 0.6722 -0.051 -0.7386
vn 0.7324 -0.1381 -0.6668
vn 0.6514 -0.1293 -0.7476
vn 0.7206 -0.226 -0.6555
vn 0.6229 -0.2037 -0.7553
vn 0.6983 -0.3129 -0.6438
vn 0.5862 -0.2732 -0.7627
vn 0.6646 -0.3973 -0.6329
vn 0.5423 -0.3372 -0.7695
vn 0.6239 -0.4854 -0.6124
vn 0.5065 -0.4076 -0.7598
vn -0.5772 -0.3749 0.7255
vn -0.6033 -0.3968 0.6918
vn -0.6058 -0.4644 0.646
vn -0.4617 -0.3753 0.8038
vn -0.6056 -0.5786 0.5463
vn -0.4123 -0.4269 0.8049
vn -0.5341 -0.6482 0.5427
vn -0.3572 -0.4722 0.8059
vn -0.4544 -0.7087 0.5396
vn -0.2972 -0.5103 0.807
vn -0.3678 -0.7593 0.5368
vn -0.2333 -0.5412 0.8079
vn -0.2776 -0.818 0.5038
vn -0.1659 -0.5628 0.8098
vn -0.1533 -0.8047 0.5736
vn -0.1062 -0.6325 0.7673
vn -0.05 -0.7781 0.6261
vn -0.0294 -0.637 0.7703
vn 0.043 -0.783 0.6205
vn 0.047 -0.6319 0.7736
vn 0.1363 -0.776 0.6158
vn 0.1218 -0.6182 0.7765
vn 0.2287 -0.7582 0.6105
vn 0.194 -0.5957 0.7794
vn 0.3187 -0.7292 0.6056
vn 0.2629 -0.5654 0.7818
vn 0.4052 -0.6899 0.5999
vn 0.327 -0.5267 0.7846
vn 0.4955 -0.6452 0.5816
vn 0.421 -0.5302 0.736
vn 0.466 -0.4781 0.7445
vn 0.5537 -0.5526 0.6229
vn 0.5218 -0.4198 0.7426
vn 0.5354 -0.4327 0.7254
vn 0.6303 -0.3996 0.6656
vn 0.5688 -0.3536 0.7426
vn 0.675 -0.3222 0.6638
vn 0.6061 -0.2824 0.7436
vn 0.7095 -0.2395 0.6627
vn 0.6349 -0.2076 0.7442
vn 0.6542 -0.1299 0.7451
vn 0.7343 -0.1532 0.6613
vn 0.7495 -0.0635 0.6589
vn 0.667 -0.05 0.7433
vn 0.7481 0.0286 0.663
vn 0.6669 0.0316 0.7445
vn 0.7378 0.1186 0.6645
vn 0.6562 0.1119 0.7463
vn 0.7208 0.2066 0.6616
vn 0.6361 0.1893 0.748
vn 0.6941 0.2926 0.6578
vn 0.6066 0.2635 0.7501
vn 0.6565 0.3747 0.6547
vn 0.5684 0.3332 0.7523
vn 0.6089 0.452 0.6519
vn 0.5226 0.3978 0.7541
vn 0.5525 0.5234 0.6488
vn 0.4696 0.4563 0.7558
vn 0.4877 0.5877 0.6456
vn 0.41 0.5077 0.7577
vn 0.4154 0.6368 0.6496
vn 0.3333 0.533 0.7777
vn 0.3752 0.7237 0.5792
vn 0.2499 0.5331 0.8083
vn 0.3009 0.7915 0.532
vn 0.1839 0.5588 0.8086
vn 0.2044 0.8228 0.5302
vn 0.1153 0.5764 0.809
vn 0.1047 0.8417 0.5296
vn 0.0453 0.5856 0.8094
vn -0.001 0.8691 0.4947
vn -0.0253 0.584 0.8114
vn -0.1142 0.8117 0.5728
vn -0.1027 0.6212 0.7769
vn -0.2041 0.7637 0.6124
vn -0.1741 0.5958 0.784
vn -0.2973 0.745 0.5972
vn -0.2438 0.5692 0.7852
vn -0.3853 0.7062 0.594
vn -0.3095 0.5341 0.7867
vn -0.4775 0.6629 0.5767
vn -0.3817 0.5067 0.773
vn -0.504 0.533 0.6797
vn -0.5521 0.5754 0.6034
vn -0.8354 -0.5497 -0.0027
vn -0.8304 -0.5571 -0.0075
vn -0.7935 -0.6085 0.0093
vn -0.7592 -0.6507 -0.0138
vn -0.723 -0.6908 0.0138
vn -0.6765 -0.7363 -0.0137
vn -0.6358 -0.7717 0.0138
vn -0.5842 -0.8115 -0.0138
vn -0.5397 -0.8418 0.0138
vn -0.4837 -0.8751 -0.0138
vn -0.4359 -0.8999 0.0138
vn -0.3763 -0.9264 -0.0138
vn -0.3213 -0.9468 0.0163
vn -0.2637 -0.9645 -0.0162
vn -0.1872 -0.9822 0.015
vn -0.1473 -0.989 -0.0116
vn -0.0641 -0.9979 0.0116
vn -0.0288 -0.9995 -0.0116
vn 0.0548 -0.9984 0.0116
vn 0.0902 -0.9959 -0.0116
vn 0.173 -0.9848 0.0116
vn 0.2078 -0.9781 -0.0116
vn 0.2887 -0.9573 0.0116
vn 0.3225 -0.9465 -0.0116
vn 0.4005 -0.9162 0.0116
vn 0.4326 -0.9015 -0.0116
vn 0.5064 -0.8622 0.0116
vn 0.5366 -0.8437 -0.0117
vn 0.6085 -0.7934 0.0127
vn 0.6364 -0.7712 -0.0145
vn 0.7082 -0.7059 0.0132
vn 0.7294 -0.6841 -0.0066
vn 0.7778 -0.6285 0.0048
vn 0.7842 -0.6205 -0.0021
vn 0.8446 -0.5355 0.0025
vn 0.8475 -0.5307 -0.0025
vn 0.9025 -0.4307 0.0026
vn 0.9049 -0.4256 -0.0025
vn 0.9475 -0.3198 0.0026
vn 0.9493 -0.3144 -0.0025
vn 0.9789 -0.2042 0.0025
vn 0.9801 -0.1987 -0.0025
vn 0.9964 -0.0851 0.0026
vn 0.9963 -0.0859 0.0033
vn 0.9999 0.0097 -0.0081
vn 0.9992 0.0389 0.0119
vn 0.9923 0.1234 -0.0118
vn 0.9873 0.1587 0.0117
vn 0.9704 0.2411 -0.0118
vn 0.9612 0.2755 0.0117
vn 0.9347 0.3553 -0.0118
vn 0.9214 0.3884 0.0117
vn 0.8878 0.4602 -0.0105
vn 0.8684 0.4957 0.0116
vn 0.8375 0.5464 -0.0118
vn 0.8029 0.596 0.014
vn 0.7694 0.6386 -0.014
vn 0.7259 0.6876 0.0139
vn 0.6876 0.7259 -0.0139
vn 0.6386 0.7694 0.014
vn 0.596 0.8029 -0.014
vn 0.5464 0.8375 0.0118
vn 0.4957 0.8684 -0.0117
vn 0.4602 0.8878 0.0105
vn 0.3884 0.9214 -0.0117
vn 0.3553 0.9347 0.0118
vn 0.2755 0.9612 -0.0117
vn 0.2411 0.9704 0.0118
vn 0.1587 0.9873 -0.0117
vn 0.1234 0.9923 0.0118
vn 0.0389 0.9992 -0.0119
vn -0.0011 0.9999 0.0155
vn -0.08 0.9967 -0.0143
vn -0.1398 0.9901 0.0137
vn -0.1796 0.9837 -0.0093
vn -0.2577 0.9662 0.0113
vn -0.2912 0.9566 -0.0118
vn -0.3706 0.9287 0.0117
vn -0.4035 0.9149 -0.0118
vn -0.4789 0.8778 0.0117
vn -0.5099 0.8602 -0.0119
vn -0.5845 0.8113 0.0131
vn -0.609 0.7931 -0.0107
vn -0.6916 0.7223 0.007
vn -0.7018 0.7123 -0.006
vn -0.768 0.3446 -0.5399
vn -0.5257 0.2648 -0.8084
vn -0.8072 -0.142 -0.573
vn -0.7242 0.4336 -0.5363
vn -0.5615 -0.0812 -0.8234
vn -0.4889 0.3249 -0.8096
vn -0.8411 -0.0451 -0.5389
vn -0.6798 0.5286 -0.5084
vn -0.4585 0.3883 -0.7994
vn -0.5969 -0.0076 -0.8023
vn -0.8376 0.0566 -0.5433
vn -0.5919 0.0637 -0.8035
vn -0.8214 0.1548 -0.549
vn -0.5777 0.1334 -0.8053
vn -0.8006 0.2512 -0.544
vn -0.5556 0.2008 -0.8069
vn -0.5599 0.5683 -0.6029
vn -0.4647 0.4866 -0.7398
vn -0.4017 0.5332 -0.7445
vn -0.4553 0.5928 -0.6643
vn -0.3828 0.6457 -0.6607
vn -0.3331 0.5751 -0.7472
vn -0.304 0.6893 -0.6575
vn -0.2605 0.6083 -0.7497
vn -0.2202 0.7234 -0.6544
vn -0.1848 0.6331 -0.7517
vn -0.1032 0.6255 -0.7733
vn -0.1355 0.7425 -0.656
vn -0.0645 0.8097 -0.5833
vn -0.0256 0.5953 -0.8031
vn 0.0324 0.8418 -0.5389
vn 0.0461 0.5938 -0.8033
vn 0.1326 0.8251 -0.5492
vn 0.117 0.5831 -0.8039
vn 0.2306 0.8046 -0.5472
vn 0.186 0.5639 -0.8046
vn 0.3256 0.7723 -0.5454
vn 0.2521 0.5369 -0.8051
vn 0.4163 0.7293 -0.543
vn 0.3144 0.5021 -0.8057
vn 0.5012 0.6752 -0.5411
vn 0.3719 0.4599 -0.8063
vn 0.5789 0.6112 -0.5397
vn 0.4241 0.4115 -0.8067
vn 0.6487 0.5384 -0.5379
vn 0.4697 0.357 -0.8074
vn 0.6911 0.4508 -0.565
vn 0.516 0.3019 -0.8016
vn 0.7361 0.3816 -0.559
vn 0.5394 0.2337 -0.809
vn 0.7919 0.3011 -0.5313
vn 0.5642 0.1674 -0.8085
vn 0.8212 0.204 -0.5329
vn 0.5808 0.0984 -0.808
vn 0.8386 0.1043 -0.5347
vn 0.5892 0.028 -0.8075
vn 0.8039 0.0082 -0.5948
vn 0.6352 -0.0465 -0.7709
vn 0.7305 -0.0633 -0.68
vn 0.6645 -0.1303 -0.7359
vn 0.7194 -0.1459 -0.6791
vn 0.647 -0.2102 -0.7329
vn 0.6937 -0.2297 -0.6827
vn 0.6196 -0.2877 -0.7303
vn 0.658 -0.3095 -0.6864
vn 0.583 -0.3616 -0.7276
vn 0.6138 -0.3843 -0.6896
vn 0.541 -0.4295 -0.7231
vn 0.5326 -0.4215 -0.7339
vn 0.5519 -0.5186 -0.6531
vn 0.4545 -0.443 -0.7728
vn -0.9219 -0.3874 0.0021
vn -0 0 -1
vn -0.1929 -0.0877 -0.9773
vn 0.3629 -0.8765 -0.3162
vn -0.3638 0.8762 -0.3162
vn -0.3629 0.8766 -0.3161
vn -0.0001 -0 1
vn -0 0 1
vn -0.5986 -0.2454 -0.7625
vn 0.5002 -0.6053 -0.6192
vn 0.4169 -0.5183 -0.7467
vn 0.3489 -0.5618 -0.7501
vn 0.4038 -0.6348 -0.6588
vn 0.277 -0.5955 -0.754
vn 0.3276 -0.6827 -0.6532
vn 0.2457 -0.7211 -0.6479
vn 0.2024 -0.6208 -0.7574
vn 0.1593 -0.7501 -0.6419
vn 0.1256 -0.6364 -0.761
vn 0.0695 -0.7677 -0.637
vn 0.0481 -0.6429 -0.7644
vn -0.0223 -0.7748 -0.6318
vn -0.0292 -0.6404 -0.7675
vn -0.1148 -0.7709 -0.6266
vn -0.1053 -0.6291 -0.7701
vn -0.2067 -0.7562 -0.6209
vn -0.179 -0.6084 -0.7732
vn -0.2964 -0.7295 -0.6164
vn -0.2493 -0.5794 -0.776
vn -0.3828 -0.6926 -0.6114
vn -0.3155 -0.5427 -0.7785
vn -0.4646 -0.6454 -0.6063
vn -0.3761 -0.498 -0.7814
vn -0.5401 -0.5879 -0.6023
vn -0.431 -0.4471 -0.7838
vn -0.609 -0.522 -0.5972
vn -0.4795 -0.3904 -0.7859
vn -0.6487 -0.4428 -0.6189
vn -0.9245 -0.3811 -0
vn -0.9238 -0.3826 0.012
vn -0.9244 -0.3814 -0.0004
vn -0.9241 -0.3822 0.0073
vn -0.9229 -0.3851 -0.0009
vn -0.9235 -0.3835 -0.0029
vn -0.9236 -0.3832 -0.008
vn -0.978 0.2086 0.0088
vn -0.9827 0.1852 -0.0088
vn -0.9961 0.088 0.0096
vn -0.7769 0.6296 0.007
vn -0.9977 0.068 -0.007
vn -0.7894 0.6138 -0.0095
vn -0.999 -0.0448 0.0058
vn -0.8454 0.534 0.0088
vn -0.9985 -0.0541 -0.0025
vn -0.8579 0.5137 -0.0088
vn -0.9857 -0.1686 0.0025
vn -0.9023 0.431 0.0088
vn -0.9849 -0.1729 -0.0017
vn -0.9123 0.4093 -0.0088
vn -0.9467 0.322 0.0088
vn -0.9541 0.2994 -0.0088
vn -0.6589 -0.2722 0.7013
vn -0.5136 -0.2073 0.8326
vn -0.5662 0.0749 0.8209
vn -0.8659 0.0769 0.4943
vn -0.4691 0.418 0.778
vn -0.5661 -0.0056 0.8243
vn -0.6627 0.5382 0.5207
vn -0.8298 -0.0377 0.5567
vn -0.4755 0.3371 0.8126
vn -0.5895 -0.084 0.8034
vn -0.7176 0.4533 0.5288
vn -0.8104 -0.1395 0.569
vn -0.5134 0.2785 0.8117
vn -0.7651 0.3654 0.5302
vn -0.5442 0.2157 0.8107
vn -0.8018 0.2727 0.5318
vn -0.5678 0.1496 0.8095
vn -0.8266 0.1763 0.5345
vn 0.0093 0.0044 -0.9999
vn -0.0002 -0.0001 -1
vn 0.5298 -0.5409 -0.6532
vn 0.5126 -0.5259 -0.6787
vn 0.4049 -0.5099 -0.759
vn 0.486 -0.638 -0.5973
vn 0.3281 -0.5285 -0.783
vn 0.4053 -0.6894 -0.6004
vn 0.263 -0.5657 -0.7815
vn 0.3192 -0.7306 -0.6036
vn 0.194 -0.5955 -0.7796
vn 0.2292 -0.7613 -0.6066
vn 0.1215 -0.6165 -0.7779
vn 0.1363 -0.7806 -0.61
vn 0.0468 -0.6286 -0.7763
vn 0.0421 -0.789 -0.6129
vn -0.0292 -0.6321 -0.7744
vn -0.0455 -0.744 -0.6666
vn -0.1135 -0.6998 -0.7052
vn -0.1097 -0.6535 -0.749
vn -0.2054 -0.7269 -0.6553
vn -0.1867 -0.6332 -0.7511
vn -0.2919 -0.7005 -0.6512
vn -0.2602 -0.6036 -0.7537
vn -0.3747 -0.6631 -0.648
vn -0.3293 -0.5654 -0.7562
vn -0.4528 -0.616 -0.6446
vn -0.3933 -0.5199 -0.7583
vn -0.5253 -0.56 -0.6407
vn -0.4507 -0.4667 -0.7609
vn -0.5752 -0.4927 -0.653
vn -0.4782 -0.3887 -0.7876
vn -0.6546 -0.4759 -0.5874
vn -0.5281 -0.343 -0.7769
vn -0.6829 -0.3885 -0.6186
vn -0.6703 -0.3827 -0.6358
vn -0.585 -0.2551 -0.7698
vn -0.7261 -0.3029 -0.6172
vn -0.6276 -0.1768 -0.7582
vn -0.8096 -0.2107 -0.5479
vn -0.5995 -0.0879 -0.7956
vn -0.727 -0.0952 -0.68
vn -0.6813 -0.0074 -0.7319
vn -0.6224 -0.0108 -0.7826
vn -0.8474 0.0638 -0.5271
vn -0.5606 0.0749 -0.8247
vn -0.8306 0.1566 -0.5343
vn -0.5692 0.1499 -0.8084
vn -0.8047 0.2524 -0.5373
vn -0.5492 0.2176 -0.8069
vn -0.7669 0.3437 -0.542
vn -0.5209 0.2825 -0.8055
vn -0.7183 0.4294 -0.5474
vn -0.4854 0.3441 -0.8038
vn -0.6823 0.5306 -0.5029
vn -0.4497 0.4007 -0.7983
vn -0.7028 -0.7114 0.0031
vn 0.9979 -0.0642 -0.0032
vn -0.9123 -0.4095 -0.0009
vn -0.9138 -0.4062 -0.0014
vn 0.9473 -0.3204 0.0042
vn -0.9994 -0.0348 0.0015
vn 0.9139 -0.406 -0.0048
vn -0.9979 -0.0641 0.0054
vn 0.7196 -0.6943 0.0051
vn 0.6733 -0.7394 -0.002
vn 0.4203 -0.9074 -0.001
vn 0.37 -0.929 0.0041
vn 0.064 -0.9979 -0.0049
vn 0.0146 -0.9999 0.0009
vn -0.3458 -0.9383 0.0043
vn -0.3997 -0.9166 -0.0024
vn -0.6738 -0.7389 -0.0015
vn -0.8046 -0.5938 0.007
vn 0.9979 -0.0642 0.0004
vn 0.9974 -0.0726 0.0012
vn -0.9138 -0.406 -0.0071
vn -0.9853 -0.1709 0.0082
vn 0.9123 -0.4095 -0.0009
vn 0.9138 -0.4062 -0.0014
vn -0.9979 -0.064 -0.0025
vn 0.6922 -0.7217 0.0033
vn 0.6735 -0.7392 0
vn 0.4203 -0.9074 -0.0045
vn 0.2789 -0.9603 0.0068
vn 0.0638 -0.9979 -0.0073
vn -0.1202 -0.9927 0.0077
vn -0.3997 -0.9166 -0.0051
vn -0.5195 -0.8544 0.005
vn -0.6737 -0.739 -0.005
vn -0.6751 -0.7377 0.001
vn -0.8784 -0.4779 0.0028
vn 0.9979 -0.064 -0.0025
vn 0.9853 -0.1709 0.0082
vn -0.9138 -0.4062 -0.0052
vn -0.9956 -0.0933 0.0033
vn 0.9138 -0.406 -0.0071
vn -0.9979 -0.0642 0.0004
vn 0.7831 -0.6218 0.0092
vn 0.6733 -0.7393 -0.0057
vn 0.4203 -0.9074 0.0008
vn 0.353 -0.9356 0.0089
vn 0.0639 -0.9979 -0.01
vn -0.2134 -0.9769 0.013
vn -0.3997 -0.9166 -0.0062
vn -0.6738 -0.7389 0.0007
vn 0.9979 -0.0641 0.0054
vn 0.9994 -0.0348 0.0015
vn -0.922 -0.3872 -0.0084
vn -0.9862 -0.1654 0.0098
vn 0.8948 -0.4465 0.0039
vn 0.6734 -0.7392 -0.0056
vn 0.5397 -0.8418 0.0092
vn 0.4203 -0.9074 -0.0026
vn 0.0638 -0.998 -0.0015
vn 0.0116 -0.9999 0.0062
vn -0.3997 -0.9166 -0.0046
vn -0.502 -0.8648 0.0061
vn -0.6738 -0.7389 -0.0049
vn -0.9998 -0.0174 -0.0004
vn -0.9992 -0.0398 0.0011
vn -0.9946 -0.1036 0.0006
vn -0.9915 -0.1298 -0.0012
vn -0.9872 -0.1596 0.0008
vn -0.9777 -0.2101 0.0011
vn -0.9677 -0.2522 -0.0016
vn -0.96 -0.2798 0.0011
vn -0.9403 -0.3402 0.0016
vn -0.918 -0.3965 -0
vn -0.9231 -0.3845 -0.0013
vn -0.8944 -0.4473 0.0014
vn -0.8598 -0.5107 0.0005
vn -0.8683 -0.496 -0.0011
vn -0.8336 -0.5524 0.0017
vn -0.8088 -0.5881 0.0002
vn -0.8022 -0.5971 0.001
vn -0.7594 -0.6506 0.0009
vn -0.7647 -0.6444 0.0001
vn -0.7251 -0.6886 0.0019
vn -0.6841 -0.7294 -0.0006
vn -0.6823 -0.7311 -0.0003
vn -0.6335 -0.7737 0.0013
vn -0.5853 -0.8109 -0.0001
vn -0.5923 -0.8057 -0.0009
vn -0.5622 -0.827 0.0015
vn -0.5174 -0.8558 0.0011
vn -0.492 -0.8706 -0.0011
vn -0.4611 -0.8873 0.0011
vn -0.4077 -0.9131 0.0006
vn -0.3847 -0.9231 -0.0012
vn -0.3554 -0.9347 0.0009
vn -0.3069 -0.9517 0.0011
vn -0.2719 -0.9623 -0.0013
vn -0.2379 -0.9713 0.0013
vn -0.1755 -0.9845 0.0007
vn -0.16 -0.9871 -0.0006
vn -0.1159 -0.9933 0.0012
vn -0.0611 -0.9981 -0.0004
vn -0.0601 -0.9982 -0.0003
vn 0.0123 -0.9999 0.0014
vn 0.0533 -0.9986 -0.0018
vn 0.1149 -0.9934 0.002
vn 0.172 -0.9851 -0.0002
vn 0.1754 -0.9845 0.0001
vn 0.2318 -0.9728 0.0019
vn 0.2659 -0.964 0.0007
vn 0.2882 -0.9576 -0.0012
vn 0.3305 -0.9438 0.0015
vn 0.3798 -0.9251 0.0008
vn 0.4003 -0.9164 -0.0007
vn 0.43 -0.9028 0.0015
vn 0.4866 -0.8736 0.0011
vn 0.5068 -0.8621 -0.0007
vn 0.5334 -0.8459 0.0012
vn 0.5868 -0.8097 0.0005
vn 0.6059 -0.7955 -0.0012
vn 0.6317 -0.7752 0.0009
vn 0.6706 -0.7418 0.0011
vn 0.6992 -0.715 -0.0015
vn 0.7221 -0.6918 0.0013
vn 0.7645 -0.6446 0.0014
vn 0.7897 -0.6135 -0.0013
vn 0.802 -0.5973 0.0005
vn 0.8387 -0.5446 0.0014
vn 0.8583 -0.5131 -0.0006
vn 0.861 -0.5086 -0.0002
vn 0.8935 -0.4491 0.0017
vn 0.9126 -0.4089 -0.0004
vn 0.9177 -0.3974 0.0007
vn 0.9399 -0.3414 0.0018
vn 0.9542 -0.2992 -0.0004
vn 0.958 -0.2867 0.0007
vn 0.9693 -0.2459 0.0015
vn 0.9807 -0.1953 0.0002
vn 0.9865 -0.1636 0.0009
vn 0.9827 -0.1853 -0.0005
vn 0.9934 -0.1149 0.0015
vn 0.9964 -0.0846 0.0004
vn 0.9972 -0.0751 -0.0005
vn 1 -0.0088 0.0009
vn -0.0262 0.0171 0.9995
vn -0.0179 0.0108 0.9998
vn 0.0017 -0.0018 1
vn 0.0025 -0.002 1
vn 0.0172 -0.0044 0.9998
vn -0.0026 0.0081 1
vn 0.0024 -0.0024 1
vn 0.5664 0.0527 0.8224
vn 0.0047 -0.003 1
vn -0.0793 -0.023 0.9966
vn -0.0077 0.0018 1
vn -0.0444 -0.0116 0.9989
vn -0.0585 -0.0174 0.9981
vn 0.0007 0.0026 1
vn -0.0003 0.0004 1
vn -0.1189 -0.0937 0.9885
vn -0.0004 -0.0005 1
vn -0.0605 -0.0522 0.9968
vn 0.1196 0.0935 0.9884
vn -0.0002 -0.0007 1
vn 0.0399 0.0311 0.9987
vn -0.0627 -0.038 0.9973
vn 0.0004 0.0005 1
vn 0.1804 0.0583 0.9819
vn 0.0006 0.0014 1
vn 0.0777 0.0299 0.9965
vn -0 -0.0001 1
vn 0 -0.0002 1
vn 0.0002 -0.0004 1
vn 0.2631 0.0429 0.9638
vn -0.0029 0.0025 1
vn -0.0004 -0.0003 1
vn 0.0137 -0.003 0.9999
vn -0.0009 -0.0012 1
vn -0.0007 -0 1
vn 0.0019 -0.0065 1
vn 0.0036 -0.0021 1
vn 0.0109 -0.0086 0.9999
vn -0.0028 0.0052 1
vn -0.9999 -0.0137 -0.003
vn -0.9998 -0.0207 -0.0006
vn -0.9971 -0.0751 0.0068
vn -0.9845 -0.1752 0.0005
vn -0.9872 -0.1594 -0.0048
vn -0.9629 -0.2696 0.0078
vn -0.9367 -0.35 -0.0044
vn -0.9446 -0.3281 0.0018
vn -0.9081 -0.4187 0.0072
vn -0.8696 -0.4937 -0.0024
vn -0.862 -0.5069 0.0011
vn -0.8311 -0.556 0.0057
vn -0.7888 -0.6146 -0.0029
vn -0.7706 -0.6373 0.0031
vn -0.6989 -0.7152 0.0004
vn -0.7077 -0.7065 -0.0041
vn -0.6316 -0.7752 0.0111
vn -0.5329 -0.8461 -0.0086
vn -0.5637 -0.826 0.0035
vn -0.4647 -0.8855 0.0078
vn -0.3583 -0.9336 -0.0032
vn -0.3878 -0.9217 0.0053
vn -0.2316 -0.9728 -0.0003
vn -0.279 -0.9603 0.0059
vn -0.189 -0.9819 0.0083
vn -0.0914 -0.9958 0.0046
vn -0.0481 -0.9988 -0.0092
vn 0.0464 -0.9989 0.0111
vn 0.137 -0.9906 0.0052
vn 0.1845 -0.9828 -0.0093
vn 0.2504 -0.9681 0.0067
vn 0.3317 -0.9434 0.0066
vn 0.3917 -0.92 -0.0087
vn 0.438 -0.899 0.0061
vn 0.5197 -0.8543 0.0109
vn 0.5858 -0.8105 -0.0037
vn 0.6024 -0.7982 0.0021
vn 0.6784 -0.7347 0.0069
vn 0.7107 -0.7035 -0.0028
vn 0.7519 -0.6592 0.0053
vn 0.8052 -0.5931 -0.002
vn 0.8082 -0.5889 -0.0008
vn 0.8452 -0.5344 0.0035
vn 0.8711 -0.4911 -0.0021
vn 0.8918 -0.4525 0.0054
vn 0.914 -0.4056 0.0054
vn 0.934 -0.3572 -0.0009
vn 0.9309 -0.3653 -0.0035
vn 0.9479 -0.3185 0.0055
vn 0.9626 -0.2709 0.0087
vn 0.9754 -0.2204 0.0059
vn 0.9848 -0.1736 -0.004
vn 0.9921 -0.1255 0.0083
vn -0.0001 0.0001 1
vn -0.0006 -0.0004 1
vn -0.0002 0.0003 1
vn 0.0002 -0.0003 1
vn 0.0059 -0.0144 0.9999
vn -0.0003 0.0002 1
vn 0 0.0001 1
vn 0.0003 -0.0001 1
vn 0.0001 0.0001 1
vn -0.0002 0.0002 1
vn 0.0001 0 1
vn -0.0003 -0.0003 1
vn 0.0002 -0 1
vn 0.0004 -0.0003 1
vn 0.017 0.0168 0.9997
vn 0.0005 -0.0105 0.9999
vn -0.0002 -0.0003 1
vn -0.0001 -0.0001 1
vn 0.0001 -0.0001 1
vn 0.0003 0 1
vn 0.0001 0.0003 1
vn 0.0004 0.0001 1
vn 0 0.0002 1
vn -0.0003 0.0003 1
vn -0.0005 -0.0001 1
vn -0.0002 -0 1
vn -0.0001 -0.0002 1
vn -0.0002 -0.0001 1
vn -0.0004 -0.0001 1
vn 0 0.0003 1
vn -0.0207 -0.0022 0.9998
vn 0.0006 0.0069 1
vn -0.0003 0.0001 1
vn -0.0001 0.0003 1
vn 0.0087 0.0061 0.9999
vn 0.0006 -0.0002 1
vn 0.0001 -0.0003 1
vn -0.0002 0.0001 1
vn 0.0234 0.0069 0.9997
vn 0.0006 0.0002 1
vn 0.0002 0.0003 1
vn -0.0002 -0.0005 1
vn 0.0002 -0.0002 1
vn 0.0003 -0.0002 1
vn -0.0002 0.0005 1
vn -0.0002 -0.0002 1
vn 0.0002 0.0002 1
vn -0.0003 -0.0002 1
vn 0.0002 -0.0005 1
vn 0.0003 0.0003 1
vn -0.0006 0.0002 1
vn 0.0003 -0.0003 1
vn -0.0291 -0.004 0.9996
vn -0.0006 -0.0002 1
vn -0.9999 -0.0142 -0.0049
vn -0.9981 -0.0607 0.0097
vn -0.9946 -0.1039 -0.0065
vn -0.976 -0.2177 0.006
vn -0.9727 -0.2321 -0.0027
vn -0.9336 -0.3583 0.0027
vn -0.9304 -0.3665 -0.0026
vn -0.8738 -0.4863 0.0026
vn -0.8697 -0.4936 -0.0024
vn -0.7965 -0.6047 0.0025
vn -0.7916 -0.611 -0.0023
vn -0.7032 -0.711 0.0023
vn -0.6979 -0.7162 -0.0022
vn -0.5959 -0.803 0.0022
vn -0.5902 -0.8072 -0.0021
vn -0.4767 -0.8791 0.0021
vn -0.4709 -0.8822 -0.0019
vn -0.3479 -0.9375 0.0019
vn -0.3422 -0.9396 -0.0018
vn -0.2235 -0.9747 0.0015
vn -0.2008 -0.9796 -0.009
vn -0.1315 -0.9913 0.0093
vn -0.0152 -0.9999 0.0013
vn -0.0376 -0.9992 -0.0101
vn 0.0783 -0.9969 0.0041
vn 0.1089 -0.994 -0.0095
vn 0.2057 -0.9786 0.0096
vn 0.2476 -0.9688 -0.0095
vn 0.3416 -0.9398 0.0095
vn 0.3813 -0.9244 -0.0094
vn 0.4708 -0.8822 0.0095
vn 0.5075 -0.8616 -0.0093
vn 0.5904 -0.807 0.0094
vn 0.6235 -0.7817 -0.0093
vn 0.6984 -0.7156 0.0093
vn 0.7273 -0.6862 -0.0092
vn 0.7923 -0.61 0.0093
vn 0.8165 -0.5773 -0.0092
vn 0.8705 -0.4921 0.0092
vn 0.8896 -0.4567 -0.0091
vn 0.9312 -0.3644 0.0091
vn 0.9449 -0.3271 -0.009
vn 0.9733 -0.2295 0.0091
vn 0.9815 -0.191 -0.009
vn 0.9964 -0.0842 0.01
vn 0.9984 -0.0571 -0.0049
vn -0.7333 -0.0017 0.6799
vn -0.717 -0.0102 0.697
vn -0.6863 -0.0717 0.7238
vn -0.7264 -0.1116 0.6782
vn -0.6619 -0.1579 0.7328
vn -0.7035 -0.2118 0.6784
vn -0.6332 -0.2494 0.7327
vn -0.6668 -0.3079 0.6786
vn -0.592 -0.336 0.7326
vn -0.6173 -0.398 0.6787
vn -0.539 -0.4161 0.7324
vn -0.5555 -0.4801 0.6789
vn -0.4753 -0.4878 0.7323
vn -0.4829 -0.5529 0.679
vn -0.4021 -0.5499 0.732
vn -0.4009 -0.6148 0.6792
vn -0.3209 -0.6012 0.7318
vn -0.3111 -0.6646 0.6793
vn -0.2333 -0.6406 0.7316
vn -0.2152 -0.7013 0.6796
vn -0.1363 -0.6649 0.7344
vn -0.115 -0.7238 0.6804
vn -0.026 -0.6886 0.7247
vn -0.0126 -0.7175 0.6964
vn 0.076 -0.6936 0.7163
vn 0.0877 -0.7117 0.6969
vn 0.173 -0.6767 0.7157
vn 0.186 -0.6919 0.6976
vn 0.2666 -0.6462 0.7151
vn 0.2806 -0.6586 0.6982
vn 0.3552 -0.6029 0.7144
vn 0.3695 -0.6124 0.6989
vn 0.4368 -0.5475 0.7137
vn 0.451 -0.5544 0.6994
vn 0.51 -0.4812 0.713
vn 0.5234 -0.4855 0.7002
vn 0.573 -0.4051 0.7124
vn 0.5856 -0.4073 0.7008
vn 0.625 -0.3209 0.7117
vn 0.6361 -0.3212 0.7015
vn 0.6645 -0.23 0.711
vn 0.6741 -0.229 0.7022
vn 0.691 -0.1345 0.7102
vn 0.7157 -0.1283 0.6866
vn 0.6796 -0.0399 0.7325
vn -0.0014 0.0002 1
vn 0.0015 0.0002 1
vn 0.0011 -0.0002 1
vn -0.0014 -0.0008 1
vn 0.0002 0.0017 1
vn -0.0004 0.0013 1
vn -0.0013 -0.0006 1
vn 0.0008 0.0016 1
vn 0.0002 -0.0017 1
vn 0.0016 0.0008 1
vn -0.0043 0.0057 1
vn -0.0012 0.001 1
vn -0.0079 0.0002 1
vn 0.0003 -0.0016 1
vn 0.0011 0.003 1
vn -0.0016 0.0005 1
vn -0.0014 -0.0004 1
vn 0.0007 0.0024 1
vn 0.0048 0.002 1
vn -0.0006 0.0014 1
vn 0.0022 0 1
vn -0.0029 0.0015 1
vn 0.0033 0.0042 1
vn -0 -0.0014 1
vn -0.0015 0.0008 1
vn 0.0017 0.0045 1
vn -0.0011 0.0013 1
vn -0.0015 0.0006 1
vn -0.0036 0.0043 1
vn 0.0007 -0.0022 1
vn 0.002 -0.0018 1
vn 0.0016 0.0019 1
vn -0.0004 -0.0039 1
vn 0.0032 0.0005 1
vn 0.0032 0.0006 1
vn -0.0009 0.0015 1
vn -0.0002 -0.0014 1
vn -0.0032 -0.0006 1
vn -0.0032 -0.0005 1
vn 0.0002 0.0014 1
vn 0.002 -0.0025 1
vn 0.0036 -0.0043 1
vn -0.0016 -0.0019 1
vn -0.0012 0.0009 1
vn -0.0063 -0.0019 1
vn -0.002 0.0025 1
vn -0.0017 -0.0045 1
vn 0.0029 -0.0015 1
vn 0.0014 0.0004 1
vn -0.0007 0.0022 1
vn -0.002 0.0018 1
vn 0.0004 0.0039 1
vn -0.0007 -0.0024 1
vn -0.0048 -0.002 1
vn 0.0063 0.0019 1
vn -0.0011 -0.003 1
vn 0.0012 -0.0009 1
vn -0.0022 -0 1
vn 0 0.0014 1
vn 0.0043 -0.0057 1
vn 0.0013 0.0006 1
vn -0.0008 -0.0016 1
vn 0.0014 0.0008 1
vn 0.0009 -0.0015 1
vn 0.0015 -0.0006 1
vn 0.0013 0.0008 1
vn -0.001 -0.0016 1
vn -0.0005 -0.0015 1
vn 0.0015 -0.0008 1
vn 0.0012 -0.0012 1
vn -0.0003 0.0016 1
vn -0.0059 0.0023 1
vn 0.0045 -0.0109 0.9999
vn -0.0008 -0.0009 1
vn 0.0012 0.001 1
vn 0.0012 0.0006 1
vn 0.0005 -0.0013 1
vn -0.0021 -0.0001 1
vn 0.0009 -0.001 1
vn -0.0012 -0.001 1
vn -0.0012 -0.0006 1
vn 0.0008 0.0009 1
vn 0.0016 -0.0005 1
vn -0.0045 0.0109 0.9999
vn -0.0002 0.0017 1
vn 0.0059 -0.0023 1
vn -0.0022 -0.0017 1
vn -0.0013 -0.0008 1
vn 0.0003 -0.0011 1
vn -0.0007 -0.0018 1
vn 0.0005 0.0015 1
vn 0.001 0.0016 1
vn -0.0014 0.0003 1
vn 0.7249 -0.0529 0.6869
vn 0.6785 -0.12 0.7248
vn 0.7051 -0.1578 0.6914
vn 0.6514 -0.2476 0.7172
vn 0.6567 -0.2571 0.709
vn 0.6189 -0.3502 0.7031
vn 0.622 -0.3609 0.6949
vn 0.5563 -0.4082 0.7238
vn 0.5546 -0.4693 0.6872
vn 0.4917 -0.4873 0.7216
vn 0.4745 -0.5446 0.6915
vn 0.3989 -0.5564 0.7289
vn 0.392 -0.598 0.699
vn 0.3 -0.6448 0.703
vn 0.2674 -0.6266 0.732
vn 0.1874 -0.7051 0.6839
vn 0.1271 -0.6664 0.7347
vn 0.068 -0.7302 0.6798
vn -0.0327 -0.6781 0.7343
vn -0.0666 -0.7152 0.6957
vn -0.1863 -0.7008 0.6886
vn -0.1645 -0.6876 0.7072
vn -0.2477 -0.6414 0.7261
vn -0.3062 -0.6581 0.6878
vn -0.3643 -0.5773 0.7308
vn -0.3831 -0.5844 0.7154
vn -0.4756 -0.5459 0.6898
vn -0.4806 -0.4952 0.7237
vn -0.5483 -0.4283 0.7183
vn -0.5505 -0.4658 0.6928
vn -0.6159 -0.3493 0.7061
vn -0.6197 -0.3595 0.6977
vn -0.6502 -0.2414 0.7204
vn -0.6589 -0.258 0.7067
vn -0.7066 -0.1581 0.6897
vn -0.6832 -0.1225 0.7199
vn -0.7196 -0.0525 0.6924
vn -0.6885 -0.0092 0.7252
vn -0.7438 -0.0439 0.667
vn -0.6622 -0.106 0.7418
vn -0.7195 -0.1612 0.6755
vn -0.6484 -0.2077 0.7325
vn -0.6854 -0.263 0.6791
vn -0.6124 -0.2985 0.7321
vn -0.6411 -0.3568 0.6794
vn -0.5636 -0.3832 0.7318
vn -0.584 -0.4434 0.68
vn -0.5034 -0.4601 0.7314
vn -0.5153 -0.521 0.6804
vn -0.4326 -0.5277 0.731
vn -0.4364 -0.588 0.681
vn -0.3529 -0.5845 0.7306
vn -0.3487 -0.6431 0.6817
vn -0.2659 -0.6294 0.7302
vn -0.2543 -0.6854 0.6823
vn -0.1733 -0.6616 0.7295
vn -0.1603 -0.6994 0.6966
vn -0.0926 -0.7046 0.7036
vn -0.0761 -0.683 0.7264
vn -0.0118 -0.7266 0.687
vn 0.0348 -0.6763 0.7358
vn 0.0555 -0.7083 0.7038
vn 0.1498 -0.7127 0.6853
vn 0.1636 -0.6561 0.7367
vn 0.2504 -0.6888 0.6803
vn 0.2653 -0.628 0.7316
vn 0.3453 -0.647 0.6798
vn 0.3522 -0.5833 0.7319
vn 0.4333 -0.5923 0.6793
vn 0.4317 -0.5266 0.7323
vn 0.5127 -0.5254 0.679
vn 0.5024 -0.4592 0.7326
vn 0.5819 -0.448 0.6788
vn 0.5626 -0.3825 0.7329
vn 0.6395 -0.3616 0.6784
vn 0.6114 -0.298 0.7331
vn 0.6843 -0.2678 0.6783
vn 0.6475 -0.2074 0.7333
vn 0.7154 -0.1687 0.6781
vn 0.6703 -0.1125 0.7335
vn 0.7384 -0.0609 0.6716
vn 0.6723 -0.0104 0.7402
vn -0.6051 -0.1414 0.7835
vn -0.8745 -0.2065 0.4388
vn -0.6642 -0.1178 0.7382
vn -0.9102 -0.1615 0.3813
vn -0.7707 -0.0498 0.6352
vn 0.7756 -0.1715 0.6075
vn 0.7599 -0.2138 0.6139
vn 0.7484 -0.2515 0.6137
vn 0.7348 -0.2884 0.6139
vn 0.719 -0.3324 0.6104
vn 0.7954 -0.4286 0.4285
vn 0.7643 -0.439 0.4723
vn 0.801 -0.5064 0.3194
vn 0.7233 -0.527 0.4462
vn 0.7467 -0.5357 0.3943
vn 0.6486 -0.4643 0.6032
vn 0.6854 -0.6016 0.4102
vn 0.6965 -0.6066 0.3833
vn -0.4488 -0.377 0.8102
vn -0.7137 -0.5913 0.3755
vn -0.4697 -0.3542 0.8087
vn -0.7129 -0.5242 0.4658
vn -0.5936 -0.2822 0.7537
vn -0.4976 -0.2222 0.8385
vn -0.344 -0.1646 0.9244
vn -0.5497 -0.1945 0.8124
vn -0.5878 -0.1692 0.7911
vn -0.613 -0.1404 0.7775
vn -0.4043 -0.0588 0.9127
vn -0.6081 -0.1197 0.7848
vn 0.7723 -0.0072 0.6352
vn 0.7619 -0.1546 0.6289
vn 0.1399 -0.01 0.9901
vn 0.4168 -0.0826 0.9052
vn 0.3532 -0.0465 0.9344
vn 0.728 -0.071 0.6819
vn 0.8037 -0.0999 0.5866
vn 0.7496 -0.1887 0.6345
vn 0.3909 -0.0985 0.9151
vn 0.3415 -0.0965 0.9349
vn 0.7393 -0.2259 0.6343
vn 0.3715 -0.1136 0.9214
vn 0.727 -0.2627 0.6344
vn 0.3827 -0.1385 0.9134
vn 0.333 -0.1386 0.9327
vn 0.7074 -0.3011 0.6395
vn 0.3146 -0.1275 0.9406
vn 0.2891 -0.1694 0.9422
vn 0.1856 -0.215 0.9588
vn 0.3022 -0.3298 0.8944
vn 0.6042 -0.3538 0.714
vn 0.461 -0.5166 0.7215
vn 0.47 -0.5231 0.711
vn 0.6409 -0.6715 0.3719
vn 0.4878 -0.6464 0.5867
vn 0.2975 -0.4793 0.8257
vn 0.3872 -0.6236 0.6791
vn 0.3648 -0.5998 0.7122
vn 0.1252 -0.2479 0.9607
vn 0.1845 -0.4106 0.893
vn 0.319 -0.6872 0.6527
vn 0.3272 -0.7191 0.613
vn -0.7085 -0.5821 0.3991
vn 0.3042 -0.8141 0.4947
vn -0.772 -0.5274 0.3547
vn -0.7277 -0.4435 0.5232
vn -0.6164 -0.3862 0.6862
vn 0.1004 -0.3821 0.9187
vn 0.1139 -0.4588 0.8812
vn 0.1882 -0.7056 0.6831
vn 0.1944 -0.8236 0.5328
vn 0.0714 -0.5656 0.8216
vn 0.0744 -0.6894 0.7206
vn -0.854 -0.3992 0.3337
vn 0.1352 -0.851 0.5074
vn 0.0003 -0.1049 0.9945
vn 0.0339 -0.7728 0.6337
vn 0.0227 -0.8516 0.5237
vn -0.6052 -0.1874 0.7737
vn -0.7956 -0.2537 0.5502
vn -0.8989 -0.2348 0.37
vn -0.0308 -0.4794 0.8771
vn -0.0782 -0.6836 0.7257
vn -0.0622 -0.8593 0.5077
vn -0.9022 -0.1638 0.399
vn -0.1398 -0.6783 0.7214
vn -0.1348 -0.7001 0.7012
vn -0.2284 -0.7364 0.6368
vn -0.2426 -0.7631 0.599
vn -0.0323 -0.0914 0.9953
vn -0.1062 -0.2558 0.9609
vn -0.3224 -0.8088 0.4918
vn -0.279 -0.5313 0.7999
vn -0.3255 -0.6198 0.7141
vn -0.3893 -0.6987 0.6002
vn 0.7298 -0.3255 0.6012
vn 0.4492 -0.2447 0.8593
vn -0.1854 -0.2615 0.9472
vn -0.4771 -0.7286 0.4915
vn 0.4636 -0.2389 0.8532
vn 0.5821 -0.3548 0.7316
vn 0.4143 -0.2777 0.8668
vn -0.3528 -0.4367 0.8276
vn -0.4495 -0.5676 0.6898
vn -0.5522 -0.6502 0.5218
vn 0.556 -0.4151 0.7201
vn 0.4137 -0.2791 0.8666
vn -0.3446 -0.3207 0.8823
vn -0.4057 -0.4118 0.816
vn -0.6215 -0.6275 0.4691
vn -0.6094 -0.6008 0.5174
vn 0.3767 -0.3336 0.8642
vn 0.5094 -0.432 0.7442
vn 0.5612 -0.4932 0.6647
vn -0.4537 -0.3861 0.8032
vn -0.302 -0.2078 0.9304
vn -0.5725 -0.407 0.7118
vn -0.3977 -0.0351 0.9168
vn -0.3316 -0.196 0.9228
vn -0.3172 -0.1899 0.9291
vn -0.5398 -0.3197 0.7787
vn -0.6692 -0.0342 0.7423
vn -0.7747 -0.0735 0.628
vn -0.7676 -0.4419 0.4642
vn -0.6333 -0.3296 0.7002
vn -0.7627 -0.4109 0.4994
vn -0.7969 -0.3482 0.4936
vn -0.5592 -0.2081 0.8025
vn -0.7812 -0.3051 0.5446
vn -0.8302 -0.2921 0.4748
vn 0.2049 -0.1596 0.9657
vn -0.1797 -0.3379 0.9239
vn -0.3454 -0.1768 0.9217
vn -0.2642 -0.2835 0.9219
vn 0.241 -0.2985 0.9235
vn -0.0369 -0.3878 0.921
vn 0.3546 -0.1485 0.9231
vn 0.3122 -0.2244 0.9231
vn 0.3838 -0.0313 0.9229
vn 0.1332 -0.3659 0.9211
vn 0.091 -0.3768 0.9218
vn -0.3455 -0.1758 0.9218
vn 0.1641 -0.3249 0.9314
vn -0.3862 -0.0223 0.9221
vn -0.0405 -0.3852 0.9219
vn -0.1993 -0.3338 0.9213
vn -0.4694 -0.883 0.0044
vn -0.5746 -0.8184 -0.0043
vn -0.6835 -0.7299 0.0039
vn 0.9972 -0.0742 0.0066
vn -0.8128 -0.5825 -0.0049
vn 0.9666 -0.2563 -0.0063
vn -0.8905 -0.4549 0.0076
vn 0.9267 -0.3758 0.0033
vn -0.9601 -0.2796 -0.0065
vn 0.8019 -0.5975 -0.0017
vn 0.8074 -0.59 -0.0028
vn -0.9985 -0.054 0.0064
vn 0.6341 -0.7732 0.0047
vn 0.5051 -0.8631 -0.0054
vn 0.4531 -0.8914 0.0014
vn 0.0687 -0.9975 0.0184
vn 0.2447 -0.9696 0.001
vn 0.0492 -0.9988 -0.0004
vn -0.0983 -0.9951 0.0117
vn -0.311 -0.9504 -0.0043
vn -0.3509 -0.4998 0.7918
vn -0.6083 -0.7029 0.3686
vn -0.4447 -0.3187 0.8371
vn 0.7514 -0.2014 0.6283
vn 0.9198 -0.2108 0.331
vn -0.8271 -0.376 0.4178
vn -0.5522 -0.1582 0.8185
vn 0.4883 -0.3565 0.7965
vn -0.9216 -0.0311 0.387
vn 0.6903 -0.5973 0.4084
vn 0.213 -0.4548 0.8647
vn 0.0551 -0.9966 -0.0617
vn -0.1999 -0.7532 0.6267
vn -0.1506 -0.2877 0.9458
vn -0.1469 -0.2829 0.9478
vn -0.2726 -0.86 0.4313
vn -0.2746 -0.8538 0.4423
vn -0.4794 -0.8206 0.3111
vn -0.3179 -0.0695 0.9456
vn -0.3225 -0.0729 0.9437
vn -0.4731 -0.7577 0.4495
vn -0.5627 -0.1151 0.8186
vn -0.4096 -0.7086 0.5746
vn -0.3024 -0.8447 0.4416
vn -0.3049 -0.8466 0.4363
vn -0.3248 -0.0564 0.9441
vn -0.3158 -0.5214 0.7927
vn -0.3387 -0.8413 0.4214
vn -0.5715 -0.083 0.8164
vn -0.5343 -0.7728 0.3426
vn -0.4903 -0.746 0.4506
vn -0.4725 -0.6781 0.563
vn -0.3235 -0.0371 0.9455
vn -0.5717 -0.0624 0.8181
vn -0.3747 -0.5379 0.7552
vn -0.3184 -0.4867 0.8135
vn -0.3736 -0.8243 0.4254
vn -0.2423 -0.3525 0.9039
vn -0.4065 -0.8885 0.2128
vn -0.175 -0.2653 0.9482
vn -0.0288 -0.0475 0.9985
vn -0.1229 -0.1784 0.9763
vn 0.9297 -0.1225 0.3473
vn 0.9387 -0.1525 0.3092
vn 0.9185 -0.1724 0.3559
vn 0.214 -0.2573 0.9423
vn 0.2083 -0.2651 0.9414
vn -0.2625 -0.3264 0.9081
vn 0.1834 -0.2657 0.9464
vn -0.1907 -0.2293 0.9545
vn 0.3603 -0.87 0.3367
vn 0.3571 -0.8796 0.3143
vn 0.3099 -0.8815 0.3562
vn 0.3225 -0.9363 0.1392
vn -0.3039 -0.3258 0.8953
vn -0.1158 -0.3141 0.9423
vn -0.1941 -0.219 0.9562
vn -0.1456 -0.1535 0.9774
vn -0.1255 -0.313 0.9414
vn -0.1384 -0.2917 0.9464
vn -0.5681 -0.7404 0.3593
vn -0.6272 -0.7659 0.1412
vn -0.6078 -0.7082 0.3592
vn -0.6714 -0.7272 0.1429
vn -0.6788 -0.66 0.322
vn -0.6645 -0.6212 0.4153
vn -0.8679 -0.1877 0.4599
vn -0.5918 -0.5725 0.5675
vn -0.3183 -0.057 0.9463
vn -0.334 -0.0465 0.9414
vn -0.5338 -0.4953 0.6854
vn -0.3249 -0.0368 0.945
vn -0.4658 -0.4413 0.767
vn -0.8893 -0.1618 0.4278
vn -0.8839 -0.1632 0.4383
vn -0.4083 -0.3782 0.8308
vn 0.9746 -0.0285 0.2223
vn -0.3141 -0.3005 0.9006
vn 0.9099 -0.003 0.4148
vn -0.2382 -0.2187 0.9463
vn -0.8978 -0.1272 0.4215
vn -0.1429 -0.1387 0.98
vn 0.6657 -0.0392 0.7452
vn 0.9733 -0.0637 0.2206
vn 0.4901 -0.0228 0.8714
vn -0.6981 -0.5862 0.4111
vn -0.6952 -0.5858 0.4165
vn -0.9008 -0.0886 0.4251
vn 0.9374 -0.0807 0.3387
vn 0.4425 -0.0277 0.8963
vn -0.9727 -0.0922 0.2131
vn 0.8293 -0.0575 0.5559
vn 0.8245 -0.0548 0.5633
vn 0.1083 -0.0023 0.9941
vn -0.0393 -0.033 0.9987
vn -0.6049 -0.508 0.6132
vn 0.673 -0.0412 0.7385
vn 0.199 -0.0155 0.9799
vn 0.4373 -0.0504 0.8979
vn 0.6512 -0.0823 0.7544
vn 0.6412 -0.0846 0.7627
vn 0.6391 -0.1008 0.7625
vn 0.6258 -0.1043 0.773
vn -0.7291 -0.5426 0.4171
vn -0.7327 -0.5429 0.4105
vn 0.447 -0.0767 0.8912
vn -0.5793 -0.4386 0.687
vn -0.6043 -0.4478 0.659
vn -0.447 -0.3298 0.8316
vn -0.3981 -0.3015 0.8664
vn 0.6446 -0.1313 0.7532
vn 0.6257 -0.1402 0.7673
vn -0.2546 -0.1878 0.9486
vn -0.2576 -0.1895 0.9475
vn 0.4265 -0.0965 0.8993
vn 0.642 -0.1538 0.7511
vn -0.7588 -0.4952 0.423
vn -0.7659 -0.4957 0.4094
vn 0.5222 -0.5702 0.6341
vn -0.6309 -0.4086 0.6596
vn -0.6315 -0.4087 0.6589
vn 0.9035 -0.2602 0.3406
vn 0.8709 -0.2652 0.4138
vn -0.5052 -0.3271 0.7986
vn 0.7914 -0.2262 0.5679
vn 0.6958 -0.2145 0.6855
vn -0.7909 -0.4727 0.3885
vn -0.8484 -0.4838 0.2148
vn 0.4933 -0.5884 0.6406
vn 0.6154 -0.1827 0.7667
vn 0.5316 -0.1645 0.8308
vn 0.47 -0.5879 0.6584
vn 0.5557 -0.7129 0.4277
vn 0.4171 -0.1217 0.9007
vn 0.4726 -0.6031 0.6425
vn 0.2964 -0.0941 0.9504
vn 0.1959 -0.0554 0.9791
vn 0.5278 -0.7274 0.4386
vn 0.4515 -0.6186 0.643
vn -0.7549 -0.4159 0.507
vn 0.4405 -0.6122 0.6567
vn 0.8557 -0.3112 0.4134
vn 0.8554 -0.3107 0.4145
vn -0.662 -0.3562 0.6594
vn -0.6239 -0.3437 0.7019
vn 0.7425 -0.27 0.613
vn -0.8716 -0.4462 0.2033
vn -0.4547 -0.2508 0.8546
vn -0.4901 -0.2637 0.8308
vn 0.1764 -0.4084 0.8956
vn -0.2667 -0.1496 0.9521
vn -0.288 -0.1589 0.9443
vn 0.2543 -0.605 0.7545
vn 0.2467 -0.5978 0.7628
vn 0.2323 -0.6038 0.7626
vn -0.0585 -0.0286 0.9979
vn 0.2225 -0.5939 0.7732
vn -0.8397 -0.4012 0.3659
vn -0.8202 -0.3967 0.4122
vn 0.8349 -0.3616 0.4149
vn 0.8356 -0.3626 0.4126
vn 0.1571 -0.4257 0.8911
vn -0.7188 -0.3364 0.6085
vn 0.6899 -0.2994 0.6591
vn 0.6697 -0.2825 0.6868
vn 0.509 -0.2222 0.8316
vn 0.4603 -0.1942 0.8663
vn 0.2085 -0.6236 0.7535
vn 0.1914 -0.6116 0.7677
vn -0.8732 -0.3772 0.3086
vn 0.2859 -0.1235 0.9503
vn 0.1297 -0.4177 0.8993
vn 0.2967 -0.1295 0.9461
vn 0.1877 -0.6325 0.7515
vn 0.8328 -0.433 0.345
vn -0.867 -0.346 0.3586
vn 0.8152 -0.4071 0.412
vn -0.2327 -0.7375 0.6339
vn 0.6692 -0.3421 0.6597
vn 0.6771 -0.3492 0.6478
vn -0.6838 -0.2729 0.6768
vn -0.6839 -0.2729 0.6766
vn 0.5361 -0.274 0.7985
vn -0.5173 -0.2065 0.8305
vn -0.5157 -0.206 0.8316
vn -0.8944 -0.3237 0.3086
vn -0.2629 -0.7211 0.641
vn -0.3023 -0.1216 0.9454
vn -0.3079 -0.123 0.9434
vn 0.0409 -0.021 0.9989
vn -0.274 -0.7008 0.6586
vn -0.3396 -0.8377 0.4278
vn -0.2861 -0.7108 0.6425
vn 0.8165 -0.4649 0.3423
vn -0.8865 -0.2928 0.3583
vn -0.366 -0.8207 0.4387
vn -0.31 -0.7003 0.643
vn -0.756 -0.2497 0.6051
vn -0.3099 -0.6875 0.6567
vn 0.7764 -0.4709 0.4189
vn -0.9178 -0.2637 0.2967
vn 0.6541 -0.4043 0.6393
vn 0.6283 -0.3794 0.6792
vn 0.4446 -0.2684 0.8546
vn 0.4733 -0.2925 0.8309
vn 0.7813 -0.5246 0.3381
vn -0.2655 -0.357 0.8956
vn -0.3969 -0.5226 0.7546
vn -0.3944 -0.5126 0.7627
vn 0.2682 -0.1619 0.9497
vn 0.2733 -0.1659 0.9475
vn -0.9057 -0.2371 0.3516
vn -0.8887 -0.2267 0.3985
vn -0.4067 -0.5032 0.7625
vn -0.4031 -0.4897 0.7731
vn -0.7184 -0.1968 0.6673
vn -0.7275 -0.1963 0.6575
vn 0.7671 -0.5314 0.3595
vn -0.2901 -0.349 0.8911
vn -0.535 -0.1488 0.8316
vn -0.5637 -0.1522 0.8118
vn -0.2931 -0.0827 0.9525
vn -0.3165 -0.0854 0.9448
vn 0.6495 -0.4543 0.6097
vn -0.4359 -0.4924 0.7534
vn -0.434 -0.4716 0.7676
vn 0.7628 -0.5681 0.3088
vn -0.2969 -0.3212 0.8993
vn -0.4539 -0.4789 0.7514
vn 0.7332 -0.5779 0.3585
vn -0.755 -0.1673 0.634
vn 0.5785 -0.4559 0.6764
vn 0.5783 -0.4557 0.6767
vn -0.756 -0.1328 0.6409
vn 0.4361 -0.3434 0.8318
vn 0.4373 -0.3446 0.8307
vn 0.7272 -0.613 0.3088
vn -0.7441 -0.1132 0.6584
vn 0.2543 -0.2003 0.9462
vn 0.2425 -0.1888 0.9516
vn -0.8952 -0.1246 0.4278
vn -0.7589 -0.1077 0.6422
vn -0.975 -0.0545 0.2152
vn -0.8938 -0.0935 0.4386
vn -0.7618 -0.0818 0.6427
vn 0.6967 -0.6213 0.3586
vn -0.8893 -0.0327 0.4562
vn -0.8925 -0.0315 0.45
vn -0.7548 -0.0373 0.6549
vn -0.7502 -0.0752 0.657
vn -0.7029 -0.0285 0.7107
vn -0.56 -0.0284 0.828
vn -0.5053 -0.019 0.8628
vn 0.5944 -0.5301 0.6047
vn -0.3219 -0.0178 0.9466
vn -0.2279 -0.002 0.9737
vn 0.0334 -0.0304 0.999
vn 0.6868 -0.6631 0.2976
vn 0.1069 -0.0196 0.9941
vn 0.82 -0.1068 0.5623
vn 0.6795 -0.664 0.3119
vn 0.6326 -0.6463 0.4269
vn 0.8169 -0.1515 0.5566
vn 0.5298 -0.5239 0.667
vn 0.5337 -0.5316 0.6577
vn 0.3963 -0.3888 0.8318
vn 0.4136 -0.4121 0.8119
vn 0.2275 -0.2255 0.9473
vn 0.2312 -0.2304 0.9452
vn 0.8024 -0.193 0.5647
vn 0.8013 -0.1921 0.5665
vn 0.0364 -0.1019 0.9941
vn 0.3791 -0.4189 0.8251
vn 0.4924 -0.5621 0.6646
vn 0.3598 -0.4233 0.8315
vn 0.3399 -0.4462 0.8279
vn 0.5347 -0.817 0.2157
vn 0.4777 -0.761 0.439
vn 0.4755 -0.7529 0.455
vn 0.3234 -0.4528 0.8309
vn 0.4038 -0.6396 0.6541
vn 0.4023 -0.6358 0.6587
vn 0.3073 -0.4927 0.8141
vn 0.2975 -0.47 0.831
vn 0.1739 -0.2742 0.9458
vn 0.1715 -0.2687 0.9478
vn 0.4531 -0.8136 0.3643
vn 0.3177 -0.7637 0.562
vn 0.2207 -0.0274 0.975
vn 0.4017 -0.8559 0.3258
vn 0.2772 -0.7832 0.5566
vn 0.4014 -0.8055 0.436
vn 0.3611 -0.7435 0.5629
vn 0.3352 -0.6721 0.6603
vn 0.2857 -0.5899 0.7552
vn 0.2481 -0.4951 0.8326
vn 0.1842 -0.3861 0.9039
vn 0.1422 -0.2841 0.9482
vn 0.0263 -0.0479 0.9985
vn 0.0903 -0.1906 0.9775
vn 0.2341 -0.7915 0.5646
vn 0.2343 -0.7903 0.5662
vn 0.202 -0.05 0.9781
vn -0.1733 -0.5376 0.8252
vn 0.6553 -0.7237 0.2164
vn 0.6555 -0.7284 0.1993
vn -0.2406 -0.7073 0.6647
vn -0.1867 -0.5234 0.8314
vn 0.6284 -0.7412 0.2362
vn 0.6198 -0.7631 0.1831
vn 0.6019 -0.7639 0.2326
vn -0.2165 -0.5174 0.8279
vn 0.5769 -0.7979 0.1748
vn -0.2305 -0.5065 0.8308
vn 0.2275 -0.9128 0.3391
vn 0.2057 -0.8861 0.4153
vn 0.1998 -0.7987 0.5675
vn 0.1621 -0.7101 0.6851
vn 0.1494 -0.624 0.767
vn 0.1233 -0.5425 0.8309
vn -0.5025 -0.6568 0.5622
vn 0.1032 -0.4222 0.9006
vn 0.0667 -0.3037 0.9504
vn 0.05 -0.1973 0.9791
vn -0.5398 -0.6316 0.5565
vn 0.1586 -0.8974 0.4118
vn 0.1594 -0.8953 0.4159
vn 0.1375 -0.7781 0.6128
vn 0.0576 -0.1998 0.9781
vn -0.5685 -0.5986 0.5644
vn -0.5673 -0.5981 0.5661
vn 0.1011 -0.98 0.1717
vn -0.2992 -0.9296 0.2153
vn -0.3029 -0.9319 0.1993
vn 0.1111 -0.8901 0.4419
vn 0.1038 -0.9058 0.4107
vn -0.5523 -0.1187 0.8252
vn -0.7327 -0.1453 0.6648
vn 0.0856 -0.7474 0.6589
vn 0.0902 -0.7211 0.6869
vn -0.3278 -0.9147 0.2362
vn -0.3508 -0.9183 0.1835
vn -0.5461 -0.0996 0.8318
vn 0.0621 -0.5518 0.8317
vn 0.062 -0.4958 0.8662
vn -0.3605 -0.9032 0.2329
vn 0.036 -0.3093 0.9503
vn 0.0362 -0.3216 0.9462
vn -0.5648 -0.0839 0.821
vn -0.4023 -0.8987 0.1746
vn 0.0487 -0.9589 0.2795
vn 0.0455 -0.8959 0.4418
vn 0.0456 -0.8955 0.4427
vn -0.5581 -0.0563 0.8278
vn 0.0383 -0.751 0.6592
vn 0.0383 -0.7508 0.6595
vn 0.0307 -0.6014 0.7983
vn 0.0131 -0.9918 0.1268
vn -0.1267 -0.1645 0.9782
vn 0.9416 -0.1108 0.318
vn 0.0021 -0.0441 0.999
vn 0.824 -0.1056 0.5566
vn -0.0192 -0.966 0.2579
vn 0.8022 -0.1313 0.5824
vn -0.018 -0.8966 0.4425
vn -0.0157 -0.8911 0.4534
vn 0.8013 -0.1581 0.577
vn 0.9286 -0.1944 0.3161
vn -0.0225 -0.7511 0.6598
vn -0.0143 -0.7122 0.7018
vn -0.0503 -0.9804 0.1905
vn 0.9159 -0.2171 0.3376
vn -0.0166 -0.556 0.831
vn -0.0102 -0.5195 0.8544
vn 0.9196 -0.2251 0.322
vn -0.0082 -0.3195 0.9476
vn -0.0059 -0.3025 0.9531
vn -0.9628 -0.2049 0.1759
vn 0.2285 -0.2474 0.9416
vn 0.3812 -0.4298 0.8185
vn -0.0837 -0.9334 0.3489
vn -0.9527 -0.1772 0.2469
vn -0.067 -0.8941 0.4428
vn -0.9707 -0.1553 0.1832
vn 0.2134 -0.2424 0.9464
vn -0.068 -0.7907 0.6084
vn -0.9626 -0.1393 0.2325
vn 0.2071 -0.255 0.9445
vn 0.3606 -0.457 0.8131
vn -0.1102 -0.9448 0.3085
vn -0.9795 -0.1011 0.1741
vn 0.3367 -0.459 0.8222
vn 0.1814 -0.2539 0.9501
vn -0.1339 -0.9239 0.3584
vn 0.4274 -0.052 0.9026
vn -0.1055 -0.7287 0.6767
vn -0.1057 -0.729 0.6763
vn -0.0798 -0.551 0.8307
vn -0.0793 -0.5493 0.8318
vn -0.1669 -0.9364 0.3087
vn 0.4201 -0.0665 0.905
vn 0.3205 -0.7664 0.5567
vn 0.2897 -0.0525 0.9557
vn -0.049 -0.3394 0.9394
vn 0.2124 -0.0309 0.9767
vn -0.0445 -0.3195 0.9466
vn 0.2874 -0.7604 0.5824
vn 0.319 -0.8894 0.3274
vn -0.1897 -0.914 0.3587
vn 0.4338 -0.1002 0.8954
vn 0.2638 -0.7731 0.5769
vn 0.2908 -0.0598 0.9549
vn -0.1619 -0.7798 0.6047
vn 0.2682 -0.8967 0.352
vn 0.275 -0.9302 0.2431
vn 0.2646 -0.9088 0.3225
vn -0.2308 -0.9265 0.2973
vn 0.6085 -0.6662 0.4312
vn 0.602 -0.6647 0.4424
vn -0.0231 -0.1121 0.9934
vn -0.1002 -0.322 0.9414
vn -0.1817 -0.5449 0.8186
vn 0.5802 -0.6842 0.4418
vn -0.2353 -0.9205 0.3119
vn 0.5806 -0.6872 0.4366
vn -0.2434 -0.8709 0.427
vn -0.1033 -0.3061 0.9464
vn -0.1888 -0.7208 0.667
vn -0.1936 -0.7282 0.6575
vn 0.559 -0.7139 0.4217
vn -0.1173 -0.3069 0.9445
vn -0.1386 -0.5375 0.8318
vn -0.1501 -0.5642 0.8119
vn -0.2155 -0.5409 0.813
vn -0.0895 -0.3294 0.9399
vn -0.0843 -0.3171 0.9446
vn -0.2292 -0.5211 0.8222
vn 0.5271 -0.7357 0.4253
vn 0.5663 -0.7964 0.2122
vn -0.1292 -0.2841 0.9501
vn -0.5832 -0.7735 0.2481
vn -0.5685 -0.7599 0.3153
vn 0.1514 -0.3905 0.9081
vn -0.5034 -0.6604 0.5572
vn 0.0786 -0.1967 0.9773
vn 0.1013 -0.2755 0.9559
vn -0.5146 -0.629 0.5827
vn -0.623 -0.7376 0.2604
vn -0.6105 -0.7229 0.3236
vn 0.1302 -0.4261 0.8953
vn -0.5377 -0.6151 0.5767
vn -0.4442 -0.8695 0.216
vn 0.0936 -0.2817 0.9549
vn -0.4429 -0.8416 0.309
vn -0.4033 -0.7984 0.4471
vn -0.38 -0.7259 0.5733
vn -0.6435 -0.6819 0.3477
vn -0.65 -0.6837 0.3317
vn -0.3383 -0.6755 0.6551
vn -0.2552 -0.4885 0.8344
vn -0.273 -0.5126 0.8141
vn 0.9693 0.2459 0.0023
vn 0.9656 0.2602 -0.0023
vn 0.9888 0.149 -0.0009
vn 0.9884 0.1522 0.0003
vn 0.9996 0.0266 0.0044
vn 0.9988 0.0494 -0.0024
vn -0.3848 -0.923 -0.0071
vn -0.489 -0.8723 0.0065
vn 0.8478 -0.5304 -0.0046
vn 0.8369 -0.5474 0.0002
vn -0.6631 -0.7485 -0.0073
vn -0.7164 -0.6977 0.0031
vn 0.6771 -0.7359 0.0066
vn -0.8519 -0.5238 0.0008
vn -0.8698 -0.4934 -0.0051
vn 0.5719 -0.8203 -0.0087
vn 0.4627 -0.8865 0.0064
vn -0.9661 -0.258 0.0046
vn -0.9776 -0.2103 -0.0024
vn 0.2617 -0.9651 -0.0072
vn 0.1489 -0.9888 0.0093
vn -1 0.0038 0.0009
vn -1 0.0052 0.0011
vn -0.0651 -0.9978 -0.0099
vn -0.2197 -0.9755 0.0083
vn -0.999 0.0443 0.0079
vn -0.9953 0.0964 -0.0073
vn -0.9724 0.2333 0.002
vn -0.974 0.2266 -0.0004
vn -0.0905 0.9959 0.0057
vn 0.1402 0.9901 0.0046
vn 0.0588 0.9983 -0.0035
vn -0.9998 0.0213 0.0013
vn -1 -0.0038 0.0065
vn 0.2863 0.9581 -0.0071
vn -0.9776 0.2103 -0.0076
vn 0.4536 0.8912 0.0076
vn -0.9167 0.3995 0.0106
vn 0.5719 0.8203 -0.0087
vn 0.6771 0.7359 0.0066
vn -0.8698 0.4933 -0.0068
vn -0.6862 0.7274 0.0049
vn 0.8478 0.5304 -0.0046
vn 0.8369 0.5474 0.0002
vn -0.6644 0.7473 -0.001
vn -0.385 0.9229 0.0053
vn -0.4221 0.9066 -0.0008
vn -0.2153 0.9765 -0.0057
vn -0.9635 -0.2677 -0.0009
vn -0.9606 -0.278 -0.004
vn -0.9845 -0.1753 0.0022
vn -0.9879 -0.1553 -0.0042
vn -0.9982 -0.0599 0.0036
vn -0.9994 -0.0333 -0.0031
vn -0.9994 0.0332 0.0031
vn -0.9982 0.0599 -0.0036
vn -0.9854 0.1703 0.0054
vn -0.9816 0.1909 -0.0042
vn 0.4851 0.8744 -0.0007
vn 0.4913 0.871 -0.0022
vn -0.9207 0.3902 0.0052
vn -0.9095 0.4158 -0.0014
vn 0.7559 0.6546 0.0022
vn 0.76 0.6499 0.0008
vn -0.6916 0.7223 -0.0009
vn -0.6819 0.7315 0.0022
vn 0.9497 0.313 0.0066
vn 0.9319 0.3628 -0.0038
vn -0.4277 0.9039 -0.0017
vn 0.9992 0.0385 -0.0062
vn -0.4019 0.9157 0.0026
vn -0.2042 0.9789 -0.003
vn -0.1484 0.9889 0.0048
vn 0.1202 0.9927 -0.0061
vn 0.1689 0.9856 0.0036
vn 0.9723 0.2338 0.0019
vn 0.9736 0.2283 -0
vn 0.9953 0.0964 -0.0029
vn 0.9972 0.0743 0.0046
vn 0.9953 -0.0964 -0.0034
vn 0.9937 -0.1125 0.0017
vn 0.972 -0.235 -0.0012
vn 0.9722 -0.2343 -0.0014
vn 0.9992 0.0386 -0.0063
vn -0.1537 0.6972 0.7002
vn -0.1449 0.722 0.6765
vn 0.0413 0.6855 0.7269
vn 0.0943 0.7401 0.6658
vn -0.7015 -0.001 0.7126
vn 0.1903 0.6404 0.7441
vn -0.7567 0.0457 0.6522
vn -0.6551 0.1409 0.7423
vn 0.3334 0.6877 0.6449
vn 0.3695 0.53 0.7633
vn -0.7007 0.295 0.6496
vn -0.5727 0.3248 0.7527
vn 0.5525 0.5534 0.6233
vn 0.5382 0.3539 0.7649
vn -0.5707 0.5037 0.6485
vn -0.4403 0.4927 0.7506
vn -0.3797 0.6588 0.6495
vn -0.2858 0.6191 0.7315
vn 0.6738 0.3271 0.6625
vn 0.6507 0.1741 0.7391
vn 0.7508 0.1571 0.6416
vn 0.6708 0.1033 0.7344
vn 0.7336 0.0363 0.6786
vn 0.7352 0.0368 0.6768
vn -0.6989 0.1633 0.6963
vn -0.6771 0.151 0.7203
vn -0.6549 0.007 0.7557
vn -0.7243 0.0315 0.6888
vn -0.7612 -0.0891 0.6423
vn -0.659 -0.1441 0.7382
vn -0.6984 -0.1707 0.6951
vn -0.2528 -0.6063 0.754
vn -0.3805 -0.6603 0.6475
vn -0.436 -0.4922 0.7535
vn 0.5382 -0.3539 0.7649
vn -0.5707 -0.5037 0.6485
vn 0.5525 -0.5534 0.6233
vn -0.5727 -0.3248 0.7527
vn 0.3695 -0.53 0.7633
vn -0.7007 -0.295 0.6496
vn 0.3334 -0.6877 0.6449
vn -0.6551 -0.1409 0.7423
vn -0.7567 -0.0457 0.6522
vn -0.7015 0.001 0.7126
vn 0.1716 -0.6329 0.7549
vn 0.0965 -0.7575 0.6457
vn -0.0427 -0.6548 0.7546
vn 0.6544 -0.3318 0.6795
vn -0.1502 -0.748 0.6465
vn 0.3173 0.5613 0.7644
vn -0.6061 0.2749 0.7464
vn 0.455 0.6291 0.6303
vn -0.6432 0.3396 0.6863
vn 0.5 0.4276 0.7531
vn 0.6289 0.4249 0.6511
vn -0.5006 0.5076 0.7012
vn -0.4759 0.4993 0.7241
vn 0.6153 0.2408 0.7506
vn 0.7408 0.1981 0.6419
vn -0.3205 0.656 0.6833
vn -0.3045 0.6452 0.7007
vn 0.0793 0.6511 0.7549
vn 0.162 0.7432 0.6491
vn -0.1415 0.6674 0.7311
vn 0.6612 0.0254 0.7497
vn -0.0951 0.7576 0.6458
vn 0.7609 0.0567 0.6464
vn 0.6241 0.1137 0.773
vn 0.6985 0.168 0.6956
vn -0.6244 -0.1805 0.76
vn -0.7498 -0.1494 0.6445
vn -0.6729 -0.1058 0.7321
vn -0.7405 -0.0307 0.6714
vn -0.7177 -0.0239 0.6959
vn -0.6676 0.04 0.7434
vn -0.7604 0.0916 0.6429
vn -0.6416 0.125 0.7568
vn -0.7269 0.1872 0.6607
vn 0.6922 0.0263 0.7212
vn 0.752 0.0842 0.6537
vn -0.5957 -0.2693 0.7567
vn -0.7434 -0.1525 0.6513
vn 0.6874 -0.0484 0.7246
vn -0.6874 -0.0483 0.7247
vn 0.7432 -0.1524 0.6514
vn 0.5957 -0.2692 0.7567
vn 0.6042 -0.4747 0.64
vn 0.4525 -0.4917 0.744
vn 0.3356 -0.6514 0.6805
vn 0.2983 -0.6404 0.7077
vn 0.0392 -0.6809 0.7314
vn 0.0662 -0.7135 0.6975
vn -0.2832 -0.6619 0.694
vn -0.3112 -0.6781 0.6659
vn -0.4543 -0.4915 0.743
vn -0.6042 -0.4746 0.6401
vn -0.5957 -0.2692 0.7568
vn -0.7432 -0.1524 0.6514
vn 0.6875 -0.0484 0.7246
vn -0.6873 -0.0483 0.7247
vn 0.7433 -0.1525 0.6513
vn 0.5957 -0.2693 0.7567
vn 0.6042 -0.4746 0.6401
vn 0.4525 -0.4916 0.7441
vn 0.3115 -0.6788 0.665
vn 0.3175 -0.6821 0.6587
vn 0.0362 -0.6399 0.7676
vn -0.07 -0.7557 0.6512
vn -0.2693 -0.6305 0.728
vn -0.3354 -0.651 0.6809
vn -0.4543 -0.4916 0.743
vn -0.6042 -0.4747 0.64
vn -0.7433 -0.1525 0.6513
vn 0.6873 -0.0483 0.7247
vn -0.6875 -0.0484 0.7246
vn 0.5957 -0.2692 0.7568
vn 0.0391 -0.6807 0.7315
vn -0.2832 -0.6618 0.6941
vn -0.3112 -0.678 0.6659
vn -0.5939 -0.2545 0.7632
vn -0.7492 -0.1537 0.6443
vn 0.6874 -0.0483 0.7247
vn 0.7434 -0.1525 0.6513
vn 0.3115 -0.6787 0.665
vn 0.0363 -0.6399 0.7676
vn -0.07 -0.7558 0.651
vn -0.2693 -0.6306 0.7278
vn -0.3355 -0.6512 0.6808
vn -0.4544 -0.4916 0.7429
f 1//1 2//1 3//1
f 1//2 3//2 4//2
f 5//3 6//3 7//3
f 7//4 8//4 5//4
f 8//5 7//5 9//5
f 10//6 8//6 9//6
f 10//7 9//7 11//7
f 12//8 10//8 11//8
f 12//9 11//9 13//9
f 12//10 13//10 14//10
f 14//11 15//11 12//11
f 16//12 17//12 15//12
f 16//13 15//13 14//13
f 17//14 16//14 4//14
f 4//15 3//15 17//15
f 18//16 19//16 20//16
f 18//2 20//2 21//2
f 22//17 23//17 24//17
f 23//18 22//18 25//18
f 26//19 25//19 27//19
f 26//20 23//20 25//20
f 28//21 26//21 27//21
f 28//22 27//22 29//22
f 28//23 29//23 30//23
f 30//24 31//24 28//24
f 32//25 33//25 31//25
f 32//26 31//26 30//26
f 33//27 32//27 21//27
f 21//28 20//28 33//28
f 34//29 35//29 36//29
f 34//30 36//30 37//30
f 38//31 39//31 40//31
f 39//32 38//32 41//32
f 42//33 41//33 43//33
f 42//34 39//34 41//34
f 44//21 42//21 43//21
f 44//35 43//35 45//35
f 44//36 45//36 46//36
f 46//37 47//37 44//37
f 48//12 49//12 47//12
f 48//38 47//38 46//38
f 49//14 48//14 37//14
f 37//39 36//39 49//39
f 50//1 51//1 52//1
f 50//30 52//30 53//30
f 54//40 55//40 56//40
f 55//32 54//32 57//32
f 58//41 57//41 59//41
f 58//20 55//20 57//20
f 60//21 58//21 59//21
f 60//22 59//22 61//22
f 60//36 61//36 62//36
f 62//42 63//42 60//42
f 64//25 65//25 63//25
f 64//43 63//43 62//43
f 65//27 64//27 53//27
f 53//28 52//28 65//28
f 66//44 67//44 68//44
f 66//45 68//45 69//45
f 70//46 71//46 72//46
f 70//47 73//47 71//47
f 74//48 66//48 69//48
f 74//49 69//49 75//49
f 70//50 72//50 76//50
f 77//51 74//51 75//51
f 78//52 70//52 76//52
f 77//53 75//53 79//53
f 78//54 76//54 80//54
f 81//55 77//55 79//55
f 82//56 78//56 80//56
f 67//57 83//57 84//57
f 67//58 84//58 68//58
f 82//59 80//59 84//59
f 83//60 82//60 84//60
f 85//61 86//61 87//61
f 88//62 86//62 85//62
f 86//63 89//63 87//63
f 87//64 89//64 90//64
f 85//65 91//65 88//65
f 92//66 93//66 94//66
f 95//67 93//67 92//67
f 96//68 95//68 92//68
f 97//69 95//69 96//69
f 98//70 95//70 97//70
f 69//71 99//71 100//71
f 69//72 68//72 99//72
f 71//73 101//73 102//73
f 72//74 71//74 102//74
f 75//75 100//75 103//75
f 75//76 69//76 100//76
f 76//77 102//77 104//77
f 76//78 72//78 102//78
f 76//79 104//79 105//79
f 79//80 75//80 103//80
f 80//81 76//81 105//81
f 79//82 103//82 106//82
f 80//83 105//83 107//83
f 84//84 80//84 107//84
f 84//85 107//85 99//85
f 68//86 84//86 99//86
f 88//87 108//87 109//87
f 110//88 111//88 112//88
f 113//89 111//89 110//89
f 112//90 114//90 115//90
f 111//91 114//91 112//91
f 92//92 94//92 116//92
f 92//93 116//93 117//93
f 96//94 92//94 117//94
f 96//95 117//95 118//95
f 97//96 96//96 118//96
f 119//97 120//97 121//97
f 122//98 120//98 119//98
f 123//99 124//99 125//99
f 124//100 126//100 125//100
f 127//101 128//101 129//101
f 130//102 131//102 132//102
f 133//103 131//103 130//103
f 134//104 130//104 135//104
f 127//105 136//105 128//105
f 137//106 136//106 127//106
f 126//107 138//107 125//107
f 125//108 138//108 139//108
f 130//109 132//109 140//109
f 137//110 121//110 136//110
f 139//111 138//111 141//111
f 135//112 142//112 143//112
f 128//113 144//113 145//113
f 136//114 144//114 128//114
f 136//115 146//115 144//115
f 142//116 140//116 147//116
f 143//117 142//117 148//117
f 136//118 149//118 146//118
f 121//119 149//119 136//119
f 141//120 150//120 151//120
f 121//121 152//121 149//121
f 141//122 151//122 153//122
f 120//123 152//123 121//123
f 120//124 154//124 152//124
f 122//125 154//125 120//125
f 155//126 156//126 157//126
f 158//127 156//127 155//127
f 159//128 158//128 155//128
f 160//129 161//129 162//129
f 162//130 163//130 164//130
f 165//131 166//131 152//131
f 164//132 167//132 168//132
f 165//133 152//133 169//133
f 170//134 171//134 172//134
f 173//135 171//135 170//135
f 173//136 174//136 175//136
f 176//137 174//137 170//137
f 177//138 178//138 165//138
f 179//139 180//139 181//139
f 177//140 169//140 182//140
f 165//141 169//141 177//141
f 181//142 183//142 184//142
f 184//143 122//143 119//143
f 185//144 186//144 144//144
f 187//145 186//145 188//145
f 189//146 190//146 185//146
f 188//147 190//147 191//147
f 192//148 193//148 191//148
f 192//149 194//149 193//149
f 195//150 194//150 192//150
f 196//151 197//151 198//151
f 130//152 140//152 199//152
f 199//153 140//153 142//153
f 195//154 200//154 194//154
f 142//155 147//155 201//155
f 202//156 200//156 195//156
f 197//157 203//157 198//157
f 198//158 203//158 204//158
f 202//159 205//159 200//159
f 206//160 207//160 208//160
f 177//161 205//161 202//161
f 206//162 209//162 207//162
f 177//163 210//163 205//163
f 204//164 203//164 211//164
f 182//165 210//165 177//165
f 212//166 213//166 209//166
f 207//167 214//167 208//167
f 215//168 213//168 212//168
f 194//169 216//169 193//169
f 193//170 216//170 217//170
f 207//171 157//171 214//171
f 211//172 218//172 219//172
f 215//173 220//173 213//173
f 211//174 219//174 221//174
f 215//175 222//175 220//175
f 209//176 223//176 207//176
f 207//177 223//177 157//177
f 224//178 210//178 182//178
f 194//179 200//179 216//179
f 209//180 213//180 223//180
f 225//181 213//181 220//181
f 213//182 226//182 223//182
f 225//183 226//183 213//183
f 225//184 227//184 226//184
f 228//185 227//185 225//185
f 216//186 229//186 217//186
f 217//187 229//187 230//187
f 228//188 225//188 231//188
f 200//189 232//189 216//189
f 216//190 232//190 229//190
f 200//191 233//191 232//191
f 205//192 233//192 200//192
f 228//193 234//193 227//193
f 235//194 234//194 228//194
f 210//195 224//195 205//195
f 205//196 224//196 233//196
f 235//197 228//197 236//197
f 235//198 237//198 234//198
f 230//199 238//199 239//199
f 229//200 238//200 230//200
f 232//201 240//201 229//201
f 241//202 242//202 243//202
f 229//203 240//203 238//203
f 244//204 245//204 246//204
f 244//205 247//205 245//205
f 232//206 233//206 240//206
f 237//207 247//207 244//207
f 237//208 248//208 247//208
f 239//209 238//209 249//209
f 239//210 249//210 250//210
f 243//211 251//211 252//211
f 235//212 248//212 237//212
f 235//213 253//213 248//213
f 251//214 254//214 252//214
f 236//215 253//215 235//215
f 255//216 252//216 256//216
f 252//217 254//217 256//217
f 236//218 257//218 253//218
f 258//219 257//219 236//219
f 255//220 256//220 259//220
f 256//221 254//221 259//221
f 238//222 260//222 249//222
f 254//223 261//223 259//223
f 247//224 262//224 245//224
f 245//225 262//225 263//225
f 238//226 264//226 260//226
f 240//227 264//227 238//227
f 247//228 248//228 262//228
f 249//229 265//229 250//229
f 240//230 266//230 264//230
f 233//231 266//231 240//231
f 267//232 268//232 269//232
f 233//233 270//233 266//233
f 224//234 270//234 233//234
f 268//235 271//235 272//235
f 267//236 271//236 268//236
f 267//237 273//237 271//237
f 274//238 270//238 224//238
f 249//239 275//239 265//239
f 276//240 273//240 267//240
f 260//241 275//241 249//241
f 263//242 277//242 278//242
f 262//243 277//243 263//243
f 276//244 267//244 279//244
f 260//245 264//245 275//245
f 248//246 280//246 262//246
f 262//247 280//247 277//247
f 253//248 281//248 248//248
f 248//249 281//249 280//249
f 276//250 282//250 273//250
f 283//251 282//251 276//251
f 265//252 275//252 284//252
f 257//253 285//253 253//253
f 283//254 276//254 286//254
f 253//255 285//255 281//255
f 283//256 287//256 282//256
f 278//257 288//257 289//257
f 275//258 290//258 284//258
f 277//259 288//259 278//259
f 124//260 291//260 126//260
f 280//261 292//261 277//261
f 264//262 293//262 275//262
f 277//263 292//263 288//263
f 275//264 293//264 290//264
f 280//265 281//265 292//265
f 264//266 294//266 293//266
f 266//267 294//267 264//267
f 284//268 290//268 295//268
f 126//269 296//269 138//269
f 266//270 274//270 294//270
f 270//271 274//271 266//271
f 297//272 285//272 257//272
f 296//273 298//273 138//273
f 141//274 138//274 299//274
f 138//275 298//275 299//275
f 288//276 300//276 289//276
f 290//277 301//277 295//277
f 141//278 299//278 150//278
f 299//279 298//279 150//279
f 290//280 293//280 301//280
f 298//281 302//281 150//281
f 288//282 303//282 300//282
f 295//283 301//283 304//283
f 288//284 305//284 303//284
f 292//285 305//285 288//285
f 281//286 306//286 292//286
f 292//287 306//287 305//287
f 300//288 303//288 307//288
f 166//289 149//289 152//289
f 149//290 308//290 146//290
f 166//291 308//291 149//291
f 281//292 297//292 306//292
f 285//293 297//293 281//293
f 301//294 198//294 304//294
f 301//295 196//295 198//295
f 166//296 309//296 308//296
f 178//297 309//297 166//297
f 293//298 134//298 301//298
f 301//299 134//299 196//299
f 303//300 310//300 307//300
f 178//301 166//301 165//301
f 294//302 133//302 293//302
f 293//303 133//303 134//303
f 274//304 131//304 294//304
f 294//305 131//305 133//305
f 303//306 305//306 310//306
f 178//307 311//307 309//307
f 202//308 311//308 178//308
f 307//309 310//309 312//309
f 202//310 178//310 177//310
f 202//311 195//311 311//311
f 310//312 313//312 312//312
f 196//313 134//313 197//313
f 310//314 314//314 313//314
f 305//315 314//315 310//315
f 197//316 135//316 203//316
f 306//317 315//317 305//317
f 305//318 315//318 314//318
f 312//319 313//319 316//319
f 297//320 317//320 306//320
f 135//321 143//321 203//321
f 306//322 317//322 315//322
f 211//323 203//323 318//323
f 203//324 143//324 318//324
f 219//325 319//325 221//325
f 211//326 318//326 218//326
f 318//327 143//327 218//327
f 313//328 320//328 316//328
f 218//329 321//329 219//329
f 219//330 321//330 319//330
f 148//331 321//331 218//331
f 148//332 322//332 321//332
f 143//333 148//333 218//333
f 201//334 322//334 148//334
f 201//335 323//335 322//335
f 313//336 314//336 320//336
f 147//337 323//337 201//337
f 324//338 317//338 297//338
f 316//339 320//339 325//339
f 155//340 157//340 223//340
f 320//341 326//341 325//341
f 320//342 241//342 326//342
f 159//343 155//343 227//343
f 314//344 242//344 320//344
f 320//345 242//345 241//345
f 315//346 327//346 314//346
f 314//347 327//347 242//347
f 317//348 324//348 315//348
f 315//349 324//349 327//349
f 237//350 159//350 234//350
f 244//351 159//351 237//351
f 242//352 327//352 160//352
f 243//353 242//353 251//353
f 251//354 160//354 162//354
f 254//355 162//355 164//355
f 328//356 329//356 330//356
f 328//357 331//357 329//357
f 259//358 331//358 328//358
f 259//359 332//359 331//359
f 261//360 332//360 259//360
f 261//361 164//361 168//361
f 261//362 333//362 332//362
f 168//363 333//363 261//363
f 168//364 334//364 333//364
f 167//365 334//365 168//365
f 329//366 331//366 335//366
f 170//367 172//367 272//367
f 336//368 220//368 222//368
f 336//369 337//369 220//369
f 335//370 172//370 171//370
f 176//371 170//371 273//371
f 331//372 172//372 335//372
f 331//373 272//373 172//373
f 332//374 272//374 331//374
f 332//375 268//375 272//375
f 333//376 268//376 332//376
f 333//377 269//377 268//377
f 258//378 231//378 336//378
f 334//379 269//379 333//379
f 167//380 338//380 334//380
f 334//381 338//381 269//381
f 287//382 176//382 282//382
f 339//383 176//383 287//383
f 291//384 340//384 179//384
f 325//385 341//385 342//385
f 326//386 341//386 325//386
f 126//387 291//387 296//387
f 296//388 179//388 181//388
f 341//389 343//389 342//389
f 342//390 343//390 344//390
f 343//391 255//391 344//391
f 298//392 181//392 184//392
f 344//393 255//393 330//393
f 302//394 184//394 119//394
f 339//395 345//395 346//395
f 339//396 347//396 345//396
f 287//397 347//397 339//397
f 287//398 348//398 347//398
f 283//399 348//399 287//399
f 283//400 349//400 348//400
f 185//401 144//401 146//401
f 286//402 349//402 283//402
f 286//403 350//403 349//403
f 351//404 350//404 286//404
f 189//405 185//405 309//405
f 347//406 352//406 345//406
f 345//407 352//407 353//407
f 347//408 348//408 352//408
f 195//409 189//409 311//409
f 192//410 189//410 195//410
f 353//411 354//411 355//411
f 356//412 125//412 357//412
f 123//413 125//413 356//413
f 353//414 358//414 354//414
f 352//415 358//415 353//415
f 134//416 133//416 130//416
f 348//417 359//417 352//417
f 197//418 134//418 135//418
f 352//419 359//419 358//419
f 125//420 139//420 357//420
f 357//421 139//421 360//421
f 135//422 130//422 199//422
f 349//423 361//423 348//423
f 348//424 361//424 359//424
f 139//425 141//425 360//425
f 350//426 362//426 349//426
f 349//427 362//427 361//427
f 135//428 199//428 142//428
f 354//429 363//429 355//429
f 360//430 141//430 153//430
f 358//431 364//431 354//431
f 354//432 364//432 363//432
f 148//433 142//433 201//433
f 358//434 365//434 364//434
f 359//435 365//435 358//435
f 359//436 361//436 365//436
f 355//437 363//437 366//437
f 169//438 152//438 154//438
f 156//439 214//439 157//439
f 367//440 362//440 350//440
f 226//441 155//441 223//441
f 363//442 368//442 366//442
f 227//443 155//443 226//443
f 364//444 369//444 363//444
f 363//445 369//445 368//445
f 234//446 159//446 227//446
f 370//447 158//447 159//447
f 365//448 371//448 364//448
f 364//449 371//449 369//449
f 368//450 372//450 366//450
f 365//451 373//451 371//451
f 361//452 373//452 365//452
f 244//453 370//453 159//453
f 244//454 246//454 370//454
f 362//455 367//455 361//455
f 361//456 367//456 373//456
f 304//457 198//457 374//457
f 327//458 324//458 160//458
f 368//459 375//459 372//459
f 242//460 160//460 251//460
f 198//461 204//461 374//461
f 369//462 375//462 368//462
f 374//463 204//463 376//463
f 160//464 324//464 161//464
f 369//465 371//465 375//465
f 204//466 211//466 376//466
f 162//467 161//467 163//467
f 251//468 162//468 254//468
f 372//469 375//469 377//469
f 376//470 211//470 221//470
f 254//471 164//471 261//471
f 164//472 163//472 167//472
f 375//473 378//473 377//473
f 337//474 225//474 220//474
f 375//475 379//475 378//475
f 371//476 379//476 375//476
f 371//477 380//477 379//477
f 373//478 380//478 371//478
f 377//479 378//479 381//479
f 231//480 225//480 337//480
f 271//481 170//481 272//481
f 367//482 382//482 373//482
f 231//483 337//483 336//483
f 373//484 382//484 380//484
f 273//485 170//485 271//485
f 174//486 173//486 170//486
f 378//487 383//487 381//487
f 236//488 228//488 231//488
f 282//489 176//489 273//489
f 236//490 231//490 258//490
f 378//491 379//491 383//491
f 339//492 174//492 176//492
f 174//493 346//493 175//493
f 339//494 346//494 174//494
f 381//495 383//495 356//495
f 326//496 241//496 341//496
f 241//497 243//497 341//497
f 367//498 384//498 382//498
f 340//499 384//499 179//499
f 291//500 179//500 296//500
f 243//501 252//501 341//501
f 383//502 123//502 356//502
f 341//503 252//503 343//503
f 383//504 124//504 123//504
f 179//505 384//505 180//505
f 379//506 291//506 383//506
f 383//507 291//507 124//507
f 343//508 252//508 255//508
f 380//509 340//509 379//509
f 181//510 180//510 183//510
f 379//511 340//511 291//511
f 296//512 181//512 298//512
f 382//513 384//513 380//513
f 380//514 384//514 340//514
f 298//515 184//515 302//515
f 255//516 259//516 328//516
f 255//517 328//517 330//517
f 184//518 183//518 122//518
f 187//519 145//519 186//519
f 186//520 145//520 144//520
f 279//521 267//521 269//521
f 308//522 185//522 146//522
f 385//523 269//523 338//523
f 279//524 269//524 385//524
f 309//525 185//525 308//525
f 190//526 186//526 185//526
f 188//527 186//527 190//527
f 286//528 276//528 279//528
f 311//529 189//529 309//529
f 151//530 129//530 153//530
f 279//531 385//531 286//531
f 286//532 385//532 351//532
f 151//533 127//533 129//533
f 150//534 127//534 151//534
f 150//535 137//535 127//535
f 192//536 190//536 189//536
f 191//537 190//537 192//537
f 302//538 137//538 150//538
f 302//539 121//539 137//539
f 119//540 121//540 302//540
f 386//541 387//541 388//541
f 389//542 390//542 391//542
f 392//543 386//543 388//543
f 392//544 388//544 393//544
f 394//545 392//545 393//545
f 395//546 389//546 391//546
f 394//547 393//547 396//547
f 395//548 391//548 397//548
f 395//549 397//549 398//549
f 399//550 395//550 398//550
f 386//551 400//551 387//551
f 393//552 388//552 401//552
f 393//553 401//553 402//553
f 391//554 390//554 403//554
f 391//555 403//555 404//555
f 393//556 402//556 405//556
f 396//557 393//557 405//557
f 391//558 404//558 406//558
f 397//559 391//559 406//559
f 398//560 406//560 407//560
f 398//561 397//561 406//561
f 399//562 398//562 407//562
f 399//563 407//563 408//563
f 400//564 399//564 408//564
f 400//565 408//565 409//565
f 387//566 400//566 409//566
f 388//567 387//567 409//567
f 388//568 409//568 401//568
f 410//569 408//569 411//569
f 412//570 405//570 413//570
f 413//571 401//571 409//571
f 413//572 409//572 410//572
f 402//573 413//573 405//573
f 412//574 414//574 403//574
f 412//575 407//575 406//575
f 406//576 414//576 412//576
f 414//577 404//577 403//577
f 412//578 411//578 407//578
f 406//579 404//579 414//579
f 408//580 407//580 411//580
f 408//581 410//581 409//581
f 401//582 413//582 402//582
f 413//583 410//583 412//583
f 410//584 411//584 412//584
f 415//585 416//585 417//585
f 417//586 416//586 418//586
f 419//587 420//587 416//587
f 416//588 420//588 418//588
f 420//589 419//589 421//589
f 422//590 423//590 424//590
f 424//591 425//591 426//591
f 426//592 427//592 428//592
f 428//593 429//593 430//593
f 430//594 429//594 431//594
f 431//595 432//595 433//595
f 432//596 434//596 433//596
f 434//597 435//597 433//597
f 434//598 436//598 437//598
f 434//599 437//599 435//599
f 434//600 438//600 436//600
f 436//601 439//601 437//601
f 436//602 440//602 439//602
f 441//603 442//603 443//603
f 443//604 444//604 445//604
f 442//605 446//605 443//605
f 447//606 444//606 443//606
f 448//607 449//607 450//607
f 448//608 451//608 452//608
f 448//609 450//609 451//609
f 450//610 453//610 454//610
f 453//611 415//611 417//611
f 453//612 455//612 415//612
f 415//613 455//613 419//613
f 415//614 419//614 416//614
f 456//615 457//615 458//615
f 459//616 457//616 456//616
f 460//617 423//617 422//617
f 423//618 460//618 461//618
f 460//619 458//619 461//619
f 460//620 456//620 458//620
f 422//621 456//621 460//621
f 422//622 459//622 456//622
f 423//623 461//623 462//623
f 423//624 425//624 424//624
f 425//625 423//625 462//625
f 425//626 427//626 426//626
f 427//627 425//627 462//627
f 427//628 462//628 463//628
f 427//629 429//629 428//629
f 429//630 427//630 463//630
f 429//631 464//631 432//631
f 432//632 464//632 465//632
f 466//633 467//633 468//633
f 466//634 469//634 467//634
f 470//635 469//635 466//635
f 470//636 440//636 469//636
f 470//637 439//637 440//637
f 438//638 465//638 471//638
f 472//639 470//639 466//639
f 473//640 471//640 467//640
f 469//641 473//641 467//641
f 474//642 466//642 468//642
f 469//643 440//643 473//643
f 475//644 466//644 474//644
f 475//645 472//645 466//645
f 476//646 474//646 468//646
f 477//647 474//647 476//647
f 477//648 475//648 474//648
f 478//649 475//649 477//649
f 479//650 445//650 444//650
f 480//651 478//651 477//651
f 481//652 444//652 447//652
f 482//653 447//653 446//653
f 482//654 481//654 447//654
f 483//655 477//655 476//655
f 484//656 477//656 483//656
f 484//657 480//657 477//657
f 485//658 480//658 484//658
f 486//659 484//659 483//659
f 487//660 484//660 486//660
f 488//661 452//661 489//661
f 487//662 485//662 484//662
f 486//663 483//663 490//663
f 491//664 487//664 486//664
f 492//665 487//665 491//665
f 454//666 453//666 417//666
f 493//667 454//667 417//667
f 417//668 418//668 493//668
f 490//669 491//669 486//669
f 494//670 491//670 490//670
f 494//671 492//671 491//671
f 420//672 421//672 418//672
f 495//673 494//673 490//673
f 495//674 490//674 496//674
f 497//675 495//675 496//675
f 498//676 495//676 497//676
f 496//677 490//677 499//677
f 497//678 496//678 499//678
f 500//679 498//679 497//679
f 501//680 497//680 499//680
f 501//681 500//681 497//681
f 502//682 500//682 501//682
f 464//683 429//683 463//683
f 431//684 429//684 432//684
f 501//685 499//685 503//685
f 504//686 502//686 501//686
f 432//687 465//687 434//687
f 434//688 465//688 438//688
f 505//689 501//689 503//689
f 505//690 504//690 501//690
f 506//691 504//691 505//691
f 473//692 438//692 471//692
f 473//693 436//693 438//693
f 445//694 505//694 503//694
f 445//695 503//695 441//695
f 479//696 505//696 445//696
f 479//697 506//697 505//697
f 473//698 440//698 436//698
f 445//699 441//699 443//699
f 507//700 446//700 442//700
f 443//701 446//701 447//701
f 449//702 446//702 507//702
f 508//703 419//703 509//703
f 449//704 482//704 446//704
f 510//705 419//705 508//705
f 482//706 488//706 481//706
f 510//707 421//707 419//707
f 449//708 448//708 482//708
f 482//709 448//709 452//709
f 482//710 452//710 488//710
f 452//711 451//711 489//711
f 463//712 465//712 464//712
f 450//713 454//713 451//713
f 489//714 451//714 454//714
f 454//715 493//715 489//715
f 511//716 512//716 513//716
f 513//717 512//717 514//717
f 512//718 515//718 514//718
f 514//719 515//719 516//719
f 515//720 517//720 516//720
f 516//721 517//721 518//721
f 517//722 519//722 518//722
f 518//723 519//723 520//723
f 519//724 521//724 520//724
f 520//725 521//725 522//725
f 521//726 523//726 522//726
f 522//727 523//727 524//727
f 523//728 525//728 524//728
f 524//729 525//729 526//729
f 525//730 527//730 526//730
f 526//731 527//731 528//731
f 527//732 529//732 528//732
f 528//733 529//733 530//733
f 529//734 531//734 530//734
f 530//735 531//735 532//735
f 531//736 533//736 532//736
f 533//737 534//737 532//737
f 532//738 534//738 535//738
f 534//739 536//739 535//739
f 536//740 537//740 535//740
f 535//741 537//741 538//741
f 537//742 539//742 538//742
f 538//743 539//743 540//743
f 539//744 541//744 540//744
f 540//745 541//745 542//745
f 541//746 543//746 542//746
f 542//747 543//747 544//747
f 543//748 545//748 544//748
f 544//749 545//749 546//749
f 545//750 547//750 546//750
f 546//751 547//751 548//751
f 547//752 549//752 548//752
f 548//753 549//753 550//753
f 549//754 551//754 550//754
f 550//755 551//755 552//755
f 551//756 553//756 552//756
f 552//757 553//757 554//757
f 553//758 555//758 554//758
f 554//759 555//759 556//759
f 557//760 558//760 559//760
f 560//761 558//761 557//761
f 560//762 561//762 558//762
f 561//763 560//763 562//763
f 562//764 563//764 561//764
f 564//765 563//765 562//765
f 564//766 565//766 563//766
f 565//767 564//767 566//767
f 566//768 567//768 565//768
f 567//769 566//769 568//769
f 568//770 569//770 567//770
f 569//771 568//771 570//771
f 571//772 569//772 570//772
f 572//773 571//773 570//773
f 572//774 570//774 573//774
f 573//775 574//775 572//775
f 574//776 573//776 575//776
f 576//777 574//777 575//777
f 576//778 575//778 577//778
f 578//779 576//779 577//779
f 579//780 580//780 578//780
f 579//781 578//781 577//781
f 580//782 579//782 581//782
f 581//783 582//783 580//783
f 582//784 581//784 583//784
f 584//785 582//785 583//785
f 585//786 584//786 583//786
f 586//787 585//787 583//787
f 587//788 586//788 588//788
f 587//789 585//789 586//789
f 589//790 588//790 590//790
f 589//791 587//791 588//791
f 591//792 590//792 592//792
f 591//793 589//793 590//793
f 592//794 593//794 591//794
f 593//795 592//795 594//795
f 594//796 595//796 593//796
f 595//797 594//797 596//797
f 597//798 598//798 599//798
f 599//799 598//799 600//799
f 598//800 601//800 600//800
f 600//801 601//801 602//801
f 601//802 603//802 602//802
f 602//803 603//803 604//803
f 603//804 605//804 604//804
f 604//805 605//805 606//805
f 605//806 607//806 606//806
f 606//807 607//807 608//807
f 607//808 609//808 608//808
f 608//809 609//809 610//809
f 609//810 611//810 610//810
f 610//811 611//811 612//811
f 611//812 613//812 612//812
f 612//813 613//813 614//813
f 613//814 615//814 614//814
f 614//815 615//815 616//815
f 615//816 617//816 616//816
f 616//817 617//817 618//817
f 617//818 619//818 618//818
f 618//819 619//819 620//819
f 619//820 621//820 620//820
f 620//821 621//821 622//821
f 621//822 623//822 622//822
f 622//823 623//823 624//823
f 623//824 625//824 624//824
f 624//825 625//825 626//825
f 625//826 627//826 626//826
f 626//827 627//827 628//827
f 627//828 629//828 628//828
f 628//829 629//829 630//829
f 629//830 631//830 630//830
f 630//831 631//831 632//831
f 631//832 633//832 632//832
f 632//833 633//833 634//833
f 633//834 635//834 634//834
f 634//835 635//835 636//835
f 635//836 637//836 636//836
f 636//837 637//837 638//837
f 637//838 639//838 638//838
f 638//839 639//839 640//839
f 639//840 641//840 640//840
f 640//841 641//841 642//841
f 599//842 600//842 511//842
f 511//843 600//843 512//843
f 600//844 602//844 512//844
f 512//845 602//845 515//845
f 602//846 604//846 515//846
f 515//847 604//847 517//847
f 604//848 606//848 517//848
f 517//849 606//849 519//849
f 606//850 608//850 519//850
f 519//851 608//851 521//851
f 608//852 610//852 521//852
f 521//853 610//853 523//853
f 610//854 612//854 523//854
f 523//855 612//855 525//855
f 612//856 614//856 525//856
f 525//857 614//857 527//857
f 614//858 616//858 527//858
f 527//859 616//859 529//859
f 616//860 618//860 529//860
f 529//861 618//861 531//861
f 618//862 620//862 531//862
f 531//863 620//863 533//863
f 533//864 620//864 534//864
f 620//865 622//865 534//865
f 534//866 622//866 536//866
f 536//867 624//867 537//867
f 622//868 624//868 536//868
f 537//869 626//869 539//869
f 624//870 626//870 537//870
f 626//871 628//871 539//871
f 539//872 628//872 541//872
f 628//873 630//873 541//873
f 541//874 630//874 543//874
f 630//875 632//875 543//875
f 543//876 632//876 545//876
f 632//877 634//877 545//877
f 545//878 634//878 547//878
f 547//879 636//879 549//879
f 634//880 636//880 547//880
f 549//881 638//881 551//881
f 636//882 638//882 549//882
f 638//883 640//883 551//883
f 551//884 640//884 553//884
f 640//885 642//885 553//885
f 553//886 642//886 555//886
f 643//887 596//887 594//887
f 510//888 643//888 594//888
f 421//889 510//889 594//889
f 421//890 594//890 592//890
f 418//891 421//891 592//891
f 493//892 418//892 592//892
f 489//893 592//893 590//893
f 489//894 493//894 592//894
f 488//895 489//895 590//895
f 488//896 590//896 588//896
f 481//897 488//897 588//897
f 444//898 481//898 588//898
f 444//899 588//899 586//899
f 479//900 444//900 586//900
f 479//901 586//901 583//901
f 506//902 479//902 583//902
f 504//903 506//903 583//903
f 502//904 504//904 583//904
f 502//905 583//905 581//905
f 500//906 502//906 581//906
f 498//907 581//907 579//907
f 498//908 500//908 581//908
f 495//909 579//909 577//909
f 495//910 498//910 579//910
f 494//911 495//911 577//911
f 492//912 494//912 577//912
f 492//913 577//913 575//913
f 487//914 492//914 575//914
f 485//915 487//915 575//915
f 485//916 575//916 573//916
f 480//917 485//917 573//917
f 478//918 480//918 573//918
f 478//919 573//919 570//919
f 475//920 478//920 570//920
f 472//921 475//921 570//921
f 472//922 570//922 568//922
f 470//923 472//923 568//923
f 439//924 470//924 568//924
f 439//925 568//925 566//925
f 437//926 439//926 566//926
f 437//927 566//927 564//927
f 435//928 437//928 564//928
f 433//929 435//929 564//929
f 433//930 564//930 562//930
f 431//931 433//931 562//931
f 430//932 431//932 562//932
f 430//933 562//933 560//933
f 428//934 430//934 560//934
f 426//935 428//935 560//935
f 424//936 426//936 560//936
f 422//937 424//937 560//937
f 422//938 560//938 557//938
f 459//939 422//939 557//939
f 644//940 645//940 319//940
f 319//941 645//941 221//941
f 221//942 646//942 376//942
f 645//943 646//943 221//943
f 376//944 646//944 374//944
f 374//945 646//945 304//945
f 646//946 647//946 304//946
f 304//947 647//947 295//947
f 295//948 648//948 284//948
f 647//949 648//949 295//949
f 284//950 648//950 265//950
f 265//951 649//951 250//951
f 648//952 649//952 265//952
f 250//953 649//953 239//953
f 239//954 650//954 230//954
f 649//955 650//955 239//955
f 230//956 650//956 217//956
f 650//957 651//957 217//957
f 217//958 651//958 193//958
f 193//959 651//959 191//959
f 191//960 652//960 188//960
f 651//961 652//961 191//961
f 188//962 652//962 187//962
f 187//963 653//963 145//963
f 652//964 653//964 187//964
f 145//965 653//965 128//965
f 128//966 653//966 129//966
f 653//967 654//967 129//967
f 129//968 654//968 153//968
f 153//969 654//969 360//969
f 654//970 655//970 360//970
f 360//971 655//971 357//971
f 357//972 655//972 356//972
f 655//973 656//973 356//973
f 356//974 656//974 381//974
f 381//975 656//975 377//975
f 656//976 657//976 377//976
f 377//977 657//977 372//977
f 372//978 657//978 366//978
f 657//979 658//979 366//979
f 366//980 658//980 355//980
f 658//981 659//981 355//981
f 355//982 659//982 353//982
f 353//983 659//983 345//983
f 659//984 660//984 345//984
f 345//985 660//985 346//985
f 346//986 660//986 175//986
f 175//987 661//987 173//987
f 660//988 661//988 175//988
f 173//989 661//989 171//989
f 171//990 662//990 335//990
f 661//991 662//991 171//991
f 335//992 662//992 329//992
f 662//993 663//993 329//993
f 329//994 663//994 330//994
f 330//995 663//995 344//995
f 663//996 664//996 344//996
f 344//997 664//997 342//997
f 342//998 664//998 325//998
f 664//999 665//999 325//999
f 325//1000 665//1000 316//1000
f 316//1001 665//1001 312//1001
f 665//1002 666//1002 312//1002
f 312//1003 666//1003 307//1003
f 307//1004 666//1004 300//1004
f 666//1005 667//1005 300//1005
f 300//1006 667//1006 289//1006
f 289//1007 667//1007 278//1007
f 667//1008 668//1008 278//1008
f 278//1009 668//1009 263//1009
f 263//1010 668//1010 245//1010
f 245//1011 669//1011 246//1011
f 668//1012 669//1012 245//1012
f 246//1013 669//1013 370//1013
f 370//1014 669//1014 158//1014
f 669//1015 670//1015 158//1015
f 158//1016 670//1016 156//1016
f 156//1017 670//1017 214//1017
f 214//1018 670//1018 208//1018
f 670//1019 671//1019 208//1019
f 208//1020 671//1020 206//1020
f 4//1021 16//1021 672//1021
f 7//1022 6//1022 673//1022
f 4//1023 672//1023 674//1023
f 7//1024 673//1024 675//1024
f 9//1025 7//1025 675//1025
f 1//1026 4//1026 674//1026
f 9//1027 675//1027 676//1027
f 11//1028 9//1028 676//1028
f 13//1029 676//1029 677//1029
f 13//1030 11//1030 676//1030
f 14//1031 13//1031 677//1031
f 14//1032 677//1032 678//1032
f 16//1033 14//1033 678//1033
f 16//1034 678//1034 672//1034
f 21//1035 32//1035 679//1035
f 21//1036 679//1036 680//1036
f 25//1037 681//1037 682//1037
f 25//1038 22//1038 681//1038
f 21//1039 680//1039 683//1039
f 25//1040 682//1040 684//1040
f 18//1041 21//1041 683//1041
f 27//1042 25//1042 684//1042
f 29//1043 27//1043 684//1043
f 29//1044 684//1044 685//1044
f 30//1045 29//1045 685//1045
f 30//1046 685//1046 686//1046
f 30//1047 686//1047 679//1047
f 32//1048 30//1048 679//1048
f 37//1049 48//1049 687//1049
f 37//1050 687//1050 688//1050
f 41//1051 38//1051 689//1051
f 41//1052 689//1052 690//1052
f 37//1053 688//1053 691//1053
f 34//1054 37//1054 691//1054
f 41//1055 690//1055 692//1055
f 43//1056 41//1056 692//1056
f 45//1057 43//1057 692//1057
f 45//1058 692//1058 693//1058
f 46//1059 45//1059 693//1059
f 46//1060 693//1060 694//1060
f 48//1061 46//1061 694//1061
f 48//1062 694//1062 687//1062
f 53//1035 64//1035 695//1035
f 53//1036 695//1036 696//1036
f 57//1063 54//1063 697//1063
f 53//1064 696//1064 698//1064
f 57//1065 697//1065 699//1065
f 50//1066 53//1066 698//1066
f 50//1067 698//1067 700//1067
f 59//1068 57//1068 699//1068
f 59//1069 699//1069 701//1069
f 61//1070 59//1070 701//1070
f 61//1071 701//1071 702//1071
f 62//1072 61//1072 702//1072
f 62//1073 702//1073 695//1073
f 64//1074 62//1074 695//1074
f 703//1075 664//1075 704//1075
f 665//1076 664//1076 703//1076
f 664//1077 663//1077 704//1077
f 704//1078 663//1078 705//1078
f 663//1079 662//1079 705//1079
f 705//1080 662//1080 706//1080
f 662//1081 661//1081 706//1081
f 706//1082 661//1082 707//1082
f 661//1083 660//1083 707//1083
f 660//1084 708//1084 707//1084
f 660//1085 659//1085 708//1085
f 659//1086 709//1086 708//1086
f 659//1087 658//1087 709//1087
f 658//1088 710//1088 709//1088
f 658//1089 657//1089 710//1089
f 657//1090 711//1090 710//1090
f 657//1091 656//1091 711//1091
f 656//1092 712//1092 711//1092
f 656//1093 655//1093 712//1093
f 655//1094 713//1094 712//1094
f 655//1095 654//1095 713//1095
f 654//1096 714//1096 713//1096
f 654//1097 653//1097 714//1097
f 653//1098 715//1098 714//1098
f 653//1099 652//1099 715//1099
f 652//1100 716//1100 715//1100
f 652//1101 651//1101 716//1101
f 651//1102 717//1102 716//1102
f 651//1103 650//1103 717//1103
f 650//1104 718//1104 717//1104
f 650//1105 649//1105 718//1105
f 649//1106 719//1106 718//1106
f 649//1107 648//1107 719//1107
f 648//1108 720//1108 719//1108
f 648//1109 647//1109 720//1109
f 647//1110 721//1110 720//1110
f 647//1111 646//1111 721//1111
f 646//1112 722//1112 721//1112
f 646//1113 645//1113 722//1113
f 645//1114 723//1114 722//1114
f 645//1115 644//1115 723//1115
f 644//1116 724//1116 723//1116
f 723//1117 724//1117 725//1117
f 724//1118 726//1118 725//1118
f 726//1119 727//1119 725//1119
f 726//1120 728//1120 727//1120
f 728//1121 729//1121 727//1121
f 728//1122 730//1122 729//1122
f 730//1123 731//1123 729//1123
f 730//1124 732//1124 731//1124
f 732//1125 733//1125 731//1125
f 732//1126 734//1126 733//1126
f 734//1127 735//1127 733//1127
f 736//1128 737//1128 738//1128
f 737//1129 739//1129 738//1129
f 739//1130 740//1130 738//1130
f 738//1131 740//1131 741//1131
f 740//1132 742//1132 741//1132
f 741//1133 742//1133 743//1133
f 742//1134 744//1134 743//1134
f 744//1135 745//1135 743//1135
f 744//1136 746//1136 745//1136
f 746//1137 747//1137 745//1137
f 746//1138 748//1138 747//1138
f 748//1139 749//1139 747//1139
f 748//1140 750//1140 749//1140
f 750//1141 751//1141 749//1141
f 750//1142 752//1142 751//1142
f 752//1143 753//1143 751//1143
f 752//1144 754//1144 753//1144
f 754//1145 755//1145 753//1145
f 754//1146 756//1146 755//1146
f 756//1147 757//1147 755//1147
f 756//1148 758//1148 757//1148
f 758//1149 759//1149 757//1149
f 758//1150 760//1150 759//1150
f 760//1151 761//1151 759//1151
f 760//1152 762//1152 761//1152
f 762//1153 763//1153 761//1153
f 762//1154 764//1154 763//1154
f 764//1155 765//1155 763//1155
f 764//1156 766//1156 765//1156
f 766//1157 767//1157 765//1157
f 766//1158 735//1158 767//1158
f 766//1159 768//1159 735//1159
f 735//1160 769//1160 733//1160
f 768//1161 769//1161 735//1161
f 769//1162 770//1162 733//1162
f 733//1163 770//1163 731//1163
f 770//1164 771//1164 731//1164
f 731//1165 771//1165 729//1165
f 771//1166 772//1166 729//1166
f 729//1167 772//1167 727//1167
f 727//1168 773//1168 725//1168
f 772//1169 773//1169 727//1169
f 773//1170 774//1170 725//1170
f 774//1171 723//1171 725//1171
f 774//1172 775//1172 723//1172
f 775//1173 722//1173 723//1173
f 775//1174 776//1174 722//1174
f 776//1175 721//1175 722//1175
f 776//1176 777//1176 721//1176
f 777//1177 720//1177 721//1177
f 777//1178 778//1178 720//1178
f 778//1179 719//1179 720//1179
f 778//1180 779//1180 719//1180
f 779//1181 718//1181 719//1181
f 779//1182 780//1182 718//1182
f 780//1183 717//1183 718//1183
f 780//1184 781//1184 717//1184
f 781//1185 716//1185 717//1185
f 781//1186 782//1186 716//1186
f 782//1187 715//1187 716//1187
f 782//1188 783//1188 715//1188
f 783//1189 714//1189 715//1189
f 783//1190 784//1190 714//1190
f 784//1191 713//1191 714//1191
f 784//1192 785//1192 713//1192
f 785//1193 712//1193 713//1193
f 785//1194 786//1194 712//1194
f 786//1195 711//1195 712//1195
f 786//1196 787//1196 711//1196
f 787//1197 710//1197 711//1197
f 787//1198 788//1198 710//1198
f 788//1199 709//1199 710//1199
f 788//1200 789//1200 709//1200
f 789//1201 708//1201 709//1201
f 789//1202 790//1202 708//1202
f 790//1203 707//1203 708//1203
f 790//1204 791//1204 707//1204
f 791//1205 706//1205 707//1205
f 791//1206 792//1206 706//1206
f 792//1207 705//1207 706//1207
f 792//1208 793//1208 705//1208
f 793//1209 704//1209 705//1209
f 793//1210 703//1210 704//1210
f 793//1211 794//1211 703//1211
f 737//1212 795//1212 739//1212
f 795//1213 796//1213 739//1213
f 739//1214 796//1214 740//1214
f 796//1215 797//1215 740//1215
f 740//1216 797//1216 742//1216
f 797//1217 798//1217 742//1217
f 742//1218 798//1218 744//1218
f 798//1219 799//1219 744//1219
f 744//1220 799//1220 746//1220
f 799//1221 800//1221 746//1221
f 746//1222 800//1222 748//1222
f 800//1223 801//1223 748//1223
f 748//1224 801//1224 750//1224
f 801//1225 802//1225 750//1225
f 750//1226 802//1226 752//1226
f 802//1227 803//1227 752//1227
f 752//1228 803//1228 754//1228
f 803//1229 804//1229 754//1229
f 754//1230 804//1230 756//1230
f 804//1231 805//1231 756//1231
f 756//1232 805//1232 758//1232
f 805//1233 806//1233 758//1233
f 758//1234 806//1234 760//1234
f 806//1235 807//1235 760//1235
f 760//1236 807//1236 762//1236
f 807//1237 808//1237 762//1237
f 762//1238 808//1238 764//1238
f 808//1239 809//1239 764//1239
f 764//1240 809//1240 766//1240
f 809//1241 810//1241 766//1241
f 766//1242 810//1242 768//1242
f 810//1243 811//1243 768//1243
f 768//1244 811//1244 769//1244
f 811//1245 812//1245 769//1245
f 769//1246 812//1246 770//1246
f 812//1247 813//1247 770//1247
f 770//1248 813//1248 771//1248
f 813//1249 814//1249 771//1249
f 771//1250 814//1250 772//1250
f 814//1251 815//1251 772//1251
f 772//1252 815//1252 773//1252
f 815//1253 816//1253 773//1253
f 773//1254 816//1254 774//1254
f 816//1255 817//1255 774//1255
f 817//1256 818//1256 774//1256
f 774//1257 818//1257 775//1257
f 818//1258 819//1258 775//1258
f 775//1259 819//1259 776//1259
f 819//1260 820//1260 776//1260
f 776//1261 820//1261 777//1261
f 820//1262 821//1262 777//1262
f 777//1263 821//1263 778//1263
f 821//1264 822//1264 778//1264
f 778//1265 822//1265 779//1265
f 822//1266 823//1266 779//1266
f 779//1267 823//1267 780//1267
f 823//1268 824//1268 780//1268
f 780//1269 824//1269 781//1269
f 824//1270 825//1270 781//1270
f 781//1271 825//1271 782//1271
f 825//1272 826//1272 782//1272
f 782//1273 826//1273 783//1273
f 826//1274 827//1274 783//1274
f 783//1275 827//1275 784//1275
f 827//1276 828//1276 784//1276
f 784//1277 828//1277 785//1277
f 828//1278 829//1278 785//1278
f 785//1279 829//1279 786//1279
f 829//1280 830//1280 786//1280
f 786//1281 830//1281 787//1281
f 830//1282 831//1282 787//1282
f 787//1283 831//1283 788//1283
f 831//1284 832//1284 788//1284
f 788//1285 832//1285 789//1285
f 832//1286 833//1286 789//1286
f 789//1287 833//1287 790//1287
f 833//1288 834//1288 790//1288
f 790//1289 834//1289 791//1289
f 834//1290 835//1290 791//1290
f 791//1291 835//1291 792//1291
f 835//1292 836//1292 792//1292
f 792//1293 836//1293 793//1293
f 836//1294 837//1294 793//1294
f 793//1295 837//1295 794//1295
f 837//1296 838//1296 794//1296
f 839//1297 840//1297 841//1297
f 840//1298 842//1298 841//1298
f 843//1299 844//1299 845//1299
f 840//1300 846//1300 842//1300
f 845//1301 844//1301 847//1301
f 846//1302 848//1302 842//1302
f 844//1303 849//1303 847//1303
f 846//1304 838//1304 848//1304
f 838//1305 850//1305 848//1305
f 849//1306 851//1306 847//1306
f 849//1307 852//1307 851//1307
f 852//1308 853//1308 851//1308
f 852//1309 854//1309 853//1309
f 854//1310 855//1310 853//1310
f 854//1311 839//1311 855//1311
f 839//1312 841//1312 855//1312
f 838//1313 837//1313 850//1313
f 850//1314 837//1314 856//1314
f 856//1315 836//1315 857//1315
f 837//1316 836//1316 856//1316
f 836//1317 835//1317 857//1317
f 857//1318 835//1318 858//1318
f 835//1319 834//1319 858//1319
f 858//1320 834//1320 859//1320
f 834//1321 833//1321 859//1321
f 859//1322 833//1322 860//1322
f 860//1323 832//1323 861//1323
f 833//1324 832//1324 860//1324
f 832//1325 831//1325 861//1325
f 831//1326 862//1326 861//1326
f 831//1327 830//1327 862//1327
f 830//1328 863//1328 862//1328
f 830//1329 829//1329 863//1329
f 829//1330 864//1330 863//1330
f 829//1331 828//1331 864//1331
f 828//1332 865//1332 864//1332
f 828//1333 827//1333 865//1333
f 827//1334 866//1334 865//1334
f 827//1335 826//1335 866//1335
f 826//1336 867//1336 866//1336
f 826//1337 825//1337 867//1337
f 825//1338 868//1338 867//1338
f 825//1339 824//1339 868//1339
f 824//1340 869//1340 868//1340
f 824//1341 823//1341 869//1341
f 823//1342 870//1342 869//1342
f 823//1343 822//1343 870//1343
f 822//1344 871//1344 870//1344
f 822//1345 821//1345 871//1345
f 821//1346 872//1346 871//1346
f 821//1347 820//1347 872//1347
f 820//1348 873//1348 872//1348
f 820//1349 819//1349 873//1349
f 819//1350 874//1350 873//1350
f 819//1351 818//1351 874//1351
f 818//1352 875//1352 874//1352
f 818//1353 817//1353 875//1353
f 817//1354 876//1354 875//1354
f 817//1355 816//1355 876//1355
f 816//1356 877//1356 876//1356
f 816//1357 815//1357 877//1357
f 815//1358 878//1358 877//1358
f 815//1359 814//1359 878//1359
f 814//1360 879//1360 878//1360
f 814//1361 813//1361 879//1361
f 813//1362 880//1362 879//1362
f 813//1363 812//1363 880//1363
f 812//1364 881//1364 880//1364
f 812//1365 811//1365 881//1365
f 811//1366 810//1366 881//1366
f 810//1367 882//1367 881//1367
f 883//1368 884//1368 885//1368
f 857//1369 848//1369 856//1369
f 856//1369 848//1369 850//1369
f 886//1369 887//1369 888//1369
f 875//1369 873//1369 874//1369
f 795//1370 845//1370 887//1370
f 848//1369 853//1369 842//1369
f 842//1369 853//1369 841//1369
f 841//1369 853//1369 855//1369
f 887//1369 845//1369 888//1369
f 857//1369 845//1369 848//1369
f 889//1369 845//1369 859//1369
f 859//1369 845//1369 857//1369
f 888//1369 845//1369 889//1369
f 878//1369 879//1369 877//1369
f 845//1369 851//1369 848//1369
f 848//1369 851//1369 853//1369
f 845//1369 847//1369 851//1369
f 872//1369 870//1369 871//1369
f 873//1369 870//1369 872//1369
f 876//1369 880//1369 875//1369
f 879//1369 880//1369 877//1369
f 877//1369 880//1369 876//1369
f 875//1369 880//1369 873//1369
f 873//1369 869//1369 870//1369
f 881//1369 869//1369 880//1369
f 880//1369 869//1369 873//1369
f 882//1369 868//1369 881//1369
f 881//1369 868//1369 869//1369
f 882//1369 867//1369 868//1369
f 890//1369 867//1369 882//1369
f 891//1369 892//1369 890//1369
f 890//1369 865//1369 867//1369
f 867//1369 865//1369 866//1369
f 892//1369 865//1369 890//1369
f 865//1369 863//1369 864//1369
f 893//1369 894//1369 895//1369
f 895//1369 894//1369 892//1369
f 863//1369 861//1369 862//1369
f 892//1369 861//1369 865//1369
f 865//1369 861//1369 863//1369
f 892//1369 889//1369 861//1369
f 896//1369 889//1369 894//1369
f 861//1369 889//1369 860//1369
f 894//1369 889//1369 892//1369
f 889//1369 859//1369 860//1369
f 897//1369 898//1369 889//1369
f 899//1369 898//1369 897//1369
f 859//1369 857//1369 858//1369
f 898//1369 888//1369 889//1369
f 885//1371 900//1371 901//1371
f 884//1371 900//1371 885//1371
f 902//1372 900//1372 883//1372
f 900//1373 884//1373 883//1373
f 883//1374 901//1374 902//1374
f 883//1375 885//1375 901//1375
f 795//1376 843//1376 845//1376
f 810//1377 809//1377 882//1377
f 882//1378 809//1378 890//1378
f 890//1379 808//1379 891//1379
f 809//1380 808//1380 890//1380
f 891//1381 807//1381 892//1381
f 808//1382 807//1382 891//1382
f 807//1383 806//1383 892//1383
f 806//1384 895//1384 892//1384
f 806//1385 805//1385 895//1385
f 805//1386 893//1386 895//1386
f 805//1387 804//1387 893//1387
f 804//1388 894//1388 893//1388
f 804//1389 803//1389 894//1389
f 803//1390 896//1390 894//1390
f 803//1391 802//1391 896//1391
f 802//1392 889//1392 896//1392
f 802//1393 801//1393 889//1393
f 801//1394 897//1394 889//1394
f 801//1395 800//1395 897//1395
f 800//1396 899//1396 897//1396
f 800//1397 799//1397 899//1397
f 799//1398 898//1398 899//1398
f 799//1399 798//1399 898//1399
f 798//1400 888//1400 898//1400
f 798//1401 797//1401 888//1401
f 797//1402 886//1402 888//1402
f 797//1403 796//1403 886//1403
f 796//1404 887//1404 886//1404
f 796//1405 795//1405 887//1405
f 843//1406 902//1406 903//1406
f 902//1407 901//1407 903//1407
f 843//1408 900//1408 902//1408
f 901//1409 737//1409 903//1409
f 900//1410 795//1410 901//1410
f 901//1411 795//1411 737//1411
f 843//1412 795//1412 900//1412
f 904//1413 854//1413 905//1413
f 854//1414 852//1414 905//1414
f 905//1415 852//1415 906//1415
f 794//1416 838//1416 907//1416
f 852//1417 849//1417 906//1417
f 838//1418 846//1418 907//1418
f 906//1419 849//1419 908//1419
f 907//1420 846//1420 909//1420
f 849//1421 844//1421 908//1421
f 846//1422 840//1422 909//1422
f 908//1423 844//1423 903//1423
f 909//1424 840//1424 910//1424
f 844//1425 843//1425 903//1425
f 840//1426 839//1426 910//1426
f 910//1427 839//1427 904//1427
f 839//1428 854//1428 904//1428
f 903//1429 737//1429 736//1429
f 903//1430 736//1430 911//1430
f 905//1431 912//1431 913//1431
f 905//1432 906//1432 912//1432
f 703//1433 794//1433 914//1433
f 906//1434 915//1434 912//1434
f 794//1435 907//1435 914//1435
f 906//1436 908//1436 915//1436
f 914//1437 907//1437 916//1437
f 908//1438 911//1438 915//1438
f 907//1439 909//1439 916//1439
f 908//1440 903//1440 911//1440
f 909//1441 917//1441 916//1441
f 909//1442 910//1442 917//1442
f 910//1443 918//1443 917//1443
f 910//1444 904//1444 918//1444
f 904//1445 913//1445 918//1445
f 904//1446 905//1446 913//1446
f 911//1447 736//1447 919//1447
f 919//1448 736//1448 920//1448
f 734//1449 921//1449 735//1449
f 735//1450 921//1450 767//1450
f 767//1451 921//1451 765//1451
f 921//1452 922//1452 765//1452
f 765//1453 922//1453 763//1453
f 922//1454 923//1454 763//1454
f 763//1455 923//1455 761//1455
f 923//1456 924//1456 761//1456
f 761//1457 924//1457 759//1457
f 924//1458 925//1458 759//1458
f 925//1459 757//1459 759//1459
f 925//1460 926//1460 757//1460
f 926//1461 755//1461 757//1461
f 926//1462 927//1462 755//1462
f 927//1463 753//1463 755//1463
f 927//1464 928//1464 753//1464
f 928//1465 929//1465 753//1465
f 929//1466 751//1466 753//1466
f 929//1467 930//1467 751//1467
f 930//1468 749//1468 751//1468
f 930//1469 931//1469 749//1469
f 931//1470 747//1470 749//1470
f 931//1471 932//1471 747//1471
f 932//1472 745//1472 747//1472
f 932//1473 933//1473 745//1473
f 933//1474 743//1474 745//1474
f 933//1475 934//1475 743//1475
f 934//1476 741//1476 743//1476
f 934//1477 935//1477 741//1477
f 935//1478 738//1478 741//1478
f 935//1479 936//1479 738//1479
f 936//1480 736//1480 738//1480
f 936//1481 920//1481 736//1481
f 936//1482 937//1482 920//1482
f 937//1483 919//1483 920//1483
f 937//1484 938//1484 919//1484
f 938//1485 911//1485 919//1485
f 938//1486 939//1486 911//1486
f 939//1487 915//1487 911//1487
f 939//1488 940//1488 915//1488
f 940//1489 912//1489 915//1489
f 940//1490 671//1490 912//1490
f 671//1491 670//1491 912//1491
f 912//1492 670//1492 913//1492
f 670//1493 669//1493 913//1493
f 669//1494 918//1494 913//1494
f 669//1495 668//1495 918//1495
f 668//1496 917//1496 918//1496
f 668//1497 667//1497 917//1497
f 667//1498 916//1498 917//1498
f 667//1499 666//1499 916//1499
f 666//1500 914//1500 916//1500
f 666//1501 665//1501 914//1501
f 665//1502 703//1502 914//1502
f 941//1503 942//1503 943//1503
f 944//1504 50//1504 700//1504
f 941//1505 943//1505 945//1505
f 946//1506 941//1506 945//1506
f 944//1507 700//1507 947//1507
f 946//1508 945//1508 697//1508
f 948//1509 944//1509 947//1509
f 54//1510 946//1510 697//1510
f 948//1511 947//1511 949//1511
f 950//1512 948//1512 949//1512
f 951//1513 950//1513 949//1513
f 951//1514 949//1514 952//1514
f 953//1515 951//1515 952//1515
f 953//1516 952//1516 954//1516
f 953//1517 954//1517 942//1517
f 955//1518 953//1518 942//1518
f 941//1519 955//1519 942//1519
f 956//1520 957//1520 958//1520
f 959//1521 34//1521 691//1521
f 959//1522 691//1522 960//1522
f 961//1523 956//1523 958//1523
f 961//1524 958//1524 689//1524
f 962//1525 960//1525 963//1525
f 962//1526 959//1526 960//1526
f 38//1527 961//1527 689//1527
f 962//1528 963//1528 964//1528
f 965//1529 962//1529 964//1529
f 966//1530 965//1530 964//1530
f 966//1531 964//1531 967//1531
f 968//1532 966//1532 967//1532
f 968//1533 967//1533 969//1533
f 970//1534 968//1534 969//1534
f 970//1535 969//1535 957//1535
f 956//1536 970//1536 957//1536
f 971//1537 972//1537 973//1537
f 971//1538 973//1538 974//1538
f 975//1539 18//1539 683//1539
f 975//1540 683//1540 976//1540
f 977//1541 971//1541 974//1541
f 977//1542 974//1542 681//1542
f 978//1543 975//1543 976//1543
f 22//1544 977//1544 681//1544
f 978//1545 976//1545 979//1545
f 980//1546 978//1546 979//1546
f 981//1547 980//1547 979//1547
f 981//1548 979//1548 982//1548
f 983//1549 981//1549 982//1549
f 983//1550 982//1550 972//1550
f 984//1551 983//1551 972//1551
f 971//1552 984//1552 972//1552
f 985//1520 986//1520 987//1520
f 988//1553 1//1553 674//1553
f 988//1554 674//1554 989//1554
f 6//1555 985//1555 987//1555
f 6//1556 987//1556 673//1556
f 990//1557 989//1557 991//1557
f 990//1526 988//1526 989//1526
f 992//1558 990//1558 991//1558
f 992//1559 991//1559 993//1559
f 994//1560 992//1560 993//1560
f 995//1561 994//1561 993//1561
f 995//1562 993//1562 996//1562
f 997//1563 995//1563 996//1563
f 997//1564 996//1564 986//1564
f 985//1565 997//1565 986//1565
f 671//1566 940//1566 206//1566
f 206//1567 940//1567 998//1567
f 998//1568 940//1568 999//1568
f 940//1569 939//1569 999//1569
f 999//1570 939//1570 1000//1570
f 1000//1571 939//1571 1001//1571
f 939//1572 938//1572 1001//1572
f 1001//1573 938//1573 1002//1573
f 1002//1574 938//1574 1003//1574
f 1003//1575 937//1575 1004//1575
f 938//1576 937//1576 1003//1576
f 1004//1577 937//1577 1005//1577
f 1005//1578 936//1578 1006//1578
f 937//1579 936//1579 1005//1579
f 1006//1580 936//1580 1007//1580
f 936//1581 935//1581 1007//1581
f 1007//1582 935//1582 1008//1582
f 935//1583 934//1583 1008//1583
f 1008//1584 934//1584 1009//1584
f 1009//1585 934//1585 1010//1585
f 934//1586 933//1586 1010//1586
f 1010//1587 933//1587 1011//1587
f 1011//1588 933//1588 1012//1588
f 1012//1589 932//1589 1013//1589
f 933//1590 932//1590 1012//1590
f 1013//1591 932//1591 1014//1591
f 1014//1592 932//1592 1015//1592
f 932//1593 931//1593 1015//1593
f 1015//1594 931//1594 1016//1594
f 1016//1595 931//1595 1017//1595
f 931//1596 930//1596 1017//1596
f 1017//1597 930//1597 1018//1597
f 1018//1598 930//1598 1019//1598
f 930//1599 929//1599 1019//1599
f 1019//1600 929//1600 1020//1600
f 1020//1601 929//1601 1021//1601
f 929//1602 928//1602 1021//1602
f 1021//1603 928//1603 1022//1603
f 928//1604 927//1604 1022//1604
f 1022//1605 927//1605 1023//1605
f 1023//1606 927//1606 1024//1606
f 927//1607 926//1607 1024//1607
f 1024//1608 926//1608 1025//1608
f 926//1609 925//1609 1025//1609
f 1025//1610 925//1610 1026//1610
f 1026//1611 925//1611 1027//1611
f 1027//1612 925//1612 1028//1612
f 925//1613 924//1613 1028//1613
f 1028//1614 924//1614 1029//1614
f 1029//1615 924//1615 1030//1615
f 924//1616 923//1616 1030//1616
f 1030//1617 923//1617 1031//1617
f 1031//1618 923//1618 1032//1618
f 923//1619 922//1619 1032//1619
f 1032//1620 922//1620 1033//1620
f 1033//1621 922//1621 1034//1621
f 922//1622 921//1622 1034//1622
f 1034//1623 921//1623 1035//1623
f 1035//1624 921//1624 1036//1624
f 921//1625 734//1625 1036//1625
f 1036//1626 734//1626 1037//1626
f 1037//1627 734//1627 1038//1627
f 734//1628 732//1628 1038//1628
f 1038//1629 732//1629 1039//1629
f 1039//1630 732//1630 1040//1630
f 732//1631 730//1631 1040//1631
f 1040//1632 730//1632 1041//1632
f 1041//1633 730//1633 1042//1633
f 730//1634 728//1634 1042//1634
f 1042//1635 728//1635 1043//1635
f 1043//1636 728//1636 1044//1636
f 728//1637 726//1637 1044//1637
f 1044//1638 726//1638 1045//1638
f 1045//1639 726//1639 1046//1639
f 1046//1640 726//1640 1047//1640
f 1047//1641 724//1641 1048//1641
f 726//1642 724//1642 1047//1642
f 1048//1643 724//1643 1049//1643
f 1049//1644 724//1644 1050//1644
f 724//1645 644//1645 1050//1645
f 1050//1646 644//1646 319//1646
f 471//1647 465//1647 467//1647
f 465//1648 463//1648 467//1648
f 463//1649 458//1649 467//1649
f 462//1650 458//1650 463//1650
f 461//1651 458//1651 462//1651
f 468//1652 483//1652 476//1652
f 467//1653 1051//1653 468//1653
f 1052//1654 1051//1654 458//1654
f 458//1655 1051//1655 467//1655
f 1053//1656 1054//1656 1055//1656
f 1051//1657 1056//1657 468//1657
f 1054//1658 1056//1658 1055//1658
f 1055//1659 1056//1659 1051//1659
f 483//1660 503//1660 490//1660
f 490//1661 503//1661 499//1661
f 1057//1662 1058//1662 1059//1662
f 1059//1663 1060//1663 1056//1663
f 1058//1664 1060//1664 1059//1664
f 441//1665 507//1665 442//1665
f 483//1666 449//1666 503//1666
f 503//1667 449//1667 441//1667
f 441//1668 449//1668 507//1668
f 468//1669 449//1669 483//1669
f 450//1670 455//1670 453//1670
f 468//1671 455//1671 449//1671
f 449//1672 455//1672 450//1672
f 1056//1673 455//1673 468//1673
f 1060//1674 455//1674 1056//1674
f 1061//1675 455//1675 1060//1675
f 1062//1675 455//1675 1061//1675
f 455//1676 509//1676 419//1676
f 1062//1677 509//1677 455//1677
f 1063//1678 509//1678 1062//1678
f 509//1679 1064//1679 1065//1679
f 509//1680 1066//1680 1064//1680
f 1063//1681 1067//1681 509//1681
f 1068//1682 1067//1682 1063//1682
f 509//1683 1067//1683 1066//1683
f 1067//1684 1069//1684 1066//1684
f 1067//1685 1070//1685 1069//1685
f 459//1686 557//1686 1071//1686
f 457//1687 459//1687 1071//1687
f 1072//1688 457//1688 1071//1688
f 1072//1689 1071//1689 1073//1689
f 1074//1690 1072//1690 1073//1690
f 1075//1691 1074//1691 1073//1691
f 1076//1692 1073//1692 1077//1692
f 1076//1693 1075//1693 1073//1693
f 1078//1694 1076//1694 1077//1694
f 1078//1695 1077//1695 1079//1695
f 1080//1696 1078//1696 1079//1696
f 1081//1697 1080//1697 1079//1697
f 1081//1698 1079//1698 1082//1698
f 1083//1699 1081//1699 1082//1699
f 1083//1700 1082//1700 1084//1700
f 1085//1701 1083//1701 1084//1701
f 1086//1702 1085//1702 1084//1702
f 1087//1703 1084//1703 1088//1703
f 1087//1704 1086//1704 1084//1704
f 1089//1705 1087//1705 1088//1705
f 1090//1706 1088//1706 1091//1706
f 1090//1707 1089//1707 1088//1707
f 1092//1708 1091//1708 1093//1708
f 1092//1709 1090//1709 1091//1709
f 1094//1710 1092//1710 1093//1710
f 1095//1711 1094//1711 1093//1711
f 1095//1712 1093//1712 1096//1712
f 1097//1713 1095//1713 1096//1713
f 1098//1714 1097//1714 1096//1714
f 1098//1715 1096//1715 1099//1715
f 1100//1716 1098//1716 1099//1716
f 1101//1717 1100//1717 1099//1717
f 1101//1718 1099//1718 1102//1718
f 1103//1719 1101//1719 1102//1719
f 1104//1720 1103//1720 1102//1720
f 1104//1721 1102//1721 1105//1721
f 1106//1722 1104//1722 1105//1722
f 1107//1723 1106//1723 1105//1723
f 1107//1724 1105//1724 1108//1724
f 1109//1725 1107//1725 1108//1725
f 1109//1726 1108//1726 1110//1726
f 1111//1727 1109//1727 1110//1727
f 1112//1728 1111//1728 1110//1728
f 1112//1729 1110//1729 1113//1729
f 1114//1730 1112//1730 1113//1730
f 1115//1731 1114//1731 1113//1731
f 1115//1732 1113//1732 1116//1732
f 1117//1733 1115//1733 1116//1733
f 1118//1734 1117//1734 1116//1734
f 1119//1735 1118//1735 1116//1735
f 1120//1736 1119//1736 1116//1736
f 1120//1737 1116//1737 596//1737
f 643//1738 1120//1738 596//1738
f 1121//1375 572//1375 1122//1375
f 1123//1739 55//1739 58//1739
f 87//1374 561//1374 85//1374
f 1124//1740 1125//1740 1126//1740
f 587//1375 1127//1375 1124//1375
f 572//1375 574//1375 1122//1375
f 1124//1375 1127//1375 1125//1375
f 1128//1739 55//1739 1123//1739
f 1123//1739 58//1739 1129//1739
f 1130//1741 1131//1741 2//1741
f 87//1374 558//1374 561//1374
f 1125//1742 1132//1742 1126//1742
f 1133//1743 532//1743 1134//1743
f 1135//1744 23//1744 26//1744
f 1129//1745 60//1745 1136//1745
f 58//1739 60//1739 1129//1739
f 516//1374 81//1374 514//1374
f 1126//1746 1132//1746 1137//1746
f 1136//1747 60//1747 1138//1747
f 1139//1748 23//1748 1135//1748
f 587//1375 1140//1375 1127//1375
f 93//1749 554//1749 556//1749
f 516//1375 77//1375 81//1375
f 589//1375 1140//1375 587//1375
f 26//1748 28//1748 1135//1748
f 1130//1745 1141//1745 1131//1745
f 1142//1747 1143//1747 1144//1747
f 1145//1375 56//1375 1128//1375
f 1128//1750 56//1750 55//1750
f 574//1375 576//1375 1122//1375
f 1137//1751 1146//1751 1142//1751
f 1132//1674 1146//1674 1137//1674
f 87//1374 559//1374 558//1374
f 1135//1748 28//1748 1147//1748
f 1148//1752 524//1752 1149//1752
f 1134//1753 535//1753 1150//1753
f 532//1754 535//1754 1134//1754
f 1122//1375 576//1375 1151//1375
f 1139//1755 24//1755 23//1755
f 589//1745 1152//1745 1140//1745
f 90//1374 559//1374 87//1374
f 591//1756 1152//1756 589//1756
f 1142//1757 1146//1757 1143//1757
f 60//1758 63//1758 1138//1758
f 1146//1375 1153//1375 1143//1375
f 1145//1759 1154//1759 56//1759
f 524//1756 526//1756 1149//1756
f 516//1375 74//1375 77//1375
f 1138//1375 63//1375 1155//1375
f 28//1760 31//1760 1147//1760
f 1156//1745 1154//1745 1145//1745
f 90//1375 1157//1375 559//1375
f 1139//1761 1158//1761 24//1761
f 1159//1375 1160//1375 1161//1375
f 576//1375 578//1375 1151//1375
f 1151//1375 578//1375 1162//1375
f 95//1375 554//1375 93//1375
f 394//1745 1154//1745 1156//1745
f 591//1756 1163//1756 1152//1756
f 591//1749 593//1749 1163//1749
f 63//1762 65//1762 1155//1762
f 1153//1375 1164//1375 1143//1375
f 90//1375 1165//1375 1157//1375
f 1150//1749 535//1749 1166//1749
f 1161//1375 1160//1375 1167//1375
f 1149//1757 526//1757 1130//1757
f 1167//1739 1158//1739 1139//1739
f 516//1375 518//1375 74//1375
f 1161//1375 1168//1375 1159//1375
f 518//1375 66//1375 74//1375
f 1169//1374 1168//1374 1161//1374
f 1164//1375 1170//1375 1143//1375
f 1160//1375 1171//1375 1167//1375
f 1155//1761 65//1761 1172//1761
f 1165//1374 1173//1374 1157//1374
f 578//1375 580//1375 1162//1375
f 1162//1375 580//1375 1174//1375
f 31//1763 33//1763 1147//1763
f 593//1749 595//1749 1163//1749
f 95//1375 552//1375 554//1375
f 1175//1745 1170//1745 1164//1745
f 1147//1739 33//1739 1176//1739
f 65//1751 52//1751 1172//1751
f 526//1673 528//1673 1130//1673
f 1169//1375 1177//1375 1168//1375
f 1167//1756 1178//1756 1158//1756
f 1171//1375 1178//1375 1167//1375
f 73//1374 1173//1374 1165//1374
f 595//1751 1179//1751 1163//1751
f 73//1375 1180//1375 1173//1375
f 1166//1678 535//1678 394//1678
f 66//1375 518//1375 67//1375
f 98//1375 552//1375 95//1375
f 1181//1749 1179//1749 595//1749
f 33//1747 20//1747 1176//1747
f 1182//1375 1177//1375 1169//1375
f 1183//1749 1170//1749 1175//1749
f 1158//1764 1178//1764 1184//1764
f 1176//1745 20//1745 1121//1745
f 535//1673 538//1673 394//1673
f 1178//1765 1185//1765 1184//1765
f 70//1375 1180//1375 73//1375
f 1183//1749 1186//1749 1170//1749
f 1141//1745 395//1745 1187//1745
f 70//1375 1188//1375 1180//1375
f 1182//1375 1189//1375 1177//1375
f 1190//1749 550//1749 98//1749
f 1184//1766 1185//1766 1191//1766
f 78//1375 1188//1375 70//1375
f 98//1749 550//1749 552//1749
f 1141//1767 389//1767 395//1767
f 67//1768 10//1768 83//1768
f 1192//1749 1179//1749 1181//1749
f 528//1673 389//1673 1130//1673
f 1130//1375 389//1375 1141//1375
f 1193//1739 39//1739 42//1739
f 395//1769 399//1769 1187//1769
f 67//1764 8//1764 10//1764
f 1187//1770 399//1770 1194//1770
f 1193//1747 42//1747 1195//1747
f 394//1757 538//1757 1154//1757
f 1174//1745 39//1745 1193//1745
f 1192//1739 1196//1739 1179//1739
f 1197//1673 550//1673 1190//1673
f 580//1374 39//1374 1174//1374
f 518//1739 8//1739 67//1739
f 538//1673 540//1673 1154//1673
f 42//1748 44//1748 1195//1748
f 10//1771 12//1771 83//1771
f 83//1772 12//1772 82//1772
f 582//1673 39//1673 580//1673
f 399//1773 400//1773 1194//1773
f 1182//1375 513//1375 1189//1375
f 520//1756 8//1756 518//1756
f 1154//1756 540//1756 1198//1756
f 528//1757 1199//1757 389//1757
f 1185//1765 1200//1765 1191//1765
f 1201//1375 548//1375 1197//1375
f 1197//1375 548//1375 550//1375
f 528//1375 530//1375 1199//1375
f 1191//1774 1200//1774 1202//1774
f 582//1775 40//1775 39//1775
f 520//1674 5//1674 8//1674
f 1203//1776 1196//1776 1192//1776
f 540//1757 542//1757 1198//1757
f 1198//1678 542//1678 1204//1678
f 82//1748 12//1748 78//1748
f 584//1375 40//1375 582//1375
f 52//1747 548//1747 1172//1747
f 1172//1375 548//1375 1201//1375
f 513//1374 1205//1374 1189//1374
f 400//1777 386//1777 1194//1777
f 44//1760 47//1760 1195//1760
f 1195//1745 47//1745 1206//1745
f 1194//1745 386//1745 1207//1745
f 52//1757 546//1757 548//1757
f 12//1778 15//1778 78//1778
f 584//1762 1208//1762 40//1762
f 51//1674 546//1674 52//1674
f 520//1741 1209//1741 5//1741
f 1204//1774 542//1774 1210//1774
f 1211//1779 546//1779 51//1779
f 542//1673 544//1673 1210//1673
f 78//1375 15//1375 1188//1375
f 1210//1780 544//1780 1212//1780
f 1211//1781 544//1781 546//1781
f 1203//1673 1213//1673 1196//1673
f 1212//1782 544//1782 1211//1782
f 47//1783 49//1783 1206//1783
f 1199//1739 530//1739 1214//1739
f 15//1744 17//1744 1188//1744
f 1188//1747 17//1747 1215//1747
f 522//1784 1209//1784 520//1784
f 514//1374 1205//1374 513//1374
f 584//1756 585//1756 1208//1756
f 585//1756 1216//1756 1208//1756
f 522//1784 1217//1784 1209//1784
f 1218//1749 1186//1749 1183//1749
f 1129//1375 1213//1375 1203//1375
f 1219//1757 567//1757 1220//1757
f 1207//1745 386//1745 1156//1745
f 3//1747 1215//1747 17//1747
f 567//1757 569//1757 1220//1757
f 386//1746 392//1746 1156//1746
f 36//1785 1206//1785 49//1785
f 1219//1757 565//1757 567//1757
f 1202//1786 565//1786 1219//1786
f 1200//1375 565//1375 1202//1375
f 1218//1749 556//1749 1186//1749
f 1217//1787 522//1787 1221//1787
f 3//1747 1222//1747 1215//1747
f 1129//1375 1136//1375 1213//1375
f 1223//1375 565//1375 1200//1375
f 1220//1788 569//1788 19//1788
f 1214//1375 530//1375 1224//1375
f 1216//1782 587//1782 1124//1782
f 585//1756 587//1756 1216//1756
f 569//1375 571//1375 19//1375
f 36//1785 1144//1785 1206//1785
f 392//1789 394//1789 1156//1789
f 514//1374 81//1374 1205//1374
f 530//1673 532//1673 1224//1673
f 91//1747 563//1747 1223//1747
f 1223//1375 563//1375 565//1375
f 19//1755 571//1755 20//1755
f 2//1790 1222//1790 3//1790
f 35//1742 1144//1742 36//1742
f 571//1673 572//1673 20//1673
f 1224//1791 532//1791 1133//1791
f 20//1749 572//1749 1121//1749
f 93//1749 556//1749 1218//1749
f 522//1673 524//1673 1221//1673
f 1221//1792 524//1792 1148//1792
f 85//1766 561//1766 91//1766
f 91//1749 561//1749 563//1749
f 2//1375 1131//1375 1222//1375
f 1142//1761 1144//1761 35//1761
f 642//1793 1225//1793 555//1793
f 555//1794 1225//1794 1226//1794
f 1225//1795 1227//1795 1226//1795
f 1226//1796 1227//1796 1228//1796
f 1227//1797 1229//1797 1228//1797
f 1228//1798 1229//1798 1230//1798
f 1229//1799 1231//1799 1230//1799
f 1230//1800 1231//1800 1232//1800
f 1231//1801 1233//1801 1232//1801
f 1232//1802 1233//1802 1234//1802
f 1233//1803 1235//1803 1234//1803
f 1234//1804 1235//1804 1236//1804
f 1235//1805 1237//1805 1236//1805
f 1236//1806 1237//1806 1238//1806
f 1237//1807 1239//1807 1238//1807
f 1238//1808 1239//1808 1240//1808
f 1239//1809 1241//1809 1240//1809
f 1240//1810 1241//1810 1242//1810
f 1241//1811 1243//1811 1242//1811
f 1242//1812 1243//1812 1244//1812
f 1243//1813 1245//1813 1244//1813
f 1244//1814 1245//1814 1246//1814
f 1246//1815 1247//1815 1248//1815
f 1245//1816 1247//1816 1246//1816
f 1248//1817 1247//1817 1249//1817
f 1247//1818 1250//1818 1249//1818
f 1249//1819 1250//1819 1251//1819
f 1250//1820 1252//1820 1251//1820
f 1251//1821 1252//1821 1253//1821
f 1252//1822 1254//1822 1253//1822
f 1253//1823 1254//1823 1255//1823
f 1254//1824 1256//1824 1255//1824
f 1255//1825 1256//1825 1257//1825
f 1256//1826 1258//1826 1257//1826
f 1257//1827 1258//1827 1259//1827
f 1258//1828 1260//1828 1259//1828
f 1259//1829 1260//1829 1261//1829
f 1260//1830 1262//1830 1261//1830
f 1261//1831 1262//1831 1263//1831
f 1262//1832 1264//1832 1263//1832
f 1263//1833 1264//1833 1265//1833
f 1264//1834 1266//1834 1265//1834
f 1265//1835 1266//1835 1267//1835
f 1266//1836 1268//1836 1267//1836
f 1267//1837 1268//1837 511//1837
f 1268//1838 599//1838 511//1838
f 641//1839 1269//1839 642//1839
f 642//1840 1269//1840 1225//1840
f 1225//1841 1269//1841 1227//1841
f 1269//1842 1270//1842 1227//1842
f 1227//1843 1270//1843 1229//1843
f 1270//1844 1271//1844 1229//1844
f 1229//1845 1271//1845 1231//1845
f 1271//1846 1272//1846 1231//1846
f 1231//1847 1272//1847 1233//1847
f 1272//1848 1273//1848 1233//1848
f 1233//1849 1273//1849 1235//1849
f 1273//1850 1274//1850 1235//1850
f 1235//1851 1274//1851 1237//1851
f 1274//1852 1275//1852 1237//1852
f 1237//1853 1275//1853 1239//1853
f 1275//1854 1276//1854 1239//1854
f 1239//1855 1276//1855 1241//1855
f 1276//1856 1277//1856 1241//1856
f 1241//1857 1277//1857 1243//1857
f 1277//1858 1278//1858 1243//1858
f 1243//1859 1278//1859 1245//1859
f 1278//1860 1279//1860 1245//1860
f 1245//1861 1279//1861 1247//1861
f 1279//1862 1280//1862 1247//1862
f 1247//1863 1280//1863 1250//1863
f 1280//1864 1281//1864 1250//1864
f 1250//1865 1281//1865 1252//1865
f 1281//1866 1282//1866 1252//1866
f 1252//1867 1282//1867 1254//1867
f 1282//1868 1283//1868 1254//1868
f 1254//1869 1283//1869 1256//1869
f 1283//1870 1284//1870 1256//1870
f 1256//1871 1284//1871 1258//1871
f 1284//1872 1285//1872 1258//1872
f 1258//1873 1285//1873 1260//1873
f 1285//1874 1286//1874 1260//1874
f 1260//1875 1286//1875 1262//1875
f 1286//1876 1287//1876 1262//1876
f 1262//1877 1287//1877 1264//1877
f 1287//1878 1288//1878 1264//1878
f 1264//1879 1288//1879 1266//1879
f 1288//1880 1289//1880 1266//1880
f 1266//1881 1289//1881 1268//1881
f 1289//1882 597//1882 1268//1882
f 1268//1883 597//1883 599//1883
f 639//1884 258//1884 336//1884
f 1290//1885 597//1885 1291//1885
f 1291//1886 597//1886 1289//1886
f 1272//1887 1292//1887 1293//1887
f 350//1888 351//1888 623//1888
f 623//1889 351//1889 625//1889
f 1271//1890 1292//1890 1272//1890
f 613//1891 122//1891 615//1891
f 1281//1892 1280//1892 1294//1892
f 147//1893 597//1893 1290//1893
f 122//1894 183//1894 615//1894
f 639//1895 257//1895 258//1895
f 351//1896 385//1896 625//1896
f 1294//1897 1280//1897 1295//1897
f 183//1898 180//1898 615//1898
f 637//1899 257//1899 639//1899
f 1270//1900 1292//1900 1271//1900
f 615//1901 384//1901 617//1901
f 180//1902 384//1902 615//1902
f 625//1903 338//1903 627//1903
f 147//1904 598//1904 597//1904
f 1270//1905 1296//1905 1292//1905
f 385//1906 338//1906 625//1906
f 1280//1907 1279//1907 1295//1907
f 635//1908 257//1908 637//1908
f 140//1909 598//1909 147//1909
f 338//1910 167//1910 627//1910
f 635//1911 297//1911 257//1911
f 1270//1912 1297//1912 1296//1912
f 1298//1913 1286//1913 1299//1913
f 1299//1914 1286//1914 1285//1914
f 384//1915 367//1915 617//1915
f 1299//1916 1285//1916 1300//1916
f 140//1917 601//1917 598//1917
f 132//1918 601//1918 140//1918
f 627//1919 167//1919 629//1919
f 1279//1920 1278//1920 1295//1920
f 1270//1921 1301//1921 1297//1921
f 1269//1922 1301//1922 1270//1922
f 617//1923 367//1923 619//1923
f 1300//1924 1285//1924 1302//1924
f 131//1925 601//1925 132//1925
f 1295//1926 1278//1926 1303//1926
f 633//1927 297//1927 635//1927
f 167//1928 163//1928 629//1928
f 629//1929 163//1929 631//1929
f 1269//1930 1304//1930 1301//1930
f 274//1931 601//1931 131//1931
f 1285//1924 1284//1924 1302//1924
f 163//1929 161//1929 631//1929
f 274//1932 603//1932 601//1932
f 633//1933 324//1933 297//1933
f 631//1934 324//1934 633//1934
f 161//1935 324//1935 631//1935
f 1278//1936 1277//1936 1303//1936
f 1303//1937 1277//1937 1305//1937
f 1302//1938 1284//1938 1306//1938
f 1305//1939 1277//1939 1307//1939
f 1298//1940 1287//1940 1286//1940
f 641//1941 1304//1941 1269//1941
f 619//1942 367//1942 621//1942
f 1307//1943 1277//1943 1308//1943
f 274//1944 605//1944 603//1944
f 1277//1945 1276//1945 1308//1945
f 224//1946 605//1946 274//1946
f 1284//1947 1283//1947 1306//1947
f 1309//1948 1287//1948 1298//1948
f 224//1949 607//1949 605//1949
f 1276//1950 1275//1950 1308//1950
f 1308//1951 1275//1951 1310//1951
f 1309//1952 1288//1952 1287//1952
f 1306//1953 1283//1953 1311//1953
f 367//1954 350//1954 621//1954
f 1310//1955 1275//1955 1312//1955
f 1312//1956 1275//1956 1313//1956
f 1275//1957 1274//1957 1313//1957
f 224//1958 609//1958 607//1958
f 182//1959 609//1959 224//1959
f 1283//1960 1282//1960 1311//1960
f 641//1961 222//1961 1304//1961
f 1311//1962 1282//1962 1314//1962
f 1273//1963 1293//1963 1274//1963
f 1274//1964 1293//1964 1313//1964
f 609//1965 182//1965 611//1965
f 1309//1966 1289//1966 1288//1966
f 182//1967 169//1967 611//1967
f 621//1968 350//1968 623//1968
f 1291//1947 1289//1947 1309//1947
f 169//1969 154//1969 611//1969
f 641//1970 336//1970 222//1970
f 1272//1971 1293//1971 1273//1971
f 1282//1972 1281//1972 1314//1972
f 1314//1973 1281//1973 1294//1973
f 154//1974 122//1974 611//1974
f 611//1975 122//1975 613//1975
f 639//1976 336//1976 641//1976
f 596//1977 1181//1977 595//1977
f 1116//1978 1181//1978 596//1978
f 1116//1979 1192//1979 1181//1979
f 1192//1980 1116//1980 1113//1980
f 1113//1981 1203//1981 1192//1981
f 1110//1982 1203//1982 1113//1982
f 1110//1983 1129//1983 1203//1983
f 1129//1984 1110//1984 1108//1984
f 1108//1985 1123//1985 1129//1985
f 1123//1986 1108//1986 1105//1986
f 1105//1987 1128//1987 1123//1987
f 1128//1988 1105//1988 1102//1988
f 1145//1989 1128//1989 1102//1989
f 1156//1990 1145//1990 1102//1990
f 1156//1991 1102//1991 1099//1991
f 1099//1992 1207//1992 1156//1992
f 1207//1993 1099//1993 1096//1993
f 1194//1994 1207//1994 1096//1994
f 1194//1995 1096//1995 1093//1995
f 1187//1996 1194//1996 1093//1996
f 1091//1997 1141//1997 1187//1997
f 1091//1998 1187//1998 1093//1998
f 1141//1999 1091//1999 1088//1999
f 1088//2000 1131//2000 1141//2000
f 1131//2001 1088//2001 1084//2001
f 1222//2002 1131//2002 1084//2002
f 1215//2003 1222//2003 1084//2003
f 1082//2004 1215//2004 1084//2004
f 1188//2005 1082//2005 1079//2005
f 1188//2006 1215//2006 1082//2006
f 1180//2007 1079//2007 1077//2007
f 1180//2008 1188//2008 1079//2008
f 1173//2009 1077//2009 1073//2009
f 1173//2010 1180//2010 1077//2010
f 1073//2011 1157//2011 1173//2011
f 1157//2012 1073//2012 1071//2012
f 1071//2013 559//2013 1157//2013
f 559//2014 1071//2014 557//2014
f 555//2015 1226//2015 556//2015
f 556//2016 1226//2016 1186//2016
f 1226//2017 1228//2017 1186//2017
f 1186//2018 1228//2018 1170//2018
f 1228//2019 1230//2019 1170//2019
f 1170//2020 1230//2020 1143//2020
f 1230//2021 1232//2021 1143//2021
f 1143//2022 1232//2022 1144//2022
f 1232//2023 1234//2023 1144//2023
f 1144//2024 1234//2024 1206//2024
f 1234//2025 1236//2025 1206//2025
f 1206//2026 1236//2026 1195//2026
f 1236//2027 1238//2027 1195//2027
f 1195//2028 1238//2028 1193//2028
f 1238//2029 1240//2029 1193//2029
f 1193//2030 1240//2030 1174//2030
f 1240//2031 1242//2031 1174//2031
f 1174//2032 1242//2032 1162//2032
f 1242//2033 1244//2033 1162//2033
f 1244//2034 1246//2034 1162//2034
f 1162//2035 1246//2035 1151//2035
f 1246//2036 1248//2036 1151//2036
f 1151//2037 1248//2037 1122//2037
f 1248//2038 1249//2038 1122//2038
f 1249//2039 1251//2039 1122//2039
f 1122//2040 1251//2040 1121//2040
f 1251//2041 1253//2041 1121//2041
f 1121//2042 1253//2042 1176//2042
f 1253//2043 1255//2043 1176//2043
f 1176//2044 1255//2044 1147//2044
f 1255//2045 1257//2045 1147//2045
f 1147//2046 1257//2046 1135//2046
f 1257//2047 1259//2047 1135//2047
f 1135//2048 1259//2048 1139//2048
f 1259//2049 1261//2049 1139//2049
f 1139//2050 1261//2050 1167//2050
f 1261//2051 1263//2051 1167//2051
f 1167//2052 1263//2052 1161//2052
f 1263//2053 1265//2053 1161//2053
f 1161//2054 1265//2054 1169//2054
f 1265//2055 1267//2055 1169//2055
f 1169//2056 1267//2056 1182//2056
f 1267//2057 511//2057 1182//2057
f 1182//2058 511//2058 513//2058
f 1051//2059 1315//2059 1316//2059
f 1316//2060 1315//2060 1074//2060
f 1317//2061 1318//2061 1315//2061
f 1315//2062 1318//2062 1074//2062
f 1318//2063 1317//2063 1072//2063
f 1120//2064 1319//2064 1119//2064
f 1119//2065 1320//2065 1118//2065
f 1118//2066 1321//2066 1117//2066
f 1117//2067 1322//2067 1115//2067
f 1115//2068 1323//2068 1114//2068
f 1114//2069 1324//2069 1112//2069
f 1324//2070 1325//2070 1112//2070
f 1325//2071 1111//2071 1112//2071
f 1325//2072 1109//2072 1111//2072
f 1325//2073 1326//2073 1109//2073
f 1325//2074 1327//2074 1326//2074
f 1326//2075 1328//2075 1107//2075
f 1326//2076 1107//2076 1109//2076
f 1058//2077 1057//2077 1329//2077
f 1329//2078 1081//2078 1330//2078
f 1057//2079 1331//2079 1329//2079
f 1332//2080 1081//2080 1329//2080
f 1333//2081 1334//2081 1335//2081
f 1333//2082 1054//2082 1334//2082
f 1333//2083 1056//2083 1054//2083
f 1054//2084 1053//2084 1336//2084
f 1053//2085 1055//2085 1316//2085
f 1055//2086 1051//2086 1316//2086
f 1051//2087 1052//2087 1317//2087
f 1051//2088 1317//2088 1315//2088
f 643//2089 510//2089 508//2089
f 1337//2090 1319//2090 1120//2090
f 1065//2091 508//2091 509//2091
f 1319//2092 1337//2092 1065//2092
f 1337//2093 508//2093 1065//2093
f 1337//2094 643//2094 508//2094
f 1120//2095 643//2095 1337//2095
f 1319//2096 1320//2096 1119//2096
f 1320//2097 1319//2097 1065//2097
f 1320//2098 1065//2098 1064//2098
f 1320//2099 1321//2099 1118//2099
f 1321//2100 1320//2100 1064//2100
f 1321//2101 1322//2101 1117//2101
f 1322//2102 1321//2102 1064//2102
f 1322//2103 1064//2103 1066//2103
f 1322//2104 1323//2104 1115//2104
f 1323//2105 1322//2105 1066//2105
f 1066//2106 1069//2106 1338//2106
f 1339//2107 1070//2107 1067//2107
f 1339//2108 1340//2108 1070//2108
f 1327//2109 1325//2109 1338//2109
f 1106//2110 1340//2110 1339//2110
f 1106//2111 1328//2111 1340//2111
f 1106//2112 1107//2112 1328//2112
f 1104//2113 1106//2113 1339//2113
f 1341//2114 1339//2114 1067//2114
f 1103//2115 1339//2115 1341//2115
f 1103//2116 1104//2116 1339//2116
f 1068//2117 1341//2117 1067//2117
f 1342//2118 1341//2118 1068//2118
f 1342//2119 1103//2119 1341//2119
f 1101//2120 1103//2120 1342//2120
f 1083//2121 1330//2121 1081//2121
f 1100//2122 1101//2122 1342//2122
f 1080//2123 1081//2123 1332//2123
f 1343//2124 1080//2124 1332//2124
f 1343//2125 1332//2125 1331//2125
f 1063//2126 1342//2126 1068//2126
f 1344//2127 1342//2127 1063//2127
f 1344//2128 1100//2128 1342//2128
f 1098//2129 1100//2129 1344//2129
f 1345//2130 1344//2130 1063//2130
f 1097//2131 1344//2131 1345//2131
f 1078//2132 1335//2132 1076//2132
f 1097//2133 1098//2133 1344//2133
f 1345//2134 1063//2134 1062//2134
f 1346//2135 1097//2135 1345//2135
f 1095//2136 1097//2136 1346//2136
f 1336//2137 1053//2137 1316//2137
f 1075//2138 1336//2138 1316//2138
f 1316//2139 1074//2139 1075//2139
f 1062//2140 1346//2140 1345//2140
f 1094//2141 1346//2141 1062//2141
f 1094//2142 1095//2142 1346//2142
f 1318//2143 1072//2143 1074//2143
f 1092//2144 1062//2144 1347//2144
f 1092//2145 1094//2145 1062//2145
f 1348//2146 1092//2146 1347//2146
f 1090//2147 1092//2147 1348//2147
f 1347//2148 1062//2148 1061//2148
f 1348//2149 1347//2149 1061//2149
f 1089//2150 1090//2150 1348//2150
f 1349//2151 1348//2151 1061//2151
f 1349//2152 1089//2152 1348//2152
f 1087//2153 1089//2153 1349//2153
f 1114//2154 1323//2154 1324//2154
f 1324//2155 1323//2155 1066//2155
f 1349//2156 1061//2156 1060//2156
f 1086//2157 1087//2157 1349//2157
f 1338//2158 1324//2158 1066//2158
f 1324//2159 1338//2159 1325//2159
f 1069//2160 1327//2160 1338//2160
f 1350//2161 1349//2161 1060//2161
f 1350//2162 1086//2162 1349//2162
f 1085//2163 1086//2163 1350//2163
f 1327//2164 1351//2164 1326//2164
f 1327//2165 1069//2165 1351//2165
f 1330//2166 1350//2166 1060//2166
f 1330//2167 1060//2167 1058//2167
f 1083//2168 1350//2168 1330//2168
f 1083//2169 1085//2169 1350//2169
f 1340//2170 1351//2170 1070//2170
f 1340//2171 1326//2171 1351//2171
f 1340//2172 1328//2172 1326//2172
f 1330//2173 1058//2173 1329//2173
f 1059//2174 1331//2174 1057//2174
f 1329//2175 1331//2175 1332//2175
f 458//2176 1317//2176 1052//2176
f 1056//2177 1333//2177 1331//2177
f 1056//2178 1331//2178 1059//2178
f 1343//2179 1331//2179 1333//2179
f 457//2180 1317//2180 458//2180
f 457//2181 1072//2181 1317//2181
f 1343//2182 1078//2182 1080//2182
f 1343//2183 1333//2183 1335//2183
f 1343//2184 1335//2184 1078//2184
f 1335//2185 1334//2185 1076//2185
f 1054//2186 1336//2186 1334//2186
f 1076//2187 1334//2187 1336//2187
f 1336//2188 1075//2188 1076//2188
f 1351//2189 1069//2189 1070//2189
f 1352//2190 1353//2190 1354//2190
f 1355//2191 1352//2191 412//2191
f 1356//2192 1353//2192 1352//2192
f 1357//2193 1358//2193 412//2193
f 1354//2194 1359//2194 1360//2194
f 412//2195 1361//2195 1362//2195
f 412//2196 1358//2196 1361//2196
f 405//2197 412//2197 1362//2197
f 1360//2198 1357//2198 412//2198
f 1359//2199 1363//2199 1360//2199
f 1356//2200 1352//2200 1355//2200
f 1363//2201 1357//2201 1360//2201
f 403//2202 1355//2202 412//2202
f 1354//2203 1360//2203 412//2203
f 1354//2204 412//2204 1352//2204
f 1364//2205 1354//2205 1353//2205
f 1365//2206 1364//2206 1353//2206
f 1365//2207 1353//2207 1356//2207
f 396//2208 405//2208 1362//2208
f 1366//2209 1365//2209 1356//2209
f 1367//2210 396//2210 1362//2210
f 1366//2211 1356//2211 1355//2211
f 1367//2212 1362//2212 1361//2212
f 390//2213 1366//2213 1355//2213
f 1368//2214 1361//2214 1358//2214
f 1368//2215 1367//2215 1361//2215
f 390//2216 1355//2216 403//2216
f 1368//2217 1358//2217 1357//2217
f 1134//2218 1368//2218 1357//2218
f 1134//2219 1357//2219 1363//2219
f 1369//2220 1134//2220 1363//2220
f 1369//2221 1363//2221 1359//2221
f 1133//2222 1369//2222 1359//2222
f 1133//2223 1359//2223 1354//2223
f 1364//2224 1133//2224 1354//2224
f 1224//2225 1364//2225 1365//2225
f 1214//2226 1224//2226 1365//2226
f 1214//2227 1365//2227 1366//2227
f 1166//2228 396//2228 1367//2228
f 1166//2229 394//2229 396//2229
f 1199//2230 1214//2230 1366//2230
f 1199//2231 1366//2231 390//2231
f 1166//2232 1367//2232 1368//2232
f 389//2233 1199//2233 390//2233
f 1150//2234 1166//2234 1368//2234
f 1150//2235 1368//2235 1134//2235
f 1133//2236 1134//2236 1369//2236
f 1224//2237 1133//2237 1364//2237
f 1370//2238 1371//2238 1372//2238
f 1308//2239 1371//2239 1370//2239
f 1373//2240 1374//2240 1375//2240
f 1374//2241 1376//2241 1375//2241
f 1377//2242 1014//2242 1015//2242
f 1378//2243 1296//2243 1297//2243
f 1379//2244 1296//2244 1378//2244
f 1377//2245 1380//2245 1014//2245
f 1381//2246 1378//2246 1382//2246
f 1383//2247 1380//2247 1377//2247
f 1376//2248 1384//2248 1375//2248
f 1375//2249 1384//2249 1385//2249
f 1378//2250 1297//2250 1301//2250
f 1383//2251 1372//2251 1380//2251
f 1385//2252 1384//2252 1386//2252
f 1382//2253 1387//2253 1388//2253
f 1014//2254 1389//2254 1013//2254
f 1380//2255 1389//2255 1014//2255
f 1380//2256 1390//2256 1389//2256
f 1387//2257 1301//2257 1304//2257
f 1388//2258 1387//2258 1391//2258
f 1380//2259 1392//2259 1390//2259
f 1372//2260 1392//2260 1380//2260
f 1386//2261 1393//2261 1394//2261
f 1372//2262 1395//2262 1392//2262
f 1386//2263 1394//2263 1016//2263
f 1371//2264 1395//2264 1372//2264
f 1308//2265 1310//2265 1371//2265
f 1371//2266 1310//2266 1395//2266
f 1396//2267 1048//2267 1397//2267
f 1047//2268 1048//2268 1396//2268
f 1398//2269 1047//2269 1396//2269
f 1399//2270 1300//2270 1400//2270
f 1400//2271 1302//2271 1401//2271
f 1402//2272 1403//2272 1395//2272
f 1401//2273 1306//2273 1404//2273
f 1402//2274 1395//2274 1312//2274
f 1405//2275 1030//2275 1406//2275
f 1029//2276 1030//2276 1405//2276
f 1407//2277 1408//2277 1405//2277
f 1029//2278 1408//2278 1028//2278
f 1409//2279 1410//2279 1402//2279
f 1411//2280 1305//2280 1412//2280
f 1402//2281 1312//2281 1409//2281
f 1409//2282 1312//2282 1313//2282
f 1412//2283 1307//2283 1413//2283
f 1413//2284 1308//2284 1370//2284
f 1414//2285 1415//2285 1389//2285
f 1012//2286 1415//2286 1011//2286
f 1416//2287 1417//2287 1414//2287
f 1011//2288 1417//2288 1010//2288
f 1418//2289 1009//2289 1010//2289
f 1418//2290 1419//2290 1009//2290
f 1420//2291 1421//2291 1422//2291
f 1423//2292 1419//2292 1418//2292
f 1378//2293 1301//2293 1424//2293
f 1424//2294 1301//2294 1387//2294
f 1423//2295 1425//2295 1419//2295
f 1387//2296 1304//2296 1426//2296
f 1427//2297 1425//2297 1423//2297
f 1421//2298 1428//2298 1422//2298
f 1422//2299 1428//2299 1429//2299
f 1427//2300 1430//2300 1425//2300
f 319//2301 1431//2301 1050//2301
f 1409//2302 1430//2302 1427//2302
f 319//2303 321//2303 1431//2303
f 1409//2304 1432//2304 1430//2304
f 1429//2305 1428//2305 1433//2305
f 1313//2306 1432//2306 1409//2306
f 322//2307 1434//2307 321//2307
f 1431//2308 1049//2308 1050//2308
f 323//2309 1434//2309 322//2309
f 1419//2310 1435//2310 1009//2310
f 1009//2311 1435//2311 1008//2311
f 1433//2312 1436//2312 1437//2312
f 1431//2313 1397//2313 1049//2313
f 323//2314 1438//2314 1434//2314
f 1433//2315 1437//2315 998//2315
f 321//2316 1439//2316 1431//2316
f 1431//2317 1439//2317 1397//2317
f 147//2318 1290//2318 323//2318
f 1293//2319 1432//2319 1313//2319
f 1419//2320 1425//2320 1435//2320
f 321//2321 1434//2321 1439//2321
f 323//2322 1290//2322 1438//2322
f 1440//2323 1434//2323 1438//2323
f 1434//2324 1441//2324 1439//2324
f 1440//2325 1441//2325 1434//2325
f 1440//2326 1442//2326 1441//2326
f 1443//2327 1442//2327 1440//2327
f 1008//2328 1444//2328 1007//2328
f 1435//2329 1444//2329 1008//2329
f 1443//2330 1440//2330 1445//2330
f 1425//2331 1446//2331 1435//2331
f 1435//2332 1446//2332 1444//2332
f 1430//2333 1447//2333 1425//2333
f 1425//2334 1447//2334 1446//2334
f 1443//2335 1448//2335 1442//2335
f 1449//2336 1448//2336 1443//2336
f 1430//2337 1293//2337 1447//2337
f 1432//2338 1293//2338 1430//2338
f 1449//2339 1443//2339 1450//2339
f 1449//2340 1451//2340 1448//2340
f 1007//2341 1452//2341 1006//2341
f 1444//2342 1452//2342 1007//2342
f 1453//2343 1454//2343 1455//2343
f 1446//2344 1456//2344 1444//2344
f 1444//2345 1456//2345 1452//2345
f 1457//2346 1044//2346 1045//2346
f 1457//2347 1458//2347 1044//2347
f 1446//2348 1447//2348 1456//2348
f 1451//2349 1458//2349 1457//2349
f 1451//2350 1459//2350 1458//2350
f 1006//2351 1452//2351 1460//2351
f 1006//2352 1460//2352 1005//2352
f 1455//2353 1461//2353 1462//2353
f 1449//2354 1459//2354 1451//2354
f 1449//2355 1463//2355 1459//2355
f 1461//2356 1464//2356 1462//2356
f 1465//2357 1462//2357 1466//2357
f 1450//2358 1463//2358 1449//2358
f 1462//2359 1464//2359 1466//2359
f 1450//2360 1309//2360 1463//2360
f 1291//2361 1309//2361 1450//2361
f 1465//2362 1466//2362 1467//2362
f 1466//2363 1464//2363 1467//2363
f 1452//2364 1468//2364 1460//2364
f 1464//2365 1469//2365 1467//2365
f 1458//2366 1470//2366 1044//2366
f 1044//2367 1470//2367 1043//2367
f 1456//2368 1471//2368 1452//2368
f 1452//2369 1471//2369 1468//2369
f 1458//2370 1459//2370 1470//2370
f 1460//2371 1004//2371 1005//2371
f 1447//2372 1472//2372 1456//2372
f 1456//2373 1472//2373 1471//2373
f 1473//2374 1474//2374 1475//2374
f 1293//2375 1476//2375 1447//2375
f 1447//2376 1476//2376 1472//2376
f 1474//2377 1477//2377 1478//2377
f 1473//2378 1477//2378 1474//2378
f 1473//2379 1479//2379 1477//2379
f 1292//2380 1476//2380 1293//2380
f 1480//2381 1479//2381 1473//2381
f 1460//2382 1481//2382 1004//2382
f 1468//2383 1481//2383 1460//2383
f 1043//2384 1482//2384 1042//2384
f 1470//2385 1482//2385 1043//2385
f 1480//2386 1473//2386 1483//2386
f 1468//2387 1471//2387 1481//2387
f 1470//2388 1484//2388 1482//2388
f 1459//2389 1484//2389 1470//2389
f 1463//2390 1485//2390 1459//2390
f 1459//2391 1485//2391 1484//2391
f 1480//2392 1486//2392 1479//2392
f 1487//2393 1486//2393 1480//2393
f 1004//2394 1481//2394 1003//2394
f 1309//2395 1488//2395 1463//2395
f 1487//2396 1480//2396 1489//2396
f 1463//2397 1488//2397 1485//2397
f 1487//2398 1490//2398 1486//2398
f 1042//2399 1491//2399 1041//2399
f 1481//2400 1492//2400 1003//2400
f 1482//2401 1491//2401 1042//2401
f 1374//2402 1493//2402 1376//2402
f 1484//2403 1494//2403 1482//2403
f 1482//2404 1494//2404 1491//2404
f 1471//2405 1495//2405 1481//2405
f 1481//2406 1495//2406 1492//2406
f 1484//2407 1485//2407 1494//2407
f 1471//2408 1496//2408 1495//2408
f 1472//2409 1496//2409 1471//2409
f 1003//2410 1492//2410 1002//2410
f 1376//2411 1497//2411 1384//2411
f 1476//2412 1292//2412 1472//2412
f 1472//2413 1292//2413 1496//2413
f 1298//2414 1488//2414 1309//2414
f 1497//2415 1498//2415 1384//2415
f 1386//2416 1384//2416 1499//2416
f 1384//2417 1498//2417 1499//2417
f 1491//2418 1040//2418 1041//2418
f 1492//2419 1500//2419 1002//2419
f 1386//2420 1499//2420 1393//2420
f 1499//2421 1498//2421 1393//2421
f 1492//2422 1495//2422 1500//2422
f 1498//2423 1501//2423 1393//2423
f 1491//2424 1502//2424 1040//2424
f 1002//2425 1500//2425 1001//2425
f 1494//2426 1503//2426 1491//2426
f 1491//2427 1503//2427 1502//2427
f 1485//2428 1504//2428 1494//2428
f 1494//2429 1504//2429 1503//2429
f 1040//2430 1502//2430 1039//2430
f 1403//2431 1392//2431 1395//2431
f 1392//2432 1505//2432 1390//2432
f 1403//2433 1505//2433 1392//2433
f 1485//2434 1298//2434 1504//2434
f 1488//2435 1298//2435 1485//2435
f 1500//2436 1422//2436 1001//2436
f 1500//2437 1420//2437 1422//2437
f 1403//2438 1506//2438 1505//2438
f 1410//2439 1506//2439 1403//2439
f 1495//2440 1381//2440 1500//2440
f 1500//2441 1381//2441 1420//2441
f 1502//2442 1507//2442 1039//2442
f 1410//2443 1403//2443 1402//2443
f 1496//2444 1379//2444 1495//2444
f 1495//2445 1379//2445 1381//2445
f 1292//2446 1296//2446 1496//2446
f 1496//2447 1296//2447 1379//2447
f 1502//2448 1503//2448 1507//2448
f 1410//2449 1508//2449 1506//2449
f 1427//2450 1508//2450 1410//2450
f 1039//2451 1507//2451 1038//2451
f 1427//2452 1410//2452 1409//2452
f 1427//2453 1423//2453 1508//2453
f 1507//2454 1509//2454 1038//2454
f 1420//2455 1381//2455 1421//2455
f 1507//2456 1510//2456 1509//2456
f 1503//2457 1510//2457 1507//2457
f 1421//2458 1382//2458 1428//2458
f 1504//2459 1511//2459 1503//2459
f 1503//2460 1511//2460 1510//2460
f 1038//2461 1509//2461 1037//2461
f 1382//2462 1388//2462 1428//2462
f 1504//2463 1512//2463 1511//2463
f 1298//2464 1512//2464 1504//2464
f 1433//2465 1428//2465 1513//2465
f 1428//2466 1388//2466 1513//2466
f 1437//2467 206//2467 998//2467
f 1433//2468 1513//2468 1436//2468
f 1513//2469 1388//2469 1436//2469
f 1509//2470 1514//2470 1037//2470
f 1436//2471 209//2471 1437//2471
f 1437//2472 209//2472 206//2472
f 1391//2473 209//2473 1436//2473
f 1388//2474 1391//2474 1436//2474
f 1391//2475 212//2475 209//2475
f 1426//2476 212//2476 1391//2476
f 1426//2477 215//2477 212//2477
f 1509//2478 1510//2478 1514//2478
f 1304//2479 215//2479 1426//2479
f 1304//2480 222//2480 215//2480
f 1299//2481 1512//2481 1298//2481
f 1037//2482 1514//2482 1036//2482
f 1291//2483 1515//2483 1290//2483
f 1396//2484 1397//2484 1439//2484
f 1514//2485 1516//2485 1036//2485
f 1514//2486 1453//2486 1516//2486
f 1398//2487 1396//2487 1442//2487
f 1510//2488 1454//2488 1514//2488
f 1514//2489 1454//2489 1453//2489
f 1511//2490 1517//2490 1510//2490
f 1510//2491 1517//2491 1454//2491
f 1512//2492 1299//2492 1511//2492
f 1511//2493 1299//2493 1517//2493
f 1451//2494 1398//2494 1448//2494
f 1457//2495 1398//2495 1451//2495
f 1314//2496 1518//2496 1311//2496
f 1454//2497 1517//2497 1399//2497
f 1455//2498 1454//2498 1461//2498
f 1461//2499 1399//2499 1400//2499
f 1464//2500 1400//2500 1401//2500
f 1519//2501 1032//2501 1033//2501
f 1519//2502 1520//2502 1032//2502
f 1467//2503 1520//2503 1519//2503
f 1469//2504 1401//2504 1404//2504
f 1469//2505 1521//2505 1467//2505
f 1467//2506 1521//2506 1520//2506
f 1404//2507 1522//2507 1469//2507
f 1469//2508 1522//2508 1521//2508
f 1404//2509 1523//2509 1522//2509
f 1306//2510 1523//2510 1404//2510
f 1032//2511 1520//2511 1031//2511
f 1405//2512 1406//2512 1478//2512
f 1290//2513 1524//2513 1438//2513
f 1031//2514 1406//2514 1030//2514
f 1407//2515 1405//2515 1479//2515
f 1520//2516 1406//2516 1031//2516
f 1520//2517 1478//2517 1406//2517
f 1521//2518 1478//2518 1520//2518
f 1521//2519 1474//2519 1478//2519
f 1522//2520 1474//2520 1521//2520
f 1522//2521 1475//2521 1474//2521
f 1523//2522 1475//2522 1522//2522
f 1306//2523 1311//2523 1523//2523
f 1523//2524 1311//2524 1475//2524
f 1490//2525 1407//2525 1486//2525
f 1525//2526 1407//2526 1490//2526
f 1291//2527 1450//2527 1515//2527
f 1493//2528 1526//2528 1411//2528
f 1516//2529 1527//2529 1036//2529
f 1036//2530 1527//2530 1035//2530
f 1376//2531 1493//2531 1497//2531
f 1497//2532 1411//2532 1412//2532
f 1527//2533 1528//2533 1035//2533
f 1035//2534 1528//2534 1034//2534
f 1528//2535 1465//2535 1034//2535
f 1498//2536 1412//2536 1413//2536
f 1034//2537 1465//2537 1033//2537
f 1501//2538 1413//2538 1370//2538
f 1525//2539 1026//2539 1027//2539
f 1525//2540 1529//2540 1026//2540
f 1490//2541 1529//2541 1525//2541
f 1490//2542 1530//2542 1529//2542
f 1487//2543 1530//2543 1490//2543
f 1487//2544 1531//2544 1530//2544
f 1414//2545 1389//2545 1390//2545
f 1489//2546 1531//2546 1487//2546
f 1489//2547 1294//2547 1531//2547
f 1314//2548 1294//2548 1489//2548
f 1416//2549 1414//2549 1506//2549
f 1529//2550 1532//2550 1026//2550
f 1026//2551 1532//2551 1025//2551
f 1529//2552 1530//2552 1532//2552
f 1314//2553 1489//2553 1518//2553
f 1423//2554 1416//2554 1508//2554
f 1418//2555 1416//2555 1423//2555
f 1025//2556 1533//2556 1024//2556
f 1373//2557 1375//2557 1019//2557
f 1019//2558 1375//2558 1018//2558
f 1025//2559 1534//2559 1533//2559
f 1532//2560 1534//2560 1025//2560
f 1381//2561 1379//2561 1378//2561
f 1421//2562 1381//2562 1382//2562
f 1532//2563 1535//2563 1534//2563
f 1530//2564 1535//2564 1532//2564
f 1375//2565 1385//2565 1018//2565
f 1018//2566 1385//2566 1017//2566
f 1382//2567 1378//2567 1424//2567
f 1531//2568 1536//2568 1530//2568
f 1530//2569 1536//2569 1535//2569
f 1385//2570 1386//2570 1017//2570
f 1294//2571 1537//2571 1531//2571
f 1531//2572 1537//2572 1536//2572
f 1382//2573 1424//2573 1387//2573
f 1017//2574 1386//2574 1016//2574
f 1533//2575 1538//2575 1024//2575
f 1533//2576 1539//2576 1538//2576
f 1534//2577 1539//2577 1533//2577
f 1391//2578 1387//2578 1426//2578
f 1534//2579 1540//2579 1539//2579
f 1535//2580 1540//2580 1534//2580
f 1535//2581 1536//2581 1540//2581
f 1024//2582 1538//2582 1023//2582
f 1312//2583 1395//2583 1310//2583
f 1048//2584 1049//2584 1397//2584
f 1295//2585 1537//2585 1294//2585
f 1441//2586 1396//2586 1439//2586
f 1538//2587 1541//2587 1023//2587
f 1442//2588 1396//2588 1441//2588
f 1539//2589 1542//2589 1538//2589
f 1538//2590 1542//2590 1541//2590
f 1448//2591 1398//2591 1442//2591
f 1046//2592 1047//2592 1398//2592
f 1540//2593 1543//2593 1539//2593
f 1539//2594 1543//2594 1542//2594
f 1541//2595 1022//2595 1023//2595
f 1457//2596 1046//2596 1398//2596
f 1540//2597 1544//2597 1543//2597
f 1536//2598 1544//2598 1540//2598
f 1457//2599 1045//2599 1046//2599
f 1537//2600 1295//2600 1536//2600
f 1536//2601 1295//2601 1544//2601
f 1001//2602 1422//2602 1000//2602
f 1517//2603 1299//2603 1399//2603
f 1454//2604 1399//2604 1461//2604
f 1541//2605 1545//2605 1022//2605
f 1422//2606 1429//2606 1000//2606
f 1542//2607 1545//2607 1541//2607
f 1000//2608 1429//2608 999//2608
f 1399//2609 1299//2609 1300//2609
f 1542//2610 1543//2610 1545//2610
f 1429//2611 1433//2611 999//2611
f 1400//2612 1300//2612 1302//2612
f 1461//2613 1400//2613 1464//2613
f 1022//2614 1545//2614 1021//2614
f 999//2615 1433//2615 998//2615
f 1464//2616 1401//2616 1469//2616
f 1401//2617 1302//2617 1306//2617
f 1545//2618 1546//2618 1021//2618
f 1524//2619 1440//2619 1438//2619
f 1543//2620 1547//2620 1545//2620
f 1545//2621 1547//2621 1546//2621
f 1543//2622 1548//2622 1547//2622
f 1544//2623 1548//2623 1543//2623
f 1021//2624 1546//2624 1020//2624
f 1445//2625 1440//2625 1524//2625
f 1477//2626 1405//2626 1478//2626
f 1445//2627 1524//2627 1515//2627
f 1544//2628 1549//2628 1548//2628
f 1515//2629 1524//2629 1290//2629
f 1295//2630 1549//2630 1544//2630
f 1479//2631 1405//2631 1477//2631
f 1408//2632 1029//2632 1405//2632
f 1546//2633 1550//2633 1020//2633
f 1450//2634 1443//2634 1445//2634
f 1486//2635 1407//2635 1479//2635
f 1445//2636 1515//2636 1450//2636
f 1546//2637 1547//2637 1550//2637
f 1525//2638 1408//2638 1407//2638
f 1408//2639 1027//2639 1028//2639
f 1525//2640 1027//2640 1408//2640
f 1020//2641 1550//2641 1019//2641
f 1516//2642 1453//2642 1527//2642
f 1453//2643 1455//2643 1527//2643
f 1295//2644 1303//2644 1549//2644
f 1526//2645 1303//2645 1411//2645
f 1493//2646 1411//2646 1497//2646
f 1455//2647 1462//2647 1527//2647
f 1550//2648 1373//2648 1019//2648
f 1527//2649 1462//2649 1528//2649
f 1550//2650 1374//2650 1373//2650
f 1411//2651 1303//2651 1305//2651
f 1547//2652 1493//2652 1550//2652
f 1550//2653 1493//2653 1374//2653
f 1528//2654 1462//2654 1465//2654
f 1412//2655 1305//2655 1307//2655
f 1548//2656 1526//2656 1547//2656
f 1547//2657 1526//2657 1493//2657
f 1497//2658 1412//2658 1498//2658
f 1549//2659 1303//2659 1548//2659
f 1548//2660 1303//2660 1526//2660
f 1498//2661 1413//2661 1501//2661
f 1465//2662 1467//2662 1519//2662
f 1465//2663 1519//2663 1033//2663
f 1413//2664 1307//2664 1308//2664
f 1012//2665 1013//2665 1415//2665
f 1415//2666 1013//2666 1389//2666
f 1483//2667 1473//2667 1475//2667
f 1505//2668 1414//2668 1390//2668
f 1518//2669 1475//2669 1311//2669
f 1483//2670 1475//2670 1518//2670
f 1506//2671 1414//2671 1505//2671
f 1011//2672 1415//2672 1417//2672
f 1417//2673 1415//2673 1414//2673
f 1489//2674 1480//2674 1483//2674
f 1508//2675 1416//2675 1506//2675
f 1394//2676 1015//2676 1016//2676
f 1483//2677 1518//2677 1489//2677
f 1394//2678 1377//2678 1015//2678
f 1393//2679 1377//2679 1394//2679
f 1393//2680 1383//2680 1377//2680
f 1418//2681 1417//2681 1416//2681
f 1010//2682 1417//2682 1418//2682
f 1501//2683 1383//2683 1393//2683
f 1501//2684 1372//2684 1383//2684
f 1370//2685 1372//2685 1501//2685
f 1551//1375 1552//1375 1553//1375
f 1554//1375 1551//1375 1555//1375
f 1554//1375 1552//1375 1551//1375
f 1556//1375 1557//1375 1552//1375
f 1556//1375 1552//1375 1554//1375
f 1556//1375 1554//1375 1558//1375
f 110//1375 1556//1375 1559//1375
f 110//1375 1557//1375 1556//1375
f 112//1375 1557//1375 110//1375
f 112//1375 1560//1375 1557//1375
f 112//1375 1561//1375 1560//1375
f 115//1375 1561//1375 112//1375
f 115//1375 116//1375 1561//1375
f 115//1375 117//1375 116//1375
f 1562//1375 117//1375 115//1375
f 1562//1375 118//1375 117//1375
f 1563//1375 118//1375 1562//1375
f 1564//1375 1565//1375 118//1375
f 1564//1375 1566//1375 1565//1375
f 1567//1375 1564//1375 118//1375
f 1567//1375 1568//1375 1564//1375
f 1569//1375 118//1375 1563//1375
f 1569//1375 1563//1375 1570//1375
f 1571//1375 118//1375 1569//1375
f 1572//1375 118//1375 1571//1375
f 1572//1375 1567//1375 118//1375
f 1573//2686 1557//2686 1560//2686
f 1573//2687 1574//2687 1557//2687
f 1573//2688 1560//2688 1561//2688
f 1575//2689 1573//2689 1561//2689
f 94//2690 1561//2690 116//2690
f 94//2691 1575//2691 1561//2691
f 1576//2692 1577//2692 1567//2692
f 1576//2693 1567//2693 1572//2693
f 1578//2694 118//2694 1565//2694
f 1578//2695 97//2695 118//2695
f 1579//2696 1576//2696 1572//2696
f 1579//2697 1572//2697 1571//2697
f 1578//2698 1565//2698 1566//2698
f 1579//2699 1571//2699 1569//2699
f 1580//2700 1579//2700 1569//2700
f 1581//2701 1578//2701 1566//2701
f 1581//2702 1566//2702 1564//2702
f 1580//2703 1569//2703 1570//2703
f 1582//2704 1580//2704 1570//2704
f 1583//2705 1581//2705 1564//2705
f 1583//2706 1564//2706 1568//2706
f 1584//2707 1582//2707 1570//2707
f 1584//2708 1570//2708 1563//2708
f 1577//2709 1583//2709 1568//2709
f 1577//2710 1568//2710 1567//2710
f 114//2711 1585//2711 115//2711
f 115//2712 1585//2712 1562//2712
f 1562//2713 1585//2713 1563//2713
f 1585//2714 1584//2714 1563//2714
f 1586//2715 1554//2715 1555//2715
f 1587//2716 1555//2716 1551//2716
f 1587//2717 1586//2717 1555//2717
f 113//2718 110//2718 1559//2718
f 1588//2719 113//2719 1559//2719
f 1589//2720 1587//2720 1551//2720
f 1590//2721 1588//2721 1559//2721
f 1589//2722 1551//2722 1553//2722
f 1590//2723 1559//2723 1556//2723
f 1591//2724 1589//2724 1553//2724
f 1591//2725 1553//2725 1552//2725
f 1592//2726 1590//2726 1556//2726
f 1592//2727 1556//2727 1558//2727
f 1591//2728 1552//2728 1557//2728
f 1574//2729 1591//2729 1557//2729
f 1593//2730 1592//2730 1558//2730
f 1594//2731 1558//2731 1554//2731
f 1594//2732 1593//2732 1558//2732
f 1586//2733 1594//2733 1554//2733
f 1595//1375 1596//1375 1597//1375
f 1598//1375 1595//1375 1599//1375
f 1598//1375 1599//1375 1600//1375
f 1601//1375 1596//1375 1595//1375
f 1601//1375 108//1375 1596//1375
f 1601//1375 1595//1375 1598//1375
f 1601//1375 109//1375 108//1375
f 1601//1375 1598//1375 1602//1375
f 1601//1375 1603//1375 109//1375
f 1604//1375 1603//1375 1601//1375
f 1604//1375 1605//1375 1603//1375
f 1606//1375 1605//1375 1604//1375
f 105//1375 104//1375 102//1375
f 1607//1375 1605//1375 1606//1375
f 1607//1375 1608//1375 1605//1375
f 99//1375 107//1375 105//1375
f 1609//1375 1608//1375 1607//1375
f 1609//1375 101//1375 1608//1375
f 106//1375 102//1375 101//1375
f 106//1375 101//1375 1609//1375
f 100//1375 99//1375 105//1375
f 103//1375 105//1375 102//1375
f 103//1375 102//1375 106//1375
f 103//1375 100//1375 105//1375
f 1610//2734 106//2734 1609//2734
f 1610//2735 79//2735 106//2735
f 1610//2736 1609//2736 1607//2736
f 1611//2737 1610//2737 1607//2737
f 1611//2738 1607//2738 1606//2738
f 1612//2739 1611//2739 1606//2739
f 1612//2740 1606//2740 1604//2740
f 1613//2741 1612//2741 1604//2741
f 1613//2742 1604//2742 1601//2742
f 1614//2743 1613//2743 1601//2743
f 1615//2744 1595//2744 1597//2744
f 1616//2745 1615//2745 1597//2745
f 1614//2746 1601//2746 1602//2746
f 1617//2747 1614//2747 1602//2747
f 1616//2748 1597//2748 1596//2748
f 1618//2749 1616//2749 1596//2749
f 1619//2750 1617//2750 1602//2750
f 1619//2751 1602//2751 1598//2751
f 1620//2752 1596//2752 108//2752
f 1620//2753 1618//2753 1596//2753
f 1621//2754 1619//2754 1598//2754
f 88//2755 1620//2755 108//2755
f 1621//2756 1598//2756 1600//2756
f 1622//2757 1621//2757 1600//2757
f 1622//2758 1600//2758 1599//2758
f 1615//2759 1622//2759 1599//2759
f 1615//2760 1599//2760 1595//2760
f 1623//2761 1624//2761 101//2761
f 101//2762 1624//2762 1608//2762
f 1608//2763 1624//2763 1605//2763
f 1624//2764 89//2764 1605//2764
f 1605//2765 89//2765 1603//2765
f 89//2766 86//2766 1603//2766
f 1603//2767 86//2767 109//2767
f 86//2768 88//2768 109//2768
f 71//2769 1623//2769 101//2769
f 1132//2770 1594//2770 1586//2770
f 1146//2771 1132//2771 1586//2771
f 1146//2772 1586//2772 1587//2772
f 1153//2773 1146//2773 1587//2773
f 1152//2774 113//2774 1588//2774
f 1153//2775 1587//2775 1589//2775
f 1140//2776 1152//2776 1588//2776
f 1140//2777 1588//2777 1590//2777
f 1164//2778 1153//2778 1589//2778
f 1164//2779 1589//2779 1591//2779
f 1127//2780 1140//2780 1590//2780
f 1127//2781 1590//2781 1592//2781
f 1175//2782 1164//2782 1591//2782
f 1175//2783 1591//2783 1574//2783
f 1125//2784 1127//2784 1592//2784
f 1125//2785 1592//2785 1593//2785
f 1132//2786 1125//2786 1593//2786
f 1132//2787 1593//2787 1594//2787
f 1183//2788 1175//2788 1574//2788
f 1183//2789 1574//2789 1573//2789
f 1218//2790 1183//2790 1573//2790
f 1218//2791 1573//2791 1575//2791
f 93//2792 1575//2792 94//2792
f 93//2793 1218//2793 1575//2793
f 1584//2794 1585//2794 1196//2794
f 1196//2795 1585//2795 1179//2795
f 1179//2796 114//2796 1163//2796
f 1585//2797 114//2797 1179//2797
f 114//2798 111//2798 1163//2798
f 111//2799 1152//2799 1163//2799
f 111//2800 113//2800 1152//2800
f 1155//2801 1577//2801 1576//2801
f 1138//2802 1155//2802 1576//2802
f 1138//2803 1576//2803 1579//2803
f 1190//2804 97//2804 1578//2804
f 1136//2805 1138//2805 1579//2805
f 1197//2806 1190//2806 1578//2806
f 1136//2807 1579//2807 1580//2807
f 1197//2808 1578//2808 1581//2808
f 1213//2809 1136//2809 1580//2809
f 1201//2810 1197//2810 1581//2810
f 1213//2811 1580//2811 1582//2811
f 1196//2812 1213//2812 1582//2812
f 1196//2813 1582//2813 1584//2813
f 1201//2814 1581//2814 1583//2814
f 1172//2815 1201//2815 1583//2815
f 1172//2816 1583//2816 1577//2816
f 1190//2817 98//2817 97//2817
f 1155//2818 1172//2818 1577//2818
f 1185//2819 1615//2819 1616//2819
f 1168//2820 1614//2820 1617//2820
f 1200//2821 1185//2821 1616//2821
f 1159//2822 1168//2822 1617//2822
f 1200//2823 1616//2823 1618//2823
f 1223//2824 1200//2824 1618//2824
f 1160//2825 1159//2825 1617//2825
f 1160//2826 1617//2826 1619//2826
f 1223//2827 1618//2827 1620//2827
f 91//2828 1223//2828 1620//2828
f 1171//2829 1160//2829 1619//2829
f 1171//2830 1619//2830 1621//2830
f 1178//2831 1622//2831 1615//2831
f 1178//2832 1615//2832 1185//2832
f 1171//2833 1621//2833 1622//2833
f 91//2834 1620//2834 88//2834
f 1178//2835 1171//2835 1622//2835
f 89//2836 1624//2836 90//2836
f 1624//2837 1165//2837 90//2837
f 1624//2838 1623//2838 1165//2838
f 1610//2839 81//2839 79//2839
f 1205//2840 81//2840 1610//2840
f 1611//2841 1205//2841 1610//2841
f 1189//2842 1205//2842 1611//2842
f 1612//2843 1189//2843 1611//2843
f 1613//2844 1189//2844 1612//2844
f 1177//2845 1189//2845 1613//2845
f 1614//2846 1177//2846 1613//2846
f 1168//2847 1177//2847 1614//2847
f 73//2848 1623//2848 71//2848
f 73//2849 1165//2849 1623//2849
f 1154//2850 941//2850 946//2850
f 946//2851 56//2851 1154//2851
f 51//2852 50//2852 944//2852
f 56//2853 946//2853 54//2853
f 944//2854 1211//2854 51//2854
f 1211//2855 944//2855 948//2855
f 1212//2856 1211//2856 948//2856
f 1212//2857 948//2857 950//2857
f 1210//2858 1212//2858 950//2858
f 1210//2859 950//2859 951//2859
f 1204//2860 951//2860 953//2860
f 1204//2861 1210//2861 951//2861
f 955//2862 1204//2862 953//2862
f 955//2863 1198//2863 1204//2863
f 1198//2864 955//2864 941//2864
f 941//2865 1154//2865 1198//2865
f 1208//2866 956//2866 961//2866
f 961//2867 40//2867 1208//2867
f 35//2868 34//2868 959//2868
f 40//2869 961//2869 38//2869
f 959//2870 1142//2870 35//2870
f 1142//2871 959//2871 962//2871
f 1137//2872 1142//2872 962//2872
f 1137//2873 962//2873 965//2873
f 1126//2874 1137//2874 965//2874
f 1126//2875 965//2875 966//2875
f 1126//2876 966//2876 968//2876
f 968//2877 1124//2877 1126//2877
f 970//2878 1124//2878 968//2878
f 970//2879 1216//2879 1124//2879
f 1216//2880 970//2880 956//2880
f 956//2881 1208//2881 1216//2881
f 1158//2850 971//2850 977//2850
f 977//2882 24//2882 1158//2882
f 19//2883 18//2883 975//2883
f 24//2884 977//2884 22//2884
f 975//2854 1220//2854 19//2854
f 1220//2885 975//2885 978//2885
f 1219//2856 1220//2856 978//2856
f 1219//2857 978//2857 980//2857
f 1202//2858 1219//2858 980//2858
f 1202//2859 980//2859 981//2859
f 1191//2886 981//2886 983//2886
f 1191//2861 1202//2861 981//2861
f 984//2887 1191//2887 983//2887
f 984//2888 1184//2888 1191//2888
f 1184//2864 984//2864 971//2864
f 971//2865 1158//2865 1184//2865
f 1209//2889 985//2889 6//2889
f 6//2890 5//2890 1209//2890
f 2//2891 1//2891 988//2891
f 988//2892 1130//2892 2//2892
f 1130//2871 988//2871 990//2871
f 1149//2872 1130//2872 990//2872
f 1149//2873 990//2873 992//2873
f 1148//2893 1149//2893 992//2893
f 1148//2875 992//2875 994//2875
f 1148//2894 994//2894 995//2894
f 995//2895 1221//2895 1148//2895
f 997//2896 1221//2896 995//2896
f 997//2897 1217//2897 1221//2897
f 1217//2898 997//2898 985//2898
f 985//2881 1209//2881 1217//2881
f 682//1375 680//1375 684//1375
f 686//1375 680//1375 679//1375
f 681//1375 680//1375 682//1375
f 681//1375 683//1375 680//1375
f 974//1375 683//1375 681//1375
f 684//1375 686//1375 685//1375
f 684//1375 680//1375 686//1375
f 974//1375 976//1375 683//1375
f 972//1375 979//1375 976//1375
f 972//1375 982//1375 979//1375
f 972//1375 976//1375 974//1375
f 973//1749 972//1749 974//1749
f 689//1375 692//1375 690//1375
f 689//1375 688//1375 692//1375
f 693//1375 688//1375 687//1375
f 693//1375 687//1375 694//1375
f 689//1375 960//1375 691//1375
f 689//1375 691//1375 688//1375
f 958//1375 964//1375 963//1375
f 958//1375 960//1375 689//1375
f 958//1375 963//1375 960//1375
f 957//1375 967//1375 964//1375
f 957//1375 969//1375 967//1375
f 957//1375 964//1375 958//1375
f 692//1375 688//1375 693//1375
f 697//1375 696//1375 699//1375
f 952//1375 949//1375 947//1375
f 697//1375 700//1375 698//1375
f 697//1375 698//1375 696//1375
f 943//1375 700//1375 697//1375
f 943//1375 697//1375 945//1375
f 943//1375 947//1375 700//1375
f 943//1375 952//1375 947//1375
f 943//1375 954//1375 952//1375
f 943//1375 942//1375 954//1375
f 699//1375 696//1375 695//1375
f 699//1375 695//1375 702//1375
f 699//1375 702//1375 701//1375
f 986//1375 991//1375 987//1375
f 673//1375 676//1375 675//1375
f 673//1375 674//1375 676//1375
f 673//1375 989//1375 674//1375
f 996//1375 993//1375 991//1375
f 987//1375 989//1375 673//1375
f 987//1375 991//1375 989//1375
f 986//1375 996//1375 991//1375
f 676//1375 674//1375 672//1375
f 676//1375 672//1375 678//1375
f 676//1375 678//1375 677//1375