o obj1
v 0.038582 -0.041082 0.09153
v 0.039578 -0.039506 0.099507
v 0.038049 -0.040988 0.099338
v 0.030337 -0.046907 0.100958
v 0.030676 -0.046302 0.10839
v 0.029227 -0.047194 0.109247
v 0.040934 -0.037756 0.104648
v 0.039361 -0.039257 0.107235
v 0.00279 -0.054969 0.132257
v 0.003421 -0.054911 0.14
v -0.00131 -0.054988 0.139999
v 0.050782 -0.021171 0.133916
v 0.051867 -0.018397 0.132271
v 0.050997 -0.020662 0.14
v 0.05311 -0.014615 0.127338
v 0.052301 -0.017015 0.14
v 0.020188 -0.051352 0.122116
v 0.02057 -0.051044 0.132637
v 0.017222 -0.052275 0.132258
v 0.02987 -0.046385 0.122102
v 0.026921 -0.04816 0.122098
v 0.053229 -0.013861 0.14
v 0.028598 -0.047019 0.132265
v 0.027293 -0.047753 0.14
v 0.026297 -0.048332 0.133185
v 0.053967 -0.016276 0.091293
v 0.053506 -0.016141 0.100265
v 0.053068 -0.019003 0.091292
v 0.052713 -0.018114 0.103333
v 0.01156 -0.053789 0.133908
v 0.014128 -0.053174 0.133723
v 0.014657 -0.053025 0.14
v 0.053734 -0.012022 0.129328
v 0.044696 -0.033212 0.104679
v 0.04551 -0.03178 0.109318
v 0.043727 -0.033725 0.11939
v 0.053975 -0.010558 0.14
v 0.043012 -0.03681 0.087462
v 0.040651 -0.038699 0.095627
v 0.041079 -0.038909 0.087956
v 0.05405 -0.010672 0.126558
v 0.034624 -0.042949 0.122097
v 0.0338 -0.04343 0.133174
v 0.032466 -0.044606 0.1221
v 0.054448 -0.00776 0.14
v 0.054495 -0.007883 0.129319
v 0.051422 -0.026209 0.073434
v 0.050115 -0.027167 0.081967
v 0.050021 -0.028793 0.073429
v 0.021503 -0.051324 0.105736
v 0.02387 -0.049959 0.114096
v 0.020261 -0.051534 0.11413
v 0.051433 -0.02458 0.081967
v 0.051958 -0.021666 0.092472
v 0.05086 -0.024303 0.091292
v 0.023041 -0.050682 0.105079
v 0.052899 -0.021259 0.081983
v 0.051022 -0.022807 0.100265
v 0.050672 -0.022658 0.109438
v 0.049975 -0.024671 0.103462
v 0.055728 -0.015253 0.072749
v 0.05513 -0.013609 0.084837
v 0.054778 -0.015794 0.081838
v 0.054775 -0.004942 0.14
v 0.054786 -0.005748 0.126685
v 0.05494 -0.003691 0.129238
v 0.032379 -0.045634 0.099009
v 0.03424 -0.044288 0.098217
v 0.032357 -0.045267 0.105854
v 0.044425 -0.035862 0.080801
v 0.045173 -0.033553 0.092784
v 0.044094 -0.034962 0.092786
v 0.054988 -0.001557 0.14
v 0.055268 -0.010701 0.092473
v 0.054506 -0.013455 0.095251
v 0.045755 -0.033993 0.081961
v 0.055004 -0.000998 0.135001
v 0.055073 -0.001049 0.127188
v 0.009571 -0.054384 0.119608
v 0.008923 -0.054289 0.133885
v 0.006256 -0.054813 0.122102
v 0.006227 -0.054665 0.133778
v 0.029755 -0.046261 0.14
v 0.055002 0 0.137995
v 0.037017 -0.042333 0.093698
v 0.036696 -0.042148 0.100266
v 0.046545 -0.031796 0.091292
v 0.046436 -0.03082 0.103461
v 0.04573 -0.03212 0.100247
v 0.043629 -0.034604 0.104682
v 0.055223 -0.000976 0.119107
v 0.055351 -0.002941 0.11165
v 0.055475 -0.000913 0.110153
v 0.055051 -0.003677 0.121852
v 0.055109 -0.004993 0.115173
v 0.05531 -0.004949 0.10884
v 0.056351 -0.008651 0.081982
v 0.056165 -0.0049 0.091119
v 0.055816 -0.007869 0.091294
v 0.056779 -0.005075 0.081959
v 0.041503 -0.036655 0.11409
v 0.041356 -0.036525 0.122096
v 0.015414 -0.053431 0.106942
v 0.016051 -0.052835 0.119623
v 0.042554 -0.036405 0.097762
v 0.042243 -0.036138 0.107217
v 0.054805 -0.006578 0.12062
v 0.030914 -0.045529 0.13226
v 0.056622 -3.4E-05 0.087253
v 0.056961 -0.00224 0.081955
v 0.057504 0.000762 0.07573
v 0.054964 -0.007149 0.111846
v 0.051897 -0.020289 0.103836
v 0.03689 -0.041027 0.122104
v 0.036795 -0.040919 0.133102
v 0.055093 -0.008463 0.103318
v 0.054669 -0.009162 0.111808
v 0.054747 -0.010383 0.103818
v 0.056436 -0.012396 0.072704
v 0.047475 -0.029173 0.103835
v 0.047628 -0.028494 0.109518
v 0.054347 -0.00934 0.123627
v 0.024676 -0.049911 0.104933
v 0.054385 -0.010974 0.110079
v 0.054477 -0.009268 0.117953
v 0.04707 -0.032155 0.081978
v 0.048084 -0.02928 0.092424
v 0.053983 -0.012146 0.115105
v 0.054234 -0.012604 0.104812
v 0.032085 -0.044674 0.14
v 0.053718 -0.012612 0.121436
v 0.053236 -0.015876 0.1083
v 0.053892 -0.014029 0.104595
v 0.053507 -0.013913 0.116672
v 0.036101 -0.04231 0.10657
v 0.037509 -0.040922 0.109316
v 0.033982 -0.043904 0.10912
v 0.056234 -0.002231 0.092721
v 0.053086 -0.015439 0.116696
v 0.052249 -0.018019 0.117226
v 0.035541 -0.043387 0.096199
v 0.052861 -0.015652 0.124378
v 0.051982 -0.018396 0.123776
v 0.056987 -0.009512 0.072763
v 0.055824 -0.011566 0.081836
v 0.023785 -0.049782 0.122099
v 0.02371 -0.049663 0.132646
v 0.045553 -0.031121 0.1221
v 0.052691 -0.023555 0.073432
v 0.034936 -0.042489 0.14
v 0.038973 -0.03884 0.133297
v 0.039097 -0.038993 0.119393
v 0.051927 -0.019594 0.109518
v 0.01912 -0.051591 0.14
v 0.026488 -0.048751 0.110135
v 0.05576 -0.005018 0.098131
v 0.054139 -0.017847 0.081967
v 0.055004 0.001002 0.135001
v 0.047099 -0.028728 0.122102
v 0.000574 -0.055557 0.108314
v 0.003032 -0.055157 0.118694
v -0.001323 -0.055361 0.114685
v 0.049133 -0.026635 0.100254
v 0.053819 -0.02084 0.073465
v 0.049556 -0.026861 0.091292
v 0.003452 -0.055435 0.108593
v 0.002102 -0.055128 0.122101
v 0.048667 -0.029684 0.081958
v 0.041271 -0.036405 0.132931
v 0.012883 -0.053694 0.119388
v 0.008617 -0.054899 0.108131
v 0.005787 -0.055245 0.108251
v -0.000336 -0.055101 0.126254
v 0.049199 -0.025782 0.108354
v 0.038234 -0.039553 0.14
v 0.012055 -0.054261 0.107617
v 0.009504 -0.054196 0.14
v 0.055317 -0.007077 0.102686
v 0.048838 -0.025676 0.122106
v 0.048529 -0.026942 0.109349
v 0.014281 -0.053699 0.107952
v 0.056017 4E-05 0.097497
v 0.028245 -0.048012 0.104207
v 0.043989 -0.033093 0.132083
v 0.046806 -0.033919 0.072465
v 0.04475 -0.036541 0.072879
v 0.057552 -0.005129 0.072714
v 0.057331 -0.007308 0.07251
v 0.042449 -0.038121 0.081384
v 0.040319 -0.040103 0.084651
v 0.023801 -0.049592 0.14
v 0.057736 -0.002509 0.072574
v 0.058188 -0.000758 0.068463
v 0.050656 -0.021872 0.122107
v 0.040903 -0.036778 0.14
v 0.048488 -0.031308 0.073426
v 0.026694 -0.048927 0.103648
v 0.046228 -0.029858 0.132263
v 0.054881 -0.018061 0.072759
v 0.055711 -0.002215 0.103153
v 0.017847 -0.052682 0.106535
v 0.043245 -0.034002 0.14
v 0.019652 -0.052046 0.106179
v 0.048047 -0.026848 0.132271
v 0.045404 -0.031044 0.14
v 0.049636 -0.023734 0.133825
v 0.028827 -0.047797 0.101967
v 0.046969 -0.028622 0.14
v 0.048681 -0.02562 0.14
v 0.054151 -0.026029 0.052573
v 0.053593 -0.024947 0.060083
v 0.052285 -0.027583 0.060085
v 0.060291 0.001567 0.050908
v 0.060624 -0.002295 0.048379
v 0.06131 -0.000779 0.044164
v 0.057715 -0.015374 0.0551
v 0.057033 -0.013746 0.063997
v 0.056279 -0.016568 0.063996
v 0.052868 -0.029418 0.049453
v 0.051675 -0.030639 0.052561
v 0.05164 -0.032386 0.046483
v 0.060517 -0.013006 0.040607
v 0.059062 -0.015093 0.046505
v 0.059795 -0.016001 0.040608
v 0.059848 -0.019859 0.034183
v 0.058512 -0.018782 0.043241
v 0.057526 -0.021717 0.043013
v 0.050847 -0.030151 0.060084
v 0.049038 -0.031631 0.066996
v 0.049269 -0.032653 0.060149
v 0.061393 -0.010036 0.038786
v 0.060397 -0.009941 0.044824
v 0.054592 -0.020607 0.066951
v 0.056442 -0.025425 0.040622
v 0.055885 -0.02434 0.046482
v 0.054604 -0.027091 0.046483
v 0.057632 -0.016962 0.052559
v 0.056656 -0.019167 0.05449
v 0.058427 -0.012599 0.054775
v 0.047281 -0.034787 0.063647
v 0.062353 -0.004095 0.037172
v 0.061087 -0.006909 0.043091
v 0.062961 -0.007022 0.032599
v 0.055594 -0.01937 0.062134
v 0.059681 -0.01133 0.047856
v 0.050911 -0.028505 0.066984
v 0.057647 -0.010891 0.063995
v 0.060776 -0.004549 0.046441
v 0.05931 -0.00514 0.056679
v 0.059699 -0.006713 0.052562
v 0.054768 -0.022249 0.060083
v 0.049713 -0.033786 0.052385
v 0.048136 -0.035026 0.056679
v 0.055659 -0.022608 0.052561
v 0.059066 -0.009085 0.054891
v 0.060831 -0.016505 0.034294
v 0.059504 -0.002501 0.056466
v 0.058117 -0.008008 0.063996
v 0.052268 -0.025934 0.066979
v 0.058499 -0.004398 0.064088
v 0.059094 -0.000811 0.060213
v 0.062065 -0.01395 0.031203
v 0.053496 -0.023299 0.066966
v 0.051141 -0.037062 0.033668
v 0.052848 -0.032236 0.040623
v 0.050882 -0.035505 0.039747
v 0.052748 -0.035039 0.032746
v 0.054138 -0.032137 0.034681
v 0.054745 -0.028887 0.040608
v 0.055697 -0.02991 0.033294
v 0.062458 -0.000764 0.037369
v 0.057071 -0.027236 0.033228
v 0.049849 -0.035364 0.045412
v 0.062506 -0.011025 0.032046
v 0.05859 -0.024019 0.03274
v 0.063521 -0.016308 0.022239
v 0.061796 -0.016779 0.029216
v 0.058483 -0.038763 0.005448
v 0.057059 -0.037794 0.011171
v 0.055663 -0.040957 0.008884
v 0.0647 -0.011196 0.021892
v 0.063619 -0.011181 0.026591
v 0.065608 -0.023757 0.00669
v 0.063838 -0.024672 0.011168
v 0.064519 -0.027456 0.005607
v 0.07013 -0.014225 0.001324
v 0.068211 -0.016343 0.005513
v 0.069106 -0.018533 0.001306
v 0.067833 -0.02036 0.003469
v 0.061186 -0.019434 0.028421
v 0.059792 -0.021657 0.031387
v 0.054387 -0.034111 0.028427
v 0.056127 -0.0309 0.029051
v 0.061368 -0.030312 0.011151
v 0.06143 -0.026863 0.016263
v 0.060109 -0.029702 0.016265
v 0.06663 -0.007468 0.016264
v 0.064886 -0.007183 0.023455
v 0.06605 -0.011551 0.016279
v 0.062706 -0.027423 0.011168
v 0.063244 -0.033554 0.001204
v 0.063012 -0.030791 0.005536
v 0.061915 -0.033028 0.005422
v 0.068314 -0.004036 0.011203
v 0.067592 -0.000637 0.014156
v 0.066932 -0.00397 0.016265
v 0.054792 -0.039961 0.013386
v 0.065009 -0.021404 0.011174
v 0.063687 -0.020968 0.016268
v 0.062108 -0.020363 0.023137
v 0.062539 -0.024168 0.016263
v 0.06097 -0.025121 0.020754
v 0.057787 -0.027941 0.028468
v 0.060497 -0.023384 0.025357
v 0.059424 -0.025991 0.025356
v 0.065311 -0.029288 0.00124
v 0.059365 -0.034021 0.011269
v 0.058785 -0.02905 0.022237
v 0.06031 -0.035871 0.005417
v 0.069328 -0.010683 0.005489
v 0.067421 -0.011792 0.011189
v 0.068897 -0.013187 0.005493
v 0.066838 -0.020054 0.006702
v 0.065458 -0.003884 0.022237
v 0.071417 -0.003962 0.001347
v 0.069636 -0.004131 0.006758
v 0.071121 -0.007608 0.001342
v 0.069343 -0.007774 0.006692
v 0.054742 -0.036231 0.021924
v 0.052924 -0.03694 0.02678
v 0.055898 -0.037026 0.01626
v 0.058163 -0.033364 0.016283
v 0.056882 -0.032631 0.022254
v 0.071544 0.000329 0.001349
v 0.069972 -0.000815 0.006021
v 0.06557 -0.000617 0.022228
v 0.068015 -0.007624 0.011169
v 0.066299 -0.017021 0.011177
v 0.064951 -0.016674 0.016268
v 0.066725 -0.025842 0.001265
v 0.063843 -0.004225 0.02948
v 0.053711 -0.038781 0.019391
v 0.070833 -0.010025 0.001336
v 0.063932 -0.000634 0.029664
v 0.057995 -0.042013 0.001112
v 0.05669 -0.041788 0.004643
v 0.055596 -0.045187 0.00107
v 0.060699 -0.037982 0.001159
v 0.067993 -0.0223 0.001287
v -0.048157 0.059577 0.037932
v -0.048317 0.060564 0.036068
v -0.04822 0.059567 0.035545
v -0.048675 0.060506 0.034007
v -0.048545 0.059514 0.03389
v -0.049314 0.060403 0.032094
v -0.049101 0.059424 0.032245
v -0.049874 0.059299 0.030749
v -0.050507 0.06021 0.030009
v -0.051084 0.059103 0.029053
v -0.051611 0.060031 0.028677
v -0.052842 0.059831 0.02754
v -0.053286 0.058746 0.027067
v -0.054322 0.059592 0.026546
v -0.055912 0.058321 0.025708
v -0.055927 0.059332 0.025775
v -0.057879 0.059016 0.02521
v -0.057911 0.057997 0.025182
v -0.059895 0.057676 0.024976
v -0.060246 0.058632 0.024976
v -0.062262 0.057293 0.02521
v -0.06223 0.058311 0.025182
v -0.064229 0.057987 0.025708
v -0.064214 0.056977 0.025775
v -0.066041 0.056681 0.026669
v -0.066648 0.057595 0.026938
v -0.067945 0.056372 0.028076
v -0.068729 0.057258 0.02869
v -0.069534 0.056115 0.02987
v -0.070172 0.057025 0.030578
v -0.070594 0.055943 0.031623
v -0.070954 0.056898 0.032068
v -0.071445 0.055805 0.033849
v -0.071654 0.056785 0.034038
v -0.071824 0.055744 0.036228
v -0.072017 0.056726 0.036754
v -0.111155 -0.06222 0.008842
v -0.111001 -0.062127 0
v -0.110391 -0.061932 0.008856
v -0.10986 -0.061877 0
v -0.109591 -0.061921 0.008865
v -0.110408 -0.066079 0.00879
v -0.111244 -0.065721 0
v -0.111382 -0.065612 0.008786
v -0.11014 -0.066122 0
v -0.111956 -0.064828 0
v -0.111893 -0.064921 0.008791
v -0.112121 -0.064109 0.008801
v -0.112107 -0.063844 0
v -0.111888 -0.063031 0.008821
v -0.111817 -0.062902 0
v -0.018736 -0.083579 0.009548
v -0.019386 -0.081528 0.0075
v -0.019415 -0.081361 0.009575
v -0.018664 -0.083732 0.0075
v -0.015405 -0.072705 0.009758
v -0.014668 -0.072306 0.0075
v -0.013392 -0.07182 0.009794
v -0.0125 -0.071609 0.0075
v -0.019496 -0.079439 0.0075
v -0.019492 -0.079469 0.009604
v -0.01152 -0.088497 0.0075
v -0.013525 -0.088142 0.0075
v -0.011686 -0.088487 0.009549
v -0.013718 -0.088079 0.009533
v -0.011779 -0.071531 0.009817
v -0.019195 -0.077663 0.009636
v -0.01048 -0.071503 0.0075
v -0.010314 -0.071513 0.009834
v -0.019121 -0.077414 0.0075
v -0.015618 -0.087165 0.0075
v -0.015774 -0.087062 0.009526
v -0.018241 -0.075491 0.009681
v -0.018113 -0.075297 0.0075
v -0.017375 -0.085658 0.0075
v -0.01749 -0.085526 0.009531
v -0.016914 -0.073878 0.009722
v -0.01657 -0.073549 0.0075
v -0.14357 -0.033549 0.0075
v -0.141668 -0.032306 0.0075
v -0.142405 -0.032705 0.008957
v -0.145663 -0.043733 0.0075
v -0.14632 -0.041802 0.0075
v -0.146045 -0.042783 0.008758
v -0.146444 -0.04108 0.008779
v -0.140391 -0.03182 0.008994
v -0.146523 -0.039731 0.0075
v -0.138521 -0.048497 0.0075
v -0.140525 -0.048142 0.0075
v -0.138687 -0.048487 0.008749
v -0.140718 -0.048079 0.008733
v -0.1395 -0.031609 0.0075
v -0.146492 -0.039469 0.008804
v -0.138363 -0.031491 0.009022
v -0.146195 -0.037663 0.008836
v -0.146122 -0.037414 0.0075
v -0.137473 -0.031503 0.0075
v -0.142618 -0.047165 0.0075
v -0.142774 -0.047062 0.008726
v -0.145241 -0.035491 0.008881
v -0.145113 -0.035297 0.0075
v -0.144375 -0.045659 0.0075
v -0.14449 -0.045526 0.00873
v -0.143914 -0.033879 0.008922
v -0.145443 -0.044114 0.008742
v -0.087543 -0.069982 0.008986
v -0.088506 -0.069984 0
v -0.088461 -0.069969 0.008976
v -0.090584 -0.065429 0.009024
v -0.090266 -0.064998 0
v -0.089641 -0.064461 0.00905
v -0.089384 -0.069686 0.00897
v -0.089172 -0.064213 0
v -0.08977 -0.06945 0
v -0.088457 -0.064018 0.00907
v -0.090383 -0.068857 0.008972
v -0.088157 -0.063999 0
v -0.090648 -0.068457 0
v -0.09094 -0.067696 0.008984
v -0.090991 -0.067351 0
v -0.090979 -0.066552 0.009002
v -0.090912 -0.066185 0
v -0.090636 0.068442 0
v -0.090027 0.069244 0
v -0.090584 0.068571 0.008974
v -0.087543 0.064018 0.009081
v -0.087843 0.063999 0
v -0.088461 0.064031 0.00907
v -0.089641 0.069539 0.008969
v -0.089039 0.064147 0
v -0.089384 0.064314 0.009055
v -0.088856 0.069899 0
v -0.088457 0.069982 0.008976
v -0.090265 0.064998 0
v -0.090384 0.065143 0.009031
v -0.087494 0.069984 0
v -0.090903 0.066157 0
v -0.09094 0.066304 0.009006
v -0.090985 0.067484 0
v -0.090979 0.067448 0.008987
v -0.006714 0.078549 0
v -0.007538 0.077088 0
v -0.007532 0.077304 0.0075
v -0.007087 0.081997 0.0075
v -0.006868 0.081843 0
v -0.006626 0.080414 0.0075
v -0.009521 0.084137 0.0075
v -0.009216 0.084157 0
v -0.008099 0.0833 0.0075
v -0.007824 0.083222 0
v -0.008771 0.076215 0.0075
v -0.008837 0.076027 0
v -0.00648 0.080211 0
v -0.010128 0.075706 0.0075
v -0.010002 0.075607 0
v -0.011421 0.075486 0
v -0.011619 0.075647 0.0075
v -0.006782 0.078772 0.0075
v -0.010794 0.08437 0.0075
v -0.011 0.084533 0
v -0.134282 0.042577 0
v -0.133598 0.041045 0
v -0.134087 0.041997 0.0075
v -0.134058 0.03778 0
v -0.135138 0.036496 0
v -0.134532 0.037303 0.0075
v -0.133626 0.040414 0.0075
v -0.136521 0.044137 0.0075
v -0.135476 0.043755 0
v -0.1351 0.0433 0.0075
v -0.13577 0.036215 0.0075
v -0.136611 0.035694 0
v -0.137381 0.035647 0.0075
v -0.138 0.03549 0
v -0.13352 0.039369 0
v -0.133782 0.038772 0.0075
v -0.137794 0.04437 0.0075
v -0.137162 0.044455 0
v -0.136611 -0.035694 0
v -0.135138 -0.036496 0
v -0.136521 -0.035863 0.0075
v -0.134087 -0.038002 0.0075
v -0.13352 -0.039369 0
v -0.133626 -0.039586 0.0075
v -0.134282 -0.042577 0
v -0.135476 -0.043755 0
v -0.134532 -0.042696 0.0075
v -0.134058 -0.03778 0
v -0.1351 -0.0367 0.0075
v -0.13577 -0.043785 0.0075
v -0.137162 -0.044455 0
v -0.137381 -0.044353 0.0075
v -0.133598 -0.041045 0
v -0.138 -0.03549 0
v -0.137794 -0.03563 0.0075
v -0.133782 -0.041228 0.0075
v -0.006868 -0.081843 0
v -0.007824 -0.083222 0
v -0.007087 -0.081997 0.0075
v -0.008099 -0.0833 0.0075
v -0.009216 -0.084157 0
v -0.009159 -0.083967 0.0075
v -0.008837 -0.076027 0
v -0.007538 -0.077088 0
v -0.008771 -0.076215 0.0075
v -0.010128 -0.084294 0.0075
v -0.006714 -0.078549 0
v -0.00648 -0.080211 0
v -0.006782 -0.078772 0.0075
v -0.006626 -0.080414 0.0075
v -0.007532 -0.077304 0.0075
v -0.011 -0.084533 0
v -0.011206 -0.08437 0.0075
v -0.011421 -0.075486 0
v -0.010002 -0.075607 0
v -0.010381 -0.075647 0.0075
v -0.014738 0.066496 0.001757
v -0.014368 0.066598 0
v -0.013269 0.066485 0.001732
v -0.006689 0.061743 0.001617
v -0.006534 0.061513 0
v -0.006088 0.05955 0.001606
v -0.006033 0.059487 0
v -0.012606 0.066457 0
v -0.011751 0.066213 0.001705
v -0.01103 0.066027 0
v -0.009849 0.065371 0.001672
v -0.009159 0.064972 0
v -0.008005 0.063843 0.00164
v -0.007617 0.063437 0
v -0.141668 0.047694 0.0075
v -0.1395 0.04839 0.0075
v -0.140391 0.04818 0.008735
v -0.1461 0.037345 0.0075
v -0.146455 0.039081 0.0075
v -0.146415 0.03864 0.008818
v -0.137701 0.0315 0.0075
v -0.139418 0.031595 0.0075
v -0.138688 0.031513 0.009018
v -0.138779 0.048469 0.008748
v -0.146496 0.040561 0.0075
v -0.146492 0.040531 0.008787
v -0.137449 0.048497 0.0075
v -0.137215 0.048481 0.008766
v -0.146195 0.042337 0.008762
v -0.140719 0.031921 0.008989
v -0.146121 0.042586 0.0075
v -0.141605 0.032275 0.0075
v -0.145241 0.044509 0.008738
v -0.142774 0.032938 0.008949
v -0.145112 0.044703 0.0075
v -0.143548 0.033528 0.0075
v -0.14449 0.034474 0.008906
v -0.143913 0.046122 0.008728
v -0.14357 0.046451 0.0075
v -0.145085 0.03526 0.0075
v -0.142405 0.047296 0.008726
v -0.145737 0.036422 0.008861
v -0.018664 0.076268 0.0075
v -0.019386 0.078472 0.0075
v -0.018736 0.076421 0.009661
v -0.014668 0.087694 0.0075
v -0.0125 0.08839 0.0075
v -0.013391 0.08818 0.009535
v -0.011779 0.088469 0.009549
v -0.019415 0.07864 0.009618
v -0.019496 0.080562 0.0075
v -0.019492 0.080531 0.009587
v -0.01152 0.071503 0.0075
v -0.013525 0.071858 0.0075
v -0.011686 0.071513 0.009818
v -0.01048 0.088497 0.0075
v -0.010314 0.088487 0.009565
v -0.013718 0.071921 0.009789
v -0.019195 0.082337 0.009562
v -0.019121 0.082586 0.0075
v -0.015619 0.072835 0.0075
v -0.015774 0.072939 0.00975
v -0.018241 0.08451 0.009538
v -0.018113 0.084703 0.0075
v -0.017375 0.074342 0.0075
v -0.01749 0.074474 0.009706
v -0.016913 0.086122 0.009528
v -0.01657 0.086451 0.0075
v -0.015405 0.087295 0.009526
v 6E-06 -0.094576 0.0001
v 0 0.094573 0
v 0 0.094562 0.0001
v -5E-06 -0.094596 0
v -0.101991 -0.002173 0.00328
v -0.107966 -0.004182 0.003385
v -0.110023 0.001794 0.00342
v -0.103014 -0.006144 0.003298
v -0.10798 -0.007758 0.003385
v -0.106303 -0.004467 0.003356
v -0.10469 -0.009434 0.003327
v -0.108702 0.002211 0.003397
v -0.114382 0.004981 0.003496
v -0.105897 0.007856 0.003348
v -0.109313 -0.009668 0.003408
v -0.112643 -0.008003 0.003466
v -0.110586 -0.007292 0.00343
v -0.10728 -0.008933 0.003373
v -0.113745 0.003802 0.003485
v -0.116782 0.002823 0.003538
v -0.117761 0.005762 0.003555
v -0.106864 0.008284 0.003365
v -0.107843 0.011199 0.003382
v -0.104905 0.012179 0.003331
v -0.098146 -0.002369 0.003213
v -0.101354 -0.003447 0.003269
v -0.100276 -0.001267 0.00325
v -0.072552 -0.007633 0.002766
v -0.072552 -0.003844 0.002766
v -0.069718 -0.003871 0.002717
v -0.068277 -0.005007 0.002692
v -0.068804 -0.00424 0.002701
v -0.069795 -0.007613 0.002718
v -0.068197 -0.006174 0.00269
v -0.068931 -0.007336 0.002703
v -0.068467 -0.006864 0.002695
v -0.057956 -0.007004 0.002512
v -0.05969 -0.002603 0.002542
v -0.056257 -0.002603 0.002482
v -0.018826 -0.007004 0.001829
v -0.020559 -0.002603 0.001859
v -0.017127 -0.002603 0.001799
v -0.058491 0.006999 0.002521
v -0.060009 0.010454 0.002547
v -0.056953 0.010454 0.002494
v -0.041857 0.061104 0.036383
v -0.041857 0.061104 0.038062
v -0.040923 0.061255 0.036383
v -0.107985 -0.004204 0.002885
v -0.110062 0.001829 0.002921
v -0.101954 -0.002177 0.002779
v -0.108012 -0.007765 0.002885
v -0.10632 -0.004444 0.002856
v -0.102999 -0.006136 0.002798
v -0.104691 -0.009457 0.002827
v -0.108703 0.002187 0.002897
v -0.114436 0.004984 0.002997
v -0.105871 0.007886 0.002848
v -0.109322 -0.009687 0.002908
v -0.112697 -0.008 0.002967
v -0.110593 -0.007273 0.00293
v -0.107244 -0.008936 0.002872
v -0.116801 0.002801 0.003039
v -0.117799 0.005796 0.003056
v -0.113707 0.003799 0.002985
v -0.107874 0.01121 0.002883
v -0.106876 0.008239 0.002865
v -0.104879 0.012209 0.002831
v -0.100293 -0.001244 0.00275
v -0.101397 -0.003477 0.00277
v -0.09811 -0.002373 0.002712
v -0.06899 -0.007386 0.002204
v -0.069863 -0.007637 0.002219
v -0.068488 -0.006915 0.002195
v -0.068202 -0.006257 0.00219
v -0.072578 -0.007651 0.002267
v -0.072578 -0.003826 0.002267
v -0.069692 -0.003854 0.002216
v -0.068206 -0.005333 0.00219
v -0.068442 -0.004631 0.002195
v -0.068957 -0.00414 0.002204
v -0.059724 -0.002586 0.002042
v -0.056241 -0.002586 0.001982
v -0.057965 -0.007052 0.002012
v -0.020594 -0.002586 0.001359
v -0.01711 -0.002586 0.001298
v -0.018835 -0.007052 0.001329
v -0.060045 0.010472 0.002048
v -0.056935 0.010472 0.001994
v -0.0585 0.006956 0.002021
v -0.041913 0.061449 0.036383
v -0.041913 0.061449 0.038062
v -0.040979 0.061601 0.036383
v -0.119015 0.010766 0.003077
v -0.116796 0.012731 0.003039
v -0.103885 -0.013214 0.002813
v -0.106855 -0.013783 0.002865
v -0.101431 -0.01221 0.00277
v -0.099479 -0.011004 0.002736
v -0.09494 -0.005587 0.002657
v -0.096354 -0.00794 0.002682
v -0.094051 -0.003335 0.002641
v -0.093524 -0.000679 0.002632
v -0.093494 0.002147 0.002632
v -0.098043 -0.009796 0.002711
v -0.093871 0.004338 0.002638
v -0.094441 0.006181 0.002648
v -0.10968 -0.013753 0.002914
v -0.112663 -0.013137 0.002966
v -0.095627 0.008587 0.002669
v -0.115199 -0.012018 0.003011
v -0.117212 -0.010698 0.003046
v -0.119045 -0.008975 0.003078
v -0.120648 -0.00686 0.003106
v -0.099063 0.012425 0.002729
v -0.097231 0.010702 0.002697
v -0.101386 0.013921 0.00277
v -0.10394 0.014953 0.002814
v -0.121974 -0.004113 0.003129
v -0.122633 -0.001521 0.00314
v -0.106595 0.01548 0.002861
v -0.122809 0.000384 0.003143
v -0.109421 0.015509 0.00291
v -0.122751 0.002407 0.003142
v -0.11239 0.014941 0.002962
v -0.122136 0.00539 0.003132
v -0.114844 0.013937 0.003004
v -0.120862 0.008222 0.003109
v -0.082841 -0.007651 0.002446
v -0.077047 -0.007651 0.002345
v -0.077047 -0.009995 0.002345
v -0.08583 -0.009995 0.002498
v -0.082841 -0.004863 0.002446
v -0.077505 -0.002518 0.002353
v -0.077505 -0.004863 0.002353
v -0.082841 -0.002518 0.002446
v -0.08583 0.001866 0.002498
v -0.082841 0.001866 0.002446
v -0.066749 -0.00249 0.002165
v -0.067505 -0.002049 0.002178
v -0.075568 0.001866 0.002319
v -0.072578 -0.001482 0.002267
v -0.075568 -0.009995 0.002319
v -0.069285 -0.00996 0.002209
v -0.065832 -0.007968 0.002149
v -0.065797 -0.003681 0.002148
v -0.070171 -0.001482 0.002225
v -0.068404 0.001866 0.002194
v -0.065014 0.001866 0.002135
v -0.065418 -0.006897 0.002142
v -0.067623 -0.009544 0.00218
v -0.06643 -0.00877 0.002159
v -0.065365 -0.005128 0.002141
v -0.072578 0.001866 0.002267
v -0.059415 -0.009995 0.002037
v -0.056329 -0.009995 0.001983
v -0.064531 0.001866 0.002126
v -0.060594 -0.000326 0.002058
v -0.06146 0.001866 0.002073
v -0.055371 -0.000326 0.001966
v -0.054521 0.001866 0.001952
v -0.051331 0.001866 0.001896
v -0.042027 -0.002618 0.001733
v -0.039241 -0.009995 0.001685
v -0.042027 -0.009995 0.001733
v -0.039241 0.001866 0.001685
v -0.04738 -0.005494 0.001827
v -0.047541 -0.009995 0.00183
v -0.050183 -0.009995 0.001876
v -0.041883 0.001866 0.001731
v -0.050183 0.001866 0.001876
v -0.04738 0.001866 0.001827
v -0.030207 -0.005086 0.001527
v -0.025806 -0.009995 0.00145
v -0.02926 -0.009995 0.001511
v -0.033838 -0.004817 0.00159
v -0.033838 -0.009995 0.00159
v -0.036828 -0.009995 0.001643
v -0.032239 -0.002818 0.001563
v -0.029088 0.001866 0.001508
v -0.025511 0.001866 0.001445
v -0.033838 -0.001046 0.00159
v -0.036828 0.001866 0.001643
v -0.033838 0.001866 0.00159
v -0.020285 -0.009995 0.001354
v -0.017198 -0.009995 0.0013
v -0.025401 0.001866 0.001443
v -0.021463 -0.000326 0.001374
v -0.02233 0.001866 0.00139
v -0.01624 -0.000326 0.001283
v -0.015391 0.001866 0.001269
v -0.012201 0.001866 0.001213
v -0.085122 0.006845 0.002486
v -0.081278 0.006845 0.002419
v -0.081278 0.006131 0.002419
v -0.085866 0.006131 0.002499
v -0.085122 0.009119 0.002486
v -0.085122 0.009833 0.002486
v -0.081687 0.009833 0.002426
v -0.081687 0.009119 0.002426
v -0.085122 0.012204 0.002486
v -0.081152 0.012909 0.002416
v -0.081152 0.012204 0.002416
v -0.085866 0.012909 0.002499
v -0.073371 0.007238 0.002281
v -0.072676 0.006131 0.002268
v -0.073601 0.006131 0.002285
v -0.072676 0.012909 0.002268
v -0.078826 0.007237 0.002376
v -0.078595 0.006131 0.002372
v -0.079531 0.006131 0.002388
v -0.073361 0.012909 0.00228
v -0.076326 0.012189 0.002332
v -0.07588 0.012189 0.002324
v -0.076094 0.011057 0.002328
v -0.079531 0.012909 0.002388
v -0.078826 0.012909 0.002376
v -0.070568 0.012909 0.002232
v -0.069825 0.012909 0.002219
v -0.069825 0.006131 0.002219
v -0.070568 0.006131 0.002232
v -0.067727 0.006131 0.002182
v -0.066983 0.01008 0.002169
v -0.066983 0.006131 0.002169
v -0.063299 0.006131 0.002105
v -0.065101 0.009071 0.002136
v -0.062422 0.006131 0.002089
v -0.066983 0.011139 0.002169
v -0.065641 0.009668 0.002146
v -0.067727 0.012909 0.002182
v -0.066983 0.012909 0.002169
v -0.063123 0.012909 0.002102
v -0.062213 0.012909 0.002086
v -0.058868 0.006131 0.002027
v -0.058083 0.006131 0.002014
v -0.061908 0.012909 0.002081
v -0.06036 0.011186 0.002053
v -0.061119 0.012909 0.002067
v -0.05662 0.011186 0.001988
v -0.055861 0.012909 0.001975
v -0.055053 0.012909 0.001961
v -0.081928 -0.054968 0.049264
v -0.081971 -0.054962 0.048404
v -0.080977 -0.055123 0.049053
v -0.081022 -0.055115 0.050025
v -0.080169 -0.055253 0.050505
v -0.08081 -0.05515 0.050505
v -0.080169 -0.055253 0.045495
v -0.080949 -0.055127 0.045495
v -0.082409 -0.054891 0.045495
v -0.084309 -0.054583 0.047327
v -0.083288 -0.054748 0.045495
v -0.086209 -0.054275 0.045495
v -0.08533 -0.054417 0.045495
v -0.083869 -0.054654 0.048115
v -0.084748 -0.054512 0.048115
v -0.082537 -0.05487 0.050505
v -0.084309 -0.054583 0.048903
v -0.083416 -0.054727 0.050505
v -0.085202 -0.054438 0.050505
v -0.08608 -0.054296 0.050505
v -0.038172 -0.062055 0.06136
v -0.038977 -0.061925 0.061682
v -0.039374 -0.061861 0.060505
v -0.036588 -0.062312 0.060495
v -0.038189 -0.062053 0.062656
v -0.037516 -0.062162 0.062175
v -0.036588 -0.062312 0.061349
v -0.037235 -0.062208 0.062496
v -0.037585 -0.06215 0.063357
v -0.038463 -0.062008 0.064336
v -0.039299 -0.061873 0.064136
v -0.038511 -0.062001 0.064
v -0.039029 -0.061917 0.065011
v -0.038223 -0.062047 0.064658
v -0.036795 -0.062275 0.063165
v -0.038568 -0.061991 0.065376
v -0.036589 -0.062311 0.06389
v -0.037351 -0.062188 0.064148
v -0.038072 -0.062072 0.065506
v -0.037822 -0.062112 0.064714
v -0.036631 -0.062305 0.064526
v -0.037555 -0.062155 0.065475
v -0.037524 -0.062161 0.064563
v -0.037013 -0.062243 0.065212
v -0.039468 -0.061845 0.060495
v -0.041368 -0.061538 0.062327
v -0.040348 -0.061703 0.060495
v -0.043268 -0.06123 0.060495
v -0.04239 -0.061372 0.060495
v -0.040929 -0.061609 0.063115
v -0.041808 -0.061467 0.063115
v -0.039597 -0.061825 0.065505
v -0.041368 -0.061538 0.063904
v -0.040476 -0.061682 0.065505
v -0.042262 -0.061393 0.065505
v -0.04314 -0.061251 0.065505
v -0.03723 -0.062208 0.033246
v -0.037743 -0.062125 0.032796
v -0.037518 -0.062161 0.032529
v -0.03664 -0.062304 0.032604
v -0.037518 -0.062162 0.033973
v -0.037836 -0.06211 0.033663
v -0.038547 -0.061995 0.035376
v -0.038395 -0.062019 0.034485
v -0.038138 -0.062061 0.034692
v -0.039031 -0.061916 0.034898
v -0.036816 -0.062275 0.033758
v -0.038076 -0.062071 0.031232
v -0.038949 -0.06193 0.030934
v -0.038354 -0.062026 0.030489
v -0.038322 -0.062031 0.031461
v -0.038033 -0.062078 0.035505
v -0.036712 -0.062291 0.034261
v -0.039237 -0.061883 0.031797
v -0.03787 -0.062105 0.034719
v -0.037728 -0.062131 0.030434
v -0.037543 -0.062158 0.03449
v -0.037534 -0.062162 0.035456
v -0.038456 -0.06201 0.031925
v -0.037697 -0.062129 0.031288
v -0.036953 -0.06225 0.035029
v -0.037309 -0.062195 0.030602
v -0.037132 -0.062224 0.030733
v -0.036894 -0.062263 0.030968
v -0.037496 -0.062165 0.0316
v -0.036722 -0.06229 0.031306
v -0.036592 -0.06231 0.031725
v -0.037425 -0.062176 0.032031
v -0.03818 -0.062054 0.033622
v -0.038265 -0.06204 0.032758
v -0.037963 -0.062089 0.032836
v -0.038515 -0.062 0.034067
v -0.039227 -0.061885 0.034197
v -0.039468 -0.061845 0.030495
v -0.041368 -0.061538 0.032327
v -0.040348 -0.061703 0.030495
v -0.043268 -0.06123 0.030495
v -0.04239 -0.061372 0.030495
v -0.040929 -0.061609 0.033115
v -0.041808 -0.061467 0.033115
v -0.039597 -0.061825 0.035505
v -0.041368 -0.061538 0.033903
v -0.040476 -0.061682 0.035505
v -0.042262 -0.061393 0.035505
v -0.04314 -0.061251 0.035505
v -0.040118 0.06174 0.0345
v -0.038227 0.062046 0.036337
v -0.039251 0.061881 0.0345
v -0.036336 0.062353 0.0345
v -0.037203 0.062212 0.0345
v -0.038661 0.061976 0.037115
v -0.037794 0.062117 0.037115
v -0.03999 0.061761 0.0395
v -0.038227 0.062046 0.037893
v -0.039123 0.061901 0.0395
v -0.037331 0.062192 0.0395
v -0.036465 0.062332 0.0395
v -0.042682 0.061325 0.0345
v -0.041913 0.061449 0.035539
v -0.041913 0.061449 0.0345
v -0.042682 0.061325 0.035539
v -0.043195 0.061242 0.035539
v -0.042682 0.061325 0.036383
v -0.043195 0.061242 0.036383
v -0.040246 0.061719 0.035539
v -0.040246 0.061719 0.03638
v -0.042013 0.061433 0.0395
v -0.042682 0.061325 0.0395
v -0.079604 0.055345 0.0345
v -0.077713 0.055651 0.036337
v -0.078736 0.055485 0.0345
v -0.075822 0.055957 0.0345
v -0.076688 0.055817 0.0345
v -0.078147 0.055581 0.037115
v -0.077279 0.055722 0.037115
v -0.079476 0.055366 0.0395
v -0.077713 0.055651 0.037893
v -0.078608 0.055506 0.0395
v -0.076816 0.055796 0.0395
v -0.07595 0.055937 0.0395
v -0.082609 0.054858 0.036549
v -0.081702 0.055005 0.036753
v -0.081772 0.054994 0.035818
v -0.082521 0.054872 0.035487
v -0.08148 0.055041 0.035293
v -0.082049 0.054949 0.034728
v -0.081986 0.054959 0.037682
v -0.081298 0.055071 0.037892
v -0.081347 0.055063 0.037084
v -0.082381 0.054895 0.037212
v -0.080309 0.055231 0.039435
v -0.08076 0.055158 0.037701
v -0.080893 0.055136 0.038591
v -0.079924 0.055293 0.036902
v -0.080757 0.055158 0.035473
v -0.080156 0.055256 0.03494
v -0.080718 0.055164 0.0345
v -0.079838 0.055307 0.035774
v -0.082424 0.054888 0.039435
v -0.081105 0.055102 0.035217
v -0.082424 0.054888 0.038591
v -0.080553 0.055191 0.036783
v -0.081506 0.055037 0.034451
v -0.080958 0.055126 0.037069
v -0.080629 0.055179 0.035928
v -0.103397 0.014814 0.003305
v -0.100903 0.013674 0.003261
v -0.093587 0.003061 0.003134
v -0.093421 0.000527 0.003131
v -0.106395 0.015476 0.003357
v -0.094006 0.004946 0.003141
v -0.094633 0.006714 0.003152
v -0.108475 0.015559 0.003393
v -0.095527 0.008433 0.003167
v -0.096815 0.010277 0.00319
v -0.098887 0.012314 0.003226
v -0.094305 -0.004185 0.003146
v -0.095492 -0.006677 0.003167
v -0.105565 -0.013633 0.003343
v -0.108466 -0.013846 0.003393
v -0.093675 -0.001846 0.003135
v -0.102986 -0.01292 0.003298
v -0.100585 -0.011778 0.003256
v -0.098424 -0.010187 0.003218
v -0.096902 -0.008632 0.003191
v -0.114746 -0.012272 0.003503
v -0.112839 -0.013071 0.00347
v -0.122712 -0.00098 0.003642
v -0.122837 0.0012 0.003644
v -0.110838 -0.013593 0.003435
v -0.122282 -0.003186 0.003634
v -0.121144 -0.006014 0.003614
v -0.119443 -0.00855 0.003585
v -0.11711 -0.010808 0.003544
v -0.12184 0.006244 0.003627
v -0.110326 0.015408 0.003426
v -0.122583 0.003573 0.00364
v -0.112905 0.01479 0.003471
v -0.115673 0.013505 0.003519
v -0.118354 0.011466 0.003566
v -0.120397 0.00899 0.003601
v -0.077021 -0.010012 0.002844
v -0.085839 -0.010012 0.002998
v -0.085839 0.001883 0.002998
v -0.082814 0.001883 0.002945
v -0.082814 -0.002501 0.002945
v -0.077479 -0.002501 0.002852
v -0.077479 -0.00488 0.002852
v -0.082814 -0.00488 0.002945
v -0.082814 -0.007633 0.002945
v -0.077021 -0.007633 0.002844
v -0.067472 -0.002043 0.002678
v -0.064974 0.001883 0.002634
v -0.065727 -0.003764 0.002647
v -0.065324 -0.005249 0.00264
v -0.066667 -0.002524 0.002664
v -0.067713 -0.009604 0.002682
v -0.069386 -0.009988 0.002711
v -0.066482 -0.00885 0.00266
v -0.065844 -0.008039 0.002649
v -0.065418 -0.007015 0.002642
v -0.075576 -0.010012 0.002819
v -0.075576 0.001883 0.002819
v -0.072552 0.001883 0.002766
v -0.072552 -0.001464 0.002766
v -0.070173 -0.001464 0.002725
v -0.068406 0.001883 0.002694
v -0.054524 0.001883 0.002452
v -0.051296 0.001883 0.002395
v -0.056308 -0.010012 0.002483
v -0.059418 -0.010012 0.002537
v -0.064549 0.001883 0.002627
v -0.06144 0.001883 0.002572
v -0.060573 -0.000309 0.002557
v -0.055374 -0.000309 0.002466
v -0.039215 -0.010012 0.002184
v -0.042036 -0.010012 0.002234
v -0.042036 -0.002671 0.002234
v -0.047524 -0.010012 0.00233
v -0.050192 -0.010012 0.002376
v -0.050192 0.001883 0.002376
v -0.047354 0.001883 0.002327
v -0.047354 -0.005441 0.002327
v -0.041883 0.001883 0.002231
v -0.039215 0.001883 0.002184
v -0.030176 -0.005084 0.002027
v -0.025441 0.001892 0.001944
v -0.025758 -0.010012 0.00195
v -0.029259 -0.010012 0.002011
v -0.033812 -0.004863 0.00209
v -0.033812 -0.010012 0.00209
v -0.036837 -0.010012 0.002143
v -0.036837 0.001883 0.002143
v -0.033812 0.001883 0.00209
v -0.033812 -0.00104 0.00209
v -0.032232 -0.00279 0.002063
v -0.029089 0.001883 0.002008
v -0.015394 0.001883 0.001769
v -0.012165 0.001883 0.001712
v -0.017178 -0.010012 0.0018
v -0.020287 -0.010012 0.001854
v -0.022309 0.001883 0.001889
v -0.021443 -0.000309 0.001874
v -0.016243 -0.000309 0.001783
v -0.085874 0.006114 0.002999
v -0.081252 0.006114 0.002918
v -0.085874 0.012926 0.002999
v -0.081126 0.012926 0.002916
v -0.081126 0.012187 0.002916
v -0.085096 0.012187 0.002985
v -0.085096 0.009851 0.002985
v -0.081661 0.009851 0.002925
v -0.081661 0.009101 0.002925
v -0.085096 0.009101 0.002985
v -0.085096 0.006863 0.002985
v -0.081252 0.006863 0.002918
v -0.073604 0.006114 0.002785
v -0.07265 0.006114 0.002768
v -0.076085 0.011019 0.002828
v -0.078576 0.006114 0.002872
v -0.079539 0.006114 0.002888
v -0.079539 0.012926 0.002888
v -0.0788 0.012926 0.002875
v -0.0788 0.007311 0.002875
v -0.076328 0.012206 0.002832
v -0.075861 0.012206 0.002824
v -0.07338 0.007311 0.002781
v -0.07337 0.012926 0.002781
v -0.07265 0.012926 0.002768
v -0.069799 0.006114 0.002718
v -0.070577 0.006114 0.002732
v -0.070577 0.012926 0.002732
v -0.069799 0.012926 0.002718
v -0.065069 0.009072 0.002636
v -0.062029 0.012968 0.002584
v -0.062374 0.006114 0.002589
v -0.063298 0.006114 0.002605
v -0.066957 0.010036 0.002669
v -0.066957 0.006114 0.002669
v -0.067736 0.006114 0.002682
v -0.067736 0.012926 0.002682
v -0.066957 0.012926 0.002669
v -0.066957 0.011145 0.002669
v -0.065634 0.009695 0.002646
v -0.063123 0.012926 0.002602
v -0.055864 0.012926 0.002475
v -0.055017 0.012926 0.00246
v -0.058063 0.006114 0.002513
v -0.058871 0.006114 0.002527
v -0.061099 0.012926 0.002566
v -0.06034 0.011204 0.002553
v -0.056623 0.011204 0.002488
v -0.080101 -0.05491 0.050517
v -0.080753 -0.054804 0.050492
v -0.081354 -0.054707 0.049607
v -0.08193 -0.054614 0.049277
v -0.081921 -0.054615 0.048386
v -0.080917 -0.054777 0.049041
v -0.080905 -0.05478 0.045482
v -0.080101 -0.05491 0.045482
v -0.084253 -0.054237 0.047302
v -0.085267 -0.054073 0.045482
v -0.083239 -0.054402 0.045482
v -0.082332 -0.054549 0.045482
v -0.083799 -0.054311 0.048115
v -0.08246 -0.054528 0.050517
v -0.083367 -0.054381 0.050517
v -0.084253 -0.054237 0.048928
v -0.085139 -0.054094 0.050517
v -0.086045 -0.053947 0.050517
v -0.084706 -0.054164 0.048115
v -0.086173 -0.053926 0.045482
v -0.037451 -0.061818 0.062166
v -0.037489 -0.062017 0.062171
v -0.038096 -0.061713 0.061367
v -0.036674 -0.061944 0.063239
v -0.036509 -0.06197 0.06421
v -0.037204 -0.061858 0.06245
v -0.037451 -0.061818 0.062167
v -0.036582 -0.061958 0.06456
v -0.037811 -0.061759 0.065527
v -0.0374 -0.061826 0.065457
v -0.037209 -0.061857 0.065381
v -0.037208 -0.061857 0.065381
v -0.03705 -0.061883 0.065282
v -0.036905 -0.061906 0.065148
v -0.036776 -0.061927 0.064981
v -0.036656 -0.061946 0.064764
v -0.038471 -0.061652 0.065414
v -0.039002 -0.061567 0.06499
v -0.039258 -0.061525 0.064127
v -0.038444 -0.061657 0.063986
v -0.038127 -0.061708 0.064662
v -0.037593 -0.061795 0.064664
v -0.038383 -0.061667 0.064376
v -0.037318 -0.061839 0.064208
v -0.037425 -0.061822 0.063532
v -0.038142 -0.061706 0.062665
v -0.037807 -0.06176 0.063052
v -0.038999 -0.061567 0.061597
v -0.039331 -0.061513 0.060471
v -0.03652 -0.061969 0.060483
v -0.03652 -0.061969 0.061362
v -0.041312 -0.061192 0.062302
v -0.042327 -0.061028 0.060483
v -0.040299 -0.061356 0.060483
v -0.040859 -0.061266 0.063115
v -0.03952 -0.061482 0.065517
v -0.040427 -0.061336 0.065517
v -0.041312 -0.061192 0.063928
v -0.042199 -0.061049 0.065517
v -0.043105 -0.060902 0.065517
v -0.041766 -0.061119 0.063115
v -0.043233 -0.060881 0.060483
v -0.037423 -0.061822 0.030502
v -0.037627 -0.061789 0.030441
v -0.036546 -0.061963 0.031648
v -0.036532 -0.061967 0.032381
v -0.037627 -0.061789 0.03044
v -0.037788 -0.061763 0.030417
v -0.036655 -0.061947 0.031302
v -0.036759 -0.06193 0.031095
v -0.036899 -0.061907 0.030898
v -0.037066 -0.06188 0.030725
v -0.037239 -0.061852 0.030596
v -0.036781 -0.061926 0.032933
v -0.037186 -0.061862 0.033247
v -0.036825 -0.061917 0.033578
v -0.036638 -0.061949 0.034321
v -0.037381 -0.061827 0.035443
v -0.038031 -0.061724 0.035515
v -0.036847 -0.061915 0.034959
v -0.038994 -0.061568 0.034884
v -0.039185 -0.061537 0.034187
v -0.038525 -0.061644 0.035372
v -0.038445 -0.061657 0.034051
v -0.038378 -0.061668 0.034393
v -0.038043 -0.061722 0.03471
v -0.037451 -0.061818 0.034195
v -0.0375 -0.06181 0.034484
v -0.037708 -0.061776 0.034667
v -0.037558 -0.061801 0.033832
v -0.038094 -0.061714 0.033605
v -0.038178 -0.0617 0.032777
v -0.03744 -0.06182 0.03247
v -0.037406 -0.061825 0.031706
v -0.037704 -0.061777 0.032789
v -0.037664 -0.061783 0.031292
v -0.038052 -0.06172 0.031251
v -0.038321 -0.061677 0.031609
v -0.038381 -0.061667 0.031949
v -0.039199 -0.061535 0.031787
v -0.038289 -0.061682 0.030474
v -0.038881 -0.061586 0.030898
v -0.041312 -0.061192 0.032302
v -0.042327 -0.061028 0.030483
v -0.040299 -0.061356 0.030483
v -0.039392 -0.061503 0.030483
v -0.040859 -0.061266 0.033115
v -0.03952 -0.061482 0.035517
v -0.040427 -0.061336 0.035517
v -0.041312 -0.061192 0.033928
v -0.042199 -0.061049 0.035517
v -0.043105 -0.060902 0.035517
v -0.041766 -0.061119 0.033115
v -0.043233 -0.060881 0.030483
v -0.039195 0.061535 0.0345
v -0.038171 0.061701 0.036337
v -0.040062 0.061395 0.0345
v -0.038605 0.061631 0.037115
v -0.039934 0.061415 0.0395
v -0.039067 0.061556 0.0395
v -0.038171 0.061701 0.037893
v -0.037275 0.061846 0.0395
v -0.036409 0.061986 0.0395
v -0.037738 0.061771 0.037115
v -0.03628 0.062007 0.0345
v -0.037147 0.061867 0.0345
v -0.042626 0.060979 0.035539
v -0.043139 0.060896 0.035539
v -0.043139 0.060896 0.036383
v -0.042626 0.060979 0.036383
v -0.042626 0.060979 0.0395
v -0.041957 0.061088 0.0395
v -0.040191 0.061374 0.03638
v -0.040191 0.061374 0.035539
v -0.041857 0.061104 0.035539
v -0.041857 0.061104 0.0345
v -0.042626 0.060979 0.0345
v -0.07868 0.05514 0.0345
v -0.077657 0.055306 0.036337
v -0.079548 0.054999 0.0345
v -0.078091 0.055236 0.037115
v -0.07942 0.05502 0.0395
v -0.078552 0.055161 0.0395
v -0.077657 0.055306 0.037893
v -0.07676 0.055451 0.0395
v -0.075894 0.055591 0.0395
v -0.077223 0.055376 0.037115
v -0.075766 0.055612 0.0345
v -0.076632 0.055472 0.0345
v -0.082305 0.054553 0.037246
v -0.081886 0.054621 0.037714
v -0.082543 0.054514 0.036621
v -0.081153 0.05474 0.037887
v -0.0807 0.054813 0.037688
v -0.080837 0.054791 0.038591
v -0.082368 0.054543 0.038591
v -0.082368 0.054543 0.039435
v -0.080253 0.054885 0.039435
v -0.079868 0.054948 0.036902
v -0.080503 0.054845 0.036783
v -0.081266 0.054721 0.03709
v -0.080874 0.054785 0.037059
v -0.081651 0.054659 0.036758
v -0.081724 0.054647 0.035982
v -0.081196 0.054733 0.035206
v -0.081562 0.054673 0.035431
v -0.080564 0.054835 0.03592
v -0.080795 0.054797 0.035349
v -0.079786 0.054961 0.035789
v -0.080927 0.054776 0.03444
v -0.080186 0.054896 0.034802
v -0.082488 0.054523 0.035558
v -0.082031 0.054597 0.034764
v -0.081548 0.054675 0.034479
v -0.12815 -0.016821 0.003737
v -0.116622 -0.046457 0.003536
v -0.121286 0.042887 0.003617
v -0.120251 0.044281 0.003599
v -0.118585 0.045629 0.00357
v -0.127374 -0.022809 0.003723
v -0.116783 0.046418 0.003538
v -0.122534 0.040326 0.003639
v -0.124204 0.036076 0.003668
v -0.126344 -0.028313 0.003705
v -0.128057 0.017772 0.003735
v -0.128745 0.009103 0.003747
v -0.127114 0.024379 0.003719
v -0.12486 -0.034063 0.003679
v -0.118161 -0.045864 0.003562
v -0.119909 -0.044626 0.003593
v -0.121205 -0.043035 0.003616
v -0.01476 -0.066493 0.001758
v -0.006073 -0.059193 0.001606
v -0.012885 -0.066457 0.001725
v -0.010831 -0.065883 0.001689
v -0.007202 -0.062725 0.001626
v -0.006359 -0.060824 0.001611
v -0.008731 -0.064568 0.001652
v -0.12589 0.030303 0.003697
v -0.128942 0.001403 0.003751
v -0.122916 -0.039465 0.003645
v -0.12882 -0.007805 0.003749
v -0.129789 0.03775 0.0075
v -0.129538 0.039154 0.0075
v -0.138872 0.044294 0.0075
v -0.12952 0.040852 0.0075
v -0.135399 0.048118 0.0075
v -0.129961 0.0428 0.0075
v -0.141468 0.037304 0.0075
v -0.14023 0.036215 0.0075
v -0.133818 0.047405 0.0075
v -0.130865 0.044669 0.0075
v -0.132404 0.046429 0.0075
v -0.142218 0.038772 0.0075
v -0.138872 0.035706 0.0075
v -0.142374 0.040414 0.0075
v -0.135949 0.031727 0.0075
v -0.141913 0.041997 0.0075
v -0.134061 0.032454 0.0075
v -0.13242 0.033555 0.0075
v -0.1409 0.0433 0.0075
v -0.131067 0.035061 0.0075
v -0.139841 0.043967 0.0075
v -0.130326 0.036331 0.0075
v -0.011872 0.084294 0.0075
v -0.002879 0.077414 0.0075
v -0.002504 0.079438 0.0075
v -0.002614 0.081527 0.0075
v -0.008475 0.088142 0.0075
v -0.014468 0.077304 0.0075
v -0.003336 0.083732 0.0075
v -0.013229 0.076215 0.0075
v -0.006382 0.087165 0.0075
v -0.004625 0.085658 0.0075
v -0.015218 0.078772 0.0075
v -0.015374 0.080414 0.0075
v -0.0095 0.071609 0.0075
v -0.007332 0.072306 0.0075
v -0.014913 0.081997 0.0075
v -0.00543 0.073549 0.0075
v -0.0139 0.0833 0.0075
v -0.003887 0.075297 0.0075
v -0.012841 0.083967 0.0075
v -0.129884 -0.042543 0.0075
v -0.129566 -0.041145 0.0075
v -0.138872 -0.035706 0.0075
v -0.129518 -0.039166 0.0075
v -0.136004 -0.031732 0.0075
v -0.129961 -0.037195 0.0075
v -0.141468 -0.042696 0.0075
v -0.14023 -0.043785 0.0075
v -0.134645 -0.032177 0.0075
v -0.130597 -0.035811 0.0075
v -0.132892 -0.033174 0.0075
v -0.131417 -0.034603 0.0075
v -0.142218 -0.041228 0.0075
v -0.138872 -0.044294 0.0075
v -0.142374 -0.039586 0.0075
v -0.137098 -0.048456 0.0075
v -0.135412 -0.048121 0.0075
v -0.141913 -0.038002 0.0075
v -0.133361 -0.04715 0.0075
v -0.1409 -0.0367 0.0075
v -0.131619 -0.045652 0.0075
v -0.130444 -0.043926 0.0075
v -0.139841 -0.036033 0.0075
v -0.002879 -0.082586 0.0075
v -0.002504 -0.080561 0.0075
v -0.011872 -0.075706 0.0075
v -0.002614 -0.078472 0.0075
v -0.008475 -0.071858 0.0075
v -0.0139 -0.0833 0.0075
v -0.003336 -0.076268 0.0075
v -0.006382 -0.072835 0.0075
v -0.014913 -0.081997 0.0075
v -0.004625 -0.074342 0.0075
v -0.012479 -0.084137 0.0075
v -0.015374 -0.080414 0.0075
v -0.0095 -0.08839 0.0075
v -0.015218 -0.078772 0.0075
v -0.007332 -0.087694 0.0075
v -0.014468 -0.077304 0.0075
v -0.00543 -0.086451 0.0075
v -0.003887 -0.084703 0.0075
v -0.013229 -0.076215 0.0075
v -0.086293 -0.053907 0.051936
v -0.087247 -0.053753 0.051292
v -0.079233 -0.05505 0.044074
v -0.078303 -0.055201 0.044707
v -0.079391 -0.055025 0.051951
v -0.087662 -0.053685 0.045572
v -0.087247 -0.053753 0.044707
v -0.086293 -0.053907 0.044064
v -0.078537 -0.055163 0.05153
v -0.07788 -0.05527 0.045595
v -0.077912 -0.055264 0.050588
v -0.087669 -0.053684 0.050405
v -0.044717 -0.060641 0.060538
v -0.044174 -0.060729 0.059547
v -0.043196 -0.060887 0.059042
v -0.034946 -0.062224 0.065425
v -0.03494 -0.062224 0.060595
v -0.036451 -0.06198 0.066952
v -0.043229 -0.060882 0.066954
v -0.044729 -0.060639 0.065405
v -0.03531 -0.062165 0.066215
v -0.035802 -0.062085 0.066664
v -0.036417 -0.061985 0.059053
v -0.04423 -0.06072 0.066397
v -0.035438 -0.062144 0.059603
v -0.03495 -0.062223 0.035458
v -0.034939 -0.062225 0.030599
v -0.036573 -0.061959 0.036966
v -0.043229 -0.060882 0.036954
v -0.035438 -0.062144 0.029603
v -0.035805 -0.062084 0.036686
v -0.035253 -0.062175 0.036119
v -0.044722 -0.06064 0.030572
v -0.04423 -0.06072 0.029603
v -0.043252 -0.060878 0.029053
v -0.044729 -0.060639 0.035405
v -0.03644 -0.061981 0.029045
v -0.04423 -0.06072 0.036397
v -0.035426 0.062146 0.040409
v -0.03493 0.062226 0.039432
v -0.036413 0.061986 0.040964
v -0.044742 0.060637 0.039443
v -0.044187 0.060727 0.040466
v -0.043199 0.060887 0.040975
v -0.036413 0.061986 0.033036
v -0.035426 0.062146 0.033591
v -0.044222 0.060721 0.033602
v -0.043358 0.060861 0.033047
v -0.04472 0.06064 0.034444
v -0.034923 0.062227 0.034591
v -0.083361 0.054382 0.033321
v -0.082685 0.054491 0.033024
v -0.083919 0.054291 0.033846
v -0.084235 0.05424 0.034661
v -0.084215 0.054244 0.039532
v -0.076023 0.05557 0.03302
v -0.083624 0.054339 0.040494
v -0.082719 0.054486 0.040972
v -0.075219 0.055701 0.033341
v -0.074623 0.055797 0.034023
v -0.074397 0.055834 0.03471
v -0.075898 0.055591 0.040964
v -0.074415 0.055831 0.039432
v -0.074911 0.05575 0.040409
v -0.049154 0.059416 0.041906
v -0.048515 0.059519 0.039993
v -0.051197 0.059085 0.045059
v -0.050175 0.05925 0.043726
v -0.057719 0.058028 0.04879
v -0.053011 0.058791 0.046731
v -0.055459 0.058395 0.048113
v -0.059737 0.057702 0.04901
v -0.071466 0.055802 0.039993
v -0.071781 0.055751 0.038284
v -0.064372 0.056951 0.048163
v -0.062109 0.057317 0.048831
v -0.06587 0.056708 0.047423
v -0.070012 0.056037 0.043422
v -0.070946 0.055886 0.041597
v -0.068985 0.056204 0.044815
v -0.067578 0.056432 0.046246
v -0.114709 -0.024076 0.066976
v -0.11018 -0.019713 0.0712
v -0.115122 -0.02024 0.06727
v -0.126041 -0.040554 0.020087
v -0.125719 -0.040244 0.023914
v -0.127036 -0.039141 0.016481
v -0.125182 -0.042369 0.020063
v -0.124572 -0.04258 0.024085
v -0.116865 -0.040455 0.058312
v -0.117144 -0.038185 0.059567
v -0.118346 -0.03748 0.058127
v -0.127215 -0.03746 0.020748
v -0.128245 -0.037005 0.012381
v -0.128718 -0.034219 0.016851
v -0.129193 -0.034015 0.012462
v -0.123298 -0.008723 0.059682
v -0.122013 -0.011765 0.061257
v -0.122312 -0.007487 0.061274
v -0.120857 -0.014171 0.06248
v -0.119397 -0.016977 0.063802
v -0.11967 -0.011351 0.064132
v -0.125694 -0.041984 0.017264
v -0.126241 -0.041544 0.014135
v -0.12737 -0.039325 0.012411
v -0.126324 -0.041769 0.012291
v -0.073392 -0.011777 0.101368
v -0.079914 -0.011637 0.096356
v -0.074179 -0.014524 0.100308
v -0.1111 -0.045602 0.061003
v -0.110125 -0.045835 0.061621
v -0.110404 -0.043593 0.063073
v -0.083704 -0.002876 0.094163
v -0.08127 -7.1E-05 0.096115
v -0.091376 -0.001707 0.088109
v -0.111953 -0.043239 0.062101
v -0.089782 -0.005459 0.089227
v -0.079009 -0.023722 0.094177
v -0.072467 -0.02523 0.098563
v -0.072666 -0.022613 0.099362
v -0.106772 -0.048944 0.060946
v -0.102501 -0.047664 0.064606
v -0.108034 -0.047785 0.061358
v -0.097754 -0.049597 0.065292
v -0.087135 -0.029019 0.086101
v -0.069974 -0.036305 0.094594
v -0.075369 -0.038906 0.089017
v -0.068835 -0.039456 0.093081
v -0.069002 -0.037872 0.094154
v -0.124502 -0.007348 0.057714
v -0.123711 -0.003741 0.059422
v -0.125692 -0.003446 0.055725
v -0.132006 -0.00739 0.029888
v -0.132252 -0.00326 0.029791
v -0.13278 -0.003227 0.025203
v -0.125928 0.002058 0.055284
v -0.126954 -0.001189 0.052864
v -0.108834 -0.046435 0.06203
v -0.109315 -0.045297 0.062603
v -0.099059 -0.014265 0.080863
v -0.093297 -0.015245 0.085279
v -0.090032 -0.011151 0.088485
v -0.077102 -0.036699 0.08934
v -0.070687 -0.034474 0.095277
v -0.077529 -0.033543 0.090931
v -0.081394 -0.036197 0.086651
v -0.085006 -0.033679 0.085507
v -0.125417 -0.008369 0.055731
v -0.119892 -0.038407 0.054182
v -0.119271 -0.037311 0.056528
v -0.120788 -0.03613 0.054159
v -0.082264 -0.041135 0.082694
v -0.068807 -0.041176 0.0917
v -0.131049 -0.012971 0.032531
v -0.131162 -0.008009 0.035254
v -0.108501 -0.003527 0.074033
v -0.103348 -0.007157 0.078149
v -0.099447 -0.001861 0.081571
v -0.110924 -8E-06 0.072055
v -0.126875 -0.025301 0.0438
v -0.125464 -0.027834 0.047232
v -0.126705 -0.022298 0.046874
v -0.085107 -0.039654 0.08185
v -0.114455 -0.042649 0.059924
v -0.112926 -0.043596 0.060888
v -0.114051 -0.041264 0.061419
v -0.077025 -0.042533 0.085052
v -0.085178 -0.031297 0.086552
v -0.091095 -0.032697 0.081629
v -0.067386 -0.044228 0.089859
v -0.080169 -0.04452 0.081247
v -0.086303 -0.036254 0.083184
v -0.110867 -0.00845 0.071851
v -0.1142 -0.028644 0.066403
v -0.105393 -0.028194 0.072945
v -0.106785 -0.025383 0.072663
v -0.132782 0.000967 0.025656
v -0.133347 0.001839 0.019197
v -0.118398 -0.040003 0.055895
v -0.114511 -0.026322 0.066695
v -0.075239 -0.045569 0.083411
v -0.129983 -0.018127 0.034565
v -0.129028 -0.01858 0.039479
v -0.130257 -0.012941 0.037388
v -0.124428 -0.01119 0.057283
v -0.112148 -0.045396 0.06015
v -0.107475 -0.012852 0.074272
v -0.110112 -0.016378 0.07173
v -0.1011 -0.018465 0.078526
v -0.064093 -0.049542 0.085944
v -0.065288 -0.047798 0.087341
v -0.073097 -0.05031 0.079306
v -0.099551 -0.050233 0.063506
v -0.094573 -0.027996 0.080992
v -0.097916 -0.0264 0.07903
v -0.102698 -0.030718 0.074106
v -0.100802 -0.040861 0.0707
v -0.094884 -0.037761 0.07642
v -0.102772 -0.038897 0.070526
v -0.083906 -0.046738 0.076739
v -0.074575 -0.046907 0.082443
v -0.094562 -0.040428 0.075037
v -0.097079 -0.031148 0.077992
v -0.087614 -0.044853 0.07619
v -0.106602 -0.033679 0.070268
v -0.113905 -0.030894 0.06604
v -0.093977 -0.035066 0.078448
v -0.089984 -0.03616 0.080676
v -0.116713 -0.024922 0.065099
v -0.117258 -0.01989 0.065472
v -0.08283 -0.04861 0.075384
v -0.069365 -0.053508 0.076857
v -0.062227 -0.051946 0.083755
v -0.079651 -0.051727 0.073292
v -0.061581 -0.053133 0.082325
v -0.126488 -0.006062 0.053624
v -0.102044 -0.034425 0.073132
v -0.118626 -0.021891 0.06381
v -0.077347 -0.049935 0.077169
v -0.124373 -0.032679 0.046665
v -0.124491 -0.028646 0.049946
v -0.1209 -0.017078 0.061976
v -0.09061 -0.048862 0.070362
v -0.092573 -0.047237 0.070888
v -0.132596 -0.008373 0.024047
v -0.128238 -0.023439 0.039112
v -0.127675 -0.021055 0.043838
v -0.125895 -0.029246 0.044221
v -0.077002 -0.052886 0.073132
v -0.116073 -0.014732 0.067104
v -0.117023 -0.010324 0.066593
v -0.120983 -0.037903 0.051924
v -0.13341 -0.001368 0.018313
v -0.12281 -0.013918 0.05971
v -0.103978 -0.036026 0.071111
v -0.119569 -0.021527 0.062816
v -0.12218 -0.034897 0.051618
v -0.121431 -0.03403 0.054352
v -0.12118 -0.008923 0.062646
v -0.11772 -0.015195 0.065606
v -0.088043 -0.042801 0.07761
v -0.093888 -0.042596 0.073991
v -0.096274 -0.045532 0.07019
v -0.131797 -0.011617 0.028306
v -0.109562 -0.047439 0.060598
v -0.100391 -0.042395 0.069984
v -0.100632 -0.044366 0.068449
v -0.12797 -0.00109 0.050063
v -0.129074 0.00201 0.046443
v -0.128918 -0.003435 0.046808
v -0.112598 -0.035842 0.065376
v -0.107096 -0.0386 0.067842
v -0.113221 -0.045366 0.058923
v -0.128051 -0.004681 0.049501
v -0.112875 -0.033298 0.066064
v -0.106589 -0.049828 0.06008
v -0.099306 -0.051123 0.062477
v -0.118072 -0.026647 0.063334
v -0.115756 -0.029078 0.064986
v -0.114277 -0.033156 0.065046
v -0.102412 -0.045456 0.066537
v -0.127694 -0.013249 0.048246
v -0.128166 -0.007797 0.048509
v -0.128889 -0.008092 0.045926
v -0.127007 -0.01062 0.051293
v -0.130884 -0.00176 0.038704
v -0.129824 -0.00151 0.043569
v -0.130448 0.000974 0.040836
v -0.106752 -0.043509 0.065326
v -0.114325 -0.035568 0.064118
v -0.116232 -0.031403 0.063848
v -0.123139 -0.01625 0.058648
v -0.080627 -0.049845 0.075246
v -0.129984 -0.004711 0.042429
v -0.114616 -0.043508 0.058959
v -0.105892 -0.050538 0.05959
v -0.115606 -0.035654 0.062852
v -0.120422 -0.02192 0.061622
v -0.12971 -0.00861 0.042415
v -0.117052 -0.032959 0.062407
v -0.118092 -0.030156 0.062251
v -0.116491 -0.035774 0.061815
v -0.117987 -0.032331 0.061525
v -0.131309 -0.003606 0.036066
v -0.130494 -0.00768 0.039064
v -0.133206 -0.005484 0.019257
v -0.117335 -0.035668 0.060817
v -0.118932 -0.03166 0.060522
v -0.118198 -0.035549 0.059628
v -0.122748 -0.035767 0.048937
v -0.123488 -0.03318 0.049272
v -0.117517 -0.04248 0.055028
v -0.116264 -0.042631 0.057265
v -0.10767 -0.049189 0.060144
v -0.125776 -0.012644 0.054003
v -0.131841 -0.001035 0.033134
v -0.121733 -0.019513 0.060259
v -0.119311 -0.033858 0.058796
v -0.12014 -0.02939 0.059623
v -0.12479 -0.014814 0.055697
v -0.120724 -0.031897 0.057321
v -0.119114 -0.041166 0.052987
v -0.129699 -0.012215 0.040698
v -0.129004 -0.011415 0.044189
v -0.111092 -0.0472 0.059391
v -0.099733 -0.051842 0.061149
v -0.132262 0.001179 0.03009
v -0.120175 -0.034245 0.056953
v -0.127137 -0.007201 0.051728
v -0.128418 -0.015344 0.044536
v -0.127668 -0.027429 0.037737
v -0.122096 -0.031796 0.054363
v -0.130832 -0.01797 0.028995
v -0.089706 -0.050595 0.068788
v -0.078748 -0.050771 0.07519
v -0.123122 -0.031788 0.051621
v -0.114456 -0.045091 0.057472
v -0.129173 -0.023036 0.034272
v -0.074253 -0.002642 0.101501
v -0.074211 0.001406 0.101569
v -0.096253 -0.05246 0.062156
v -0.081352 -0.006451 0.09581
v -0.073606 -0.008318 0.101634
v -0.073977 -0.00514 0.1016
v -0.125241 -0.03177 0.044171
v -0.125104 -0.034011 0.041889
v -0.126619 -0.030741 0.038948
v -0.126953 -0.031966 0.035283
v -0.109178 -0.048451 0.059796
v -0.080762 -0.008804 0.096046
v -0.129065 -0.02963 0.02499
v -0.128055 -0.033236 0.025328
v -0.127748 -0.031485 0.031156
v -0.128939 -0.031808 0.021263
v -0.121956 -0.038003 0.048852
v -0.130454 -0.027081 0.017742
v -0.119013 -0.026262 0.062337
v -0.081239 -0.017791 0.094161
v -0.087376 -0.016506 0.089679
v -0.088636 -0.014069 0.089146
v -0.073179 -0.017268 0.100481
v -0.115426 -0.044937 0.05601
v -0.122973 -0.019754 0.058017
v -0.081301 -0.020705 0.093361
v -0.072508 -0.019289 0.10048
v -0.112638 -0.046957 0.057805
v -0.090917 -0.019816 0.086177
v -0.08944 -0.022639 0.086569
v -0.0793 -0.028169 0.092258
v -0.087873 -0.024224 0.087282
v -0.087351 -0.026398 0.086946
v -0.098194 -0.009319 0.082165
v -0.092339 -0.007968 0.086993
v -0.124087 -0.018904 0.05599
v -0.088665 -0.051864 0.067624
v -0.080442 -0.052849 0.071091
v -0.071907 -0.026836 0.098331
v -0.110211 -0.048612 0.058571
v -0.077844 -0.030394 0.092337
v -0.071711 -0.028322 0.097822
v -0.108455 -0.049435 0.059188
v -0.086371 -0.037936 0.082125
v -0.119678 -0.026571 0.061362
v -0.071367 -0.030273 0.097137
v -0.126454 -0.014745 0.051518
v -0.070705 -0.032278 0.096551
v -0.123372 -0.036549 0.045692
v -0.072003 -0.051514 0.078311
v -0.063852 -0.050926 0.084228
v -0.132931 -0.009874 0.018655
v -0.087478 -0.052818 0.066816
v -0.116352 -0.044785 0.054389
v -0.099273 -0.00683 0.081493
v -0.132232 -0.013304 0.022456
v -0.120811 -0.040365 0.049291
v -0.120954 -0.024429 0.060126
v -0.121918 -0.024363 0.058491
v -0.106356 -0.021474 0.073852
v -0.107368 -0.0503 0.058888
v -0.063968 -0.057291 0.072826
v -0.065298 -0.057806 0.070611
v -0.060977 -0.058492 0.071865
v -0.133687 -0.002905 0.012989
v -0.133716 0.000989 0.013033
v -0.112385 -0.037669 0.0648
v -0.100212 -0.046753 0.066758
v -0.125055 -0.019166 0.053582
v -0.069652 -0.056651 0.070479
v -0.075919 -0.053813 0.072238
v -0.068482 -0.054668 0.075367
v -0.110986 -0.048732 0.057452
v -0.114175 -0.046709 0.055707
v -0.06741 -0.042267 0.09167
v -0.108864 -0.049931 0.058041
v -0.13007 -0.022653 0.028738
v -0.10593 -0.040794 0.067457
v -0.098904 -0.021115 0.07969
v -0.077998 -0.054381 0.069879
v -0.117728 -0.043775 0.052752
v -0.111959 -0.048383 0.056642
v -0.123162 -0.02441 0.055953
v -0.065939 -0.046481 0.088436
v -0.087008 -0.054035 0.064859
v -0.0886 -0.053215 0.06544
v -0.101023 -0.024857 0.077132
v -0.133554 -0.006315 0.012913
v -0.1112 -0.041568 0.063743
v -0.112226 -0.040872 0.063347
v -0.118864 -0.043315 0.050496
v -0.11344 -0.040679 0.062391
v -0.115581 -0.04039 0.060226
v -0.098908 -0.04807 0.066287
v -0.131729 -0.017671 0.021633
v -0.087242 -0.008346 0.091009
v -0.12393 -0.022299 0.055078
v -0.076733 -0.055259 0.068909
v -0.109406 -0.0501 0.057096
v -0.117334 -0.044972 0.051759
v -0.122415 -0.039234 0.045315
v -0.113303 -0.047916 0.055225
v -0.11576 -0.046449 0.052922
v -0.08505 -0.054477 0.065165
v -0.128752 -0.027095 0.031618
v -0.123813 -0.03751 0.042287
v -0.125404 -0.021222 0.051717
v -0.121237 -0.028714 0.057976
v -0.120516 -0.041899 0.047748
v -0.111972 -0.039115 0.06445
v -0.066401 -0.055966 0.074148
v -0.07088 -0.055459 0.072308
v -0.126754 -0.018501 0.048925
v -0.110813 -0.049793 0.055726
v -0.058646 -0.055956 0.079163
v -0.060305 -0.054545 0.080739
v -0.11625 -0.006053 0.067425
v -0.132619 -0.014102 0.016868
v -0.095556 -0.050875 0.064975
v -0.11209 -0.04923 0.05478
v -0.114914 -0.047448 0.052849
v -0.133325 -0.009675 0.012908
v -0.122519 -0.028548 0.055378
v -0.119525 -0.004191 0.064642
v -0.119464 0.003057 0.064725
v -0.118367 -0.044806 0.049134
v -0.057782 -0.056913 0.077767
v -0.124251 -0.024864 0.053038
v -0.113335 -0.048509 0.053978
v -0.121491 -0.041701 0.044434
v -0.092969 -0.052056 0.064764
v -0.119442 -0.044202 0.046902
v -0.117291 -0.046192 0.049405
v -0.076642 -0.055905 0.067491
v -0.131073 -0.022098 0.021128
v -0.113487 -0.038664 0.063447
v -0.056295 -0.058447 0.075285
v -0.129721 -0.02659 0.025379
v -0.122871 -0.040124 0.041631
v -0.114142 -0.048804 0.051502
v -0.125486 -0.035907 0.03671
v -0.113191 -0.049182 0.052692
v -0.056718 -0.059167 0.073097
v -0.056064 -0.059213 0.073468
v -0.114726 -0.038506 0.06235
v -0.125296 -0.024257 0.050376
v -0.116039 -0.047521 0.049816
v -0.12044 0.003301 0.063777
v -0.132979 -0.013431 0.012774
v -0.120612 -0.005127 0.063529
v -0.123643 -0.028386 0.052622
v -0.120302 -0.04403 0.043998
v -0.124792 -0.038452 0.035293
v -0.118454 -0.045935 0.046211
v -0.12145 0.003242 0.062637
v -0.122063 -0.04195 0.041298
v -0.115254 -0.048583 0.049113
v -0.058587 -0.058876 0.072545
v -0.11597 -0.038544 0.060939
v -0.122129 -0.003694 0.06176
v -0.122339 0.002642 0.061513
v -0.116892 -0.047605 0.046969
v -0.132373 -0.018522 0.012598
v -0.132755 -0.01565 0.012555
v -0.123015 0.001955 0.060578
v -0.121117 -0.043844 0.040844
v -0.12682 -0.035565 0.029079
v -0.123688 -0.040655 0.036126
v -0.119733 -0.045656 0.041866
v -0.118354 -0.047026 0.043311
v -0.13194 -0.021541 0.01246
v -0.117121 -0.047856 0.045325
v -0.123069 -0.042234 0.035224
v -0.124107 0.001499 0.058831
v -0.124706 -0.001169 0.057766
v -0.121968 -0.043804 0.036509
v -0.126162 -0.038035 0.027393
v -0.119253 -0.046915 0.039559
v -0.124553 -0.040744 0.030585
v -0.121066 -0.045617 0.035095
v -0.131221 -0.025535 0.012562
v -0.127911 -0.035339 0.021073
v -0.122962 -0.044159 0.029277
v -0.123646 -0.04325 0.028182
v -0.130034 -0.031073 0.012267
v -0.130531 -0.028867 0.0125
v -0.121934 -0.045141 0.031805
v -0.125046 0.034091 0.042033
v -0.12607 0.033658 0.037465
v -0.127019 0.029237 0.038903
v -0.091889 0.022404 0.084762
v -0.100275 0.022656 0.078269
v -0.097297 0.018972 0.081407
v -0.117962 0.044576 0.050788
v -0.119817 0.042391 0.049172
v -0.118451 0.043147 0.051876
v -0.118695 0.044562 0.048628
v -0.129064 0.023514 0.034448
v -0.127881 0.02909 0.034249
v -0.129143 0.026629 0.029646
v -0.099726 0.025842 0.077844
v -0.094816 0.025897 0.081514
v -0.092418 0.027526 0.082758
v -0.098143 0.03024 0.07757
v -0.131473 0.017395 0.024413
v -0.130474 0.01969 0.029608
v -0.130983 0.022104 0.021923
v -0.132073 0.011242 0.026355
v -0.132547 0.011052 0.021892
v -0.132622 0.005554 0.025699
v -0.133171 0.005653 0.019633
v -0.061778 0.053301 0.081935
v -0.069785 0.051812 0.079265
v -0.063706 0.051706 0.083203
v -0.086596 0.031261 0.085531
v -0.096727 0.032832 0.077551
v -0.089343 0.028823 0.084551
v -0.091758 0.03393 0.080582
v -0.101918 0.017504 0.078063
v -0.108023 0.018242 0.073126
v -0.104447 0.015526 0.076372
v -0.056036 0.059217 0.073475
v -0.056068 0.059217 0.073468
v -0.057065 0.058417 0.074832
v -0.072181 0.045845 0.085109
v -0.075601 0.047245 0.08143
v -0.079411 0.046694 0.079616
v -0.113842 0.047548 0.0549
v -0.115978 0.046429 0.052436
v -0.115005 0.046283 0.054812
v -0.106754 0.023567 0.073105
v -0.120767 0.042418 0.045843
v -0.120678 0.040418 0.049611
v -0.121937 0.040081 0.045758
v -0.119839 0.043931 0.046082
v -0.133656 0.00382 0.012986
v -0.132964 0.01064 0.017272
v -0.065822 0.055362 0.075747
v -0.066687 0.05394 0.077791
v -0.061107 0.054843 0.079714
v -0.125654 0.03656 0.03437
v -0.124019 0.037721 0.040929
v -0.102417 0.030019 0.074544
v -0.133521 0.00685 0.012946
v -0.122726 0.0389 0.044617
v -0.123178 0.036595 0.046396
v -0.110059 0.022075 0.070884
v -0.089127 0.040821 0.078369
v -0.093107 0.039596 0.07653
v -0.088284 0.038227 0.080634
v -0.133269 0.010629 0.012694
v -0.106846 0.029473 0.071511
v -0.106239 0.026309 0.07284
v -0.12286 0.040391 0.041106
v -0.133037 0.013089 0.012641
v -0.061163 0.058468 0.071813
v -0.057861 0.058995 0.072746
v -0.114747 0.047963 0.052107
v -0.132755 0.01561 0.012587
v -0.115032 0.018873 0.067515
v -0.121701 0.04191 0.043101
v -0.085435 0.046975 0.075548
v -0.08114 0.045176 0.080011
v -0.128129 0.031478 0.028569
v -0.126726 0.034054 0.032946
v -0.069302 0.056593 0.070851
v -0.081426 0.048747 0.076099
v -0.114924 0.022411 0.0671
v -0.110584 0.026797 0.069508
v -0.072937 0.016603 0.100818
v -0.078464 0.01733 0.096412
v -0.073679 0.013278 0.100908
v -0.081526 0.013954 0.094727
v -0.072653 0.019829 0.100223
v -0.083062 0.002469 0.094683
v -0.132043 0.01771 0.01824
v -0.07325 0.023207 0.098721
v -0.078681 0.021692 0.095077
v -0.107007 0.033169 0.07018
v -0.093078 0.002478 0.086719
v -0.116577 0.021739 0.065805
v -0.117077 0.016991 0.066
v -0.083091 0.005309 0.094529
v -0.090511 0.007404 0.088501
v -0.094979 0.005831 0.085039
v -0.116031 0.047534 0.049806
v -0.070637 0.032314 0.096581
v -0.076739 0.032555 0.092035
v -0.071946 0.029506 0.097096
v -0.123375 0.040526 0.038178
v -0.117171 0.046135 0.049867
v -0.087869 0.045537 0.07541
v -0.093368 0.04565 0.071887
v -0.091259 0.044167 0.074458
v -0.070499 0.035031 0.09507
v -0.075782 0.034796 0.091448
v -0.068925 0.037446 0.094512
v -0.072509 0.038026 0.09163
v -0.118956 0.016338 0.064331
v -0.076406 0.036803 0.089747
v -0.068548 0.03944 0.093283
v -0.118529 0.045709 0.046566
v -0.118352 0.021889 0.064093
v -0.113551 0.031711 0.066068
v -0.073753 0.039868 0.089408
v -0.124857 0.038128 0.035583
v -0.068376 0.041425 0.091772
v -0.119704 0.016256 0.063559
v -0.129502 0.028166 0.024267
v -0.130035 0.024073 0.026916
v -0.131389 0.023008 0.016035
v -0.088665 0.048081 0.072401
v -0.117466 0.047039 0.046668
v -0.119149 0.022019 0.063211
v -0.120722 0.015778 0.062431
v -0.112961 0.033974 0.065781
v -0.094836 0.043348 0.07284
v -0.096465 0.037954 0.075239
v -0.104664 0.040219 0.068581
v -0.102862 0.038184 0.070834
v -0.075156 0.053824 0.072696
v -0.082823 0.052968 0.069414
v -0.07563 0.05258 0.074479
v -0.114195 0.02913 0.066294
v -0.120172 0.020885 0.062193
v -0.092624 0.016351 0.085595
v -0.130513 0.025638 0.020062
v -0.119956 0.0244 0.061617
v -0.121362 0.019293 0.060883
v -0.124154 0.040177 0.034677
v -0.120432 0.044837 0.041199
v -0.09912 0.045109 0.068804
v -0.094507 0.047402 0.069563
v -0.127582 0.035442 0.023633
v -0.090876 0.048804 0.070263
v -0.121253 0.024397 0.059656
v -0.125992 0.037852 0.029105
v -0.119156 0.046108 0.042947
v -0.128654 0.031968 0.023373
v -0.124988 0.039492 0.031382
v -0.056089 0.058103 0.076224
v -0.05765 0.05711 0.077434
v -0.115115 0.033064 0.064346
v -0.122275 0.019439 0.059378
v -0.129841 0.030023 0.01713
v -0.106348 0.013394 0.075122
v -0.115883 0.015809 0.067153
v -0.116002 0.028972 0.064791
v -0.130836 0.027492 0.012492
v -0.108856 0.039092 0.066465
v -0.104525 0.037204 0.0702
v -0.131855 0.022136 0.012416
v -0.123082 0.019335 0.057934
v -0.123297 0.021663 0.05674
v -0.121906 0.043744 0.037099
v -0.123338 0.042708 0.032106
v -0.117836 0.02948 0.062778
v -0.118045 0.025954 0.063539
v -0.124472 0.015375 0.056239
v -0.116966 0.032637 0.062642
v -0.116191 0.012941 0.067142
v -0.125013 0.041268 0.025724
v -0.119278 0.02643 0.061959
v -0.126373 0.038448 0.024568
v -0.128806 0.033748 0.017374
v -0.119454 0.010582 0.064408
v -0.123037 0.044389 0.027679
v -0.122467 0.044818 0.029718
v -0.123672 0.043835 0.025559
v -0.127688 0.037029 0.017883
v -0.104478 0.045384 0.065367
v -0.100539 0.043443 0.069181
v -0.126704 0.039545 0.01811
v -0.124144 0.021563 0.054867
v -0.125203 0.017657 0.053784
v -0.112422 0.036614 0.0652
v -0.124795 0.042729 0.021687
v -0.12076 0.010354 0.06303
v -0.119215 0.029394 0.06103
v -0.100242 0.046529 0.066943
v -0.11824 0.033078 0.060868
v -0.128688 0.035694 0.012433
v -0.129952 0.031254 0.012522
v -0.074199 0.006108 0.101375
v -0.100055 0.048522 0.065155
v -0.125448 0.042255 0.018247
v -0.081978 0.008253 0.095164
v -0.127444 0.039175 0.012346
v -0.073494 0.010162 0.101511
v -0.125867 0.041745 0.016807
v -0.120567 0.028147 0.059431
v -0.082469 0.011785 0.094344
v -0.104387 0.043084 0.067046
v -0.125456 0.019326 0.052453
v -0.114418 0.025673 0.066893
v -0.088288 0.009728 0.090036
v -0.111864 0.038722 0.0647
v -0.121924 0.014459 0.06098
v -0.082196 0.019918 0.092889
v -0.119393 0.032637 0.059323
v -0.082746 0.025108 0.090875
v -0.124319 0.024044 0.053286
v -0.116147 0.025577 0.065467
v -0.122811 0.01431 0.059618
v -0.089704 0.012677 0.08853
v -0.085153 0.022588 0.089862
v -0.086014 0.01941 0.090074
v -0.084834 0.016456 0.091664
v -0.092949 0.012331 0.086011
v -0.125216 0.024781 0.050335
v -0.08487 0.028825 0.087856
v -0.077609 0.026528 0.094196
v -0.079447 0.031244 0.090748
v -0.103499 0.041291 0.068713
v -0.12362 0.014392 0.058171
v -0.12084 0.030231 0.057998
v -0.122324 0.025545 0.05723
v -0.113512 0.035698 0.064756
v -0.091606 0.019503 0.08572
v -0.088295 0.025637 0.086502
v -0.079336 0.02886 0.091937
v -0.084775 0.032621 0.086206
v -0.110555 0.042414 0.063681
v -0.126367 0.019023 0.049909
v -0.104903 0.00413 0.077018
v -0.10283 0.047609 0.064461
v -0.122165 0.029017 0.055917
v -0.113794 0.038822 0.063102
v -0.114795 0.036468 0.063284
v -0.095725 0.010581 0.084016
v -0.102564 0.005897 0.078858
v -0.076607 0.041235 0.086412
v -0.078479 0.03871 0.087026
v -0.123148 0.025603 0.055418
v -0.116163 0.036804 0.06169
v -0.116128 0.034493 0.062792
v -0.100673 0.00947 0.08014
v -0.12675 0.020982 0.047518
v -0.121629 0.031986 0.055343
v -0.125235 0.014183 0.054839
v -0.068904 0.04735 0.085566
v -0.066395 0.045788 0.088895
v -0.063892 0.049195 0.086503
v -0.067774 0.048953 0.084382
v -0.06536 0.047383 0.087789
v -0.117256 0.034221 0.061625
v -0.128045 0.014296 0.046548
v -0.110005 0.043517 0.063366
v -0.063664 0.050872 0.084427
v -0.126089 0.013915 0.052794
v -0.075969 0.043333 0.08506
v -0.083515 0.042657 0.080677
v -0.081554 0.043935 0.080873
v -0.082938 0.036531 0.085373
v -0.087392 0.036796 0.08211
v -0.088176 0.0351 0.082505
v -0.130106 0.003552 0.04214
v -0.123563 0.027528 0.053369
v -0.073193 0.044364 0.08592
v -0.117624 0.036442 0.059966
v -0.083875 0.039549 0.08276
v -0.071705 0.050023 0.080555
v -0.074269 0.048448 0.080906
v -0.128773 0.006673 0.046716
v -0.127893 0.018775 0.044535
v -0.110977 0.041267 0.064048
v -0.112291 0.041894 0.062699
v -0.112378 0.039551 0.063927
v -0.122873 0.03087 0.053025
v -0.126993 0.013967 0.050201
v -0.131147 0.002713 0.037134
v -0.118737 0.035436 0.058825
v -0.129798 0.007262 0.042536
v -0.059202 0.0557 0.07931
v -0.116292 0.008104 0.06733
v -0.070535 0.052688 0.077461
v -0.111443 0.043192 0.062556
v -0.109558 0.044816 0.062794
v -0.076246 0.050247 0.077433
v -0.07477 0.051341 0.076849
v -0.08019 0.049757 0.075632
v -0.096452 0.035709 0.076428
v -0.108889 0.046599 0.061869
v -0.086926 0.043868 0.077471
v -0.123793 0.030111 0.051
v -0.131729 0.002684 0.033623
v -0.126596 0.024481 0.045662
v -0.113809 0.041408 0.061564
v -0.114953 0.039248 0.061698
v -0.072691 0.055712 0.070581
v -0.072303 0.054995 0.072313
v -0.104619 0.034561 0.071297
v -0.119825 0.035906 0.056489
v -0.119941 0.03374 0.057724
v -0.081492 0.051179 0.072956
v -0.113214 0.042983 0.061072
v -0.12922 0.012113 0.042961
v -0.129399 0.015341 0.040151
v -0.097855 0.050618 0.063989
v -0.101459 0.049885 0.062855
v -0.097832 0.049471 0.065401
v -0.085928 0.050395 0.071322
v -0.118003 0.038024 0.058322
v -0.092388 0.042131 0.075305
v -0.098059 0.040894 0.072461
v -0.128291 0.02085 0.041203
v -0.074031 0.05635 0.068201
v -0.110587 0.044481 0.06232
v -0.080558 0.053854 0.069257
v -0.081786 0.052069 0.071474
v -0.078929 0.054787 0.068477
v -0.114776 0.041546 0.060382
v -0.115825 0.039359 0.060622
v -0.12479 0.028601 0.04897
v -0.086967 0.051694 0.068901
v -0.120878 0.034324 0.055423
v -0.081973 0.055032 0.065939
v -0.092784 0.050208 0.067469
v -0.124578 0.031255 0.047379
v -0.087972 0.05329 0.065693
v -0.114398 0.043506 0.059245
v -0.092329 0.051374 0.066165
v -0.111322 0.044598 0.061629
v -0.122206 0.008923 0.061316
v -0.087897 0.054027 0.064259
v -0.129967 0.017949 0.034837
v -0.130121 0.013428 0.037757
v -0.116161 0.04092 0.059003
v -0.1105 0.046437 0.060778
v -0.1241 0.006103 0.058595
v -0.112154 0.044748 0.060733
v -0.09375 0.052979 0.0627
v -0.123294 0.008753 0.059685
v -0.125225 0.003352 0.056671
v -0.12901 0.020469 0.037908
v -0.120251 0.037074 0.054591
v -0.115427 0.043177 0.058062
v -0.11683 0.041018 0.057854
v -0.107405 0.048512 0.061028
v -0.130903 0.011757 0.034522
v -0.116698 0.038455 0.060032
v -0.125534 0.029851 0.045133
v -0.090421 0.05228 0.065925
v -0.097965 0.052097 0.061764
v -0.098703 0.051395 0.062428
v -0.122139 0.0349 0.05174
v -0.121259 0.036534 0.052591
v -0.108236 0.047668 0.061347
v -0.127717 0.024667 0.04051
v -0.118811 0.038499 0.056459
v -0.113469 0.044203 0.059766
v -0.125072 0.007201 0.056615
v -0.116614 0.042285 0.056988
v -0.127152 0.003316 0.052237
v -0.124514 0.010674 0.057218
v -0.118027 0.040649 0.055999
v -0.131116 0.014551 0.030625
v -0.126565 0.027524 0.043043
v -0.119701 0.039597 0.053404
v -0.105775 0.050544 0.059647
v -0.125849 0.008654 0.054723
v -0.102611 0.051249 0.060416
v -0.123117 0.034318 0.049315
v -0.111985 0.046128 0.059591
v -0.120788 0.038934 0.051253
v -0.109781 0.047814 0.059997
v -0.124115 0.034483 0.045532
v -0.106704 0.049586 0.060304
v -0.126665 0.008443 0.052764
v -0.111122 0.047565 0.058934
v -0.128368 0.003175 0.048688
v -0.113171 0.045846 0.05845
v -0.117372 0.042404 0.055409
v -0.112035 0.047559 0.057793
v -0.127649 0.008672 0.049944
v -0.107788 0.049636 0.059482
v -0.108437 0.048527 0.060325
v -0.113752 0.046372 0.05693
v -0.114836 0.045104 0.05685
v -0.119029 0.040379 0.054107
v -0.106962 0.050391 0.059072
v -0.109318 0.049132 0.058798
v -0.108398 0.050166 0.058126
v -0.116035 0.043751 0.056395
v -0.115981 0.045058 0.054754
v -0.118796 0.042024 0.052648
v -0.110009 0.049932 0.056635
v -0.116711 0.045058 0.053152
v -0.122009 0.037927 0.048803
v -0.110832 0.048891 0.057396
v -0.112141 0.048859 0.055479
v -0.112637 0.047833 0.056491
v -0.12863 0.010208 0.04615
v -0.111873 0.049517 0.054524
v -0.113515 0.04852 0.053573
v -0.113223 0.049294 0.052298
v -0.117226 0.043548 0.054255
v -0.114284 0.048938 0.050705
v -0.132407 0.01836 0.012537
v -0.115487 0.048566 0.048454
v -0.116682 0.048121 0.045973
v -0.131409 0.024715 0.012371
v -0.117581 0.047774 0.043776
v -0.11851 0.047332 0.041458
v -0.130873 0.006803 0.037426
v -0.119452 0.046814 0.038934
v -0.120064 0.046509 0.036923
v -0.120705 0.04609 0.035109
v -0.130198 0.010071 0.039426
v -0.121695 0.045344 0.032406
v -0.126521 0.041321 0.0124
v -0.082849 0.040817 0.08254
v -0.072062 0.025784 0.098651
v -0.071702 0.027706 0.098103
v -0.131887 0.005875 0.031592
v -0.131718 0.009734 0.030398
v -0.067792 0.042658 0.091067
v -0.067103 0.044379 0.089887
v -0.003263 0.083579 0.009722
v -0.002585 0.08136 0.009765
v -0.006595 0.072705 0.009857
v -0.008608 0.07182 0.009848
v -0.002508 0.079469 0.009796
v -0.008282 0.088079 0.009594
v -0.010221 0.071531 0.009835
v -0.002805 0.077663 0.009821
v -0.006226 0.087062 0.009634
v -0.003759 0.07549 0.009845
v -0.00451 0.085526 0.009677
v -0.005086 0.073878 0.009856
v -0.134119 0.008684 0.011059
v -0.134551 0.008389 0.01058
v -0.134144 0.006906 0.011213
v -0.135116 0.008572 0.010094
v -0.134861 0.006501 0.010426
v -0.133561 0.007287 0.012566
v -0.133794 0.005396 0.012109
v -0.133771 0.003602 0.012425
v -0.134051 0.00515 0.011553
v -0.1337 0.007562 0.012006
v -0.134676 0.005228 0.010691
v -0.135566 0.013198 0.00958
v -0.136388 0.013303 0.009364
v -0.136019 0.010326 0.009562
v -0.135006 0.013091 0.00985
v -0.135337 0.010795 0.009816
v -0.134122 0.003253 0.011572
v -0.136949 0.009889 0.00939
v -0.136464 0.011 0.009426
v -0.13563 0.009085 0.009773
v -0.134096 0.002066 0.011696
v -0.133826 0.001615 0.012418
v -0.136594 0.007565 0.009502
v -0.134426 0.003192 0.011112
v -0.135885 0.007491 0.009731
v -0.135249 0.006648 0.010117
v -0.131217 0.028214 0.011032
v -0.131504 0.02648 0.011177
v -0.130857 0.02946 0.011146
v -0.130904 0.027757 0.011942
v -0.136421 0.005601 0.009604
v -0.131976 0.024458 0.011068
v -0.131639 0.024618 0.011675
v -0.135771 0.005483 0.009863
v -0.13242 0.023321 0.010743
v -0.135442 0.003921 0.010106
v -0.131705 0.026688 0.010804
v -0.13262 0.024016 0.010367
v -0.127484 0.039447 0.011742
v -0.126638 0.041583 0.011508
v -0.127749 0.039553 0.011069
v -0.135469 0.002271 0.010146
v -0.134991 0.004407 0.010433
v -0.132189 0.022435 0.011328
v -0.136089 0.003124 0.009794
v -0.136705 0.003826 0.009574
v -0.126976 0.041722 0.010784
v -0.12818 0.039676 0.010399
v -0.132552 0.020162 0.011349
v -0.127435 0.041955 0.010139
v -0.132854 0.020402 0.010822
v -0.134835 0.002261 0.010665
v -0.12902 0.039364 0.009769
v -0.127871 0.042134 0.009729
v -0.133037 0.018276 0.011012
v -0.135505 5E-05 0.01017
v -0.134936 0.000442 0.010617
v -0.128357 0.0371 0.011773
v -0.13629 0.001703 0.009744
v -0.128477 0.042188 0.009373
v -0.129499 0.04015 0.009326
v -0.132516 0.018878 0.011877
v -0.132932 0.015652 0.011935
v -0.134494 4.7E-05 0.011115
v -0.134124 8E-05 0.011702
v -0.132652 0.029358 0.009509
v -0.132897 0.027898 0.009567
v -0.132011 0.029382 0.009886
v -0.1336 0.017959 0.010404
v -0.133368 0.016519 0.010906
v -0.133047 0.01597 0.011562
v -0.133877 0.0156 0.010457
v -0.128626 0.037192 0.011101
v -0.128159 0.043302 0.009255
v -0.129591 0.041316 0.009112
v -0.133878 0.027084 0.009262
v -0.133273 0.029319 0.009274
v -0.133385 0.014718 0.011229
v -0.133729 0.025578 0.009429
v -0.129385 0.035999 0.010606
v -0.132434 0.027615 0.009884
v -0.131629 0.029059 0.010278
v -0.134816 0.026023 0.009156
v -0.134615 0.025031 0.00922
v -0.132052 0.027063 0.01031
v -0.131328 0.028799 0.010688
v -0.12953 0.039158 0.009505
v -0.134535 0.023413 0.00932
v -0.1295 0.037192 0.010031
v -0.129135 0.034714 0.011808
v -0.129906 0.037321 0.009704
v -0.129673 0.033929 0.011147
v -0.135405 0.022472 0.009208
v -0.134799 0.021246 0.009378
v -0.135485 0.020308 0.009262
v -0.134869 0.018527 0.009526
v -0.135857 0.018325 0.009282
v -0.132627 0.02575 0.01005
v -0.136172 0.015933 0.009316
v -0.135534 0.015659 0.009466
v -0.133229 0.02562 0.009665
v -0.133298 0.012987 0.011768
v -0.133817 0.010484 0.011279
v -0.133483 0.010539 0.011947
v -0.133705 0.013314 0.010992
v -0.134139 0.010887 0.010778
v -0.130597 0.033647 0.010098
v -0.130461 0.035169 0.009821
v -0.13723 0.00536 0.009457
v -0.133394 0.023502 0.009821
v -0.129894 0.032048 0.011841
v -0.13077 0.035512 0.009565
v -0.13417 0.013094 0.010484
v -0.134565 0.010558 0.010376
v -0.137112 0.002146 0.009527
v -0.136459 0.000247 0.009708
v -0.130616 0.031741 0.010654
v -0.134043 0.022165 0.0096
v -0.133859 0.020408 0.009883
v -0.133331 0.020322 0.010303
v -0.133047 0.022962 0.010155
v -0.13369 0.030476 0.009107
v -0.134007 0.028914 0.009137
v -0.130488 0.02962 0.011905
v -0.134418 0.020549 0.009568
v -0.131611 0.032314 0.00964
v -0.135132 0.01545 0.009626
v -0.13395 0.017957 0.010097
v -0.134443 0.017936 0.009776
v -0.137256 -0.000581 0.009546
v -0.133891 -0.000533 0.012278
v -0.134694 0.015778 0.009819
v -0.134254 0.015811 0.010105
v -0.13222 0.020058 0.012275
v -0.131753 0.034215 0.009304
v -0.134579 0.013375 0.010107
v -0.134819 0.011394 0.010103
v -0.132806 0.033255 0.0091
v -0.132137 0.0214 0.011851
v -0.134459 0.032242 0.009045
v -0.135496 0.017437 0.009389
v -0.145895 0.045684 0.008478
v -0.146158 0.045962 0.00816
v -0.146567 0.044858 0.008161
v -0.146158 0.044207 0.008628
v -0.145567 0.045198 0.00869
v -0.146626 0.044143 0.008368
v -0.146951 0.044187 0.007955
v -0.146881 0.04253 0.008575
v -0.147168 0.042533 0.008385
v -0.147717 0.04076 0.008412
v -0.147854 0.039381 0.008605
v -0.147313 0.040577 0.008682
v -0.147462 0.03945 0.008753
v -0.148244 0.039074 0.008397
v -0.144769 0.050016 0.007701
v -0.143777 0.051914 0.007914
v -0.143595 0.052651 0.007527
v -0.1446 0.049701 0.008168
v -0.143479 0.051853 0.008274
v -0.144227 0.049805 0.008432
v -0.143289 0.051632 0.008465
v -0.144413 0.048612 0.008596
v -0.143092 0.051405 0.00859
v -0.144094 0.048708 0.008664
v -0.144873 0.046654 0.008699
v -0.142281 0.052518 0.008635
v -0.14827 0.037732 0.008648
v -0.148056 0.037682 0.008742
v -0.14873 0.037026 0.008477
v -0.148858 0.037852 0.00807
v -0.148936 0.036903 0.008308
v -0.148577 0.036258 0.008703
v -0.147925 0.037097 0.008816
v -0.146371 0.043 0.008709
v -0.149847 0.033699 0.008147
v -0.150045 0.033523 0.007788
v -0.150282 0.032327 0.007859
v -0.149887 0.032761 0.008376
v -0.150149 0.032062 0.008234
v -0.149955 0.031418 0.008588
v -0.149439 0.032085 0.008796
v -0.149593 0.032573 0.008659
v -0.150442 0.030926 0.008154
v -0.150723 0.029808 0.008017
v -0.150751 0.030046 0.007805
v -0.149225 0.036413 0.008086
v -0.149171 0.037227 0.007726
v -0.149514 0.033591 0.008551
v -0.149135 0.033351 0.00879
v -0.148713 0.033695 0.008864
v -0.149675 0.030759 0.008821
v -0.149572 0.029764 0.008914
v -0.149105 0.031919 0.008887
v -0.1501 0.029506 0.008758
v -0.150661 0.028665 0.008449
v -0.15043 0.028484 0.008674
v -0.150301 0.030262 0.008497
v -0.150669 0.029393 0.008258
v -0.151126 0.027523 0.008036
v -0.151374 0.02611 0.008008
v -0.150989 0.027333 0.008335
v -0.150273 0.027942 0.008822
v -0.150512 0.027009 0.008799
v -0.149952 0.027686 0.008939
v -0.150978 0.026699 0.008489
v -0.151246 0.025089 0.008478
v -0.150886 0.02552 0.008733
v -0.151657 0.02455 0.007813
v -0.151802 0.023265 0.007957
v -0.151556 0.024554 0.008122
v -0.150527 0.025495 0.008907
v -0.150852 0.024622 0.00884
v -0.151205 0.024427 0.008619
v -0.151447 0.023913 0.008447
v -0.151245 0.023101 0.008754
v -0.150654 0.023334 0.00899
v -0.150272 0.025547 0.008971
v -0.152096 0.020803 0.007991
v -0.151863 0.022215 0.008155
v -0.153049 -1.2E-05 0.008592
v -0.153096 0.006316 0.008154
v -0.153184 0.001096 0.008207
v -0.153004 0.006157 0.008413
v -0.152849 0.006082 0.00868
v -0.152757 0.000332 0.008965
v -0.152576 0.006449 0.008942
v -0.15236 0.000237 0.009234
v -0.152266 0.006438 0.009138
v -0.151938 0.000714 0.009349
v -0.151887 0.006046 0.00926
v -0.150955 0.022573 0.008943
v -0.151591 0.021747 0.008622
v -0.151684 0.022327 0.00843
v -0.152381 0.018384 0.007917
v -0.152136 0.019811 0.008192
v -0.151971 0.019314 0.008545
v -0.151848 0.020323 0.008552
v -0.151714 0.018743 0.008836
v -0.151675 0.019883 0.008764
v -0.15246 0.016841 0.008153
v -0.152294 0.017825 0.008301
v -0.145183 0.046542 0.008639
v -0.152068 0.018071 0.008587
v -0.152354 0.016296 0.008449
v -0.152653 0.014484 0.008161
v -0.152489 0.01444 0.008487
v -0.152559 0.015801 0.008139
v -0.152306 0.014992 0.008659
v -0.152073 0.016433 0.008758
v -0.151905 0.015406 0.008947
v -0.152645 0.012903 0.008431
v -0.151688 0.014637 0.009075
v -0.15153 0.013575 0.009147
v -0.151414 0.016348 0.00909
v -0.152227 0.012772 0.008893
v -0.152036 0.014372 0.008928
v -0.152391 0.013076 0.008735
v -0.151912 0.012806 0.009067
v -0.152644 0.01149 0.008573
v -0.152828 0.011666 0.008219
v -0.152441 0.011017 0.008837
v -0.151043 0.028192 0.007967
v -0.152027 0.011807 0.009058
v -0.15206 0.010331 0.009103
v -0.15293 0.009097 0.008307
v -0.152798 0.010216 0.008457
v -0.152906 0.010753 0.008148
v -0.152444 0.009564 0.008911
v -0.152661 0.009808 0.008686
v -0.151709 0.011253 0.009177
v -0.15292 0.008067 0.008438
v -0.153014 0.008676 0.008115
v -0.152021 0.009466 0.009144
v -0.151811 0.0083 0.009227
v -0.152251 0.007721 0.009105
v -0.152424 0.008463 0.008982
v -0.152802 0.007463 0.008666
v -0.140726 0.05702 0.008227
v -0.139588 0.05815 0.008462
v -0.140064 0.058127 0.008205
v -0.140293 0.058326 0.007816
v -0.14145 0.055849 0.008197
v -0.141011 0.055966 0.008434
v -0.15279 0.012975 0.008076
v -0.142174 0.054984 0.007936
v -0.142356 0.054319 0.008146
v -0.142173 0.054106 0.008378
v -0.141798 0.054135 0.008536
v -0.143221 0.053047 0.007906
v -0.142944 0.053054 0.008222
v -0.142679 0.052674 0.008508
v -0.145157 0.048817 0.007957
v -0.140814 0.057755 0.007438
v -0.141018 0.057238 0.007716
v -0.139852 0.059234 0.007542
v -0.139515 0.059041 0.008177
v -0.141877 0.055877 0.007578
v -0.141365 0.056492 0.007877
v -0.144806 0.048814 0.008337
v -0.145379 0.047478 0.008334
v -0.14469 0.048472 0.008502
v -0.145753 0.047335 0.007982
v -0.145292 0.046904 0.008536
v -0.142645 0.054436 0.007634
v -0.147396 0.042805 0.008013
v -0.148009 0.041387 0.007617
v -0.147902 0.041213 0.008027
v -0.147306 0.043576 0.007608
v -0.148499 0.039734 0.007638
v -0.148391 0.039557 0.008047
v -0.146784 0.041557 0.008736
v -0.150063 0.030246 0.008682
v -0.151135 0.021406 0.008943
v -0.151382 0.021286 0.008831
v -0.150855 0.020946 0.009038
v -0.151349 0.019176 0.008988
v -0.151115 0.018471 0.009074
v -0.151835 0.017523 0.008846
v -0.151683 0.016879 0.00897
v -0.140581 0.056227 0.008535
v -0.139928 0.056834 0.008593
v -0.140829 0.055291 0.008608
v -0.141541 0.053988 0.008621
v -0.145314 0.048839 0.00758
v -0.146178 0.046696 0.007597
v -0.146398 0.045832 0.007863
v -0.121543 0.068982 0.008613
v -0.121506 0.069291 0.008544
v -0.122912 0.069055 0.008519
v -0.123532 0.069684 0.007907
v -0.122134 0.070041 0.007802
v -0.125071 0.069467 0.007713
v -0.123478 0.069257 0.008352
v -0.122057 0.069622 0.008308
v -0.123476 0.069492 0.008166
v -0.121544 0.06954 0.00843
v -0.123395 0.069918 0.007418
v -0.121494 0.069889 0.008183
v -0.119812 0.069973 0.008392
v -0.119498 0.069793 0.008522
v -0.120544 0.070249 0.007984
v -0.120295 0.070447 0.007722
v -0.119876 0.070186 0.008217
v -0.117811 0.069944 0.008601
v -0.135547 0.063733 0.008508
v -0.136784 0.062436 0.008443
v -0.136457 0.062264 0.008546
v -0.117912 0.070297 0.008439
v -0.135569 0.064161 0.008407
v -0.135788 0.064446 0.008181
v -0.137257 0.062488 0.008177
v -0.118096 0.070933 0.007591
v -0.120158 0.070564 0.007444
v -0.119472 0.070458 0.007999
v -0.136196 0.064419 0.007819
v -0.137273 0.062997 0.007794
v -0.134273 0.065127 0.008503
v -0.132906 0.065894 0.008534
v -0.136325 0.064521 0.007414
v -0.137463 0.063009 0.007349
v -0.134585 0.065449 0.008301
v -0.134999 0.065581 0.007957
v -0.135728 0.065216 0.007438
v -0.139455 0.059566 0.007882
v -0.138777 0.060084 0.008226
v -0.133107 0.066269 0.008416
v -0.135101 0.065833 0.007465
v -0.133941 0.066195 0.008151
v -0.139186 0.060252 0.007591
v -0.134116 0.066437 0.007774
v -0.137617 0.061193 0.008452
v -0.137986 0.0614 0.008177
v -0.132786 0.066869 0.008154
v -0.134664 0.066228 0.007348
v -0.133906 0.06677 0.007334
v -0.132925 0.067134 0.007776
v -0.130967 0.067125 0.008444
v -0.129925 0.067128 0.008538
v -0.13294 0.067303 0.007329
v -0.129533 0.068054 0.008155
v -0.130758 0.068015 0.007726
v -0.131126 0.067707 0.007995
v -0.130764 0.067544 0.008254
v -0.131367 0.06794 0.007361
v -0.128265 0.068385 0.00817
v -0.129328 0.068412 0.007778
v -0.126178 0.068761 0.008278
v -0.127593 0.068262 0.008376
v -0.126564 0.068968 0.00799
v -0.128208 0.068641 0.007882
v -0.125084 0.068681 0.008469
v -0.12639 0.068342 0.008479
v -0.126572 0.06801 0.00856
v -0.124839 0.06839 0.008574
v -0.124964 0.069 0.008304
v -0.125502 0.06915 0.008061
v -0.123867 0.068817 0.008527
v -0.138831 0.059459 0.008419
v -0.137774 0.060538 0.008534
v -0.117945 0.070602 0.008196
v -0.138462 0.059399 0.008547
v -0.138532 0.061077 0.007828
v -0.127276 0.069026 0.007586
v -0.129782 0.068426 0.007434
v -0.12833 0.068849 0.007233
v -0.125738 0.069432 0.007405
v -0.129539 0.067604 0.00844
v -0.12812 0.067813 0.008511
v -0.137978 0.061986 0.007763
v -0.117691 0.070899 0.007863
v -0.138265 0.06183 0.007282
v -0.118922 0.052016 0.008994
v -0.118434 0.052818 0.008913
v -0.12289 0.050601 0.008911
v -0.124439 0.047601 0.009357
v -0.125833 0.045539 0.009605
v -0.12388 0.04732 0.009732
v -0.116995 0.051525 0.009396
v -0.118662 0.051557 0.009155
v -0.119596 0.050656 0.009372
v -0.123484 0.049308 0.009053
v -0.126104 0.047906 0.008922
v -0.125681 0.047408 0.009056
v -0.117167 0.049948 0.010769
v -0.118972 0.049149 0.010999
v -0.117095 0.049694 0.011255
v -0.122345 0.046669 0.012066
v -0.123441 0.045831 0.011754
v -0.123663 0.045439 0.012325
v -0.121287 0.048592 0.010214
v -0.123556 0.046948 0.010187
v -0.121558 0.047771 0.010947
v -0.122661 0.046972 0.010926
v -0.117263 0.050305 0.01027
v -0.119177 0.049645 0.010241
v -0.125007 0.044888 0.010688
v -0.126088 0.043191 0.010872
v -0.124834 0.044654 0.011179
v -0.119015 0.048657 0.012419
v -0.120832 0.047837 0.011825
v -0.120232 0.048022 0.012534
v -0.118842 0.048837 0.011876
v -0.116388 0.052414 0.009085
v -0.12369 0.04608 0.010908
v -0.121179 0.050722 0.009059
v -0.121849 0.049526 0.009357
v -0.124127 0.050343 0.008884
v -0.125331 0.045135 0.010171
v -0.126548 0.043478 0.010164
v -0.121542 0.049017 0.009749
v -0.125777 0.043004 0.011699
v -0.125996 0.042339 0.012385
v -0.116856 0.050936 0.009802
v -0.119367 0.050105 0.009769
v -0.126945 0.045388 0.009193
v -0.120404 0.048461 0.010969
v -0.126963 0.043739 0.009725
v -0.128443 0.045268 0.008924
v -0.121264 0.047399 0.012494
v -0.127979 0.04494 0.009024
v -0.124861 0.044279 0.01172
v -0.124945 0.043932 0.012425
v -0.115681 0.049768 0.011954
v -0.117039 0.049465 0.011922
v -0.115787 0.049637 0.012675
v -0.117174 0.049302 0.012689
v -0.115759 0.050091 0.011058
v -0.11583 0.050623 0.010288
v -0.118447 0.04885 0.013275
v -0.129887 0.04256 0.008953
v -0.135644 0.048172 0.008788
v -0.134034 0.047546 0.008817
v -0.13221 0.046253 0.008858
v -0.130712 0.044431 0.008904
v -0.136727 0.031574 0.009039
v -0.004035 0.093239 0.008427
v -0.004099 0.093056 0.008853
v -0.00361 0.092805 0.009248
v -0.003489 0.09257 0.009415
v -0.003559 0.092345 0.009506
v -0.003345 0.092068 0.009581
v -0.121317 0.043081 0
v -0.120179 0.044538 0
v -0.11841 0.045875 0
v -0.116665 0.046577 0
v -0.006029 -0.059483 0
v -0.011061 -0.066041 0
v -0.012913 -0.066513 0
v -0.014642 -0.066567 0
v -0.006547 -0.061544 0
v -0.007603 -0.063416 0
v -0.009137 -0.064958 0
v -0.116946 -0.046506 0
v -0.1189 -0.045577 0
v -0.12018 -0.044511 0
v -0.121206 -0.043275 0
v -0.123051 -0.039493 0
v -0.124889 -0.034368 0
v -0.129079 0.002877 0
v -0.128968 -0.006741 0
v -0.128554 -0.013882 0
v -0.127876 -0.020256 0
v -0.126948 -0.026017 0
v -0.125976 -0.030427 0
v -0.12864 0.012893 0
v -0.122666 0.040359 0
v -0.124503 0.035592 0
v -0.126359 0.028939 0
v -0.127779 0.021026 0
v -0.015286 -0.078549 0
v -0.014462 -0.077088 0
v -0.015132 -0.081843 0
v -0.012784 -0.084157 0
v -0.014176 -0.083222 0
v -0.013163 -0.076027 0
v -0.015519 -0.080211 0
v -0.141718 -0.042578 0
v -0.142402 -0.041045 0
v -0.141942 -0.03778 0
v -0.140862 -0.036496 0
v -0.13939 -0.035694 0
v -0.140524 -0.043755 0
v -0.138983 -0.044416 0
v -0.14248 -0.039369 0
v -0.13939 0.035694 0
v -0.140862 0.036496 0
v -0.141718 0.042578 0
v -0.140524 0.043755 0
v -0.141942 0.03778 0
v -0.14248 0.039369 0
v -0.138983 0.044416 0
v -0.142402 0.041045 0
v -0.015132 0.081843 0
v -0.014176 0.083222 0
v -0.012784 0.084157 0
v -0.013163 0.076027 0
v -0.014462 0.077088 0
v -0.015519 0.080211 0
v -0.015286 0.078549 0
v -0.004008 0.094174 0
v -0.122063 0.071006 0
v -0.137665 0.064101 0
v -0.13928 0.061696 0
v -0.134168 0.067535 0
v -0.13695 0.064383 0.003725
v -0.136573 0.065477 0
v -0.13573 0.066355 1E-06
v -0.132601 0.067847 0.004029
v -0.132437 0.068381 0
v -0.129292 0.069132 0.002419
v -0.127328 0.069893 0
v -0.130835 0.068951 0
v -0.142029 0.057327 0
v -0.135028 0.066945 0
v -0.150219 0.036598 0
v -0.148278 0.043324 0
v -0.153841 0.010576 0
v -0.154086 0.000105 0
v -0.146569 0.047966 0
v -0.153008 0.020778 0
v -0.14473 0.052225 0
v -0.15181 0.02909 0
v -0.150347 -0.036041 0
v -0.149649 -0.035253 0.007771
v -0.150064 -0.03345 0.007767
v -0.148869 -0.038399 0.007685
v -0.148995 -0.041015 0
v -0.153125 -0.002666 0.008353
v -0.153882 -0.009585 0
v -0.153111 -0.004658 0.008271
v -0.148109 -0.040928 0.007772
v -0.14715 -0.046519 0
v -0.147689 -0.042373 0.007649
v -0.153043 -0.007212 0.008236
v -0.146753 -0.045122 0.007653
v -0.152934 -0.010015 0.00819
v -0.15279 -0.012953 0.008082
v -0.153102 -0.020011 0
v -0.152641 -0.015144 0.008042
v -0.145825 -0.047541 0.007663
v -0.144676 -0.052334 0
v -0.145025 -0.049534 0.007568
v -0.152429 -0.017533 0.008053
v -0.152032 -0.021514 0.007932
v -0.143888 -0.052063 0.007501
v -0.151772 -0.029314 0
v -0.151608 -0.024756 0.007896
v -0.142016 -0.057348 0
v -0.142103 -0.0555 0.007537
v -0.151247 -0.027101 0.007895
v -0.150889 -0.029211 0.007867
v -0.140861 -0.057673 0.007461
v -0.150528 -0.031199 0.007798
v -0.138467 -0.062957 0
v -0.136791 -0.063936 0.007389
v -0.137547 -0.06288 0.00737
v -0.136638 -0.065406 0
v -0.136195 -0.064688 0.007402
v -0.131675 -0.068671 0
v -0.13153 -0.067879 0.007393
v -0.132912 -0.068183 1E-06
v -0.133905 -0.066758 0.007392
v -0.133814 -0.067733 1E-06
v -0.13279 -0.067343 0.007485
v -0.130822 -0.068573 0.003402
v -0.118533 -0.070871 0.007514
v -0.122708 -0.070057 0.007442
v -0.123951 -0.07063 0
v -0.135454 -0.065512 0.007386
v -0.129125 -0.069449 0
v -0.134695 -0.067188 1E-06
v -0.129445 -0.068527 0.007405
v -0.135651 -0.066427 0
v -0.13466 -0.066229 0.007386
v -0.126328 -0.069753 0.003316
v -0.126074 -0.069353 0.007412
v -0.128783 -0.069043 0.004442
v -0.139023 -0.060635 0.007357
v -0.087539 0.069969 0.008986
v -0.085416 0.065429 0.009082
v -0.085734 0.064998 0
v -0.086359 0.064461 0.009087
v -0.086616 0.069686 0.009001
v -0.086828 0.064213 0
v -0.08623 0.06945 0
v -0.085616 0.068857 0.009026
v -0.085352 0.068457 0
v -0.08506 0.067696 0.00905
v -0.085009 0.067351 0
v -0.085021 0.066552 0.009069
v -0.085088 0.066185 0
v -0.00378 -0.093287 0.008456
v -0.003246 -0.094315 0
v -0.085364 -0.068442 0
v -0.085973 -0.069244 0
v -0.085416 -0.068571 0.009032
v -0.087539 -0.064031 0.00908
v -0.086359 -0.069539 0.009006
v -0.086961 -0.064147 0
v -0.086616 -0.064314 0.009086
v -0.087144 -0.069899 0
v -0.085735 -0.064998 0
v -0.085617 -0.065143 0.009084
v -0.085097 -0.066157 0
v -0.08506 -0.066304 0.009072
v -0.085015 -0.067484 0
v -0.085021 -0.067448 0.009055
v -0.003013 -0.092642 0.009429
v -0.11721 -0.069929 0.008639
v -0.118188 -0.070169 0.008474
v -0.003998 -0.091961 0.009576
v -0.118355 -0.070344 0.008344
v -0.003407 -0.092958 0.009146
v -0.118082 -0.070675 0.008081
v -0.003808 -0.093112 0.008845
v -0.117926 -0.070894 0.00778
v -0.122082 -0.069205 0.008532
v -0.121955 -0.069601 0.008341
v -0.120557 -0.069894 0.008342
v -0.120504 -0.069251 0.008612
v -0.124772 -0.068391 0.008575
v -0.120378 -0.069632 0.008511
v -0.118812 -0.069811 0.00857
v -0.1195 -0.070509 0.007911
v -0.119034 -0.070381 0.008192
v -0.140011 -0.058642 0.007925
v -0.139348 -0.059352 0.008143
v -0.140036 -0.058152 0.008213
v -0.139185 -0.058309 0.008551
v -0.138214 -0.060085 0.008495
v -0.137794 -0.060268 0.008559
v -0.138838 -0.059456 0.008417
v -0.139641 -0.058407 0.008364
v -0.138752 -0.060219 0.008182
v -0.138097 -0.060708 0.008382
v -0.137232 -0.061659 0.00847
v -0.138136 -0.061195 0.008164
v -0.137272 -0.062482 0.008171
v -0.136609 -0.062734 0.008431
v -0.136769 -0.061787 0.008549
v -0.136171 -0.063921 0.008206
v -0.136545 -0.06395 0.007846
v -0.135281 -0.064982 0.008195
v -0.135423 -0.065234 0.007883
v -0.134628 -0.065731 0.008098
v -0.134491 -0.065446 0.008345
v -0.133881 -0.066574 0.007806
v -0.134764 -0.065905 0.007822
v -0.133701 -0.066325 0.008176
v -0.126867 -0.068554 0.008312
v -0.125334 -0.069071 0.008181
v -0.12528 -0.068768 0.008404
v -0.126092 -0.068277 0.00853
v -0.128947 -0.067352 0.008552
v -0.133359 -0.066026 0.008439
v -0.134384 -0.06497 0.008514
v -0.124753 -0.069399 0.007952
v -0.125802 -0.069295 0.007738
v -0.123999 -0.069732 0.007626
v -0.124494 -0.069124 0.00829
v -0.132666 -0.067067 0.008018
v -0.132504 -0.066209 0.008523
v -0.123288 -0.069531 0.008166
v -0.123511 -0.069019 0.008482
v -0.132509 -0.066741 0.008329
v -0.120991 -0.07009 0.008078
v -0.131326 -0.067788 0.007784
v -0.13124 -0.067502 0.008161
v -0.121764 -0.07009 0.007848
v -0.131142 -0.067109 0.008425
v -0.129343 -0.068403 0.007787
v -0.129268 -0.068107 0.008178
v -0.129156 -0.067713 0.008442
v -0.126623 -0.068938 0.008009
v -0.135522 -0.064093 0.008444
v -0.139286 -0.059816 0.007893
v -0.139794 -0.059263 0.007641
v -0.138726 -0.060964 0.007608
v -0.138182 -0.061535 0.007888
v -0.138003 -0.062069 0.007609
v -0.137437 -0.062786 0.007763
v -0.13509 -0.064052 0.008535
v -0.135912 -0.064847 0.007706
v -0.122997 -0.069842 0.007833
v -0.140148 -0.056531 0.008588
v -0.152501 -0.01569 0.008282
v -0.148857 -0.036038 0.008579
v -0.148423 -0.036937 0.008684
v -0.148359 -0.035954 0.00881
v -0.152066 -0.013336 0.008965
v -0.152192 -0.013851 0.008855
v -0.151699 -0.014614 0.009074
v -0.151744 -0.012791 0.009128
v -0.149304 -0.035464 0.008313
v -0.148989 -0.036853 0.008262
v -0.149332 -0.034184 0.008583
v -0.152597 -0.013436 0.008442
v -0.152417 -0.014679 0.008562
v -0.149654 -0.034021 0.00831
v -0.147684 -0.0419 0.008021
v -0.147918 -0.040734 0.00821
v -0.152669 -0.012519 0.00843
v -0.152384 -0.012739 0.008775
v -0.149532 -0.035358 0.008
v -0.15254 -0.011385 0.008713
v -0.152308 -0.010501 0.00896
v -0.149567 -0.032273 0.008713
v -0.148361 -0.039404 0.008153
v -0.148624 -0.038856 0.007984
v -0.152753 -0.011208 0.008436
v -0.152549 -0.009812 0.008811
v -0.150074 -0.032074 0.00833
v -0.149848 -0.032067 0.00856
v -0.149926 -0.03361 0.008035
v -0.152806 -0.009456 0.008514
v -0.150261 -0.032087 0.008034
v -0.149127 -0.037009 0.007982
v -0.15224 -0.009245 0.009058
v -0.152678 -0.008734 0.008739
v -0.152495 -0.007763 0.008956
v -0.152284 -0.007448 0.009097
v -0.148593 -0.03784 0.008402
v -0.152926 -0.0087 0.00837
v -0.150439 -0.030947 0.00815
v -0.152817 -0.00734 0.008654
v -0.152725 -0.005699 0.008842
v -0.152982 -0.005937 0.008478
v -0.150261 -0.030372 0.008514
v -0.14347 -0.051023 0.008525
v -0.14154 -0.054899 0.008475
v -0.141516 -0.054027 0.008619
v -0.142921 -0.051233 0.008648
v -0.149877 -0.030299 0.00878
v -0.150419 -0.02905 0.008602
v -0.14374 -0.051357 0.008262
v -0.141922 -0.05494 0.008238
v -0.142597 -0.054314 0.007861
v -0.152497 -0.005192 0.009046
v -0.150582 -0.029709 0.008302
v -0.144156 -0.051157 0.007887
v -0.152879 -0.003227 0.008755
v -0.152877 -0.004384 0.008721
v -0.152605 -0.003557 0.009016
v -0.152553 -0.002743 0.009076
v -0.152221 -0.004408 0.009206
v -0.152086 -0.002632 0.009289
v -0.150834 -0.028767 0.00818
v -0.14136 -0.056637 0.007742
v -0.14089 -0.057066 0.008049
v -0.141714 -0.055804 0.007943
v -0.150548 -0.026418 0.008831
v -0.150898 -0.026115 0.008649
v -0.15041 -0.028127 0.008732
v -0.150863 -0.027332 0.008487
v -0.145292 -0.047471 0.008398
v -0.145564 -0.046071 0.008571
v -0.146117 -0.045833 0.008254
v -0.146183 -0.046284 0.007955
v -0.146673 -0.044768 0.008063
v -0.151227 -0.026683 0.008133
v -0.150935 -0.027798 0.008301
v -0.151385 -0.025579 0.008157
v -0.151139 -0.025757 0.008476
v -0.147415 -0.041719 0.008401
v -0.147397 -0.042424 0.008184
v -0.146914 -0.041544 0.008707
v -0.145355 -0.045527 0.008703
v -0.146898 -0.042397 0.008593
v -0.146038 -0.044789 0.008585
v -0.150818 -0.024508 0.008864
v -0.151213 -0.02455 0.0086
v -0.1479 -0.037522 0.0088
v -0.14824 -0.037999 0.008621
v -0.147483 -0.039165 0.008774
v -0.1462 -0.045233 0.008385
v -0.151439 -0.024398 0.008365
v -0.150907 -0.023677 0.008886
v -0.150473 -0.024276 0.008984
v -0.151281 -0.023275 0.008701
v -0.151619 -0.024018 0.008148
v -0.151126 -0.022452 0.008881
v -0.150849 -0.021361 0.009025
v -0.151528 -0.020484 0.008811
v -0.151554 -0.021687 0.008666
v -0.151195 -0.021116 0.00894
v -0.152012 -0.011793 0.009066
v -0.151801 -0.022373 0.008244
v -0.151482 -0.023161 0.008533
v -0.151948 -0.010167 0.009149
v -0.148019 -0.039768 0.008412
v -0.151862 -0.020742 0.00847
v -0.151993 -0.021039 0.008186
v -0.151655 -0.017078 0.008979
v -0.151263 -0.017532 0.009077
v -0.151435 -0.015303 0.009115
v -0.152278 -0.015921 0.008597
v -0.151818 -0.015979 0.008958
v -0.152036 -0.017126 0.008725
v -0.152283 -0.017182 0.008425
v -0.151743 -0.01045 0.009187
v -0.152114 -0.015477 0.008797
v -0.15286 -0.0112 0.008191
v -0.139887 -0.057384 0.008524
v -0.140776 -0.056187 0.008479
v -0.1519 -0.007779 0.009221
v -0.152167 -0.005715 0.009194
v -0.144214 -0.048651 0.008652
v -0.144777 -0.046995 0.008688
v -0.145099 -0.047275 0.008554
v -0.151862 -0.0054 0.009274
v -0.140599 -0.057033 0.008304
v -0.141332 -0.055917 0.008261
v -0.140964 -0.055125 0.0086
v -0.144497 -0.049013 0.00848
v -0.144334 -0.049847 0.008345
v -0.143685 -0.049906 0.00863
v -0.144524 -0.050044 0.008081
v -0.145026 -0.04917 0.00792
v -0.145005 -0.048624 0.008237
v -0.145555 -0.047564 0.008126
v -0.146926 -0.040815 0.008763
v -0.147328 -0.040903 0.008632
v -0.147773 -0.039558 0.008621
v -0.149005 -0.034176 0.008753
v -0.148762 -0.034003 0.008846
v -0.149183 -0.032145 0.008868
v -0.149544 -0.030218 0.008897
v -0.149968 -0.028294 0.008909
v -0.150227 -0.026268 0.008951
v -0.135631 -0.010175 0.00972
v -0.135794 -0.012701 0.00953
v -0.135197 -0.013505 0.009724
v -0.137159 -0.005265 0.009469
v -0.137239 -0.0028 0.009506
v -0.137563 -0.005627 0.009441
v -0.136603 -0.002482 0.009632
v -0.134814 -0.013284 0.009949
v -0.134408 -0.013326 0.010245
v -0.135166 -0.010977 0.009905
v -0.135202 -0.002203 0.010346
v -0.135627 -0.001918 0.010059
v -0.135414 -0.003473 0.010148
v -0.134664 -0.010964 0.010252
v -0.134515 -0.010048 0.010467
v -0.13387 -0.014555 0.010608
v -0.133606 -0.013267 0.011143
v -0.133967 -0.011058 0.010973
v -0.133709 -0.005425 0.01237
v -0.133804 -0.002762 0.012405
v -0.135218 -0.009093 0.009995
v -0.133536 -0.028802 0.009238
v -0.134285 -0.028569 0.009123
v -0.133259 -0.032937 0.009064
v -0.132554 -0.030704 0.009399
v -0.132877 -0.031575 0.009203
v -0.130905 -0.027733 0.01196
v -0.130429 -0.030446 0.011528
v -0.134817 -0.003033 0.010655
v -0.134822 -0.005253 0.010538
v -0.134178 -0.00606 0.011244
v -0.131316 -0.025739 0.011968
v -0.131574 -0.025599 0.011399
v -0.128499 -0.042345 0.009325
v -0.12949 -0.039827 0.009389
v -0.129596 -0.041348 0.00911
v -0.135345 -0.022678 0.009209
v -0.134798 -0.02235 0.009316
v -0.135015 -0.020551 0.009355
v -0.128918 -0.040585 0.009514
v -0.134141 -0.004554 0.011444
v -0.134221 -0.002348 0.011457
v -0.134408 -0.003588 0.01111
v -0.134303 -0.021637 0.009532
v -0.128344 -0.04087 0.00981
v -0.130586 -0.032302 0.010497
v -0.131196 -0.029795 0.010552
v -0.131366 -0.030067 0.010294
v -0.130592 -0.030987 0.010965
v -0.126983 -0.04194 0.010642
v -0.128037 -0.039722 0.010553
v -0.127983 -0.04086 0.010111
v -0.129615 -0.038572 0.009594
v -0.126618 -0.041876 0.011267
v -0.127726 -0.039613 0.011067
v -0.134325 -0.020482 0.009616
v -0.135772 -0.019957 0.009247
v -0.135647 -0.018302 0.009319
v -0.132076 -0.027496 0.010193
v -0.13248 -0.028689 0.009688
v -0.131786 -0.029794 0.009981
v -0.135216 -0.018263 0.009424
v -0.127458 -0.039511 0.011741
v -0.126439 -0.041793 0.011806
v -0.129677 -0.036705 0.010038
v -0.131921 -0.025512 0.010843
v -0.131224 -0.028667 0.010863
v -0.130015 -0.037041 0.009697
v -0.13268 -0.027214 0.00978
v -0.132812 -0.025597 0.00993
v -0.129239 -0.036426 0.010601
v -0.128927 -0.036328 0.011113
v -0.13104 -0.035073 0.009488
v -0.128654 -0.03625 0.011786
v -0.134566 -0.018628 0.009653
v -0.134968 -0.016186 0.009646
v -0.135919 -0.01572 0.009366
v -0.135571 -0.015045 0.009485
v -0.136789 -0.010763 0.009386
v -0.133216 -0.022272 0.010118
v -0.133062 -0.021055 0.010459
v -0.133555 -0.020412 0.010103
v -0.136159 -0.011043 0.009491
v -0.13653 -0.005759 0.00957
v -0.131032 -0.034403 0.009612
v -0.133335 -0.018242 0.010637
v -0.132802 -0.020803 0.010808
v -0.136245 -0.009204 0.009538
v -0.133787 -0.018352 0.010181
v -0.132785 -0.018209 0.011463
v -0.133092 -0.017686 0.011065
v -0.135857 -0.005644 0.009817
v -0.133375 -0.015758 0.011033
v -0.134049 -0.015996 0.010252
v -0.13532 -0.005633 0.010122
v -0.133659 -0.011021 0.011461
v -0.131116 -0.032218 0.010005
v -0.134274 -0.009042 0.010819
v -0.132278 -0.033697 0.009181
v -0.133762 -0.009295 0.011553
v -0.133929 -0.005247 0.011804
v -0.131684 -0.031885 0.009668
v -0.129858 -0.033246 0.011157
v -0.133445 -0.010197 0.012147
v -0.134703 -0.001916 0.010807
v -0.129812 -0.032391 0.011818
v -0.132105 -0.030464 0.009645
v -0.136109 -0.002035 0.009815
v -0.133906 -0.025939 0.009342
v -0.133171 -0.027848 0.009446
v -0.133323 -0.025831 0.009588
v -0.131104 -0.028009 0.011314
v -0.132324 -0.025673 0.010333
v -0.13157 -0.026462 0.011077
v -0.134033 -0.002125 0.011832
v -0.132425 -0.019218 0.011986
v -0.132191 -0.021567 0.011638
v -0.132571 -0.020149 0.011322
v -0.133658 -0.022411 0.009784
v -0.132958 -0.015892 0.011774
v -0.133264 -0.013231 0.011806
v -0.133947 -0.020568 0.009811
v -0.136512 -0.013634 0.009343
v -0.133147 -0.012376 0.012477
v -0.134482 -0.015973 0.009927
v -0.134174 -0.018165 0.009917
v -0.136151 -0.004085 0.00974
v -0.134705 -0.025197 0.009194
v -0.130576 -0.044177 0.008909
v -0.131521 -0.04551 0.008877
v -0.136593 -0.031605 0.00904
v -0.132729 -0.046698 0.008845
v -0.134719 -0.032135 0.009053
v -0.13463 -0.047827 0.008805
v -0.136727 -0.048426 0.008772
v -0.12985 -0.042454 0.008964
v -0.003264 -0.076421 0.009836
v -0.002585 -0.078639 0.009808
v -0.008609 -0.08818 0.009589
v -0.010221 -0.088469 0.009566
v -0.002508 -0.080531 0.009779
v -0.008282 -0.071921 0.00985
v -0.002805 -0.082337 0.009747
v -0.006226 -0.072938 0.009858
v -0.003759 -0.084509 0.009702
v -0.00451 -0.074474 0.009853
v -0.005086 -0.086121 0.009661
v -0.006595 -0.087295 0.009626
v -0.108845 -0.06578 0.008812
v -0.108999 -0.065873 0
v -0.109609 -0.066068 0.008799
v -0.108756 -0.062278 0
v -0.108618 -0.062388 0.008868
v -0.108044 -0.063172 0
v -0.108107 -0.063079 0.008863
v -0.107879 -0.063891 0.008853
v -0.107893 -0.064156 0
v -0.108112 -0.064969 0.008833
v -0.108183 -0.065098 0
v -0.119522 -0.048959 0.010902
v -0.11813 -0.049266 0.01144
v -0.11943 -0.048608 0.011752
v -0.126918 -0.042994 0.010102
v -0.126265 -0.042983 0.010805
v -0.125133 -0.044773 0.010662
v -0.125431 -0.043731 0.011371
v -0.120971 -0.04769 0.012013
v -0.12006 -0.048132 0.012474
v -0.121486 -0.047244 0.012523
v -0.123544 -0.046282 0.01083
v -0.122552 -0.047815 0.010131
v -0.122219 -0.047375 0.010852
v -0.124045 -0.046828 0.00992
v -0.118239 -0.049584 0.010773
v -0.121202 -0.048916 0.009945
v -0.120821 -0.050014 0.009409
v -0.119411 -0.050126 0.009753
v -0.12669 -0.045999 0.009127
v -0.124674 -0.047491 0.009302
v -0.126224 -0.045637 0.009394
v -0.118281 -0.048947 0.01238
v -0.116941 -0.049562 0.011645
v -0.117073 -0.04934 0.012606
v -0.128201 -0.043816 0.009139
v -0.124424 -0.045046 0.011298
v -0.12488 -0.044099 0.012077
v -0.125201 -0.048068 0.009014
v -0.119124 -0.05263 0.00891
v -0.122638 -0.050527 0.008937
v -0.125165 -0.049029 0.008901
v -0.125488 -0.045052 0.010108
v -0.122966 -0.048376 0.009535
v -0.127512 -0.043314 0.009546
v -0.122056 -0.047039 0.011692
v -0.120717 -0.048066 0.011381
v -0.123531 -0.045723 0.011811
v -0.124205 -0.044847 0.012359
v -0.12287 -0.049506 0.009122
v -0.119792 -0.050989 0.009202
v -0.128102 -0.045566 0.008931
v -0.119233 -0.049702 0.010174
v -0.125841 -0.045335 0.00971
v -0.115993 -0.049607 0.012466
v -0.119994 -0.051461 0.009023
v -0.123233 -0.045802 0.012772
v -0.120888 -0.04836 0.010725
v -0.116531 -0.050098 0.0108
v -0.122642 -0.046372 0.012392
v -0.11663 -0.050541 0.010203
v -0.115837 -0.049881 0.011503
v -0.118016 -0.051157 0.009431
v -0.119435 -0.048419 0.013168
v -0.116795 -0.050972 0.009778
v -0.125416 -0.043284 0.012325
v -0.116773 -0.05164 0.009353
v -0.124723 -0.044111 0.013312
v -0.117073 -0.052411 0.009043
v -0.122509 -0.045576 0.02429
v -0.122039 -0.045994 0.025162
v -0.122962 -0.045 0.024627
v -0.105987 -0.050889 0.058896
v -0.117382 -0.049156 0.02053
v -0.116333 -0.049487 0.020567
v -0.116388 -0.049465 0.022231
v -0.117908 -0.04892 0.023186
v -0.118611 -0.04865 0.020611
v -0.121931 -0.046559 0.019152
v -0.12155 -0.046967 0.017348
v -0.12073 -0.047468 0.019603
v -0.107278 -0.050585 0.058432
v -0.120775 -0.047354 0.021303
v -0.120765 -0.047222 0.02412
v -0.121397 -0.046885 0.021146
v -0.120112 -0.047811 0.021175
v -0.107815 -0.050699 0.05755
v -0.11766 -0.049075 0.019153
v -0.109497 -0.050443 0.055903
v -0.109902 -0.050467 0.054997
v -0.111731 -0.049774 0.054086
v -0.111804 -0.05005 0.052665
v -0.121023 -0.047433 0.015301
v -0.120759 -0.047537 0.01724
v -0.119993 -0.04808 0.01503
v -0.121832 -0.046345 0.023557
v -0.123079 -0.045212 0.021731
v -0.122287 -0.046094 0.021251
v -0.119533 -0.048222 0.0191
v -0.118261 -0.048847 0.018485
v -0.113383 -0.049448 0.051306
v -0.119447 -0.04823 0.02036
v -0.113596 -0.049622 0.049818
v -0.124141 -0.043728 0.022288
v -0.123818 -0.044377 0.020997
v -0.12348 -0.044611 0.022626
v -0.11516 -0.048991 0.047779
v -0.118894 -0.048591 0.016943
v -0.117578 -0.049126 0.016981
v -0.116105 -0.049561 0.015711
v -0.115846 -0.049609 0.018036
v -0.115432 -0.049206 0.045191
v -0.116952 -0.04934 0.015656
v -0.119824 -0.048105 0.017334
v -0.122591 -0.045928 0.019634
v -0.123754 -0.044654 0.019483
v -0.115475 -0.049423 0.042325
v -0.11409 -0.049735 0.046662
v -0.116322 -0.048944 0.042694
v -0.12247 -0.046427 0.01378
v -0.117714 -0.049097 0.015519
v -0.123467 -0.04507 0.018753
v -0.122847 -0.045764 0.018405
v -0.11722 -0.048753 0.038496
v -0.115863 -0.049362 0.040191
v -0.116382 -0.049064 0.04087
v -0.118061 -0.047688 0.041959
v -0.116533 -0.049161 0.037793
v -0.124436 -0.043603 0.020285
v -0.118885 -0.048635 0.014857
v -0.093201 -0.053287 0.061956
v -0.088894 -0.053984 0.063362
v -0.091363 -0.053481 0.063118
v -0.097981 -0.05243 0.060914
v -0.124746 -0.043445 0.018282
v -0.125108 -0.042679 0.019194
v -0.123057 -0.045719 0.016381
v -0.122191 -0.046466 0.016975
v -0.115378 -0.049629 0.036868
v -0.115915 -0.049498 0.034204
v -0.121971 -0.046785 0.01454
v -0.116883 -0.049128 0.03414
v -0.118824 -0.047553 0.038458
v -0.118271 -0.048161 0.037159
v -0.118189 -0.048002 0.039237
v -0.124027 -0.044588 0.017031
v -0.119925 -0.046731 0.036607
v -0.119636 -0.047239 0.035152
v -0.118932 -0.0478 0.035606
v -0.120629 -0.046336 0.034334
v -0.118107 -0.048969 0.014135
v -0.11954 -0.047521 0.033366
v -0.118937 -0.047943 0.03398
v -0.118456 -0.048394 0.031971
v -0.118023 -0.048491 0.035
v -0.11657 -0.049312 0.031497
v -0.11579 -0.049584 0.029386
v -0.115799 -0.049566 0.031166
v -0.11722 -0.049104 0.029191
v -0.120362 -0.046853 0.032679
v -0.121108 -0.047451 0.013756
v -0.125748 -0.042345 0.014887
v -0.125292 -0.042687 0.017458
v -0.12001 -0.047349 0.030976
v -0.11798 -0.04872 0.03045
v -0.119126 -0.048012 0.031077
v -0.118943 -0.048209 0.029623
v -0.123385 -0.045542 0.014331
v -0.120691 -0.046756 0.030792
v -0.115382 -0.049686 0.028636
v -0.116374 -0.049424 0.027861
v -0.115614 -0.049645 0.024529
v -0.119733 -0.047673 0.029512
v -0.119494 -0.047955 0.027436
v -0.116883 -0.04927 0.026518
v -0.120601 -0.04699 0.029229
v -0.118903 -0.048344 0.026756
v -0.117866 -0.048868 0.027224
v -0.116813 -0.049321 0.024143
v -0.121242 -0.046425 0.028838
v -0.121179 -0.046095 0.031898
v -0.118154 -0.04877 0.025485
v -0.122294 -0.045158 0.029185
v -0.121887 -0.045733 0.028749
v -0.104736 -0.051422 0.057976
v -0.09901 -0.052352 0.059842
v -0.105772 -0.051155 0.058266
v -0.120355 -0.047357 0.027128
v -0.12118 -0.046717 0.0264
v -0.11671 -0.049421 0.014337
v -0.119957 -0.047719 0.025887
v -0.119053 -0.048322 0.024846
v -0.122139 -0.04569 0.02691
v -0.119957 -0.047793 0.024163
v -0.125701 -0.042687 0.013346
v -0.125096 -0.04346 0.014476
v -0.119289 -0.048258 0.022591
v -0.122876 -0.044692 0.027336
v -0.122816 -0.044977 0.026075
v -0.107457 -0.050958 0.056796
v -0.10977 -0.050606 0.053893
v -0.075952 -0.056083 0.067364
v -0.123635 -0.044047 0.024764
v -0.104062 -0.051223 0.059527
v -0.116475 -0.048582 0.044653
v -0.117282 -0.048176 0.043169
v -0.116667 -0.049398 0.01845
v -0.117385 -0.048355 0.041445
v -0.117339 -0.048553 0.040003
v -0.11182 -0.050193 0.051485
v -0.11489 -0.049771 0.034745
v -0.112152 -0.050217 0.04919
v -0.117564 -0.048818 0.033667
v -0.113823 -0.049941 0.043622
v -0.114707 -0.049653 0.043885
v -0.124887 -0.043581 0.015886
v -0.124087 -0.044752 0.01471
v -0.083939 -0.054777 0.06502
v -0.079368 -0.055535 0.044041
v -0.086364 -0.054402 0.044051
v -0.078418 -0.055689 0.044639
v -0.077954 -0.055764 0.045534
v -0.077943 -0.055766 0.050409
v -0.078446 -0.055684 0.051409
v -0.079455 -0.055521 0.051972
v -0.086242 -0.054422 0.051968
v -0.087103 -0.054282 0.051544
v -0.087734 -0.05418 0.050593
v -0.087762 -0.054175 0.045557
v -0.087291 -0.054252 0.044639
v -0.036549 -0.06247 0.059025
v -0.043461 -0.061351 0.059057
v -0.035562 -0.06263 0.059534
v -0.035014 -0.062719 0.060534
v -0.035006 -0.06272 0.065443
v -0.035536 -0.062634 0.066435
v -0.036515 -0.062476 0.066972
v -0.043302 -0.061377 0.066968
v -0.044267 -0.06122 0.066466
v -0.044814 -0.061132 0.065466
v -0.044809 -0.061132 0.060468
v -0.044302 -0.061214 0.059602
v -0.043161 -0.061399 0.029013
v -0.036645 -0.062455 0.029018
v -0.035875 -0.062579 0.029299
v -0.035321 -0.062669 0.029867
v -0.035014 -0.062719 0.030534
v -0.035003 -0.062721 0.035409
v -0.035429 -0.062652 0.036304
v -0.036391 -0.062496 0.036953
v -0.043302 -0.061377 0.036968
v -0.044267 -0.06122 0.036466
v -0.044814 -0.061132 0.035466
v -0.044822 -0.06113 0.030556
v -0.044507 -0.061181 0.029867
v -0.043953 -0.061271 0.029299
v -0.056036 -0.059217 0.073476
v -0.0557 -0.059268 0.073572
v -0.055444 -0.059396 0.073338
v -0.036428 0.06249 0.040959
v -0.043461 0.061351 0.040943
v -0.035572 0.062629 0.040445
v -0.035025 0.062717 0.039569
v -0.035014 0.062719 0.034534
v -0.035478 0.062644 0.033639
v -0.036428 0.06249 0.033041
v -0.043302 0.061377 0.033032
v -0.044267 0.06122 0.033534
v -0.044822 0.06113 0.034557
v -0.044819 0.061131 0.039432
v -0.044399 0.061199 0.040304
v -0.076035 0.056075 0.040975
v -0.082787 0.054981 0.040968
v -0.075151 0.056218 0.040544
v -0.07451 0.056322 0.039569
v -0.07452 0.05632 0.034407
v -0.075151 0.056218 0.033456
v -0.076035 0.056075 0.033024
v -0.082947 0.054956 0.033057
v -0.083788 0.054819 0.033602
v -0.084295 0.054737 0.034468
v -0.084279 0.05474 0.039593
v -0.083648 0.054842 0.040544
v -0.07182 0.056758 0.039133
v -0.071176 0.056862 0.041453
v -0.07008 0.057039 0.043567
v -0.068595 0.05728 0.045449
v -0.066773 0.057575 0.046964
v -0.064682 0.057914 0.048113
v -0.062422 0.05828 0.04879
v -0.060404 0.058607 0.04901
v -0.058032 0.058991 0.048831
v -0.056112 0.059302 0.048286
v -0.054542 0.059556 0.047584
v -0.052372 0.059908 0.046094
v -0.050607 0.060193 0.04413
v -0.049394 0.06039 0.042083
v -0.04862 0.060515 0.039804
v -0.048349 0.060559 0.038088
v -0.056295 0.059266 0.073011
v -0.116408 0.048577 0.044957
v -0.115653 0.048949 0.046077
v -0.113931 0.049858 0.045328
v -0.114135 0.04971 0.046611
v -0.112419 0.050148 0.049202
v -0.125374 0.042725 0.016442
v -0.118782 0.048566 0.020822
v -0.117729 0.049026 0.020816
v -0.117964 0.04898 0.01714
v -0.122488 0.046084 0.018801
v -0.121477 0.046928 0.019294
v -0.121794 0.046746 0.018003
v -0.113377 0.050018 0.044997
v -0.115975 0.049577 0.01938
v -0.116087 0.049536 0.022581
v -0.115398 0.049695 0.017724
v -0.117146 0.048326 0.042953
v -0.116771 0.049377 0.017808
v -0.116998 0.049273 0.022262
v -0.114912 0.049617 0.043085
v -0.120724 0.047517 0.018384
v -0.125571 0.042625 0.015069
v -0.117931 0.047967 0.041027
v -0.11426 0.049871 0.040716
v -0.122178 0.046508 0.01648
v -0.122903 0.045859 0.016379
v -0.118871 0.047535 0.038312
v -0.118047 0.048152 0.03892
v -0.117225 0.048521 0.041069
v -0.115173 0.049617 0.040338
v -0.116249 0.049169 0.040382
v -0.117498 0.048612 0.038101
v -0.11719 0.049254 0.016911
v -0.119334 0.047347 0.036545
v -0.116722 0.049069 0.037777
v -0.124885 0.043342 0.017561
v -0.125131 0.043458 0.014075
v -0.115614 0.049522 0.038277
v -0.123605 0.045198 0.01571
v -0.124461 0.044322 0.014476
v -0.124377 0.044211 0.016392
v -0.119495 0.048311 0.016363
v -0.120773 0.047566 0.016223
v -0.119845 0.048077 0.017972
v -0.120087 0.046864 0.034692
v -0.118068 0.048412 0.035774
v -0.118595 0.048008 0.036192
v -0.117326 0.048873 0.035342
v -0.123865 0.045038 0.014318
v -0.123166 0.0458 0.013769
v -0.122141 0.046686 0.013935
v -0.118839 0.048603 0.017647
v -0.121641 0.046963 0.015957
v -0.121211 0.047365 0.013976
v -0.119436 0.047772 0.0313
v -0.118833 0.048062 0.033355
v -0.118708 0.048293 0.030915
v -0.120198 0.047967 0.014775
v -0.116061 0.049569 0.015178
v -0.117059 0.049313 0.014886
v -0.117746 0.048771 0.032421
v -0.117141 0.049099 0.031065
v -0.117652 0.04891 0.029458
v -0.118349 0.048857 0.015302
v -0.11947 0.048381 0.013868
v -0.107723 0.050549 0.058055
v -0.122137 0.04574 0.026496
v -0.122916 0.044891 0.025762
v -0.12209 0.04555 0.028355
v -0.121398 0.046679 0.024326
v -0.121529 0.046352 0.02677
v -0.120781 0.047059 0.026487
v -0.115708 0.049213 0.043605
v -0.116407 0.048912 0.042516
v -0.115959 0.049453 0.035988
v -0.120993 0.046192 0.032613
v -0.118504 0.048617 0.024653
v -0.118152 0.048743 0.026597
v -0.117202 0.049149 0.026855
v -0.116723 0.049199 0.03402
v -0.118114 0.048505 0.033793
v -0.117416 0.049094 0.02496
v -0.107762 0.050916 0.056408
v -0.105714 0.05126 0.057686
v -0.109911 0.050585 0.053544
v -0.115443 0.049664 0.030247
v -0.115744 0.049559 0.033797
v -0.114973 0.049755 0.034745
v -0.116276 0.049405 0.032287
v -0.121678 0.045679 0.030739
v -0.121398 0.046151 0.029756
v -0.118526 0.048521 0.027712
v -0.120975 0.046634 0.029338
v -0.120502 0.047181 0.027962
v -0.11623 0.049456 0.029621
v -0.115975 0.049542 0.027987
v -0.11915 0.048218 0.026267
v -0.119431 0.04797 0.0281
v -0.120309 0.047489 0.025489
v -0.067767 0.05741 0.069826
v -0.086169 0.054427 0.064209
v -0.124016 0.043751 0.023184
v -0.123481 0.044464 0.02359
v -0.122618 0.045416 0.024629
v -0.097969 0.052518 0.060293
v -0.095475 0.052876 0.061539
v -0.100737 0.051818 0.060493
v -0.115417 0.049684 0.026212
v -0.10445 0.051353 0.058814
v -0.101208 0.051958 0.059527
v -0.122773 0.045389 0.023317
v -0.105563 0.050895 0.059184
v -0.116462 0.049412 0.02621
v -0.123516 0.044608 0.022276
v -0.108426 0.0507 0.056619
v -0.106781 0.050945 0.057925
v -0.116479 0.049425 0.024178
v -0.10944 0.050295 0.056539
v -0.120805 0.047239 0.023224
v -0.121398 0.046809 0.022512
v -0.12227 0.046068 0.021747
v -0.122019 0.046095 0.024316
v -0.118178 0.0488 0.023391
v -0.110858 0.050199 0.054245
v -0.109429 0.050603 0.05507
v -0.110928 0.050358 0.052906
v -0.122908 0.045387 0.021892
v -0.124746 0.043087 0.020394
v -0.112557 0.04996 0.050956
v -0.11255 0.049721 0.052362
v -0.121347 0.046954 0.020738
v -0.114343 0.049275 0.049199
v -0.1197 0.048022 0.022548
v -0.114678 0.049802 0.03726
v -0.114413 0.049469 0.04771
v -0.122933 0.045518 0.020263
v -0.119278 0.04766 0.034176
v -0.123582 0.044801 0.020004
v -0.11831 0.048761 0.02222
v -0.124292 0.043919 0.019551
v -0.120273 0.047003 0.032156
v -0.123751 0.04475 0.01866
v -0.123209 0.045413 0.018102
v -0.120303 0.047708 0.020619
v -0.120008 0.047306 0.031443
v -0.124006 0.044584 0.017339
v -0.119501 0.048203 0.020292
v -0.106208 0.050895 0.058705
v -0.11955 0.048044 0.024483
v -0.111344 0.049882 0.054488
v -0.037528 -0.04106 0.135411
v -0.035896 -0.04168 0.14
v -0.039121 -0.038687 0.14
v -0.048487 -0.039422 0.110553
v -0.04932 -0.038833 0.11017
v -0.049467 -0.041032 0.106848
v -0.051979 -0.051264 0.090495
v -0.055032 -0.050097 0.090376
v -0.056321 -0.052022 0.086956
v -0.068221 -0.019536 0.103551
v -0.067996 -0.022618 0.102746
v -0.063686 -0.010137 0.109456
v -0.064165 -0.008033 0.109257
v -0.065819 -0.009825 0.107488
v -0.065074 -0.028032 0.102664
v -0.066407 -0.025771 0.102704
v -0.066184 -0.030048 0.100865
v -0.056461 -0.002748 0.124381
v -0.056991 -0.001012 0.122442
v -0.056988 -0.004589 0.122074
v -0.057212 -0.010934 0.119605
v -0.058266 -0.007418 0.118017
v -0.058229 -0.011461 0.117029
v -0.057561 -0.007167 0.119812
v -0.054806 -0.016801 0.123576
v -0.05544 -0.013501 0.123918
v -0.056016 -0.014067 0.121554
v -0.05537 -0.017491 0.121153
v -0.054573 -0.020831 0.120656
v -0.056054 -0.018184 0.118815
v -0.055243 -0.021641 0.11824
v -0.061782 -0.038557 0.098382
v -0.064392 -0.036828 0.09794
v -0.05428 -0.028939 0.113802
v -0.055163 -0.026314 0.114568
v -0.055597 -0.028649 0.111955
v -0.064619 -0.016796 0.107192
v -0.065521 -0.013469 0.107163
v -0.068088 -0.014535 0.104836
v -0.067838 -0.017011 0.104486
v -0.06278 -0.040998 0.095695
v -0.047287 -0.046022 0.101931
v -0.048122 -0.042976 0.105675
v -0.049412 -0.044342 0.10226
v -0.051579 -0.022427 0.130001
v -0.052482 -0.022155 0.126189
v -0.051696 -0.024525 0.125574
v -0.064176 -0.043253 0.092759
v -0.059766 -0.043126 0.095616
v -0.062248 -0.00561 0.111639
v -0.063716 -0.001313 0.110157
v -0.063573 -0.005741 0.1101
v -0.0621 -0.001104 0.112044
v -0.064228 -0.045146 0.090867
v -0.059009 -0.04447 0.094723
v -0.055115 -0.057657 0.077811
v -0.055256 -0.056574 0.079945
v -0.058061 -0.046072 0.093569
v -0.059038 -0.03247 0.105092
v -0.059946 -0.029583 0.106142
v -0.06156 -0.030172 0.104337
v -0.060664 -0.033094 0.103242
v -0.06347 -0.013114 0.109158
v -0.062535 -0.048382 0.088272
v -0.056672 -0.048166 0.091921
v -0.057855 -0.053834 0.083356
v -0.056792 -0.007624 0.121984
v -0.049565 -0.031703 0.120535
v -0.050549 -0.029674 0.121135
v -0.05102 -0.030795 0.118276
v -0.050029 -0.032858 0.11757
v -0.060784 -0.050834 0.086145
v -0.054497 -0.035342 0.107432
v -0.054926 -0.032016 0.110014
v -0.05611 -0.033636 0.107158
v -0.04606 -0.047752 0.100364
v -0.048518 -0.046926 0.099355
v -0.047586 -0.048566 0.097644
v -0.053282 -0.044447 0.098723
v -0.056488 -0.042913 0.098066
v -0.055116 -0.045282 0.096389
v -0.051853 -0.053568 0.087047
v -0.054834 -0.042162 0.100128
v -0.06583 -0.018844 0.10561
v -0.050096 -0.028296 0.124878
v -0.050911 -0.026481 0.125219
v -0.051803 -0.026752 0.121896
v -0.053244 -0.014585 0.136633
v -0.05228 -0.017065 0.14
v -0.05364 -0.012304 0.14
v -0.046203 -0.045019 0.104755
v -0.054177 -0.038073 0.105054
v -0.056272 -0.036192 0.104755
v -0.052222 -0.019388 0.132893
v -0.052585 -0.01983 0.129645
v -0.055051 -0.000696 0.136424
v -0.054905 -0.003299 0.14
v -0.054998 -8.5E-05 0.14
v -0.054932 -0.003428 0.137324
v -0.048851 -0.03568 0.115696
v -0.050613 -0.034047 0.114667
v -0.058616 -0.028912 0.107922
v -0.060852 -0.026188 0.10718
v -0.054678 -0.01223 0.128681
v -0.055342 -0.009498 0.127227
v -0.055006 -0.01298 0.126199
v -0.053032 -0.042389 0.101384
v -0.055996 -0.039577 0.101845
v -0.053168 -0.04057 0.103349
v -0.059943 -0.025058 0.108729
v -0.058905 -0.037842 0.101063
v -0.059812 -0.035534 0.102192
v -0.061727 -0.036065 0.100345
v -0.055347 -0.038205 0.103781
v -0.055057 -0.007947 0.130484
v -0.05075 -0.024851 0.129074
v -0.052552 -0.056141 0.082238
v -0.056272 -0.055132 0.082043
v -0.057601 -0.016044 0.116552
v -0.059174 -0.015338 0.114006
v -0.058895 -0.017126 0.113765
v -0.057857 -0.014469 0.116711
v -0.064301 -0.021399 0.106046
v -0.050015 -0.057372 0.081198
v -0.05157 -0.043209 0.101698
v -0.051117 -0.045317 0.099373
v -0.051416 -0.046548 0.097485
v -0.052519 -0.049436 0.092809
v -0.05032 -0.049682 0.093893
v -0.057749 -0.022844 0.112724
v -0.058391 -0.019922 0.113312
v -0.060052 -0.020704 0.110663
v -0.059165 -0.02369 0.110337
v -0.050366 -0.048319 0.095833
v -0.053484 -0.018995 0.126467
v -0.048008 -0.050838 0.093731
v -0.064792 -0.023259 0.104957
v -0.051264 -0.035146 0.112097
v -0.049841 -0.037011 0.111931
v -0.053949 -0.011362 0.137109
v -0.061387 -0.00341 0.11293
v -0.060584 -0.000951 0.114209
v -0.06566 -0.032487 0.099892
v -0.045771 -0.050095 0.096697
v -0.047579 -0.037763 0.114782
v -0.047311 -0.041757 0.108643
v -0.044895 -0.047179 0.102566
v -0.045951 -0.043609 0.107462
v -0.044191 -0.048959 0.100111
v -0.048327 -0.03411 0.119551
v -0.046641 -0.040593 0.111616
v -0.045154 -0.042891 0.109915
v -0.052935 -0.0166 0.133995
v -0.051772 -0.019356 0.136733
v -0.044156 -0.045672 0.106202
v -0.064029 -0.018621 0.107225
v -0.056265 -0.006584 0.124311
v -0.043586 -0.044657 0.108971
v -0.049094 -0.030253 0.124573
v -0.047712 -0.031015 0.127986
v -0.049325 -0.028012 0.128558
v -0.047914 -0.032488 0.123862
v -0.04471 -0.041094 0.114156
v -0.043201 -0.04343 0.112122
v -0.054663 -0.008557 0.133407
v -0.054927 -0.006192 0.133441
v -0.054205 -0.025195 0.117477
v -0.055887 -0.02385 0.115168
v -0.057933 -0.025443 0.110901
v -0.04282 -0.041637 0.116852
v -0.044443 -0.039696 0.117664
v -0.041641 -0.043945 0.113846
v -0.044146 -0.037734 0.123102
v -0.043231 -0.039121 0.122071
v -0.043636 -0.036869 0.127189
v -0.041333 -0.039769 0.125992
v -0.041571 -0.040605 0.122704
v -0.064664 -0.034933 0.099065
v -0.062045 -0.00924 0.111457
v -0.050861 -0.023057 0.132735
v -0.053759 -0.047348 0.094779
v -0.053674 -0.033141 0.110684
v -0.055803 -0.004169 0.127357
v -0.05628 0.000838 0.125456
v -0.054643 -0.006967 0.137098
v -0.055112 -0.003703 0.133465
v -0.059783 -0.0408 0.09784
v -0.057804 -0.034697 0.104559
v -0.053432 -0.031146 0.113078
v -0.056509 -0.010499 0.121842
v -0.061144 -0.008175 0.112809
v -0.05705 -0.019025 0.116116
v -0.054025 -0.020021 0.123156
v -0.054231 -0.015987 0.126772
v -0.060454 -0.005328 0.114167
v -0.05081 -0.02184 0.136796
v -0.057841 -0.040237 0.099744
v -0.056711 -0.014637 0.119274
v -0.053088 -0.037285 0.107101
v -0.057191 -0.028052 0.110173
v -0.051103 -0.020364 0.14
v -0.062658 -0.016599 0.109156
v -0.057691 -0.031758 0.106938
v -0.059367 -0.004167 0.116153
v -0.059409 0.001778 0.116219
v -0.061304 -0.012585 0.111741
v -0.047029 -0.036086 0.119063
v -0.046144 -0.039221 0.11501
v -0.063723 -0.025373 0.104979
v -0.054585 -0.00685 0.14
v -0.049238 -0.026753 0.13215
v -0.058837 -0.002163 0.117363
v -0.054243 -0.011635 0.132665
v -0.055632 -0.000827 0.12918
v -0.052756 -0.035186 0.109818
v -0.042539 -0.04832 0.103131
v -0.053332 -0.02773 0.116825
v -0.049146 -0.054113 0.087641
v -0.061992 -0.018262 0.109338
v -0.057325 -0.037195 0.102916
v -0.053555 -0.024271 0.119989
v -0.050059 -0.052531 0.089719
v -0.046681 -0.034523 0.123254
v -0.060253 -0.008843 0.114003
v -0.045774 -0.037926 0.118369
v -0.055925 -0.010069 0.124163
v -0.049826 -0.024124 0.136582
v -0.063434 -0.030645 0.102567
v -0.042217 -0.046986 0.106239
v -0.055604 -0.006946 0.127341
v -0.056417 -0.021831 0.115603
v -0.062127 -0.02268 0.107551
v -0.049476 -0.024054 0.14
v -0.059158 -0.007913 0.116042
v -0.061349 -0.016022 0.11079
v -0.061631 -0.020701 0.108848
v -0.04546 -0.036327 0.122718
v -0.051729 -0.039831 0.105733
v -0.056553 -0.025604 0.112809
v -0.056298 -0.030865 0.109204
v -0.048807 -0.026209 0.136468
v -0.055375 -0.003916 0.130548
v -0.047639 -0.029734 0.131774
v -0.052376 -0.033019 0.112821
v -0.061984 -0.024805 0.106765
v -0.045949 -0.033874 0.127382
v -0.059587 -0.012027 0.114361
v -0.041442 -0.045877 0.109765
v -0.053601 -0.016232 0.129975
v -0.052506 -0.029866 0.116191
v -0.051739 -0.036698 0.109468
v -0.062289 -0.02741 0.105216
v -0.05303 -0.023344 0.122589
v -0.052698 -0.026731 0.119423
v -0.046468 -0.031677 0.131483
v -0.062559 -0.033594 0.101437
v -0.047741 -0.027319 0.14
v -0.047668 -0.028321 0.1363
v -0.057764 -0.003003 0.11991
v -0.058085 0.00071 0.119158
v -0.060392 -0.016669 0.111805
v -0.039848 -0.045713 0.112911
v -0.050668 -0.038619 0.10854
v -0.045314 -0.033419 0.131227
v -0.068541 -0.003831 0.105738
v -0.068982 0.001661 0.105468
v -0.046022 -0.031018 0.136175
v -0.040594 -0.043781 0.116419
v -0.053614 -0.014379 0.133177
v -0.055269 -0.000136 0.132789
v -0.050335 -0.042121 0.104358
v -0.06847 -0.007276 0.105561
v -0.068375 -0.010054 0.105343
v -0.051624 -0.031904 0.11551
v -0.04583 -0.03043 0.14
v -0.041351 -0.041827 0.119863
v -0.06702 0.000967 0.107056
v -0.051887 -0.028805 0.11887
v -0.06826 -0.012581 0.105057
v -0.043692 -0.035488 0.131458
v -0.039623 -0.043617 0.119051
v -0.066114 -0.003767 0.107757
v -0.039593 -0.042668 0.122007
v -0.04369 -0.034362 0.135728
v -0.065461 0.001119 0.108426
v -0.046984 -0.052142 0.092307
v -0.04281 -0.034572 0.14
v -0.041713 -0.038021 0.130578
v -0.065971 -0.007173 0.107643
v -0.038945 -0.042265 0.125192
v -0.064873 -0.003698 0.10891
v -0.039942 -0.040704 0.127467
v -0.041148 -0.037405 0.135609
v -0.039838 -0.039845 0.131113
v -0.03792 -0.041948 0.129781
v -0.039374 -0.039326 0.135301
v -0.044553 -0.05081 0.096415
v -0.036396 -0.042415 0.133643
v -0.056184 0.037564 0.103602
v -0.055033 0.039117 0.103136
v -0.057552 0.039168 0.10094
v -0.056283 0.017619 0.118618
v -0.055143 0.017514 0.12178
v -0.055784 0.020951 0.117514
v -0.055831 0.015362 0.121293
v -0.055047 0.036663 0.105569
v -0.045749 0.034312 0.126878
v -0.045599 0.032084 0.13445
v -0.044896 0.034889 0.128438
v -0.053869 0.037028 0.106478
v -0.055064 0.03439 0.107666
v -0.054353 0.04089 0.101914
v -0.055416 0.043104 0.098641
v -0.042115 0.043495 0.113974
v -0.041465 0.042551 0.117657
v -0.040923 0.045511 0.111449
v -0.063821 0.037779 0.097615
v -0.061343 0.039287 0.098094
v -0.039283 0.045434 0.11473
v -0.045592 0.030797 0.14
v -0.047127 0.029893 0.13388
v -0.048072 0.026744 0.14
v -0.054741 0.01995 0.120931
v -0.042289 0.038382 0.127204
v -0.042788 0.039897 0.121285
v -0.043557 0.037155 0.126533
v -0.053926 0.032842 0.110637
v -0.055497 0.032255 0.109062
v -0.05504 0.023787 0.1169
v -0.054833 0.028937 0.112903
v -0.055453 0.030222 0.110882
v -0.054119 0.01906 0.123859
v -0.053985 0.023416 0.119755
v -0.063563 0.041031 0.095162
v -0.052845 0.043309 0.100455
v -0.053163 0.04534 0.097726
v -0.054593 0.015803 0.12535
v -0.055278 0.014417 0.123835
v -0.052837 0.039965 0.104375
v -0.04181 0.039859 0.124199
v -0.051671 0.039058 0.106735
v -0.052431 0.037091 0.108114
v -0.052738 0.034873 0.11018
v -0.040432 0.042353 0.120709
v -0.052621 0.033425 0.11197
v -0.053894 0.014355 0.13102
v -0.054421 0.014001 0.128122
v -0.05493 0.011365 0.128039
v -0.051722 0.046363 0.097502
v -0.051719 0.041344 0.103879
v -0.051278 0.043569 0.101525
v -0.038364 0.044423 0.119699
v -0.053855 0.017492 0.126761
v -0.053338 0.024903 0.119888
v -0.043295 0.035941 0.131553
v -0.053055 0.022795 0.123231
v -0.053396 0.017741 0.128676
v -0.053916 0.027775 0.11558
v -0.052852 0.027311 0.118387
v -0.052618 0.029722 0.116128
v -0.060645 0.04198 0.096179
v -0.063859 0.043264 0.092947
v -0.051612 0.036326 0.110121
v -0.044307 0.033453 0.136117
v -0.040921 0.039001 0.130079
v -0.039322 0.040616 0.129989
v -0.04018 0.040932 0.125877
v -0.042659 0.035583 0.135949
v -0.03919 0.042559 0.123461
v -0.040942 0.037627 0.135638
v -0.052932 0.020578 0.126673
v -0.04995 0.044205 0.101931
v -0.049451 0.047146 0.098234
v -0.050471 0.039557 0.107583
v -0.06095 0.045159 0.092823
v -0.055723 0.059265 0.073566
v -0.048558 0.042866 0.105319
v -0.042873 0.034467 0.14
v -0.053451 0.015038 0.133154
v -0.052897 0.017208 0.132967
v -0.050827 0.028741 0.121785
v -0.051945 0.026313 0.122033
v -0.038778 0.04009 0.134459
v -0.037431 0.042493 0.129278
v -0.037438 0.04113 0.135498
v -0.051478 0.030336 0.117831
v -0.051082 0.033061 0.115084
v -0.052303 0.031792 0.114371
v -0.050797 0.03514 0.112869
v -0.050171 0.037178 0.111173
v -0.06113 0.050226 0.086761
v -0.047713 0.045947 0.101595
v -0.066574 0.007426 0.107102
v -0.066301 0.011161 0.10688
v -0.069225 0.010187 0.104685
v -0.037435 0.043962 0.123685
v -0.06838 0.013333 0.104839
v -0.065308 0.00396 0.108483
v -0.0593 0.052139 0.085147
v -0.04757 0.047789 0.098882
v -0.049008 0.040456 0.108273
v -0.040265 0.037485 0.14
v -0.063627 0.00355 0.110173
v -0.064592 0.008068 0.10883
v -0.058312 0.047342 0.091952
v -0.052111 0.023731 0.125274
v -0.03684 0.040862 0.14
v -0.067766 0.023103 0.102737
v -0.065507 0.020475 0.105389
v -0.065081 0.024508 0.104258
v -0.064164 0.016595 0.107673
v -0.064082 0.012379 0.10871
v -0.062993 0.014249 0.109416
v -0.050858 0.02634 0.125709
v -0.051145 0.024411 0.128122
v -0.06256 0.004381 0.111351
v -0.061553 0.00681 0.112399
v -0.063134 0.009369 0.110183
v -0.066052 0.014311 0.106535
v -0.068296 0.01654 0.104261
v -0.050047 0.029761 0.122453
v -0.050253 0.032307 0.117892
v -0.064008 0.020586 0.106612
v -0.049276 0.035359 0.115368
v -0.060583 0.003843 0.114082
v -0.061516 0.003925 0.112714
v -0.052144 0.021387 0.129118
v -0.04774 0.04119 0.108948
v -0.066524 0.027908 0.101668
v -0.067331 0.025772 0.102035
v -0.048752 0.036995 0.113838
v -0.062982 0.022359 0.10687
v -0.059863 0.005763 0.115083
v -0.065979 0.017012 0.105988
v -0.058287 0.053646 0.083405
v -0.063019 0.025693 0.105438
v -0.05775 0.054608 0.08212
v -0.051977 0.01884 0.136588
v -0.052198 0.019513 0.132686
v -0.046348 0.044357 0.105693
v -0.047304 0.039013 0.113164
v -0.056345 0.048715 0.091428
v -0.068295 0.02008 0.10334
v -0.064175 0.027701 0.103537
v -0.050332 0.025877 0.128804
v -0.04822 0.034948 0.118304
v -0.059238 0.007743 0.115927
v -0.06236 0.011836 0.110628
v -0.060776 0.013286 0.112278
v -0.061417 0.014916 0.111027
v -0.048817 0.032741 0.120712
v -0.06016 0.010715 0.113787
v -0.061716 0.009126 0.111887
v -0.045499 0.04693 0.102338
v -0.046125 0.048784 0.098591
v -0.044514 0.048909 0.099905
v -0.049207 0.029681 0.125423
v -0.046515 0.041078 0.11098
v -0.050914 0.022893 0.132801
v -0.0456 0.043671 0.107856
v -0.045119 0.043003 0.109783
v -0.049823 0.025483 0.132343
v -0.048905 0.029158 0.127689
v -0.055247 0.050561 0.089627
v -0.050766 0.021911 0.136925
v -0.062709 0.019674 0.108142
v -0.061291 0.01859 0.110023
v -0.061079 0.021449 0.109157
v -0.06232 0.017107 0.109368
v -0.048102 0.032977 0.122308
v -0.057986 0.005574 0.118996
v -0.043911 0.046394 0.105166
v -0.043146 0.048044 0.102957
v -0.0466 0.035303 0.121798
v -0.045444 0.039981 0.114908
v -0.057449 0.003763 0.120714
v -0.047164 0.037217 0.116643
v -0.046271 0.037237 0.118603
v -0.044102 0.04286 0.111713
v -0.061053 0.026825 0.10665
v -0.062154 0.029427 0.104259
v -0.061505 0.024214 0.107505
v -0.058483 0.011329 0.116602
v -0.047229 0.033306 0.124334
v -0.051414 0.019602 0.14
v -0.06044 0.031999 0.10415
v -0.062308 0.03275 0.102165
v -0.056154 0.056447 0.079678
v -0.049491 0.024782 0.136787
v -0.044594 0.039142 0.11857
v -0.058704 0.020992 0.112321
v -0.059829 0.021551 0.110571
v -0.06009 0.017757 0.111829
v -0.057914 0.009721 0.118263
v -0.060231 0.033996 0.102981
v -0.04262 0.045047 0.109674
v -0.044574 0.037288 0.123003
v -0.060041 0.037064 0.100833
v -0.0486 0.026581 0.136574
v -0.060218 0.024184 0.108863
v -0.059539 0.027366 0.107877
v -0.058086 0.031917 0.106421
v -0.06021 0.029692 0.105817
v -0.058484 0.028928 0.108045
v -0.05297 0.052535 0.088041
v -0.055206 0.012834 0.125391
v -0.055272 0.025875 0.114741
v -0.054415 0.025409 0.116819
v -0.053843 0.01307 0.133816
v -0.058944 0.02419 0.110337
v -0.057217 0.008326 0.120461
v -0.049049 0.027654 0.130663
v -0.047255 0.031738 0.127956
v -0.056012 0.01167 0.122949
v -0.050633 0.0537 0.08749
v -0.056531 0.005186 0.12359
v -0.056829 0.002798 0.122876
v -0.057529 0.013114 0.117982
v -0.057359 0.023891 0.112711
v -0.058599 0.043135 0.096383
v -0.05849 0.040753 0.098775
v -0.058806 0.034057 0.104157
v -0.051132 0.055557 0.084056
v -0.055592 0.055565 0.081647
v -0.056066 0.007982 0.124598
v -0.055645 0.005765 0.127663
v -0.057325 0.04542 0.094775
v -0.057947 0.036938 0.102603
v -0.056669 0.03262 0.107382
v -0.056869 0.030208 0.109006
v -0.053948 0.05718 0.079485
v -0.067197 0.005169 0.106758
v -0.069308 0.00633 0.105007
v -0.058286 0.025754 0.110254
v -0.057033 0.02785 0.110527
v -0.056829 0.011635 0.120396
v -0.056892 0.041645 0.099077
v -0.055835 0.002542 0.127613
v -0.055073 0.045001 0.096751
v -0.055655 0.008927 0.126008
v -0.056256 0.026289 0.112778
v -0.055519 0.002014 0.129953
v -0.054346 0.047122 0.094666
v -0.055216 0.004402 0.131831
v -0.056655 0.022519 0.114734
v -0.053521 0.048634 0.093258
v -0.055122 0.009323 0.128736
v -0.056928 0.019155 0.116286
v -0.055028 0.002639 0.135778
v -0.065746 0.029861 0.101264
v -0.057107 0.034693 0.105235
v -0.065514 0.0325 0.099987
v -0.052043 0.050561 0.091506
v -0.055116 0.00751 0.130293
v -0.064394 0.034516 0.099512
v -0.067042 0.036141 0.096663
v -0.06276 0.035644 0.099893
v -0.05338 0.030815 0.113516
v -0.054417 0.011124 0.131971
v -0.054383 0.009162 0.136224
v -0.051175 0.048645 0.094791
v -0.049077 0.049321 0.095323
v -0.048907 0.050698 0.093341
v -0.053925 0.010933 0.14
v -0.053859 0.011691 0.13744
v -0.054956 0.00218 0.14
v -0.053173 0.01465 0.137427
v -0.054787 0.008324 0.132412
v -0.054805 0.006537 0.134736
v -0.052826 0.015327 0.14
v -0.046863 0.051915 0.092769
v -0.047565 0.049436 0.096309
v -0.044658 0.050214 0.097425
v -0.054842 0.00496 0.137112
v -0.054738 0.00552 0.14
v -0.050062 0.051891 0.09072
v -0.041909 0.047044 0.10652
v -0.043289 0.045395 0.107952
v -0.049066 0.054134 0.087649
v -0.048275 0.028785 0.131387
v -0.049677 0.023614 0.14
v -0.063757 0.031181 0.102017
v -0.059117 0.012867 0.114929
v -0.05895 0.015904 0.11416
v -0.058301 0.018769 0.114032
v -0.057609 0.01608 0.116537
v -0.056805 0.015035 0.118812
v -0.056562 0.007893 0.122692
v -0.043329 0.042023 0.114905
v -0.017112 0.053122 0.124503
v -0.016463 0.052699 0.134476
v -0.014566 0.053285 0.133371
v -0.035546 0.043319 0.132601
v -0.034973 0.043014 0.136592
v -0.033193 0.044357 0.136454
v -0.018372 0.052428 0.128974
v -0.03994 0.048797 0.105167
v -0.039531 0.047181 0.1097
v -0.038484 0.047882 0.109508
v -0.013549 0.05374 0.128168
v -0.012102 0.053661 0.14
v -0.011055 0.054229 0.128831
v -0.03347 0.043649 0.14
v -0.025061 0.050175 0.127335
v -0.022428 0.051471 0.125039
v -0.024865 0.051383 0.119778
v -0.001609 0.066312 0.088119
v -0.001123 0.06507 0.089216
v 4.8E-05 0.066654 0.088132
v -0.002262 0.067593 0.08708
v -0.004062 0.066051 0.087669
v -0.004254 0.06723 0.086816
v -0.003019 0.065051 0.088749
v -0.040976 0.04856 0.104428
v 5.6E-05 0.064789 0.089703
v -0.033208 0.048712 0.116117
v -0.03249 0.049685 0.113619
v -0.034555 0.048648 0.113819
v -0.005648 0.067014 0.086555
v -0.007591 0.066694 0.086173
v -0.003878 0.063825 0.089608
v -0.009041 0.065129 0.086794
v -0.001615 0.063852 0.090264
v 0.000162 0.063106 0.09146
v -0.009478 0.064218 0.087387
v -0.00961 0.06637 0.08574
v -0.001892 0.062747 0.091378
v -0.007804 0.06299 0.089129
v 0.000223 0.06185 0.092996
v -0.012483 0.065932 0.085077
v -0.036519 0.049284 0.108487
v -0.036164 0.048758 0.110669
v -0.001523 0.061564 0.092956
v -0.000136 0.061121 0.093947
v -0.0042 0.06141 0.092289
v -0.016399 0.052505 0.14
v -0.008651 0.062027 0.089938
v -0.035312 0.047742 0.115573
v -0.029487 0.049756 0.119042
v -0.029376 0.048828 0.123854
v -0.026998 0.050293 0.121514
v -0.010113 0.060835 0.091026
v -0.032151 0.048342 0.119806
v -0.037907 0.04688 0.113331
v -0.005548 0.060609 0.092988
v -0.013113 0.061296 0.089316
v -0.034243 0.04594 0.124838
v -0.031141 0.047447 0.126273
v -0.032913 0.047013 0.12367
v -0.028752 0.04805 0.129999
v -0.031382 0.046654 0.129726
v -0.006439 0.059758 0.094071
v -0.020569 0.051544 0.130935
v -0.01931 0.051685 0.135892
v -0.014978 0.059873 0.090842
v -0.02635 0.048683 0.134573
v -0.030094 0.04669 0.134219
v -0.037681 0.045915 0.11669
v -0.022507 0.050193 0.14
v -0.024452 0.049442 0.136875
v -0.026532 0.048194 0.14
v -0.027393 0.049064 0.12776
v -0.036205 0.04526 0.122317
v -0.035844 0.044126 0.127844
v -0.033206 0.045462 0.130121
v -0.015493 0.060453 0.089705
v -0.034867 0.046852 0.119688
v -0.028077 0.047509 0.137301
v -0.024451 0.049834 0.132201
v -0.022851 0.050722 0.130284
v -0.032675 0.045188 0.133526
v -0.03393 0.062756 0.07944
v -0.033044 0.060891 0.082496
v -0.029572 0.061427 0.08316
v -0.030999 0.045719 0.137369
v -0.008076 0.056754 0.100891
v -0.007187 0.056067 0.103825
v -0.001227 0.056234 0.104341
v -0.03042 0.045834 0.14
v -0.022011 0.050634 0.135505
v -0.002885 0.055993 0.105131
v -0.036724 0.061336 0.080194
v -0.035659 0.060008 0.082823
v -0.016591 0.064302 0.084879
v -0.004414 0.055684 0.106647
v -0.016068 0.065387 0.084211
v -0.013083 0.063499 0.086814
v -0.038635 0.059596 0.082252
v -0.019092 0.064924 0.083461
v -0.001686 0.059658 0.095816
v 1.4E-05 0.059652 0.096236
v -0.015813 0.062921 0.086439
v -0.024034 0.063963 0.082416
v -0.008685 0.055501 0.106678
v -0.001872 0.055524 0.108761
v -0.00208 0.05892 0.097061
v 7.1E-05 0.058645 0.098118
v 0 0.067722 0.087403
v -0.001077 0.067765 0.087205
v -0.019142 0.06165 0.086737
v -0.002807 0.05806 0.098664
v -0.023523 0.062747 0.083858
v -0.004641 0.055445 0.109361
v -0.028413 0.06355 0.081006
v -0.045793 0.060871 0.076257
v -0.044151 0.059626 0.079591
v -0.041015 0.061635 0.077542
v 7.1E-05 0.057611 0.100345
v -0.005935 0.058634 0.096445
v -0.005649 0.057818 0.098449
v -0.013306 0.059091 0.092914
v -0.011249 0.058643 0.09459
v -0.00819 0.055318 0.108844
v -0.021885 0.060657 0.087136
v -0.025378 0.062037 0.083968
v -0.04692 0.058338 0.080803
v -0.050626 0.05928 0.076815
v -0.049895 0.060285 0.074894
v -0.001982 0.056952 0.101715
v -0.011926 0.05625 0.101448
v -0.017162 0.055215 0.103788
v -0.012032 0.055689 0.104035
v -0.029612 0.062442 0.081807
v -0.012872 0.05788 0.095847
v -0.042864 0.056559 0.086235
v -0.037029 0.057616 0.086688
v -0.030623 0.063268 0.080332
v -0.004538 0.057072 0.100821
v 0.000123 0.056719 0.102749
v -0.038478 0.056013 0.08938
v -0.021926 0.059232 0.089478
v -0.021494 0.058252 0.091616
v -0.009991 0.057412 0.098165
v -0.027289 0.06032 0.085674
v -0.03682 0.062307 0.078649
v -0.011242 0.05528 0.107101
v -0.014116 0.057051 0.09773
v -0.020688 0.054615 0.104416
v -0.019391 0.055447 0.101299
v -0.028994 0.058665 0.08788
v -0.028305 0.059559 0.086541
v -0.017289 0.056178 0.099386
v -0.015914 0.055016 0.105866
v -0.026348 0.057232 0.092049
v -0.032121 0.057443 0.089108
v -0.001714 0.055322 0.117439
v -0.011256 0.055126 0.108698
v -0.022286 0.05624 0.096661
v -0.024428 0.056608 0.094489
v -0.026088 0.054915 0.099132
v -0.004879 0.055258 0.115747
v -0.008125 0.055112 0.114326
v -0.001875 0.05522 0.126116
v -0.000429 0.055191 0.121385
v -0.003066 0.05518 0.126918
v -0.03053 0.054428 0.097835
v -0.032688 0.055015 0.094775
v -0.011408 0.054857 0.113528
v -0.000468 0.055087 0.127845
v -0.015516 0.054751 0.108257
v -0.001886 0.05516 0.130691
v -0.030311 0.053361 0.101715
v -0.007547 0.055002 0.118845
v -0.01117 0.05447 0.122036
v -0.017521 0.054502 0.108184
v -0.048745 0.057026 0.082505
v -0.013425 0.05452 0.115141
v -0.040522 0.054782 0.091014
v -0.006532 0.054911 0.12749
v -0.004843 0.055012 0.130795
v -0.01662 0.05379 0.118018
v -0.016181 0.054246 0.11357
v -0.034553 0.053426 0.098026
v -0.033433 0.052417 0.102109
v -0.009442 0.054593 0.125538
v -0.015844 0.053668 0.121361
v -0.013638 0.054011 0.12283
v -0.024752 0.054373 0.102341
v -0.019899 0.054101 0.10865
v -0.022213 0.052386 0.11863
v -0.020723 0.052246 0.123285
v -0.020678 0.053073 0.116311
v -0.0351 0.055581 0.091998
v -0.026141 0.051929 0.114141
v -0.028752 0.050928 0.114799
v -0.019264 0.05152 0.14
v -0.03767 0.053819 0.094848
v 0.001843 0.055987 0.105379
v 0.000638 0.05574 0.106853
v -0.024456 0.053944 0.104672
v 0.000116 0.055569 0.108208
v -0.003027 0.055064 0.135001
v -0.001928 0.055107 0.13385
v -0.036903 0.052533 0.098669
v -0.045242 0.054846 0.088409
v -0.041916 0.053627 0.092694
v -0.028192 0.052939 0.105558
v -0.00038 0.055019 0.134527
v -0.022461 0.053647 0.108641
v -0.019254 0.053689 0.113769
v -0.041129 0.052178 0.096309
v -0.043543 0.052381 0.094204
v -0.03117 0.052365 0.104646
v -0.045156 0.052799 0.092332
v -0.046154 0.054337 0.088898
v -0.007039 0.054703 0.134887
v -0.02704 0.052476 0.109435
v -0.024329 0.05325 0.108708
v -0.034283 0.051561 0.104042
v -0.0292 0.051991 0.108711
v -0.037265 0.051422 0.101409
v -0.040634 0.051484 0.098247
v -0.034044 0.051187 0.105611
v -0.023485 0.052625 0.114496
v -0.035973 0.050829 0.104415
v -0.043582 0.05132 0.096223
v -0.030535 0.051444 0.109303
v -0.032423 0.050698 0.109602
v -0.039471 0.050169 0.102401
v -0.04202 0.049821 0.100589
v -0.037504 0.049995 0.10508
v -0.034131 0.050073 0.109377
v -0.001219 0.054986 0.14
v 0.001088 0.05498 0.14
v -0.004923 0.054799 0.14
v -0.008711 0.054317 0.14
v -0.029145 0.06362 0.080407
v -0.029035 0.063687 0.080023
v -0.031978 0.063114 0.079838
v -0.000606 0.068076 0.086936
v 0 0.06813 0.087009
v 0 0.06826 0.086774
v -0.034399 0.062799 0.078928
v -0.041308 0.061685 0.077105
v -0.000363 0.068258 0.086635
v -0.000403 0.067879 0.087228
v 0 0.067941 0.087231
v 0 0.067786 0.087367
v -0.001572 0.068097 0.086454
v -0.002237 0.067838 0.086755
v -0.0028 0.067904 0.086285
v -0.003258 0.067666 0.086631
v -0.003236 0.067474 0.086899
v -0.003721 0.067737 0.086216
v -0.004321 0.067483 0.086474
v -0.00549 0.067395 0.086061
v -0.004366 0.067645 0.08608
v -0.005905 0.067408 0.085713
v -0.005778 0.067198 0.086293
v -0.000591 0.068285 0.086324
v 0 0.068388 0.086289
v -0.007377 0.066953 0.085952
v -0.006213 0.06724 0.086012
v -0.007548 0.067099 0.085563
v -0.008242 0.067031 0.085237
v -0.008469 0.06687 0.08556
v -0.008252 0.066789 0.085804
v -0.009351 0.066665 0.085487
v -0.010154 0.066532 0.085312
v -0.010786 0.066619 0.08468
v -0.012054 0.066371 0.084564
v -0.010914 0.06648 0.085016
v 0 0.068353 0.086502
v -0.012622 0.06614 0.084748
v -0.011469 0.066138 0.085255
v -0.013843 0.065814 0.084651
v -0.014242 0.06606 0.083897
v -0.015206 0.065818 0.083964
v -0.014006 0.066 0.08426
v -0.014812 0.065696 0.084375
v -0.015982 0.065575 0.083997
v -0.016309 0.065694 0.083533
v -0.017073 0.065432 0.083693
v -0.017619 0.065467 0.083281
v -0.018479 0.065375 0.08288
v -0.018344 0.065262 0.083322
v -0.019541 0.065037 0.083092
v -0.022236 0.064649 0.082346
v -0.02003 0.065069 0.082722
v -0.02282 0.064429 0.082421
v -0.009536 0.066802 0.085039
v -0.023551 0.064484 0.081914
v -0.024764 0.064172 0.081853
v -0.024773 0.064353 0.081388
v -0.025869 0.064137 0.081266
v 0 0.072074 0.009949
v 0 0.071261 0.010112
v 0 0.07054 0.010401
v 0 0.070008 0.010731
v 0 0.069403 0.01129
v 0 0.069059 0.011733
v 0 0.068682 0.012415
v 0 0.06845 0.013237
v 0 0.068391 0.013722
v -0.001707 0.092338 0.00959
v -0.000607 0.092393 0.009603
v 0 0.09251 0.009605
v -0.001232 0.092802 0.009469
v 0 0.093209 0.009267
v 0 0.09325 0.009201
v -0.003391 0.093252 0.008726
v -0.002338 0.093511 0.008442
v -0.002195 0.093375 0.008827
v -0.00133 0.093346 0.009013
v -0.001016 0.093513 0.008779
v -0.002083 0.09256 0.009521
v -0.001022 0.093638 0.008429
v -0.001867 0.093126 0.009199
v -0.003365 0.093021 0.009086
v -0.002072 0.092874 0.009373
v 0 0.093556 0.008789
v 0 0.093674 0.008388
v -0.002105 0.094459 0
v -0.001146 0.094539 0
v -0.002062 -0.093549 0.008408
v 0.000661 -0.093656 0.008434
v -0.000798 -0.093639 0.008468
v -0.002036 -0.092334 0.009584
v 0.000387 -0.092775 0.009513
v 0.00124 -0.092401 0.009619
v -0.001986 -0.092635 0.0095
v -0.001919 -0.092938 0.009351
v 0.000559 -0.093133 0.009298
v -0.001184 -0.093181 0.009212
v 0.000684 -0.093377 0.009041
v 0.000159 -0.093557 0.008768
v -0.001989 -0.093294 0.009
v -0.001965 -0.093466 0.008704
v -0.000826 -0.068226 0.086459
v -0.001352 -0.068002 0.086813
v -0.00239 -0.06791 0.086536
v -0.002409 -0.067986 0.086234
v -0.002516 -0.067542 0.087051
v -0.003213 -0.067175 0.087159
v -0.003731 -0.067396 0.086823
v -0.002242 -0.067756 0.086887
v -0.003483 -0.067652 0.086555
v -0.004469 -0.0675 0.08638
v -0.004676 -0.067606 0.085971
v -0.004858 -0.067337 0.086483
v -0.000644 -0.068145 0.086788
v 1E-06 -0.06838 0.086401
v 0 -0.068267 0.086768
v -1E-06 -0.068113 0.087036
v -0.005984 -0.06711 0.086326
v -0.005469 -0.066965 0.086653
v -0.005167 -0.067507 0.085954
v 0 -0.068389 0.0862
v -0.006381 -0.067334 0.085616
v -0.007445 -0.066968 0.085896
v -0.00611 -0.067256 0.086034
v -0.007225 -0.066727 0.08627
v -0.007433 -0.06713 0.085531
v -0.00792 -0.066721 0.086024
v -0.008657 -0.066978 0.085058
v -0.008239 -0.067001 0.085365
v -0.009163 -0.066803 0.085306
v -0.010196 -0.06668 0.084946
v -0.030138 -0.063472 0.080089
v -0.034874 -0.062741 0.078583
v -0.025359 -0.064262 0.081218
v -0.011339 -0.066542 0.084486
v -0.010632 -0.066325 0.085388
v -0.012536 -0.065921 0.085066
v -0.011086 -0.066464 0.084953
v -0.012075 -0.066282 0.084779
v -0.012025 -0.066404 0.084467
v -0.013716 -0.066111 0.084163
v -0.014863 -0.065973 0.083665
v -0.014444 -0.065732 0.084492
v -0.015934 -0.065454 0.084194
v -0.014434 -0.065943 0.084135
v -0.015538 -0.065788 0.083823
v -0.018669 -0.065345 0.082835
v -0.019419 -0.065233 0.082595
v -0.019528 -0.064956 0.083226
v -0.018381 -0.06511 0.083548
v -0.020156 -0.064788 0.083165
v -0.02028 -0.065034 0.082648
v -0.019808 -0.065051 0.082914
v -0.021594 -0.064837 0.082281
v -0.024558 -0.064365 0.081529
v -0.023697 -0.064422 0.081967
v -0.024414 -0.064144 0.082077
v -0.029132 -0.063441 0.080824
v -0.025127 -0.064176 0.081645
v -0.030385 -0.063353 0.080278
v -0.033631 -0.062751 0.079618
v -0.009657 -0.066589 0.08546
v -0.00088 -0.067905 0.087089
v 1E-06 -0.067796 0.087355
v -0.009718 -0.066332 0.085734
v -0.001096 -0.067586 0.087349
v -0.003471 -0.067801 0.086188
v -0.012879 -0.066087 0.084705
v -0.016637 -0.06555 0.083702
v -0.017734 -0.065296 0.083583
v -0.017792 -0.065441 0.083225
v -0.018712 -0.06527 0.083076
v -0.021816 -0.064632 0.082613
v -0.022146 -0.064664 0.082372
v -0.026748 -0.063997 0.081037
v -0.035377 -0.062597 0.078872
v -0.036483 -0.062379 0.078698
v -0.041492 -0.061629 0.07721
v -0.044341 -0.061203 0.076245
v -0.040088 -0.061747 0.077867
v -0.044085 -0.061183 0.076612
v -0.050235 -0.060237 0.074774
v -0.024557 -0.056298 0.09535
v -0.018541 -0.056691 0.096975
v -0.020356 -0.056038 0.098357
v -0.025775 -0.060466 0.086004
v -0.02871 -0.061196 0.083803
v -0.023013 -0.061537 0.085504
v -0.036195 -0.057511 0.087251
v -0.038195 -0.058463 0.08454
v -0.030816 -0.059667 0.085367
v -0.023552 -0.054075 0.104837
v -0.021217 -0.054699 0.103581
v -0.020521 -0.054121 0.107708
v -0.0086 -0.057093 0.099582
v -0.012673 -0.057731 0.09629
v -0.004274 -0.058046 0.098292
v -0.012453 -0.055322 0.105995
v -0.01017 -0.055861 0.103916
v -0.009693 -0.055509 0.10612
v -0.020348 -0.057267 0.094518
v -0.01524 -0.055735 0.102263
v -0.013877 -0.056729 0.098875
v -0.020109 -0.055396 0.101099
v -0.003128 -0.055508 0.108649
v -0.001154 -0.055691 0.107028
v -0.020329 -0.058745 0.091031
v -0.027559 -0.058846 0.088095
v -0.024719 -0.059462 0.088032
v -0.046816 -0.055033 0.087259
v -0.016934 -0.054153 0.113232
v -0.01697 -0.054543 0.108591
v -0.015019 -0.05438 0.114013
v -0.02005 -0.053847 0.110876
v -0.010176 -0.056278 0.102007
v -0.021617 -0.05787 0.092444
v -0.029066 -0.057203 0.090907
v -0.00287 -0.055312 0.116654
v -0.001665 -0.055256 0.122574
v -0.026597 -0.054984 0.098537
v -0.035643 -0.05572 0.091404
v -0.039998 -0.055172 0.090466
v -0.02983 -0.054837 0.096954
v -0.032995 -0.055057 0.094479
v -0.036122 -0.054824 0.09331
v -0.030347 -0.053481 0.101203
v -0.033073 -0.053736 0.098222
v -0.026112 -0.053981 0.102887
v -0.028635 -0.053002 0.104796
v -0.011708 -0.055092 0.108688
v -0.007378 -0.055385 0.108356
v -0.005464 -0.05512 0.120843
v -0.003027 -0.055187 0.12673
v -0.005788 -0.054975 0.127909
v -0.008248 -0.0549 0.120214
v -0.001704 -0.055196 0.127545
v -0.001777 -0.055128 0.132587
v -0.002877 -0.055124 0.13208
v -0.012131 -0.054636 0.115995
v -0.010445 -0.054935 0.113983
v -0.041274 -0.051589 0.097489
v -0.043517 -0.052111 0.094729
v -0.039808 -0.052874 0.095718
v -0.037891 -0.051924 0.099466
v -0.024652 -0.054517 0.101765
v -0.014648 -0.053269 0.13329
v -0.017402 -0.052617 0.130881
v -0.014424 -0.053715 0.125149
v -0.025226 -0.053506 0.10618
v -0.025557 -0.050899 0.12121
v -0.028021 -0.0506 0.117786
v -0.025859 -0.051741 0.115703
v -0.021647 -0.051609 0.12628
v -0.02247 -0.051832 0.122207
v -0.019489 -0.052482 0.124379
v -0.029436 -0.050493 0.115623
v -0.030742 -0.04894 0.120216
v -0.023175 -0.053468 0.108892
v -0.026878 -0.04994 0.123877
v -0.017624 -0.052299 0.135443
v -0.022156 -0.050784 0.132709
v -0.026079 -0.049474 0.129165
v -0.023623 -0.050701 0.127713
v -0.019818 -0.051621 0.133661
v -0.029528 -0.048126 0.127105
v -0.022578 -0.050299 0.136967
v -0.038125 -0.045647 0.116518
v -0.037633 -0.044309 0.121934
v -0.006866 -0.055163 0.115371
v -0.021631 -0.050587 0.14
v -0.019932 -0.062163 0.085829
v -0.019845 -0.060735 0.087749
v -0.017723 -0.060307 0.08915
v -0.014886 -0.059998 0.090655
v -0.00402 -0.056805 0.101779
v -0.003352 -0.057353 0.100311
v -1.2E-05 -0.056887 0.102243
v -0.04559 -0.054039 0.089772
v -0.042584 -0.056347 0.086779
v -0.005115 -0.055675 0.106552
v -0.003088 -0.054922 0.14
v -0.012111 -0.05396 0.131029
v -0.012097 -0.054244 0.12394
v -0.019669 -0.053478 0.114892
v 0.000129 -0.056247 0.104371
v -0.002438 -0.056087 0.104755
v 0.000354 -0.055845 0.106165
v -0.0008 -0.055058 0.132444
v -0.005779 -0.054852 0.135011
v -0.036963 -0.052841 0.097822
v -0.042699 -0.053382 0.092743
v -0.027836 -0.052358 0.108847
v -0.033798 -0.052787 0.100594
v -0.031879 -0.052393 0.103738
v -0.024357 -0.05318 0.109142
v -0.008146 -0.054726 0.127288
v -0.0076 -0.054489 0.14
v -0.030707 -0.052438 0.104875
v -0.035097 -0.05174 0.10261
v -0.01578 -0.053959 0.117779
v -0.009309 -0.054478 0.130665
v -0.001542 -0.066335 0.088109
v 0.000207 -0.06707 0.087859
v 8E-06 -0.065853 0.088765
v -0.025907 -0.052753 0.109529
v -0.00019 -0.064925 0.089555
v -0.001692 -0.064372 0.089718
v 0.000108 -0.063531 0.090973
v -0.033459 -0.051296 0.10596
v -0.001535 -0.062811 0.091408
v -0.000121 -0.06176 0.093068
v -0.023001 -0.0529 0.113464
v -0.021725 -0.052665 0.117479
v -0.03858 -0.050972 0.101288
v -0.030165 -0.051661 0.108865
v -0.017574 -0.053429 0.119785
v -0.025168 -0.052322 0.113485
v -0.031507 -0.045372 0.137536
v -0.032732 -0.04518 0.133394
v -0.029589 -0.046892 0.134858
v -0.035541 -0.050988 0.10446
v -0.034684 -0.043158 0.137081
v -0.035067 -0.043396 0.134064
v -0.032466 -0.044424 0.14
v -0.033664 -0.050375 0.108975
v -0.004628 -0.065845 0.087663
v -0.037643 -0.050328 0.103982
v -0.04241 -0.050115 0.099614
v -0.003377 -0.063184 0.090419
v -0.004642 -0.063923 0.089253
v -0.017374 -0.053105 0.124015
v -0.005542 -0.064854 0.088144
v -0.011816 -0.064874 0.086068
v -0.003111 -0.061893 0.092028
v -0.009483 -0.062504 0.089077
v -0.013319 -0.06393 0.086328
v -0.002607 -0.060551 0.094068
v -3.1E-05 -0.060193 0.095345
v -0.029851 -0.051191 0.111621
v -0.040869 -0.049572 0.102291
v -0.010523 -0.061314 0.0902
v -0.005644 -0.061047 0.092297
v -0.035608 -0.049729 0.108392
v -0.008259 -0.060512 0.092179
v -0.003094 -0.059144 0.096302
v -0.037432 -0.049831 0.10565
v -1E-06 -0.058827 0.097746
v -0.032277 -0.050047 0.112527
v -0.01967 -0.063543 0.084454
v -0.015045 -0.062766 0.086871
v -5.5E-05 -0.057708 0.100095
v -0.035611 -0.049236 0.109978
v -0.036887 -0.048796 0.10937
v -0.040339 -0.048592 0.105168
v -0.005748 -0.056092 0.104088
v -0.010929 -0.053916 0.14
v -0.033344 -0.049271 0.113702
v -0.040059 -0.059678 0.081452
v -0.039374 -0.061131 0.079265
v -0.035568 -0.060465 0.082081
v -0.039637 -0.04802 0.107498
v -0.045262 -0.059755 0.078788
v -0.016682 -0.052431 0.14
v -0.046139 -0.058231 0.081394
v -0.050609 -0.059375 0.076615
v -0.034886 -0.048201 0.114764
v -0.01835 -0.055207 0.103056
v -0.039468 -0.047378 0.109331
v -0.027289 -0.048523 0.131924
v -0.031268 -0.046702 0.129843
v -0.031321 -0.047249 0.126793
v -0.017461 -0.054877 0.105577
v -0.025939 -0.048739 0.136432
v -0.025929 -0.04852 0.14
v -0.035945 -0.047558 0.114922
v -0.038254 -0.047089 0.112099
v -0.035251 -0.044777 0.126898
v -0.033501 -0.045349 0.129731
v -0.036736 -0.043977 0.125673
v -0.036198 -0.045277 0.122284
v -0.028665 -0.047129 0.137763
v -0.029009 -0.046733 0.14
v -0.032923 -0.048534 0.117385
v -0.035824 -0.043552 0.130475
v -0.036932 -0.046358 0.116825
v -0.006884 -0.05971 0.094007
v -0.034335 -0.046903 0.120722
v -0.023798 -0.063047 0.083426
v -0.024627 -0.049572 0.134202
v -0.034164 -0.046089 0.12443
v -0.02996 -0.062548 0.081524
v -0.033122 -0.06187 0.081056
v -0.010108 -0.058521 0.095278
v -0.010454 -0.059258 0.093599
v -0.045701 -0.003172 0.14
v -0.045446 -0.002893 0.14
v -0.049823 -0.000197 0.14
v -0.049679 -0.003474 0.14
v -0.045435 0.002879 0.14
v -0.045707 0.003175 0.14
v -0.049679 0.003474 0.14
v 0 0.092904 0.009493
v 0 0.09242 0.009651
v 0.054508 0.000986 0.13501
v 0.054502 0 0.137967
v 0.054507 -0.000986 0.13501
v 0.012253 0.070365 0.07932
v 0.007262 0.069548 0.084863
v 0.011041 0.070167 0.081635
v 0.006651 0.06946 0.085058
v 0.012485 0.070402 0.078651
v 0.01282 0.070464 0.077117
v 0.003175 0.068891 0.086114
v 0.004283 0.069052 0.086019
v 0.013249 0.070524 0.075041
v 0.001693 0.06865 0.086319
v 0.014369 0.070705 0.067051
v 0.015284 0.070851 0.060589
v 0.016376 0.071019 0.052562
v 0.017456 0.071212 0.043308
v 0.018527 0.071375 0.035028
v 0.019683 0.071553 0.025747
v 0.020368 0.071666 0.019755
v 0.020995 0.071771 0.014106
v 0.009602 0.069927 0.083281
v 0.007791 0.06964 0.084549
v 0.008647 0.06977 0.084074
v 0.010297 0.070046 0.082539
v 0.020617 0.072328 0.012004
v 0.020683 0.072111 0.012443
v 0.020417 0.07257 0.011626
v 0.019669 0.073667 0.010601
v 0.019108 0.074558 0.010215
v 0.019982 0.07306 0.011059
v 0.018501 0.075264 0.010096
v 0.020835 0.071938 0.012962
v 0.020903 0.07184 0.013384
v 0.005005 -0.093635 0.00019
v 0.005478 -0.092447 0.00847
v 0.004701 -0.092797 0.008465
v 0.009032 -0.089966 0.008567
v 0.00757 -0.091164 0.008512
v 0.008556 -0.09098 0.004228
v 0.006613 -0.092859 0.000215
v 0.007412 -0.091838 0.004233
v 0.006477 -0.091894 0.008534
v 0.008176 -0.091819 0.000243
v 0.023169 -0.071899 0.000504
v 0.021496 -0.072612 0.010228
v 0.020063 -0.075182 0.008823
v 0.021729 -0.071979 0.011408
v 0.016332 -0.080918 0.008782
v 0.019688 -0.077452 0.000444
v 0.018136 -0.078177 0.008855
v 0.016538 -0.082216 0.000389
v 0.013935 -0.084317 0.008711
v 0.013616 -0.085656 0.003579
v 0.014889 -0.084538 0.00036
v 0.002407 -0.093468 0.008427
v 0.001606 -0.093576 0.008456
v 0.011029 -0.088471 0.005254
v 0.010606 -0.088379 0.008645
v 0.012294 -0.086443 0.008655
v 0.013036 -0.08695 0.000328
v 0.011557 -0.08868 0.000302
v 0.001738 -0.094465 0.000131
v 0.00344 -0.094155 0.00016
v 0.010096 -0.090186 0.000276
v 0.009715 -0.089984 0.00409
v 0.003518 -0.0932 0.008499
v 0.009144 -0.091043 0.00026
v 0.035485 -0.046128 0.0809
v 0.029873 -0.05409 0.072759
v 0.036337 -0.045981 0.076715
v 0.011781 -0.068074 0.084115
v 0.01359 -0.065545 0.085309
v 0.011895 -0.067253 0.08485
v 0.013788 -0.066881 0.083472
v 0.015583 -0.064658 0.084408
v 0.013913 -0.067685 0.082241
v 0.030079 -0.049326 0.090786
v 0.030893 -0.047915 0.093299
v 0.028223 -0.050271 0.093012
v 0.019181 -0.062163 0.083316
v 0.017239 -0.063488 0.084044
v 0.016268 -0.065216 0.082631
v 0.025436 -0.053495 0.090414
v 0.02822 -0.051365 0.089631
v 0.033861 -0.047537 0.082756
v 0.01725 -0.064981 0.081367
v 0.011643 -0.069653 0.082581
v 0.025439 -0.058461 0.074945
v 0.032033 -0.04974 0.0818
v 0.042953 -0.03826 0.076162
v 0.045517 -0.038296 0.057867
v 0.045204 -0.037217 0.065409
v 0.042597 -0.042106 0.057428
v 0.019297 -0.06432 0.077606
v 0.02539 -0.057582 0.078886
v 0.024499 -0.057823 0.081235
v 0.014321 -0.06787 0.081371
v 0.025373 -0.054391 0.088277
v 0.022395 -0.056983 0.088145
v 0.040343 -0.041022 0.078356
v 0.038728 -0.045732 0.06315
v 0.038928 -0.043623 0.073072
v 0.035829 -0.048624 0.065999
v 0.046559 -0.038356 0.05134
v 0.032112 -0.05247 0.068246
v 0.012386 -0.06977 0.081493
v 0.01313 -0.069918 0.079969
v 0.021019 -0.059498 0.085322
v 0.019459 -0.060585 0.08579
v 0.014887 -0.068026 0.080039
v 0.047411 -0.038774 0.045064
v 0.01371 -0.070084 0.078021
v 0.03566 -0.050857 0.055277
v 0.039952 -0.045876 0.054984
v 0.042194 -0.040553 0.068104
v 0.032572 -0.054977 0.051733
v 0.028107 -0.056873 0.068517
v 0.023166 -0.06184 0.070258
v 0.01769 -0.066383 0.076076
v 0.01403 -0.070195 0.076102
v 0.02785 -0.058364 0.061779
v 0.01878 -0.067461 0.06403
v 0.021748 -0.063923 0.066988
v 0.052731 -0.042583 0.013566
v 0.051144 -0.042491 0.018613
v 0.045452 -0.048511 0.020298
v 0.046759 -0.045158 0.025996
v 0.043486 -0.048889 0.025883
v 0.044995 -0.041061 0.048485
v 0.021152 -0.067038 0.051337
v 0.025301 -0.064641 0.039449
v 0.022645 -0.06438 0.058685
v 0.054098 -0.043492 0.007887
v 0.003371 -0.055626 0.106834
v 0.042936 -0.051193 0.020266
v 0.044328 -0.051413 0.0152
v 0.047456 -0.047758 0.016203
v 0.003182 -0.055999 0.104998
v 0.040981 -0.051574 0.025854
v 0.006154 -0.055497 0.106086
v 0.054542 -0.045042 0.003714
v 0.002962 -0.056487 0.103261
v 0.045782 -0.042154 0.040134
v 0.0481 -0.048996 0.011111
v 0.050227 -0.045619 0.013606
v 0.040044 -0.054144 0.020025
v 0.037712 -0.054919 0.025774
v 0.008284 -0.055069 0.106893
v 0.005957 -0.056144 0.103526
v 0.045863 -0.05154 0.010457
v 0.011719 -0.054529 0.106089
v 0.02991 -0.061536 0.030333
v 0.03246 -0.058446 0.033482
v 0.025023 -0.065799 0.033513
v 0.04105 -0.055084 0.013501
v 0.048541 -0.039035 0.038644
v 0.049313 -0.049287 0.007293
v 0.051474 -0.046092 0.009111
v 0.029403 -0.060429 0.039773
v 0.038065 -0.056122 0.01966
v 0.048228 -0.041082 0.033125
v 0.04419 -0.05304 0.01078
v 0.044319 -0.044627 0.037573
v 0.039336 -0.05639 0.014298
v 0.049527 -0.040781 0.028934
v 0.008994 -0.055331 0.104898
v 0.041318 -0.047242 0.041271
v 0.042418 -0.048123 0.03272
v 0.035368 -0.058337 0.020701
v 0.034041 -0.058289 0.026585
v 0.04566 -0.04486 0.031097
v 0.038422 -0.051404 0.037388
v 0.030418 -0.062127 0.024193
v 0.050741 -0.04966 0.003071
v 0.051887 -0.04944 0.001006
v 0.052773 -0.046525 0.004921
v 0.002476 -0.058196 0.098961
v 0.002785 -0.057125 0.101443
v 0.042948 -0.055843 0.005835
v 0.050962 -0.040964 0.02318
v 0.034027 -0.060625 0.015489
v 0.036849 -0.058582 0.014089
v 0.026049 -0.06584 0.026415
v 0.010467 -0.055664 0.102629
v 0.007621 -0.055799 0.103905
v 0.03115 -0.057987 0.04341
v 0.034468 -0.055646 0.03728
v 0.034583 -0.054113 0.044513
v 0.047431 -0.053811 0.000928
v 0.046871 -0.052818 0.00459
v 0.048181 -0.045646 0.019695
v 0.04503 -0.054526 0.004469
v 0.038435 -0.058188 0.010465
v 0.040251 -0.050956 0.03105
v 0.040525 -0.056762 0.009399
v 0.037262 -0.054134 0.030901
v 0.033988 -0.061458 0.011549
v 0.035569 -0.060932 0.008373
v 0.019809 -0.071114 0.03225
v 0.020738 -0.071302 0.023996
v 0.001789 -0.059576 0.096417
v 0.043587 -0.057021 0.000861
v 0.003922 -0.059528 0.096375
v 0.0415 -0.057387 0.004683
v 0.03148 -0.062228 0.018293
v 0.028197 -0.065132 0.017878
v 0.02352 -0.069134 0.019928
v 0.005139 -0.057925 0.099159
v 0.039377 -0.059034 0.0046
v 0.039218 -0.060181 0.000785
v 0.030639 -0.064184 0.010822
v 0.025159 -0.068116 0.015972
v 0.021285 -0.07141 0.019039
v 0.036661 -0.060955 0.004644
v 0.022002 -0.071471 0.013205
v 0.02339 -0.0706 0.009365
v 0.006537 -0.059299 0.096302
v 0.008426 -0.058562 0.097019
v 0.005767 -0.058666 0.09759
v 0.010312 -0.058223 0.096895
v 0.012313 -0.057508 0.097203
v 0.010475 -0.057189 0.09885
v 0.027171 -0.068302 0.000575
v 0.030895 -0.065549 0.000639
v 0.02956 -0.065855 0.005172
v 0.024546 -0.070565 0.000528
v 0.025247 -0.068859 0.009489
v 0.018986 -0.05288 0.102796
v 0.018631 -0.052674 0.104396
v 0.015732 -0.054259 0.102354
v 0.024557 -0.050127 0.103277
v 0.02153 -0.051641 0.103238
v 0.02052 -0.051894 0.104435
v 0.014241 -0.055394 0.100519
v 0.013098 -0.055063 0.102427
v 0.012225 -0.055936 0.100671
v 0.0173 -0.053935 0.101534
v 0.023396 -0.050952 0.102038
v 0.027073 -0.048881 0.101892
v 0.021796 -0.05199 0.101245
v 0.013238 -0.05646 0.098754
v 0.024706 -0.050451 0.100995
v 0.032968 -0.045567 0.096102
v 0.035055 -0.044172 0.093323
v 0.033558 -0.044961 0.096967
v 0.018819 -0.053908 0.099737
v 0.026947 -0.049242 0.10026
v 0.021901 -0.052431 0.099532
v 0.02004 -0.053719 0.098647
v 0.029006 -0.048023 0.099449
v 0.016952 -0.055416 0.09802
v 0.016367 -0.054743 0.100236
v 0.003461 -0.062164 0.092611
v 0.005435 -0.06056 0.094561
v 0.002407 -0.0607 0.094646
v 0.023637 -0.051676 0.098785
v 0.025412 -0.050691 0.09839
v 0.004957 -0.062349 0.092244
v 0.027294 -0.067127 0.009129
v 0.015029 -0.056092 0.098217
v 0.016346 -0.053493 0.104508
v 0.014251 -0.054097 0.104767
v 0.027198 -0.049532 0.098249
v 0.014851 -0.054155 0.103767
v 0.002049 -0.06379 0.090813
v 0.011457 -0.058662 0.095598
v 0.008934 -0.060009 0.094483
v 0.007181 -0.061844 0.092487
v 0.006918 -0.060551 0.094271
v 0.029001 -0.048523 0.097081
v 0.030372 -0.047303 0.097953
v 0.015688 -0.056802 0.096254
v 0.013364 -0.058063 0.095558
v 0.001492 -0.065325 0.089318
v 0.02279 -0.052868 0.096855
v 0.009789 -0.06047 0.093512
v 0.004263 -0.064252 0.090254
v 0.031091 -0.047273 0.095314
v 0.014337 -0.058417 0.094326
v 0.029313 -0.048712 0.095343
v 0.006839 -0.062952 0.091237
v 0.025584 -0.051169 0.096478
v 0.001589 -0.062406 0.092357
v 0.001546 -0.061382 0.093683
v 0.011417 -0.060344 0.093021
v 0.023496 -0.053287 0.094586
v 0.025173 -0.052221 0.094281
v 0.008695 -0.062154 0.091685
v 0.021749 -0.054752 0.093871
v 0.012979 -0.060488 0.092005
v 0.02678 -0.050883 0.094658
v 0.004004 -0.066907 0.088001
v 0.003032 -0.065792 0.088937
v 0.002294 -0.067142 0.087916
v 0.008034 -0.063751 0.090069
v 0.034434 -0.04527 0.090528
v 0.036944 -0.042699 0.09129
v 0.010671 -0.062264 0.090824
v 0.013064 -0.061735 0.090275
v 0.014885 -0.059319 0.092508
v 0.002069 -0.068115 0.087281
v 0.003768 -0.068464 0.086977
v 0.03758 -0.042396 0.089036
v 0.032908 -0.046308 0.092443
v 0.035418 -0.04472 0.088354
v 0.037679 -0.042806 0.085741
v 0.021295 -0.056042 0.091814
v 0.018973 -0.057886 0.091177
v 0.025081 -0.053052 0.092281
v 0.031511 -0.048456 0.089021
v 0.009002 -0.064337 0.089157
v 0.020417 -0.054149 0.097039
v 0.004636 -0.068507 0.086869
v 0.005714 -0.06705 0.087672
v 0.010828 -0.06354 0.089276
v 0.022991 -0.055526 0.090249
v 0.009238 -0.065467 0.087987
v 0.038141 -0.042974 0.081805
v 0.030641 -0.049977 0.086572
v 0.033517 -0.047197 0.085904
v 0.018573 -0.05516 0.09694
v 0.012409 -0.063468 0.088539
v 0.014651 -0.061878 0.089014
v 0.015797 -0.059864 0.090982
v 0.006562 -0.067585 0.087108
v 0.005932 -0.068822 0.086423
v 0.0433 -0.043893 0.045455
v 0.010779 -0.065183 0.087571
v 0.017574 -0.059802 0.089456
v 0.026638 -0.053914 0.086451
v 0.015883 -0.062251 0.087452
v 0.019517 -0.059158 0.088279
v 0.021151 -0.056871 0.090322
v 0.013232 -0.064075 0.087288
v 0.029859 -0.051508 0.083931
v 0.008025 -0.066911 0.087195
v 0.008442 -0.067641 0.08647
v 0.007172 -0.068908 0.086046
v 0.021096 -0.054207 0.096024
v 0.040216 -0.047091 0.047683
v 0.037418 -0.05072 0.045769
v 0.027262 -0.053765 0.085137
v 0.016795 -0.057083 0.094777
v 0.009601 -0.067361 0.086174
v 0.019195 -0.055944 0.094621
v 0.022626 -0.05808 0.085291
v 0.014613 -0.063771 0.086568
v 0.017028 -0.062383 0.086029
v 0.011134 -0.066715 0.085899
v 0.008141 -0.069092 0.085554
v 0.010265 -0.068163 0.085156
v 0.023698 -0.057928 0.083222
v 0.021366 -0.060641 0.0821
v 0.00505 -0.065854 0.088709
v 0.005921 -0.064446 0.089852
v 0.009683 -0.069294 0.084612
v 0.010834 -0.069485 0.083572
v 0.017562 -0.057752 0.092883
v 0.017842 -0.065271 0.079365
v 0.005616 -0.056892 0.101463
v 0.011871 -0.054753 0.104715
v 0.007553 -0.065274 0.088716
v 0.007808 -0.056688 0.101217
v 0.013934 -0.070122 0.077011
v 0.025535 -0.061288 0.05914
v 0.007191 -0.057591 0.099339
v 0.010196 -0.056463 0.100612
v 0.017307 -0.070682 0.05254
v 0.017806 -0.070825 0.048136
v 0.031907 -0.064075 0.005633
v 0.034577 -0.062667 0.003293
v 0.014951 -0.070358 0.069597
v 0.015533 -0.070498 0.064991
v 0.016178 -0.070573 0.060483
v 0.01676 -0.070601 0.056649
v 0.018888 -0.070942 0.040038
v 0.004918 0.092704 0.00847
v 0.004738 0.093739 0.000183
v 0.003897 0.093402 0.00568
v 0.021379 0.072785 0.010289
v 0.020738 0.075794 0.000465
v 0.019926 0.07537 0.008936
v 0.005691 0.092683 0.005639
v 0.005955 0.093204 0.000204
v 0.004334 0.092923 0.008556
v 0.003309 0.093264 0.008461
v 0.006959 0.091956 0.005691
v 0.007181 0.092507 0.000225
v 0.005991 0.092173 0.008536
v 0.008373 0.091673 0.000247
v 0.008871 0.090067 0.008712
v 0.009969 0.090324 0.000274
v 0.010793 0.088175 0.008665
v 0.012911 0.087113 0.000325
v 0.0081 0.090745 0.008566
v 0.009685 0.089337 0.008613
v 0.021703 0.072005 0.011434
v 0.023171 0.071895 0.000505
v 0.016338 0.082506 0.000385
v 0.01403 0.08417 0.008754
v 0.014951 0.082874 0.008836
v 0.017454 0.079223 0.008823
v 0.016248 0.080992 0.008908
v 0.018474 0.077646 0.008879
v 0.011614 0.087235 0.008715
v 0.012685 0.085942 0.008716
v 0.014661 0.084843 0.000356
v 0.003562 0.094116 0.000162
v 0.002079 0.094421 0.000136
v 0.000802 0.094542 0.000114
v 0.001237 0.093622 0.008431
v 0.002364 0.093467 0.008466
v 0.007267 0.091377 0.008549
v 0.063217 0.010059 0.029324
v 0.061801 0.010566 0.03602
v 0.061951 0.007799 0.037508
v 0.058062 0.022999 0.037439
v 0.058678 0.02451 0.031472
v 0.05683 0.025908 0.037405
v 0.06987 0.007484 0.005123
v 0.067467 0.010657 0.011628
v 0.0695 0.00638 0.006628
v 0.062952 0.021689 0.018073
v 0.062271 0.019904 0.023086
v 0.064163 0.017826 0.018082
v 0.06942 0.010956 0.005106
v 0.068701 0.003271 0.010031
v 0.067522 0.00723 0.013056
v 0.067782 0.004174 0.013052
v 0.058876 0.027657 0.024489
v 0.056914 0.028322 0.031499
v 0.058137 0.038987 0.005947
v 0.058797 0.036954 0.007761
v 0.060362 0.03524 0.006275
v 0.06995 0.01497 0.001322
v 0.067933 0.014432 0.007751
v 0.064964 0.03006 0.001234
v 0.062924 0.031311 0.005083
v 0.064237 0.028486 0.005123
v 0.069091 0.018597 0.001306
v 0.067743 0.01883 0.005032
v 0.065393 0.025721 0.005123
v 0.064412 0.023758 0.010422
v 0.066438 0.02289 0.005123
v 0.057266 0.043006 0.0011
v 0.056489 0.041654 0.00538
v 0.059553 0.039779 0.001139
v 0.057569 0.030287 0.024483
v 0.056372 0.035429 0.018086
v 0.053012 0.037865 0.024124
v 0.055074 0.034614 0.024493
v 0.053824 0.038367 0.020036
v 0.066096 0.017278 0.011569
v 0.066428 0.01411 0.013054
v 0.065132 0.013837 0.018073
v 0.055621 0.028391 0.037442
v 0.061028 0.022513 0.024488
v 0.065845 0.004057 0.02051
v 0.064679 0.00693 0.024487
v 0.064029 0.003038 0.028887
v 0.055449 0.031141 0.03139
v 0.066541 0.001736 0.018079
v 0.056382 0.032437 0.024487
v 0.06262 0.00228 0.036247
v 0.062309 0.035253 0.001188
v 0.061264 0.013259 0.036133
v 0.062647 0.013263 0.029204
v 0.054337 0.030864 0.03722
v 0.063339 0.026485 0.010421
v 0.053828 0.033816 0.031516
v 0.059594 0.03257 0.013077
v 0.061624 0.032615 0.006834
v 0.052606 0.036807 0.028406
v 0.062264 0.02449 0.016782
v 0.052622 0.033594 0.037556
v 0.062874 0.016687 0.02449
v 0.061259 0.016268 0.032454
v 0.06577 0.01039 0.018082
v 0.063948 0.013586 0.023088
v 0.064574 0.010201 0.023098
v 0.061919 0.029044 0.011311
v 0.059605 0.029671 0.018082
v 0.061163 0.027122 0.016782
v 0.06513 0.019222 0.013062
v 0.051166 0.036083 0.036491
v 0.067855 0.022727 0.001284
v 0.060659 0.020017 0.029985
v 0.066204 0.007092 0.018075
v 0.060012 0.025097 0.024488
v 0.05701 0.036867 0.01315
v 0.063037 0.00596 0.032794
v 0.058048 0.03262 0.018075
v 0.055309 0.040715 0.01032
v 0.064847 0.021473 0.011595
v 0.06658 0.026233 0.001262
v 0.070247 0.002629 0.005044
v 0.071246 0.006538 0.001343
v 0.060053 0.017102 0.037502
v 0.05913 0.020039 0.03754
v 0.070643 0.011311 0.001333
v 0.05431 0.039591 0.015641
v 0.038867 0.043083 0.076465
v 0.040269 0.040563 0.081791
v 0.043438 0.037193 0.079695
v 0.037584 0.04361 0.081789
v 0.017605 0.061074 0.087393
v 0.015806 0.061986 0.087904
v 0.017487 0.059268 0.090384
v 0.044978 0.036077 0.074055
v 0.042473 0.038958 0.075394
v 0.001374 0.06414 0.090441
v 0.033076 0.047881 0.084978
v 0.029253 0.052307 0.083294
v 0.031608 0.04871 0.087691
v 0.02787 0.053175 0.085099
v 0.020801 0.057804 0.089014
v 0.018773 0.060664 0.086612
v 0.006729 0.068787 0.086266
v 0.00732 0.06782 0.086737
v 0.008065 0.069079 0.085599
v 0.008958 0.067536 0.086332
v 0.002008 0.062421 0.092348
v 0.004583 0.062475 0.092147
v 0.002625 0.063397 0.091231
v 0.001082 0.066199 0.088577
v 0.011411 0.067257 0.085197
v 0.010363 0.066164 0.086848
v 0.012471 0.065039 0.086748
v 0.014414 0.06411 0.086328
v 0.003808 0.06473 0.089827
v 0.01581 0.064102 0.084921
v 0.034919 0.046458 0.082371
v 0.028909 0.053453 0.080363
v 0.046831 0.034942 0.066175
v 0.043619 0.038565 0.06922
v 0.00202 0.065527 0.089165
v 0.010061 0.067973 0.085437
v 0.009125 0.069195 0.085006
v 0.006173 0.060809 0.094053
v 0.006356 0.062501 0.091851
v 0.029564 0.053555 0.076904
v 0.033764 0.049311 0.074764
v 0.045327 0.037273 0.064218
v 0.013628 0.066033 0.084698
v 0.016761 0.064038 0.083823
v 0.010101 0.06936 0.084258
v 0.040323 0.042358 0.070788
v 0.024713 0.056672 0.083943
v 0.021233 0.060818 0.081984
v 0.022491 0.058149 0.085419
v 0.019255 0.060912 0.085508
v 0.018372 0.063112 0.082893
v 0.012004 0.067918 0.084075
v 0.045932 0.038075 0.05629
v 0.011018 0.06952 0.083361
v 0.014264 0.067061 0.082647
v 0.024047 0.058348 0.081035
v 0.00336 0.067024 0.087968
v 0.048268 0.033599 0.062738
v 0.012776 0.067976 0.083261
v 0.007692 0.063648 0.09028
v 0.00533 0.063971 0.090416
v 0.006119 0.064795 0.089484
v 0.008782 0.062573 0.091167
v 0.002209 0.068169 0.087232
v 0.037325 0.046162 0.069685
v 0.015209 0.066833 0.081604
v 0.005164 0.066084 0.08851
v 0.011515 0.069664 0.082703
v 0.023361 0.053133 0.095238
v 0.022194 0.054548 0.093684
v 0.021069 0.054746 0.094819
v 0.016094 0.066485 0.080635
v 0.018634 0.057055 0.093066
v 0.020443 0.056481 0.092061
v 0.023962 0.059281 0.078169
v 0.018129 0.065487 0.077788
v 0.012086 0.069788 0.081868
v 0.048739 0.03495 0.05327
v 0.026394 0.051146 0.094747
v 0.023521 0.054291 0.092147
v 0.017026 0.066168 0.079201
v 0.012642 0.069887 0.080895
v 0.024467 0.059473 0.075036
v 0.04004 0.044691 0.06037
v 0.007049 0.065435 0.088694
v 0.008488 0.064257 0.089417
v 0.013224 0.069967 0.079621
v 0.033933 0.050533 0.0675
v 0.030099 0.055105 0.066227
v 0.027069 0.057364 0.071755
v 0.038476 0.041457 0.089182
v 0.033972 0.045875 0.08979
v 0.036065 0.043525 0.091443
v 0.005366 0.067492 0.087418
v 0.003433 0.068353 0.087079
v 0.004243 0.068457 0.086946
v 0.014135 0.070069 0.076301
v 0.040206 0.045786 0.05391
v 0.047447 0.038147 0.047311
v 0.043412 0.041894 0.053653
v 0.035744 0.044649 0.086949
v 0.00865 0.065081 0.088557
v 0.045906 0.04093 0.044251
v 0.042788 0.044486 0.045604
v 0.039047 0.048488 0.047579
v 0.035295 0.051035 0.056513
v 0.025435 0.053091 0.091462
v 0.023632 0.054948 0.090437
v 0.02202 0.062757 0.071707
v 0.021258 0.064311 0.067676
v 0.014179 0.070225 0.07509
v 0.043831 0.044596 0.039963
v 0.01932 0.058214 0.090202
v 0.026258 0.059368 0.065847
v 0.025352 0.061444 0.059352
v 0.039734 0.048942 0.041823
v 0.003125 0.055468 0.108425
v 0.004114 0.055594 0.10672
v 0.029455 0.057902 0.054399
v 0.035496 0.052945 0.045386
v 0.006784 0.066853 0.08759
v 0.005602 0.055294 0.107978
v 0.042121 0.048134 0.033989
v 0.014543 0.070244 0.072784
v 0.020237 0.066308 0.062052
v 0.015004 0.070369 0.069185
v 0.039065 0.05061 0.037765
v 0.002355 0.056572 0.103063
v 0.031711 0.057936 0.040392
v 0.004962 0.068553 0.086792
v 0.005872 0.068746 0.086496
v 0.038996 0.052349 0.030839
v 0.007736 0.055072 0.107469
v 0.03424 0.055907 0.037181
v 0.027032 0.052038 0.090705
v 0.006075 0.055988 0.104045
v 0.008151 0.055386 0.105304
v 0.036727 0.054455 0.031912
v 0.045348 0.048716 0.020026
v 0.044989 0.046698 0.027617
v 0.047462 0.045242 0.023256
v 0.053621 0.042159 0.011948
v 0.051508 0.041764 0.019276
v 0.051407 0.043986 0.014099
v 0.048652 0.046356 0.016341
v 0.025585 0.054258 0.088142
v 0.026942 0.053372 0.08718
v 0.00445 0.056851 0.101854
v 0.032433 0.058725 0.032178
v 0.027573 0.061742 0.043227
v 0.027519 0.062608 0.038102
v 0.042356 0.050438 0.02477
v 0.006241 0.056712 0.101726
v 0.043772 0.051502 0.016558
v 0.049897 0.046779 0.011718
v 0.054587 0.044069 0.005465
v 0.008527 0.066312 0.087502
v 0.002309 0.057464 0.100639
v 0.001796 0.058224 0.098974
v 0.047083 0.049704 0.012032
v 0.052591 0.046392 0.005636
v 0.021085 0.06706 0.05165
v 0.023999 0.066542 0.035308
v 0.021904 0.057836 0.087197
v 0.05088 0.048176 0.005926
v 0.018319 0.070869 0.044419
v 0.048849 0.05059 0.005307
v 0.045904 0.0521 0.008819
v 0.044576 0.0536 0.008139
v 0.005229 0.057671 0.099709
v 0.019308 0.071063 0.036162
v 0.018706 0.070962 0.041059
v 0.046288 0.053401 0.004467
v 0.035209 0.059052 0.018135
v 0.031479 0.061426 0.022728
v 0.034525 0.058287 0.024463
v 0.003529 0.059106 0.097139
v 0.002488 0.059788 0.096047
v 0.048512 0.052796 0.000947
v 0.026588 0.065675 0.024076
v 0.02793 0.063474 0.030094
v 0.004798 0.058547 0.098005
v 0.031411 0.06255 0.016819
v 0.028056 0.065414 0.016787
v 0.024831 0.068471 0.015464
v 0.038436 0.059653 0.004841
v 0.035951 0.060965 0.006879
v 0.035906 0.060018 0.011236
v 0.029524 0.065313 0.009152
v 0.032097 0.062566 0.013533
v 0.03212 0.063379 0.008854
v 0.037059 0.06159 0.000747
v 0.041837 0.05836 0.00083
v 0.040596 0.057922 0.005271
v 0.026917 0.067318 0.010119
v 0.03418 0.062768 0.004115
v 0.030752 0.065137 0.004075
v 0.033012 0.064162 0.000677
v 0.021883 0.071525 0.013597
v 0.023561 0.070451 0.009246
v 0.025028 0.068907 0.010668
v 0.02898 0.066893 0.000606
v 0.0268 0.068604 0.000568
v 0.023167 0.050845 0.103236
v 0.02162 0.051911 0.101853
v 0.021618 0.05144 0.104205
v 0.024858 0.050086 0.10239
v 0.024998 0.049785 0.104369
v 0.027553 0.04848 0.103042
v 0.010282 0.05658 0.100287
v 0.009374 0.057746 0.098196
v 0.008275 0.057332 0.099496
v 0.012334 0.056261 0.099789
v 0.030075 0.047015 0.101955
v 0.028974 0.047798 0.101064
v 0.027073 0.048984 0.10123
v 0.006979 0.058315 0.097934
v 0.015665 0.054378 0.102027
v 0.017622 0.05384 0.101412
v 0.014687 0.055538 0.099794
v 0.024485 0.050687 0.100579
v 0.00861 0.059097 0.096048
v 0.005511 0.05952 0.096163
v 0.011404 0.057744 0.097258
v 0.017367 0.054567 0.099681
v 0.021741 0.052527 0.09951
v 0.020049 0.052738 0.101576
v 0.020105 0.053423 0.099368
v 0.026718 0.049785 0.098538
v 0.010963 0.059066 0.095155
v 0.013619 0.056618 0.098172
v 0.016813 0.055694 0.097536
v 0.008308 0.06033 0.094225
v 0.019551 0.054486 0.097358
v 0.011516 0.054328 0.108709
v 0.011755 0.054422 0.106699
v 0.010111 0.05467 0.107548
v 0.024208 0.051245 0.099088
v 0.02188 0.053318 0.097085
v 0.014572 0.057377 0.096
v 0.013126 0.05814 0.095584
v 0.024049 0.051786 0.097674
v 0.017788 0.056039 0.095887
v 0.008246 0.061739 0.092338
v 0.011355 0.054892 0.104654
v 0.016516 0.057513 0.094237
v 0.025316 0.051397 0.096351
v 0.01154 0.059991 0.093472
v 0.014487 0.058782 0.093653
v 0.019382 0.055734 0.094826
v 0.031451 0.046793 0.096174
v 0.028705 0.049084 0.095757
v 0.029619 0.047962 0.097492
v 0.029995 0.048417 0.094322
v 0.027501 0.050739 0.093394
v 0.042096 0.041604 0.063129
v 0.039833 0.040076 0.089192
v 0.038817 0.040873 0.091398
v 0.028826 0.050247 0.091415
v 0.015604 0.059822 0.091196
v 0.013882 0.060242 0.09181
v 0.012278 0.061124 0.091515
v 0.030777 0.04857 0.091204
v 0.041275 0.038836 0.086501
v 0.038502 0.042026 0.085109
v 0.032516 0.046578 0.092874
v 0.001518 0.060435 0.095043
v 0.012052 0.062513 0.089868
v 0.010529 0.062582 0.090492
v 0.042994 0.036963 0.086134
v 0.01293 0.06296 0.088806
v 0.014298 0.062325 0.088659
v 0.029721 0.050213 0.088857
v 0.010651 0.064308 0.088532
v 0.002405 0.061443 0.0936
v 0.004203 0.060853 0.094292
v 0.000923 0.067995 0.087296
v 0.013605 0.070035 0.078482
v 0.049967 0.035239 0.045214
v 0.013903 0.070136 0.077052
v 0.048351 0.03876 0.040474
v 0.016054 0.070488 0.061949
v 0.015466 0.070479 0.065586
v 0.017078 0.070709 0.053786
v 0.01653 0.070574 0.058301
v 0.017663 0.070795 0.049353
v 0.049896 0.039063 0.032642
v 0.046887 0.041981 0.035821
v 0.028502 0.048529 0.098637
v 0.044149 0.04579 0.034024
v 0.048033 0.041829 0.031537
v 0.050745 0.04085 0.024192
v 0.04909 0.042584 0.025244
v 0.036204 0.043071 0.093778
v 0.03741 0.041934 0.094273
v 0.040037 0.05287 0.024673
v 0.040921 0.053661 0.018721
v 0.0373 0.055649 0.024441
v 0.038794 0.056057 0.017287
v 0.042185 0.053899 0.013945
v 0.042759 0.055721 0.006656
v 0.050943 0.050414 0.000989
v 0.054193 0.046875 0.001046
v 0.040188 0.056415 0.011558
v 0.038215 0.057567 0.0135
v 0.019934 0.071097 0.031521
v 0.045317 0.055614 0.000891
v 0.023214 0.068728 0.025208
v 0.020857 0.071289 0.0233
v 0.024743 0.070388 0.000532
v 0.020133 0.051895 0.10565
v 0.02168 0.05124 0.105911
v 0.023559 0.050444 0.104966
v 0.018502 0.052871 0.103711
v 0.013025 0.055266 0.101906
v 0.016692 0.053681 0.103185
v 0.03157 0.046128 0.100103
v 0.033569 0.044811 0.098223
v 0.031657 0.046215 0.098742
v 0.033953 0.044708 0.096413
v 0.035026 0.043671 0.098225
v 0.033241 0.04556 0.094749
v 0.014042 0.053777 0.107521
v 0.015056 0.053626 0.106166
v 0.016795 0.052983 0.107589
v 0.009212 0.055561 0.103813
v 0.013617 0.054407 0.10423
v 0.017948 0.05273 0.105738
v 0.019382 0.052096 0.107351
v 0.012021 0.055163 0.103056
v 0.009273 0.056054 0.102218
v 0.015833 0.053656 0.104542
v 0.004283 -0.091604 0.009673
v 0.012526 -0.084088 0.009886
v 0.007736 -0.089458 0.009748
v 0.018504 -0.075198 0.010096
v 0.020912 -0.071775 0.013899
v 0.019987 -0.071623 0.022321
v 0.019084 -0.071462 0.030803
v 0.018048 -0.071301 0.038861
v 0.017042 -0.071141 0.046881
v 0.016066 -0.07098 0.054378
v 0.014954 -0.070805 0.06269
v 0.014075 -0.070661 0.069035
v 0 -0.06839 0.086162
v 0.012874 -0.070468 0.077181
v 0.001835 -0.06867 0.086306
v 0.003908 -0.06901 0.085977
v 0.005366 -0.069248 0.085609
v 0.011885 -0.070308 0.080144
v 0.007376 -0.069575 0.084794
v 0.011329 -0.070226 0.080719
v 0.010664 -0.070107 0.082105
v 0.008548 -0.069753 0.084214
v 0.009903 -0.069984 0.082966
v 0.010874 0.086065 0.009868
v 0.009835 0.087444 0.009818
v 0.009112 0.088275 0.009794
v 0.008196 0.08905 0.009784
v 0.005355 0.091071 0.009732
v 0.003624 0.091828 0.009701
v 0.002649 0.092134 0.009682
v 0.000729 0.092358 0.009662
v 0.012341 0.084544 0.009877
v 0.013172 0.083395 0.009906
v 0.014317 0.081692 0.009952
v 0.015546 0.079913 0.009988
v 0.016828 0.078025 0.010027
v 0.057344 0.020537 0.046702
v 0.05471 0.022804 0.058713
v 0.056105 0.020089 0.056211
v 0.056223 0.023431 0.046702
v 0.058315 0.01759 0.046702
v 0.057858 0.014278 0.056211
v 0.056102 0.016957 0.06449
v 0.056994 0.014067 0.063645
v 0.057056 0.017206 0.05621
v 0.060224 0.005385 0.0498
v 0.058691 0.00828 0.058712
v 0.059037 0.005281 0.058712
v 0.059871 0.008445 0.0498
v 0.059553 0.002279 0.056189
v 0.058567 0.00229 0.064464
v 0.054957 0.026264 0.046702
v 0.053794 0.024877 0.05871
v 0.055022 0.020275 0.064271
v 0.057665 0.011201 0.063309
v 0.056404 0.012418 0.072973
v 0.057079 0.009542 0.07168
v 0.052809 0.026914 0.058713
v 0.05851 0.011312 0.05621
v 0.060111 0.010153 0.046363
v 0.05391 0.028342 0.046699
v 0.055656 0.015278 0.073428
v 0.059488 0.013086 0.046702
v 0.051652 0.029723 0.056211
v 0.052791 0.030383 0.046702
v 0.05481 0.018086 0.073401
v 0.06155 0.004196 0.041787
v 0.061307 0.002351 0.043935
v 0.051207 0.033008 0.046611
v 0.049682 0.032931 0.056185
v 0.053818 0.020862 0.073374
v 0.05894 0.015348 0.046699
v 0.060946 0.007015 0.043959
v 0.057597 0.003697 0.073422
v 0.057789 0.006028 0.069447
v 0.052424 0.024489 0.071766
v 0.050528 0.02921 0.066721
v 0.052986 0.022928 0.07315
v 0.050126 0.030629 0.063309
v 0.051772 0.026383 0.069335
v 0.050117 0.028694 0.073017
v 0.048516 0.031335 0.072971
v 0.046778 0.033833 0.073247
v 0.054946 0.012091 0.093024
v 0.054441 0.011977 0.103435
v 0.055491 0.009277 0.093024
v 0.055698 0.002216 0.103452
v 0.055277 0.004942 0.109856
v 0.055463 0.002194 0.109585
v 0.028649 0.047608 0.108057
v 0.055522 0.004965 0.103436
v 0.049694 0.023723 0.127926
v 0.050291 0.022274 0.14
v 0.050961 0.020799 0.131354
v 0.047036 0.032135 0.082489
v 0.048632 0.029667 0.082476
v 0.051396 0.024565 0.082495
v 0.050862 0.024056 0.092939
v 0.052582 0.021916 0.082475
v 0.051645 0.022306 0.093022
v 0.051754 0.020038 0.109857
v 0.051249 0.020594 0.119247
v 0.052535 0.017595 0.112466
v 0.041931 0.036192 0.11302
v 0.041398 0.036296 0.128419
v 0.042994 0.034659 0.119379
v 0.044749 0.032369 0.11925
v 0.044583 0.032287 0.130572
v 0.046524 0.02998 0.114152
v 0.046385 0.029652 0.129221
v 0.038148 0.040316 0.109861
v 0.036983 0.041011 0.119403
v 0.039568 0.038542 0.119238
v 0.048609 0.025761 0.14
v 0.043986 0.035075 0.093018
v 0.043328 0.035072 0.103429
v 0.045584 0.032977 0.093027
v 0.044936 0.032834 0.105479
v 0.054928 0.002913 0.14
v 0.054335 0.009938 0.119107
v 0.05404 0.01045 0.130945
v 0.054502 0.007684 0.130945
v 0.039564 0.039729 0.096664
v 0.041123 0.038179 0.095723
v 0.054825 0.004924 0.130548
v 0.047588 0.029029 0.103435
v 0.047645 0.028261 0.112591
v 0.049005 0.026567 0.103434
v 0.048789 0.02645 0.109853
v 0.053741 0.013559 0.111962
v 0.052409 0.016841 0.129298
v 0.053537 0.012881 0.127933
v 0.034945 0.042754 0.119953
v 0.03603 0.042423 0.105364
v 0.048063 0.026835 0.131137
v 0.054439 0.014183 0.093022
v 0.053761 0.014734 0.103436
v 0.0428 0.034636 0.129519
v 0.042516 0.036624 0.095733
v 0.049381 0.026975 0.092881
v 0.050232 0.027234 0.080126
v 0.045031 0.034882 0.082613
v 0.055206 0.007058 0.105359
v 0.046359 0.029589 0.14
v 0.05085 0.021979 0.11259
v 0.033227 0.044137 0.118768
v 0.034332 0.043673 0.108218
v 0.026024 0.049043 0.109145
v 0.041914 0.036685 0.104336
v 0.053724 0.016212 0.095731
v 0.054981 0.009189 0.103436
v 0.054761 0.008416 0.112367
v 0.046027 0.031446 0.103438
v 0.032669 0.044995 0.106812
v 0.051899 0.018435 0.127195
v 0.04458 0.032213 0.14
v 0.055169 0.002813 0.119018
v 0.040037 0.037757 0.131716
v 0.040645 0.038023 0.105386
v 0.048393 0.028686 0.093022
v 0.053205 0.01632 0.105519
v 0.054488 0.01054 0.109855
v 0.030924 0.046148 0.108224
v 0.030988 0.045713 0.119283
v 0.054632 0.006384 0.14
v 0.042848 0.034478 0.14
v 0.049998 0.02548 0.095733
v 0.038521 0.039293 0.132154
v 0.047262 0.030522 0.093025
v 0.039339 0.039493 0.103435
v 0.052479 0.018796 0.103435
v 0.053197 0.018298 0.093021
v 0.027918 0.047663 0.119254
v 0.053085 0.014546 0.130944
v 0.048553 0.02632 0.119243
v 0.049996 0.023891 0.112313
v 0.036765 0.040946 0.1321
v 0.052465 0.020316 0.093023
v 0.043392 0.034597 0.10983
v 0.054229 0.009203 0.14
v 0.034484 0.042924 0.129532
v 0.051453 0.021444 0.103434
v 0.041039 0.03662 0.14
v 0.024747 0.049373 0.119257
v 0.054866 0.006317 0.119242
v 0.0376 0.041149 0.103425
v 0.038077 0.039723 0.14
v 0.056736 0.006831 0.080027
v 0.05692 0.002238 0.082498
v 0.056739 0.005073 0.082485
v 0.03146 0.045159 0.131997
v 0.022095 0.050616 0.119274
v 0.056186 0.00939 0.082486
v 0.056215 0.002229 0.093046
v 0.034465 0.042861 0.14
v 0.019607 0.051636 0.11907
v 0.050294 0.024037 0.103436
v 0.015073 0.053256 0.114548
v 0.028684 0.046962 0.132177
v 0.055634 0.012241 0.082495
v 0.05368 0.011995 0.14
v 0.056037 0.005013 0.093024
v 0.026501 0.048226 0.132655
v 0.032257 0.044546 0.14
v 0.017776 0.052284 0.119483
v 0.05494 0.015059 0.082477
v 0.0558 0.007152 0.093022
v 0.009473 0.054528 0.114575
v 0.054281 0.01658 0.085224
v 0.023492 0.049795 0.12951
v 0.029143 0.046657 0.14
v 0.053629 0.019211 0.082486
v 0.006478 0.054971 0.114383
v 0.020935 0.050901 0.131253
v 0.05281 0.01541 0.14
v 0.019173 0.051611 0.129555
v 0.004584 0.055173 0.113931
v 0.025042 0.048971 0.14
v 0.002326 0.055324 0.113743
v 0.016589 0.052471 0.132244
v 0.021683 0.05055 0.14
v 0.018042 0.051956 0.14
v 0.014927 0.053076 0.12369
v 0.013485 0.05337 0.129985
v 0.011443 0.053917 0.124834
v 0.010776 0.053976 0.13152
v 0.014608 0.053038 0.14
v 0.00932 0.054341 0.123932
v 0.007824 0.054456 0.134574
v 0.007001 0.054681 0.124639
v 0.010606 0.053978 0.14
v 0.005127 0.054777 0.134683
v 0.00155 0.055105 0.124147
v 0.002885 0.054944 0.13292
v 0.00373 0.054977 0.126048
v 0.005092 0.054792 0.14
v 0.051377 0.019643 0.14
v 0.003921 0.055063 0.120524
v 0.007831 0.054717 0.11739
v 0.01224 0.053876 0.118556
v 0.021075 -0.071884 0.013188
v 0.020891 -0.072046 0.012616
v 0.020563 -0.072363 0.011906
v 0.0202 -0.073046 0.011066
v 0.019542 -0.073902 0.01045
v 0.019013 -0.074637 0.010182
v 0.017661 -0.07684 0.010028
v 0.018954 -0.075502 0.009927
v 0.015011 -0.081207 0.009867
v 0.017853 -0.077172 0.009894
v 0.01423 -0.083052 0.009594
v 0.001927 -0.093428 0.008782
v 0.017978 -0.077528 0.00969
v 0.015696 -0.081523 0.009245
v 0.017817 -0.078207 0.00942
v 0.018111 -0.078039 0.009144
v 0.019439 -0.075466 0.00962
v 0.018534 -0.076586 0.009745
v 0.0121 -0.08523 0.00977
v 0.013617 -0.084441 0.009176
v 0.011236 -0.086908 0.0095
v 0.011512 -0.087109 0.009111
v 0.005357 -0.092322 0.008942
v 0.008742 -0.088969 0.009687
v 0.009497 -0.088794 0.009451
v 0.001854 -0.093182 0.009162
v 0.003039 -0.093114 0.008981
v 0.009753 -0.089018 0.009062
v 0.002381 -0.09255 0.00955
v 0.001852 -0.092893 0.009401
v 0.007907 -0.090248 0.009411
v 0.008137 -0.090498 0.009023
v 0.006692 -0.090679 0.009624
v 0.018505 -0.077191 0.009402
v 0.006276 -0.091415 0.009375
v 0.018958 -0.076805 0.009059
v 0.019812 -0.07549 0.009042
v 0.006546 -0.091655 0.008971
v 0.00476 -0.091773 0.009588
v 0.004807 -0.09222 0.009331
v 0.01961 -0.075568 0.009346
v 0.003332 -0.09272 0.009323
v 0.004052 -0.092857 0.008927
v 0.015481 -0.070834 0.060609
v 0.016024 -0.070826 0.058426
v 0.015928 -0.070732 0.060247
v 0.000441 -0.068049 0.087199
v 0.002177 -0.068618 0.086651
v 0.015548 -0.070782 0.061526
v 0.018393 -0.071317 0.037652
v 0.01859 -0.071342 0.036262
v 0.015335 -0.070739 0.06321
v 0.015533 -0.070619 0.063778
v 0.015037 -0.070702 0.06518
v 0.021372 -0.071569 0.016584
v 0.018434 -0.071279 0.038509
v 0.018418 -0.071225 0.039599
v 0.014993 -0.07059 0.06702
v 0.014623 -0.070697 0.066894
v 0.018169 -0.071136 0.042346
v 0.018132 -0.071021 0.044103
v 0.017715 -0.071173 0.044108
v 0.014528 -0.070611 0.068998
v 0.014974 -0.070519 0.067951
v 0.017802 -0.071221 0.0424
v 0.02111 -0.071418 0.020175
v 0.02033 -0.071541 0.023478
v 0.020367 -0.071597 0.022031
v 0.020723 -0.071523 0.021443
v 0.007574 -0.069443 0.085265
v 0.008044 -0.069291 0.085381
v 0.006608 -0.069056 0.086038
v 0.005685 -0.069068 0.086143
v 0.00635 -0.069314 0.085622
v 0.017405 -0.071156 0.045624
v 0.004899 -0.068779 0.08659
v 0.016528 -0.071024 0.052175
v 0.020228 -0.071279 0.027734
v 0.004544 -0.068927 0.086385
v 0.003659 -0.068735 0.086657
v 0.017127 -0.071047 0.0494
v 0.021612 -0.071578 0.014766
v 0.021258 -0.071701 0.015022
v 0.020892 -0.071709 0.016661
v 0.021323 -0.07175 0.013733
v 0.013596 -0.070357 0.076844
v 0.013311 -0.070441 0.076906
v 0.02094 -0.07157 0.019292
v 0.021065 -0.071627 0.017639
v 0.020616 -0.071683 0.018556
v 0.020475 -0.071646 0.020216
v 0.019056 -0.071134 0.037065
v 0.016842 -0.07076 0.054696
v 0.019094 -0.07123 0.035695
v 0.016546 -0.070979 0.053279
v 0.02049 -0.071446 0.023994
v 0.020312 -0.0714 0.025799
v 0.020054 -0.071569 0.024206
v 0.020075 -0.07141 0.027118
v 0.019761 -0.07152 0.026761
v 0.019548 -0.071495 0.028307
v 0.016228 -0.070922 0.05591
v 0.016454 -0.070934 0.054586
v 0.019885 -0.071383 0.028732
v 0.016597 -0.070778 0.055963
v 0.01934 -0.071479 0.029583
v 0.019653 -0.071253 0.031898
v 0.019721 -0.071362 0.030042
v 0.019299 -0.071319 0.03313
v 0.019173 -0.0714 0.032286
v 0.019118 -0.071293 0.034671
v 0.018783 -0.071384 0.034248
v 0.016362 -0.070728 0.057959
v 0.016012 -0.070914 0.056942
v 0.013182 -0.070206 0.078917
v 0.01886 -0.07125 0.03673
v 0.01732 -0.071073 0.047806
v 0.017392 -0.07112 0.046547
v 0.017746 -0.07103 0.046295
v 0.012653 -0.070318 0.079405
v 0.018729 -0.071092 0.039608
v 0.018753 -0.071205 0.038065
v 0.018288 -0.071203 0.040753
v 0.018524 -0.071031 0.04157
v 0.017305 -0.070854 0.050984
v 0.017257 -0.070935 0.050329
v 0.017871 -0.071091 0.044696
v 0.012735 -0.070112 0.08016
v 0.016854 -0.070893 0.053155
v 0.016996 -0.07093 0.051907
v 0.01214 -0.070004 0.081347
v 0.011491 -0.070122 0.081704
v 0.011472 -0.070221 0.081086
v 0.005464 -0.069159 0.085958
v 0.011436 -0.069879 0.082421
v 0.004164 -0.068979 0.086219
v 0.010619 -0.069738 0.083388
v 0.010337 -0.069929 0.083126
v 0.009485 -0.069546 0.084421
v 0.009297 -0.069749 0.084105
v 0.019359 -0.071403 0.031341
v 0.017621 -0.070951 0.048011
v 0.002227 -0.068408 0.087001
v 0.021243 -0.072902 0.010461
v 0.020143 -0.073759 0.010442
v 0.020669 -0.072862 0.011152
v 0.021403 -0.072222 0.011642
v 0.020931 -0.073064 0.010684
v 0.020941 -0.07233 0.011887
v 0.020681 -0.074025 0.009509
v 0.020544 -0.073993 0.009847
v 0.019597 -0.074589 0.010065
v 0.020271 -0.074088 0.01004
v 0.021697 -0.071714 0.013012
v 0.007569 0.090768 0.009224
v 0.00902 0.089675 0.009122
v 0.007682 0.090908 0.008947
v 0.009847 0.089053 0.008888
v 0.010682 0.088119 0.009001
v 0.011459 0.087162 0.009124
v 0.011146 0.08719 0.009406
v 0.012075 0.086189 0.00935
v 0.0036 0.092192 0.009615
v 0.001604 0.092709 0.009562
v 0.010213 0.088437 0.009206
v 0.008746 0.089612 0.009391
v 0.000976 0.093273 0.009193
v 0.002351 0.093354 0.008828
v 0.001097 0.093519 0.0088
v 0.002311 0.093161 0.009137
v 0.007392 0.090528 0.009504
v 0.011083 0.08688 0.009615
v 0.018005 0.076825 0.009942
v 0.018656 0.075457 0.010036
v 0.018723 0.076042 0.009862
v 0.00864 0.089426 0.009556
v 0.018296 0.077772 0.009134
v 0.018485 0.077234 0.009395
v 0.019263 0.076232 0.009197
v 0.007182 0.090258 0.009681
v 0.008453 0.089211 0.009702
v 0.018552 0.076782 0.009636
v 0.019184 0.07602 0.009514
v 0.010065 0.087781 0.009685
v 0.010068 0.088169 0.009509
v 0.017796 0.078307 0.009374
v 0.002494 0.092824 0.009425
v 0.009454 0.088934 0.009409
v 0.017943 0.077589 0.009695
v 0.006474 0.091739 0.008924
v 0.017232 0.078705 0.009661
v 0.01735 0.077926 0.009896
v 0.016969 0.079402 0.009471
v 0.017476 0.077085 0.010034
v 0.016805 0.080111 0.008999
v 0.0175 0.07903 0.009058
v 0.016753 0.079945 0.009293
v 0.006375 0.091589 0.0092
v 0.016447 0.078995 0.009943
v 0.015874 0.08012 0.009865
v 0.016562 0.079419 0.009773
v 0.013221 0.084432 0.009563
v 0.01392 0.083883 0.009329
v 0.012945 0.085039 0.009409
v 0.011592 0.085778 0.009794
v 0.012686 0.084718 0.009728
v 0.012016 0.085855 0.009595
v 0.006222 0.091334 0.009481
v 0.016306 0.080177 0.009593
v 0.010644 0.086842 0.009786
v 0.015564 0.081938 0.008959
v 0.016106 0.080853 0.009325
v 0.015266 0.082189 0.009184
v 0.005483 0.091387 0.009647
v 0.009264 0.088735 0.009614
v 0.015734 0.081014 0.00958
v 0.015078 0.082239 0.009377
v 0.014995 0.082039 0.009583
v 0.005311 0.092398 0.00887
v 0.014206 0.083702 0.009135
v 0.013965 0.083303 0.009643
v 0.015019 0.081349 0.009843
v 0.014048 0.082392 0.009891
v 0.013496 0.083587 0.00977
v 0.014424 0.082355 0.009775
v 0.00522 0.092222 0.00918
v 0.005095 0.091953 0.00946
v 0.012982 0.085217 0.009222
v 0.004325 0.092774 0.008923
v 0.003811 0.092777 0.009179
v 0.012293 0.086237 0.009045
v 0.013205 0.085151 0.008968
v 0.003485 0.093091 0.008842
v 0.003702 0.092513 0.009439
v 0.021226 0.072769 0.010774
v 0.020794 0.073767 0.009753
v 0.020566 0.073767 0.010121
v 0.021141 0.072319 0.011768
v 0.020881 0.072822 0.01111
v 0.02157 0.072058 0.011698
v 0.019862 0.074826 0.009743
v 0.019802 0.074398 0.010102
v 0.019274 0.075233 0.009888
v 0.019998 0.074965 0.009441
v 0.019685 0.073923 0.010442
v 0.02032 0.073624 0.010482
v 0.02036 0.073147 0.010951
v 0.00949 0.069417 0.084581
v 0.011091 0.069806 0.082882
v 0.018466 0.071346 0.036372
v 0.018796 0.071356 0.034995
v 0.008889 0.069387 0.084918
v 0.00903 0.069598 0.084529
v 0.014176 0.07063 0.069933
v 0.014455 0.070679 0.067784
v 0.008821 0.069707 0.084341
v 0.007694 0.069513 0.085057
v 0.006006 0.069128 0.086032
v 0.006665 0.06927 0.085716
v 0.005882 0.069302 0.085594
v 0.019402 0.071097 0.035113
v 0.01907 0.071287 0.034945
v 0.007864 0.069364 0.085325
v 0.018409 0.071276 0.038588
v 0.01876 0.071223 0.037776
v 0.00338 0.068851 0.086375
v 0.00449 0.068942 0.086353
v 0.003768 0.06876 0.086626
v 0.018785 0.071284 0.036606
v 0.002618 0.068593 0.086776
v 0.002301 0.068668 0.086555
v 0.01479 0.070632 0.06741
v 0.014514 0.070578 0.069557
v 0.003162 0.068531 0.086909
v 0.014865 0.070529 0.068414
v 0.001997 0.068422 0.086963
v 0.021202 0.07171 0.015142
v 0.020881 0.071709 0.016762
v 0.021279 0.071619 0.016371
v 0.021336 0.07154 0.01715
v 0.021406 0.071725 0.013842
v 0.020924 0.071616 0.018666
v 0.021201 0.071469 0.018956
v 0.018879 0.071121 0.038378
v 0.018724 0.071147 0.038989
v 0.020649 0.071626 0.019898
v 0.020842 0.071506 0.020974
v 0.020314 0.07164 0.02102
v 0.020621 0.07153 0.021988
v 0.020324 0.071528 0.023672
v 0.020066 0.071596 0.023293
v 0.020604 0.071424 0.02354
v 0.006674 0.069 0.08609
v 0.019885 0.071501 0.026647
v 0.020348 0.071432 0.025105
v 0.020076 0.071544 0.02467
v 0.020213 0.071344 0.027161
v 0.014348 0.070445 0.072055
v 0.014703 0.070415 0.070523
v 0.014398 0.070521 0.070879
v 0.019784 0.07145 0.028189
v 0.019565 0.071467 0.028914
v 0.019631 0.071402 0.029869
v 0.019936 0.071308 0.029377
v 0.018926 0.071167 0.037544
v 0.019428 0.071235 0.033507
v 0.019043 0.07139 0.033155
v 0.018395 0.071083 0.041732
v 0.018232 0.071035 0.043332
v 0.019984 0.071343 0.028615
v 0.018369 0.071239 0.039588
v 0.018466 0.071161 0.040363
v 0.018117 0.071188 0.041822
v 0.019776 0.071257 0.031013
v 0.017553 0.071192 0.044081
v 0.01739 0.0711 0.047033
v 0.019538 0.071354 0.031181
v 0.019263 0.07143 0.031189
v 0.017926 0.071179 0.04291
v 0.017832 0.071133 0.044255
v 0.019673 0.071212 0.032218
v 0.019316 0.071335 0.032767
v 0.018064 0.071003 0.044725
v 0.01779 0.070931 0.047228
v 0.017593 0.070975 0.04792
v 0.01734 0.07097 0.049404
v 0.014217 0.070332 0.073905
v 0.016965 0.070981 0.051202
v 0.016628 0.070986 0.052685
v 0.016979 0.070858 0.052907
v 0.004519 0.068734 0.086667
v 0.016622 0.070903 0.05421
v 0.016324 0.070924 0.05532
v 0.016695 0.070804 0.055172
v 0.016319 0.070984 0.05392
v 0.017744 0.071006 0.046641
v 0.016626 0.070765 0.055998
v 0.016318 0.070861 0.056415
v 0.017116 0.071079 0.048636
v 0.016333 0.070786 0.057368
v 0.015919 0.070918 0.057021
v 0.016123 0.070763 0.058779
v 0.01592 0.070765 0.059875
v 0.016152 0.070645 0.059958
v 0.015773 0.070865 0.058871
v 0.013201 0.070494 0.076094
v 0.015786 0.070751 0.060809
v 0.0156 0.070837 0.06009
v 0.015831 0.070652 0.061729
v 0.01552 0.070793 0.061365
v 0.015354 0.070684 0.06392
v 0.015651 0.070572 0.063615
v 0.015482 0.070592 0.064391
v 0.014966 0.070738 0.064695
v 0.015007 0.070688 0.065653
v 0.016857 0.071043 0.050567
v 0.01376 0.070534 0.073569
v 0.013769 0.070307 0.076543
v 0.013915 0.070429 0.074465
v 0.012703 0.070338 0.079125
v 0.013009 0.070416 0.077886
v 0.013111 0.07025 0.078887
v 0.012263 0.070221 0.080444
v 0.012753 0.070152 0.079993
v 0.01252 0.070051 0.080682
v 0.013341 0.070403 0.077208
v 0.013514 0.070247 0.077852
v 0.013566 0.070446 0.075873
v 0.017813 0.071058 0.045524
v 0.017247 0.070879 0.051027
v 0.012068 0.070318 0.079971
v 0.011856 0.070261 0.080612
v 0.010708 0.070018 0.082605
v 0.017264 0.070935 0.05028
v 0.011685 0.070085 0.081657
v 0.015121 0.070478 0.067511
v 0.010933 0.06994 0.082708
v 0.01517 0.070581 0.066203
v 0.009878 0.069852 0.08359
v 0.010346 0.069634 0.083763
v 0.013589 0.070517 0.074529
v 0.021237 0.071973 0.012671
v 0.021554 0.071882 0.012574
vn 0.6918 -0.7199 0.0558
vn 0.5425 -0.8389 0.0437
vn 0.7256 -0.6868 0.0425
vn 0.0163 -0.9998 0.0062
vn 0.9308 -0.3655 -0.0024
vn 0.9508 -0.3099 0.002
vn 0.3435 -0.939 0.015
vn 0.5153 -0.8565 0.0281
vn 0.9416 -0.3367 0.0073
vn 0.9593 -0.2822 0.0078
vn 0.4958 -0.8684 0.0013
vn 0.9484 -0.3126 0.0535
vn 0.9514 -0.3037 0.0505
vn 0.2333 -0.9724 0.0034
vn 0.9713 -0.2376 0.0051
vn 0.8178 -0.5745 0.0339
vn 0.9754 -0.2205 0.0082
vn 0.7413 -0.6685 0.0596
vn 0.9768 -0.2139 0.0073
vn 0.6091 -0.793 0.0109
vn 0.7097 -0.7027 0.0502
vn 0.986 -0.1665 0.0069
vn 0.9865 -0.1637 0.0063
vn 0.8762 -0.4751 0.0809
vn 0.3999 -0.9158 0.0363
vn 0.9097 -0.4096 0.0681
vn 0.3987 -0.9163 0.0367
vn 0.9127 -0.4033 0.0662
vn 0.8998 -0.4344 0.0413
vn 0.9591 -0.2701 0.0841
vn 0.9933 -0.1154 0.0058
vn 0.9921 -0.125 0.0084
vn 0.9967 -0.0813 0.0058
vn 0.5981 -0.8002 0.0449
vn 0.7921 -0.6066 0.0675
vn 0.998 -0.0627 0.0079
vn 0.9762 -0.2081 0.0616
vn 0.7928 -0.6058 0.0673
vn 0.9997 -0.0248 0.0004
vn 0.999 -0.0435 0.0091
vn 0.1377 -0.9904 0.0128
vn 0.1375 -0.9904 0.0128
vn 0.5183 -0.8552 0.0064
vn 1 -0.0058 0.0026
vn 0.6687 -0.7415 0.0545
vn 0.6708 -0.7397 0.0537
vn 0.8164 -0.575 0.0534
vn 0.7928 -0.6074 0.0492
vn 0.793 -0.6073 0.0492
vn 0.9988 -0.0406 0.0279
vn 0.999 -0.0363 0.0268
vn 0.9988 -0.0452 0.018
vn 0.9975 -0.0641 0.0312
vn 0.9914 -0.1127 0.0665
vn 0.9906 -0.1181 0.0687
vn 0.7745 -0.6321 0.0246
vn 0.3223 -0.9462 0.0283
vn 0.9968 -0.0767 0.0238
vn 0.3326 -0.9427 0.0246
vn 0.5354 -0.8442 0.0263
vn 0.7418 -0.6693 0.0433
vn 0.9991 -0.039 0.015
vn 0.995 -0.0961 0.0276
vn 0.7406 -0.6694 0.0592
vn 0.9956 -0.0924 0.0148
vn 0.541 -0.841 0.0016
vn 0.9969 -0.0258 0.0746
vn 0.993 -0.1141 0.0307
vn 0.9241 -0.38 0.0414
vn 0.9941 -0.1052 0.0249
vn 0.6468 -0.7626 0.0131
vn 0.6426 -0.7661 0.0145
vn 0.9957 -0.091 0.0155
vn 0.8877 -0.4524 0.0852
vn 0.9851 -0.1682 0.0353
vn 0.9886 -0.1456 0.0373
vn 0.989 -0.1454 0.0274
vn 0.9678 -0.2388 0.0803
vn 0.8406 -0.5401 0.0419
vn 0.8386 -0.5431 0.0435
vn 0.9886 -0.15 0.0127
vn 0.9643 -0.2592 0.0535
vn 0.9935 -0.1127 0.0184
vn 0.4285 -0.903 0.0329
vn 0.9808 -0.1911 0.0388
vn 0.9831 -0.1808 0.0276
vn 0.8113 -0.5807 0.0681
vn 0.8134 -0.5777 0.0672
vn 0.8415 -0.5379 0.0507
vn 0.9885 -0.1485 0.0283
vn 0.9898 -0.1413 0.0209
vn 0.9841 -0.1764 0.0195
vn 0.8173 -0.5742 0.0492
vn 0.9794 -0.1997 0.0317
vn 0.9819 -0.1886 0.0201
vn 0.98 -0.1961 0.0326
vn 0.563 -0.8264 0.0062
vn 0.9783 -0.2056 0.0259
vn 0.9806 -0.1957 0.0104
vn 0.2787 -0.9604 -0.0007
vn 0.9792 -0.2024 0.0131
vn 0.9657 -0.2572 0.035
vn 0.9694 -0.2401 0.0521
vn 0.9702 -0.241 0.0229
vn 0.5651 -0.8246 0.0282
vn 0.9692 -0.2458 0.0164
vn 0.6427 -0.764 0.0567
vn 0.9957 -0.0638 0.0673
vn 0.9706 -0.2395 0.0247
vn 0.9955 -0.0666 0.068
vn 0.9549 -0.295 0.0324
vn 0.9526 -0.3023 0.0339
vn 0.9637 -0.2652 0.031
vn 0.6179 -0.7848 0.0482
vn 0.9314 -0.3572 0.0697
vn 0.9639 -0.2654 0.0209
vn 0.9521 -0.3051 0.0195
vn 0.5882 -0.8087 0.0005
vn 0.9508 -0.3092 0.0209
vn 0.9683 -0.2486 0.0251
vn 0.9651 -0.2618 0.0105
vn 0.9514 -0.3076 0.0128
vn 0.9785 -0.1887 0.0827
vn 0.9574 -0.2881 0.0204
vn 0.9746 -0.2073 0.0842
vn 0.4 -0.9164 0.0132
vn 0.4026 -0.9153 0.0121
vn 0.8045 -0.5933 0.0279
vn 0.7758 -0.6295 0.0433
vn 0.5908 -0.8057 0.0424
vn 0.8993 -0.4299 0.0809
vn 0.1862 -0.9824 0.015
vn 0.9614 -0.2714 0.0464
vn 0.9745 -0.2185 0.0509
vn 0.6082 -0.7937 0.0082
vn 0.7777 -0.6259 0.0591
vn 0.6898 -0.7238 0.0131
vn 0.687 -0.7265 0.0141
vn 0.9384 -0.3435 0.0371
vn 0.5835 -0.8117 0.0242
vn 0.9977 -0.0083 0.0674
vn 0.657 -0.7526 0.0427
vn 0.3059 -0.952 0.0091
vn 0.4633 -0.8855 0.0361
vn 0.992 -0.1134 0.0554
vn 0.938 -0.3405 0.0655
vn 0.0879 -0.9961 0.0003
vn 0.9696 -0.2396 0.0489
vn 0.9481 -0.3152 0.0422
vn 0.9798 -0.1813 0.0846
vn 1 -0 0.0089
vn 0.8398 -0.5424 0.0251
vn 0.8396 -0.5426 0.0252
vn 0.0144 -0.9993 0.035
vn 0.6325 -0.7734 0.0422
vn 0.8676 -0.4946 0.051
vn 0.9201 -0.3833 0.0805
vn 0.864 -0.5006 0.0535
vn 0.9113 -0.4027 0.0859
vn 0.0396 -0.9988 0.0291
vn 0.8394 -0.5412 0.0499
vn 0.031 -0.9994 0.017
vn 0.8381 -0.5413 0.0675
vn 0.837 -0.543 0.0681
vn 0.7303 -0.683 0.0132
vn 0.7282 -0.6852 0.014
vn 0.2048 -0.9787 0.0122
vn 0.9776 -0.2054 0.0461
vn 0.1227 -0.9918 0.0343
vn 0.9843 -0.1691 0.0508
vn 0.6424 -0.7664 -0.0013
vn 0.0744 -0.9968 0.0304
vn 0.0849 -0.996 0.0282
vn 0.6089 -0.7928 0.0282
vn 0.0235 -0.9995 0.0204
vn 0.9645 -0.2608 0.041
vn 0.9474 -0.3123 0.0701
vn 0.8978 -0.4383 0.0429
vn 0.3999 -0.9162 0.0246
vn 0.4 -0.9162 0.0246
vn 0.6649 -0.7469 0.0092
vn 0.6869 -0.7261 0.0307
vn 0.1873 -0.9817 0.0341
vn 0.1168 -0.9931 0.0134
vn 0.9893 -0.1358 0.0528
vn 0.3452 -0.9385 -0.0018
vn 0.1473 -0.9887 0.0259
vn 0.8685 -0.495 0.0273
vn 0.8656 -0.4999 0.0287
vn 0.4594 -0.8881 0.0121
vn 0.2404 -0.9702 0.0298
vn 0.4552 -0.8903 0.0133
vn 0.2341 -0.9721 0.0149
vn 0.9978 -0.0289 0.0591
vn 0.8045 -0.5925 0.0417
vn 0.504 -0.8627 0.0418
vn 0.9851 -0.1644 0.0498
vn 0.9935 -0.1019 0.0506
vn 0.9538 -0.2928 0.0669
vn 0.2592 -0.9653 0.0322
vn 0.7705 -0.6372 0.0158
vn 0.7745 -0.6324 0.013
vn 0.8831 -0.4661 0.0535
vn 0.8898 -0.4534 0.051
vn 0.7906 -0.6067 0.0827
vn 0.7863 -0.612 0.0847
vn 0.6905 -0.7233 -0.0008
vn 0.9242 -0.3796 0.0416
vn 0.9903 -0.1085 0.0871
vn 0.9861 -0.1445 0.0815
vn 0.6446 -0.7641 0.0249
vn 0.0139 -0.9998 0.0148
vn 0.1379 -0.9904 0.002
vn 0.6466 -0.7624 0.0241
vn 0.9771 -0.2094 0.0368
vn 0.8757 -0.4821 0.0267
vn 0.2573 -0.9658 0.0325
vn 0.8323 -0.5528 0.0409
vn 0.8101 -0.5801 0.0851
vn 0.8647 -0.4976 0.0681
vn 0.8661 -0.4954 0.0673
vn 0.2607 -0.9653 0.0124
vn 0.7596 -0.6467 0.0692
vn 0.7373 -0.6716 0.0732
vn 0.3928 -0.9196 0.009
vn 0.9653 -0.2517 0.07
vn 0.7114 -0.7009 0.051
vn 0.7213 -0.6916 0.0371
vn 0.7304 -0.6823 0.0307
vn 0.9948 -0.0249 0.0989
vn 0.9003 -0.4344 0.0281
vn 0.9019 -0.431 0.027
vn 0.9966 -0.0597 0.0566
vn 0.2056 -0.9783 0.0268
vn 0.9069 -0.418 0.0533
vn 0.4998 -0.866 0.0147
vn 0.7273 -0.6863 0.0017
vn 0.7207 -0.6932 0.0057
vn 0.9341 -0.3555 0.0337
vn 0.9895 -0.1179 0.0834
vn 0.824 -0.5607 0.0811
vn 0.8126 -0.5827 0.0122
vn 0.7475 -0.6627 0.0459
vn 0.6662 -0.7446 0.0411
vn 0.6579 -0.7519 0.0428
vn 0.4578 -0.8882 0.0386
vn 0.4027 -0.9153 0.0039
vn 0.5155 -0.8568 0.0111
vn 0.8217 -0.5696 0.0162
vn 0.9136 -0.4034 0.0508
vn 0.286 -0.9581 0.016
vn 0.9367 -0.3399 0.0844
vn 0.7519 -0.6586 0.0314
vn 0.9378 -0.3371 0.0834
vn 0.9249 -0.3794 0.0247
vn 0.4531 -0.891 0.0276
vn 0.9961 -0.0724 0.05
vn 0.4593 -0.8879 0.0246
vn 0.3015 -0.9523 0.0481
vn 0.7643 -0.6448 0.0058
vn 0.0211 -0.9997 0.0143
vn 0.7423 -0.6658 0.0749
vn 0.837 -0.5405 0.0853
vn 0.84 -0.5425 0.0116
vn 0.773 -0.6345 -0.0002
vn 0.9295 -0.3677 0.0273
vn 0.9987 -0.0097 0.0501
vn 0.9919 -0.1196 0.0424
vn 0.3379 -0.9405 0.0347
vn 0.6957 -0.7178 0.0277
vn 0.0233 -0.9997 0.0098
vn 0.8557 -0.5172 0.0157
vn 0.9712 -0.228 0.0693
vn 0.6936 -0.7191 0.0424
vn 0.693 -0.7196 0.0426
vn 0.541 -0.8409 0.0152
vn 0.9536 -0.3003 0.0216
vn 0.1863 -0.9825 -0.0027
vn 0.8688 -0.4951 0.0104
vn 0.989 -0.143 0.0369
vn 0.9945 -0.0637 0.0835
vn 0.8889 -0.453 0.0681
vn 0.9986 -0.0347 0.0401
vn 0.9943 -0.0654 0.084
vn 0.8889 -0.4529 0.0681
vn 0.093 -0.9956 0.0128
vn 0.0813 -0.9966 0.0153
vn 0.8509 -0.5191 0.0809
vn 0.8076 -0.5896 0.0082
vn 0.8658 -0.4991 0.0364
vn 0.8615 -0.5061 0.04
vn 0.9974 -0.0584 0.0423
vn 0.7682 -0.6393 0.0331
vn 0.7655 -0.6425 0.0341
vn 0.9938 -0.1051 0.0374
vn 0.7017 -0.7101 0.0585
vn 0.8223 -0.5691 0.0003
vn 0.8875 -0.4606 0.0159
vn 0.9813 -0.1807 0.066
vn 0.9295 -0.3655 0.0493
vn 0.457 -0.8895 0.0029
vn 0.4659 -0.8848 0.0071
vn 0.4932 -0.8687 0.0449
vn 0.9968 -0.071 0.0362
vn 0.5653 -0.8248 0.0114
vn 0.84 -0.5426 0.0063
vn 0.7605 -0.6457 0.0695
vn 0.9022 -0.4312 0.01
vn 0.568 -0.822 0.0411
vn 0.8808 -0.4715 0.0425
vn 0.5599 -0.8273 0.0462
vn 0.5001 -0.8656 0.0247
vn 0.9609 -0.27 0.0616
vn 0.9987 -0.032 0.0396
vn 0.2216 -0.9751 0.0097
vn 0.5275 -0.8486 0.0413
vn 0.8558 -0.5172 0.0007
vn 0.9965 -0.0091 0.0826
vn 0.3697 -0.9286 0.0315
vn 0.7239 -0.6895 0.0246
vn 0.9127 -0.4084 0.0145
vn 0.6379 -0.7683 0.0529
vn 0.763 -0.6445 0.0492
vn 0.8687 -0.4953 0.0075
vn 0.5789 -0.8138 0.0517
vn 0.8635 -0.497 0.0852
vn 0.9542 -0.2874 0.0826
vn 0.9529 -0.2914 0.0836
vn 0.585 -0.8109 0.0157
vn 0.3316 -0.9434 0.0111
vn 0.9322 -0.3617 0.0126
vn 0.9389 -0.34 0.0528
vn 0.9335 -0.3585 0.0113
vn 0.9844 -0.1611 0.0701
vn 0.891 -0.454 -0.0009
vn 0.9177 -0.3938 0.0527
vn 0.7934 -0.6079 0.0311
vn 0.4972 -0.8667 0.0393
vn 0.906 -0.4232 0.0109
vn 0.8083 -0.5864 0.0523
vn 0.8931 -0.4481 0.0399
vn 0.9129 -0.4081 0.0018
vn 0.8883 -0.4407 0.1295
vn 0.9878 -0.0163 0.1549
vn 0.959 -0.2566 0.1204
vn 0.8597 -0.4922 0.1365
vn 0.9604 -0.2315 0.155
vn 0.929 -0.3257 0.1758
vn 0.8421 -0.5285 0.1073
vn 0.969 -0.186 0.1627
vn 0.9377 -0.333 0.0993
vn 0.8946 -0.4164 0.1621
vn 0.9528 -0.2681 0.1423
vn 0.9457 -0.2904 0.146
vn 0.9652 -0.2339 0.1167
vn 0.8197 -0.5643 0.0984
vn 0.8208 -0.5625 0.0997
vn 0.9818 -0.0715 0.1761
vn 0.9324 -0.3459 0.1052
vn 0.9491 -0.2987 0.1005
vn 0.963 -0.2162 0.1611
vn 0.8524 -0.5104 0.1139
vn 0.9706 -0.2085 0.1207
vn 0.9849 -0.109 0.1348
vn 0.8731 -0.4651 0.1462
vn 0.9097 -0.3962 0.1247
vn 0.8072 -0.5758 0.1302
vn 0.9078 -0.3998 0.1267
vn 0.9463 -0.2736 0.1722
vn 0.9765 -0.1814 0.1162
vn 0.9428 -0.2822 0.1773
vn 0.9895 -0.0499 0.1358
vn 0.9885 -0.0617 0.138
vn 0.9735 -0.1708 0.1518
vn 0.9168 -0.368 0.1553
vn 0.8675 -0.4856 0.1078
vn 0.9524 -0.2868 0.103
vn 0.9613 -0.2572 0.0991
vn 0.9822 -0.1245 0.1404
vn 0.9797 -0.1599 0.1209
vn 0.9514 -0.2741 0.1402
vn 0.8495 -0.5183 0.0987
vn 0.9906 -0.0043 0.1371
vn 0.8788 -0.4636 0.113
vn 0.9658 -0.2379 0.1031
vn 0.9729 -0.209 0.0991
vn 0.9861 -0.1152 0.1195
vn 0.9875 -0.1072 0.1155
vn 0.9626 -0.2301 0.1433
vn 0.9683 -0.2085 0.1373
vn 0.854 -0.5115 0.095
vn 0.8977 -0.4178 0.1397
vn 0.9333 -0.3382 0.1208
vn 0.9259 -0.3559 0.1267
vn 0.9923 -0.0268 0.1209
vn 0.9571 -0.2307 0.1755
vn 0.9534 -0.2413 0.1812
vn 0.8385 -0.5299 0.1267
vn 0.8406 -0.527 0.125
vn 0.9781 -0.1291 0.1633
vn 0.8906 -0.4419 0.1078
vn 0.9766 -0.1887 0.1031
vn 0.8166 -0.5647 0.1195
vn 0.9816 -0.1009 0.1621
vn 0.9913 -0.0638 0.1149
vn 0.9821 -0.1603 0.0991
vn 0.8747 -0.4743 0.0995
vn 0.9919 -0.0317 0.123
vn 0.9052 -0.3986 0.1472
vn 0.9846 -0.1418 0.1026
vn 0.9889 -0.1096 0.1003
vn 0.9893 -0.107 0.0995
vn 0.9008 -0.4193 0.113
vn 0.9929 -0.0467 0.1092
vn 0.8225 -0.5415 0.1738
vn 0.8091 -0.5569 0.1878
vn 0.9949 -0.031 0.0963
vn 0.9926 -0.0642 0.1035
vn 0.8381 -0.5173 0.1733
vn 0.8804 -0.4645 0.0956
vn 0.8566 -0.4842 0.1779
vn 0.8551 -0.4865 0.1793
vn 0.9115 -0.397 0.1078
vn 0.9852 -0.0407 0.1663
vn 0.913 -0.3822 0.1428
vn 0.9682 -0.1769 0.1771
vn 0.8772 -0.4464 0.1766
vn 0.8655 -0.4845 0.1267
vn 0.8271 -0.5397 0.1567
vn 0.8185 -0.5509 0.1629
vn 0.9719 -0.1861 0.1444
vn 0.8978 -0.4291 0.0994
vn 0.8568 -0.4983 0.133
vn 0.946 -0.2879 0.149
vn 0.8827 -0.4335 0.1812
vn 0.9453 -0.2836 0.1611
vn 0.9837 -0.0744 0.1637
vn 0.9206 -0.3739 0.113
vn 0.8125 -0.5719 0.1128
vn 0.9794 -0.1391 0.1464
vn 0.8446 -0.5105 0.1611
vn 0.9822 -0.1244 0.1405
vn 0.9024 -0.4201 0.0958
vn 0.9246 -0.3509 0.148
vn 0.9348 -0.3252 0.143
vn 0.9422 -0.3118 0.1227
vn 0.9741 -0.1356 0.1808
vn 0.9003 -0.3988 0.1742
vn 0.9878 -0.0161 0.155
vn 0.9332 -0.3432 0.106
vn 0.8837 -0.4508 0.1263
vn 0.8602 -0.4864 0.1533
vn 0.9729 -0.1817 0.143
vn 0.8255 -0.5469 0.1398
vn 0.9862 -0.0777 0.1461
vn 0.9185 -0.3829 0.0992
vn 0.9071 -0.3807 0.1793
vn 0.8777 -0.452 0.1591
vn 0.9518 -0.2841 0.1155
vn 0.8356 -0.5292 0.1473
vn 0.9249 -0.3393 0.1719
vn 0.9222 -0.3747 0.0959
vn 0.8869 -0.4355 0.1543
vn 0.9736 -0.1463 0.1755
vn 0.9454 -0.2427 0.2174
vn 0.7816 -0.5532 0.2882
vn 0.9538 -0.2049 0.2199
vn 0.8945 -0.3461 0.2828
vn 0.9242 -0.221 0.3116
vn 0.912 -0.2508 0.3246
vn 0.926 -0.3258 0.191
vn 0.8473 -0.4959 0.1902
vn 0.8747 -0.4067 0.2637
vn 0.9616 -0.1357 0.2386
vn 0.8747 -0.4066 0.2637
vn 0.9609 -0.1381 0.2399
vn 0.8442 -0.4303 0.3198
vn 0.9643 -0.0242 0.2637
vn 0.7909 -0.5471 0.274
vn 0.9007 -0.3235 0.2899
vn 0.9139 -0.3281 0.239
vn 0.9079 -0.3399 0.2451
vn 0.8714 -0.4508 0.1935
vn 0.8995 -0.3702 0.2321
vn 0.959 -0.1939 0.2068
vn 0.9419 -0.2743 0.1937
vn 0.939 -0.2817 0.1973
vn 0.8542 -0.4164 0.3115
vn 0.8137 -0.5049 0.288
vn 0.8891 -0.4045 0.2144
vn 0.81 -0.5087 0.2916
vn 0.8568 -0.4761 0.198
vn 0.9448 -0.1622 0.2846
vn 0.9205 -0.2424 0.3065
vn 0.8601 -0.3957 0.3219
vn 0.968 -0.0799 0.238
vn 0.9672 -0.0834 0.2399
vn 0.9545 -0.2268 0.1936
vn 0.9477 -0.0774 0.3095
vn 0.9465 -0.0819 0.3121
vn 0.9106 -0.3034 0.2807
vn 0.8072 -0.5469 0.2223
vn 0.9252 -0.1991 0.3231
vn 0.9583 -0.2026 0.2014
vn 0.7887 -0.5554 0.2637
vn 0.8577 -0.4548 0.2399
vn 0.8577 -0.4547 0.2398
vn 0.892 -0.3671 0.2637
vn 0.966 -0.1315 0.2225
vn 0.9495 -0.0282 0.3126
vn 0.8349 -0.4716 0.2839
vn 0.9702 -0.0326 0.2399
vn 0.9693 -0.0383 0.2429
vn 0.9503 -0.1231 0.286
vn 0.9473 -0.1336 0.291
vn 0.9431 -0.2028 0.2635
vn 0.9431 -0.2028 0.2636
vn 0.9186 -0.3292 0.2186
vn 0.8312 -0.5136 0.2127
vn 0.8511 -0.4325 0.2976
vn 0.9617 -0.1992 0.1881
vn 0.8783 -0.3627 0.3114
vn 0.8822 -0.428 0.1961
vn 0.9498 -0.0268 0.3118
vn 0.9677 -0.1448 0.2063
vn 0.8739 -0.4442 0.1972
vn 0.9323 -0.2722 0.2383
vn 0.9313 -0.2742 0.2399
vn 0.9171 -0.2701 0.2934
vn 0.973 -0.0901 0.2127
vn 0.9754 -0.077 0.2067
vn 0.7986 -0.5469 0.2513
vn 0.8469 -0.4482 0.2861
vn 0.8197 -0.5085 0.2637
vn 0.9697 -0.138 0.2018
vn 0.82 -0.5082 0.2633
vn 0.9362 -0.1576 0.3142
vn 0.935 -0.1604 0.3164
vn 0.9761 -0.0328 0.2149
vn 0.9758 -0.0354 0.2159
vn 0.8199 -0.538 0.1957
vn 0.8965 -0.3922 0.206
vn 0.977 -0.0953 0.1908
vn 0.9079 -0.326 0.2637
vn 0.8392 -0.4973 0.2199
vn 0.9811 -0.0342 0.1905
vn 0.9815 -0.0418 0.1871
vn 0.7932 -0.5595 0.2405
vn 0.8841 -0.4011 0.2399
vn 0.8784 -0.4084 0.2484
vn 0.8096 -0.5518 0.1998
vn 0.9548 -0.0821 0.2858
vn 0.9256 -0.2521 0.2822
vn 0.9547 -0.0823 0.286
vn 0.755 -0.5748 0.3156
vn 0.8808 -0.352 0.3166
vn 0.9057 -0.3728 0.2019
vn 0.8682 -0.4037 0.2886
vn 0.8708 -0.3997 0.2863
vn 0.7749 -0.5446 0.321
vn 0.7877 -0.5322 0.3103
vn 0.9398 -0.1129 0.3226
vn 0.9148 -0.3473 0.2064
vn 0.9551 -0.1349 0.2637
vn 0.9552 -0.1347 0.2636
vn 0.895 -0.3224 0.3082
vn 0.9578 -0.0335 0.2856
vn 0.8017 -0.5031 0.3228
vn 0.9494 -0.2026 0.2398
vn 0.8523 -0.4518 0.2636
vn 0.9488 -0.204 0.2412
vn 0.9182 -0.3393 0.2045
vn 0.9121 -0.271 0.3075
vn 0.9127 -0.27 0.3067
vn 0.9587 -0.0408 0.2814
vn 0.8987 -0.3699 0.2356
vn 0.9 -0.3 0.3164
vn 0.9366 -0.2787 0.2124
vn 0.9364 -0.2792 0.2127
vn 0.8633 -0.4578 0.2125
vn 0.7849 -0.544 0.2967
vn 0.9148 -0.3478 0.2054
vn 0.8226 -0.4759 0.3112
vn 0.8071 -0.547 0.2222
vn 0.9304 -0.2971 0.2146
vn 0.8855 -0.4094 0.22
vn 0.9253 -0.2725 0.2636
vn 0.8246 -0.5122 0.2402
vn 0.825 -0.5117 0.2398
vn 0.825 -0.5286 0.1997
vn 0.8848 -0.3642 0.2907
vn 0.8254 -0.4663 0.3184
vn 0.9351 -0.2014 0.2917
vn 0.9611 -0.0827 0.2635
vn 0.9352 -0.2012 0.2915
vn 0.9611 -0.0828 0.2637
vn 0.9418 -0.1326 0.309
vn 0.8688 -0.4444 0.2183
vn -0.9935 -0.1107 0.0266
vn -0.9693 -0.1496 0.1952
vn -0.9674 -0.1849 0.1731
vn -0.9336 -0.1533 0.3239
vn -0.9336 -0.1598 0.3208
vn -0.878 -0.1196 0.4635
vn -0.8461 -0.1816 0.5011
vn -0.8064 -0.0857 0.5851
vn -0.7484 -0.1654 0.6423
vn -0.6691 -0.0812 0.7387
vn -0.6639 -0.0541 0.7458
vn -0.5356 -0.1441 0.8321
vn -0.4577 -0.0134 0.889
vn -0.4231 -0.0662 0.9036
vn -0.2674 -0.0676 0.9612
vn -0.2518 -0.0188 0.9676
vn -0.099 -0.0244 0.9948
vn -0.0926 -0.0341 0.9951
vn 0.0926 0.0341 0.9951
vn 0.099 0.0244 0.9948
vn 0.2518 0.0188 0.9676
vn 0.2674 0.0676 0.9612
vn 0.4297 0.0662 0.9005
vn 0.4484 0.0349 0.8932
vn 0.5731 0.143 0.8069
vn 0.6404 0.0347 0.7672
vn 0.7238 0.1782 0.6665
vn 0.7876 0.0764 0.6114
vn 0.8341 0.1784 0.522
vn 0.8759 0.1113 0.4695
vn 0.9157 0.1769 0.3609
vn 0.9314 0.1334 0.3385
vn 0.9713 0.1764 0.1593
vn 0.9835 0.1216 0.1342
vn 0.3519 -0.936 -0.0036
vn 0.2142 -0.9768 0.0068
vn 0.0144 -0.9999 -0.0053
vn 0.4325 0.9016 -0.0044
vn 0.3414 0.9399 0.0058
vn 0.8044 0.594 0.0005
vn 0.7819 0.6234 0.0046
vn 0.9628 0.2703 -0.0041
vn 0.9885 0.1511 0.0061
vn 0.9775 -0.2111 -0.0048
vn 0.9559 -0.2938 0.0034
vn 0.7423 -0.6701 -0.0038
vn 0.6882 -0.7255 0.0045
vn 0.9562 0.2926 -0.0103
vn 0.9502 0.3115 0.0104
vn 0.4024 -0.915 -0.0301
vn 0.3057 -0.9516 0.0315
vn 0.9992 0.0409 -0.0014
vn 0.1745 0.9846 0.0092
vn 0.9986 0.0527 0.0096
vn 0.1969 0.9803 -0.0116
vn 0.1766 -0.9841 -0.0217
vn 0.9867 -0.1623 -0.0044
vn 0.0125 -0.9999 -0.0053
vn 0.0527 -0.9985 0.0173
vn 0.9832 -0.1822 0.0127
vn 0.4229 0.9061 0.0122
vn 0.4435 0.8962 -0.0115
vn 0.9156 -0.4018 -0.0153
vn 0.9027 -0.4301 0.0149
vn 0.6508 0.7592 0.0114
vn 0.6668 0.7452 -0.0109
vn 0.7721 -0.6354 -0.011
vn 0.7497 -0.6615 0.0177
vn 0.8311 0.556 0.0107
vn 0.8421 0.5392 -0.0105
vn 0.6143 -0.7888 -0.0221
vn 0.5466 -0.8368 0.0308
vn 0.5463 -0.8362 0.0476
vn 0.9459 0.3216 0.0442
vn 0.973 0.2284 -0.0344
vn 0.4024 -0.9143 -0.0465
vn 0.9944 0.0976 0.0414
vn 0.1746 0.9845 0.0151
vn 0.197 0.9802 -0.0191
vn 0.3056 -0.9509 0.0483
vn 0.9991 0.0305 -0.0297
vn 0.1605 -0.9861 -0.0433
vn 0.9867 -0.1625 0.0092
vn 0.9851 -0.1708 0.0225
vn 0.0524 -0.9979 0.0383
vn 0.4228 0.906 0.0201
vn 0.4434 0.8961 -0.019
vn 0.9155 -0.4015 -0.0245
vn 0.9025 -0.43 0.0235
vn 0.6507 0.7591 0.0189
vn 0.6667 0.7451 -0.0179
vn 0.7721 -0.6352 -0.0174
vn 0.7495 -0.6614 0.0278
vn 0.831 0.5559 0.0179
vn 0.8287 0.5592 0.0249
vn 0.6142 -0.7884 -0.0344
vn 0.9105 0.412 -0.0348
vn 0.0151 0.9999 -0.0017
vn 0.7167 -0.6974 -0.0081
vn 0.2924 0.9563 -0.0031
vn 0.583 -0.8124 0.008
vn 0.389 0.9212 0.0075
vn 0.3506 -0.9365 -0.0075
vn 0.6383 0.7697 -0.0072
vn 0.2068 -0.9784 0.0048
vn 0.7491 0.6624 0.0075
vn 0.9017 0.4323 -0.0073
vn 0.955 0.2964 0.0059
vn 0.9994 0.0341 -0.0044
vn 0.9977 -0.068 0.0047
vn 0.9433 -0.3318 -0.0065
vn 0.8784 -0.4779 0.0081
vn 0.7961 -0.6052 0.004
vn 0.0152 0.9999 -0.0026
vn 0.7165 -0.6975 -0.0078
vn 0.1231 0.9924 0.0048
vn 0.2924 0.9563 -0.0065
vn 0.4886 -0.8725 0.0077
vn 0.3505 -0.9365 -0.0069
vn 0.6384 0.7697 -0.0039
vn 0.5703 0.8214 0.0066
vn 0.0618 -0.9981 0.0065
vn 0.9018 0.4321 -0.0033
vn 0.8761 0.4822 0.0038
vn 0.9981 0.0617 0.0032
vn 0.9994 0.034 -0.0005
vn 0.9433 -0.332 -0.0019
vn 0.9397 -0.342 -0.0005
vn -0.8712 0.4907 -0.0134
vn -0.9599 -0.2794 -0.0223
vn -0.5072 -0.8615 -0.023
vn -0.5577 -0.83 -0.0119
vn -0.66 0.751 -0.0211
vn -0.6326 0.7744 -0.0139
vn -0.9729 -0.231 -0.0127
vn -0.3508 0.9362 -0.0204
vn -0.3384 0.9408 -0.018
vn -0.0397 0.999 -0.0224
vn -0.0851 0.9963 -0.0145
vn -0.9953 0.0942 -0.0219
vn -0.7892 -0.6137 -0.0227
vn -0.1808 -0.9834 -0.0164
vn -0.2061 -0.9785 -0.0111
vn -0.9901 0.1394 -0.013
vn -0.8218 -0.5697 -0.0123
vn -0.8904 0.4546 -0.0215
vn -0.9132 -0.4074 -0.0078
vn -0.7652 0.6438 -0.0075
vn -0.9598 -0.2793 -0.0271
vn -0.5071 -0.8615 -0.0268
vn -0.6599 0.7508 -0.0275
vn -0.4781 0.8783 -0.0074
vn -0.3325 0.9427 -0.0281
vn -0.702 -0.7122 -0.008
vn -0.1454 0.9893 -0.0086
vn -0.9989 -0.0466 -0.0077
vn -0.9952 0.0942 -0.0273
vn -0.7891 -0.6136 -0.027
vn -0.1807 -0.9832 -0.0263
vn -0.9472 0.3207 -0.0076
vn -0.8903 0.4546 -0.0274
vn -0.3837 -0.9234 -0.0065
vn -0.478 -0.8782 -0.0141
vn -0.9599 -0.2794 -0.0217
vn -0.7019 0.7121 -0.0121
vn -0.9471 -0.3206 -0.0132
vn -0.5072 -0.8616 -0.0209
vn -0.66 0.7509 -0.0229
vn -0.3325 0.9428 -0.0225
vn -0.3837 0.9234 -0.0113
vn -0.9988 0.0466 -0.0129
vn -0.1454 -0.9893 -0.0144
vn -0.7651 -0.6437 -0.0136
vn -0.9953 0.0943 -0.0221
vn -0.7892 -0.6137 -0.0213
vn -0.1807 -0.9833 -0.02
vn -0.9132 0.4074 -0.0125
vn -0.8904 0.4546 -0.0225
vn -0.8218 0.5697 -0.0123
vn -0.7892 0.6137 -0.0227
vn -0.5332 0.8458 -0.0174
vn -0.6326 -0.7744 -0.0139
vn -0.5577 0.83 -0.0119
vn -0.3194 0.9474 -0.0216
vn -0.9901 -0.1394 -0.013
vn -0.9953 -0.0942 -0.0219
vn -0.66 -0.751 -0.0211
vn -0.2062 0.9785 -0.0073
vn -0.0708 0.9972 -0.0236
vn -0.0851 -0.9963 -0.0095
vn -0.9729 0.231 -0.0127
vn -0.9599 0.2794 -0.0223
vn -0.3384 -0.9408 -0.022
vn -0.8712 -0.4907 -0.0134
vn -0.3325 -0.9429 -0.0207
vn -0.8904 -0.4546 -0.0215
vn -0.0087 -0.9982 -0.0596
vn -0.963 -0.2636 -0.0553
vn -0.9706 -0.2397 -0.024
vn -0.1773 -0.9828 -0.052
vn -0.0796 -0.9967 -0.0144
vn -0.263 -0.9648 -0.0065
vn -0.4048 -0.9116 -0.0722
vn -0.4913 -0.871 0.0048
vn -0.6367 -0.7669 -0.0801
vn -0.7055 -0.7087 0.0083
vn -0.8456 -0.5292 -0.0693
vn -0.8712 -0.4907 -0.0142
vn 0.3054 -0.9504 0.0584
vn 0.9791 0.2 0.0375
vn 0.0556 0.9981 0.0272
vn 0.1765 -0.9835 -0.0403
vn 0.9992 0.0408 -0.0022
vn 0.9994 0.0281 -0.0206
vn 0.0084 -0.9999 -0.0136
vn 0.0518 -0.9981 0.0326
vn 0.9867 -0.1625 -0.007
vn 0.1973 0.9794 -0.042
vn 0.983 -0.1821 0.0214
vn 0.2966 0.9537 0.0504
vn 0.9152 -0.4022 -0.026
vn 0.4437 0.8947 -0.0513
vn 0.9024 -0.43 0.0262
vn 0.5412 0.8393 0.0527
vn 0.6666 0.7435 -0.0533
vn 0.7718 -0.6356 -0.0195
vn 0.7494 -0.6613 0.0321
vn 0.7468 0.6627 0.0547
vn 0.6135 -0.7887 -0.0401
vn 0.8416 0.5373 -0.0554
vn 0.546 -0.8359 0.0566
vn 0.8976 0.4372 0.0568
vn 0.4017 -0.9141 -0.0555
vn 0.955 0.2909 -0.0577
vn 0.9502 0.3114 0.0099
vn 0.3057 -0.9515 0.0355
vn 0.1765 -0.984 -0.0245
vn 0.9992 0.0407 -0.0015
vn 0.9986 0.0527 0.0094
vn 0.1746 0.9846 0.0082
vn 0.0126 -0.9999 -0.0059
vn 0.197 0.9803 -0.0103
vn 0.0527 -0.9984 0.0195
vn 0.9867 -0.1625 -0.0044
vn 0.9832 -0.1822 0.0131
vn 0.4229 0.9061 0.0108
vn 0.4436 0.8961 -0.0104
vn 0.9154 -0.4023 -0.0159
vn 0.9026 -0.4301 0.0159
vn 0.6508 0.7591 0.0102
vn 0.667 0.745 -0.01
vn 0.7719 -0.6356 -0.0118
vn 0.7497 -0.6615 0.0194
vn 0.6139 -0.789 -0.0243
vn 0.8311 0.556 0.0099
vn 0.8423 0.5389 -0.0099
vn 0.5466 -0.8367 0.0343
vn 0.4021 -0.915 -0.0337
vn 0.9563 0.2923 -0.0101
vn 1 0 0
vn 0.9942 -0 -0.1078
vn -0.0175 -0 -0.9998
vn -0.0174 -0 -0.9998
vn -0.0172 0.0003 -0.9999
vn -0.1599 0.9871 0
vn 0.9442 0.3253 -0.0512
vn 0.9442 0.3253 -0.0514
vn -0.4431 -0.8961 -0.0272
vn -0.4431 -0.8961 -0.0271
vn -0.3189 0.9473 -0.0295
vn -0.3189 0.9473 -0.0292
vn 0.8897 -0.4537 -0.0504
vn 0.8897 -0.4537 -0.0503
vn -0.4543 -0.8905 -0.0269
vn -0.4543 -0.8905 -0.027
vn -0.8909 0.4537 -0.0192
vn -0.891 0.4537 -0.0195
vn 0.453 0.8905 -0.0427
vn 0.453 0.8905 -0.0428
vn 0.4375 0.8982 -0.0425
vn 0.4375 0.8982 -0.0426
vn 0.32 -0.9466 -0.0404
vn 0.32 -0.9466 -0.0405
vn -0.8955 0.4447 -0.0192
vn -0.8954 0.4448 -0.0195
vn 0.4462 0.8939 -0.0426
vn 0.4462 0.8939 -0.0428
vn 0.3255 -0.9447 -0.0406
vn 0.3255 -0.9447 -0.0407
vn -0.4448 -0.8952 -0.0273
vn -0.4449 -0.8952 -0.0271
vn -0.3403 0.9399 -0.0291
vn -0.3403 0.9399 -0.029
vn 0.9474 0.316 -0.0514
vn 0.9473 0.316 -0.0516
vn -0.4387 -0.8982 -0.0272
vn -0.3073 0.9511 -0.0296
vn -0.3074 0.9511 -0.0295
vn 0.9466 0.3184 -0.0515
vn 0.9466 0.3184 -0.0513
vn 0.3154 -0.9481 -0.0405
vn -0.8932 0.4492 -0.0193
vn -0.8932 0.4492 -0.0192
vn 0.8951 -0.4429 -0.0506
vn 0.8951 -0.4429 -0.0505
vn -0.4597 -0.8877 -0.0269
vn -0.4597 -0.8877 -0.0268
vn -0.3188 0.9474 -0.0294
vn -0.3187 0.9474 -0.0292
vn -0.3058 0.9502 -0.0596
vn -0.2764 0.961 -0.0088
vn -0.7124 0.7007 -0.0397
vn -0.6848 0.7287 0.0076
vn -0.9302 0.3634 -0.0507
vn -0.9168 0.3994 -0.0004
vn -0.0082 0.9988 -0.0473
vn -0.0056 0.9994 -0.0346
vn 0.9986 0 -0.0523
vn -0.0101 -0.9994 -0.0344
vn -0.0104 -0.9993 -0.0361
vn -0.9999 -0.0041 0.0108
vn -0.9929 -0.0685 -0.0977
vn -0.945 -0.3191 0.0721
vn -0.8156 -0.5583 -0.1519
vn -0.6873 -0.7232 0.0669
vn -0.3743 -0.9258 -0.0527
vn -0.364 -0.9285 -0.0736
vn -0.0006 -0.9994 -0.035
vn -0.9328 0.36 -0.0186
vn 0.9291 0.3662 -0.0511
vn -0.9328 0.36 -0.0185
vn 0.9291 0.3662 -0.0513
vn -0.9135 0.4064 -0.0189
vn -0.9135 0.4064 -0.019
vn 0.9142 0.402 -0.0508
vn 0.9142 0.4021 -0.0507
vn 0.9872 0.1598 0
vn 0.9872 0.1597 0
vn -0.8599 -0.1392 -0.4911
vn -0.8599 -0.1393 -0.4911
vn 0 0 1
vn -0.0174 0.0001 -0.9998
vn -0.0174 -0.0001 -0.9998
vn -0.0175 0.0001 -0.9998
vn -0.0172 0 -0.9999
vn -0.0176 0 -0.9998
vn -0.0171 0.0003 -0.9999
vn -0.0176 0.0001 -0.9998
vn -0.1599 -0.9871 0.0002
vn -0.1599 -0.9871 0.0006
vn -0.1598 -0.9871 -0.0013
vn -0.1599 -0.9871 0
vn -0.1608 -0.987 0.0005
vn -0.1599 -0.9871 -0.0001
vn -0.1598 -0.9871 -0
vn -0.16 -0.9871 -0.0001
vn -0.1597 -0.9872 -0.0001
vn -0.1598 -0.9871 0.0001
vn -0.1597 -0.9872 -0
vn -0.16 -0.9871 -0
vn -0.1605 -0.987 -0.0007
vn -0.1603 -0.9871 0.0004
vn -0.1551 -0.9879 0.0026
vn -0.1567 -0.9876 -0.0043
vn -0.1591 -0.9873 0.0003
vn -0.1607 -0.987 -0.0005
vn -0.1596 -0.9872 -0.0007
vn -0.1598 -0.9872 -0.0016
vn -0.1587 -0.9873 -0.0004
vn -0.1599 -0.9871 -0.0014
vn -0.1602 -0.9871 0.0002
vn -0.1603 -0.9871 0.0003
vn -0.1598 -0.9871 -0.0001
vn -0.1598 -0.9872 -0.0001
vn -0.1592 -0.9872 0.0003
vn -0.16 -0.9871 0.0006
vn -0.1606 -0.987 -0.0023
vn -0.1604 -0.9871 -0
vn -0.1596 -0.9872 0.0001
vn -0.1585 -0.9874 -0.0014
vn -0.1599 -0.9871 -0.0007
vn -0.1607 -0.987 -0.0002
vn -0.158 -0.9874 0.0001
vn -0.1597 -0.9872 -0.0003
vn -0.1619 -0.9868 -0
vn -0.1655 -0.9862 0.0015
vn -0.158 -0.9874 0.0002
vn -0.1655 -0.9862 -0.0008
vn -0.1598 -0.9872 -0.0004
vn -0.1511 -0.9885 0.0079
vn -0.1571 -0.9876 0.0037
vn -0.1553 -0.9878 0.0081
vn -0.1625 -0.9867 0.0039
vn -0.1543 -0.988 -0.0061
vn -0.1577 -0.9875 0.0044
vn -0.1646 -0.9864 0.0016
vn -0.1677 -0.9858 -0.0062
vn -0.1594 -0.9872 0.0019
vn -0.1587 -0.9873 0.0038
vn -0.1581 -0.9874 -0.0005
vn -0.1584 -0.9874 -0.0002
vn -0.1586 -0.9873 -0.0018
vn -0.16 -0.9871 -0.0006
vn -0.1622 -0.9868 -0.0003
vn -0.1598 -0.9872 -0.0002
vn -0.159 -0.9873 0.0001
vn -0.1598 0.9871 -0.0001
vn -0.16 0.9871 -0.0001
vn -0.1599 0.9871 -0.0001
vn -0.1598 0.9872 0.0001
vn -0.1599 0.9871 0.0001
vn -0.1598 0.9871 -0
vn -0.16 0.9871 0
vn -0.1598 0.9872 0
vn -0.1598 0.9871 0.0001
vn -0.16 0.9871 0.0001
vn -0.1599 0.9871 -0.0002
vn -0.1598 0.9871 0.0002
vn -0.1597 0.9872 0
vn 0.416 0.908 0.049
vn 0.3681 0.918 -0.1475
vn 0.9957 0.0648 0.0656
vn 0.2162 0.9757 0.0368
vn 0.9774 0.1687 -0.1271
vn 0.1929 0.9786 -0.0713
vn 0.9761 0.2172 -0.0012
vn 0.9502 0.2945 -0.1018
vn 0.9425 0.3342 0.0046
vn 0.0394 0.9992 -0.0094
vn 0.0085 0.993 -0.1177
vn 0.8892 0.4394 -0.1271
vn 0.8864 0.4616 -0.0351
vn 0.82 0.5723 0.0124
vn 0.7872 0.5986 -0.1479
vn 0.7009 0.7129 0.0234
vn 0.682 0.7271 -0.0792
vn 0.5591 0.829 -0.0128
vn 0.5373 0.8367 -0.1061
vn 0.9014 -0.429 0.0588
vn 0.9192 -0.3641 -0.1502
vn 0.0747 -0.9913 0.1081
vn 0.9645 -0.2597 0.0486
vn 0.1816 -0.9651 -0.1886
vn 0.9687 -0.1927 -0.1566
vn 0.267 -0.9598 0.0868
vn 0.993 -0.1059 0.0521
vn 0.3732 -0.9178 -0.1358
vn 0.9841 -0.0105 -0.1773
vn 0.4297 -0.9014 0.053
vn 0.5173 -0.8421 -0.1524
vn 0.5924 -0.803 0.0655
vn 0.639 -0.7618 -0.1065
vn 0.7144 -0.6997 -0.0019
vn 0.7332 -0.6691 -0.1209
vn 0.8092 -0.5823 0.0786
vn 0.8433 -0.5085 -0.1742
vn -0.403 -0.9099 -0.0983
vn -0.3867 -0.9221 -0.0152
vn -0.9976 -0.0572 0.039
vn -0.9942 -0.0919 -0.0566
vn -0.2514 -0.9671 0.0379
vn -0.9802 -0.1911 0.0525
vn -0.2023 -0.9672 -0.1535
vn -0.9599 -0.2436 -0.1389
vn -0.1047 -0.9919 0.0713
vn -0.9208 -0.3713 0.1195
vn -0.0133 -0.9871 -0.1597
vn -0.8901 -0.4283 -0.156
vn -0.8241 -0.5542 0.1176
vn -0.7919 -0.5986 -0.1202
vn -0.6938 -0.7179 0.0567
vn -0.6849 -0.7283 -0.021
vn -0.548 -0.8334 -0.0721
vn -0.5254 -0.8496 0.0456
vn -0.9007 0.404 -0.1595
vn -0.08 0.9953 0.0551
vn -0.9573 0.2669 0.1111
vn -0.1886 0.972 -0.1402
vn -0.9698 0.1997 -0.1402
vn -0.2318 0.9713 0.0525
vn -0.9906 0.106 0.0865
vn -0.378 0.9191 -0.1109
vn -0.9945 0.0285 -0.1005
vn -0.4185 0.9042 0.0848
vn -0.5223 0.8421 -0.1343
vn -0.5989 0.7906 0.1276
vn -0.6552 0.7363 -0.169
vn -0.7642 0.6322 0.1276
vn -0.8013 0.5797 -0.1479
vn -0.8796 0.4634 0.1075
vn -0.0006 -0.9994 -0.0348
vn -0.9998 0 -0.0174
vn -0.0006 0.9994 -0.0349
vn -0.0006 0.9994 -0.0348
vn -0.0006 -0.9994 -0.0349
vn 0.8424 -0.5366 -0.0496
vn 0.9649 0.262 -0.0149
vn 0.9546 0.2853 -0.0851
vn 0.7968 0.6042 -0.0097
vn 0.7774 0.6232 -0.0851
vn 0.5124 0.8584 -0.0257
vn 0.5028 0.8633 -0.0436
vn 0.2236 -0.9746 -0.0095
vn 0.2408 -0.9679 -0.0719
vn 0.5222 -0.8528 -0.0081
vn 0.542 -0.8367 -0.0784
vn 0.7857 -0.6183 -0.0186
vn 0.7991 -0.5975 -0.0657
vn 0.9228 -0.3838 -0.0325
vn 0.9293 -0.3592 -0.0856
vn 0.9985 -0.053 -0.0133
vn 0.9957 -0.0303 -0.0879
vn 0.0046 -0.9985 -0.0549
vn 0.0033 -0.9994 -0.0347
vn -0.8843 0.4666 -0.0195
vn -0.8843 0.4666 -0.0194
vn 0.9202 -0.3881 -0.0511
vn -0.9181 -0.3959 -0.0189
vn -0.9181 -0.3959 -0.0188
vn 0.9287 0.3674 -0.0512
vn 0.9287 0.3674 -0.0509
vn -0.9323 0.3611 -0.0186
vn -0.9323 0.3612 -0.0186
vn -0.9999 0 -0.0173
vn 0.7997 -0.5985 -0.0487
vn 0.7997 -0.5984 -0.0489
vn -0.9998 0 -0.0175
vn -0.8011 0.5982 -0.0209
vn -0.8011 0.5981 -0.021
vn 0.9986 0 -0.0524
vn 0.8274 -0.5595 -0.0492
vn 0.8238 -0.5602 -0.0867
vn 0.7434 0.6671 -0.0478
vn -0.7491 -0.6621 -0.0217
vn -0.7491 -0.6621 -0.0216
vn 0.7411 0.6698 -0.0477
vn 0.7411 0.6697 -0.0478
vn -0.8297 0.5579 -0.0205
vn -0.8297 0.5579 -0.0204
vn -0.0033 0.9987 -0.0518
vn -0.9166 -0.3964 -0.0528
vn 0.0018 0.9987 -0.0519
vn 0.9286 0.3675 -0.0512
vn -0.9323 0.3611 -0.0187
vn -0.8922 -0.4512 -0.0193
vn -0.8922 -0.4512 -0.0194
vn 0.8903 -0.4526 -0.0504
vn -0.8926 0.4505 -0.0191
vn -0.8926 0.4505 -0.0194
vn -0.0006 0.9994 -0.0346
vn -0.0006 0.9994 -0.0347
vn 0.8906 0.4519 -0.0504
vn -0.9998 0.0017 -0.0175
vn -0.9998 0.0017 -0.0174
vn 0.7978 -0.6009 -0.0488
vn 0.7689 -0.6029 -0.2129
vn 0.738 0.6731 -0.0478
vn -0.7312 -0.6818 -0.022
vn -0.7312 -0.6818 -0.0221
vn 0.7374 0.6738 -0.0478
vn 0.7374 0.6737 -0.0479
vn -0.7896 0.6133 -0.0211
vn -0.7896 0.6132 -0.0212
vn -0.0398 0.9938 -0.1038
vn 0.9116 -0.408 -0.0507
vn -0.8961 -0.4115 -0.1662
vn -0.9123 -0.409 -0.019
vn 0.0428 0.9933 -0.107
vn 0.9138 0.403 -0.0509
vn 0.9138 0.403 -0.0508
vn -0.915 0.403 -0.019
vn -0.915 0.4031 -0.0189
vn -0.0319 0.0436 0.9985
vn -0.0056 -0.0343 0.9994
vn -0.5014 -0.0356 0.8645
vn -0.5861 0.2944 0.7549
vn -0.8273 -0.1114 0.5506
vn -0.898 0.1652 0.4077
vn -0.9898 0.1419 -0.0105
vn -0.9988 -0.007 0.0493
vn 0.5286 -0.1199 -0.8404
vn 0.5287 -0.1212 -0.8401
vn -0.9921 0.1253 -0.0034
vn -0.9852 0.1712 -0.008
vn -0.0056 -0.0346 -0.9994
vn 0.981 -0.1942 0
vn 0.8534 -0.1736 -0.4915
vn 0.8534 -0.1737 -0.4915
vn -0.8647 0.1047 -0.4912
vn -0.8648 0.1045 -0.4911
vn 0.8535 -0.1736 0.4914
vn 0.8535 -0.1738 -0.4912
vn 0.8535 -0.1736 -0.4912
vn -0.8647 0.1049 0.4912
vn -0.8647 0.1046 0.4912
vn 0.8533 -0.1734 0.4917
vn 0.8533 -0.1735 0.4916
vn -0.0055 -0.0343 0.9994
vn -0.8647 0.1046 -0.4912
vn -0.8647 0.1048 -0.4912
vn -0.8646 0.1048 0.4914
vn 0.7584 -0.1582 -0.6323
vn 0.7593 -0.1556 -0.6319
vn 0.759 -0.158 -0.6316
vn 0.9829 -0.073 -0.1693
vn 0.9206 -0.2764 -0.2758
vn 0.8144 -0.175 -0.5532
vn 0.8136 -0.1466 -0.5627
vn 0.7331 -0.1526 -0.6628
vn 0.7333 -0.154 -0.6622
vn 0.9851 -0.1721 0
vn 0.7326 -0.1537 -0.6631
vn 0.9656 -0.1559 0.208
vn 0.9556 -0.2872 0.0651
vn 0.0438 -0.1023 0.9938
vn 0.1642 -0.0234 0.9861
vn 0.3506 -0.1144 0.9295
vn 0.7661 0.103 0.6344
vn 0.4035 -0.1865 0.8958
vn 0.5133 -0.1113 0.851
vn 0 -0.1849 0.9828
vn 0.6694 -0.0739 0.7392
vn 0.9564 -0.292 0
vn 0.7779 -0.1325 0.6143
vn 0.8378 -0.546 0
vn 0.8325 -0.2679 0.485
vn 0.8323 -0.2634 0.4878
vn 0.9941 0.1084 0
vn 0.9235 -0.1636 0.347
vn 0.9916 -0.1295 0
vn -0.1568 0.0657 0.9854
vn -0.9503 0.1177 0.2883
vn -0.9503 0.0906 0.298
vn -0.6125 0.0934 0.7849
vn -0.6107 0.0859 0.7872
vn -0.2587 -0.0355 0.9653
vn -0.1711 -0.0065 -0.9852
vn -0.1709 -0.0074 -0.9853
vn -0.0193 -0.1434 -0.9895
vn 0.1344 -0.0275 -0.9905
vn 0.7151 -0.1959 -0.671
vn 0.7908 -0.1126 -0.6016
vn 0.966 -0.2058 -0.1565
vn 0.9702 -0.1944 -0.1449
vn -0.8575 -0.0204 -0.5141
vn -0.9091 0.1519 -0.3879
vn -0.4245 0.165 -0.8903
vn -0.9134 0.2918 0.2837
vn -0.9854 0.0648 0.1574
vn -0.7471 0.0856 0.6592
vn 0.7115 0 -0.7027
vn -0.7794 0.0446 0.6249
vn -0.7479 0.0884 0.6579
vn -0.9474 0.1433 0.2862
vn -0.9473 0.018 0.3198
vn -0.7709 0.0895 0.6306
vn -0.7665 0.104 0.6338
vn -0.0113 -0.0958 -0.9953
vn -0.009 -0.0338 -0.9994
vn 0.9809 -0.1944 0
vn 0.0038 -0.02 0.9998
vn -0.0023 -0.0351 0.9994
vn 0.8534 -0.1734 -0.4916
vn -0.8647 0.1049 -0.4912
vn -0.8648 0.1047 -0.4911
vn -0.0056 -0.0344 -0.9994
vn -0.0223 -0.0628 -0.9978
vn 0.8138 -0.2993 0.4981
vn 0.8535 -0.1735 0.4914
vn 0.8536 -0.1735 -0.4913
vn -0.0056 -0.0344 0.9994
vn -0.8648 0.1046 0.4912
vn 0.8533 -0.1737 0.4916
vn -0.8647 0.1048 -0.4913
vn 0.3503 -0.1411 -0.926
vn 0 0.2109 -0.9775
vn 0.278 -0.0626 -0.9585
vn 0.9902 -0.138 -0.0199
vn 0.379 -0.0979 -0.9202
vn 0.138 -0.0208 -0.9902
vn 0.9333 -0.1929 -0.303
vn 0.691 -0.1471 -0.7077
vn 0.936 -0.187 -0.2983
vn 0.8733 -0.1765 -0.4542
vn 0.7273 -0.0322 -0.6855
vn 0.8705 -0.1792 -0.4584
vn 0.8038 -0.1035 -0.5858
vn 0.6804 -0.1243 -0.7222
vn 0.7041 -0.1272 -0.6986
vn 0.6838 -0.1466 -0.7148
vn 0.6948 -0.1521 -0.7029
vn 0 -0.019 -0.9998
vn 0.5799 -0.1285 -0.8045
vn 0.5755 -0.1308 -0.8073
vn 0.4689 -0.1037 -0.8771
vn 0.4403 -0.1045 -0.8917
vn 0.6033 -0.0786 0.7936
vn 0.6704 -0.3291 0.6651
vn 0.9102 -0.0196 0.4137
vn 0.9604 -0.2736 0.0536
vn 0.9555 -0.1609 -0.2473
vn 0.9756 -0.0778 -0.2051
vn 0.7232 -0.2957 -0.6242
vn 0.667 -0.0852 -0.7401
vn 0.9201 -0.2494 0.3021
vn 0.1064 -0.0294 0.9939
vn 0.0968 -0.0039 0.9953
vn 0.5561 -0.2204 0.8014
vn 0.6651 -0.0546 0.7448
vn 0.9224 -0.2262 0.313
vn -0.2468 -0.0271 0.9687
vn -0.9557 0.1217 0.2679
vn -0.9556 0.1119 0.2724
vn -0.7095 0.1032 0.6971
vn -0.698 0.0522 0.7141
vn -0.2742 0.0289 0.9612
vn -0.182 -0.0061 -0.9833
vn -0.181 -0.0095 -0.9834
vn 0.9591 -0.206 -0.1941
vn 0.9528 -0.1204 -0.2787
vn 0.1064 0.0225 -0.9941
vn 0.6077 -0.1292 -0.7836
vn 0.65 -0.2221 -0.7268
vn -0.9741 0.2204 -0.0497
vn -0.9784 0.1166 -0.1707
vn -0.5526 0.1399 -0.8216
vn -0.6533 0.0655 -0.7543
vn -0.1411 -0.0889 -0.986
vn -0.6642 0.2048 0.719
vn -0.959 0.0022 0.2834
vn -0.106 0.0769 0.9914
vn -0.405 -0.1303 0.905
vn -0.9651 0.2411 0.1024
vn -0.9635 0.2487 0.0991
vn 0.2494 -0.0083 -0.9684
vn -0.9989 0.0132 -0.0442
vn -0.9645 0.1883 -0.1853
vn -0.7629 0.0708 -0.6427
vn -0.7595 0.0622 -0.6476
vn 0.001 -0.1491 -0.9888
vn -0.1784 0 -0.9839
vn -0.1028 -0.0016 0.9947
vn -0.1511 -0.0443 0.9875
vn -0.8431 0.0752 0.5325
vn -0.8373 0.0536 0.5442
vn -0.9647 0.2051 0.1651
vn 0.9593 -0.2225 0.1737
vn 0.9524 -0.1173 0.2815
vn 0.7582 -0.2504 0.602
vn 0.672 -0.0855 0.7356
vn -0.1861 0.0474 0.9814
vn -0.1672 -0.0307 0.9855
vn -0.9423 0.0963 -0.3206
vn -0.1221 -0.0636 -0.9905
vn -0.0922 -0.0257 -0.9954
vn -0.5723 0.073 -0.8168
vn -0.5957 0.0319 -0.8026
vn -0.929 0.1464 -0.3399
vn 0.8534 -0.1735 -0.4915
vn -0.8647 0.105 -0.4912
vn -0.0055 -0.0342 -0.9994
vn 0.8534 -0.1738 0.4914
vn -0.8648 0.1045 0.4912
vn 0.8533 -0.1735 0.4917
vn -0.8646 0.1047 0.4914
vn -0.0055 -0.0343 -0.9994
vn -0.0056 -0.0342 -0.9994
vn 0.8597 0.1391 -0.4915
vn 0 0 -1
vn -0.8596 -0.1393 0.4917
vn -0.8596 -0.1393 0.4916
vn -0.8597 -0.1392 -0.4915
vn -0.8597 -0.1393 -0.4915
vn 0.8597 0.1391 0.4915
vn 0.8597 0.1393 0.4915
vn -0.8594 -0.1394 0.4919
vn -0.8594 -0.1391 0.492
vn 0.8597 0.1393 -0.4915
vn 0.8597 0.1392 -0.4915
vn 0.8596 0.1392 0.4917
vn 0.8596 0.1393 0.4916
vn -0.8595 -0.1391 -0.4918
vn -0.8594 -0.1394 -0.4919
vn -0.9871 -0.1599 0
vn -0.9872 -0.1598 0
vn -0.9872 -0.1597 0
vn 0.8562 0.1387 0.4976
vn 0.8563 0.1387 0.4976
vn 0.9871 0.1599 0
vn -0.8596 -0.1392 0.4917
vn -0.8596 -0.1393 -0.4915
vn -0.8596 -0.1392 -0.4916
vn -0.8595 -0.1392 0.4919
vn -0.8594 -0.1392 0.4919
vn 0.8596 0.1392 -0.4916
vn 0.8596 0.1393 -0.4916
vn 0.8596 0.1393 0.4917
vn -0.8595 -0.1393 -0.4918
vn -0.8595 -0.1392 -0.4918
vn -0.7242 -0.1528 0.6725
vn -0.7545 -0.1027 0.6482
vn -0.9376 -0.1127 0.3291
vn -0.9181 -0.1676 0.3591
vn -0.2918 0.0026 0.9565
vn -0.2119 -0.1078 0.9713
vn 0.3145 0.1235 0.9412
vn 0.3966 0.0357 0.9173
vn -0.9761 -0.1581 -0.1493
vn -0.9745 -0.1652 -0.1521
vn 0.9757 0.1579 0.1521
vn 0.9757 0.1581 0.1521
vn 0.1807 0.0247 -0.9832
vn 0.1823 0.0295 -0.9828
vn -0.0336 -0.0258 -0.9991
vn -0.0803 0.0099 -0.9967
vn -0.5617 -0.1136 -0.8195
vn -0.5856 -0.0855 -0.806
vn 0.9912 0.0913 -0.0954
vn 0.9866 0.1445 -0.0758
vn 0.6723 0.0878 -0.7351
vn 0.6342 0.1372 -0.7609
vn 0.2114 -0.0794 0.9742
vn 0.4875 0.2103 0.8474
vn 0.8746 -0.0124 0.4846
vn 0.9226 0.2609 0.2842
vn -0.9441 -0.185 0.2728
vn -0.9258 -0.03 0.3768
vn -0.5563 -0.2153 0.8026
vn -0.344 0.0592 0.9371
vn 0.1801 0.0679 0.9813
vn 0.1655 0.0083 0.9862
vn 0.0404 0.1309 -0.9906
vn 0.4503 -0.1061 -0.8866
vn 0.5712 0.2521 -0.7811
vn 0.9318 0.0591 -0.3582
vn 0.9167 0.1233 -0.38
vn -0.9783 -0.2003 -0.0519
vn -0.9903 -0.1111 -0.0835
vn -0.8404 -0.0984 -0.533
vn -0.8444 -0.1824 -0.5037
vn -0.4518 -0.0173 -0.892
vn -0.4907 -0.1142 -0.8638
vn -0.0513 -0.0724 -0.9961
vn -0.0175 -0.0002 -0.9998
vn -0.0175 -0.0001 -0.9998
vn -0.0165 -0.0009 -0.9999
vn -0.0186 0.001 -0.9998
vn -0.0173 0.0001 -0.9998
vn -0.0172 -0.0001 -0.9999
vn -0.0175 0.0002 -0.9998
vn -0.0173 0.0001 -0.9999
vn -0.0176 -0.0005 -0.9998
vn -0.0173 -0.0001 -0.9999
vn -0.0173 -0.0001 -0.9998
vn -0.1599 -0.9871 0.0001
vn -0.1601 -0.9871 -0.0001
vn -0.1604 -0.987 0.0005
vn -0.16 -0.9871 0.0001
vn -0.1596 -0.9872 -0.0005
vn -0.1601 -0.9871 0
vn -0.1601 -0.9871 -0.0002
vn -0.1602 -0.9871 0.0004
vn -0.1596 -0.9872 -0.0002
vn -0.1602 -0.9871 0.0003
vn -0.16 -0.9871 -0.0002
vn -0.1605 -0.987 -0.0003
vn -0.1598 -0.9872 0.0002
vn -0.16 -0.9871 -0.0003
vn -0.16 -0.9871 0.0002
vn -0.1599 -0.9871 0.0005
vn -0.1576 -0.9875 -0.0033
vn -0.1605 -0.987 0.001
vn -0.1572 -0.9876 -0.0024
vn -0.1596 -0.9872 0.0007
vn -0.1604 -0.9871 -0.0004
vn -0.1605 -0.987 -0.0006
vn -0.1596 -0.9872 -0.0017
vn -0.1617 -0.9868 0.0009
vn -0.1613 -0.9869 0.0007
vn -0.1604 -0.9871 -0.0003
vn -0.1605 -0.987 0.0001
vn -0.1604 -0.9871 0.0001
vn -0.1598 -0.9872 0
vn -0.1622 -0.9868 -0.002
vn -0.1592 -0.9872 0.0027
vn -0.1602 -0.9871 -0.0004
vn -0.1595 -0.9872 0.0002
vn -0.1539 -0.9881 0.0038
vn -0.1601 -0.9871 0.0006
vn -0.16 -0.9871 0.0012
vn -0.1595 -0.9872 0.0017
vn -0.1609 -0.987 -0.0018
vn -0.1522 -0.9883 0.004
vn -0.1602 -0.9871 -0.0002
vn -0.1622 -0.9868 0.0014
vn -0.1602 -0.9871 0.0006
vn -0.1601 0.9871 0
vn -0.1597 0.9872 0.0001
vn -0.1598 0.9872 -0.0001
vn -0.16 0.9871 0.0002
vn -0.16 0.9871 -0.0002
vn -0.1603 0.9871 -0.0001
vn -0.1602 0.9871 -0.0002
vn -0.1597 0.9872 0.0002
vn -0.6092 -0.1256 0.783
vn -0.9211 -0.3742 0.1076
vn -0.8976 -0.4259 0.1139
vn -0.7947 -0.3655 0.4846
vn -0.934 -0.3439 0.0964
vn -0.9488 -0.3032 0.0887
vn -0.8271 -0.0602 0.5588
vn -0.7446 -0.075 0.6633
vn -0.8985 -0.4262 0.1054
vn -0.9037 -0.4164 0.0997
vn -0.932 -0.3504 0.0924
vn -0.9148 -0.3931 0.0929
vn -0.914 -0.3958 0.0891
vn -0.913 -0.3963 0.0967
vn -0.606 -0.1292 0.7849
vn -0.5457 -0.5022 0.6708
vn -0.6201 -0.0077 0.7845
vn -0.5386 -0.5069 0.673
vn -0.6221 -0.0314 0.7823
vn -0.5782 -0.2783 0.767
vn -0.3762 -0.6454 0.6648
vn -0.364 -0.6611 0.6561
vn -0.5782 -0.281 0.766
vn -0.4837 -0.5147 0.7079
vn -0.5221 -0.515 0.6798
vn -0.8821 -0.0293 0.4702
vn -0.9919 -0.0564 0.1138
vn -0.9171 -0.0074 0.3987
vn -0.4728 -0.5481 0.69
vn -0.6166 -0.1178 0.7784
vn -0.5076 -0.4676 0.7237
vn -0.5129 -0.4407 0.7366
vn -0.4977 -0.4949 0.7123
vn -0.4002 -0.5873 0.7035
vn -0.5275 -0.4212 0.7377
vn -0.8969 -0.0495 0.4394
vn -0.8603 -0.3349 0.3843
vn -0.4716 -0.5333 0.7022
vn -0.9845 -0.1009 0.1433
vn -0.6364 -0.0293 0.7708
vn -0.639 -0.0078 0.7692
vn -0.9493 -0.1969 0.2452
vn -0.5089 -0.4621 0.7263
vn -0.6592 -0.4545 0.5991
vn -0.4591 -0.5675 0.6834
vn -0.5572 -0.3278 0.7629
vn -0.4403 -0.5936 0.6736
vn -0.5229 -0.4104 0.7471
vn -0.6383 -0.0341 0.769
vn -0.4803 -0.5193 0.7068
vn -0.5767 -0.2061 0.7905
vn -0.9963 -0.0098 0.0857
vn -0.821 -0.3688 0.4358
vn -0.8126 -0.3768 0.4447
vn -0.588 -0.1778 0.7891
vn -0.4187 -0.641 0.6433
vn -0.9734 -0.147 0.1755
vn -0.8722 -0.0711 0.4839
vn -0.5908 -0.5109 0.6244
vn -0.6022 -0.5046 0.6187
vn -0.6342 -0.0648 0.7705
vn -0.6162 -0.1326 0.7764
vn -0.3697 -0.7218 0.5851
vn -0.342 -0.7222 0.6012
vn -0.576 -0.2498 0.7783
vn -0.4985 -0.4335 0.7507
vn -0.4214 -0.6252 0.657
vn -0.4009 -0.659 0.6363
vn -0.4893 -0.4473 0.7487
vn -0.5589 -0.2938 0.7755
vn -0.4282 -0.6062 0.6702
vn -0.5584 -0.2772 0.7819
vn -0.5278 -0.3901 0.7545
vn -0.6508 -0.1261 0.7487
vn -0.6489 -0.1274 0.7501
vn -0.3935 -0.6757 0.6233
vn -0.3147 -0.8023 0.5072
vn -0.3226 -0.795 0.5137
vn -0.9116 -0.0503 0.408
vn -0.5511 -0.3125 0.7737
vn -0.6995 -0.1086 0.7063
vn -0.3654 -0.7238 0.5853
vn -0.9343 -0.241 0.2627
vn -0.8061 -0.0897 0.5849
vn -0.5307 -0.375 0.7601
vn -0.393 -0.6765 0.6229
vn -0.3874 -0.6721 0.6311
vn -0.3842 -0.6758 0.629
vn -0.9921 -0.0603 0.1104
vn -0.4172 -0.6294 0.6556
vn -0.5772 -0.2032 0.7909
vn -0.9612 -0.1828 0.2067
vn -0.9489 -0.2109 0.2348
vn -0.3168 -0.7953 0.5168
vn -0.6677 -0.0578 0.7422
vn -0.8741 -0.3407 0.3463
vn -0.9226 -0.0282 0.3847
vn -0.9959 -0.005 0.0898
vn -0.8233 -0.0968 0.5593
vn -0.5376 -0.33 0.776
vn -0.8923 -0.0673 0.4465
vn -0.7412 -0.1152 0.6613
vn -0.89 -0.3033 0.3404
vn -0.7524 -0.067 0.6553
vn -0.7885 -0.0678 0.6113
vn -0.6847 -0.0879 0.7235
vn -0.8392 -0.0759 0.5384
vn -0.456 -0.5425 0.7055
vn -0.9847 -0.1017 0.1416
vn -0.4122 -0.6223 0.6654
vn -0.4362 -0.5723 0.6944
vn -0.461 -0.5991 0.6547
vn -0.4788 -0.5855 0.6542
vn -0.8682 -0.0789 0.49
vn -0.463 -0.5085 0.726
vn -0.6851 -0.1275 0.7172
vn -0.9585 -0.0083 0.2851
vn -0.8429 -0.3662 0.3943
vn -0.6412 -0.1508 0.7524
vn -0.5311 -0.3106 0.7883
vn -0.508 -0.3717 0.777
vn -0.6619 -0.5048 0.5541
vn -0.4321 -0.5619 0.7054
vn -0.6536 -0.5109 0.5584
vn -0.9772 -0.1389 0.1603
vn -0.9549 -0.0248 0.2959
vn -0.5469 -0.2736 0.7912
vn -0.3229 -0.7524 0.5742
vn -0.6881 -0.1776 0.7036
vn -0.7646 -0.1087 0.6353
vn -0.5858 -0.2434 0.7731
vn -0.9388 -0.2402 0.247
vn -0.5833 -0.2707 0.7658
vn -0.4326 -0.5488 0.7154
vn -0.9556 -0.096 0.2785
vn -0.9499 -0.0965 0.2974
vn -0.9769 -0.0107 0.2134
vn -0.4647 -0.4738 0.748
vn -0.6623 -0.2577 0.7035
vn -0.874 -0.094 0.4768
vn -0.3629 -0.7146 0.598
vn -0.9764 -0.0276 0.2142
vn -0.9384 -0.0361 0.3437
vn -0.9399 -0.032 0.34
vn -0.658 -0.5047 0.5588
vn -0.327 -0.7321 0.5976
vn -0.6694 -0.2615 0.6954
vn -0.7882 -0.1218 0.6033
vn -0.9691 -0.069 0.2368
vn -0.718 -0.2296 0.6571
vn -0.8877 -0.32 0.331
vn -0.7144 -0.2775 0.6424
vn -0.6912 -0.2598 0.6743
vn -0.5307 -0.5804 0.6177
vn -0.7473 -0.2426 0.6186
vn -0.9794 -0.0526 0.1948
vn -0.9794 -0.053 0.1947
vn -0.9941 -0.0564 0.0926
vn -0.9961 -0.0304 0.0829
vn -0.7483 -0.276 0.6032
vn -0.5515 -0.2284 0.8023
vn -0.9754 -0.0694 0.209
vn -0.7512 -0.2741 0.6004
vn -0.3477 -0.6923 0.6323
vn -0.7841 -0.2715 0.558
vn -0.7909 -0.275 0.5466
vn -0.9099 -0.2974 0.2892
vn -0.8022 -0.4237 0.4206
vn -0.7963 -0.4314 0.4241
vn -0.3946 -0.6573 0.6421
vn -0.9063 -0.0908 0.4127
vn -0.989 -0.0921 0.1154
vn -0.9858 -0.0128 0.1676
vn -0.8141 -0.1218 0.5678
vn -0.8326 -0.2463 0.4961
vn -0.8066 -0.2729 0.5243
vn -0.8511 -0.1135 0.5126
vn -0.8889 -0.1062 0.4457
vn -0.842 -0.2451 0.4806
vn -0.8422 -0.3959 0.366
vn -0.9206 -0.0775 0.3828
vn -0.9702 -0.1064 0.2175
vn -0.9747 -0.0985 0.2008
vn -0.5793 -0.5804 0.5723
vn -0.5541 -0.5927 0.5845
vn -0.9885 -0.0375 0.1465
vn -0.3015 -0.7947 0.5269
vn -0.9916 -0.0111 0.1292
vn -0.8489 -0.2698 0.4544
vn -0.9384 -0.0371 0.3434
vn -0.9679 -0.1417 0.2075
vn -0.9784 -0.1015 0.1802
vn -0.9768 -0.1037 0.1873
vn -0.9587 -0.2048 0.1972
vn -0.8775 -0.2676 0.3979
vn -0.8771 -0.2633 0.4017
vn -0.6346 -0.1794 0.7517
vn -0.9787 -0.1452 0.1451
vn -0.6466 -0.1691 0.7438
vn -0.3596 -0.7232 0.5896
vn -0.3478 -0.7406 0.5749
vn -0.9808 -0.1104 0.1607
vn -0.4516 -0.6476 0.6138
vn -0.9019 -0.2704 0.3367
vn -0.9286 -0.0796 0.3625
vn -0.9269 -0.0817 0.3663
vn -0.9642 -0.1722 0.2017
vn -0.902 -0.2735 0.3342
vn -0.744 -0.1517 0.6507
vn -0.706 -0.1514 0.6918
vn -0.9113 -0.2763 0.3054
vn -0.9242 -0.2478 0.2906
vn -0.7351 -0.5018 0.4559
vn -0.9699 -0.171 0.1733
vn -0.9701 -0.1703 0.1727
vn -0.6105 -0.0069 0.792
vn -0.2941 -0.7979 0.5262
vn -0.6094 -0.0626 0.7904
vn -0.9311 -0.2461 0.2691
vn -0.6129 -0.0178 0.7899
vn -0.9065 -0.0899 0.4124
vn -0.6122 -0.0389 0.7897
vn -0.613 -0.0367 0.7892
vn -0.9395 -0.2481 0.2364
vn -0.9333 -0.2826 0.2216
vn -0.331 -0.7701 0.5453
vn -0.6077 -0.0981 0.788
vn -0.9473 -0.2494 0.2009
vn -0.9451 -0.2596 0.1983
vn -0.9442 -0.2768 0.1786
vn -0.4584 -0.6522 0.6037
vn -0.6106 -0.0742 0.7884
vn -0.6927 -0.5294 0.4898
vn -0.6086 -0.096 0.7877
vn -0.9581 -0.2565 0.1274
vn -0.959 -0.2576 0.1181
vn -0.8966 -0.329 0.2966
vn -0.967 -0.2329 0.1034
vn -0.8976 -0.3276 0.295
vn -0.7475 -0.1532 0.6464
vn -0.6182 -0.0451 0.7847
vn -0.6039 -0.1632 0.7802
vn -0.6077 -0.1433 0.7812
vn -0.614 -0.0981 0.7832
vn -0.6012 -0.1701 0.7808
vn -0.6277 -0.2035 0.7514
vn -0.7415 -0.5081 0.4382
vn -0.8618 -0.1291 0.4905
vn -0.3697 -0.6886 0.6238
vn -0.8254 -0.4238 0.373
vn -0.5964 -0.2005 0.7772
vn -0.5971 -0.1987 0.7771
vn -0.9645 -0.0099 0.2639
vn -0.9555 -0.2162 0.2008
vn -0.5892 -0.2322 0.774
vn -0.6241 -0.5842 0.5189
vn -0.6142 -0.5919 0.522
vn -0.7795 -0.153 0.6074
vn -0.5979 -0.2052 0.7749
vn -0.5627 -0.3236 0.7607
vn -0.5893 -0.235 0.773
vn -0.5705 -0.2941 0.7669
vn -0.6161 -0.1184 0.7787
vn -0.9469 -0.0655 0.3148
vn -0.6227 -0.0955 0.7766
vn -0.6219 -0.0859 0.7783
vn -0.5605 -0.3314 0.759
vn -0.6107 -0.1659 0.7743
vn -0.8615 -0.3858 0.3301
vn -0.5236 -0.4389 0.7302
vn -0.8904 -0.1211 0.4387
vn -0.8902 -0.1215 0.439
vn -0.9822 -0.1351 0.1305
vn -0.3307 -0.7707 0.5446
vn -0.3139 -0.7955 0.5184
vn -0.57 -0.3084 0.7616
vn -0.5459 -0.6377 0.5435
vn -0.9576 -0.0549 0.2828
vn -0.5317 -0.6483 0.545
vn -0.5365 -0.3882 0.7493
vn -0.5471 -0.3692 0.7513
vn -0.4916 -0.4911 0.7192
vn -0.5635 -0.3333 0.7559
vn -0.4649 -0.687 0.5585
vn -0.5597 -0.3396 0.7559
vn -0.5906 -0.2371 0.7713
vn -0.514 -0.4421 0.735
vn -0.4931 -0.479 0.7262
vn -0.7912 -0.1596 0.5904
vn -0.5797 -0.2586 0.7727
vn -0.5683 -0.2944 0.7684
vn -0.5508 -0.3613 0.7523
vn -0.5407 -0.3705 0.7552
vn -0.9328 -0.1064 0.3444
vn -0.5444 -0.3867 0.7443
vn -0.5391 -0.3955 0.7436
vn -0.9224 -0.2957 0.2486
vn -0.9189 -0.3016 0.2542
vn -0.5251 -0.4301 0.7344
vn -0.3422 -0.7637 0.5474
vn -0.4602 -0.5529 0.6946
vn -0.5127 -0.4426 0.7357
vn -0.9939 -0.0736 0.0822
vn -0.3082 -0.8084 0.5014
vn -0.7699 -0.4993 0.3974
vn -0.9456 -0.0761 0.3163
vn -0.7731 -0.4962 0.3952
vn -0.6287 -0.0342 0.7769
vn -0.6282 -0.0355 0.7772
vn -0.9888 -0.1065 0.1043
vn -0.5095 -0.4268 0.7472
vn -0.6147 -0.1118 0.7808
vn -0.8648 -0.3936 0.3118
vn -0.3541 -0.7376 0.5749
vn -0.6969 -0.1951 0.6901
vn -0.443 -0.5713 0.6909
vn -0.9596 -0.0582 0.2753
vn -0.6252 -0.0608 0.7781
vn -0.8131 -0.1614 0.5593
vn -0.6283 -0.0507 0.7763
vn -0.6368 -0.22 0.739
vn -0.3425 -0.7638 0.5471
vn -0.4788 -0.5131 0.7124
vn -0.8544 -0.149 0.4979
vn -0.6739 -0.5739 0.4653
vn -0.5929 -0.1741 0.7862
vn -0.3425 -0.7538 0.5607
vn -0.38 -0.7476 0.5447
vn -0.2468 -0.9007 0.3575
vn -0.3513 -0.7472 0.5642
vn -0.5057 -0.691 0.5165
vn -0.3997 -0.7322 0.5515
vn -0.9985 -0.0079 0.0543
vn -0.8589 -0.1462 0.4908
vn -0.366 -0.7193 0.5905
vn -0.9681 -0.0397 0.2472
vn -0.5115 -0.3673 0.7769
vn -0.5646 -0.2398 0.7898
vn -0.5312 -0.3104 0.7883
vn -0.9532 -0.2301 0.1962
vn -0.4078 -0.6055 0.6834
vn -0.915 -0.1299 0.3819
vn -0.7126 -0.2032 0.6715
vn -0.472 -0.5567 0.6836
vn -0.3373 -0.7665 0.5465
vn -0.9665 -0.0536 0.2509
vn -0.2494 -0.8995 0.3587
vn -0.2943 -0.8308 0.4724
vn -0.3029 -0.821 0.4839
vn -0.5931 -0.6471 0.4791
vn -0.5917 -0.6479 0.4798
vn -0.4141 -0.6202 0.6663
vn -0.8811 -0.3727 0.2912
vn -0.6833 -0.5893 0.4311
vn -0.4464 -0.5905 0.6724
vn -0.617 -0.1319 0.7758
vn -0.9084 -0.3316 0.2546
vn -0.4286 -0.7254 0.5386
vn -0.5407 -0.3258 0.7756
vn -0.5054 -0.7115 0.4882
vn -0.6474 -0.224 0.7285
vn -0.466 -0.498 0.7313
vn -0.4803 -0.4735 0.7383
vn -0.9755 -0.1665 0.144
vn -0.4362 -0.6133 0.6585
vn -0.9746 -0.1695 0.1462
vn -0.4884 -0.4223 0.7636
vn -0.6069 -0.1613 0.7782
vn -0.606 -0.1626 0.7787
vn -0.9656 -0.1965 0.1703
vn -0.7496 -0.1913 0.6336
vn -0.2894 -0.8338 0.4702
vn -0.8173 -0.465 0.3402
vn -0.6082 -0.655 0.4485
vn -0.7903 -0.4983 0.3565
vn -0.4826 -0.4456 0.754
vn -0.919 -0.1257 0.3738
vn -0.8855 -0.1578 0.4371
vn -0.6294 -0.0706 0.7739
vn -0.6319 -0.0653 0.7723
vn -0.4068 -0.6592 0.6325
vn -0.4061 -0.66 0.6321
vn -0.2862 -0.843 0.4554
vn -0.7102 -0.5717 0.4107
vn -0.2672 -0.8458 0.4617
vn -0.5948 -0.2032 0.7778
vn -0.5999 -0.1913 0.7769
vn -0.9282 -0.2966 0.2248
vn -0.9974 -0.0405 0.0599
vn -0.9974 -0.0353 0.0621
vn -0.7795 -0.1975 0.5945
vn -0.5654 -0.4346 0.701
vn -0.8244 -0.467 0.3199
vn -0.3864 -0.6951 0.6063
vn -0.6212 -0.4351 0.6517
vn -0.6236 -0.0952 0.7759
vn -0.6951 -0.424 0.5806
vn -0.9251 -0.1254 0.3584
vn -0.8286 -0.1893 0.5268
vn -0.3791 -0.6658 0.6426
vn -0.5879 -0.2297 0.7756
vn -0.9839 -0.1371 0.1144
vn -0.9846 -0.1345 0.1121
vn -0.6153 -0.0757 0.7847
vn -0.6151 -0.0927 0.783
vn -0.945 -0.11 0.308
vn -0.8917 -0.1556 0.4249
vn -0.6081 -0.1374 0.7819
vn -0.8484 -0.4401 0.2943
vn -0.8944 -0.1504 0.4213
vn -0.6188 -0.0609 0.7832
vn -0.2711 -0.8626 0.427
vn -0.6236 -0.0933 0.7762
vn -0.5363 -0.7224 0.4365
vn -0.5892 -0.2387 0.7719
vn -0.5029 -0.4014 0.7655
vn -0.6205 -0.0843 0.7796
vn -0.7814 -0.5298 0.3296
vn -0.6205 -0.0634 0.7816
vn -0.9907 -0.102 0.09
vn -0.6133 -0.1165 0.7812
vn -0.4583 -0.7444 0.4857
vn -0.7946 -0.2104 0.5695
vn -0.594 -0.2788 0.7546
vn -0.5982 -0.2001 0.776
vn -0.6043 -0.1757 0.7771
vn -0.577 -0.2549 0.7759
vn -0.903 -0.3557 0.241
vn -0.9125 -0.1452 0.3825
vn -0.6563 -0.6361 0.4058
vn -0.6511 -0.6411 0.4063
vn -0.5839 -0.2591 0.7694
vn -0.588 -0.2375 0.7732
vn -0.6098 -0.1449 0.7792
vn -0.7298 -0.5795 0.3627
vn -0.7311 -0.5782 0.3622
vn -0.5569 -0.3377 0.7588
vn -0.6324 -0.0343 0.7739
vn -0.2606 -0.881 0.3949
vn -0.9657 -0.2047 0.1599
vn -0.8889 -0.3844 0.2491
vn -0.5417 -0.3606 0.7593
vn -0.3474 -0.7533 0.5584
vn -0.9249 -0.3174 0.2093
vn -0.9333 -0.1411 0.3302
vn -0.8514 -0.1893 0.4892
vn -0.5277 -0.4002 0.7493
vn -0.8488 -0.1913 0.4929
vn -0.5202 -0.4124 0.7479
vn -0.8061 -0.2095 0.5534
vn -0.3411 -0.7608 0.5521
vn -0.6087 -0.1477 0.7795
vn -0.8496 -0.4463 0.281
vn -0.5868 -0.212 0.7815
vn -0.5132 -0.3375 0.7891
vn -0.5275 -0.7246 0.4436
vn -0.9593 -0.104 0.2627
vn -0.2769 -0.8551 0.4382
vn -0.2629 -0.8792 0.3973
vn -0.3323 -0.7767 0.535
vn -0.5692 -0.2823 0.7722
vn -0.284 -0.8506 0.4426
vn -0.2826 -0.8457 0.4528
vn -0.3719 -0.6875 0.6237
vn -0.9454 -0.1307 0.2987
vn -0.9954 -0.0711 0.0638
vn -0.8042 -0.513 0.3003
vn -0.4457 -0.5153 0.732
vn -0.5781 -0.7197 0.3844
vn -0.592 -0.3043 0.7463
vn -0.6042 -0.1578 0.781
vn -0.7395 -0.437 0.512
vn -0.2859 -0.8436 0.4544
vn -0.3486 -0.7234 0.596
vn -0.5479 -0.7361 0.3975
vn -0.7656 -0.0991 0.6356
vn -0.6458 -0.0158 0.7633
vn -0.8805 -0.4096 0.2386
vn -0.7802 -0.2317 0.581
vn -0.6025 -0.1711 0.7796
vn -0.4179 -0.5911 0.6899
vn -0.9593 -0.1206 0.2553
vn -0.9558 -0.2414 0.1678
vn -0.3989 -0.6326 0.6639
vn -0.7635 -0.5582 0.3249
vn -0.413 -0.5809 0.7014
vn -0.9905 -0.1085 0.0841
vn -0.3307 -0.7512 0.5713
vn -0.9703 -0.1946 0.1438
vn -0.7459 -0.4445 0.4961
vn -0.5512 -0.3355 0.764
vn -0.74 -0.4369 0.5115
vn -0.2629 -0.8795 0.3968
vn -0.6215 -0.6957 0.3601
vn -0.3163 -0.7943 0.5187
vn -0.691 -0.6362 0.3433
vn -0.7045 -0.6213 0.343
vn -0.9384 -0.1424 0.3148
vn -0.9092 -0.3547 0.2178
vn -0.2612 -0.8795 0.3979
vn -0.3023 -0.8196 0.4866
vn -0.9955 -0.0679 0.0658
vn -0.8278 -0.1053 0.5511
vn -0.2985 -0.8201 0.4882
vn -0.8788 -0.1969 0.4346
vn -0.652 -0.0032 0.7582
vn -0.8852 -0.1889 0.4251
vn -0.8293 -0.1461 0.5394
vn -0.6428 -0.0303 0.7654
vn -0.9666 -0.0916 0.2395
vn -0.9216 -0.163 0.3522
vn -0.3874 -0.6259 0.6769
vn -0.3367 -0.7275 0.5978
vn -0.8027 -0.5252 0.2825
vn -0.4893 -0.3962 0.7769
vn -0.2726 -0.864 0.4233
vn -0.8236 -0.3075 0.4766
vn -0.5004 -0.3813 0.7773
vn -0.5897 -0.7187 0.3684
vn -0.9123 -0.1788 0.3685
vn -0.6274 -0.6969 0.3473
vn -0.2952 -0.8365 0.4617
vn -0.88 -0.4132 0.2342
vn -0.3442 -0.7366 0.5822
vn -0.3113 -0.7787 0.5447
vn -0.5888 -0.2016 0.7828
vn -0.3165 -0.7873 0.5292
vn -0.6773 -0.6576 0.3299
vn -0.3702 -0.6871 0.6252
vn -0.275 -0.8635 0.4227
vn -0.8374 -0.4839 0.2543
vn -0.7596 -0.5831 0.288
vn -0.2969 -0.8308 0.4708
vn -0.2494 -0.8994 0.359
vn -0.2598 -0.8848 0.3869
vn -0.9809 -0.1583 0.1132
vn -0.5873 -0.3449 0.7322
vn -0.6045 -0.3214 0.7289
vn -0.9792 -0.1657 0.117
vn -0.2576 -0.8853 0.3873
vn -0.959 -0.2359 0.157
vn -0.9589 -0.2361 0.1572
vn -0.2584 -0.8833 0.3912
vn -0.3223 -0.7697 0.5511
vn -0.9549 -0.1369 0.2636
vn -0.6504 -0.0088 0.7595
vn -0.9704 -0.2007 0.1344
vn -0.9039 -0.3767 0.2029
vn -0.9216 -0.1643 0.3517
vn -0.6701 -0.6793 0.2993
vn -0.9285 -0.3214 0.1862
vn -0.6312 -0.0611 0.7732
vn -0.8891 -0.4075 0.2085
vn -0.8508 -0.2338 0.4705
vn -0.8213 -0.5089 0.2579
vn -0.6179 -0.7229 0.3092
vn -0.9877 -0.1301 0.087
vn -0.6434 -0.0325 0.7649
vn -0.2594 -0.9014 0.3467
vn -0.6542 -0.3223 0.6842
vn -0.6499 -0.3246 0.6872
vn -0.7849 -0.556 0.2735
vn -0.9292 -0.1766 0.3247
vn -0.7219 -0.6316 0.2829
vn -0.2798 -0.8561 0.4344
vn -0.5483 -0.3862 0.7418
vn -0.5848 -0.2154 0.7821
vn -0.9418 -0.2873 0.1747
vn -0.697 -0.0023 0.717
vn -0.9819 -0.0656 0.1778
vn -0.9922 -0.1029 0.0704
vn -0.9554 -0.1499 0.2545
vn -0.9935 -0.0936 0.0648
vn -0.7407 -0.6117 0.2777
vn -0.626 -0.0903 0.7746
vn -0.9413 -0.164 0.2952
vn -0.6482 -0.7021 0.2948
vn -0.4417 -0.5382 0.7178
vn -0.7126 -0.006 0.7015
vn -0.3018 -0.8064 0.5085
vn -0.5869 -0.3678 0.7213
vn -0.9073 -0.2001 0.3699
vn -0.9126 -0.192 0.3609
vn -0.8494 -0.4781 0.2234
vn -0.8511 -0.4758 0.2219
vn -0.9204 -0.3492 0.1758
vn -0.6935 -0.6667 0.2732
vn -0.64 -0.049 0.7668
vn -0.2632 -0.8794 0.3968
vn -0.7887 -0.5652 0.2417
vn -0.7483 -0.0042 0.6634
vn -0.8004 -0.5508 0.2365
vn -0.8833 -0.4264 0.1949
vn -0.9672 -0.1247 0.2211
vn -0.459 -0.4583 0.7611
vn -0.4736 -0.4389 0.7636
vn -0.5732 -0.2538 0.7791
vn -0.8788 -0.2278 0.4194
vn -0.6876 -0.679 0.2572
vn -0.6088 -0.3792 0.6968
vn -0.2442 -0.9058 0.3463
vn -0.2428 -0.9066 0.3452
vn -0.976 -0.1848 0.1152
vn -0.7042 -0.3281 0.6296
vn -0.6978 -0.3322 0.6346
vn -0.6565 -0.028 0.7538
vn -0.7622 -0.0073 0.6473
vn -0.7839 -0.0018 0.6209
vn -0.9654 -0.2251 0.1317
vn -0.9627 -0.2344 0.1351
vn -0.9435 -0.1668 0.2862
vn -0.9107 -0.3728 0.1776
vn -0.6425 -0.3673 0.6726
vn -0.5049 -0.4446 0.7398
vn -0.7426 -0.6249 0.2407
vn -0.9873 -0.1353 0.083
vn -0.9918 -0.107 0.0697
vn -0.9884 -0.1305 0.078
vn -0.2934 -0.828 0.4779
vn -0.8836 -0.2407 0.4016
vn -0.9577 -0.1544 0.2428
vn -0.8091 -0.004 0.5877
vn -0.8116 -0.5459 0.2081
vn -0.8587 -0.4744 0.1938
vn -0.8582 -0.4751 0.1942
vn -0.7388 -0.3258 0.5899
vn -0.7605 -0.608 0.228
vn -0.9431 -0.2961 0.1516
vn -0.2489 -0.902 0.3527
vn -0.9453 -0.2905 0.1483
vn -0.9265 -0.2011 0.318
vn -0.9289 -0.1972 0.3134
vn -0.7032 -0.6727 0.2303
vn -0.6723 -0.039 0.7393
vn -0.9052 -0.3886 0.1718
vn -0.6631 -0.38 0.6449
vn -0.81 -0.5501 0.2032
vn -0.4881 -0.4761 0.7315
vn -0.2755 -0.8512 0.4466
vn -0.7573 -0.3358 0.5601
vn -0.9754 -0.1933 0.106
vn -0.7595 -0.6171 0.206
vn -0.8279 -0.0126 0.5607
vn -0.8887 -0.4248 0.1728
vn -0.6991 -0.0367 0.7141
vn -0.9859 -0.1451 0.0839
vn -0.9838 -0.1559 0.0884
vn -0.8283 -0.5296 0.1827
vn -0.4352 -0.508 0.7433
vn -0.4488 -0.4923 0.7458
vn -0.7508 -0.6293 0.2006
vn -0.5579 -0.3015 0.7732
vn -0.882 -0.4408 0.1667
vn -0.4189 -0.544 0.7271
vn -0.6877 -0.3832 0.6166
vn -0.4598 -0.5304 0.7122
vn -0.6939 -0.377 0.6135
vn -0.4798 -0.498 0.7224
vn -0.8475 -0.0041 0.5307
vn -0.7717 -0.0324 0.6352
vn -0.786 -0.587 0.1938
vn -0.6254 -0.0846 0.7757
vn -0.7806 -0.3247 0.5341
vn -0.9871 -0.0603 0.1483
vn -0.9878 -0.0554 0.1454
vn -0.9302 -0.3361 0.1475
vn -0.8659 -0.472 0.1655
vn -0.949 -0.2848 0.1355
vn -0.8627 -0.0081 0.5056
vn -0.7907 -0.0399 0.6109
vn -0.9059 -0.2293 0.356
vn -0.3967 -0.6145 0.6819
vn -0.9689 -0.2228 0.1073
vn -0.9278 -0.3447 0.1427
vn -0.7778 -0.6054 0.1685
vn -0.971 -0.1395 0.1942
vn -0.6005 -0.4259 0.6768
vn -0.9798 -0.1805 0.0864
vn -0.9931 -0.0102 0.117
vn -0.89 -0.432 0.1459
vn -0.7978 -0.3309 0.5041
vn -0.8345 -0.3093 0.456
vn -0.7376 -0.0464 0.6737
vn -0.8376 -0.3067 0.452
vn -0.611 -0.1123 0.7836
vn -0.7966 -0.5848 0.1533
vn -0.9055 -0.3978 0.1478
vn -0.9146 -0.3799 0.1386
vn -0.8259 -0.5409 0.1593
vn -0.8294 -0.5359 0.1578
vn -0.2934 -0.83 0.4743
vn -0.5466 -0.4489 0.7069
vn -0.9803 -0.1742 0.0931
vn -0.6643 -0.0511 0.7457
vn -0.7516 -0.3696 0.5464
vn -0.8397 -0.0288 0.5422
vn -0.8271 -0.0394 0.5607
vn -0.944 -0.3073 0.1199
vn -0.9096 -0.2393 0.3397
vn -0.9651 -0.1517 0.2136
vn -0.9558 -0.182 0.2309
vn -0.6052 -0.1317 0.7851
vn -0.8613 -0.4877 0.1424
vn -0.299 -0.8055 0.5117
vn -0.9429 -0.1939 0.2708
vn -0.9399 -0.1996 0.2771
vn -0.882 -0.4507 0.1373
vn -0.9666 -0.2366 0.0983
vn -0.9528 -0.2841 0.1074
vn -0.8989 -0.0035 0.438
vn -0.9123 -0.3882 0.1305
vn -0.6499 -0.0895 0.7547
vn -0.6573 -0.0859 0.7487
vn -0.936 -0.3311 0.1196
vn -0.938 -0.3259 0.1185
vn -0.9755 -0.2035 0.0836
vn -0.865 -0.4817 0.1404
vn -0.8431 -0.5189 0.1414
vn -0.8364 -0.5288 0.1443
vn -0.7991 -0.0584 0.5984
vn -0.9532 -0.2825 0.1073
vn -0.761 -0.383 0.5237
vn -0.9693 -0.2281 0.0919
vn -0.9202 -0.2334 0.3142
vn -0.9601 -0.2627 0.0954
vn -0.5422 -0.3017 0.7843
vn -0.8871 -0.4435 0.1279
vn -0.8942 -0.4301 0.1241
vn -0.9237 -0.3656 0.1147
vn -0.6283 -0.448 0.636
vn -0.5927 -0.1514 0.7911
vn -0.5244 -0.376 0.764
vn -0.5107 -0.4005 0.7607
vn -0.8821 -0.0389 0.4694
vn -0.5029 -0.513 0.6956
vn -0.9934 -0.0129 0.1143
vn -0.941 -0.3238 0.0983
vn -0.944 -0.3153 0.0968
vn -0.9591 -0.268 0.0915
vn -0.8632 -0.3098 0.3987
vn -0.8681 -0.3016 0.3942
vn -0.9218 -0.3722 0.108
vn -0.8661 -0.0459 0.4978
vn -0.6918 -0.0757 0.7181
vn -0.8953 -0.4317 0.1101
vn -0.9462 0.2641 0.1871
vn -0.5987 0.1809 0.7803
vn -0.824 0.4936 0.2782
vn -0.8239 0.4949 0.2763
vn -0.9657 0.2103 0.1524
vn -0.5951 0.2062 0.7767
vn -0.5778 0.26 0.7737
vn -0.5839 0.2333 0.7775
vn -0.9797 0.1633 0.1162
vn -0.9913 0.084 0.1018
vn -0.9929 0.0767 0.0912
vn -0.3195 0.7957 0.5146
vn -0.5559 0.3175 0.7682
vn -0.5426 0.3589 0.7595
vn -0.9982 0.0035 0.0593
vn -0.6154 0.1208 0.7789
vn -0.5705 0.2906 0.7682
vn -0.5542 0.3086 0.7731
vn -0.0916 0.8868 0.4531
vn -0.5805 0.2569 0.7726
vn -0.3944 0.6751 0.6235
vn -0.7067 0.627 0.3278
vn -0.5968 0.1832 0.7812
vn -0.8655 0.4337 0.2507
vn -0.8702 0.4263 0.2469
vn -0.8326 0.4933 0.2519
vn -0.9981 0.0219 0.0568
vn -0.9933 0.0803 0.0826
vn -0.2938 0.8385 0.459
vn -0.9319 0.317 0.1762
vn -0.5678 0.253 0.7833
vn -0.9512 0.2589 0.1679
vn -0.9975 0.0391 0.0591
vn -0.9969 0.0455 0.0642
vn -0.9154 0.3426 0.2115
vn -0.5998 0.1622 0.7835
vn -0.6141 0.1291 0.7786
vn -0.4854 0.48 0.7307
vn -0.9952 0.0726 0.0661
vn -0.5676 0.2532 0.7834
vn -0.585 0.2162 0.7817
vn -0.8934 0.4002 0.204
vn -0.9954 0.0706 0.0646
vn -0.8432 0.4787 0.2447
vn -0.5959 0.1875 0.7809
vn -0.9933 0.095 0.0659
vn -0.242 0.9074 0.3437
vn -0.7036 0.6334 0.3222
vn -0.9908 0.1126 0.0752
vn -0.6124 0.1307 0.7797
vn -0.8759 0.4302 0.2186
vn -0.4107 0.6373 0.6521
vn -0.9296 0.3228 0.1779
vn -0.9625 0.2324 0.1397
vn -0.9511 0.2636 0.1613
vn -0.2495 0.9014 0.3539
vn -0.3869 0.6825 0.6201
vn -0.6054 0.1111 0.7881
vn -0.5846 0.1863 0.7896
vn -0.5997 0.1617 0.7837
vn -0.6031 0.1557 0.7823
vn -0.6029 0.1562 0.7824
vn -0.5953 0.1961 0.7792
vn -0.6212 0.0033 0.7836
vn -0.9042 0.3796 0.1957
vn -0.9831 0.1544 0.0987
vn -0.5862 0.2404 0.7737
vn -0.5674 0.257 0.7823
vn -0.6223 0.0069 0.7827
vn -0.6401 0.1089 0.7605
vn -0.65 0.0994 0.7534
vn -0.6219 0.0359 0.7822
vn -0.6229 0.0421 0.7812
vn -0.6208 0.0403 0.783
vn -0.718 0.6364 0.2819
vn -0.5406 0.3887 0.7461
vn -0.907 0.3821 0.177
vn -0.8888 0.4104 0.2038
vn -0.6295 0.0021 0.777
vn -0.7398 0.6149 0.2733
vn -0.4294 0.5839 0.689
vn -0.4097 0.63 0.6597
vn -0.5224 0.4347 0.7336
vn -0.4971 0.4894 0.7165
vn -0.6799 0.1014 0.7262
vn -0.499 0.4878 0.7162
vn -0.4806 0.5243 0.703
vn -0.7864 0.5646 0.2506
vn -0.6856 0.1055 0.7203
vn -0.5736 0.2083 0.7922
vn -0.4806 0.5238 0.7034
vn -0.9102 0.3771 0.1712
vn -0.4638 0.5618 0.6851
vn -0.7203 0.1078 0.6853
vn -0.9706 0.2065 0.1238
vn -0.9372 0.3082 0.1632
vn -0.9828 0.1598 0.0922
vn -0.4056 0.6485 0.6442
vn -0.7465 0.6191 0.2439
vn -0.9643 0.2306 0.1302
vn -0.7605 0.1118 0.6396
vn -0.7294 0.1109 0.675
vn -0.56 0.2461 0.7911
vn -0.9253 0.3386 0.1707
vn -0.9532 0.2615 0.1515
vn -0.4435 0.5694 0.6922
vn -0.5118 0.3928 0.764
vn -0.3012 0.8178 0.4903
vn -0.7677 0.5946 0.239
vn -0.5697 0.2119 0.794
vn -0.88 0.4415 0.175
vn -0.6108 0.1525 0.777
vn -0.9731 0.2003 0.1136
vn -0.7753 0.1481 0.614
vn -0.8 0.1137 0.5891
vn -0.9086 0.3841 0.1639
vn -0.8465 0.4948 0.1966
vn -0.8139 0.5455 0.2001
vn -0.4302 0.5656 0.7035
vn -0.3978 0.6282 0.6687
vn -0.947 0.2935 0.1307
vn -0.383 0.6792 0.6261
vn -0.8124 0.1424 0.5654
vn -0.8248 0.1487 0.5455
vn -0.9229 0.3561 0.1465
vn -0.8159 0.542 0.2013
vn -0.9625 0.243 0.1201
vn -0.9124 0.3801 0.1519
vn -0.2641 0.8844 0.3848
vn -0.6284 0.2223 0.7455
vn -0.84 0.1437 0.5232
vn -0.9707 0.2174 0.1027
vn -0.6131 0.125 0.78
vn -0.6229 0.1005 0.7758
vn -0.9366 0.3217 0.139
vn -0.6353 0.2183 0.7407
vn -0.9391 0.3166 0.1334
vn -0.2515 0.9038 0.3464
vn -0.9729 0.2115 0.0933
vn -0.9211 0.361 0.146
vn -0.4163 0.6161 0.6687
vn -0.6243 0.0814 0.7769
vn -0.5118 0.3647 0.7778
vn -0.9794 0.185 0.0814
vn -0.5869 0.2056 0.7831
vn -0.9509 0.2842 0.1228
vn -0.8674 0.1521 0.4737
vn -0.8719 0.1571 0.4637
vn -0.9645 0.2407 0.1085
vn -0.8773 0.4533 0.1576
vn -0.8847 0.4404 0.153
vn -0.7015 0.19 0.6869
vn -0.8963 0.1338 0.4227
vn -0.6873 0.2242 0.6909
vn -0.6448 0.0891 0.7592
vn -0.6573 0.068 0.7505
vn -0.8933 0.4279 0.1379
vn -0.8941 0.4262 0.1377
vn -0.7479 0.1823 0.6383
vn -0.9148 0.3833 0.1272
vn -0.6928 0.2203 0.6866
vn -0.9334 0.3372 0.1227
vn -0.9521 0.2857 0.1089
vn -0.9602 0.2603 0.1016
vn -0.6675 0.0633 0.7419
vn -0.8538 0.5033 0.1329
vn -0.6755 0.0682 0.7342
vn -0.86 0.4938 0.1289
vn -0.9464 0.3066 0.1021
vn -0.9128 0.3885 0.126
vn -0.4364 0.5352 0.7232
vn -0.9335 0.3408 0.1113
vn -0.9292 0.3536 0.1078
vn -0.8762 0.4655 0.1249
vn -0.9053 0.1372 0.402
vn -0.9079 0.1361 0.3965
vn -0.5197 0.3499 0.7794
vn -0.5781 0.2193 0.7859
vn -0.8767 0.4655 0.1213
vn -0.7207 0.0715 0.6895
vn -0.7297 0.0697 0.6802
vn -0.9123 0.3933 0.1136
vn -0.7735 0.2047 0.5999
vn -0.408 0.5903 0.6965
vn -0.761 0.2355 0.6045
vn -0.613 0.0126 0.79
vn -0.7559 0.0771 0.6501
vn -0.9578 0.2744 0.0852
vn -0.6116 0.0342 0.7905
vn -0.6109 0.0365 0.7909
vn -0.3994 0.6329 0.6633
vn -0.8935 0.4356 0.1095
vn -0.6123 0.0615 0.7882
vn -0.9465 0.3072 0.0984
vn -0.9299 0.3549 0.0965
vn -0.9372 0.3372 0.0893
vn -0.6085 0.0794 0.7896
vn -0.8969 0.4285 0.1088
vn -0.906 0.4092 0.1086
vn -0.5989 0.162 0.7843
vn -0.8173 0.1883 0.5447
vn -0.7696 0.2299 0.5957
vn -0.6101 0.0979 0.7862
vn -0.4523 0.514 0.7288
vn -0.6069 0.116 0.7863
vn -0.9202 0.1489 0.3621
vn -0.5858 0.1414 0.7981
vn -0.614 0.0967 0.7834
vn -0.6072 0.1254 0.7846
vn -0.6182 0.0648 0.7833
vn -0.6184 0.0745 0.7823
vn -0.508 0.3236 0.7983
vn -0.811 0.1057 0.5754
vn -0.5907 0.2092 0.7793
vn -0.5973 0.2075 0.7747
vn -0.8096 0.2379 0.5366
vn -0.5963 0.2347 0.7677
vn -0.9219 0.1599 0.3529
vn -0.6341 0.1464 0.7592
vn -0.5866 0.2496 0.7704
vn -0.8448 0.1128 0.5231
vn -0.8382 0.108 0.5345
vn -0.5892 0.1746 0.7889
vn -0.6152 0.1038 0.7815
vn -0.6116 0.1279 0.7808
vn -0.417 0.5836 0.6968
vn -0.645 0.1383 0.7516
vn -0.5796 0.2407 0.7786
vn -0.5991 0.1805 0.7801
vn -0.8237 0.2279 0.5192
vn -0.6241 0.0836 0.7768
vn -0.6168 0.1025 0.7804
vn -0.598 0.2135 0.7726
vn -0.6117 0.1364 0.7792
vn -0.609 0.1487 0.7791
vn -0.931 0.1671 0.3246
vn -0.5749 0.2922 0.7643
vn -0.5418 0.3868 0.7462
vn -0.4956 0.4469 0.7447
vn -0.8705 0.1177 0.4779
vn -0.8645 0.1133 0.4897
vn -0.6324 0.1716 0.7554
vn -0.8673 0.2 0.4558
vn -0.6812 0.1395 0.7187
vn -0.5936 0.2126 0.7762
vn -0.5804 0.33 0.7444
vn -0.6002 0.1977 0.7751
vn -0.5848 0.2483 0.7722
vn -0.5776 0.2797 0.7669
vn -0.8375 0.231 0.4953
vn -0.5901 0.241 0.7705
vn -0.5481 0.3587 0.7556
vn -0.5533 0.351 0.7555
vn -0.6386 0.1765 0.7491
vn -0.5176 0.4536 0.7255
vn -0.5408 0.381 0.7499
vn -0.4645 0.4527 0.7611
vn -0.9348 0.1636 0.3153
vn -0.69 0.1486 0.7084
vn -0.6333 0.0114 0.7738
vn -0.3775 0.638 0.6712
vn -0.885 0.118 0.4504
vn -0.8754 0.2055 0.4375
vn -0.6245 0.3207 0.7122
vn -0.7233 0.1466 0.6748
vn -0.6222 0.1024 0.7761
vn -0.6315 0.0294 0.7748
vn -0.6313 0.0303 0.7749
vn -0.6038 0.1965 0.7725
vn -0.6378 0.0044 0.7702
vn -0.5851 0.2319 0.7771
vn -0.6854 0.1703 0.708
vn -0.482 0.5273 0.6997
vn -0.8902 0.1962 0.4112
vn -0.6908 0.3026 0.6567
vn -0.6249 0.0693 0.7777
vn -0.9429 0.1673 0.2879
vn -0.8762 0.2391 0.4185
vn -0.7548 0.1586 0.6365
vn -0.638 0.0443 0.7688
vn -0.9124 0.1268 0.3892
vn -0.7704 0.1531 0.6189
vn -0.6305 0.0558 0.7742
vn -0.3976 0.6784 0.6178
vn -0.3678 0.7176 0.5914
vn -0.3803 0.7075 0.5957
vn -0.7213 0.2891 0.6294
vn -0.5616 0.3272 0.7599
vn -0.6263 0.0852 0.7749
vn -0.9516 0.145 0.2711
vn -0.465 0.4494 0.7628
vn -0.623 0.1005 0.7758
vn -0.3544 0.746 0.5638
vn -0.9215 0.1208 0.3691
vn -0.3962 0.6732 0.6244
vn -0.4483 0.5766 0.683
vn -0.4469 0.5816 0.6798
vn -0.5217 0.4146 0.7456
vn -0.9725 0.0116 0.2327
vn -0.9037 0.2053 0.3759
vn -0.5457 0.3535 0.7598
vn -0.4405 0.5178 0.7334
vn -0.931 0.1304 0.341
vn -0.4162 0.6392 0.6467
vn -0.7571 0.3056 0.5774
vn -0.7729 0.2924 0.5631
vn -0.5135 0.4401 0.7366
vn -0.4332 0.6183 0.6557
vn -0.4938 0.4765 0.7274
vn -0.3672 0.7268 0.5805
vn -0.3866 0.693 0.6085
vn -0.4167 0.5903 0.6913
vn -0.9673 0.0478 0.249
vn -0.8201 0.1826 0.5423
vn -0.9551 0.1478 0.2566
vn -0.5556 0.402 0.7278
vn -0.8992 0.2338 0.3699
vn -0.9354 0.1302 0.3288
vn -0.9379 0.1347 0.3198
vn -0.4337 0.6071 0.6658
vn -0.4102 0.6369 0.6527
vn -0.9819 0.0088 0.1894
vn -0.8201 0.1827 0.5423
vn -0.6104 0.1492 0.7779
vn -0.3421 0.763 0.5485
vn -0.7999 0.2876 0.5267
vn -0.968 0.0543 0.2448
vn -0.6321 0.0652 0.7721
vn -0.6261 0.0857 0.775
vn -0.2723 0.8637 0.424
vn -0.8727 0.1606 0.461
vn -0.6438 0.0196 0.7649
vn -0.5384 0.419 0.7311
vn -0.9037 0.2241 0.3648
vn -0.6046 0.3872 0.6961
vn -0.3202 0.7931 0.5182
vn -0.3074 0.8156 0.4901
vn -0.5121 0.4618 0.7242
vn -0.9796 0.0297 0.1988
vn -0.4379 0.484 0.7576
vn -0.3657 0.725 0.5837
vn -0.3433 0.7587 0.5536
vn -0.8634 0.1862 0.469
vn -0.3566 0.7311 0.5817
vn -0.3656 0.7205 0.5893
vn -0.949 0.134 0.2853
vn -0.5308 0.383 0.756
vn -0.6386 0.0431 0.7684
vn -0.8946 0.1722 0.4124
vn -0.9016 0.1679 0.3987
vn -0.519 0.3977 0.7566
vn -0.5385 0.4305 0.7244
vn -0.5385 0.4314 0.7239
vn -0.3996 0.5839 0.7067
vn -0.4303 0.6073 0.6678
vn -0.9257 0.2077 0.3162
vn -0.9855 0.0016 0.1695
vn -0.9865 0.0083 0.1633
vn -0.503 0.4464 0.7401
vn -0.9557 0.1697 0.2407
vn -0.6483 0.0145 0.7613
vn -0.9113 0.1737 0.3734
vn -0.6511 0.3852 0.654
vn -0.6278 0.3952 0.6705
vn -0.2719 0.8658 0.4201
vn -0.2607 0.8822 0.3921
vn -0.2578 0.8854 0.3868
vn -0.3069 0.8127 0.4952
vn -0.3257 0.7841 0.5283
vn -0.2713 0.8663 0.4193
vn -0.9163 0.2234 0.3324
vn -0.5643 0.2813 0.7762
vn -0.5492 0.306 0.7777
vn -0.9894 0.0108 0.1449
vn -0.4124 0.6353 0.653
vn -0.9125 0.1893 0.3627
vn -0.53 0.3519 0.7715
vn -0.5182 0.3845 0.764
vn -0.8393 0.3025 0.4518
vn -0.3845 0.6735 0.6313
vn -0.3409 0.7573 0.5571
vn -0.6005 0.4639 0.6513
vn -0.963 0.137 0.2319
vn -0.965 0.1397 0.2222
vn -0.3359 0.7285 0.597
vn -0.3411 0.7511 0.5653
vn -0.8041 0.3248 0.4979
vn -0.474 0.4884 0.7326
vn -0.9592 0.174 0.2229
vn -0.9244 0.1927 0.3291
vn -0.4721 0.5089 0.7199
vn -0.2497 0.8975 0.3634
vn -0.4281 0.5375 0.7265
vn -0.4911 0.4868 0.7224
vn -0.3822 0.6802 0.6255
vn -0.5113 0.4709 0.7189
vn -0.4868 0.4458 0.7512
vn -0.8311 0.3236 0.4522
vn -0.2937 0.8331 0.4688
vn -0.3147 0.8017 0.5082
vn -0.5207 0.343 0.7818
vn -0.624 0.4378 0.6472
vn -0.2698 0.8669 0.4192
vn -0.6923 0.3979 0.602
vn -0.2767 0.8532 0.4422
vn -0.6857 0.4007 0.6077
vn -0.2867 0.846 0.4495
vn -0.4474 0.5419 0.7114
vn -0.5398 0.2926 0.7893
vn -0.3632 0.6872 0.6292
vn -0.4708 0.4879 0.7351
vn -0.9303 0.2109 0.3003
vn -0.3385 0.7608 0.5537
vn -0.4882 0.4376 0.7551
vn -0.8596 0.2871 0.4227
vn -0.31 0.8043 0.507
vn -0.3216 0.7823 0.5335
vn -0.6645 0.0323 0.7466
vn -0.2589 0.8812 0.3955
vn -0.4965 0.4085 0.7659
vn -0.4612 0.4709 0.7521
vn -0.3314 0.7647 0.5527
vn -0.9653 0.1539 0.2111
vn -0.9299 0.2409 0.2778
vn -0.6075 0.2536 0.7528
vn -0.6086 0.2533 0.7519
vn -0.6692 0.4398 0.5989
vn -0.6924 0.0313 0.7209
vn -0.5574 0.2855 0.7796
vn -0.2772 0.8534 0.4414
vn -0.27 0.8722 0.4079
vn -0.9459 0.1835 0.2676
vn -0.2919 0.8297 0.4758
vn -0.7284 0.0393 0.684
vn -0.6597 0.0428 0.7503
vn -0.6452 0.2821 0.7101
vn -0.6779 0.4623 0.5716
vn -0.3319 0.7579 0.5616
vn -0.4602 0.4202 0.7821
vn -0.4964 0.3944 0.7733
vn -0.6673 0.2782 0.6909
vn -0.554 0.4908 0.6725
vn -0.6859 0.2548 0.6816
vn -0.7931 0.0359 0.6081
vn -0.351 0.7184 0.6006
vn -0.3815 0.6694 0.6374
vn -0.3628 0.6859 0.6308
vn -0.268 0.8624 0.4294
vn -0.9431 0.2 0.2657
vn -0.4907 0.5391 0.6845
vn -0.7488 0.0361 0.6618
vn -0.7227 0.2753 0.634
vn -0.7561 0.2504 0.6047
vn -0.9734 0.1467 0.1761
vn -0.7297 0.4099 0.5473
vn -0.5029 0.3749 0.7788
vn -0.5829 0.3313 0.7419
vn -0.5064 0.5478 0.666
vn -0.5302 0.3792 0.7583
vn -0.597 0.4766 0.6454
vn -0.851 0.0281 0.5245
vn -0.5965 0.3328 0.7303
vn -0.7804 0.0412 0.6239
vn -0.6002 0.4832 0.6374
vn -0.2688 0.8623 0.4293
vn -0.8057 0.2815 0.5211
vn -0.8237 0.0405 0.5656
vn -0.8331 0.035 0.5521
vn -0.8838 0.0118 0.4677
vn -0.326 0.7586 0.5642
vn -0.3492 0.7246 0.5941
vn -0.5293 0.5398 0.6546
vn -0.6776 0.3386 0.6529
vn -0.8479 0.2536 0.4656
vn -0.8322 0.2802 0.4785
vn -0.7246 0.445 0.5262
vn -0.9684 0.158 0.1931
vn -0.6755 0.3325 0.6582
vn -0.8662 0.3147 0.3881
vn -0.7317 0.4513 0.5108
vn -0.8432 0.0358 0.5364
vn -0.7837 0.3834 0.4886
vn -0.8941 0.0058 0.4478
vn -0.7099 0.3497 0.6113
vn -0.353 0.6943 0.6272
vn -0.8635 0.2628 0.4304
vn -0.871 0.2559 0.4194
vn -0.9765 0.1392 0.1643
vn -0.7421 0.3399 0.5778
vn -0.9443 0.2116 0.2519
vn -0.7536 0.3281 0.5696
vn -0.2945 0.8247 0.4828
vn -0.8786 0.0257 0.4769
vn -0.2794 0.8373 0.47
vn -0.7561 0.3853 0.5291
vn -0.324 0.7647 0.557
vn -0.3083 0.7897 0.5304
vn -0.3025 0.8032 0.5132
vn -0.8961 0.2745 0.3487
vn -0.8953 0.2758 0.3497
vn -0.786 0.3448 0.5131
vn -0.8886 0.2958 0.3505
vn -0.399 0.5879 0.7037
vn -0.3775 0.6381 0.671
vn -0.7794 0.3781 0.4996
vn -0.8802 0.3094 0.36
vn -0.3822 0.6308 0.6753
vn -0.9592 0.1833 0.2153
vn -0.8322 0.3306 0.4452
vn -0.6382 0.4965 0.5884
vn -0.939 0.2289 0.2565
vn -0.5696 0.5412 0.6186
vn -0.8875 0.042 0.4589
vn -0.9113 0.2662 0.3141
vn -0.7567 0.4458 0.4782
vn -0.8063 0.386 0.4481
vn -0.7914 0.0726 0.607
vn -0.8523 0.3379 0.3992
vn -0.7611 0.4497 0.4674
vn -0.9262 0.0117 0.3769
vn -0.3304 0.7608 0.5586
vn -0.8012 0.0769 0.5934
vn -0.8729 0.0667 0.4834
vn -0.8074 0.3895 0.4432
vn -0.673 0.4704 0.5708
vn -0.9781 0.14 0.1538
vn -0.9493 0.2108 0.2334
vn -0.9721 0.1519 0.1785
vn -0.8511 0.3638 0.3786
vn -0.3192 0.7472 0.5829
vn -0.9078 0.0463 0.4169
vn -0.2968 0.8021 0.5183
vn -0.3058 0.7862 0.537
vn -0.9124 0.0422 0.4071
vn -0.8331 0.079 0.5475
vn -0.8391 0.0755 0.5386
vn -0.9569 0.1952 0.2152
vn -0.914 0.2687 0.3041
vn -0.6324 0.5383 0.557
vn -0.8735 0.3563 0.3317
vn -0.8707 0.3517 0.3438
vn -0.8823 0.0608 0.4668
vn -0.4882 0.6092 0.625
vn -0.4873 0.6055 0.6292
vn -0.9228 0.2615 0.2828
vn -0.9253 0.2795 0.2563
vn -0.3318 0.7309 0.5965
vn -0.8669 0.0813 0.4918
vn -0.9399 0.0061 0.3413
vn -0.5859 0.558 0.5877
vn -0.92 0.0474 0.3891
vn -0.9239 0.0434 0.3802
vn -0.9652 0.1796 0.1899
vn -0.8678 0.083 0.4899
vn -0.5587 0.6101 0.5617
vn -0.5722 0.5994 0.5597
vn -0.9023 0.0712 0.4252
vn -0.9461 0.016 0.3235
vn -0.6446 0.5457 0.5354
vn -0.7973 0.4372 0.4161
vn -0.7957 0.4286 0.4279
vn -0.966 0.1864 0.1792
vn -0.8905 0.1002 0.4438
vn -0.6231 0.6023 0.499
vn -0.3549 0.6709 0.6511
vn -0.6238 0.604 0.4961
vn -0.9549 0.0066 0.2968
vn -0.9414 0.0552 0.3328
vn -0.4157 0.6923 0.5899
vn -0.6899 0.5608 0.4578
vn -0.8421 0.3808 0.382
vn -0.6497 0.6066 0.4583
vn -0.8363 0.3881 0.3874
vn -0.9057 0.094 0.4134
vn -0.9841 0.133 0.1174
vn -0.907 0.0921 0.4109
vn -0.3674 0.7414 0.5616
vn -0.4719 0.692 0.5463
vn -0.6809 0.5291 0.5064
vn -0.391 0.7308 0.5596
vn -0.9454 0.0502 0.322
vn -0.9718 0.1693 0.1642
vn -0.9225 0.095 0.374
vn -0.923 0.0947 0.3731
vn -0.4205 0.6519 0.631
vn -0.4419 0.7499 0.4922
vn -0.9532 0.057 0.2969
vn -0.7102 0.5822 0.3957
vn -0.7592 0.4781 0.4417
vn -0.6985 0.5297 0.4812
vn -0.7118 0.5172 0.4752
vn -0.4634 0.7345 0.4958
vn -0.7302 0.5634 0.3865
vn -0.822 0.4385 0.3634
vn -0.8212 0.4316 0.3732
vn -0.9373 0.0968 0.3348
vn -0.4808 0.6222 0.6179
vn -0.5119 0.7395 0.4372
vn -0.7437 0.5764 0.3387
vn -0.9033 0.3181 0.2879
vn -0.9497 0.2383 0.203
vn -0.9868 0.1276 0.0994
vn -0.9869 0.1283 0.0978
vn -0.5217 0.7323 0.4377
vn -0.9595 0.0456 0.278
vn -0.744 0.5753 0.3399
vn -0.9713 0.0131 0.2375
vn -0.407 0.6784 0.6117
vn -0.6046 0.688 0.4015
vn -0.9389 0.1002 0.3294
vn -0.9899 0.1181 0.0789
vn -0.7795 0.4734 0.4103
vn -0.956 0.0838 0.2812
vn -0.9779 0.1508 0.145
vn -0.9732 0.1829 0.1391
vn -0.5715 0.7282 0.3783
vn -0.7394 0.506 0.4441
vn -0.6432 0.6723 0.3666
vn -0.5664 0.7443 0.3538
vn -0.9718 0.1902 0.1394
vn -0.7711 0.5653 0.293
vn -0.7712 0.5649 0.2936
vn -0.9897 0.1179 0.0808
vn -0.9741 0.1687 0.1506
vn -0.9102 0.3171 0.2665
vn -0.8421 0.4196 0.3389
vn -0.9782 0.1707 0.1185
vn -0.644 0.6841 0.3423
vn -0.9656 0.0788 0.2477
vn -0.7883 0.5559 0.2638
vn -0.6164 0.7277 0.301
vn -0.9573 0.2143 0.1939
vn -0.6202 0.7164 0.3194
vn -0.6779 0.6627 0.3182
vn -0.749 0.5302 0.3975
vn -0.951 0.1079 0.2897
vn -0.9532 0.1042 0.2838
vn -0.9182 0.3028 0.2555
vn -0.8121 0.5353 0.2322
vn -0.7803 0.4908 0.3876
vn -0.6513 0.7055 0.2795
vn -0.9758 0.1884 0.111
vn -0.6517 0.7065 0.2759
vn -0.492 0.6742 0.5508
vn -0.9889 0.1267 0.0774
vn -0.986 0.1467 0.0795
vn -0.6815 0.6875 0.2507
vn -0.6817 0.6867 0.2522
vn -0.9347 0.2735 0.2268
vn -0.9397 0.2611 0.2207
vn -0.8495 0.4906 0.1942
vn -0.9673 0.0946 0.2353
vn -0.8598 0.4062 0.3094
vn -0.8551 0.4155 0.3102
vn -0.7143 0.6626 0.2252
vn -0.7713 0.5101 0.3807
vn -0.7129 0.6655 0.2212
vn -0.8662 0.1579 0.4741
vn -0.8554 0.4865 0.1778
vn -0.773 0.6019 0.2005
vn -0.7301 0.6548 0.1952
vn -0.874 0.4556 0.169
vn -0.979 0.1804 0.0951
vn -0.7624 0.6193 0.1875
vn -0.7565 0.6268 0.1867
vn -0.9794 0.0516 0.1951
vn -0.9779 0.0598 0.2005
vn -0.8125 0.4623 0.3552
vn -0.9777 0.1903 0.0884
vn -0.5367 0.6633 0.5215
vn -0.7754 0.6097 0.1644
vn -0.9834 0.1582 0.0884
vn -0.8018 0.5767 0.1565
vn -0.881 0.3788 0.2833
vn -0.7985 0.5801 0.1609
vn -0.807 0.5703 0.1535
vn -0.9722 0.0972 0.213
vn -0.8228 0.5482 0.15
vn -0.8229 0.5481 0.1497
vn -0.8421 0.5208 0.1397
vn -0.8501 0.508 0.1385
vn -0.9702 0.2275 0.084
vn -0.9624 0.2082 0.1743
vn -0.9626 0.1138 0.2459
vn -0.9609 0.2611 0.0928
vn -0.626 0.0689 0.7768
vn -0.6043 0.1642 0.7797
vn -0.7758 0.5228 0.3533
vn -0.91 0.4033 0.0962
vn -0.9155 0.3915 0.0923
vn -0.6333 0.0582 0.7717
vn -0.4741 0.5235 0.7079
vn -0.9768 0.0803 0.1984
vn -0.8103 0.48 0.3363
vn -0.604 0.1579 0.7812
vn -0.4819 0.5128 0.7105
vn -0.3757 0.707 0.5992
vn -0.5763 0.2865 0.7654
vn -0.9724 0.1199 0.2
vn -0.4699 0.5384 0.6995
vn -0.5681 0.3156 0.7601
vn -0.5312 0.3926 0.7508
vn -0.6035 0.1855 0.7755
vn -0.3527 0.7422 0.5699
vn -0.3402 0.7717 0.5374
vn -0.614 0.3205 0.7213
vn -0.9852 0.0545 0.1627
vn -0.9852 0.0543 0.1626
vn -0.2854 0.8462 0.45
vn -0.5537 0.6794 0.4814
vn -0.9801 0.096 0.1739
vn -0.4938 0.4751 0.7283
vn -0.559 0.3344 0.7588
vn -0.4761 0.5092 0.717
vn -0.9228 0.3239 0.2088
vn -0.3936 0.6777 0.6211
vn -0.3829 0.6909 0.6132
vn -0.9903 0.0361 0.1342
vn -0.443 0.5743 0.6884
vn -0.5071 0.4297 0.7472
vn -0.973 0.1204 0.197
vn -0.3262 0.7899 0.5192
vn -0.3393 0.7621 0.5515
vn -0.4661 0.5406 0.7003
vn -0.543 0.35 0.7633
vn -0.5842 0.6659 0.464
vn -0.4321 0.5941 0.6785
vn -0.5748 0.2888 0.7656
vn -0.6177 0.0891 0.7814
vn -0.4803 0.4961 0.7233
vn -0.4532 0.5543 0.6981
vn -0.2865 0.8457 0.4503
vn -0.7971 0.5091 0.3246
vn -0.289 0.8389 0.4613
vn -0.797 0.514 0.3172
vn -0.4854 0.4881 0.7253
vn -0.5315 0.4199 0.7357
vn -0.4309 0.5949 0.6785
vn -0.9814 0.1471 0.1237
vn -0.3053 0.8172 0.4888
vn -0.5374 0.3395 0.772
vn -0.6496 0.6256 0.4319
vn -0.9838 0.0863 0.1573
vn -0.5566 0.3498 0.7535
vn -0.4531 0.5449 0.7055
vn -0.5635 0.3203 0.7615
vn -0.6065 0.1751 0.7755
vn -0.9458 0.2554 0.2004
vn -0.3516 0.7448 0.5671
vn -0.9775 0.1115 0.1788
vn -0.5623 0.3266 0.7597
vn -0.5098 0.4004 0.7614
vn -0.3248 0.7845 0.5282
vn -0.3252 0.7808 0.5334
vn -0.5007 0.4354 0.7482
vn -0.6166 0.1303 0.7764
vn -0.9625 0.2103 0.1716
vn -0.4461 0.5433 0.7111
vn -0.5417 0.2989 0.7856
vn -0.5265 0.4188 0.7399
vn -0.3641 0.7196 0.5913
vn -0.9845 0.0897 0.1506
vn -0.2609 0.8855 0.3845
vn -0.3588 0.7249 0.5881
vn -0.5671 0.2992 0.7674
vn -0.4633 0.495 0.735
vn -0.9928 0.0336 0.1149
vn -0.9918 0.0403 0.1214
vn -0.5443 0.2849 0.789
vn -0.5504 0.2615 0.7929
vn -0.4991 0.4838 0.719
vn -0.6144 0.1303 0.7781
vn -0.3581 0.7131 0.6027
vn -0.6055 0.1646 0.7787
vn -0.6695 0.6295 0.3943
vn -0.8496 0.4367 0.2957
vn -0.4825 0.5223 0.7032
vn -0.9018 0.3606 0.2383
vn -0.9225 0.3244 0.2091
vn -0.898 0.369 0.2396
vn -0.9837 0.1165 0.1373
vn -0.8377 0.4598 0.2946
vn -0.3125 0.7955 0.5192
vn -0.3094 0.7986 0.5163
vn -0.2953 0.826 0.4801
vn -0.5218 0.4052 0.7507
vn -0.5337 0.4085 0.7405
vn -0.6169 0.1243 0.7771
vn -0.8848 0.3901 0.2549
vn -0.6066 0.6737 0.4222
vn -0.8894 0.343 0.3022
vn -0.4485 0.5942 0.6677
vn -0.8966 0.3275 0.298
vn -0.5697 0.2848 0.771
vn -0.4099 0.6537 0.6362
vn -0.4204 0.64 0.6431
vn -0.4918 0.4915 0.7188
vn -0.4287 0.6213 0.6559
vn -0.3929 0.6825 0.6162
vn -0.99 0.0794 0.1164
vn -0.9895 0.0819 0.1189
vn -0.9952 0.0353 0.0917
vn -0.9953 0.0339 0.0907
vn -0.2992 0.8237 0.4816
vn -0.4327 0.6108 0.6631
vn -0.4644 0.5507 0.6936
vn -0.5073 0.4597 0.7289
vn -0.5045 0.4704 0.7241
vn -0.9846 0.117 0.1299
vn -0.6927 0.6103 0.3842
vn -0.4553 0.5761 0.6788
vn -0.5793 0.2642 0.7711
vn -0.9562 -0.2926 -0.0094
vn -0.9502 -0.3114 0.0096
vn -0.4018 0.9152 -0.029
vn -0.3057 0.9516 0.0307
vn -0.9992 -0.0409 -0.0013
vn -0.1746 -0.9846 0.0092
vn -0.9986 -0.0527 0.0088
vn -0.1967 -0.9804 -0.0113
vn -0.1761 0.9841 -0.0214
vn -0.0124 0.9999 -0.0053
vn -0.9867 0.1624 -0.0039
vn -0.0527 0.9985 0.0171
vn -0.9832 0.1822 0.0117
vn -0.4229 -0.9061 0.0119
vn -0.4433 -0.8963 -0.0109
vn -0.9155 0.402 -0.0141
vn -0.9027 0.4301 0.0138
vn -0.6509 -0.7591 0.0108
vn -0.6667 -0.7453 -0.0101
vn -0.772 0.6356 -0.0103
vn -0.7497 0.6615 0.0167
vn -0.8311 -0.556 0.0101
vn -0.8421 -0.5392 -0.0097
vn -0.614 0.7891 -0.0209
vn -0.5466 0.8368 0.0295
vn -0.7613 0.0663 0.645
vn -0.6431 0.0432 0.7645
vn -0.9499 0.0424 0.3098
vn -0.8863 0.0426 0.4612
vn -0.6816 0.0524 0.7299
vn -0.9159 0.0589 0.3971
vn -0.2501 0.0331 0.9677
vn -0.7793 0.0526 0.6244
vn -0.4262 0.0481 0.9034
vn -0.382 0.0542 0.9226
vn -0.9134 0.0381 0.4052
vn -0.1461 0.0314 0.9888
vn -0.3741 0.0405 0.9265
vn -0.9315 0.0246 0.3629
vn -0.1365 0.0272 0.9903
vn -0.7619 0.0402 0.6465
vn -0.248 0.0309 0.9683
vn -0.476 0.0434 0.8784
vn -0.8039 0.1803 0.5668
vn -0.9049 0.2003 0.3755
vn -0.3049 0.0225 0.9521
vn -0.8796 0.1816 0.4397
vn -0.3638 0.0407 0.9306
vn -0.817 0.1608 0.5538
vn -0.4929 0.0313 0.8695
vn -0.7376 0.1448 0.6595
vn -0.8957 0.3795 0.2316
vn -0.8959 0.3804 0.2294
vn -0.8407 0.3761 0.3896
vn -0.6063 0.0292 0.7947
vn -0.8133 0.1576 0.5602
vn -0.3669 0.0223 0.93
vn -0.3046 0.0323 0.9519
vn -0.8202 0.3515 0.4513
vn -0.7602 0.3433 0.5515
vn -0.8319 0.1377 0.5375
vn -0.7199 0.3062 0.6229
vn -0.8307 0.138 0.5393
vn -0.6789 0.0302 0.7336
vn -0.6409 0.2904 0.7106
vn -0.6025 0.2606 0.7543
vn -0.8366 0.12 0.5345
vn -0.6249 0.0187 0.7805
vn -0.9098 0.3315 0.2496
vn -0.9142 0.3426 0.2162
vn -0.4582 0.0332 0.8882
vn -0.4494 0.0171 0.8932
vn -0.4812 0.2117 0.8507
vn -0.4565 0.2089 0.8649
vn -0.9551 0.128 0.2671
vn -0.7547 0.0172 0.6559
vn -0.958 0.1261 0.2575
vn -0.8463 0.0191 0.5324
vn -0.5074 0.1192 0.8534
vn -0.8589 0.014 0.5119
vn -0.7564 0.1031 0.6459
vn -0.8452 0.1274 0.5191
vn -0.7562 0.1031 0.6461
vn -0.8616 0.3251 0.3898
vn -0.8618 0.3254 0.3892
vn -0.3702 0.2016 0.9068
vn -0.3696 0.0989 0.9239
vn -0.3573 0.0917 0.9295
vn -0.8596 0.098 0.5015
vn -0.3485 0.0694 0.9347
vn -0.3317 0.1447 0.9322
vn -0.781 0.2873 0.5545
vn -0.8088 0.307 0.5016
vn -0.6414 0.1524 0.752
vn -0.1485 0.0332 0.9884
vn -0.7408 0.1677 0.6505
vn -0.5048 0.1692 0.8465
vn -0.257 0.0473 0.9652
vn -0.684 0.2626 0.6806
vn -0.6372 0.2295 0.7357
vn -0.9332 0.3073 0.1864
vn -0.5105 0.1946 0.8376
vn -0.5683 0.2212 0.7925
vn -0.8754 0.2867 0.3893
vn -0.8818 0.2932 0.3694
vn -0.1793 0.0479 0.9826
vn -0.2091 0.0325 0.9774
vn -0.2437 0.0589 0.9681
vn -0.2506 0.0563 0.9664
vn -0.6482 0.1347 0.7494
vn -0.2147 0.0357 0.976
vn -0.7782 0.2581 0.5726
vn -0.5538 0.1303 0.8224
vn -0.5139 0.1113 0.8506
vn -0.2435 0.034 0.9693
vn -0.8931 0.0997 0.4388
vn -0.431 0.1012 0.8966
vn -0.8669 0.084 0.4913
vn -0.8025 0.0914 0.5895
vn -0.3028 0.0427 0.9521
vn -0.7309 0.2383 0.6395
vn -0.5779 0.1923 0.7931
vn -0.1547 0.0243 0.9877
vn -0.5838 0.1956 0.788
vn -0.5515 0.1042 0.8277
vn -0.1826 0.0123 0.9831
vn -0.1888 0.0343 0.9814
vn -0.9313 0.268 0.2467
vn -0.9334 0.2704 0.236
vn -0.5039 0.1761 0.8456
vn -0.4626 0.0291 0.8861
vn -0.7174 0.0824 0.6918
vn -0.325 0.0124 0.9456
vn -0.8756 0.2542 0.4108
vn -0.2398 0.0311 0.9703
vn -0.4317 0.0276 0.9016
vn -0.8318 0.246 0.4977
vn -0.4823 0.0899 0.8714
vn -0.608 0.1095 0.7864
vn -0.5988 0.1058 0.7939
vn -0.2166 0.0624 0.9743
vn -0.6935 0.2082 0.6897
vn -0.9512 0.2379 0.1965
vn -0.863 0.0518 0.5025
vn -0.4711 0.092 0.8772
vn -0.2751 0.0793 0.9581
vn -0.1835 0.052 0.9816
vn -0.1333 0.0364 0.9904
vn -0.6046 0.1946 0.7724
vn -0.3479 0.048 0.9363
vn -0.2481 0.0482 0.9675
vn -0.611 0.0913 0.7864
vn -0.5458 0.0929 0.8328
vn -0.8363 0.0366 0.5471
vn -0.175 0.0149 0.9845
vn -0.9274 0.0186 0.3736
vn -0.9015 0.2388 0.3608
vn -0.5205 0.1564 0.8394
vn -0.4375 0.0646 0.8969
vn -0.253 0.0052 0.9675
vn -0.9594 0.1887 0.2094
vn -0.2171 0.0184 0.976
vn -0.1726 0.055 0.9834
vn -0.2111 0.0518 0.9761
vn -0.8363 0.0388 0.5469
vn -0.9214 0.0145 0.3883
vn -0.9358 0.0053 0.3524
vn -0.4354 0.0665 0.8978
vn -0.7879 0.2086 0.5794
vn -0.815 0.2035 0.5426
vn -0.4452 0.0695 0.8927
vn -0.5481 0.0803 0.8326
vn -0.9482 0.1476 0.2812
vn -0.805 0.1808 0.5651
vn -0.8933 0.2288 0.3868
vn -0.4093 0.1287 0.9033
vn -0.811 0.1755 0.5581
vn -0.6522 0.0873 0.753
vn -0.548 0.0734 0.8333
vn -0.6349 0.147 0.7585
vn -0.8208 0.181 0.5418
vn -0.5485 0.0734 0.8329
vn -0.7412 0.1681 0.6499
vn -0.7501 0.1517 0.6437
vn -0.9782 0.078 0.1927
vn -0.8271 0.1661 0.5369
vn -0.4241 0.0597 0.9037
vn -0.747 0.193 0.6361
vn -0.7325 0.1849 0.6552
vn -0.6465 0.0772 0.759
vn -0.9459 0.2205 0.238
vn -0.6304 0.1715 0.7571
vn -0.5406 0.0655 0.8387
vn -0.6789 0.1297 0.7227
vn -0.5593 0.145 0.8162
vn -0.9387 0.1958 0.2837
vn -0.5861 0.1187 0.8015
vn -0.8951 0.1748 0.4102
vn -0.5065 0.1407 0.8506
vn -0.2537 0.0728 0.9645
vn -0.6253 0.0633 0.7778
vn -0.5303 0.0531 0.8461
vn -0.2038 0.0674 0.9767
vn -0.4557 0.1215 0.8818
vn -0.9425 0.1679 0.2889
vn -0.9508 0.1613 0.2645
vn -0.8982 0.1611 0.409
vn -0.6499 0.1121 0.7517
vn -0.7516 0.1335 0.646
vn -0.3575 0.1052 0.928
vn -0.0432 0.0163 0.9989
vn -0.485 0.0609 0.8724
vn -0.9483 0.1476 0.281
vn -0.9504 0.1458 0.2746
vn -0.9046 0.1402 0.4025
vn -0.7398 0.1278 0.6606
vn -0.3831 0.0371 0.923
vn -0.6094 0.0516 0.7912
vn -0.4892 0.0555 0.8704
vn -0.9509 0.1466 0.2725
vn -0.9127 0.1247 0.3891
vn -0.7399 0.123 0.6614
vn -0.4899 0.0297 0.8713
vn -0.6124 0.0405 0.7895
vn -0.7012 0.0457 0.7115
vn -0.6137 0.0402 0.7885
vn -0.7582 0.1137 0.6421
vn -0.9558 0.1128 0.2717
vn -0.6562 0.1066 0.747
vn -0.96 0.0961 0.2629
vn -0.773 0.0361 0.6334
vn -0.471 0.0378 0.8813
vn -0.657 0.0938 0.748
vn -0.6494 0.095 0.7545
vn -0.9865 0.0463 0.1571
vn -0.6324 0.0379 0.7738
vn -0.9821 0.0491 0.1817
vn -0.9625 0.0546 0.2657
vn -0.8415 0.103 0.5304
vn -0.9309 0.0517 0.3615
vn -0.7389 0.0232 0.6734
vn -0.633 0.0147 0.774
vn -0.9812 0.0238 0.1914
vn -0.9788 0.0265 0.2029
vn -0.7491 0.0946 0.6556
vn -0.7557 0.0971 0.6477
vn -0.9506 0.2168 0.2219
vn -0.896 0.2079 0.3925
vn -0.5092 0.1206 0.8521
vn -0.6437 0.0834 0.7607
vn -0.6464 0.1335 0.7512
vn -0.881 0.1504 0.4487
vn -0.7528 0.0768 0.6538
vn -0.9104 0.1488 0.386
vn -0.5447 0.0647 0.8361
vn -0.431 0.0999 0.8968
vn -0.8835 0.1122 0.4549
vn -0.8896 0.1522 0.4307
vn -0.4788 0.0878 0.8735
vn -0.6239 0.0641 0.7789
vn -0.3357 0.0779 0.9388
vn -0.3564 0.0682 0.9318
vn -0.8142 0.0663 0.5768
vn -0.3507 0.063 0.9344
vn -0.9569 0.1146 0.2668
vn -0.9219 0.1031 0.3735
vn -0.8701 0.1062 0.4813
vn -0.3556 0.0598 0.9327
vn -0.4723 0.0871 0.8771
vn -0.8592 0.1123 0.4992
vn -0.9571 0.0925 0.2745
vn -0.7102 0.0615 0.7013
vn -0.546 0.0807 0.8339
vn -0.7634 0.075 0.6415
vn -0.2438 0.0187 0.9697
vn -0.3423 0.0598 0.9377
vn -0.2908 0.0475 0.9556
vn -0.6375 0.0682 0.7674
vn -0.9612 0.0737 0.266
vn -0.9585 0.0753 0.2749
vn -0.1951 0.0397 0.98
vn -0.2101 0.0466 0.9766
vn -0.8942 0.0739 0.4415
vn -0.8027 0.0624 0.5932
vn -0.4439 0.0674 0.8935
vn -0.8948 0.0736 0.4403
vn -0.6376 0.237 0.733
vn -0.3602 0.1576 0.9195
vn -0.4954 0.1746 0.8509
vn -0.7502 0.2409 0.6157
vn -0.5395 0.1901 0.8202
vn -0.5407 0.1797 0.8218
vn -0.4941 0.169 0.8528
vn -0.3671 0.1069 0.924
vn -0.5668 0.1697 0.8062
vn -0.8421 0.3993 0.3626
vn -0.7809 0.3499 0.5174
vn -0.6981 0.3325 0.6341
vn -0.6053 0.2786 0.7457
vn -0.5221 0.2535 0.8143
vn -0.391 0.1847 0.9016
vn -0.3741 0.1788 0.91
vn -0.0961 0.0532 0.994
vn -0.2394 0.1152 0.9641
vn -0.1851 0.0954 0.9781
vn -0.3774 0.1188 0.9184
vn -0.7411 0.2012 0.6406
vn -0.5544 0.1638 0.816
vn -0.6954 0.2284 0.6813
vn -0.3788 0.1131 0.9185
vn -0.2516 0.0652 0.9656
vn -0.1141 0.0495 0.9922
vn -0.5274 0.141 0.8378
vn -0.8962 0.2015 0.3951
vn -0.8444 0.1608 0.511
vn -0.8562 0.2277 0.4638
vn -0.4754 0.0957 0.8746
vn -0.7351 0.1425 0.6628
vn -0.9217 0.1898 0.3383
vn -0.9105 0.2165 0.3523
vn -0.896 0.2178 0.387
vn -0.7346 0.1829 0.6534
vn -0.7725 0.1795 0.6091
vn -0.6841 0.1714 0.709
vn -0.5319 0.1394 0.8352
vn -0.4754 0.1175 0.8719
vn -0.263 0.0745 0.9619
vn -0.23 0.0733 0.9704
vn -0.2455 0.0653 0.9672
vn -0.2356 0.0602 0.97
vn -0.3089 0.0571 0.9494
vn -0.6418 0.1219 0.7571
vn -0.768 0.1545 0.6215
vn -0.8632 0.1417 0.4846
vn -0.4758 0.1004 0.8738
vn -0.304 0.0545 0.9511
vn -0.6539 0.1041 0.7494
vn -0.9416 0.1406 0.3058
vn -0.4292 0.0913 0.8986
vn -0.6623 0.1166 0.7401
vn -0.8355 0.1289 0.5341
vn -0.7003 0.0931 0.7077
vn -0.2545 0.0521 0.9657
vn -0.9364 0.1165 0.331
vn -0.925 0.0193 0.3796
vn -0.9389 0.0167 0.3439
vn -0.8609 0.0209 0.5083
vn -0.7954 0.0174 0.6058
vn -0.7087 0.0237 0.7051
vn -0.5336 0.0212 0.8455
vn -0.5572 0.0197 0.8301
vn -0.289 0.0187 0.9571
vn -0.2828 0.0192 0.959
vn -0.4035 0.1041 0.909
vn -0.7127 0.1145 0.6921
vn -0.9439 0.1014 0.3143
vn -0.8406 0.0985 0.5326
vn -0.6763 0.0693 0.7333
vn -0.9272 0.1024 0.3603
vn -0.2246 0.1015 0.9692
vn -0.2245 0.1011 0.9692
vn -0.8172 0.0873 0.5697
vn -0.1315 0.0566 0.9897
vn -0.2918 0.1149 0.9496
vn -0.8829 0.0796 0.4627
vn -0.1167 0.0488 0.992
vn -0.8882 0.0706 0.454
vn -0.7546 0.0772 0.6516
vn -0.8669 0.048 0.4961
vn -0.6127 0.0449 0.7891
vn -0.8878 0.0737 0.4542
vn -0.241 0.03 0.9701
vn -0.6334 0.0585 0.7716
vn -0.4182 0.0476 0.9071
vn -0.256 0.0275 0.9663
vn -0.8774 0.0474 0.4774
vn -0.7445 0.051 0.6657
vn -0.9111 0.1521 0.3832
vn -0.5251 0.0378 0.8502
vn -0.9112 0.0531 0.4085
vn -0.9426 0.1332 0.3062
vn -0.8406 0.1366 0.5242
vn -0.8398 0.1372 0.5252
vn -0.6976 0.038 0.7155
vn -0.2969 0.0358 0.9542
vn -0.8236 0.0414 0.5656
vn -0.9409 0.0327 0.3372
vn -0.8953 0.0466 0.443
vn -0.2457 0.0248 0.969
vn -0.2892 0.0327 0.9567
vn -0.9146 0.1253 0.3844
vn -0.845 0.1206 0.521
vn -0.8539 0.1191 0.5066
vn -0.287 0.0166 0.9578
vn -0.9922 0.118 -0.0394
vn -0.9248 0.1107 0.3641
vn -0.8419 0.1011 0.5301
vn -0.8527 0.1048 0.5117
vn -0.9343 0.037 0.3547
vn -0.6999 0.0384 0.7132
vn -0.9329 0.0931 0.3479
vn -0.8427 0.0959 0.5298
vn -0.8158 0.0832 0.5723
vn -0.4649 0.2946 0.8349
vn -0.9631 0.0881 0.2542
vn -0.6744 0.4155 0.6103
vn -0.8845 0.0779 0.4601
vn -0.5121 0.2967 0.8061
vn -0.961 0.0727 0.2669
vn -0.6827 0.3833 0.6221
vn -0.9195 0.0622 0.3881
vn -0.5121 0.296 0.8063
vn -0.5801 0.3183 0.7497
vn -0.3937 0.2194 0.8927
vn -0.9553 0.0589 0.2897
vn -0.704 0.3633 0.6102
vn -0.5827 0.3153 0.749
vn -0.2498 0.1434 0.9576
vn -0.7725 0.3615 0.5221
vn -0.7959 0.4989 0.3431
vn -0.7957 0.4925 0.3525
vn -0.6704 0.4212 0.6109
vn -0.8195 0.4866 0.3028
vn -0.7881 0.4556 0.4138
vn -0.521 0.2219 0.8242
vn -0.7123 0.2973 0.6358
vn -0.783 0.4376 0.442
vn -0.6903 0.3943 0.6067
vn -0.3929 0.1702 0.9037
vn -0.36 0.1526 0.9204
vn -0.5124 0.214 0.8316
vn -0.6345 0.2413 0.7343
vn -0.7124 0.2924 0.638
vn -0.7205 0.3803 0.5798
vn -0.8263 0.4169 0.3787
vn -0.655 0.2603 0.7094
vn -0.744 0.2649 0.6134
vn -0.732 0.2529 0.6326
vn -0.8904 0.2864 0.3538
vn -0.8913 0.2876 0.3506
vn -0.7396 0.2408 0.6285
vn -0.7362 0.2375 0.6338
vn -0.8972 0.2707 0.3489
vn -0.8959 0.2689 0.3536
vn -0.3243 0.1234 0.9379
vn -0.7453 0.2277 0.6266
vn -0.7444 0.2268 0.628
vn -0.898 0.2505 0.3618
vn -0.9022 0.2538 0.3487
vn -0.7566 0.2153 0.6174
vn -0.2375 0.108 0.9654
vn -0.5118 0.2142 0.832
vn -0.3802 0.1446 0.9135
vn -0.3786 0.143 0.9144
vn -0.4956 0.1867 0.8482
vn -0.3582 0.125 0.9252
vn -0.633 0.1523 0.759
vn -0.7355 0.1423 0.6624
vn -0.2337 0.0641 0.9702
vn -0.4822 0.1023 0.8701
vn -0.3532 0.1188 0.928
vn -0.4617 0.1123 0.8799
vn -0.607 0.1099 0.7871
vn -0.8709 0.1583 0.4653
vn -0.5822 0.1223 0.8038
vn -0.8355 0.1307 0.5337
vn 0.0452 0.0063 0.999
vn -0.316 0.0736 0.9459
vn -0.4988 0.0905 0.862
vn -0.2959 0.0656 0.953
vn -0.4991 0.1573 0.8522
vn -0.8324 0.1168 0.5417
vn -0.2578 0.0713 0.9636
vn -0.3109 0.0608 0.9485
vn -0.6028 0.1164 0.7894
vn -0.4313 0.0684 0.8996
vn -0.1462 0.055 0.9877
vn -0.2773 0.097 0.9559
vn -0.7126 0.1036 0.6939
vn -0.5591 0.0777 0.8254
vn -0.3683 0.118 0.9222
vn -0.2292 0.0709 0.9708
vn -0.4533 0.0694 0.8887
vn -0.6111 0.0792 0.7876
vn -0.44 0.0709 0.8952
vn -0.2518 0.0407 0.9669
vn -0.2623 0.0399 0.9642
vn -0.686 0.0782 0.7234
vn -0.4551 0.0716 0.8876
vn -0.2384 0.0392 0.9704
vn -0.649 0.0809 0.7565
vn -0.7535 0.0705 0.6536
vn -0.7324 0.1908 0.6536
vn -0.5351 0.0674 0.8421
vn -0.3439 0.037 0.9383
vn -0.8247 0.1002 0.5567
vn -0.8738 0.1937 0.4461
vn -0.9162 0.18 0.3581
vn -0.6253 0.0652 0.7776
vn -0.3672 0.0506 0.9288
vn -0.4107 0.0354 0.9111
vn -0.8687 0.1605 0.4686
vn -0.77 0.1561 0.6187
vn -0.7827 0.0618 0.6194
vn -0.2669 0.0333 0.9632
vn -0.9304 0.1745 0.3223
vn -0.4883 0.0476 0.8714
vn -0.3115 0.0265 0.9499
vn -0.9156 0.047 0.3994
vn -0.8737 0.0615 0.4825
vn -0.6387 0.0535 0.7676
vn -0.8434 0.1573 0.5138
vn -0.8521 0.1674 0.4959
vn -0.5162 0.0447 0.8553
vn -0.6542 0.0971 0.75
vn -0.4787 0.0202 0.8778
vn -0.721 0.1512 0.6762
vn -0.5967 0.1006 0.7961
vn -0.4576 0.0407 0.8883
vn -0.8517 0.0311 0.5231
vn -0.5161 0.0217 0.8563
vn -0.7139 0.0316 0.6995
vn -0.8589 0.0346 0.511
vn -0.2844 0.0236 0.9584
vn -0.3003 0.0277 0.9534
vn -0.5333 0.0275 0.8455
vn -0.2302 0.1554 0.9607
vn -0.3447 0.2128 0.9143
vn -0.4604 0.2892 0.8393
vn -0.2076 0.1303 0.9695
vn -0.3362 0.1963 0.9211
vn -0.2336 0.1366 0.9627
vn -0.6953 0.0961 0.7123
vn -0.2356 0.1384 0.9619
vn -0.2401 0.1306 0.9619
vn -0.3937 0.2201 0.8925
vn -0.2535 0.1343 0.958
vn -0.5112 0.2655 0.8174
vn -0.6961 0.3381 0.6334
vn -0.3725 0.1804 0.9103
vn -0.8548 0.357 0.3767
vn -0.6053 0.2817 0.7445
vn -0.5185 0.2233 0.8254
vn -0.8578 0.3489 0.3775
vn -0.7401 0.101 0.6648
vn -0.8616 0.3529 0.3649
vn -0.8582 0.3374 0.3869
vn -0.8924 0.3238 0.3143
vn -0.8831 0.3164 0.3464
vn -0.8784 0.2982 0.3735
vn -0.676 0.0862 0.7319
vn -0.6002 0.0876 0.795
vn -0.7936 0.2089 0.5715
vn -0.8913 0.2318 0.3897
vn -0.4694 0.1286 0.8736
vn -0.6433 0.1295 0.7546
vn -0.2169 0.0564 0.9746
vn -0.6671 0.0774 0.741
vn -0.4427 0.1102 0.8899
vn -0.7471 0.1729 0.6418
vn -0.4631 0.1136 0.879
vn -0.6059 0.1192 0.7865
vn -0.3428 0.0562 0.9377
vn -0.3861 0.0476 0.9212
vn -0.436 0.0602 0.8979
vn -0.4773 0.058 0.8768
vn -0.2557 0.0442 0.9658
vn -0.3183 0.0518 0.9466
vn -0.2622 0.0306 0.9645
vn -0.4413 0.0572 0.8956
vn -0.4822 0.055 0.8743
vn -0.5153 0.0436 0.8559
vn -0.4732 0.0483 0.8796
vn -0.5161 0.2564 0.8173
vn -0.8015 0.3028 0.5156
vn -0.8018 0.2977 0.5181
vn -0.7998 0.2982 0.521
vn -0.5634 0.1629 0.8099
vn -0.5668 0.1002 0.8177
vn -0.6606 0.0716 0.7473
vn -0.7727 0.0593 0.632
vn -0.6339 0.0587 0.7712
vn -0.7815 0.0568 0.6213
vn -0.4878 0.039 0.8721
vn -0.9187 0.0687 0.389
vn -0.5237 0.0368 0.8511
vn -0.8189 0.0467 0.5721
vn -0.7431 0.0523 0.6671
vn -0.9482 0.0446 0.3145
vn -0.7002 0.0335 0.7132
vn -0.9371 0.0385 0.347
vn -0.8336 0.0451 0.5506
vn -0.6955 0.0353 0.7177
vn -0.6763 0.4155 0.6083
vn -0.746 0.4522 0.4888
vn -0.6718 0.4001 0.6233
vn -0.7876 0.4364 0.4351
vn -0.7821 0.4154 0.4645
vn -0.8264 0.4086 0.3875
vn -0.7072 0.3517 0.6133
vn -0.5092 0.2629 0.8195
vn -0.3987 0.1854 0.8982
vn -0.7023 0.2864 0.6517
vn -0.6994 0.2989 0.6492
vn -0.0548 0.2233 0.9732
vn -0.1817 0.8552 0.4854
vn -0.1338 0.6166 0.7758
vn -0.0923 0.467 0.8794
vn -0.0839 0.4028 0.9114
vn -0.124 0.5053 0.854
vn -0.1906 0.9244 0.3304
vn -0.0995 0.5851 0.8048
vn -0.1287 0.5859 0.8001
vn -0.0904 0.4017 0.9113
vn -0.0448 0.2223 0.974
vn -0.1678 0.8555 0.4898
vn -0.152 0.7549 0.638
vn -0.0702 0.2842 0.9562
vn -0.2193 0.1605 0.9624
vn -0.0783 0.3975 0.9142
vn -0.2681 0.2082 0.9406
vn -0.4362 0.3254 0.8389
vn -0.4391 0.3266 0.837
vn -0.1888 0.9354 0.2991
vn -0.1654 0.8728 0.4592
vn -0.621 0.4591 0.6352
vn -0.6082 0.4549 0.6505
vn -0.0537 0.056 0.997
vn -0.0739 0.0713 0.9947
vn -0.2286 0.2125 0.95
vn -0.7416 0.5551 0.3768
vn -0.7585 0.5563 0.3396
vn -0.2871 0.2948 0.9114
vn -0.5835 0.5279 0.6172
vn -0.3911 0.3685 0.8434
vn -0.4639 0.3041 0.8321
vn -0.6402 0.603 0.4759
vn -0.469 0.4736 0.7454
vn -0.709 0.5961 0.3768
vn -0.7658 0.4954 0.4101
vn -0.6468 0.4276 0.6315
vn -0.2528 0.3274 0.9104
vn -0.6352 0.6255 0.453
vn -0.3074 0.4348 0.8464
vn -0.439 0.5251 0.7291
vn -0.7667 0.4812 0.4249
vn -0.476 0.6232 0.6205
vn -0.1468 0.2231 0.9637
vn -0.5641 0.6812 0.4668
vn -0.4535 0.304 0.8378
vn -0.3009 0.5125 0.8042
vn -0.5672 0.7371 0.3672
vn -0.5463 0.7728 0.3229
vn -0.3977 0.6774 0.6188
vn -0.3965 0.6766 0.6205
vn -0.4679 0.7981 0.3796
vn -0.0883 0.2099 0.9737
vn -0.1098 0.243 0.9638
vn -0.4555 0.8277 0.3277
vn -0.2286 0.7801 0.5824
vn -0.2164 0.6614 0.7181
vn -0.2028 0.4813 0.8528
vn -0.2051 0.4852 0.85
vn -0.2461 0.628 0.7383
vn -0.3055 0.7231 0.6195
vn -0.3177 0.8093 0.494
vn -0.3394 0.8567 0.3884
vn -0.3587 0.8692 0.3402
vn -0.2063 0.7632 0.6124
vn -0.1445 0.5682 0.8101
vn -0.1917 0.7529 0.6296
vn -0.1607 0.6871 0.7086
vn -0.0627 0.2703 0.9607
vn -0.1165 0.4752 0.8721
vn -0.0708 0.2876 0.9551
vn -0.1459 0.6646 0.7328
vn -0.1142 0.4893 0.8646
vn -0.1036 0.4441 0.89
vn -0.0533 0.2448 0.9681
vn -0.0969 0.466 0.8795
vn -0.2949 0.1885 0.9367
vn -0.4486 0.2979 0.8426
vn 0.054 0.6443 0.7629
vn -0.1246 0.5308 0.8383
vn -0.155 0.7483 0.6449
vn -0.1739 0.857 0.4851
vn -0.1228 0.6092 0.7835
vn -0.2219 0.1557 0.9626
vn -0.2496 0.1599 0.9551
vn -0.6698 0.4196 0.6126
vn -0.6437 0.4166 0.6419
vn -0.7633 0.4821 0.4301
vn -0.6572 0.4403 0.6117
vn -0.2381 0.9057 0.3508
vn -0.2397 0.9397 0.2438
vn -0.2277 0.9527 0.2015
vn -0.1551 0.4696 0.8691
vn -0.0872 0.2679 0.9595
vn -0.1626 0.7752 0.6104
vn -0.1835 0.8288 0.5286
vn -0.1527 0.5304 0.8338
vn -0.0875 0.2681 0.9594
vn -0.1946 0.929 0.3147
vn -0.1485 0.5307 0.8344
vn -0.1039 0.3959 0.9124
vn -0.0543 0.1815 0.9819
vn -0.1552 0.5393 0.8277
vn -0.065 0.2715 0.9602
vn -0.104 0.396 0.9123
vn -0.1634 0.7908 0.5899
vn -0.1526 0.7776 0.61
vn -0.1278 0.6066 0.7846
vn -0.1707 0.7825 0.5988
vn -0.7746 0.5297 0.3457
vn -0.1514 0.7923 0.5911
vn -0.1923 0.8974 0.3972
vn -0.1878 0.9287 0.3198
vn -0.1937 0.9351 0.2966
vn -0.2078 0.1362 0.9686
vn -0.2417 0.1779 0.9539
vn -0.442 0.3023 0.8446
vn -0.2925 0.9081 0.2996
vn -0.2601 0.888 0.3791
vn -0.2184 0.8691 0.4439
vn -0.1495 0.6588 0.7373
vn -0.134 0.6367 0.7593
vn -0.1542 0.7478 0.6458
vn -0.2925 0.1999 0.9351
vn -0.4769 0.303 0.8251
vn -0.4741 0.296 0.8292
vn -0.2949 0.1885 0.9368
vn -0.8296 0.526 0.1873
vn -0.8181 0.524 0.237
vn -0.6518 0.4156 0.6344
vn -0.6543 0.4422 0.6135
vn -0.8011 0.5103 0.3128
vn -0.7819 0.5229 0.3395
vn -0.658 0.4404 0.6108
vn -0.7954 0.5237 0.3051
vn -0.2341 0.7654 0.5994
vn -0.2111 0.7517 0.6248
vn -0.1059 0.4715 0.8755
vn -0.202 0.8552 0.4774
vn -0.1641 0.684 0.7108
vn -0.0772 0.2827 0.9561
vn -0.0956 0.4848 0.8694
vn -0.1767 0.8263 0.5347
vn -0.2034 0.92 0.335
vn -0.199 0.8585 0.4725
vn -0.132 0.6167 0.776
vn -0.106 0.4459 0.8888
vn -0.0522 0.2277 0.9723
vn -0.0713 0.1422 0.9873
vn -0.3862 0.3631 0.848
vn -0.1271 0.3549 0.9262
vn -0.1309 0.1525 0.9796
vn -0.1414 0.1725 0.9748
vn -0.3045 0.8247 0.4767
vn -0.6325 0.731 0.256
vn -0.4887 0.6653 0.5644
vn -0.4888 0.66 0.5705
vn -0.2702 0.7576 0.5942
vn -0.2679 0.771 0.5777
vn -0.7097 0.5055 0.4907
vn -0.4462 0.8826 0.1478
vn -0.447 0.8816 0.1517
vn -0.1235 0.4021 0.9072
vn -0.6277 0.6769 0.3845
vn -0.6152 0.703 0.3568
vn -0.2159 0.348 0.9123
vn -0.0368 0.0729 0.9967
vn -0.6345 0.4639 0.6182
vn -0.6389 0.4729 0.6068
vn -0.4038 0.5455 0.7344
vn -0.4059 0.5519 0.7284
vn -0.8496 0.4874 0.2016
vn -0.2313 0.6712 0.7042
vn -0.2341 0.6472 0.7254
vn -0.3673 0.3519 0.8609
vn -0.0799 0.2902 0.9536
vn -0.4101 0.8387 0.3584
vn -0.4221 0.82 0.3867
vn -0.3313 0.4482 0.8302
vn -0.2631 0.2282 0.9374
vn -0.3293 0.4431 0.8338
vn -0.5393 0.3935 0.7446
vn -0.0963 0.1527 0.9836
vn -0.5349 0.386 0.7516
vn -0.0566 0.1335 0.9894
vn -0.5229 0.5912 0.6141
vn -0.8604 0.4471 0.2443
vn -0.1841 0.528 0.8291
vn -0.1841 0.5232 0.8321
vn -0.6805 0.7002 0.2161
vn -0.794 0.4558 0.4022
vn -0.7895 0.4177 0.4496
vn -0.186 0.1658 0.9685
vn -0.5109 0.8322 0.2157
vn -0.2487 0.2196 0.9434
vn -0.6831 0.621 0.3844
vn -0.7341 0.64 0.2269
vn -0.4489 0.3371 0.8276
vn -0.2117 0.2848 0.9349
vn -0.155 0.1319 0.9791
vn -0.2183 0.9654 0.1427
vn -0.3708 0.7277 0.5771
vn -0.2299 0.9594 0.1634
vn -0.3683 0.743 0.5588
vn -0.6244 0.5967 0.5041
vn -0.7363 0.5726 0.3605
vn -0.2198 0.9113 0.3482
vn -0.3662 0.24 0.899
vn -0.4874 0.8035 0.3419
vn -0.2123 0.919 0.3322
vn -0.6906 0.3922 0.6077
vn -0.685 0.3767 0.6236
vn -0.1853 0.8592 0.4769
vn -0.1304 0.1165 0.9846
vn -0.3137 0.6135 0.7247
vn -0.3133 0.6084 0.7291
vn -0.5868 0.5693 0.5758
vn -0.5824 0.5295 0.6168
vn -0.2014 0.7777 0.5955
vn -0.185 0.8004 0.5702
vn -0.332 0.9432 0.0076
vn -0.5799 0.3296 0.745
vn -0.5749 0.3225 0.752
vn -0.5911 0.7945 0.1392
vn -0.03 0.0397 0.9988
vn -0.163 0.3875 0.9073
vn -0.2533 0.4941 0.8317
vn -0.2528 0.4897 0.8345
vn -0.4174 0.678 0.605
vn -0.4244 0.2142 0.8798
vn -0.3288 0.9339 0.1405
vn -0.4704 0.2679 0.8408
vn -0.35 0.9164 0.1941
vn -0.2259 0.1603 0.9609
vn -0.7995 0.5713 0.1853
vn -0.154 0.6506 0.7436
vn -0.2698 0.313 0.9106
vn -0.4826 0.4769 0.7346
vn -0.4754 0.4586 0.7508
vn -0.1245 0.2658 0.956
vn -0.5441 0.741 0.3935
vn -0.5361 0.7673 0.3519
vn -0.3045 0.8931 0.3311
vn -0.3152 0.8787 0.3585
vn -0.1491 0.0901 0.9847
vn -0.17 0.3266 0.9298
vn -0.3245 0.1669 0.9311
vn -0.1493 0.0903 0.9847
vn -0.1001 0.2239 0.9695
vn -0.747 0.53 0.4013
vn -0.7453 0.5646 0.3545
vn -0.8106 0.5279 0.2534
vn -0.1815 -0.9832 0.0217
vn -0.1933 -0.9811 0.0042
vn -0.3619 -0.9317 -0.0299
vn -0.4107 -0.9113 0.0296
vn -0.5685 -0.8227 -0.0058
vn -0.5778 -0.8158 -0.0233
vn -0.7717 -0.6355 -0.0232
vn -0.7526 -0.6581 0.0221
vn -0.9146 -0.4038 -0.0198
vn -0.8999 -0.4354 0.0248
vn -0.9732 -0.2297 0.012
vn -0.9751 -0.2209 0.0206
vn -0.9964 -0.0825 -0.0202
vn -0.999 0.0362 0.0255
vn -0.9999 0.0106 0.0038
vn -0.9844 0.1758 0.0034
vn -0.9799 0.1989 -0.0133
vn -0.935 0.3542 0.0193
vn -0.9013 0.4326 -0.0223
vn -0.8637 0.5037 0.014
vn -0.7953 0.606 -0.0182
vn -0.7436 0.668 0.0305
vn -0.6713 0.7408 -0.0229
vn -0.5572 0.8301 0.0214
vn -0.5217 0.853 -0.0179
vn -0.3592 0.9326 0.0349
vn -0.2824 0.9581 -0.0477
vn -0.1283 0.9912 0.0335
vn -0.0305 0.9991 -0.0288
vn -0.1878 0.9509 0.2462
vn -0.1802 0.9071 0.3804
vn -0.1813 0.9131 0.3651
vn -0.16 0.7942 0.5862
vn -0.1254 0.6088 0.7833
vn -0.1497 0.7399 0.6559
vn -0.1118 0.5375 0.8358
vn -0.0848 0.3958 0.9144
vn -0.0848 0.3955 0.9146
vn -0.0515 0.2236 0.9733
vn -0.0431 0.1793 0.9829
vn 0.8021 -0.5959 -0.0389
vn 0.7877 -0.6154 -0.0281
vn 0.628 -0.7771 -0.0429
vn 0.6028 -0.7975 -0.0254
vn 0.4002 -0.9154 -0.0434
vn 0.3734 -0.9272 -0.0293
vn 0.1923 -0.9806 -0.0377
vn 0.192 -0.9813 -0.0164
vn -0.9994 -0 -0.0345
vn -0.9996 -0.0001 -0.0273
vn -0.2697 0.9615 -0.0535
vn -0.2467 0.9687 -0.0274
vn -0.9834 0.1721 -0.0579
vn -0.0201 0.9989 -0.0432
vn -0.0312 0.999 -0.0319
vn -0.9698 0.2437 0.0044
vn -0.9119 0.4038 -0.074
vn -0.871 0.4912 0.0059
vn -0.7677 0.6357 -0.0809
vn -0.7087 0.7054 0.008
vn -0.5302 0.8451 -0.0688
vn -0.4907 0.8712 -0.0149
vn 0.1923 0.9809 -0.0282
vn 0.1924 0.9808 -0.0312
vn 0.3585 0.9324 -0.0457
vn 0.4293 0.903 -0.0163
vn 0.5765 0.8153 -0.0539
vn 0.6398 0.7682 -0.0236
vn 0.7744 0.6313 -0.0421
vn 0.7689 0.6383 -0.0375
vn 0.9402 0.3386 -0.0375
vn 0.9407 0.3373 -0.0353
vn 0.9994 0.0132 -0.0313
vn 0.9993 0.0115 -0.0362
vn 0.9011 0.4321 -0.0367
vn 0.8984 0.4383 -0.0293
vn 0.9981 0.0579 -0.023
vn 0.996 0.0741 -0.0494
vn 0.9941 0.1057 -0.0243
vn 0.9907 0.1285 -0.0455
vn 0.987 0.1591 -0.024
vn 0.9819 0.1839 -0.046
vn 0.9762 0.2152 -0.0256
vn 0.9672 0.2498 -0.0463
vn 0.9636 0.2657 -0.0295
vn 0.9955 -0.079 -0.0521
vn 0.8982 -0.4381 -0.0365
vn 0.8956 -0.4438 -0.0316
vn 0.9989 -0.0438 -0.0164
vn 0.9986 -0.0256 -0.0466
vn 0.93 -0.3657 -0.037
vn 0.9327 -0.3595 -0.0287
vn 0.959 -0.2803 -0.0412
vn 0.963 -0.2686 -0.0229
vn 0.9781 -0.2022 -0.0493
vn 0.9841 -0.1767 -0.0169
vn 0.9887 -0.1413 -0.0496
vn 0.9943 -0.1052 -0.0177
vn 0.8712 -0.4907 -0.0134
vn 0.9599 0.2794 -0.0223
vn 0.5072 0.8615 -0.0231
vn 0.5577 0.83 -0.0119
vn 0.66 -0.751 -0.0211
vn 0.6326 -0.7744 -0.0138
vn 0.9729 0.231 -0.0127
vn 0.3508 -0.9362 -0.0204
vn 0.2962 -0.9551 -0.0102
vn 0.0397 -0.9988 -0.0269
vn 0.9953 -0.0942 -0.0219
vn 0.9902 -0.1394 -0.013
vn 0.7892 0.6137 -0.0227
vn 0.1807 0.9834 -0.0164
vn 0.2061 0.9785 -0.0111
vn 0.8218 0.5697 -0.0123
vn 0.8904 -0.4546 -0.0215
vn 0.9131 0.4074 -0.0125
vn 0.7893 -0.6137 -0.0213
vn 0.7651 -0.6438 -0.0136
vn 0.5331 -0.8458 -0.0203
vn 0.4781 -0.8782 -0.0108
vn 0.3193 -0.9474 -0.0235
vn 0.9953 0.0942 -0.0221
vn 0.66 0.7509 -0.0229
vn 0.7019 0.7121 -0.0121
vn 0.0217 0.9997 -0.013
vn 0.9988 0.0465 -0.0128
vn 0.0708 -0.9973 -0.0205
vn 0.1454 -0.9893 -0.0116
vn 0.0397 0.9991 -0.0168
vn 0.9599 -0.2794 -0.0217
vn 0.9471 -0.3206 -0.0132
vn 0.3509 0.9362 -0.0204
vn 0.8904 0.4547 -0.0225
vn 0.3943 0.9189 -0.0117
vn 0.4781 0.8783 -0.0074
vn 0.7891 -0.6136 -0.027
vn 0.702 -0.7122 -0.008
vn 0.9472 0.3206 -0.0075
vn 0.533 -0.8458 -0.0246
vn 0.3194 -0.9474 -0.0201
vn 0.3943 -0.9189 -0.0099
vn 0.9952 0.0942 -0.0273
vn 0.6599 0.7508 -0.0275
vn 0.0708 -0.9973 -0.0173
vn 0.0217 -0.9997 -0.0095
vn 0.0398 0.9989 -0.0241
vn 0.1454 0.9893 -0.0116
vn 0.7652 0.6438 -0.0075
vn 0.9989 -0.0465 -0.0077
vn 0.9598 -0.2793 -0.0271
vn 0.3508 0.9361 -0.0256
vn 0.8903 0.4546 -0.0274
vn 0.9132 -0.4075 -0.0078
vn 0.8218 -0.5697 -0.0123
vn 0.7892 -0.6137 -0.0227
vn 0.5577 -0.83 -0.0119
vn 0.5332 -0.8458 -0.0174
vn 0.6326 0.7744 -0.0138
vn 0.3194 -0.9474 -0.0216
vn 0.9953 0.0942 -0.0219
vn 0.9902 0.1394 -0.013
vn 0.66 0.751 -0.0211
vn 0.2061 -0.9785 -0.0073
vn 0.0707 -0.9972 -0.0236
vn 0.9599 -0.2794 -0.0223
vn 0.9729 -0.231 -0.0127
vn 0.2962 0.9551 -0.0126
vn 0.8712 0.4907 -0.0134
vn 0.3325 0.9429 -0.0207
vn 0.8904 0.4546 -0.0215
vn -0.1915 0.9757 0.1069
vn -0.1914 0.9756 0.1076
vn -0.2026 0.9735 0.1064
vn -0.8255 0.5545 0.105
vn -0.4802 0.8705 0.108
vn -0.8015 0.5879 0.1093
vn -0.7792 0.6183 0.1027
vn -0.7962 0.5944 0.1125
vn -0.7175 0.6885 0.1056
vn -0.6995 0.7063 0.1083
vn -0.4398 0.8923 0.1019
vn -0.437 0.8938 0.1008
vn -0.2372 0.9651 0.1111
vn -0.77 0.629 0.1068
vn -0.7558 0.6457 0.1085
vn -0.2583 0.9616 0.0928
vn -0.2638 0.9584 0.1091
vn -0.3331 0.9371 0.1047
vn -0.8411 0.5302 0.107
vn -0.8414 0.5295 0.1075
vn -0.3613 0.9261 0.1081
vn -0.3747 0.9202 0.1132
vn -0.2797 0.9541 0.107
vn -0.2962 0.9489 0.109
vn -0.5768 0.8098 0.1076
vn -0.6398 0.7612 0.106
vn -0.6504 0.7519 0.1074
vn -0.2056 0.973 0.1048
vn -0.1953 0.9748 0.1079
vn -0.8251 0.5551 0.1048
vn -0.5628 0.8198 0.1057
vn -0.2248 0.9691 0.102
vn -0.9667 0.2299 0.1124
vn -0.9593 0.2607 0.1089
vn -0.9558 0.2759 0.1019
vn -0.9944 0.0232 0.103
vn -0.9529 0.2842 0.1059
vn -0.9941 0.0177 0.1071
vn -0.9462 0.3042 0.1108
vn -0.9933 0.0365 0.1098
vn -0.9923 0.0501 0.1129
vn -0.9332 0.3435 0.1055
vn -0.9921 0.0552 0.1128
vn -0.9348 0.3384 0.1082
vn -0.9913 0.081 0.1042
vn -0.9913 0.0788 0.1056
vn -0.9129 0.3943 0.1058
vn -0.9918 0.077 0.1018
vn -0.9215 0.3726 0.1097
vn -0.9062 0.4078 0.1123
vn -0.9868 0.1161 0.1132
vn -0.9861 0.1238 0.1107
vn -0.9047 0.4108 0.1132
vn -0.9847 0.1418 0.1017
vn -0.9798 0.1639 0.1144
vn -0.8789 0.4651 0.1053
vn -0.8804 0.462 0.1066
vn -0.9811 0.1579 0.1123
vn -0.8757 0.4707 0.1077
vn -0.98 0.1641 0.1129
vn -0.8611 0.4959 0.1122
vn -0.9743 0.1979 0.1079
vn -0.9729 0.2062 0.1043
vn -0.9747 0.1996 0.1006
vn -0.9687 -0.2226 0.1096
vn -0.9639 -0.2422 0.1111
vn -0.9597 -0.2609 0.1046
vn -0.9938 -0.0112 0.1106
vn -0.9942 -0.0209 0.1052
vn -0.9528 -0.2823 0.1117
vn -0.9938 -0.0118 0.1104
vn -0.9429 -0.3161 0.1049
vn -0.9936 -0.0279 0.1093
vn -0.9517 -0.2862 0.1117
vn -0.9412 -0.3203 0.1073
vn -0.9928 -0.0402 0.1127
vn -0.9923 -0.0529 0.112
vn -0.992 -0.0742 0.1018
vn -0.9278 -0.3555 0.113
vn -0.992 -0.0694 0.1051
vn -0.9154 -0.3894 0.1019
vn -0.9901 -0.0872 0.1096
vn -0.9207 -0.3748 0.1092
vn -0.9882 -0.102 0.114
vn -0.9055 -0.4099 0.11
vn -0.9848 -0.1408 0.1018
vn -0.9856 -0.1302 0.1083
vn -0.8785 -0.4662 0.1042
vn -0.9827 -0.151 0.1076
vn -0.8826 -0.4573 0.1093
vn -0.9794 -0.1677 0.1121
vn -0.8611 -0.4961 0.1117
vn -0.977 -0.1813 0.112
vn -0.973 -0.2061 0.1042
vn -0.9735 -0.2024 0.1063
vn -0.8095 -0.5773 0.107
vn -0.7797 -0.6171 0.1066
vn -0.3651 -0.9249 0.1063
vn -0.4694 -0.8761 0.1098
vn -0.3194 -0.9415 0.1072
vn -0.8402 -0.5316 0.1069
vn -0.1919 -0.9756 0.1071
vn -0.7383 -0.6656 0.1088
vn -0.2903 -0.9517 0.1002
vn -0.5232 -0.8457 0.1052
vn -0.2957 -0.9486 0.1126
vn -0.6661 -0.7379 0.1092
vn -0.5707 -0.814 0.1084
vn -0.4438 -0.8897 0.107
vn -0.2297 -0.9672 0.1085
vn -0.2044 -0.973 0.1075
vn -0.7151 -0.6911 0.1047
vn -0.6191 -0.7784 0.104
vn -0.3821 -0.9177 0.1092
vn -0.2756 -0.9551 0.1084
vn -0.2215 -0.9702 0.0979
vn -0.2308 -0.9672 0.1061
vn -0.2742 -0.9559 0.1053
vn -0.2367 -0.9647 0.1152
vn -0.2064 -0.9724 0.1093
vn -0.7972 -0.5951 0.1019
vn -0.8436 -0.5271 0.1026
vn -0.831 -0.5454 0.1094
vn -0.0151 -0.9999 -0.0017
vn -0.7166 0.6975 -0.008
vn -0.2923 -0.9563 -0.0031
vn -0.583 0.8124 0.0079
vn -0.389 -0.9212 0.0075
vn -0.3504 0.9366 -0.0074
vn -0.6383 -0.7698 -0.0072
vn -0.2068 0.9784 0.0048
vn -0.7491 -0.6624 0.0074
vn -0.9017 -0.4323 -0.0073
vn -0.9551 -0.2964 0.0059
vn -0.9994 -0.034 -0.0043
vn -0.9977 0.068 0.0046
vn -0.9433 0.3319 -0.0064
vn -0.8783 0.478 0.0081
vn -0.1915 -0.9757 0.1068
vn -0.1915 -0.9757 0.1066
vn -0.7961 0.6052 0.004
vn -0.0151 -0.9999 -0.0026
vn -0.7165 0.6976 -0.0078
vn -0.1231 -0.9924 0.0048
vn -0.2923 -0.9563 -0.0064
vn -0.4886 0.8725 0.0077
vn -0.3504 0.9366 -0.0069
vn -0.6384 -0.7697 -0.0039
vn -0.5703 -0.8214 0.0066
vn -0.0618 0.9981 0.0065
vn -0.9018 -0.4322 -0.0033
vn -0.8761 -0.4822 0.0038
vn -0.9981 -0.0616 0.0031
vn -0.9994 -0.0341 -0.0004
vn -0.9433 0.332 -0.0019
vn -0.9397 0.3419 -0.0005
vn -0.0744 -0.3412 0.937
vn -0.0666 -0.3019 0.951
vn -0.1091 -0.5232 0.8452
vn -0.1394 -0.6829 0.7171
vn -0.119 -0.5763 0.8085
vn -0.1679 -0.8372 0.5205
vn -0.157 -0.779 0.607
vn -0.1832 -0.9237 0.3366
vn -0.1793 -0.9021 0.3925
vn -0.0963 -0.457 0.8842
vn -0.0558 -0.2357 0.9702
vn -0.0563 -0.273 0.9604
vn -0.0678 -0.2764 0.9587
vn -0.1608 -0.8366 0.5236
vn -0.1255 -0.6775 0.7247
vn -0.06 -0.2534 0.9655
vn -0.0668 -0.3661 0.9282
vn -0.6501 -0.4103 0.6396
vn -0.2091 -0.1446 0.9671
vn -0.4987 -0.3405 0.7971
vn -0.499 -0.3064 0.8106
vn -0.3208 -0.2044 0.9248
vn -0.3448 -0.2294 0.9102
vn -0.2097 -0.146 0.9668
vn -0.4881 -0.3238 0.8105
vn -0.4469 -0.3082 0.8398
vn -0.3545 -0.2388 0.9041
vn -0.2043 -0.1439 0.9683
vn -0.6028 -0.4446 0.6626
vn -0.5821 -0.4949 0.6452
vn -0.5166 -0.537 0.6669
vn -0.4227 -0.4692 0.7754
vn -0.5456 -0.7299 0.4118
vn -0.5352 -0.7606 0.3674
vn -0.458 -0.6326 0.6246
vn -0.4572 -0.6186 0.639
vn -0.3822 -0.4937 0.7812
vn -0.1245 -0.5742 0.8092
vn -0.1081 -0.4111 0.9052
vn -0.0487 -0.1738 0.9836
vn -0.2216 -0.281 0.9338
vn -0.1809 -0.8653 0.4675
vn -0.4545 -0.8046 0.3822
vn -0.1416 -0.5708 0.8088
vn -0.3993 -0.7727 0.4934
vn -0.1378 -0.2023 0.9696
vn -0.1345 -0.7167 0.6842
vn -0.1647 -0.7006 0.6943
vn -0.3825 -0.6695 0.6368
vn -0.055 -0.2537 0.9657
vn -0.299 -0.579 0.7585
vn -0.2654 -0.4475 0.854
vn -0.102 -0.5546 0.8258
vn -0.1319 -0.659 0.7405
vn -0.1624 -0.3363 0.9276
vn -0.3389 -0.8621 0.3767
vn -0.3436 -0.7987 0.4939
vn -0.2851 -0.731 0.62
vn -0.2585 -0.5984 0.7584
vn -0.166 -0.8124 0.559
vn -0.1966 -0.5122 0.8361
vn -0.1559 -0.3368 0.9286
vn -0.1512 -0.7794 0.608
vn -0.2779 -0.8937 0.3522
vn -0.2787 -0.8895 0.3621
vn -0.2343 -0.752 0.6161
vn -0.1643 -0.7647 0.6231
vn -0.2346 -0.7477 0.6212
vn -0.1658 -0.5208 0.8374
vn -0.1657 -0.5172 0.8396
vn -0.0817 -0.2291 0.97
vn -0.0833 -0.246 0.9657
vn -0.2238 -0.9096 0.35
vn -0.3441 -0.2293 0.9105
vn -0.2238 -0.9082 0.3535
vn -0.2065 -0.847 0.4899
vn -0.2 -0.7614 0.6166
vn -0.1657 -0.6733 0.7206
vn -0.1444 -0.5234 0.8398
vn -0.1034 -0.4211 0.9011
vn -0.0739 -0.2513 0.9651
vn -0.4025 -0.3462 0.8475
vn -0.7467 -0.4736 0.4671
vn -0.1655 -0.6732 0.7207
vn -0.0963 -0.394 0.9141
vn -0.1108 -0.5158 0.8495
vn -0.0902 -0.4557 0.8855
vn -0.7431 -0.4787 0.4676
vn -0.6528 -0.4233 0.6282
vn -0.6576 -0.4242 0.6226
vn -0.2072 -0.1557 0.9658
vn -0.4499 -0.3236 0.8324
vn -0.3987 -0.3105 0.8629
vn -0.8089 -0.5301 0.2542
vn -0.7713 -0.5354 0.3441
vn -0.3647 -0.3412 0.8664
vn -0.264 -0.2688 0.9263
vn -0.2888 -0.4245 0.8581
vn -0.624 -0.6912 0.3644
vn -0.2006 -0.1547 0.9674
vn -0.191 -0.1434 0.9711
vn -0.1996 -0.9431 0.2659
vn -0.1881 -0.167 0.9678
vn -0.8126 -0.514 0.2747
vn -0.3329 -0.2074 0.9199
vn -0.8096 -0.5141 0.2834
vn -0.7484 -0.479 0.4587
vn -0.4806 -0.3075 0.8212
vn -0.8076 -0.5275 0.2635
vn -0.7423 -0.4878 0.4593
vn -0.6572 -0.4515 0.6036
vn -0.7665 -0.5421 0.3443
vn -0.7456 -0.5437 0.3853
vn -0.729 -0.5724 0.3754
vn -0.7275 -0.5729 0.3775
vn -0.7016 -0.6366 0.32
vn -0.6532 -0.6423 0.401
vn -0.6328 -0.6579 0.4084
vn -0.2025 -0.9205 0.3342
vn -0.1632 -0.7431 0.649
vn -0.1892 -0.8708 0.4539
vn -0.1582 -0.7865 0.597
vn -0.1766 -0.9115 0.3715
vn -0.1832 -0.9071 0.3791
vn -0.1104 -0.484 0.8681
vn -0.1931 -0.9127 0.36
vn -0.1419 -0.6692 0.7294
vn -0.1329 -0.6474 0.7505
vn -0.1007 -0.4894 0.8662
vn -0.1132 -0.5203 0.8465
vn -0.0787 -0.3848 0.9196
vn -0.6585 -0.4235 0.6221
vn -0.5191 -0.3434 0.7827
vn -0.6575 -0.4238 0.623
vn -0.1475 -0.1008 0.9839
vn -0.7454 -0.4868 0.4554
vn -0.4891 -0.3236 0.81
vn -0.6434 -0.4292 0.6339
vn -0.6522 -0.4564 0.6052
vn -0.5782 -0.4869 0.6546
vn -0.6265 -0.5315 0.5701
vn -0.5289 -0.5754 0.6238
vn -0.1888 -0.8313 0.5228
vn -0.1878 -0.9124 0.3637
vn -0.1657 -0.7885 0.5923
vn -0.1718 -0.7974 0.5785
vn -0.1366 -0.563 0.8151
vn -0.0703 -0.283 0.9566
vn -0.1802 -0.9211 0.3452
vn -0.1409 -0.6703 0.7286
vn -0.9304 -0.0807 0.3574
vn -0.4069 -0.0894 0.9091
vn -0.4905 -0.0673 0.8688
vn -0.3996 -0.0372 0.916
vn -0.6606 -0.1765 0.7297
vn -0.6557 -0.17 0.7356
vn -0.9153 -0.0695 0.3967
vn -0.8854 -0.0845 0.4571
vn -0.6854 -0.165 0.7092
vn -0.8436 -0.2468 0.4768
vn -0.7865 -0.053 0.6153
vn -0.8799 -0.288 0.3779
vn -0.8223 -0.1985 0.5334
vn -0.789 -0.0628 0.6112
vn -0.6528 -0.0404 0.7564
vn -0.6794 -0.1324 0.7217
vn -0.8405 -0.2578 0.4765
vn -0.8041 -0.0417 0.593
vn -0.7009 -0.1585 0.6955
vn -0.8218 -0.183 0.5396
vn -0.7844 -0.0513 0.6181
vn -0.8987 -0.0466 0.436
vn -0.8277 -0.1819 0.5309
vn -0.8998 -0.2448 0.3611
vn -0.603 -0.0186 0.7975
vn -0.6291 -0.0549 0.7754
vn -0.5238 -0.0316 0.8513
vn -0.7679 -0.2232 0.6005
vn -0.8921 -0.0553 0.4484
vn -0.8187 -0.2225 0.5294
vn -0.8309 -0.0251 0.5559
vn -0.8276 -0.1827 0.5308
vn -0.7112 -0.0406 0.7018
vn -0.8099 -0.0218 0.5862
vn -0.773 -0.1514 0.6161
vn -0.8847 -0.0459 0.464
vn -0.5423 -0.0141 0.84
vn -0.922 -0.2371 0.306
vn -0.2754 -0.1493 0.9496
vn -0.2675 -0.144 0.9527
vn -0.5487 -0.1207 0.8272
vn -0.491 -0.2547 0.8331
vn -0.8262 -0.2065 0.5241
vn -0.494 -0.2567 0.8307
vn -0.8221 -0.2074 0.5302
vn -0.683 -0.3508 0.6406
vn -0.6151 -0.0401 0.7874
vn -0.8461 -0.4363 0.3061
vn -0.921 -0.0298 0.3885
vn -0.722 -0.1316 0.6793
vn -0.7141 -0.3575 0.6019
vn -0.7047 -0.0223 0.7091
vn -0.4139 -0.0113 0.9102
vn -0.4973 -0.0314 0.867
vn -0.8242 -0.4102 0.3905
vn -0.8281 -0.197 0.5249
vn -0.8804 -0.0258 0.4735
vn -0.6958 -0.0078 0.7181
vn -0.8896 -0.1844 0.4178
vn -0.7857 -0.4834 0.3861
vn -0.7403 -0.4603 0.4899
vn -0.7739 -0.4657 0.4291
vn -0.8204 -0.4798 0.311
vn -0.7365 -0.4372 0.5162
vn -0.9148 -0.2011 0.3502
vn -0.521 -0.0912 0.8486
vn -0.6287 -0.1206 0.7683
vn -0.5524 -0.2072 0.8074
vn -0.8709 -0.3325 0.362
vn -0.8502 -0.3049 0.4292
vn -0.7921 -0.1167 0.5991
vn -0.8188 -0.1298 0.5593
vn -0.9334 -0.1411 0.3298
vn -0.7469 -0.2128 0.6299
vn -0.1342 -0.0535 0.9895
vn -0.9151 -0.1791 0.3613
vn -0.2774 -0.1033 0.9552
vn -0.3316 -0.1308 0.9343
vn -0.5475 -0.0841 0.8326
vn -0.7586 -0.1649 0.6304
vn -0.346 -0.1027 0.9326
vn -0.5211 -0.1839 0.8335
vn -0.6881 -0.1161 0.7163
vn -0.5687 -0.2074 0.796
vn -0.6681 -0.2341 0.7063
vn -0.7017 -0.2513 0.6667
vn -0.3193 -0.0994 0.9424
vn -0.753 -0.113 0.6483
vn -0.8566 -0.2959 0.4227
vn -0.8195 -0.1352 0.5569
vn -0.5336 -0.1597 0.8305
vn -0.8033 -0.2755 0.528
vn -0.8724 -0.2965 0.3887
vn -0.2946 -0.0565 0.954
vn -0.5462 -0.0948 0.8323
vn -0.9236 -0.1367 0.3581
vn -0.8594 -0.1262 0.4955
vn -0.519 -0.0879 0.8502
vn -0.5074 -0.0768 0.8583
vn -0.5167 -0.0885 0.8516
vn -0.2867 -0.0503 0.9567
vn -0.7203 -0.1327 0.6809
vn -0.5076 -0.0924 0.8566
vn -0.8301 -0.1532 0.5362
vn -0.7328 -0.0409 0.6792
vn -0.7511 -0.0828 0.655
vn -0.7407 -0.1473 0.6555
vn -0.5304 -0.0521 0.8462
vn -0.8163 -0.123 0.5643
vn -0.8075 -0.0547 0.5873
vn -0.3813 -0.0296 0.924
vn -0.553 -0.0769 0.8296
vn -0.863 -0.0166 0.5049
vn -0.2754 -0.0572 0.9596
vn -0.6876 -0.1154 0.7169
vn -0.9033 -0.1773 0.3907
vn -0.806 -0.1372 0.5759
vn -0.7241 -0.2126 0.6562
vn -0.6756 -0.1694 0.7176
vn -0.5595 -0.1595 0.8133
vn -0.5505 -0.1119 0.8273
vn -0.7017 -0.1523 0.6961
vn -0.538 -0.0655 0.8404
vn -0.8576 -0.1017 0.5042
vn -0.7533 -0.1147 0.6475
vn -0.6683 -0.0938 0.738
vn -0.8443 -0.1015 0.5262
vn -0.2849 -0.0386 0.9578
vn -0.7856 -0.0934 0.6116
vn -0.9284 -0.1228 0.3506
vn -0.9366 -0.1263 0.3268
vn -0.763 -0.1164 0.6358
vn -0.9247 -0.1177 0.362
vn -0.8392 -0.0788 0.5381
vn -0.2653 -0.0417 0.9633
vn -0.4522 -0.0361 0.8912
vn -0.2884 -0.0419 0.9566
vn -0.4589 -0.0607 0.8864
vn -0.5477 -0.0614 0.8344
vn -0.6801 -0.0842 0.7283
vn -0.7622 -0.082 0.6421
vn -0.8649 -0.0889 0.4941
vn -0.8898 -0.0996 0.4453
vn -0.9357 -0.1036 0.3373
vn -0.903 -0.0429 0.4275
vn -0.5472 -0.0655 0.8344
vn -0.2949 -0.0552 0.9539
vn -0.3082 -0.024 0.951
vn -0.7037 -0.0589 0.708
vn -0.3861 -0.0467 0.9213
vn -0.9138 -0.0658 0.4009
vn -0.5605 -0.0344 0.8274
vn -0.5491 -0.056 0.8339
vn -0.7038 -0.0589 0.7079
vn -0.9163 -0.061 0.3957
vn -0.2565 -0.0058 0.9665
vn -0.4118 -0.0217 0.911
vn -0.2384 -0.0397 0.9704
vn -0.5618 -0.0075 0.8273
vn -0.9158 -0.0613 0.397
vn -0.6869 -0.0194 0.7265
vn -0.7833 -0.0099 0.6215
vn -0.5664 -0.0389 0.8232
vn -0.8652 -0.0204 0.501
vn -0.4427 -0.0279 0.8962
vn -0.9457 -0.0022 0.3251
vn -0.6294 -0.0519 0.7754
vn -0.9386 -0.0586 0.34
vn -0.2481 -0.1485 0.9573
vn -0.9159 -0.0571 0.3973
vn -0.4285 -0.0467 0.9024
vn -0.3242 -0.0221 0.9457
vn -0.5889 -0.0307 0.8076
vn -0.9349 -0.0419 0.3524
vn -0.3304 -0.0302 0.9434
vn -0.8312 -0.0492 0.5538
vn -0.785 -0.0524 0.6173
vn -0.2904 -0.1196 0.9494
vn -0.8829 -0.0273 0.4687
vn -0.239 -0.018 0.9709
vn -0.7021 -0.0268 0.7115
vn -0.9033 -0.2595 0.3415
vn -0.4351 -0.0206 0.9002
vn -0.9057 -0.226 0.3586
vn -0.2557 -0.026 0.9664
vn -0.2378 -0.0192 0.9711
vn -0.6583 -0.0067 0.7527
vn -0.8042 -0.0383 0.5931
vn -0.9064 -0.2115 0.3656
vn -0.9149 -0.2097 0.3451
vn -0.8838 -0.0133 0.4676
vn -0.4694 -0.0152 0.8828
vn -0.6891 -0.0327 0.7239
vn -0.9291 -0.196 0.3136
vn -0.882 -0.1564 0.4445
vn -0.9153 -0.1786 0.361
vn -0.6468 -0.4116 0.6421
vn -0.4394 -0.2692 0.857
vn -0.3508 -0.2266 0.9086
vn -0.5921 -0.3564 0.7227
vn -0.5107 -0.3216 0.7974
vn -0.9088 -0.1594 0.3857
vn -0.8895 -0.1465 0.4328
vn -0.4622 -0.2714 0.8442
vn -0.5908 -0.3605 0.7218
vn -0.6569 -0.3737 0.6548
vn -0.9285 -0.1429 0.3428
vn -0.6562 -0.3806 0.6515
vn -0.2675 -0.1561 0.9508
vn -0.4867 -0.2739 0.8295
vn -0.6928 -0.3769 0.6147
vn -0.4905 -0.232 0.84
vn -0.3378 -0.152 0.9289
vn -0.7894 -0.4447 0.4233
vn -0.6792 -0.2635 0.685
vn -0.3517 -0.161 0.9222
vn -0.569 -0.2513 0.783
vn -0.2443 -0.0349 0.9691
vn -0.7346 -0.3189 0.5989
vn -0.6472 -0.2614 0.7161
vn -0.8195 -0.3408 0.4607
vn -0.6467 -0.2627 0.716
vn -0.7473 -0.2868 0.5995
vn -0.7144 -0.3159 0.6244
vn -0.6313 -0.3314 0.7012
vn -0.2192 -0.0251 0.9754
vn -0.7503 -0.2846 0.5968
vn -0.6986 -0.244 0.6726
vn -0.7763 -0.3487 0.5251
vn -0.843 -0.3756 0.385
vn -0.7086 -0.3333 0.6219
vn -0.563 -0.2383 0.7913
vn -0.1686 -0.078 0.9826
vn -0.4857 -0.1245 0.8652
vn -0.4833 -0.2035 0.8515
vn -0.4609 -0.1965 0.8654
vn -0.2926 -0.0776 0.9531
vn -0.4434 -0.0271 0.8959
vn -0.2868 -0.1031 0.9524
vn -0.8225 -0.3304 0.463
vn -0.5472 -0.1739 0.8187
vn -0.5471 -0.1739 0.8188
vn -0.8558 -0.3613 0.3701
vn -0.3468 -0.1068 0.9318
vn -0.2867 -0.1241 0.95
vn -0.3288 -0.2227 0.9178
vn -0.2233 -0.1414 0.9644
vn -0.4865 -0.1997 0.8506
vn -0.5524 -0.1658 0.8169
vn -0.5739 -0.1667 0.8018
vn -0.3491 -0.1048 0.9312
vn -0.5607 -0.2504 0.7893
vn -0.292 -0.1177 0.9492
vn -0.5027 -0.1946 0.8423
vn -0.2507 -0.1537 0.9558
vn -0.5692 -0.1463 0.8091
vn -0.4624 -0.272 0.8439
vn -0.4564 -0.1192 0.8817
vn -0.4018 -0.1173 0.9082
vn -0.3038 -0.0804 0.9493
vn -0.4567 -0.1159 0.882
vn -0.3499 -0.0833 0.9331
vn -0.3039 -0.0802 0.9493
vn -0.3488 -0.0865 0.9332
vn -0.3157 -0.0734 0.946
vn -0.5374 -0.1127 0.8358
vn -0.2654 -0.15 0.9524
vn -0.79 -0.4387 0.4283
vn -0.3152 -0.0751 0.946
vn -0.3939 -0.0768 0.9159
vn -0.5343 -0.113 0.8377
vn -0.3963 -0.0849 0.9142
vn -0.3218 -0.0606 0.9449
vn -0.6102 -0.1048 0.7853
vn -0.2968 -0.0529 0.9535
vn -0.3214 -0.0616 0.9449
vn -0.7303 -0.2497 0.6358
vn -0.2663 -0.1406 0.9536
vn -0.1948 -0.0991 0.9758
vn -0.6872 -0.2165 0.6935
vn -0.5054 -0.2449 0.8274
vn -0.3013 -0.0497 0.9522
vn -0.6696 -0.099 0.7361
vn -0.3491 -0.1633 0.9228
vn -0.8577 -0.3943 0.33
vn -0.8386 -0.2582 0.4797
vn -0.7239 -0.2121 0.6565
vn -0.6853 -0.0726 0.7246
vn -0.3332 -0.1131 0.936
vn -0.7965 -0.2087 0.5675
vn -0.3319 -0.0316 0.9428
vn -0.5569 -0.0624 0.8282
vn -0.6971 -0.0641 0.7141
vn -0.7618 -0.0847 0.6423
vn -0.2837 -0.1214 0.9512
vn -0.8948 -0.0893 0.4375
vn -0.8371 -0.0708 0.5425
vn -0.3639 -0.0463 0.9303
vn -0.0545 -0.0166 0.9984
vn -0.1848 -0.0206 0.9826
vn -0.5908 -0.0746 0.8033
vn -0.5728 -0.0316 0.8191
vn -0.6477 -0.0727 0.7584
vn -0.7979 -0.0842 0.5969
vn -0.9769 -0.0431 0.2093
vn -0.9816 -0.0376 0.1873
vn -0.5668 -0.0548 0.822
vn -0.6281 -0.0796 0.774
vn -0.1682 -0.0527 0.9844
vn -0.3271 -0.0896 0.9407
vn -0.1854 -0.0194 0.9825
vn -0.9252 -0.2125 0.3145
vn -0.7568 -0.0329 0.6528
vn -0.9113 -0.1892 0.3657
vn -0.3185 -0.1491 0.9361
vn -0.1673 -0.0417 0.985
vn -0.4572 -0.2019 0.8661
vn -0.9549 -0.1976 0.2216
vn -0.8254 -0.033 0.5636
vn -0.3258 -0.06 0.9435
vn -0.5304 -0.2144 0.8202
vn -0.7166 -0.1889 0.6715
vn -0.7966 -0.2061 0.5682
vn -0.6763 -0.294 0.6754
vn -0.4411 -0.1878 0.8776
vn -0.531 -0.2167 0.8192
vn -0.7942 -0.3446 0.5006
vn -0.769 -0.3436 0.5391
vn -0.3454 -0.0741 0.9355
vn -0.1649 -0.0305 0.9858
vn -0.5742 -0.1464 0.8056
vn -0.3471 -0.0586 0.936
vn -0.8402 -0.3769 0.39
vn -0.8615 -0.3749 0.3423
vn -0.8907 -0.3911 0.2317
vn -0.5251 -0.213 0.824
vn -0.8913 -0.3927 0.2264
vn -0.7356 -0.1583 0.6586
vn -0.5861 -0.2054 0.7837
vn -0.6181 -0.2386 0.749
vn -0.5983 -0.1222 0.7919
vn -0.7322 -0.2762 0.6226
vn -0.6914 -0.2699 0.6702
vn -0.7895 -0.2958 0.5378
vn -0.7877 -0.2958 0.5403
vn -0.5775 -0.2173 0.7869
vn -0.8626 -0.3216 0.3905
vn -0.8637 -0.3214 0.3881
vn -0.3593 -0.0569 0.9315
vn -0.2433 -0.0451 0.9689
vn -0.0527 -0.0186 0.9984
vn -0.6777 -0.1173 0.7259
vn -0.176 -0.0271 0.984
vn -0.1792 -0.0269 0.9834
vn -0.5193 -0.1504 0.8412
vn -0.9146 -0.3422 0.2154
vn -0.7557 -0.1143 0.6449
vn -0.919 -0.3397 0.2
vn -0.4179 -0.0429 0.9075
vn -0.6923 -0.1124 0.7128
vn -0.6676 -0.1033 0.7373
vn -0.8293 -0.0637 0.5551
vn -0.3389 -0.0367 0.9401
vn -0.3363 -0.037 0.941
vn -0.7974 -0.1074 0.5938
vn -0.7864 -0.1094 0.6079
vn -0.6847 -0.0937 0.7228
vn -0.4741 -0.0426 0.8794
vn -0.5686 0.1621 0.8065
vn -0.4924 -0.0465 0.8691
vn -0.3586 -0.0575 0.9317
vn -0.7757 -0.0997 0.6231
vn -0.6673 -0.0722 0.7413
vn -0.8389 -0.0957 0.5358
vn -0.7585 -0.0882 0.6457
vn -0.6003 -0.0471 0.7984
vn -0.5441 -0.1686 0.8219
vn -0.6166 -0.051 0.7856
vn -0.7346 -0.0602 0.6758
vn -0.7396 -0.0572 0.6706
vn -0.1606 -0.0556 0.9855
vn -0.3421 -0.0994 0.9344
vn -0.7731 -0.065 0.6309
vn -0.6825 -0.2139 0.6988
vn -0.8277 -0.0529 0.5587
vn -0.4933 -0.1534 0.8562
vn -0.3095 -0.0973 0.9459
vn -0.7162 -0.2171 0.6633
vn -0.4929 -0.0321 0.8695
vn -0.8731 -0.066 0.483
vn -0.5738 -0.1661 0.8019
vn -0.3268 -0.0497 0.9438
vn -0.8079 -0.2504 0.5334
vn -0.8046 -0.2506 0.5383
vn -0.9366 -0.0601 0.3453
vn -0.9198 -0.069 0.3863
vn -0.6236 -0.0368 0.7809
vn -0.9202 -0.2986 0.253
vn -0.5989 -0.0243 0.8004
vn -0.3406 -0.0401 0.9393
vn -0.6737 -0.0375 0.738
vn -0.8147 -0.0388 0.5785
vn -0.9774 -0.0669 0.2003
vn -0.7517 -0.013 0.6593
vn -0.9819 -0.0627 0.1785
vn -0.0374 -0.0185 0.9991
vn -0.8722 -0.2691 0.4084
vn -0.8814 -0.2678 0.3891
vn -0.6846 -0.1744 0.7078
vn -0.5504 -0.1502 0.8213
vn -0.5683 -0.1493 0.8092
vn -0.181 -0.0178 0.9833
vn -0.9403 -0.2838 0.188
vn -0.6574 -0.1747 0.733
vn -0.7912 -0.2085 0.5749
vn -0.3408 -0.0082 0.9401
vn -0.6503 -0.1504 0.7446
vn -0.7273 -0.1748 0.6637
vn -0.849 -0.2359 0.4729
vn -0.9353 -0.0381 0.3517
vn -0.3723 -0.0934 0.9234
vn -0.4475 -0.0267 0.8939
vn -0.4403 -0.0234 0.8975
vn -0.4712 -0.0976 0.8766
vn -0.452 -0.1165 0.8844
vn -0.6003 -0.1306 0.7891
vn -0.5128 -0.1206 0.85
vn -0.9025 -0.2322 0.3627
vn -0.9307 -0.2481 0.2688
vn -0.9259 -0.2517 0.2816
vn -0.7777 -0.1853 0.6007
vn -0.8632 -0.2149 0.4568
vn -0.5639 -0.0117 0.8258
vn -0.6181 0.0023 0.7861
vn -0.8444 -0.1899 0.501
vn -0.6685 -0.0322 0.743
vn -0.9028 -0.2175 0.3711
vn -0.6435 -0.1453 0.7515
vn -0.7567 -0.0221 0.6533
vn -0.8055 -0.0073 0.5926
vn -0.8453 -0.0202 0.534
vn -0.856 -0.1837 0.4832
vn -0.9124 -0.1904 0.3624
vn -0.8919 -0.0101 0.4522
vn -0.946 -0.1376 0.2936
vn -0.9004 -0.15 0.4083
vn -0.9331 -0.0173 0.3592
vn -0.8703 -0.0058 0.4925
vn -0.9857 -0.0091 0.168
vn -0.9808 -0.0055 0.1949
vn -0.8226 -0.1309 0.5533
vn -0.8274 -0.1358 0.5449
vn -0.4372 -0.073 0.8964
vn -0.8608 -0.1303 0.4919
vn -0.9391 -0.1843 0.2901
vn -0.8743 -0.1207 0.4701
vn -0.8747 -0.1062 0.473
vn -0.4721 -0.0789 0.878
vn -0.8814 -0.1023 0.4611
vn -0.3636 -0.0658 0.9292
vn -0.1606 -0.0348 0.9864
vn -0.8832 -0.0861 0.4611
vn -0.9093 -0.0997 0.4039
vn -0.2326 -0.0421 0.9717
vn -0.9737 -0.0968 0.2062
vn -0.4743 -0.0703 0.8775
vn -0.4924 -0.079 0.8668
vn -0.8399 -0.0869 0.5357
vn -0.8303 -0.0788 0.5517
vn -0.5348 -0.086 0.8406
vn -0.476 -0.0659 0.877
vn -0.6021 -0.0786 0.7945
vn -0.6927 -0.091 0.7155
vn -0.4822 -0.0567 0.8742
vn -0.9568 -0.2338 0.1729
vn -0.4573 -0.0422 0.8883
vn -0.4542 -0.0581 0.889
vn -0.4753 -0.0148 0.8797
vn -0.4482 -0.0234 0.8936
vn -0.9505 -0.2012 0.237
vn -0.5663 -0.064 0.8217
vn -0.4591 -0.1381 0.8776
vn -0.1638 -0.0476 0.9853
vn -0.4314 -0.1137 0.895
vn -0.4497 -0.0549 0.8915
vn -0.1727 -0.0408 0.9841
vn -0.2263 -0.0492 0.9728
vn -0.4319 -0.1127 0.8949
vn -0.3121 -0.0706 0.9474
vn -0.3171 -0.0841 0.9447
vn -0.3758 -0.0755 0.9236
vn -0.4466 -0.1111 0.8878
vn -0.8462 -0.0502 0.5305
vn -0.7652 -0.0366 0.6427
vn -0.8915 -0.0386 0.4514
vn -0.5654 -0.1389 0.813
vn -0.459 -0.0955 0.8833
vn -0.9406 -0.0344 0.3377
vn -0.8856 -0.0337 0.4631
vn -0.8887 -0.0347 0.4572
vn -0.3325 -0.0772 0.9399
vn -0.9345 -0.0161 0.3556
vn -0.521 -0.0995 0.8478
vn -0.2319 -0.0496 0.9715
vn -0.5761 -0.1159 0.8091
vn -0.8463 -0.1104 0.5211
vn -0.1461 -0.0321 0.9887
vn -0.9566 -0.1485 0.2508
vn -0.6434 -0.1234 0.7555
vn -0.6635 -0.1225 0.7381
vn -0.9154 -0.1286 0.3815
vn -0.9435 -0.1123 0.3116
vn -0.7559 -0.1917 0.626
vn -0.9509 -0.1225 0.2843
vn -0.7552 -0.1382 0.6407
vn -0.9821 -0.1139 0.1503
vn -0.9528 -0.1129 0.2818
vn -0.948 -0.1063 0.3001
vn -0.7458 -0.1347 0.6524
vn -0.7515 -0.1516 0.6421
vn -0.9563 -0.0884 0.2787
vn -0.9226 -0.0751 0.3785
vn -0.8523 -0.1814 0.4907
vn -0.8366 -0.1815 0.5169
vn -0.3419 -0.018 0.9396
vn -0.9702 -0.099 0.2212
vn -0.8483 -0.1599 0.5048
vn -0.8589 -0.1572 0.4874
vn -0.1759 -0.0224 0.9842
vn -0.3154 -0.0249 0.9486
vn -0.9134 -0.1621 0.3734
vn -0.8458 -0.1894 0.4987
vn -0.4732 -0.0872 0.8766
vn -0.5675 -0.1011 0.8171
vn -0.5807 -0.099 0.8081
vn -0.9401 -0.1741 0.293
vn -0.325 -0.0278 0.9453
vn -0.4874 -0.0845 0.8691
vn -0.571 -0.0901 0.816
vn -0.6682 -0.033 0.7432
vn -0.9626 -0.168 0.2126
vn -0.2274 -0.0539 0.9723
vn -0.5917 -0.0971 0.8003
vn -0.3722 -0.0534 0.9266
vn -0.3245 -0.0492 0.9446
vn -0.1926 -0.0298 0.9808
vn -0.1701 -0.0528 0.984
vn -0.358 -0.0571 0.932
vn -0.695 -0.0988 0.7122
vn -0.5898 -0.0899 0.8026
vn -0.602 -0.0878 0.7937
vn -0.178 -0.032 0.9835
vn -0.1648 -0.0413 0.9855
vn -0.2415 -0.0664 0.9681
vn -0.8266 0.5624 0.0231
vn -0.827 -0.5616 0.0245
vn -0.8155 0.5787 -0.0021
vn -0.0636 -0.9975 -0.0296
vn -0.8855 -0.4639 -0.0248
vn -0.7009 0.7128 -0.0241
vn -0.1544 -0.9877 0.023
vn -0.9086 -0.4177 0.0073
vn -0.2722 -0.962 -0.0241
vn -0.6511 0.7572 0.0515
vn -0.3107 -0.9505 0.0107
vn -0.9677 -0.2521 -0.0058
vn -0.9755 -0.2193 0.017
vn -0.9952 -0.0964 -0.0188
vn -0.5092 0.8592 -0.0496
vn -0.4943 -0.8693 -0.0002
vn -0.4812 -0.8764 0.02
vn -0.4271 0.9026 0.0528
vn -0.9994 0.024 0.0234
vn -0.9974 0.0717 -0.0099
vn -0.6105 -0.7917 -0.0232
vn -0.2736 0.9604 -0.0522
vn -0.1952 0.9802 0.0336
vn -0.9749 0.2222 0.0095
vn -0.9748 0.2228 0.0091
vn -0.0307 0.9995 -0.0124
vn -0.0285 0.9995 -0.0155
vn -0.6957 -0.7176 0.031
vn -0.7414 -0.6708 -0.0176
vn -0.9269 0.3752 -0.0012
vn -0.9213 0.3885 -0.0168
vn -0.9562 -0.2925 -0.0092
vn -0.9502 -0.3114 0.0091
vn -0.3057 0.9515 0.0346
vn -0.1759 0.9841 -0.0241
vn -0.9992 -0.0408 -0.0013
vn -0.9986 -0.0527 0.0086
vn -0.1746 -0.9846 0.0081
vn -0.1968 -0.9804 -0.01
vn -0.0124 0.9999 -0.006
vn -0.0527 0.9984 0.0194
vn -0.9867 0.1624 -0.004
vn -0.9832 0.1821 0.0121
vn -0.4229 -0.9061 0.0106
vn -0.4434 -0.8963 -0.0099
vn -0.9154 0.4024 -0.0146
vn -0.9027 0.4301 0.0147
vn -0.6508 -0.7592 0.0098
vn -0.6668 -0.7452 -0.0094
vn -0.7718 0.6357 -0.011
vn -0.7497 0.6615 0.0182
vn -0.6136 0.7893 -0.0229
vn -0.8311 -0.556 0.0093
vn -0.8422 -0.539 -0.0092
vn -0.5466 0.8368 0.0327
vn -0.4014 0.9153 -0.0324
vn -0.3519 0.936 -0.0036
vn -0.2141 0.9768 0.0068
vn -0.0143 0.9999 -0.0054
vn -0.4324 -0.9017 -0.0044
vn -0.3414 -0.9399 0.0057
vn -0.8045 -0.594 0.0005
vn -0.7819 -0.6233 0.0045
vn -0.9628 -0.2702 -0.0041
vn -0.9885 -0.1511 0.0061
vn -0.9774 0.2112 -0.0048
vn -0.9559 0.2938 0.0034
vn -0.7422 0.6702 -0.0038
vn -0.6883 0.7255 0.0045
vn -0.3396 -0.8556 0.3907
vn -0.6784 -0.3679 0.636
vn -0.7468 -0.5069 0.4305
vn -0.5114 -0.833 0.2112
vn -0.5116 -0.608 0.6071
vn -0.4882 -0.6035 0.6304
vn -0.3544 -0.82 0.4494
vn -0.2429 -0.4925 0.8357
vn -0.2946 -0.2912 0.9102
vn -0.3333 -0.9276 0.1689
vn -0.3488 -0.1863 0.9185
vn -0.7547 -0.5937 0.2794
vn -0.2555 -0.2351 0.9378
vn -0.4995 -0.8372 0.2227
vn -0.6505 -0.4506 0.6114
vn -0.4303 -0.4884 0.7592
vn -0.6319 -0.4502 0.6309
vn -0.3911 -0.1926 0.9
vn -0.2761 -0.9227 0.2691
vn -0.1774 -0.0887 0.9801
vn -0.5513 -0.7953 0.2519
vn -0.7568 -0.6455 0.1025
vn -0.2282 -0.4268 0.8751
vn -0.1923 -0.191 0.9626
vn -0.2904 -0.7248 0.6247
vn -0.4957 -0.7688 0.404
vn -0.5216 -0.3689 0.7694
vn -0.2123 -0.958 0.1925
vn -0.5433 -0.3757 0.7508
vn -0.6677 -0.54 0.5124
vn -0.3433 -0.4447 0.8273
vn -0.1625 -0.2867 0.9441
vn -0.6866 -0.6298 0.3632
vn -0.1326 -0.1211 0.9837
vn -0.7268 -0.6652 0.1709
vn -0.4994 -0.7343 0.4598
vn -0.2639 -0.853 0.4503
vn -0.2863 -0.8657 0.4106
vn -0.4891 -0.8609 0.1404
vn -0.1027 -0.2002 0.9744
vn -0.4518 -0.3056 0.8381
vn -0.3023 -0.3498 0.8867
vn -0.4445 -0.8368 0.3195
vn -0.6407 -0.7555 0.1368
vn -0.4504 -0.6546 0.6072
vn -0.4206 -0.65 0.6329
vn -0.3517 -0.2486 0.9025
vn -0.3319 -0.2439 0.9112
vn -0.2385 -0.7605 0.604
vn -0.2127 -0.2742 0.9379
vn -0.2562 -0.7748 0.578
vn -0.2428 -0.9427 0.2286
vn -0.2373 -0.5673 0.7886
vn -0.6868 -0.6275 0.3667
vn -0.4165 -0.9091 -0.0007
vn -0.4501 -0.8069 0.3825
vn -0.177 -0.2146 0.9605
vn -0.3453 -0.5514 0.7594
vn -0.6408 -0.6248 0.4461
vn -0.406 -0.7896 0.4601
vn -0.1527 -0.3569 0.9216
vn -0.2154 -0.6425 0.7354
vn -0.3936 -0.8871 0.2411
vn -0.215 -0.642 0.7359
vn -0.1744 -0.1263 0.9765
vn -0.2082 -0.1273 0.9698
vn -0.1917 -0.868 0.458
vn -0.0853 -0.12 0.9891
vn -0.6492 -0.7428 0.1639
vn -0.1683 -0.494 0.853
vn -0.834 -0.4943 0.2452
vn -0.8427 -0.4889 0.2252
vn -0.5689 -0.5287 0.63
vn -0.7531 -0.4426 0.4867
vn -0.7083 -0.3561 0.6095
vn -0.3391 -0.5053 0.7935
vn -0.8008 -0.493 0.3403
vn -0.0896 -0.1624 0.9827
vn -0.3493 -0.6906 0.6332
vn -0.3895 -0.7174 0.5776
vn -0.1577 -0.5389 0.8275
vn -0.7407 -0.4454 0.5029
vn -0.6028 -0.7656 0.2245
vn -0.7585 -0.5853 0.2867
vn -0.8177 -0.5671 0.0989
vn -0.1074 -0.3104 0.9445
vn -0.1182 -0.3302 0.9365
vn -0.6089 -0.2872 0.7394
vn -0.5679 -0.2868 0.7716
vn -0.5851 -0.7013 0.4074
vn -0.5932 -0.701 0.3958
vn -0.1558 -0.5344 0.8307
vn -0.4724 -0.463 0.75
vn -0.0503 -0.1338 0.9897
vn -0.2146 -0.3514 0.9113
vn -0.3926 -0.8882 0.2387
vn -0.3233 -0.5957 0.7353
vn -0.7555 -0.649 0.0902
vn -0.4317 -0.2409 0.8693
vn -0.5432 -0.8223 0.1696
vn -0.4124 -0.3799 0.8281
vn -0.3978 -0.3739 0.8378
vn -0.7543 -0.6496 0.0958
vn -0.3507 -0.8159 0.4598
vn -0.3012 -0.9536 0.0028
vn -0.3802 -0.9249 0.0066
vn -0.3264 -0.9451 0.0191
vn -0.6139 -0.7879 0.0483
vn -0.3535 -0.8227 0.4451
vn -0.6074 -0.7934 0.0394
vn -0.5614 -0.8265 0.0407
vn -0.4324 -0.8002 0.4155
vn -0.4305 -0.8242 0.3678
vn -0.3012 -0.9535 0.0051
vn -0.4193 -0.8212 0.3872
vn -0.407 -0.8692 0.2808
vn -0.4553 -0.8459 0.2777
vn -0.4558 -0.8608 0.2265
vn -0.4461 -0.8622 0.2399
vn -0.4303 -0.8817 0.1934
vn -0.5809 -0.8132 0.0356
vn -0.527 -0.8494 0.0263
vn -0.7237 -0.6867 0.0683
vn -0.4153 -0.9074 0.064
vn -0.4886 -0.8514 0.1906
vn -0.5185 -0.8549 0.0173
vn -0.5615 -0.8265 0.0404
vn -0.4746 -0.8639 0.1687
vn -0.4544 -0.8904 0.025
vn -0.5238 -0.8513 0.0299
vn -0.5467 -0.805 0.2305
vn -0.5947 -0.7702 0.2305
vn -0.789 -0.605 0.1066
vn -0.8062 -0.5905 0.0351
vn -0.5554 -0.8131 0.1744
vn -0.5847 -0.7863 0.1994
vn -0.6027 -0.7715 0.2036
vn -0.3771 -0.9262 0.0006
vn -0.2745 -0.9615 0.0106
vn -0.5061 -0.8535 0.1241
vn -0.2545 -0.9664 0.0355
vn -0.4504 -0.8921 0.0364
vn -0.7408 -0.668 0.0707
vn -0.6516 -0.737 0.1797
vn -0.4352 -0.8973 0.0745
vn -0.4665 -0.8814 0.0737
vn -0.6047 -0.7952 0.0436
vn -0.3774 -0.9259 0.0163
vn -0.3055 -0.9521 0.0091
vn -0.7292 -0.6815 0.0613
vn -0.7408 -0.666 0.0879
vn -0.4541 -0.8899 0.0439
vn -0.7256 -0.6669 0.1696
vn -0.4667 -0.8826 0.0566
vn -0.8107 -0.581 0.0721
vn -0.4572 -0.8892 0.0168
vn -0.8593 -0.5026 0.0951
vn -0.2131 -0.961 0.1762
vn -0.2098 -0.9627 0.1707
vn -0.4444 -0.8955 0.023
vn -0.8078 -0.5841 0.0787
vn -0.4666 -0.8814 0.0734
vn -0.4425 -0.8951 0.055
vn -0.3757 -0.9266 0.018
vn -0.8536 -0.5128 0.0915
vn -0.6731 -0.7377 0.0532
vn -0.3566 -0.9339 0.0263
vn -0.5831 -0.8117 0.0347
vn -0.3589 -0.933 0.0258
vn -0.7295 -0.6813 0.0603
vn -0.642 -0.7622 0.0835
vn -0.8059 -0.5874 0.0739
vn -0.7617 -0.6445 0.0674
vn -0.7035 -0.7027 0.1061
vn -0.655 -0.7503 0.0897
vn -0.633 -0.7688 0.0905
vn -0.7801 -0.6099 0.1393
vn -0.7136 -0.6933 0.1008
vn -0.7422 -0.668 0.0545
vn -0.4 -0.9161 0.0282
vn -0.653 -0.7527 0.0837
vn -0.5567 -0.829 0.053
vn -0.3106 -0.9505 0.008
vn -0.3189 -0.9478 0.0045
vn -0.7138 -0.693 0.1014
vn -0.6005 -0.7994 0.018
vn -0.8755 -0.4743 0.0921
vn -0.6671 -0.7409 0.0779
vn -0.6151 -0.7858 0.0644
vn -0.5037 -0.8622 0.0536
vn -0.5171 -0.8557 0.0218
vn -0.5279 -0.8491 0.0196
vn -0.6761 -0.7346 0.0564
vn -0.602 -0.7978 0.0325
vn -0.7872 -0.6049 0.1203
vn -0.6666 -0.7413 0.0781
vn -0.2516 -0.9678 -0.0053
vn -0.2591 -0.9658 0.0049
vn -0.7803 -0.6202 0.0806
vn -0.5658 -0.8232 0.0465
vn -0.2853 -0.9584 -0.0016
vn -0.6661 -0.7423 0.0729
vn -0.4627 -0.8858 0.0353
vn -0.2645 -0.9643 0.0128
vn -0.725 -0.6831 0.0884
vn -0.4598 -0.8876 0.0266
vn -0.6838 -0.7264 0.0695
vn -0.7845 -0.61 0.1116
vn -0.734 -0.6735 0.0876
vn -0.1716 -0.9845 0.0362
vn -0.373 -0.9278 0.01
vn -0.2032 -0.9698 0.1346
vn -0.2081 -0.967 0.1469
vn -0.58 -0.8134 0.0436
vn -0.6432 -0.7635 0.0579
vn -0.6292 -0.7748 0.0615
vn -0.6839 -0.7263 0.0698
vn -0.2367 -0.9716 0.0056
vn -0.5815 -0.812 0.0506
vn -0.2647 -0.9642 0.0136
vn -0.2399 -0.9708 0.0043
vn -0.3606 -0.9325 0.0223
vn -0.3109 -0.9502 0.0202
vn -0.4607 -0.8872 0.0259
vn -0.5291 -0.8479 0.0318
vn -0.2294 -0.9733 0.0029
vn -0.2407 -0.9706 0.005
vn -0.7129 -0.6982 0.0657
vn -0.5251 -0.8502 0.0366
vn -0.6171 -0.7845 0.0613
vn -0.8227 -0.566 0.0528
vn -0.819 -0.5647 0.1018
vn -0.3397 -0.9405 -0.0049
vn -0.4417 -0.8968 0.0263
vn -0.7786 -0.619 0.1029
vn -0.8568 -0.5121 0.0606
vn -0.5217 -0.8526 0.0302
vn -0.8719 -0.48 0.0974
vn -0.2776 -0.9413 0.1918
vn -0.1776 -0.9839 0.0222
vn -0.2122 -0.9591 0.1873
vn -0.7621 -0.6438 0.0683
vn -0.3021 -0.9108 0.2813
vn -0.8451 -0.5212 0.1186
vn -0.8086 -0.5809 0.0929
vn -0.6969 -0.7141 0.0662
vn -0.519 -0.8542 0.0318
vn -0.2592 -0.9616 0.0899
vn -0.2585 -0.9051 0.3375
vn -0.2574 -0.9037 0.3422
vn -0.2493 -0.9245 0.2883
vn -0.5785 -0.815 0.0347
vn -0.3116 -0.9343 0.1733
vn -0.5564 -0.8212 0.1267
vn -0.6491 -0.74 0.1762
vn -0.6506 -0.7576 0.0526
vn -0.5512 -0.8271 0.1096
vn -0.3077 -0.9375 0.1624
vn -0.3792 -0.925 0.0225
vn -0.6607 -0.7338 0.1584
vn -0.6872 -0.7094 0.1568
vn -0.3042 -0.9526 0.0081
vn -0.611 -0.7828 0.1179
vn -0.5734 -0.8125 0.1052
vn -0.7189 -0.6923 0.0615
vn -0.5205 -0.8507 0.0732
vn -0.5648 -0.8198 0.0944
vn -0.6508 -0.7502 0.1169
vn -0.511 -0.8592 0.0256
vn -0.5198 -0.8512 0.0721
vn -0.7723 -0.6305 0.0771
vn -0.7609 -0.6442 0.0777
vn -0.6604 -0.7493 0.049
vn -0.2916 -0.9528 0.0849
vn -0.5974 -0.7968 0.0902
vn -0.6507 -0.7503 0.1171
vn -0.4145 -0.91 -0.0049
vn -0.8069 -0.5829 0.0954
vn -0.7419 -0.6515 0.1585
vn -0.2596 -0.9657 0.0052
vn -0.2577 -0.966 -0.019
vn -0.6649 -0.7378 0.1163
vn -0.7073 -0.6954 0.1272
vn -0.8136 -0.574 0.0926
vn -0.6071 -0.7938 0.037
vn -0.5529 -0.8306 0.0668
vn -0.6109 -0.791 0.0342
vn -0.5942 -0.7998 0.0845
vn -0.326 -0.945 0.0273
vn -0.3476 -0.9303 0.1173
vn -0.3271 -0.9446 -0.028
vn -0.477 -0.8778 0.0438
vn -0.2491 -0.9674 0.0463
vn -0.7296 -0.6821 0.05
vn -0.6599 -0.7494 0.0542
vn -0.5505 -0.8324 0.0641
vn -0.4364 -0.8997 0.0124
vn -0.5653 -0.7653 0.3077
vn -0.4661 -0.884 0.0365
vn -0.4498 -0.8909 0.0632
vn -0.7156 -0.6881 0.1198
vn -0.58 -0.8126 0.0577
vn -0.6709 -0.7399 0.0502
vn -0.815 -0.5734 0.0842
vn -0.5234 -0.8515 0.0314
vn -0.5214 -0.8528 0.0296
vn -0.2424 -0.9702 0.006
vn -0.5724 -0.8167 0.0737
vn -0.585 -0.757 0.2911
vn -0.4006 -0.9089 0.1154
vn -0.6191 -0.7821 0.0708
vn -0.4936 -0.8686 0.0427
vn -0.2533 -0.9673 0.0134
vn -0.7777 -0.6141 0.1344
vn -0.4307 -0.902 0.0285
vn -0.3077 -0.9499 0.0546
vn -0.3827 -0.9192 0.0928
vn -0.4839 -0.8744 0.0362
vn -0.63 -0.7755 0.0421
vn -0.3046 -0.9525 0.0031
vn -0.6742 -0.7373 0.0424
vn -0.5497 -0.8335 0.0557
vn -0.5214 -0.8528 0.0291
vn -0.2896 -0.9563 0.0395
vn -0.6032 -0.7955 0.0583
vn -0.3083 -0.9513 -0.0004
vn -0.7249 -0.6821 0.0962
vn -0.6772 -0.7341 0.0495
vn -0.4146 -0.9096 0.0268
vn -0.7843 -0.6093 0.1167
vn -0.3774 -0.9258 0.0216
vn -0.4839 -0.8748 0.0227
vn -0.5675 -0.8201 0.0739
vn -0.8592 -0.5007 0.1052
vn -0.4609 -0.8814 0.1036
vn -0.2989 -0.9535 0.0385
vn -0.4009 -0.914 0.0623
vn -0.6307 -0.7748 0.0443
vn -0.6835 -0.7013 0.2022
vn -0.3879 -0.9217 0.0084
vn -0.4435 -0.8958 0.0298
vn -0.3067 -0.9518 0.0104
vn -0.6265 -0.7781 0.0451
vn -0.3124 -0.9498 0.0191
vn -0.8528 -0.5139 0.0926
vn -0.8748 -0.4751 0.0948
vn -0.8756 -0.4737 0.0946
vn -0.2392 -0.9709 0.0102
vn -0.774 -0.6249 0.1022
vn -0.8203 -0.56 0.1162
vn -0.5245 -0.8505 0.0385
vn -0.4987 -0.8667 0.0079
vn -0.3185 -0.9475 0.0295
vn -0.3216 -0.9463 0.0316
vn -0.8015 -0.5925 0.0811
vn -0.5274 -0.8492 0.0287
vn -0.7382 -0.6713 0.0663
vn -0.6695 -0.7415 0.0432
vn -0.6783 -0.7331 0.0502
vn -0.5866 -0.8088 0.0414
vn -0.7325 -0.6783 0.0588
vn -0.7931 -0.6059 0.0631
vn -0.3594 -0.9329 0.0224
vn -0.8479 -0.5241 0.0799
vn -0.4806 -0.874 0.0716
vn -0.8202 -0.5599 0.1172
vn -0.627 -0.7786 0.0263
vn -0.8507 -0.5154 0.1036
vn -0.8474 -0.5248 0.0804
vn -0.4368 -0.8995 0.012
vn -0.4589 -0.8882 0.0226
vn -0.792 -0.607 0.0649
vn -0.8834 -0.46 0.0901
vn -0.5995 -0.7988 0.05
vn -0.8474 -0.5249 0.0802
vn -0.7925 -0.604 0.0837
vn -0.7525 -0.6529 0.0865
vn -0.6748 -0.7359 0.0547
vn -0.7105 -0.702 0.0476
vn -0.7208 -0.6907 0.058
vn -0.7309 -0.6795 0.0641
vn -0.7748 -0.6289 0.0642
vn -0.8795 -0.4696 0.0772
vn -0.8076 -0.5827 0.091
vn -0.8447 -0.5274 0.0911
vn -0.212 -0.959 0.1883
vn -0.2493 -0.9684 -0.0012
vn -0.2627 -0.9648 0.0115
vn -0.3101 -0.9507 0.0094
vn -0.3588 -0.9332 0.0223
vn -0.8602 -0.4973 0.113
vn -0.2256 -0.9456 0.2346
vn -0.4535 -0.891 0.0211
vn -0.37 -0.9288 0.0207
vn -0.4183 -0.908 0.0241
vn -0.2275 -0.9737 0.0086
vn -0.2272 -0.9473 0.2256
vn -0.2142 -0.9571 0.1952
vn -0.2588 -0.8953 0.3627
vn -0.6683 -0.7395 0.0808
vn -0.3211 -0.9467 0.0235
vn -0.258 -0.8963 0.3605
vn -0.255 -0.908 0.3324
vn -0.33 -0.9438 0.0171
vn -0.7226 -0.6853 0.0908
vn -0.3725 -0.928 0.0108
vn -0.8601 -0.4978 0.1119
vn -0.524 -0.8511 0.0328
vn -0.6277 -0.7766 0.0528
vn -0.3722 -0.9281 0.0089
vn -0.2949 -0.8321 0.4696
vn -0.7799 -0.6195 0.0895
vn -0.734 -0.6738 0.0849
vn -0.7816 -0.6168 0.0927
vn -0.2167 -0.9691 0.1182
vn -0.2575 -0.9186 0.2998
vn -0.708 -0.7015 0.0813
vn -0.5785 -0.815 0.0351
vn -0.5814 -0.813 0.0309
vn -0.8653 -0.49 0.1056
vn -0.2965 -0.8356 0.4624
vn -0.6498 -0.7585 0.0496
vn -0.3221 -0.8942 0.3108
vn -0.0119 -0.0648 0.9978
vn -0.0029 -0.0265 0.9996
vn -0.5607 0.0175 0.8278
vn -0.5206 0.0877 0.8493
vn -0.8975 0.0814 0.4334
vn -0.8738 0.1423 0.465
vn -0.998 0.0636 -0.0065
vn -0.989 0.148 0.0023
vn -0.8654 0.2149 -0.4526
vn -0.8341 -0.0181 -0.5513
vn -0.4395 0.0205 -0.898
vn -0.468 0.1214 -0.8754
vn -0.0099 -0.0642 -0.9979
vn -0.0043 -0.0404 -0.9992
vn 0.4405 -0.013 -0.8976
vn 0.5134 -0.2504 -0.8208
vn 0.8308 -0.0382 -0.5552
vn 0.8597 -0.2751 -0.4304
vn 0.9913 -0.1313 -0.0057
vn 0.9798 -0.1999 0.0014
vn 0.8785 -0.1929 0.4371
vn 0.8758 -0.1405 0.4617
vn 0.5341 -0.1604 0.8301
vn 0.5223 -0.0979 0.8471
vn -0.0107 -0.0557 0.9984
vn 0.0093 0.0282 0.9996
vn -0.4898 0.0006 0.8718
vn -0.4483 0.07 0.8911
vn -0.8882 0.0778 0.4528
vn -0.8615 0.1498 0.4851
vn -0.9927 0.1208 -0.0013
vn -0.989 0.1482 0.0015
vn -0.9017 0.0943 -0.422
vn -0.8585 0.1921 -0.4755
vn -0.6752 -0.0189 -0.7374
vn -0.4026 0.0146 -0.9152
vn -0.4577 0.1448 -0.8772
vn -0.004 -0.0278 -0.9996
vn -0.0068 -0.0395 -0.9992
vn 0.4617 -0.1543 -0.8735
vn 0.4483 -0.0907 -0.8893
vn 0.8673 -0.2067 -0.4527
vn 0.8648 -0.13 -0.4851
vn 0.9852 -0.1713 0.001
vn 0.983 -0.1836 0.0023
vn 0.8457 -0.2263 0.4832
vn 0.8446 -0.1639 0.5098
vn 0.5377 -0.0457 0.8419
vn 0.4208 -0.2114 0.8822
vn -0.0116 -0.0789 0.9968
vn -0.0095 -0.0542 0.9985
vn -0.3294 0.0879 0.9401
vn -0.4965 -0.1029 0.8619
vn -0.6853 0.1993 0.7004
vn -0.889 0.0753 0.4516
vn -0.9081 0.0078 0.4186
vn -0.9945 0.1051 -0.0023
vn -0.9887 0.1496 0.0024
vn -0.8919 0.1661 -0.4206
vn -0.8902 0.1371 -0.4344
vn -0.7168 -0.0056 -0.6973
vn -0.5235 0.2091 -0.826
vn -0.3544 -0.0987 -0.9298
vn -0.0067 -0.0275 -0.9996
vn 0.0059 0.0258 -0.9997
vn 0.4616 -0.1542 -0.8736
vn 0.8674 -0.2067 -0.4527
vn 0.9852 -0.1716 -0.0015
vn 0.9799 -0.1997 0.0014
vn 0.8688 -0.1914 0.4566
vn 0.865 -0.2817 0.4153
vn 0.7132 -0.0273 0.7004
vn 0.4429 -0.2515 0.8606
vn 0.3381 -0.0141 0.941
vn -0.2258 -0.9317 0.2844
vn -0.2051 -0.9472 0.2465
vn -0.2195 -0.9376 0.2697
vn -0.1947 -0.9715 0.1349
vn -0.2123 -0.9527 0.2176
vn 0.0126 -0.0634 -0.9979
vn -0 -0.0103 -0.9999
vn -0.4869 -0.0234 -0.8731
vn -0.5022 -0.0886 -0.8602
vn -0.8195 -0.2093 -0.5335
vn -0.8893 -0.045 -0.455
vn -0.9832 -0.1827 -0.0022
vn -0.9818 -0.1901 -0.0014
vn -0.8842 -0.1114 0.4536
vn -0.8747 -0.1368 0.465
vn -0.4869 -0.0234 0.8731
vn -0.512 -0.1364 0.8481
vn -0.0064 0.0307 0.9995
vn 0.0032 -0.0102 0.9999
vn 0.4647 -0.0239 0.8851
vn 0.5145 0.1602 0.8424
vn 0.8458 0.1452 0.5134
vn 0.874 0.0718 0.4807
vn 0.9881 0.1536 -0.0006
vn 0.9792 0.2028 0.0045
vn 0.8496 0.2179 -0.4804
vn 0.89 0.128 -0.4377
vn 0.5657 -0.0283 -0.8241
vn 0.428 0.179 -0.8859
vn 0.002 -0.006 -1
vn -0.0047 0.0223 -0.9997
vn -0.4899 -0.0003 -0.8718
vn -0.4239 -0.098 -0.9004
vn -0.7965 -0.2503 -0.5504
vn -0.8894 -0.0449 -0.455
vn -0.9695 -0.2452 0.002
vn -0.9819 -0.1893 -0.0039
vn -0.9481 -0.0447 0.3147
vn -0.7488 -0.0484 0.6611
vn -0.7942 -0.2501 0.5537
vn -0.3684 -0.0164 0.9295
vn -0.4152 -0.145 0.8981
vn 0.0148 -0.0623 0.9979
vn 0.0021 -0.0088 1
vn 0.3769 0.1481 0.9143
vn 0.6597 0.1745 0.731
vn 0.5442 -0.0074 0.8389
vn 0.8621 0.0202 0.5063
vn 0.8975 0.2479 0.3646
vn 0.9917 0.1284 -0.0031
vn 0.9932 0.1165 -0.0043
vn 0.8318 0.1728 -0.5275
vn 0.8249 0.0945 -0.5573
vn 0.4497 0.109 -0.8865
vn 0.4345 0.0543 -0.899
vn 0.9788 0.2039 -0.0214
vn 0.9905 0.1092 -0.0836
vn 0.9642 0.1921 -0.183
vn 0.934 0.1739 -0.3122
vn 0.9563 0.1104 -0.2706
vn 0.8769 0.1386 -0.4603
vn 0.8762 0.1267 -0.4649
vn 0.7891 0.14 -0.5981
vn 0.7769 0.0857 -0.6237
vn 0.69 0.165 -0.7048
vn 0.6354 0.0371 -0.7713
vn 0.5473 0.1336 -0.8262
vn 0.4288 0.0921 -0.8987
vn 0.4771 0.0328 -0.8782
vn 0.2771 0.04 -0.96
vn 0.2791 0.0502 -0.9589
vn 0.1093 -0.0066 -0.994
vn 0.0672 0.0495 -0.9965
vn -0.0672 -0.0495 -0.9965
vn -0.1093 0.0066 -0.994
vn -0.2791 -0.0502 -0.9589
vn -0.2712 -0.0119 -0.9624
vn -0.3912 -0.1075 -0.914
vn -0.4905 -0.0097 -0.8714
vn -0.5407 -0.1611 -0.8257
vn -0.6743 -0.0343 -0.7377
vn -0.7185 -0.1805 -0.6717
vn -0.7841 -0.0964 -0.6131
vn -0.8609 -0.122 -0.494
vn -0.8414 -0.165 -0.5146
vn -0.9303 -0.1697 -0.3253
vn -0.9336 -0.1595 -0.3208
vn -0.9755 -0.136 -0.1732
vn -0.9735 -0.1655 -0.1579
vn -0.9817 -0.1896 -0.0162
vn -0.2003 0.9586 0.2024
vn -0.1886 0.9751 0.1166
vn -0.6284 0.7589 0.1708
vn -0.327 0.9433 0.057
vn -0.6583 0.7371 0.1529
vn -0.8766 0.4733 0.0871
vn -0.4 0.9164 0.0141
vn -0.6556 0.7531 0.0545
vn -0.2608 0.9649 0.0296
vn -0.1839 0.9829 0.0062
vn -0.6566 0.7392 0.1498
vn -0.261 0.9653 0.0092
vn -0.3298 0.9441 0.0052
vn -0.35 0.9353 0.0525
vn -0.592 0.8054 0.0316
vn -0.8808 0.4657 0.0858
vn -0.6839 0.7165 0.1375
vn -0.8757 0.4742 0.091
vn -0.6697 0.7299 0.1366
vn -0.2883 0.9573 0.0232
vn -0.6698 0.7406 0.0532
vn -0.6896 0.7133 0.1251
vn -0.6177 0.7797 0.1022
vn -0.2777 0.9603 0.0264
vn -0.3828 0.9231 0.0364
vn -0.5153 0.8538 0.0736
vn -0.3318 0.9433 0.0095
vn -0.307 0.9516 0.0134
vn -0.7221 0.6819 0.1163
vn -0.489 0.8706 0.055
vn -0.8409 0.5356 0.0773
vn -0.273 0.9619 0.0139
vn -0.7613 0.6446 0.0703
vn -0.5046 0.8632 0.0159
vn -0.7223 0.6818 0.1159
vn -0.4921 0.8693 0.0459
vn -0.5718 0.8174 0.0699
vn -0.503 0.8625 0.0555
vn -0.8044 0.5892 0.0765
vn -0.8846 0.4574 0.0913
vn -0.7108 0.7015 0.0522
vn -0.6571 0.7526 0.0431
vn -0.3982 0.9173 -0.0048
vn -0.2266 0.974 -0.0093
vn -0.7154 0.6964 0.0563
vn -0.62 0.7832 0.0457
vn -0.5783 0.8149 0.0395
vn -0.5638 0.8244 0.0494
vn -0.5263 0.8499 0.0263
vn -0.2521 0.9676 0.0118
vn -0.4579 0.8889 0.0105
vn -0.4599 0.887 0.042
vn -0.4083 0.9127 0.0164
vn -0.4106 0.8029 0.4322
vn -0.3298 0.944 0.0125
vn -0.33 0.9439 0.0126
vn -0.7696 0.633 0.0841
vn -0.5332 0.8451 0.0385
vn -0.5175 0.8552 0.0286
vn -0.3906 0.9191 0.0519
vn -0.4604 0.8874 0.0239
vn -0.4668 0.8839 0.0286
vn -0.6731 0.7369 0.0626
vn -0.421 0.9052 0.0583
vn -0.4845 0.872 0.0694
vn -0.4006 0.9159 0.0258
vn -0.779 0.6163 0.1151
vn -0.396 0.9182 0.0122
vn -0.4061 0.913 0.0401
vn -0.5047 0.8618 0.052
vn -0.4057 0.9138 0.0191
vn -0.1776 0.9839 0.0197
vn -0.4244 0.905 0.0294
vn -0.2544 0.9671 0.007
vn -0.2877 0.9577 0.0039
vn -0.7561 0.6474 0.0954
vn -0.7923 0.6012 0.1042
vn -0.466 0.884 0.0363
vn -0.7387 0.6696 0.0773
vn -0.7261 0.682 0.088
vn -0.7149 0.6948 0.078
vn -0.1951 0.9807 0.0141
vn -0.6706 0.739 0.0635
vn -0.3924 0.9196 0.0167
vn -0.6723 0.7374 0.0661
vn -0.8416 0.5347 0.0762
vn -0.3422 0.9395 0.0162
vn -0.8177 0.5675 0.097
vn -0.263 0.9648 0.0098
vn -0.5075 0.8608 0.0387
vn -0.5965 0.8009 0.0529
vn -0.2146 0.955 0.2046
vn -0.5466 0.8369 0.0295
vn -0.6117 0.7895 0.0503
vn -0.2022 0.968 0.1485
vn -0.3066 0.9518 0.0023
vn -0.3968 0.9178 0.0158
vn -0.8177 0.5673 0.0981
vn -0.8234 0.5576 0.1048
vn -0.7812 0.6188 0.0818
vn -0.6766 0.7347 0.0488
vn -0.1931 0.9754 0.1063
vn -0.8595 0.4999 0.1065
vn -0.2419 0.9299 0.2771
vn -0.272 0.8745 0.4015
vn -0.5734 0.8174 0.0555
vn -0.6583 0.7499 0.0653
vn -0.2226 0.9749 0.0036
vn -0.242 0.9298 0.2772
vn -0.221 0.9558 0.1937
vn -0.1944 0.9748 0.1092
vn -0.7802 0.6204 0.0794
vn -0.5903 0.8062 0.0396
vn -0.2795 0.8633 0.4203
vn -0.301 0.821 0.4851
vn -0.2528 0.9675 -0.0017
vn -0.7782 0.6217 0.089
vn -0.8197 0.5666 0.084
vn -0.5601 0.8219 0.1039
vn -0.5747 0.8105 0.1132
vn -0.524 0.8456 0.102
vn -0.3427 0.9021 0.2623
vn -0.2528 0.9675 0.0085
vn -0.5772 0.8095 0.1076
vn -0.6176 0.7793 0.1062
vn -0.3753 0.8847 0.2765
vn -0.2653 0.9639 0.0215
vn -0.7161 0.6865 0.1265
vn -0.3263 0.9452 0.009
vn -0.3267 0.9451 0.0092
vn -0.643 0.7591 0.1017
vn -0.5704 0.8177 0.0775
vn -0.6296 0.775 0.0552
vn -0.6724 0.7383 0.0525
vn -0.6846 0.7265 0.0595
vn -0.4076 0.9128 0.0272
vn -0.3772 0.9053 0.1955
vn -0.7217 0.6824 0.1165
vn -0.3614 0.9154 0.1772
vn -0.3381 0.9323 0.1285
vn -0.5752 0.8148 0.0726
vn -0.3827 0.923 0.0392
vn -0.6375 0.7655 0.0878
vn -0.7687 0.6355 0.0719
vn -0.8217 0.5642 0.0807
vn -0.4234 0.8928 0.1539
vn -0.3781 0.9168 0.1288
vn -0.3924 0.9191 0.0356
vn -0.3407 0.9401 -0.0104
vn -0.6674 0.7435 0.0419
vn -0.746 0.6564 0.1121
vn -0.4789 0.8651 0.1494
vn -0.6409 0.7627 0.0867
vn -0.4598 0.888 0.0102
vn -0.2729 0.9619 0.0139
vn -0.4686 0.8729 0.1359
vn -0.4077 0.9081 0.0958
vn -0.7214 0.6894 0.0664
vn -0.3906 0.92 0.0309
vn -0.6722 0.7359 0.0815
vn -0.6412 0.7626 0.0857
vn -0.7673 0.6367 0.0764
vn -0.751 0.6572 0.0642
vn -0.4971 0.8616 0.1031
vn -0.4421 0.893 0.0838
vn -0.3537 0.9351 0.0216
vn -0.4652 0.8849 0.0227
vn -0.2746 0.9615 0.0122
vn -0.4157 0.907 0.0677
vn -0.3637 0.9315 0.0097
vn -0.2765 0.9609 0.0142
vn -0.7093 0.7026 0.0561
vn -0.2769 0.9609 -0.0012
vn -0.4632 0.8857 0.0327
vn -0.7457 0.6566 0.1129
vn -0.5753 0.8155 0.0637
vn -0.5466 0.8358 0.0517
vn -0.5992 0.7979 0.0654
vn -0.364 0.9311 0.0248
vn -0.5204 0.8515 0.0642
vn -0.8335 0.5452 0.0902
vn -0.4001 0.9165 0.0071
vn -0.7185 0.6896 0.0904
vn -0.2695 0.9628 0.0202
vn -0.7516 0.656 0.0694
vn -0.7461 0.6628 0.0633
vn -0.4854 0.8734 0.0394
vn -0.779 0.6161 0.1162
vn -0.5819 0.8124 0.0377
vn -0.6061 0.7932 0.0593
vn -0.5844 0.8104 0.0411
vn -0.6543 0.7522 0.0775
vn -0.619 0.7821 0.0716
vn -0.7957 0.5952 0.1118
vn -0.7535 0.6502 0.0975
vn -0.795 0.6016 0.0779
vn -0.4247 0.9049 0.0296
vn -0.5465 0.8359 0.0514
vn -0.718 0.69 0.0919
vn -0.8081 0.5847 0.0711
vn -0.3399 0.9401 0.0241
vn -0.8577 0.5051 0.0961
vn -0.3572 0.9338 0.0189
vn -0.4908 0.8705 0.0374
vn -0.5182 0.8549 0.0248
vn -0.7472 0.6618 0.0611
vn -0.5262 0.8498 0.0317
vn -0.7109 0.698 0.0857
vn -0.6664 0.7424 0.0688
vn -0.6624 0.7478 0.0442
vn -0.3872 0.9218 0.0176
vn -0.806 0.5857 0.0854
vn -0.7085 0.7035 0.0562
vn -0.834 0.5482 0.0634
vn -0.5966 0.8006 0.0559
vn -0.7691 0.6371 0.0507
vn -0.6236 0.7803 0.0472
vn -0.7986 0.5938 0.0984
vn -0.8047 0.5885 0.0783
vn -0.5263 0.8497 0.0313
vn -0.579 0.8142 0.0434
vn -0.6259 0.7791 0.0361
vn -0.3484 0.9373 0.0118
vn -0.8495 0.5208 0.0839
vn -0.592 0.8053 0.0318
vn -0.7485 0.66 0.0644
vn -0.7119 0.7001 0.0547
vn -0.2658 0.9639 0.0137
vn -0.8185 0.5704 0.0686
vn -0.5097 0.8598 0.0321
vn -0.5636 0.8245 0.05
vn -0.207 0.9644 0.1646
vn -0.4551 0.8899 0.0305
vn -0.7997 0.5913 0.1043
vn -0.216 0.958 0.1887
vn -0.7596 0.6469 0.0676
vn -0.2398 0.9315 0.2737
vn -0.2155 0.9568 0.1954
vn -0.6697 0.7409 0.0507
vn -0.5061 0.8617 0.0376
vn -0.4108 0.9114 0.0252
vn -0.2739 0.9618 -0.0035
vn -0.4504 0.8924 0.0266
vn -0.7714 0.63 0.0895
vn -0.2631 0.9063 0.3306
vn -0.2794 0.8628 0.4214
vn -0.4701 0.8824 0.018
vn -0.4751 0.8797 0.02
vn -0.4137 0.9102 0.0214
vn -0.5903 0.8064 0.0352
vn -0.7226 0.688 0.0669
vn -0.7619 0.6456 0.0526
vn -0.7303 0.6791 0.0747
vn -0.7102 0.7007 0.0689
vn -0.6237 0.7806 0.0408
vn -0.2568 0.9027 0.3452
vn -0.3324 0.8184 0.4688
vn -0.2153 0.963 0.1618
vn -0.1929 0.9759 0.102
vn -0.6845 0.7265 0.0606
vn -0.3344 0.8283 0.4495
vn -0.4727 0.8808 0.0286
vn -0.3643 0.8394 0.4032
vn -0.5526 0.8323 0.0428
vn -0.2485 0.9686 -0.001
vn -0.2346 0.9721 0.0075
vn -0.669 0.7378 0.0894
vn -0.3334 0.893 0.3024
vn -0.3424 0.9395 0.0119
vn -0.4832 0.8752 0.023
vn -0.6647 0.744 0.0676
vn -0.4556 0.812 0.3649
vn -0.6316 0.7734 0.0533
vn -0.2588 0.933 0.2501
vn -0.434 0.8293 0.3521
vn -0.2374 0.9714 0.0035
vn -0.2389 0.9525 0.189
vn -0.5622 0.8264 0.0322
vn -0.3197 0.9473 0.0181
vn -0.7309 0.6786 0.0724
vn -0.7257 0.685 0.0639
vn -0.7212 0.6894 0.0673
vn -0.252 0.9579 0.1377
vn -0.859 0.501 0.1055
vn -0.2593 0.9526 0.159
vn -0.2781 0.9605 0.0026
vn -0.462 0.8867 0.0202
vn -0.4583 0.8886 0.0185
vn -0.8294 0.5501 0.0972
vn -0.5256 0.7929 0.3083
vn -0.4816 0.8304 0.28
vn -0.4442 0.8636 0.2386
vn -0.5635 0.8254 0.0342
vn -0.2254 0.9742 0.0105
vn -0.4837 0.8748 0.0274
vn -0.2731 0.9548 0.1175
vn -0.3315 0.9434 0.0064
vn -0.3328 0.943 0.0059
vn -0.7585 0.6493 0.0558
vn -0.2309 0.971 0.0612
vn -0.8716 0.4802 0.0992
vn -0.5389 0.806 0.2448
vn -0.5359 0.8082 0.2441
vn -0.4643 0.8632 0.1981
vn -0.7951 0.6019 0.0743
vn -0.6231 0.7808 0.0462
vn -0.2587 0.9634 0.07
vn -0.5608 0.827 0.0405
vn -0.5823 0.8123 0.0337
vn -0.8608 0.5013 0.0875
vn -0.5188 0.8546 0.0229
vn -0.5693 0.7972 0.2008
vn -0.5387 0.8209 0.1896
vn -0.4675 0.8835 0.0298
vn -0.6607 0.7488 0.0527
vn -0.6058 0.771 0.1964
vn -0.2429 0.9691 0.0429
vn -0.6533 0.7557 0.0452
vn -0.2487 0.9685 0.0062
vn -0.2206 0.9754 0.0008
vn -0.3216 0.9438 0.076
vn -0.7956 0.601 0.077
vn -0.5962 0.785 0.1683
vn -0.5283 0.8384 0.1342
vn -0.7086 0.7033 0.0566
vn -0.3487 0.9344 0.0729
vn -0.6285 0.7598 0.1665
vn -0.6734 -0.7257 0.1414
vn -0.6448 -0.6239 0.4415
vn -0.3162 -0.7708 0.5531
vn -0.5739 -0.2458 0.7812
vn -0.6825 -0.0869 0.7258
vn -0.5457 -0.335 0.7681
vn -0.5343 -0.3799 0.7551
vn -0.9699 -0.0257 0.2422
vn -0.9179 -0.1021 0.3835
vn -0.9204 -0.1061 0.3764
vn -0.9375 -0.2089 0.2784
vn -0.9375 -0.2093 0.2779
vn -0.9014 -0.2681 0.3399
vn -0.9011 -0.2661 0.3425
vn -0.4672 -0.5229 0.713
vn -0.7736 -0.403 0.4889
vn -0.6247 -0.1626 0.7638
vn -0.6273 -0.1706 0.7599
vn -0.4657 -0.5291 0.7093
vn -0.4431 -0.5757 0.6872
vn -0.4983 -0.7236 0.4776
vn -0.9156 -0.3534 0.1918
vn -0.4164 -0.6144 0.6702
vn -0.7561 -0.0329 0.6536
vn -0.7572 -0.0338 0.6523
vn -0.3939 -0.6523 0.6476
vn -0.4041 -0.641 0.6525
vn -0.5457 -0.3351 0.7681
vn -0.2498 -0.87 0.4251
vn -0.3781 -0.6777 0.6307
vn -0.3795 -0.672 0.6359
vn -0.5968 -0.4333 0.6753
vn -0.5981 -0.4355 0.6728
vn -0.6827 -0.1217 0.7205
vn -0.352 -0.7118 0.6078
vn -0.3628 -0.7022 0.6126
vn -0.6815 -0.1201 0.7219
vn -0.2958 -0.7966 0.5271
vn -0.3296 -0.7445 0.5806
vn -0.9449 -0.0705 0.3196
vn -0.3417 -0.7297 0.5923
vn -0.8097 -0.4885 0.3251
vn -0.8067 -0.4971 0.3197
vn -0.3275 -0.7492 0.5757
vn -0.6444 -0.519 0.5617
vn -0.4499 -0.7543 0.4781
vn -0.4501 -0.7535 0.4792
vn -0.4435 -0.6745 0.5902
vn -0.2877 -0.8007 0.5255
vn -0.4422 -0.6683 0.5982
vn -0.5338 -0.3624 0.764
vn -0.5914 -0.2438 0.7686
vn -0.6197 -0.2163 0.7545
vn -0.8595 -0.4362 0.2665
vn -0.859 -0.438 0.2652
vn -0.959 -0.2739 0.0728
vn -0.5359 -0.7094 0.4577
vn -0.3122 -0.7606 0.5693
vn -0.2878 -0.8011 0.5248
vn -0.24 -0.9052 0.3508
vn -0.5914 -0.5679 0.5725
vn -0.9286 -0.3393 0.15
vn -0.9994 -0.0288 0.0197
vn -0.9991 -0.0395 0.0119
vn -0.7384 -0.5589 0.3775
vn -0.6693 -0.3749 0.6414
vn -0.9743 -0.1452 0.1724
vn -0.4982 -0.624 0.602
vn -0.523 -0.6431 0.5593
vn -0.6618 -0.3651 0.6547
vn -0.5073 -0.5311 0.6787
vn -0.5057 -0.5269 0.6831
vn -0.5296 -0.5982 0.6014
vn -0.6864 -0.0881 0.7219
vn -0.9755 -0.153 0.1584
vn -0.8987 -0.3867 0.2071
vn -0.8948 -0.3966 0.2051
vn -0.2547 -0.8502 0.4608
vn -0.8574 -0.1978 0.475
vn -0.858 -0.1876 0.4782
vn -0.6043 -0.2317 0.7623
vn -0.4784 -0.6724 0.5648
vn -0.2376 -0.8643 0.4433
vn -0.4933 -0.6651 0.5606
vn -0.4484 -0.7038 0.5509
vn -0.4485 -0.7145 0.537
vn -0.3479 -0.7735 0.5298
vn -0.7724 -0.2841 0.5681
vn -0.7739 -0.2913 0.5623
vn -0.4408 -0.7183 0.5383
vn -0.7525 -0.0765 0.6541
vn -0.4051 -0.7524 0.5193
vn -0.4306 -0.7389 0.5183
vn -0.9326 -0.3116 0.1818
vn -0.4004 -0.7606 0.5111
vn -0.3597 -0.7895 0.4973
vn -0.5814 -0.3033 0.755
vn -0.7019 -0.5732 0.4229
vn -0.9753 -0.2182 0.0332
vn -0.8175 -0.0321 0.575
vn -0.519 -0.3933 0.7589
vn -0.9232 -0.331 0.1952
vn -0.5207 -0.4104 0.7487
vn -0.3956 -0.775 0.4927
vn -0.6914 -0.6097 0.3877
vn -0.6968 -0.5988 0.3949
vn -0.5929 -0.675 0.4392
vn -0.5966 -0.6663 0.4472
vn -0.6446 -0.6186 0.4493
vn -0.7657 -0.429 0.4792
vn -0.4826 -0.7509 0.4509
vn -0.4826 -0.7503 0.4518
vn -0.5571 -0.7141 0.4239
vn -0.5659 -0.6967 0.4408
vn -0.4449 -0.7808 0.4387
vn -0.7761 -0.5401 0.3255
vn -0.7777 -0.5351 0.33
vn -0.644 -0.6519 0.4003
vn -0.601 -0.689 0.4052
vn -0.9622 -0.2586 0.085
vn -0.9508 -0.2881 0.1138
vn -0.5291 -0.7405 0.4143
vn -0.6412 -0.1942 0.7424
vn -0.9632 -0.0539 0.2631
vn -0.5794 -0.7194 0.3831
vn -0.5597 -0.7284 0.3952
vn -0.4322 -0.7682 0.4723
vn -0.8385 -0.4943 0.2294
vn -0.8309 -0.5098 0.2228
vn -0.422 -0.7836 0.4559
vn -0.5897 -0.7196 0.3666
vn -0.6182 -0.704 0.3497
vn -0.9876 -0.1119 0.1098
vn -0.8436 -0.3363 0.4187
vn -0.7244 -0.3109 0.6153
vn -0.6557 -0.6829 0.3221
vn -0.8105 -0.026 0.5851
vn -0.6484 -0.6932 0.3148
vn -0.8425 -0.348 0.4112
vn -0.6007 -0.7304 0.3251
vn -0.7265 -0.6483 0.2278
vn -0.7115 -0.6622 0.2351
vn -0.6957 -0.6825 0.224
vn -0.5819 -0.2913 0.7593
vn -0.3315 -0.7628 0.5552
vn -0.5051 -0.4538 0.7341
vn -0.5026 -0.4367 0.7461
vn -0.7543 -0.075 0.6522
vn -0.8325 -0.4834 0.2707
vn -0.8379 -0.4715 0.275
vn -0.9228 -0.3495 0.162
vn -0.3494 -0.7442 0.5693
vn -0.3494 -0.7481 0.5641
vn -0.7099 -0.4867 0.5092
vn -0.8738 -0.4338 0.2199
vn -0.6708 -0.1754 0.7206
vn -0.9777 -0.0135 0.2096
vn -0.9953 -0.0745 0.0617
vn -0.995 -0.0847 0.0524
vn -0.4257 -0.627 0.6523
vn -0.5751 -0.4846 0.6592
vn -0.5739 -0.4772 0.6656
vn -0.944 -0.3206 0.0782
vn -0.2676 -0.8268 0.4948
vn -0.4962 -0.4664 0.7323
vn -0.747 -0.4479 0.4913
vn -0.9151 -0.3723 0.1547
vn -0.9428 -0.1049 0.3165
vn -0.2351 -0.8729 0.4276
vn -0.9441 -0.1084 0.3114
vn -0.7841 -0.0557 0.6181
vn -0.9658 -0.0698 0.2498
vn -0.5996 -0.6943 0.3981
vn -0.8471 -0.2303 0.4789
vn -0.8467 -0.2269 0.4813
vn -0.8764 -0.4302 0.2166
vn -0.6434 -0.6555 0.3954
vn -0.9213 -0.2626 0.2869
vn -0.9211 -0.261 0.2888
vn -0.9526 -0.2062 0.2237
vn -0.9526 -0.2019 0.2275
vn -0.8196 -0.0299 0.5721
vn -0.9277 -0.3564 0.1117
vn -0.9295 -0.35 0.1164
vn -0.4755 -0.5771 0.664
vn -0.4761 -0.5833 0.6581
vn -0.6286 -0.2507 0.7362
vn -0.9058 -0.1539 0.3949
vn -0.907 -0.1576 0.3905
vn -0.6301 -0.5507 0.5475
vn -0.7144 -0.3704 0.5937
vn -0.7138 -0.3692 0.5951
vn -0.9381 -0.3347 0.089
vn -0.6903 -0.1612 0.7054
vn -0.639 -0.4283 0.6389
vn -0.8562 -0.0119 0.5165
vn -0.6411 -0.4323 0.6341
vn -0.7442 -0.1087 0.6591
vn -0.7487 -0.1196 0.6521
vn -0.412 -0.7131 0.5673
vn -0.4121 -0.7055 0.5766
vn -0.8017 -0.0747 0.593
vn -0.8092 -0.5165 0.2799
vn -0.749 -0.344 0.5662
vn -0.8044 -0.5265 0.2752
vn -0.7474 -0.5737 0.3352
vn -0.736 -0.5929 0.3268
vn -0.6932 -0.6271 0.3553
vn -0.593 -0.2917 0.7505
vn -0.713 -0.5016 0.49
vn -0.9957 -0.0898 0.0234
vn -0.9965 -0.0824 0.014
vn -0.8874 -0.4278 0.1717
vn -0.8902 -0.4192 0.1784
vn -0.9801 -0.0534 0.191
vn -0.9091 -0.0112 0.4164
vn -0.5353 -0.7277 0.4289
vn -0.9817 -0.1408 0.1281
vn -0.8554 -0.4711 0.2154
vn -0.8371 -0.0565 0.5441
vn -0.4792 -0.5001 0.7213
vn -0.55 -0.6111 0.5693
vn -0.9871 -0.0347 0.1562
vn -0.6717 -0.5234 0.5243
vn -0.4751 -0.7714 0.4232
vn -0.8691 -0.0306 0.4936
vn -0.4753 -0.7745 0.4175
vn -0.9302 -0.3582 0.0801
vn -0.8187 -0.3967 0.4151
vn -0.8195 -0.3902 0.4198
vn -0.275 -0.8215 0.4996
vn -0.686 -0.2095 0.6968
vn -0.6061 -0.4863 0.6294
vn -0.5439 -0.5315 0.6493
vn -0.5438 -0.5312 0.6496
vn -0.6838 -0.1971 0.7025
vn -0.8769 -0.3309 0.3485
vn -0.8764 -0.3276 0.353
vn -0.9923 -0.1116 0.0536
vn -0.3143 -0.7946 0.5195
vn -0.9589 -0.2106 0.1902
vn -0.6519 -0.6649 0.3645
vn -0.3187 -0.7786 0.5406
vn -0.6428 -0.6788 0.3549
vn -0.7699 -0.5744 0.2782
vn -0.8185 -0.0733 0.5699
vn -0.7799 -0.5575 0.2845
vn -0.9015 -0.1859 0.3909
vn -0.716 -0.6138 0.3324
vn -0.9824 -0.1579 0.0995
vn -0.6991 -0.638 0.3229
vn -0.4295 -0.5697 0.7007
vn -0.4797 -0.498 0.7224
vn -0.2534 -0.8422 0.4759
vn -0.9588 -0.1048 0.2639
vn -0.7797 -0.1204 0.6144
vn -0.9593 -0.1074 0.2611
vn -0.3068 -0.7785 0.5476
vn -0.9006 -0.4156 0.1269
vn -0.5456 -0.3706 0.7516
vn -0.9058 -0.4027 0.1319
vn -0.5235 -0.762 0.3812
vn -0.5745 -0.3515 0.7391
vn -0.9763 -0.0712 0.2046
vn -0.8297 -0.2759 0.4852
vn -0.8301 -0.2796 0.4824
vn -0.9377 -0.2578 0.2331
vn -0.9377 -0.2567 0.2339
vn -0.6468 -0.2512 0.7201
vn -0.6514 -0.56 0.512
vn -0.91 -0.4018 0.1021
vn -0.9103 -0.4014 0.1015
vn -0.8595 -0.0628 0.5072
vn -0.7375 -0.1712 0.6533
vn -0.7382 -0.1724 0.6522
vn -0.291 -0.8188 0.4949
vn -0.8646 -0.0726 0.4973
vn -0.3831 -0.7439 0.5476
vn -0.3834 -0.7413 0.5509
vn -0.689 -0.6476 0.3254
vn -0.6785 -0.6632 0.3159
vn -0.6749 -0.2311 0.7007
vn -0.9335 -0.1551 0.3233
vn -0.6783 -0.2399 0.6945
vn -0.7527 -0.5939 0.284
vn -0.5839 -0.6033 0.5432
vn -0.7799 -0.3213 0.5371
vn -0.7414 -0.6107 0.2781
vn -0.6857 -0.4265 0.5899
vn -0.5845 -0.6053 0.5403
vn -0.6844 -0.4221 0.5945
vn -0.4455 -0.6264 0.6397
vn -0.4428 -0.6214 0.6463
vn -0.5224 -0.7601 0.3864
vn -0.8861 -0.4407 0.1437
vn -0.9906 -0.0228 0.1348
vn -0.851 -0.4922 0.1829
vn -0.8549 -0.4826 0.1901
vn -0.7371 -0.4807 0.475
vn -0.7228 -0.2178 0.6559
vn -0.6298 -0.3107 0.7119
vn -0.6291 -0.3065 0.7143
vn -0.5428 -0.4091 0.7335
vn -0.5873 -0.5204 0.6199
vn -0.8007 -0.5536 0.229
vn -0.8251 -0.1102 0.5542
vn -0.8046 -0.5456 0.2343
vn -0.8211 -0.1059 0.5609
vn -0.5587 -0.7475 0.3594
vn -0.5586 -0.7482 0.358
vn -0.9636 -0.203 0.1741
vn -0.7958 -0.4335 0.4227
vn -0.7938 -0.4418 0.418
vn -0.6541 -0.558 0.5107
vn -0.4908 -0.6559 0.5734
vn -0.5951 -0.334 0.731
vn -0.8918 -0.4411 0.1004
vn -0.6549 -0.2923 0.6969
vn -0.7158 -0.6371 0.2859
vn -0.7106 -0.6456 0.2796
vn -0.2958 -0.7967 0.527
vn -0.8901 -0.2226 0.3977
vn -0.8893 -0.2167 0.4028
vn -0.5135 -0.5733 0.6385
vn -0.5148 -0.5777 0.6334
vn -0.3493 -0.7704 0.5333
vn -0.8985 -0.3233 0.297
vn -0.8983 -0.3204 0.3006
vn -0.8516 -0.3848 0.3558
vn -0.8521 -0.3799 0.3601
vn -0.8273 -0.5272 0.1943
vn -0.521 -0.4359 0.7339
vn -0.8178 -0.544 0.1878
vn -0.7173 -0.5188 0.4651
vn -0.8769 -0.4658 0.1184
vn -0.8657 -0.4786 0.1464
vn -0.8642 -0.4819 0.1446
vn -0.5217 -0.4561 0.721
vn -0.7428 -0.6388 0.2005
vn -0.9217 -0.0013 0.388
vn -0.4434 -0.5716 0.6904
vn -0.5965 -0.7363 0.3195
vn -0.7729 -0.5914 0.23
vn -0.6406 -0.4682 0.6086
vn -0.9667 -0.2156 0.1377
vn -0.7673 -0.1618 0.6206
vn -0.4248 -0.6548 0.6252
vn -0.9852 -0.1553 0.0724
vn -0.9855 -0.1524 0.0747
vn -0.9738 -0.1087 0.1995
vn -0.8708 -0.4786 0.1125
vn -0.9734 -0.1037 0.2045
vn -0.7686 -0.3653 0.5251
vn -0.5785 -0.3899 0.7165
vn -0.5765 -0.382 0.7223
vn -0.6778 -0.6818 0.2753
vn -0.9526 -0.2538 0.1681
vn -0.5709 -0.7525 0.3284
vn -0.2776 -0.8292 0.4852
vn -0.2753 -0.8193 0.5029
vn -0.7698 -0.1768 0.6134
vn -0.6272 -0.5936 0.5042
vn -0.6266 -0.6009 0.4963
vn -0.8108 -0.3364 0.479
vn -0.8128 -0.3182 0.488
vn -0.8032 -0.5615 0.199
vn -0.5967 -0.0072 0.8024
vn -0.7055 -0.5294 0.4712
vn -0.5976 -0.0086 0.8018
vn -0.9878 -0.0717 0.1383
vn -0.6134 -0.3495 0.7082
vn -0.8362 -0.5265 0.1535
vn -0.8397 -0.52 0.1567
vn -0.7614 -0.6032 0.2374
vn -0.742 -0.6311 0.2261
vn -0.6001 -0.0348 0.7992
vn -0.8507 -0.1204 0.5117
vn -0.6301 -0.7154 0.302
vn -0.9729 -0.202 0.1129
vn -0.9948 -0.0417 0.0928
vn -0.9942 -0.024 0.1046
vn -0.8894 -0.0399 0.4554
vn -0.5453 -0.6563 0.5214
vn -0.5448 -0.6498 0.5301
vn -0.5984 -0.0612 0.7989
vn -0.5946 -0.0831 0.7997
vn -0.5967 -0.0536 0.8007
vn -0.7707 -0.475 0.4248
vn -0.7661 -0.4891 0.417
vn -0.8456 -0.5196 0.1223
vn -0.8443 -0.5213 0.1246
vn -0.9517 -0.0204 0.3064
vn -0.6508 -0.479 0.5891
vn -0.5971 -0.0981 0.7962
vn -0.4138 -0.6161 0.6702
vn -0.6654 -0.6916 0.281
vn -0.9512 -0.1536 0.2676
vn -0.9511 -0.1531 0.2683
vn -0.6315 -0.0126 0.7753
vn -0.5917 -0.7526 0.2888
vn -0.6409 -0.7196 0.2673
vn -0.3965 -0.6254 0.6721
vn -0.4135 -0.6379 0.6497
vn -0.7695 -0.6069 0.1988
vn -0.4987 -0.6882 0.527
vn -0.4996 -0.4851 0.7177
vn -0.8288 -0.4278 0.3606
vn -0.8302 -0.4217 0.3648
vn -0.8126 -0.5615 0.1562
vn -0.9874 -0.1558 0.0259
vn -0.9841 -0.1706 0.0497
vn -0.9168 -0.3162 0.2438
vn -0.9173 -0.3125 0.2467
vn -0.6962 -0.6774 0.2374
vn -0.8137 -0.1732 0.5549
vn -0.8092 -0.1615 0.5649
vn -0.5917 -0.1172 0.7976
vn -0.6814 -0.2938 0.6703
vn -0.7835 -0.5941 0.1821
vn -0.4054 -0.6728 0.6189
vn -0.404 -0.6797 0.6122
vn -0.6848 -0.5665 0.4584
vn -0.8724 -0.3771 0.3109
vn -0.8724 -0.376 0.3123
vn -0.3959 -0.6585 0.6401
vn -0.5911 -0.1373 0.7948
vn -0.6893 -0.3083 0.6556
vn -0.5923 -0.1418 0.7931
vn -0.7337 -0.2339 0.6379
vn -0.9035 -0.0628 0.4239
vn -0.6259 -0.7294 0.2762
vn -0.986 -0.0801 0.1461
vn -0.6392 -0.0084 0.769
vn -0.5548 -0.5548 0.62
vn -0.7358 -0.2411 0.6329
vn -0.7332 -0.2366 0.6375
vn -0.6526 -0.3295 0.6823
vn -0.3491 -0.7728 0.53
vn -0.3246 -0.8006 0.5037
vn -0.653 -0.7128 0.256
vn -0.588 -0.171 0.7906
vn -0.7855 -0.5984 0.1579
vn -0.7983 -0.5788 0.1666
vn -0.5826 -0.1939 0.7893
vn -0.5868 -0.1641 0.7929
vn -0.878 -0.0997 0.4681
vn -0.2732 -0.8416 0.466
vn -0.7481 -0.3862 0.5396
vn -0.5002 -0.4942 0.7111
vn -0.8719 -0.2713 0.4076
vn -0.8721 -0.2723 0.4066
vn -0.4745 -0.5382 0.6966
vn -0.6416 -0.7284 0.2405
vn -0.9268 -0.0544 0.3717
vn -0.9264 -0.0539 0.3726
vn -0.6594 -0.0148 0.7517
vn -0.3071 -0.8174 0.4874
vn -0.6709 -0.3537 0.6517
vn -0.7979 -0.3536 0.4881
vn -0.8005 -0.5836 0.1363
vn -0.5846 -0.6485 0.4875
vn -0.8053 -0.5786 0.1294
vn -0.5852 -0.6402 0.4977
vn -0.7375 -0.6453 0.1992
vn -0.729 -0.6575 0.1903
vn -0.5576 -0.4357 0.7066
vn -0.5949 -0.5302 0.6042
vn -0.5579 -0.4362 0.7061
vn -0.9603 -0.2432 0.1368
vn -0.7441 -0.5175 0.4226
vn -0.7413 -0.5285 0.4138
vn -0.9187 -0.2122 0.333
vn -0.9189 -0.213 0.332
vn -0.6626 -0.713 0.2294
vn -0.4997 -0.6955 0.5163
vn -0.4798 -0.6273 0.6134
vn -0.5702 -0.2373 0.7865
vn -0.638 -0.0528 0.7682
vn -0.4787 -0.625 0.6166
vn -0.6377 -0.0524 0.7685
vn -0.8006 -0.201 0.5645
vn -0.3221 -0.802 0.503
vn -0.667 -0.7102 0.2254
vn -0.9748 -0.209 0.0774
vn -0.6803 -0.0094 0.7329
vn -0.9399 -0.2829 0.1914
vn -0.4493 -0.7318 0.5125
vn -0.8067 -0.4616 0.3689
vn -0.8046 -0.4693 0.3639
vn -0.6783 -0.7097 0.1902
vn -0.6878 -0.6954 0.2081
vn -0.8562 -0.4162 0.3061
vn -0.7164 -0.0174 0.6975
vn -0.5565 -0.5784 0.5964
vn -0.6363 -0.0819 0.7671
vn -0.6361 -0.0816 0.7673
vn -0.7494 -0.6419 0.1626
vn -0.7533 -0.6359 0.1678
vn -0.9483 -0.0333 0.3155
vn -0.6867 -0.5647 0.4577
vn -0.7117 -0.6789 0.1802
vn -0.6737 -0.5905 0.4443
vn -0.8956 -0.3636 0.2562
vn -0.6235 -0.3816 0.6823
vn -0.8932 -0.3726 0.2516
vn -0.7032 -0.4525 0.5484
vn -0.6207 -0.3761 0.688
vn -0.5612 -0.2934 0.7739
vn -0.7426 -0.4164 0.5245
vn -0.5585 -0.281 0.7805
vn -0.3067 -0.7753 0.5521
vn -0.5778 -0.205 0.79
vn -0.6354 -0.5072 0.5823
vn -0.7114 -0.6835 0.1634
vn -0.97 -0.2256 0.0905
vn -0.8944 -0.1139 0.4325
vn -0.6687 -0.7164 0.199
vn -0.759 -0.6389 0.1251
vn -0.7435 -0.2868 0.6041
vn -0.5557 -0.3051 0.7734
vn -0.9646 -0.1561 0.2126
vn -0.964 -0.1519 0.2183
vn -0.6287 -0.1157 0.769
vn -0.2573 -0.864 0.4328
vn -0.6318 -0.12 0.7658
vn -0.6629 -0.7244 0.1895
vn -0.7937 -0.3819 0.4734
vn -0.6793 -0.0529 0.732
vn -0.9981 -0.0249 0.0561
vn -0.6781 -0.052 0.7331
vn -0.9471 -0.2935 0.13
vn -0.9982 -0.0347 0.049
vn -0.9488 -0.2811 0.1443
vn -0.7018 -0.0319 0.7117
vn -0.643 -0.6193 0.4505
vn -0.9927 -0.0746 0.095
vn -0.9927 -0.0798 0.0909
vn -0.2605 -0.85 0.4579
vn -0.5331 -0.4847 0.6935
vn -0.7114 -0.6836 0.1635
vn -0.5334 -0.4855 0.6927
vn -0.7365 -0.6602 0.1474
vn -0.55 -0.6829 0.4808
vn -0.5518 -0.6762 0.4882
vn -0.7937 -0.2266 0.5645
vn -0.7983 -0.2338 0.555
vn -0.3583 -0.6952 0.6231
vn -0.7778 -0.511 0.3658
vn -0.7805 -0.5024 0.3719
vn -0.9612 -0.2616 0.0874
vn -0.2531 -0.8834 0.3945
vn -0.6375 -0.6291 0.4447
vn -0.7174 -0.6841 0.1316
vn -0.3546 -0.7203 0.5962
vn -0.3775 -0.7143 0.5894
vn -0.3776 -0.7108 0.5934
vn -0.8358 -0.4433 0.3239
vn -0.8315 -0.4567 0.3163
vn -0.9518 -0.0534 0.302
vn -0.9847 -0.1071 0.1373
vn -0.6855 -0.0818 0.7235
vn -0.8762 -0.4006 0.2681
vn -0.8662 -0.1574 0.4743
vn -0.8666 -0.1588 0.4731
vn -0.7037 -0.455 0.5457
vn -0.6318 -0.1417 0.7621
vn -0.6767 -0.7186 0.1606
vn -0.6805 -0.7142 0.1638
vn -0.9696 -0.0241 0.2436
vn -0.7266 -0.0638 0.684
vn -0.3621 -0.8023 0.4745
vn -0.4533 -0.5697 0.6856
vn -0.4936 -0.7197 0.4882
vn -0.6426 -0.7487 0.1629
vn -0.5828 -0.5549 0.5936
vn -0.7381 -0.5513 0.389
vn -0.6076 -0.1933 0.7704
vn -0.8593 -0.3125 0.405
vn -0.3619 -0.8026 0.4742
vn -0.6826 -0.7183 0.1344
vn -0.5295 0.5786 0.6204
vn -0.9089 0.2472 0.3358
vn -0.9162 0.2164 0.3374
vn -0.5541 0.5876 0.5897
vn -0.7679 0.6103 0.1948
vn -0.6128 0.5385 0.5784
vn -0.5352 0.6088 0.5856
vn -0.6122 0.7332 0.296
vn -0.4616 0.534 0.7083
vn -0.5815 0.7529 0.3081
vn -0.8451 0.5172 0.1356
vn -0.8958 0.2705 0.3526
vn -0.7363 0.6381 0.2254
vn -0.703 0.4835 0.5215
vn -0.8807 0.3089 0.3592
vn -0.7176 0.4667 0.5169
vn -0.9294 0.2484 0.2731
vn -0.8761 0.3151 0.3648
vn -0.4428 0.5825 0.6816
vn -0.4712 0.652 0.5941
vn -0.4538 0.6889 0.5652
vn -0.9289 0.2571 0.2664
vn -0.9485 0.2027 0.2433
vn -0.8289 0.5446 0.1275
vn -0.5554 0.6056 0.5699
vn -0.6753 0.6989 0.2358
vn -0.6133 0.5984 0.5155
vn -0.6873 0.5167 0.5105
vn -0.6558 0.5366 0.531
vn -0.6248 0.5767 0.5264
vn -0.6626 0.6988 0.2696
vn -0.9122 0.2955 0.2838
vn -0.6733 0.701 0.2352
vn -0.7619 0.6165 0.1984
vn -0.5087 0.6544 0.5594
vn -0.7124 0.522 0.4691
vn -0.971 0.1825 0.1544
vn -0.4131 0.707 0.574
vn -0.625 0.7363 0.2593
vn -0.5444 0.6375 0.5451
vn -0.4875 0.6783 0.5498
vn -0.6143 0.7432 0.2649
vn -0.948 0.2358 0.2138
vn -0.8725 0.3491 0.342
vn -0.7333 0.6511 0.1958
vn -0.9132 0.3055 0.2698
vn -0.948 0.2367 0.2126
vn -0.9435 0.2708 0.1908
vn -0.9652 0.2148 0.1494
vn -0.8153 0.4361 0.381
vn -0.4303 0.6063 0.6687
vn -0.7753 0.6034 0.1865
vn -0.6808 0.5474 0.4867
vn -0.4805 0.6946 0.5355
vn -0.7998 0.5835 0.1406
vn -0.7983 0.5864 0.1371
vn -0.92 0.3037 0.2479
vn -0.5599 0.6423 0.5234
vn -0.6911 0.6952 0.1977
vn -0.724 0.6594 0.2026
vn -0.7409 0.6521 0.1604
vn -0.6612 0.7089 0.2456
vn -0.7443 0.649 0.1575
vn -0.9179 0.3178 0.2376
vn -0.9439 0.2695 0.191
vn -0.6748 0.71 0.2013
vn -0.6956 0.6981 0.1698
vn -0.4238 0.7359 0.5281
vn -0.4925 0.6884 0.5325
vn -0.4917 0.6769 0.5477
vn -0.6303 0.7417 0.2292
vn -0.6096 0.6139 0.5016
vn -0.6131 0.5985 0.5157
vn -0.6292 0.6052 0.4876
vn -0.395 0.6487 0.6505
vn -0.2403 0.905 0.3511
vn -0.5494 0.675 0.4925
vn -0.774 0.6121 0.1619
vn -0.5503 0.6642 0.5059
vn -0.7956 0.5894 0.1401
vn -0.9559 0.2563 0.1431
vn -0.9649 0.2298 0.127
vn -0.8456 0.4227 0.3261
vn -0.6997 0.6946 0.1669
vn -0.6784 0.7178 0.1564
vn -0.6623 0.7305 0.1665
vn -0.7626 0.5109 0.3968
vn -0.6805 0.706 0.1963
vn -0.7228 0.5479 0.4211
vn -0.7793 0.6135 0.1278
vn -0.6741 0.5886 0.4463
vn -0.3336 0.7508 0.57
vn -0.482 0.7162 0.5047
vn -0.6171 0.0917 0.7815
vn -0.6267 0.7502 0.2106
vn -0.6225 0.1295 0.7719
vn -0.6537 0.7318 0.1927
vn -0.8695 0.3814 0.314
vn -0.6881 0.0227 0.7253
vn -0.3156 0.7791 0.5416
vn -0.4288 0.7577 0.492
vn -0.6122 0.6346 0.4717
vn -0.7495 0.6476 0.1373
vn -0.7478 0.6492 0.1392
vn -0.7077 0.0108 0.7064
vn -0.7122 0.6893 0.1329
vn -0.6659 0.053 0.7441
vn -0.4899 0.723 0.487
vn -0.6782 0.7182 0.1556
vn -0.3649 0.6904 0.6246
vn -0.897 0.367 0.2462
vn -0.6957 0.7056 0.1344
vn -0.7002 0.0618 0.7113
vn -0.6115 0.6561 0.4423
vn -0.6712 0.0929 0.7354
vn -0.5791 0.2763 0.767
vn -0.7108 0.1549 0.6861
vn -0.8945 0.3949 0.2094
vn -0.8867 0.3828 0.2593
vn -0.3098 0.7925 0.5254
vn -0.7812 0.0557 0.6218
vn -0.6233 0.1543 0.7666
vn -0.8427 0.4531 0.2908
vn -0.6205 0.2719 0.7355
vn -0.7525 0.5457 0.3688
vn -0.8236 0.0512 0.5648
vn -0.9029 0.3703 0.2181
vn -0.6139 0.6548 0.4409
vn -0.6197 0.1337 0.7734
vn -0.871 0.0131 0.4911
vn -0.6651 0.0993 0.7401
vn -0.5569 0.3406 0.7575
vn -0.6136 0.6576 0.4371
vn -0.6859 0.6034 0.4068
vn -0.7601 0.0119 0.6497
vn -0.6354 0.2622 0.7263
vn -0.84 0.0327 0.5416
vn -0.8541 0.0504 0.5177
vn -0.6108 0.1731 0.7726
vn -0.2979 0.801 0.5193
vn -0.6002 0.31 0.7373
vn -0.7066 0.0586 0.7052
vn -0.8685 0.4258 0.2536
vn -0.8425 0.4625 0.2763
vn -0.289 0.8202 0.4937
vn -0.948 0.3002 0.1055
vn -0.5506 0.7036 0.4492
vn -0.65 0.1678 0.7412
vn -0.5496 0.7007 0.455
vn -0.7485 0.021 0.6628
vn -0.6813 0.6193 0.3902
vn -0.345 0.7226 0.599
vn -0.5985 0.2021 0.7752
vn -0.6056 0.3346 0.722
vn -0.6112 0.215 0.7617
vn -0.8931 0.397 0.2113
vn -0.7478 0.5653 0.3481
vn -0.855 0.0498 0.5163
vn -0.7617 0.0634 0.6448
vn -0.7785 0.1594 0.6071
vn -0.7761 0.5487 0.3108
vn -0.8012 0.0747 0.5937
vn -0.825 0.0963 0.5569
vn -0.4841 0.7492 0.452
vn -0.7647 0.1133 0.6344
vn -0.2902 0.8249 0.4852
vn -0.4325 0.7773 0.457
vn -0.4841 0.7494 0.4518
vn -0.8182 0.1325 0.5594
vn -0.7921 0.0107 0.6103
vn -0.8581 0.4458 0.2549
vn -0.6192 0.6697 0.4099
vn -0.725 0.1048 0.6807
vn -0.92 0.3571 0.1611
vn -0.9136 -0.0148 0.4063
vn -0.5999 0.6932 0.3995
vn -0.5958 0.256 0.7612
vn -0.6122 0.6873 0.391
vn -0.2777 0.8383 0.4691
vn -0.896 0.4084 0.1742
vn -0.8933 0.4127 0.1779
vn -0.8652 0.4508 0.2195
vn -0.8682 0.4474 0.2146
vn -0.33 0.7358 0.5914
vn -0.3258 0.7524 0.5725
vn -0.6377 0.2148 0.7397
vn -0.9282 0.3532 0.1175
vn -0.6959 0.255 0.6713
vn -0.7202 0.2072 0.6621
vn -0.6263 0.2231 0.747
vn -0.6887 0.132 0.7129
vn -0.8349 0.4907 0.2495
vn -0.8029 0.525 0.2823
vn -0.9132 0.0461 0.405
vn -0.9068 0.0324 0.4203
vn -0.7991 0.5323 0.2795
vn -0.5557 0.7328 0.3927
vn -0.4764 0.7755 0.4144
vn -0.5282 0.7397 0.417
vn -0.5215 0.7357 0.4322
vn -0.8194 0.0153 0.573
vn -0.8254 0.0207 0.5642
vn -0.5829 0.2941 0.7574
vn -0.7702 0.5628 0.3
vn -0.675 0.642 0.3635
vn -0.7832 0.0577 0.6191
vn -0.9445 0.0301 0.3271
vn -0.6737 0.6453 0.3602
vn -0.7582 0.1226 0.6404
vn -0.7048 0.636 0.3144
vn -0.3145 0.7696 0.5557
vn -0.6319 0.6845 0.3636
vn -0.6101 0.6988 0.3734
vn -0.7394 0.5864 0.3307
vn -0.6314 0.3626 0.6854
vn -0.7477 0.5993 0.2859
vn -0.6273 0.3382 0.7015
vn -0.8925 0.1053 0.4385
vn -0.7883 0.5631 0.2481
vn -0.8233 0.0665 0.5637
vn -0.7419 0.1138 0.6608
vn -0.9305 0.3589 0.0734
vn -0.5786 0.4153 0.7019
vn -0.2634 0.8631 0.4309
vn -0.8109 0.522 0.2645
vn -0.9039 0.4077 0.1296
vn -0.711 0.6314 0.3097
vn -0.778 0.2455 0.5784
vn -0.7111 0.6315 0.3091
vn -0.9139 0.0861 0.3967
vn -0.5507 0.4638 0.694
vn -0.5603 0.7559 0.3386
vn -0.7239 0.6493 0.2331
vn -0.4725 0.5609 0.6799
vn -0.8713 0.478 0.1114
vn -0.9437 0.0287 0.3295
vn -0.753 0.2413 0.6121
vn -0.7326 0.2593 0.6293
vn -0.4665 0.5264 0.7108
vn -0.6623 0.347 0.664
vn -0.6349 0.4325 0.6402
vn -0.6639 0.3793 0.6445
vn -0.6605 0.382 0.6464
vn -0.4427 0.5671 0.6945
vn -0.2985 0.7828 0.5459
vn -0.9632 0.1795 0.2002
vn -0.8382 0.3442 0.4229
vn -0.9609 0.2011 0.1903
vn -0.9484 0.1993 0.2465
vn -0.6088 0.5919 0.5282
vn -0.8705 0.3746 0.3192
vn -0.6 0.4284 0.6756
vn -0.8118 0.4393 0.3847
vn -0.4307 0.593 0.6804
vn -0.4158 0.6121 0.6726
vn -0.8098 0.4463 0.3808
vn -0.7588 0.4876 0.4318
vn -0.964 0.2344 0.1253
vn -0.7202 0.5332 0.4438
vn -0.6804 0.5472 0.4874
vn -0.4302 0.5946 0.6793
vn -0.675 0.5832 0.452
vn -0.9014 0.3485 0.2568
vn -0.8407 0.4397 0.316
vn -0.8059 0.491 0.3309
vn -0.7957 0.4836 0.3648
vn -0.7426 0.5335 0.405
vn -0.4137 0.6216 0.6651
vn -0.7137 0.5867 0.3827
vn -0.7111 0.5657 0.4176
vn -0.7925 0.5167 0.3241
vn -0.2897 0.8009 0.5241
vn -0.7117 0.3419 0.6137
vn -0.7677 0.536 0.3511
vn -0.9298 0.0674 0.3618
vn -0.8777 0.4434 0.1816
vn -0.8764 0.4484 0.1758
vn -0.8237 0.5185 0.2295
vn -0.8328 0.5102 0.2147
vn -0.6964 0.661 0.2794
vn -0.9564 0.1816 0.2288
vn -0.2815 0.8087 0.5165
vn -0.9595 0.064 0.2745
vn -0.9602 0.009 0.2793
vn -0.8888 0.137 0.4374
vn -0.3937 0.6469 0.6531
vn -0.392 0.653 0.648
vn -0.2733 0.8212 0.501
vn -0.7797 0.2869 0.5566
vn -0.6237 0.416 0.6617
vn -0.4242 0.6378 0.6428
vn -0.4616 0.5905 0.662
vn -0.565 0.4965 0.659
vn -0.3755 0.6803 0.6294
vn -0.262 0.8326 0.488
vn -0.262 0.8326 0.4879
vn -0.9757 0.0904 0.1994
vn -0.3527 0.7145 0.6042
vn -0.9568 0.0329 0.289
vn -0.3906 0.6653 0.6363
vn -0.5334 0.5192 0.6678
vn -0.6436 0.4633 0.6093
vn -0.6853 0.4161 0.5977
vn -0.9753 0.0164 0.2201
vn -0.2439 0.8567 0.4545
vn -0.5928 0.1203 0.7963
vn -0.5923 0.1189 0.7969
vn -0.3776 0.6989 0.6075
vn -0.5897 0.153 0.793
vn -0.6272 0.0331 0.7782
vn -0.6223 0.0292 0.7822
vn -0.7411 0.3701 0.5602
vn -0.5869 0.1583 0.794
vn -0.6877 0.4268 0.5874
vn -0.9376 0.1795 0.2979
vn -0.4641 0.6171 0.6354
vn -0.9688 0.0482 0.2429
vn -0.6103 0.079 0.7882
vn -0.577 0.206 0.7904
vn -0.5824 0.1968 0.7887
vn -0.9829 0.0258 0.1825
vn -0.6614 0.0252 0.7496
vn -0.6383 0.0591 0.7675
vn -0.3151 0.7697 0.5552
vn -0.4173 0.6668 0.6174
vn -0.422 0.6328 0.6492
vn -0.6666 0.0211 0.7451
vn -0.9715 0.1087 0.2108
vn -0.6501 0.064 0.7571
vn -0.9773 0.0542 0.2049
vn -0.9825 0.0226 0.185
vn -0.573 0.2463 0.7816
vn -0.7857 0.3472 0.512
vn -0.568 0.2554 0.7824
vn -0.5635 0.281 0.7769
vn -0.9909 0.003 0.1345
vn -0.3769 0.6992 0.6075
vn -0.5554 0.2949 0.7775
vn -0.55 0.5599 0.6197
vn -0.9877 0.0558 0.146
vn -0.9928 0.0361 0.1141
vn -0.8126 0.3339 0.4777
vn -0.9951 0.0133 0.0976
vn -0.3557 0.7334 0.5793
vn -0.4424 0.6361 0.6322
vn -0.9743 0.1494 0.1685
vn -0.5427 0.3373 0.7693
vn -0.5502 0.3225 0.7703
vn -0.9928 0.0358 0.1145
vn -0.8676 0.2646 0.421
vn -0.998 0.024 0.0582
vn -0.5396 0.3543 0.7638
vn -0.4213 0.6774 0.603
vn -0.3558 0.7315 0.5816
vn -0.5328 0.3698 0.7612
vn -0.6101 0.5399 0.5799
vn -0.7835 0.3985 0.4768
vn -0.71 0.461 0.5324
vn -0.9978 0.019 0.0629
vn -0.5298 0.3854 0.7555
vn -0.5153 0.4094 0.7529
vn -0.7776 0.3947 0.4895
vn -0.3284 0.7607 0.5599
vn -0.3427 0.7525 0.5623
vn -0.9714 0.1078 0.2114
vn -0.4267 0.6761 0.6007
vn -0.9861 0.1065 0.1277
vn -0.4996 0.4518 0.7391
vn -0.5086 0.4382 0.7412
vn -0.9798 0.0904 0.1782
vn -0.7077 0.4625 0.534
vn -0.9291 0.2317 0.2882
vn -0.9862 0.0977 0.1336
vn -0.4897 0.4863 0.7237
vn -0.6075 0.5609 0.5624
vn -0.4896 0.4792 0.7285
vn -0.8104 0.3826 0.4438
vn -0.815 0.3944 0.4246
vn -0.7313 0.4049 0.5489
vn -0.8627 0.3507 0.3644
vn -0.7363 0.4099 0.5384
vn -0.4715 0.5079 0.7209
vn -0.5556 0.6041 0.5713
vn -0.2707 0.8419 0.4669
vn -0.414 0.7079 0.5723
vn -0.4747 0.521 0.7094
vn -0.7186 0.4972 0.4861
vn -0.769 0.445 0.4589
vn -0.9704 0.198 0.1385
vn -0.7695 0.4459 0.4573
vn -0.8434 0.379 0.3808
vn -0.2633 0.8502 0.4558
vn -0.8074 0.422 0.4123
vn -0.8866 0.3599 0.2904
vn -0.9759 0.1952 0.0979
vn -0.7696 0.4771 0.4244
vn -0.9764 0.189 0.1047
vn -0.7696 0.4761 0.4255
vn -0.3782 0.7752 0.5059
vn -0.3787 0.764 0.5224
vn -0.424 0.7332 0.5316
vn -0.4175 0.7058 0.5724
vn -0.2518 0.8694 0.4251
vn -0.9815 0.1889 0.0305
vn -0.3842 0.7108 0.5891
vn -0.2452 0.8568 0.4536
vn -0.9334 0.2959 0.2029
vn -0.926 0.3257 0.1907
vn -0.9996 0.0187 0.0192
vn -0.9733 0.2258 0.0417
vn -0.9409 0.3054 0.1462
vn -0.9415 0.3033 0.1472
vn -0.9888 0.0905 0.1188
vn -0.9935 0.0789 0.0825
vn -0.9679 0.2422 0.0669
vn -0.5986 0.0373 0.8002
vn -0.5969 0.0346 0.8016
vn -0.9928 0.0985 0.0681
vn -0.3927 0.7881 0.474
vn -0.4234 0.7597 0.4936
vn -0.3925 0.7888 0.4731
vn -0.9531 0.2897 0.0883
vn -0.9582 0.2556 0.1282
vn -0.9885 0.0967 0.1163
vn -0.9976 0.0649 0.0231
vn -0.5952 0.0767 0.7999
vn -0.9975 0.0662 0.0244
vn -0.5967 0.0796 0.7985
vn -0.9975 0.0644 0.0274
vn -0.9236 0.3451 0.1673
vn -0.9801 0.1499 0.13
vn -0.9809 0.139 0.1363
vn -0.4211 0.7923 0.4415
vn -0.9999 0.0094 0.0132
vn -0.946 0.3124 0.0864
vn -0.9573 0.2841 0.0544
vn -0.9301 0.3494 0.113
vn -0.3561 0.7632 0.5392
vn -0.3489 0.7665 0.5392
vn -0.3162 0.7854 0.5321
vn -0.5865 0.6914 0.4219
vn -0.391 0.7323 0.5575
vn -0.4764 0.7666 0.4305
vn -0.7176 0.5969 0.359
vn -0.7025 0.6205 0.3486
vn -0.3662 0.747 0.5549
vn -0.8433 0.378 0.382
vn -0.9904 0.1219 0.0657
vn -0.9937 0.1114 0.014
vn -0.9903 0.1139 0.0799
vn -0.9872 0.1419 0.0734
vn -0.9877 0.1484 0.0503
vn -0.905 0.4046 0.1315
vn -0.2429 0.8799 0.4085
vn -0.5134 0.7632 0.3924
vn -0.332 0.7947 0.5081
vn -0.512 0.766 0.3888
vn -0.3193 0.8117 0.4891
vn -0.8636 0.4627 0.2002
vn -0.277 0.8166 0.5064
vn -0.9128 0.395 0.1043
vn -0.9828 0.174 0.0619
vn -0.8631 0.4663 0.1939
vn -0.908 0.4079 0.0955
vn -0.8355 0.5141 0.1941
vn -0.5357 0.7628 0.3622
vn -0.7917 0.5627 0.2377
vn -0.7502 0.6089 0.2579
vn -0.3313 0.7951 0.508
vn -0.312 0.7872 0.532
vn -0.5661 0.7481 0.3461
vn -0.884 0.4534 0.1135
vn -0.3388 0.8009 0.4937
vn -0.3869 0.7726 0.5034
vn -0.8286 0.5325 0.1731
vn -0.8107 0.5538 0.1901
vn -0.8518 0.4947 0.1725
vn -0.8847 0.4518 0.1147
vn -0.3948 0.7596 0.517
vn -0.9715 0.2218 0.0833
vn -0.7061 0.6824 0.1892
vn -0.9708 0.2255 0.0816
vn -0.6885 0.6883 0.2285
vn -0.6731 0.1329 0.7275
vn -0.651 0.1693 0.7399
vn -0.4283 0.7615 0.4865
vn -0.5696 0.3312 0.7522
vn -0.6923 0.1746 0.7002
vn -0.6926 0.2228 0.686
vn -0.6783 0.2134 0.7031
vn -0.6478 0.2715 0.7118
vn -0.5568 0.3752 0.7411
vn -0.7362 0.1393 0.6622
vn -0.7398 0.1849 0.6469
vn -0.7193 0.2059 0.6635
vn -0.5459 0.4032 0.7345
vn -0.6614 0.2898 0.6918
vn -0.5732 0.3645 0.7339
vn -0.5319 0.4216 0.7344
vn -0.4265 0.7622 0.4869
vn -0.5413 0.3904 0.7447
vn -0.583 0.3831 0.7165
vn -0.8754 0.0726 0.478
vn -0.2782 0.8275 0.4876
vn -0.8334 0.1175 0.5401
vn -0.6932 0.2499 0.676
vn -0.6705 0.3018 0.6778
vn -0.5234 0.4599 0.7173
vn -0.2863 0.8135 0.5063
vn -0.5403 0.4304 0.7231
vn -0.7608 0.1792 0.6238
vn -0.7743 0.1913 0.6032
vn -0.5019 0.4842 0.7166
vn -0.5043 0.5003 0.7038
vn -0.8374 0.1235 0.5324
vn -0.8937 0.1061 0.4359
vn -0.8193 0.1802 0.5443
vn -0.8203 0.1824 0.5421
vn -0.8037 0.2069 0.5579
vn -0.5075 0.5151 0.6907
vn -0.5499 0.4609 0.6965
vn -0.7261 0.2955 0.6209
vn -0.7229 0.2977 0.6236
vn -0.6917 0.2891 0.6619
vn -0.6811 0.3316 0.6528
vn -0.6093 0.3811 0.6953
vn -0.7541 0.3045 0.5819
vn -0.5649 0.7286 0.3873
vn -0.8044 0.2638 0.5323
vn -0.9351 0.0775 0.3457
vn -0.864 0.1677 0.4748
vn -0.8625 0.1652 0.4784
vn -0.4914 0.5471 0.6777
vn -0.4654 0.6056 0.6455
vn -0.5854 0.7253 0.3624
vn -0.8574 0.215 0.4675
vn -0.8999 0.171 0.4011
vn -0.7204 0.3352 0.6071
vn -0.9328 0.1159 0.3414
vn -0.9165 0.1351 0.3764
vn -0.6779 0.391 0.6226
vn -0.8485 0.2271 0.478
vn -0.9024 0.1687 0.3966
vn -0.5778 0.4565 0.6766
vn -0.9094 0.181 0.3744
vn -0.7798 0.2869 0.5565
vn -0.7288 0.3599 0.5824
vn -0.602 0.4758 0.6413
vn -0.5717 0.7323 0.3701
vn -0.9511 0.0875 0.2962
vn -0.9466 0.1168 0.3006
vn -0.9662 0.0713 0.2479
vn -0.9462 0.1174 0.3015
vn -0.9618 0.1235 0.2443
vn -0.881 0.4527 0.1373
vn -0.7588 0.3483 0.5504
vn -0.5099 0.5706 0.6437
vn -0.654 0.6778 0.336
vn -0.6602 0.6841 0.31
vn -0.5908 0.4839 0.6455
vn -0.8401 0.2819 0.4635
vn -0.8338 0.2765 0.4778
vn -0.5886 0.5127 0.6251
vn -0.4958 0.471 0.7296
vn -0.6081 0.7212 0.3317
vn -0.6113 0.7166 0.3359
vn -0.9252 0.1657 0.3415
vn -0.4612 0.6085 0.6458
vn -0.7491 0.6153 0.2454
vn -0.7946 0.557 0.2417
vn -0.8887 0.2293 0.3969
vn -0.8874 0.2101 0.4103
vn -0.7868 0.3478 0.5098
vn -0.6432 0.4811 0.5957
vn -0.6866 0.4442 0.5756
vn -0.919 0.2107 0.3331
vn -0.6393 0.4839 0.5976
vn -0.8453 0.5087 0.1633
vn -0.5519 0.5393 0.6361
vn -0.6045 0.5318 0.5932
vn -0.654 0.5024 0.5655
vn -0.8686 0.2681 0.4168
vn -0.9737 0.1401 0.1794
vn -0.958 0.1487 0.2451
vn -0.6372 0.712 0.295
vn -0.9488 0.1668 0.2684
vn -0.6764 0.6899 0.2581
vn -0.6565 0.6863 0.313
vn -0.5202 0.5975 0.6103
vn -0.4578 0.6454 0.6115
vn -0.838 0.3445 0.4231
vn -0.8399 0.3159 0.4413
vn -0.7827 0.5852 0.2121
vn -0.7368 0.6335 0.2362
vn -0.2637 0.9629 0.058
vn -0.5888 0.7951 0.1453
vn -0.3084 0.9493 0.0603
vn -0.4822 0.8105 0.3326
vn -0.2001 0.9793 0.031
vn -0.6313 0.7635 0.1361
vn -0.3362 0.9313 0.1401
vn -0.1354 0.6259 0.7681
vn -0.2068 0.5504 0.8088
vn -0.2072 0.5508 0.8085
vn -0.1964 0.6051 0.7716
vn -0.4318 0.8365 0.3373
vn -0.1602 0.6355 0.7553
vn -0.2052 0.6113 0.7643
vn -0.2463 0.9685 0.0366
vn -0.4203 0.8798 0.2221
vn -0.2355 0.5439 0.8054
vn -0.2467 0.5314 0.8104
vn -0.1884 0.6489 0.7372
vn -0.2419 0.5429 0.8042
vn -0.1657 0.7071 0.6874
vn -0.137 0.6771 0.7231
vn -0.2102 0.6849 0.6977
vn -0.2454 0.6089 0.7543
vn -0.2586 0.5534 0.7917
vn -0.1525 0.7207 0.6763
vn -0.2009 0.7203 0.6639
vn -0.2309 0.6942 0.6817
vn -0.1578 0.7613 0.6289
vn -0.2665 0.5497 0.7917
vn -0.458 0.8444 0.2778
vn -0.1453 0.811 0.5667
vn -0.1407 0.776 0.6148
vn -0.1979 0.7615 0.6172
vn -0.2595 0.9648 0.0417
vn -0.2158 0.7322 0.6461
vn -0.2103 0.7715 0.6005
vn -0.198 0.7608 0.618
vn -0.44 0.8611 0.2549
vn -0.378 0.9074 0.1837
vn -0.2016 0.7838 0.5873
vn -0.4212 0.8795 0.2217
vn -0.4119 0.8874 0.207
vn -0.4616 0.8386 0.2894
vn -0.1964 0.8113 0.5507
vn -0.3592 0.923 0.1382
vn -0.2098 0.7872 0.5799
vn -0.4957 0.8189 0.2894
vn -0.5018 0.8412 0.2013
vn -0.4572 0.8551 0.2444
vn -0.4757 0.8639 0.1653
vn -0.4542 0.8641 0.2168
vn -0.1786 0.8398 0.5126
vn -0.2753 0.9606 0.0368
vn -0.3289 0.9427 0.0567
vn -0.4979 0.8279 0.2581
vn -0.5278 0.794 0.3016
vn -0.5575 0.7754 0.2966
vn -0.4909 0.8559 0.1624
vn -0.1848 0.835 0.5183
vn -0.4754 0.8702 0.1292
vn -0.5052 0.8198 0.2696
vn -0.444 0.8939 0.0614
vn -0.4202 0.8891 0.1812
vn -0.4058 0.9013 0.1517
vn -0.4753 0.8703 0.1292
vn -0.5429 0.815 0.2027
vn -0.5114 0.841 0.1766
vn -0.1853 0.8388 0.512
vn -0.4025 0.9027 0.1522
vn -0.4752 0.848 0.2348
vn -0.5197 0.8424 0.1422
vn -0.5585 0.7865 0.2637
vn -0.5223 0.8201 0.2338
vn -0.4741 0.877 0.0773
vn -0.3766 0.9196 0.1116
vn -0.4663 0.8836 0.0424
vn -0.4606 0.8832 0.0885
vn -0.4131 0.8973 0.1556
vn -0.4655 0.8709 0.1576
vn -0.5656 0.8039 0.1839
vn -0.431 0.8823 0.1893
vn -0.4932 0.848 0.1943
vn -0.5269 0.8367 0.1494
vn -0.2295 0.7999 0.5546
vn -0.4777 0.8554 0.1999
vn -0.5219 0.8458 0.1107
vn -0.5474 0.823 0.1515
vn -0.5211 0.8213 0.2323
vn -0.4103 0.9047 0.1148
vn -0.4237 0.9005 0.0979
vn -0.0482 0.9692 0.2417
vn -0.57 0.8114 0.1295
vn -0.5173 0.8521 0.0796
vn -0.5758 0.7994 0.1717
vn -0.4077 0.9095 0.081
vn -0.6292 0.7588 0.1682
vn -0.4384 0.8884 0.1363
vn -0.5194 0.851 0.0771
vn -0.517 0.8485 0.1129
vn -0.0451 0.978 0.2038
vn -0.4025 0.9122 0.0764
vn -0.5942 0.7661 0.245
vn -0.6266 0.7615 0.166
vn -0.5621 0.8164 0.1323
vn -0.5499 0.8085 0.2098
vn -0.4959 0.8428 0.2094
vn -0.5785 0.8074 0.1161
vn -0.5929 0.7973 0.1129
vn -0.5509 0.8302 0.0849
vn -0.2176 0.8329 0.5089
vn -0.6413 0.7525 0.1496
vn -0.6377 0.7592 0.1299
vn -0.2568 0.6109 0.7489
vn -0.0338 0.9854 0.1669
vn -0.2744 0.5338 0.7999
vn -0.4472 0.8913 0.0747
vn -0.2583 0.5937 0.7621
vn -0.2436 0.6412 0.7276
vn -0.5776 0.7846 0.2254
vn -0.2311 0.696 0.6798
vn -0.2132 0.8346 0.5079
vn -0.2444 0.6549 0.7151
vn -0.2781 0.5973 0.7523
vn -0.1309 0.8306 0.5413
vn -0.2219 0.734 0.6418
vn -0.2391 0.6787 0.6944
vn -0.6254 0.7451 0.2319
vn -0.1773 0.7995 0.574
vn -0.1707 0.8398 0.5154
vn -0.2755 0.6019 0.7496
vn -0.0416 0.9913 0.1252
vn -0.1155 0.8698 0.4797
vn -0.1202 0.8737 0.4714
vn -0.1295 0.555 0.8217
vn -0.2224 0.7332 0.6426
vn -0.2101 0.774 0.5974
vn -0.0995 0.895 0.4348
vn -0.1222 0.5603 0.8192
vn -0.5986 0.7761 0.1983
vn -0.1671 0.5682 0.8058
vn -0.0409 0.984 0.1736
vn -0.6079 0.7679 0.2022
vn -0.2274 0.7431 0.6293
vn -0.2381 0.665 0.7079
vn -0.1721 0.8385 0.5169
vn -0.2647 0.6524 0.7101
vn -0.018 0.9987 0.0481
vn -0.2414 0.6979 0.6742
vn -0.1944 0.8067 0.5581
vn -0.2817 0.6819 0.675
vn -0.2572 0.857 0.4465
vn -0.104 0.9021 0.4189
vn -0.1071 0.9155 0.3878
vn -0.1337 0.8974 0.4206
vn -0.1612 0.8783 0.4502
vn -0.1439 0.8976 0.4167
vn -0.0495 0.9942 0.0955
vn -0.2044 0.7948 0.5714
vn -0.2388 0.5865 0.7739
vn -0.2379 0.8724 0.427
vn -0.2403 0.7273 0.6429
vn -0.2512 0.8935 0.3721
vn -0.2173 0.8746 0.4334
vn -0.1624 0.8728 0.4603
vn -0.2353 0.6631 0.7106
vn -0.1061 0.9251 0.3646
vn -0.0622 0.9326 0.3555
vn -0.2453 0.7381 0.6285
vn -0.0999 0.9732 0.2069
vn -0.2531 0.7315 0.6331
vn -0.1325 0.9138 0.384
vn -0.1928 0.8682 0.4572
vn -0.2804 0.7429 0.6079
vn -0.1781 0.8415 0.5101
vn -0.0709 0.9415 0.3294
vn -0.2043 0.7947 0.5716
vn -0.0678 0.935 0.3482
vn -0.1933 0.8852 0.4231
vn -0.1327 0.9113 0.3897
vn -0.2364 0.8949 0.3785
vn -0.2263 0.7759 0.5889
vn -0.1715 0.8681 0.4659
vn -0.2643 0.7677 0.5838
vn -0.279 0.7437 0.6075
vn -0.0517 0.9595 0.277
vn -0.1595 0.8871 0.433
vn -0.0794 0.9504 0.3009
vn -0.1092 0.9394 0.3251
vn -0.1098 0.9323 0.3447
vn -0.2299 0.7964 0.5593
vn -0.0801 0.9547 0.2866
vn -0.2523 0.7918 0.5563
vn -0.2691 0.8079 0.5243
vn -0.143 0.917 0.3723
vn -0.0983 0.9828 0.1565
vn -0.2678 0.8082 0.5244
vn -0.1171 0.9352 0.3341
vn -0.1286 0.9702 0.2055
vn -0.1699 0.8824 0.4387
vn -0.1964 0.8395 0.5065
vn -0.1885 0.8587 0.4765
vn -0.2136 0.8257 0.5221
vn -0.16 0.8847 0.4377
vn -0.1152 0.9442 0.3087
vn -0.1187 0.954 0.2754
vn -0.0957 0.9838 0.1518
vn -0.2418 0.8399 0.4859
vn -0.155 0.9053 0.3955
vn -0.0896 0.9633 0.2529
vn -0.179 0.8866 0.4265
vn -0.0233 0.9994 0.0237
vn -0.0884 0.9617 0.2593
vn -0.0666 0.9932 0.0952
vn -0.1372 0.9454 0.2957
vn -0.0352 0.999 0.0279
vn -0.0616 0.9974 0.0382
vn -0.2127 0.8378 0.5028
vn 0.0619 0.998 0.0129
vn -0.0259 0.9996 0.0113
vn -0.1711 0.881 0.441
vn -0.1512 0.9226 0.3549
vn -0.1358 0.9368 0.3224
vn -0.1845 0.9427 0.2779
vn -0.1706 0.9384 0.3003
vn -0.0901 0.9945 0.0527
vn 0.0738 0.9971 0.0165
vn -0.067 0.9757 0.2088
vn -0.2276 0.8464 0.4815
vn -0.0971 0.9908 0.0946
vn -0.0887 0.9883 0.1244
vn -0.1322 0.9475 0.2911
vn -0.1289 0.9575 0.2579
vn -0.1401 0.9664 0.2154
vn -0.0958 0.9718 0.2153
vn 0.0779 0.9969 0.0132
vn -0.1826 0.9453 0.2703
vn -0.1813 0.872 0.4547
vn -0.1583 0.9129 0.3762
vn -0.0699 0.9849 0.1586
vn -0.0247 0.9996 0.0129
vn -0.1035 0.9935 0.0481
vn -0.0958 0.9837 0.1518
vn -0.1404 0.9791 0.1474
vn -0.2122 0.8708 0.4436
vn -0.1267 0.9908 0.0486
vn -0.194 0.8846 0.424
vn -0.0759 0.9971 0.0084
vn -0.0609 0.9872 0.1474
vn -0.1472 0.9853 0.0863
vn -0.2184 0.9317 0.2901
vn -0.2473 0.9306 0.2699
vn 0.0321 0.9992 0.0226
vn -0.0693 0.9926 0.0999
vn -0.1253 0.9918 0.0251
vn -0.1806 0.8847 0.4297
vn -0.207 0.9748 0.0837
vn -0.1269 0.9833 0.1302
vn -0.1564 0.9686 0.1935
vn -0.2055 0.9772 0.0529
vn -0.0398 0.9988 0.0278
vn -0.1711 0.9845 0.0378
vn -0.1874 0.9809 0.0527
vn -0.1368 0.98 0.1444
vn -0.1607 0.9514 0.2629
vn -0.2707 0.9557 0.1154
vn -0.1182 0.9639 0.2385
vn -0.2641 0.9583 0.1093
vn -0.1492 0.963 0.2246
vn -0.172 0.8993 0.4022
vn -0.1862 0.9021 0.3893
vn -0.1643 0.9169 0.3638
vn -0.3172 0.9344 0.1623
vn -0.3789 0.9068 0.1847
vn -0.3318 0.9271 0.1743
vn -0.2592 0.9628 0.0763
vn -0.0641 0.9972 0.0382
vn -0.1762 0.9233 0.3413
vn -0.5073 0.7894 0.3457
vn -0.2991 0.9497 0.0932
vn -0.2388 0.9048 0.3526
vn -0.509 0.7877 0.347
vn -0.3659 0.925 0.1026
vn -0.3629 0.9261 0.103
vn -0.3313 0.939 0.0928
vn -0.2365 0.8605 0.4513
vn -0.3082 0.9494 0.0602
vn -0.2249 0.8734 0.432
vn -0.21 0.8703 0.4454
vn -0.3703 0.9265 0.0677
vn -0.3563 0.9315 0.0731
vn -0.325 0.9448 0.0416
vn -0.0931 0.9943 0.0525
vn -0.319 0.947 0.0369
vn -0.3783 0.9248 0.0414
vn -0.5583 0.7867 0.2634
vn -0.4189 0.907 0.0426
vn -0.3685 0.9283 0.0503
vn -0.1535 0.8703 0.468
vn -0.137 0.8837 0.4476
vn -0.2097 0.8721 0.4421
vn -0.193 0.8045 0.5617
vn -0.0588 0.9978 0.0318
vn -0.2262 0.7769 0.5877
vn -0.1969 0.8188 0.5393
vn -0.1751 0.8534 0.4911
vn -0.1973 0.8177 0.5409
vn -0.0267 0.9623 0.2706
vn -0.2003 0.949 0.2435
vn -0.2336 0.9004 0.3671
vn -0.0262 0.9996 0.0112
vn -0.1864 0.902 0.3895
vn -0.192 0.8381 0.5105
vn -0.2118 0.9051 0.3686
vn -0.0742 0.9971 0.019
vn -0.1777 0.8581 0.4817
vn -0.0736 0.9971 0.0191
vn -0.1119 0.9914 0.0673
vn -0.086 0.9957 0.0353
vn -0.2248 0.8924 0.3913
vn -0.0127 0.9635 0.2673
vn -0.0071 0.9871 0.1597
vn -0.1588 0.9672 0.1984
vn -0.2138 0.9204 0.3273
vn -0.1255 0.9895 0.0713
vn -0.1454 0.9859 0.083
vn -0.0013 0.997 0.0773
vn -0.0158 0.9928 0.119
vn -0.0183 0.9831 0.182
vn -0.2161 0.9204 0.326
vn -0.0298 0.9995 0.0145
vn 0.0875 0.996 0.018
vn -0.2461 0.9026 0.3532
vn -0.2153 0.8677 0.448
vn -0.2444 0.8818 0.4033
vn -0.205 0.9543 0.2177
vn -0.1975 0.9593 0.2019
vn 0.0527 0.9986 0.0095
vn -0.2331 0.8592 0.4554
vn -0.022 0.9996 0.0166
vn -0.2342 0.8843 0.4041
vn -0.174 0.9796 0.1009
vn -0.2842 0.867 0.4094
vn -0.2232 0.8817 0.4156
vn -0.0623 0.998 0.0147
vn -0.1637 0.9846 0.0607
vn -0.2551 0.9358 0.2433
vn -0.2523 0.9363 0.2443
vn -0.1725 0.9815 0.0834
vn -0.2519 0.8414 0.478
vn -0.2661 0.9163 0.2994
vn -0.2736 0.8936 0.3557
vn -0.2459 0.8801 0.4063
vn -0.2285 0.8706 0.4357
vn -0.1495 0.9852 0.084
vn -0.3012 0.8209 0.4853
vn -0.255 0.8528 0.4558
vn -0.1701 0.9836 0.0604
vn -0.1731 0.9734 0.1503
vn -0.1006 0.9947 0.021
vn -0.163 0.9744 0.1548
vn -0.2248 0.9574 0.1811
vn -0.2482 0.8639 0.4382
vn -0.2901 0.9158 0.2776
vn -0.2459 0.9471 0.2062
vn -0.2927 0.899 0.3257
vn -0.1229 0.9921 0.0258
vn -0.2898 0.8752 0.3874
vn -0.2898 0.8997 0.3263
vn -0.1989 0.9648 0.172
vn -0.3143 0.8321 0.4569
vn -0.2206 0.8796 0.4215
vn -0.2886 0.9204 0.2638
vn -0.2374 0.9615 0.1384
vn -0.2885 0.9161 0.2785
vn -0.3184 0.8946 0.3135
vn -0.3161 0.8647 0.3903
vn -0.2832 0.9328 0.223
vn -0.2176 0.9608 0.1719
vn -0.2184 0.9694 0.1122
vn -0.2766 0.9411 0.1946
vn -0.334 0.8232 0.4591
vn -0.3078 0.8447 0.4378
vn -0.1465 0.9885 0.0375
vn -0.1712 0.9801 0.1006
vn -0.2514 0.8618 0.4404
vn -0.333 0.9044 0.2668
vn -0.3041 0.9258 0.2244
vn -0.3231 0.9146 0.2433
vn -0.2706 0.949 0.1621
vn -0.2078 0.9745 0.0847
vn -0.2105 0.9739 0.0844
vn -0.3525 0.8776 0.3248
vn -0.3288 0.8508 0.4099
vn -0.237 0.963 0.1287
vn -0.2994 0.8432 0.4466
vn -0.2373 0.8591 0.4535
vn -0.3799 0.8246 0.4192
vn -0.3466 0.8846 0.3121
vn -0.3519 0.8774 0.3261
vn -0.3538 0.8485 0.3935
vn -0.2023 0.9721 0.1187
vn -0.3154 0.9338 0.1689
vn -0.274 0.9438 0.185
vn -0.3297 0.9074 0.2606
vn -0.3009 0.9354 0.1855
vn -0.3615 0.8964 0.2566
vn -0.2042 0.9715 0.1206
vn -0.4126 0.796 0.4429
vn -0.2411 0.9679 0.071
vn -0.3105 0.844 0.4374
vn -0.2432 0.9599 0.1391
vn -0.4107 0.8124 0.414
vn -0.3857 0.8404 0.3807
vn -0.3584 0.8878 0.2889
vn -0.4029 0.8453 0.351
vn 0.0508 0.9986 0.0138
vn 0.0024 1 0.0064
vn -0.2698 0.9507 0.1531
vn -0.2944 0.9446 0.1453
vn -0.4335 0.8344 0.3404
vn -0.3338 0.9223 0.1949
vn -0.3699 0.9024 0.2213
vn -0.0168 0.9996 0.0216
vn -0.0801 0.9965 0.0224
vn -0.3938 0.8757 0.2795
vn -0.0503 0.9982 0.0337
vn -0.4532 0.8031 0.3868
vn -0.0986 0.9949 0.0222
vn -0.1481 0.9886 0.0264
vn -0.1216 0.9924 0.0195
vn -0.1667 0.9856 0.0273
vn -0.3012 0.9453 0.1248
vn -0.3604 0.9059 0.2223
vn -0.3927 0.8775 0.2752
vn -0.4512 0.8061 0.3828
vn -0.4167 0.8764 0.2414
vn -0.3034 0.9447 0.1247
vn -0.4124 0.8606 0.2988
vn -0.1263 0.9914 0.0337
vn -0.2142 0.9758 0.0435
vn -0.4328 0.8418 0.3226
vn -0.4138 0.8776 0.2421
vn -0.363 0.9124 0.189
vn -0.1896 0.9813 0.0321
vn -0.2322 0.8921 0.3876
vn -0.1967 0.9738 0.1139
vn -0.1341 0.8674 0.4793
vn -0.2335 0.9033 0.3599
vn -0.2426 0.8886 0.3893
vn -0.1992 0.9598 0.1976
vn -0.2296 0.9295 0.2888
vn -0.2223 0.9331 0.2825
vn -0.2214 0.9383 0.2655
vn -0.2177 0.9427 0.253
vn -0.2191 0.9421 0.2538
vn -0.2193 0.9417 0.2553
vn -0.1622 0.898 0.4091
vn -0.1426 0.7704 0.6214
vn -0.1208 0.7552 0.6443
vn -0.1063 0.6565 0.7468
vn -0.1756 0.9042 0.3894
vn -0.1808 0.7838 0.5942
vn -0.1972 0.91 0.3647
vn -0.2043 0.7892 0.5791
vn -0.203 0.787 0.5826
vn -0.193 0.9089 0.3696
vn -0.2118 0.8968 0.3885
vn -0.2208 0.7832 0.5812
vn -0.231 0.7608 0.6065
vn -0.2133 0.9545 0.2084
vn -0.2631 0.7989 0.5408
vn -0.2319 0.7606 0.6064
vn -0.2057 0.8971 0.391
vn -0.2122 0.9343 0.2864
vn -0.2251 0.8625 0.4532
vn -0.2931 0.8769 0.3809
vn -0.1562 0.9673 0.1997
vn -0.2373 0.8703 0.4317
vn -0.247 0.7402 0.6254
vn -0.2453 0.7318 0.6359
vn -0.2312 0.9261 0.2981
vn -0.2362 0.8396 0.4892
vn -0.2601 0.7512 0.6067
vn -0.2563 0.7502 0.6095
vn -0.2095 0.9285 0.3064
vn -0.1793 0.9003 0.3966
vn -0.198 0.9677 0.156
vn -0.1588 0.9665 0.2015
vn -0.245 0.7905 0.5614
vn -0.1258 0.5775 0.8066
vn -0.1835 0.4841 0.8556
vn -0.1516 0.766 0.6247
vn -0.2587 0.7631 0.5923
vn -0.1292 0.9379 0.3219
vn -0.2516 0.7662 0.5913
vn -0.1762 0.7926 0.5838
vn -0.2138 0.9321 0.2923
vn -0.1926 0.913 0.3596
vn -0.2433 0.8324 0.4979
vn -0.2473 0.8385 0.4856
vn -0.1919 0.9431 0.2715
vn -0.2677 0.8233 0.5006
vn -0.2165 0.7746 0.5942
vn -0.2568 0.8776 0.4049
vn -0.2253 0.8941 0.3871
vn -0.2104 0.896 0.391
vn -0.2149 0.6531 0.7262
vn -0.2282 0.8971 0.3783
vn -0.2427 0.9195 0.3092
vn -0.2314 0.8945 0.3825
vn -0.2635 0.8029 0.5346
vn -0.2237 0.7418 0.6322
vn -0.2557 0.7931 0.5528
vn -0.2028 0.9286 0.3108
vn -0.1997 0.9536 0.2252
vn -0.2331 0.8417 0.4871
vn -0.2358 0.8902 0.3898
vn -0.2542 0.8376 0.4836
vn -0.2537 0.7253 0.64
vn -0.2029 0.9535 0.2228
vn -0.2595 0.8458 0.4662
vn -0.2799 0.7237 0.6308
vn -0.244 0.8614 0.4455
vn -0.2589 0.7148 0.6496
vn -0.2496 0.9006 0.3558
vn -0.2072 0.9493 0.2364
vn -0.2189 0.9077 0.358
vn -0.2651 0.7129 0.6492
vn -0.2637 0.7524 0.6036
vn -0.2086 0.9509 0.2285
vn -0.2152 0.9349 0.2822
vn -0.1462 0.9197 0.3643
vn -0.2445 0.7395 0.6271
vn -0.2359 0.8709 0.4312
vn -0.2138 0.8541 0.4741
vn -0.2088 0.9507 0.2294
vn -0.2398 0.9259 0.292
vn -0.2163 0.9051 0.366
vn -0.2613 0.7762 0.5738
vn -0.2289 0.9005 0.3697
vn -0.2347 0.9032 0.3592
vn -0.2115 0.9463 0.2443
vn -0.1874 0.9302 0.3156
vn -0.275 0.7109 0.6473
vn -0.2602 0.7889 0.5568
vn -0.264 0.8027 0.5348
vn -0.2526 0.7541 0.6063
vn -0.2377 0.8911 0.3866
vn -0.2189 0.9359 0.2759
vn -0.2338 0.9004 0.3668
vn -0.2422 0.8941 0.3767
vn -0.194 0.94 0.2806
vn -0.2602 0.8251 0.5015
vn -0.2695 0.7355 0.6216
vn -0.2103 0.9592 0.1887
vn -0.1847 0.9757 0.1177
vn -0.2623 0.7744 0.5757
vn -0.2445 0.8797 0.4079
vn -0.2445 0.8826 0.4015
vn -0.2432 0.8841 0.3991
vn -0.2141 0.9287 0.3029
vn -0.0405 0.1965 0.9797
vn -0.0417 0.2039 0.9781
vn -0.0683 0.3712 0.926
vn -0.0682 0.371 0.9261
vn -0.0964 0.5492 0.8301
vn -0.0923 0.5243 0.8465
vn -0.1159 0.6745 0.7291
vn -0.1197 0.7006 0.7034
vn -0.1322 0.7833 0.6074
vn -0.1359 0.8091 0.5717
vn -0.1446 0.8657 0.4793
vn -0.1527 0.9252 0.3474
vn -0.1565 0.9504 0.2687
vn -0.1592 0.9753 0.1532
vn -0.1598 0.9801 0.1178
vn -0.0124 0.0222 0.9997
vn -0.0141 0.0136 0.9998
vn -0.0113 0.0159 0.9998
vn -0.0113 0.016 0.9998
vn -0.0113 0.0164 0.9998
vn -0.0113 0.0158 0.9998
vn -0.0119 0.019 0.9997
vn -0.0114 0.0161 0.9998
vn -0.0115 0.0166 0.9998
vn -0.0124 0.0155 0.9998
vn -0.0088 0.0176 0.9998
vn -0.012 0.0144 0.9998
vn -0.011 0.0168 0.9998
vn -0.0162 0.0194 0.9997
vn -0.0132 0.017 0.9998
vn -0.0119 0.0169 0.9998
vn -0.0124 0.0166 0.9998
vn -0.0145 0.0158 0.9998
vn -0.0182 0.0215 0.9996
vn -0.0171 0.0233 0.9996
vn -0.0138 0.0169 0.9998
vn -0.0208 0.0376 0.9991
vn -0.0277 0.0231 0.9994
vn -0.0113 0.0302 0.9995
vn -0.0143 0.0219 0.9997
vn -0.0229 0.0132 0.9997
vn -0.0113 0.0171 0.9998
vn -0.0117 0.0178 0.9998
vn -0.011 0.0174 0.9998
vn -0.0218 0.0175 0.9996
vn -0.0114 0.016 0.9998
vn -0.011 0.0171 0.9998
vn -0.0113 0.0176 0.9998
vn -0.0118 0.0189 0.9998
vn -0.0131 0.0166 0.9998
vn -0.0113 0.0175 0.9998
vn -0.0115 0.0164 0.9998
vn -0.0115 0.0159 0.9998
vn -0.0126 0.0161 0.9998
vn -0.0119 0.0165 0.9998
vn -0.0137 0.0107 0.9998
vn -0.0123 0.0167 0.9998
vn -0.0172 0.0156 0.9997
vn -0.0108 0.0168 0.9998
vn -0.0114 0.0164 0.9998
vn -0.0111 0.0171 0.9998
vn -0.0137 0.0213 0.9997
vn -0.0128 0.0257 0.9996
vn -0.0112 0.0159 0.9998
vn -0.016 0.0144 0.9998
vn -0.0105 0.0167 0.9998
vn -0.0107 0.0172 0.9998
vn -0.0141 0.0123 0.9998
vn -0.0083 0.0163 0.9998
vn -0.0134 0.016 0.9998
vn -0.0112 0.016 0.9998
vn -0.0128 0.0181 0.9998
vn -0.0064 0.0145 0.9999
vn -0.015 0.0176 0.9997
vn -0.0099 0.0167 0.9998
vn -0.0112 0.0161 0.9998
vn -0.0146 0.0094 0.9998
vn -0.0126 0.015 0.9998
vn -0.0113 0.0163 0.9998
vn -0.0092 0.0165 0.9998
vn -0.0128 0.0158 0.9998
vn -0.0122 0.0148 0.9998
vn -0.0143 0.0196 0.9997
vn -0.0123 0.015 0.9998
vn -0.014 0.0211 0.9997
vn -0.0142 0.0098 0.9999
vn -0.0131 0.0141 0.9998
vn -0.0128 0.0173 0.9998
vn -0.0126 0.0157 0.9998
vn -0.0127 0.015 0.9998
vn -0.0127 0.0168 0.9998
vn -0.014 0.0212 0.9997
vn -0.0127 0.0078 0.9999
vn -0.0115 0.0167 0.9998
vn -0.0127 0.0187 0.9997
vn -0.0096 0.0215 0.9997
vn -0.0119 0.0143 0.9998
vn -0.0123 0.0215 0.9997
vn -0.0122 0.018 0.9998
vn -0.0123 0.0171 0.9998
vn -0.0107 0.0168 0.9998
vn -0.0124 0.0168 0.9998
vn -0.0127 0.0165 0.9998
vn -0.0133 0.0162 0.9998
vn -0.0196 0.0081 0.9998
vn -0.0146 0.0157 0.9998
vn -0.1898 0.8329 0.5198
vn -0.1539 0.9445 0.2901
vn -0.0797 0.8592 0.5054
vn 0.0039 0.4354 0.9002
vn -0.0432 0.2293 0.9724
vn -0.0956 0.9368 0.3366
vn -0.0863 0.9293 0.3592
vn -0.048 0.7106 0.702
vn -0.1326 0.8294 0.5427
vn -0.05 0.2404 0.9694
vn -0.0416 0.5908 0.8057
vn -0.1062 0.7804 0.6162
vn -0.0403 0.5924 0.8046
vn -0.023 0.9588 0.2831
vn -0.018 0.269 0.963
vn -0.0435 0.9405 0.3371
vn -0.0914 0.6154 0.7829
vn -0.1025 0.6687 0.7364
vn -0.0923 0.5455 0.833
vn -0.0264 0.8026 0.596
vn -0.1876 0.9124 0.3639
vn -0.0412 0.839 0.5426
vn -0.0251 0.2757 0.9609
vn -0.1808 0.7131 0.6774
vn -0.0665 0.4266 0.902
vn -0.1261 0.9201 0.3707
vn -0.1013 0.783 0.6137
vn -0.0648 0.4266 0.9021
vn -0.0663 0.3911 0.918
vn -0.1311 0.8296 0.5427
vn -0.0433 0.2296 0.9723
vn -0.1476 0.9833 0.1064
vn -0.0295 0.9939 0.1067
vn -0.0314 0.9938 0.1064
vn -0.0294 0.9939 0.1067
vn -0.1582 0.9814 0.1084
vn -0.0944 0.9896 0.1086
vn -0.0823 0.9908 0.1071
vn -0.005 0.0057 -1
vn 0.0066 -0.0097 -0.9999
vn -0.0004 0.0005 -1
vn 0.0001 -0.0003 -1
vn 0.0002 -0.0003 -1
vn -0.0083 -0.0119 -0.9999
vn 0.0005 0.0005 -1
vn 0.0001 -0.0002 -1
vn -0.0013 -0.0019 -1
vn -0.0002 -0.0002 -1
vn 0.0002 -0.0001 -1
vn -0.0003 0.0002 -1
vn -0.0001 0.0001 -1
vn -0.147 -0.983 0.1103
vn -0.0858 -0.991 0.1024
vn -0.0088 -0.9939 0.1104
vn -0.0758 -0.9916 0.1049
vn 0.405 -0.9036 0.14
vn -0.0151 -0.2396 0.9708
vn -0.0211 -0.2711 0.9623
vn -0.0229 -0.5232 0.8519
vn -0.0312 -0.4474 0.8938
vn -0.0255 -0.552 0.8334
vn -0.0133 -0.7286 0.6848
vn -0.03 -0.8057 0.5915
vn -0.0047 -0.961 0.2766
vn -0.0377 -0.8159 0.577
vn -0.0525 -0.8662 0.497
vn -0.0518 -0.9094 0.4128
vn -0.0647 -0.2774 0.9586
vn -0.1024 -0.5901 0.8008
vn -0.0594 -0.2923 0.9545
vn -0.13 -0.8022 0.5828
vn -0.1282 -0.8628 0.489
vn -0.1436 -0.9065 0.3971
vn -0.0819 -0.9519 0.2952
vn -0.1351 -0.9412 0.3096
vn -0.0928 -0.6896 0.7182
vn -0.0896 -0.6902 0.7181
vn -0.0587 -0.4518 0.8902
vn -0.1707 -0.9273 0.3333
vn -0.1798 -0.9517 0.249
vn -0.2154 -0.6292 0.7468
vn -0.2077 -0.748 0.6303
vn -0.2168 -0.7978 0.5626
vn -0.2224 -0.799 0.5586
vn -0.276 -0.8878 0.3682
vn -0.1692 -0.9419 0.2901
vn -0.1471 -0.8573 0.4933
vn -0.2346 -0.6959 0.6787
vn -0.1943 -0.8952 0.4012
vn -0.1802 -0.9826 0.0445
vn -0.1997 -0.9525 0.23
vn -0.2317 -0.8265 0.513
vn -0.2559 -0.7377 0.6247
vn -0.2053 -0.9296 0.3061
vn -0.2255 -0.7538 0.6172
vn -0.2031 -0.9544 0.2186
vn -0.1928 -0.9628 0.1891
vn -0.2182 -0.9497 0.2247
vn -0.2012 -0.9454 0.2563
vn -0.1918 -0.9726 0.1313
vn -0.2001 -0.9571 0.2094
vn -0.2607 -0.8075 0.5291
vn -0.2251 -0.9336 0.2788
vn -0.2201 -0.9355 0.2764
vn -0.1959 -0.9244 0.3272
vn -0.2003 -0.9603 0.194
vn -0.1996 -0.962 0.1864
vn -0.1765 -0.9289 0.3255
vn -0.2535 -0.8366 0.4856
vn -0.2304 -0.9348 0.2703
vn -0.2025 -0.948 0.2456
vn -0.1927 -0.9697 0.1499
vn -0.207 -0.951 0.2298
vn -0.2266 -0.6154 0.7549
vn -0.2397 -0.7011 0.6715
vn -0.2642 -0.7789 0.5688
vn -0.1982 -0.9351 0.2938
vn -0.2062 -0.952 0.2264
vn -0.2042 -0.9572 0.2053
vn -0.2074 -0.9535 0.2189
vn -0.23 -0.9147 0.3324
vn -0.2425 -0.6854 0.6866
vn -0.2525 -0.8406 0.4792
vn -0.2489 -0.8667 0.4324
vn -0.2472 -0.7762 0.58
vn -0.1242 -0.7031 0.7002
vn -0.2564 -0.6594 0.7067
vn -0.2172 -0.8985 0.3815
vn -0.1642 -0.8295 0.5339
vn -0.1481 -0.8261 0.5437
vn -0.2597 -0.7331 0.6286
vn -0.1632 -0.7226 0.6718
vn -0.184 -0.5826 0.7917
vn -0.2355 -0.8644 0.4443
vn -0.2084 -0.9096 0.3595
vn -0.1958 -0.8643 0.4633
vn -0.1771 -0.9522 0.249
vn -0.2043 -0.9103 0.36
vn -0.2095 -0.9161 0.342
vn -0.2027 -0.8916 0.4049
vn -0.2375 -0.8241 0.5143
vn -0.219 -0.9238 0.3139
vn -0.2329 -0.8916 0.3882
vn -0.2579 -0.8099 0.5269
vn -0.2606 -0.6907 0.6745
vn -0.2445 -0.7752 0.5825
vn -0.2228 -0.8937 0.3895
vn -0.2452 -0.7343 0.6329
vn -0.2486 -0.8745 0.4165
vn -0.2154 -0.8971 0.3858
vn -0.2557 -0.8361 0.4853
vn -0.2419 -0.774 0.5852
vn -0.2628 -0.7276 0.6337
vn -0.217 -0.9213 0.3226
vn -0.2504 -0.8694 0.4259
vn -0.254 -0.7646 0.5924
vn -0.2541 -0.838 0.4829
vn -0.2255 -0.8934 0.3885
vn -0.2357 -0.834 0.4989
vn -0.2573 -0.7925 0.5529
vn 0.0951 -0.8959 -0.4341
vn -0.2347 -0.9125 0.335
vn -0.246 -0.8233 0.5116
vn -0.2176 -0.9418 0.2563
vn -0.268 -0.7331 0.6251
vn -0.2728 -0.8745 0.4011
vn -0.2345 -0.859 0.4551
vn -0.2436 -0.854 0.4598
vn -0.2261 -0.9383 0.2615
vn -0.222 -0.941 0.2553
vn -0.2393 -0.8485 0.4719
vn -0.2697 -0.8274 0.4927
vn -0.2927 -0.834 0.4677
vn -0.2417 -0.8897 0.3873
vn -0.2342 -0.8545 0.4636
vn -0.2113 -0.8887 0.407
vn -0.2304 -0.9129 0.337
vn -0.2557 -0.8448 0.47
vn -0.2643 -0.7728 0.577
vn -0.2403 -0.9181 0.3151
vn -0.2167 -0.9276 0.3042
vn -0.2526 -0.8521 0.4584
vn -0.2102 -0.9704 0.1189
vn -0.2526 -0.8405 0.4794
vn -0.2332 -0.9114 0.339
vn -0.1341 -0.678 0.7227
vn -0.1795 -0.6906 0.7006
vn -0.1728 -0.7989 0.5761
vn -0.2043 -0.8207 0.5335
vn -0.2476 -0.8823 0.4003
vn -0.2114 -0.9499 0.2302
vn -0.242 -0.8919 0.3822
vn -0.2415 -0.8777 0.4138
vn -0.2248 -0.9306 0.2888
vn -0.2303 -0.9313 0.2821
vn -0.1955 -0.97 0.1443
vn -0.2351 -0.9011 0.3644
vn -0.2349 -0.9013 0.364
vn -0.192 -0.9717 0.138
vn -0.2021 -0.9594 0.1968
vn -0.2393 -0.9061 0.3488
vn -0.2349 -0.9112 0.3385
vn -0.211 -0.9567 0.2008
vn -0.2064 -0.9583 0.1977
vn -0.2244 -0.9379 0.2645
vn -0.1528 -0.9369 0.3144
vn -0.1999 -0.8628 0.4644
vn -0.1357 -0.9527 0.2718
vn -0.2129 -0.8066 0.5514
vn -0.1926 -0.8726 0.4488
vn -0.1707 -0.9714 0.1649
vn -0.1117 -0.9407 0.3204
vn -0.0742 -0.9822 0.1728
vn -0.1978 -0.8207 0.536
vn -0.1497 -0.9325 0.3287
vn -0.0789 -0.9827 0.1678
vn -0.1241 -0.9502 0.2858
vn -0.1216 -0.9639 0.2369
vn -0.0033 -0.9941 0.1082
vn -0.1775 -0.8663 0.4669
vn -0.2313 -0.8604 0.4542
vn -0.1796 -0.8621 0.4739
vn -0.1508 -0.985 0.0839
vn -0.1602 -0.9835 0.0839
vn -0.0908 -0.9649 0.2463
vn -0.1644 -0.8987 0.4066
vn -0.1572 -0.9184 0.3631
vn -0.0005 -0.9997 0.0246
vn -0.1787 -0.8882 0.4232
vn -0.0157 -0.9998 0.0126
vn -0.1511 -0.9442 0.2926
vn -0.2004 -0.8897 0.4102
vn -0.1471 -0.9294 0.3385
vn -0.1691 -0.939 0.2995
vn -0.178 -0.9447 0.2756
vn -0.2069 -0.9043 0.3734
vn -0.2116 -0.9383 0.2736
vn -0.1796 -0.9433 0.2791
vn -0.2014 -0.9537 0.2232
vn -0.0584 -0.9916 0.1151
vn -0.0718 -0.9919 0.1047
vn -0.069 -0.9975 0.0173
vn -0.0828 -0.9964 0.0166
vn -0.0103 -0.9999 0.0132
vn -0.119 -0.9918 0.0476
vn -0.2852 -0.8725 0.3968
vn -0.3075 -0.8729 0.3787
vn -0.1555 -0.9601 0.2326
vn -0.1506 -0.9594 0.2385
vn -0.2541 -0.8419 0.4762
vn -0.1721 -0.9164 0.3613
vn -0.1711 -0.8963 0.4091
vn -0.2677 -0.9624 0.0453
vn -0.1782 -0.966 0.1874
vn -0.3355 -0.9283 0.1604
vn -0.2876 -0.9514 0.1102
vn -0.3218 -0.9396 0.1165
vn -0.3738 -0.9057 0.1998
vn -0.1671 -0.9727 0.1612
vn -0.3404 -0.9259 0.1641
vn -0.2743 -0.9602 0.0535
vn -0.1802 -0.918 0.3534
vn -0.0141 -0.9998 0.0122
vn -0.396 -0.9127 0.1011
vn 0.0713 -0.9973 0.0163
vn -0.3312 -0.9423 0.0494
vn -0.4337 -0.8895 0.1439
vn -0.3616 -0.9297 0.0701
vn -0.0641 -0.9969 0.0449
vn -0.6117 -0.7532 0.2417
vn -0.0779 -0.9963 0.0373
vn -0.3367 -0.9399 0.0571
vn -0.396 -0.9175 0.0365
vn -0.2203 -0.7778 0.5887
vn -0.1838 -0.8353 0.5182
vn -0.0433 -0.9989 0.0188
vn -0.0572 -0.9435 0.3264
vn -0.1096 -0.9924 0.0556
vn -0.1832 -0.8397 0.5112
vn -0.2183 -0.8665 0.4489
vn -0.2214 -0.955 0.1974
vn -0.1671 -0.9565 0.2391
vn -0.1973 -0.8338 0.5157
vn -0.1769 -0.864 0.4713
vn -0.208 -0.9478 0.2417
vn -0.0153 -0.9955 0.0937
vn -0.0704 -0.9974 0.0138
vn -0.0371 -0.999 0.0244
vn 0.0809 -0.9966 0.0128
vn -0.2023 -0.9785 0.0389
vn -0.1768 -0.9784 0.1066
vn -0.223 -0.9737 0.0472
vn -0.1952 -0.9055 0.3769
vn -0.014 -0.9998 0.0121
vn -0.1979 -0.9666 0.1631
vn -0.0534 -0.9552 0.2911
vn -0.0234 -0.969 0.2461
vn -0.0019 -0.985 0.1725
vn 0.0811 -0.9966 0.013
vn -0.0857 -0.9959 0.0297
vn -0.0263 -0.9822 0.1859
vn -0.055 -0.9984 0.0115
vn -0.1885 -0.9273 0.3233
vn -0.0695 -0.9973 0.0235
vn -0.076 -0.9966 0.0325
vn 0.0735 -0.9972 0.0144
vn -0.203 -0.9098 0.3619
vn -0.259 -0.8484 0.4616
vn -0.2421 -0.8707 0.4282
vn -0.2168 -0.8758 0.4312
vn -0.212 -0.8925 0.3981
vn -0.2487 -0.903 0.3504
vn -0.2206 -0.9556 0.1953
vn -0.2434 -0.9162 0.3182
vn -0.2384 -0.9247 0.2969
vn -0.2518 -0.8833 0.3955
vn -0.121 -0.9914 0.0494
vn -0.2344 -0.9366 0.2604
vn -0.2009 -0.9655 0.1654
vn -0.1122 -0.9933 0.0261
vn -0.0956 -0.9947 0.0376
vn -0.2462 -0.9384 0.2425
vn -0.2675 -0.9334 0.239
vn -0.2867 -0.9132 0.2895
vn -0.2428 -0.924 0.2953
vn -0.2902 -0.8559 0.4281
vn -0.1895 -0.9754 0.1125
vn -0.1433 -0.9863 0.0813
vn -0.1338 -0.9907 0.0234
vn -0.235 -0.8755 0.4223
vn -0.2883 -0.8269 0.4828
vn -0.1429 -0.9894 0.0264
vn -0.1873 -0.9782 0.0893
vn -0.2402 -0.9547 0.1757
vn -0.1092 -0.5446 0.8315
vn -0.1107 -0.5457 0.8307
vn -0.283 -0.8966 0.3407
vn -0.1492 -0.9856 0.08
vn -0.1428 -0.6058 0.7827
vn -0.2373 -0.9648 0.1133
vn -0.1107 -0.6577 0.7451
vn -0.2503 -0.9473 0.1998
vn -0.1748 -0.6836 0.7086
vn -0.2783 -0.925 0.2586
vn -0.2544 -0.8984 0.3579
vn -0.1362 -0.7216 0.6787
vn -0.2749 -0.9143 0.2976
vn -0.188 -0.9799 0.067
vn -0.1589 -0.9861 0.0493
vn -0.1678 -0.7618 0.6257
vn -0.1409 -0.9897 0.024
vn -0.291 -0.8558 0.4277
vn -0.2221 -0.9667 0.1272
vn -0.2939 -0.8884 0.3528
vn -0.3097 -0.8353 0.4542
vn -0.2782 -0.935 0.2198
vn 0.0735 -0.9972 0.0142
vn -0.3235 -0.8834 0.339
vn -0.3092 -0.9215 0.2349
vn -0.2469 -0.9444 0.2173
vn -0.2091 -0.9753 0.0707
vn -0.188 -0.978 0.0903
vn -0.0132 -0.9997 0.0197
vn -0.2488 -0.9568 0.1506
vn -0.0275 -0.9748 0.2215
vn -0.5153 -0.8495 0.113
vn -0.3376 -0.8974 0.2839
vn -0.1099 -0.9938 0.0174
vn -0.0756 -0.997 0.0174
vn -0.1864 -0.9766 0.1073
vn -0.3107 -0.9042 0.2932
vn -0.5764 -0.8057 0.1365
vn -0.619 -0.7737 0.135
vn -0.635 -0.7627 0.1228
vn -0.3264 -0.91 0.2558
vn -0.203 -0.5287 0.8242
vn -0.1807 -0.5573 0.8104
vn -0.272 -0.9483 0.1638
vn -0.208 -0.6294 0.7487
vn -0.3505 -0.8759 0.3315
vn -0.1508 -0.6335 0.7589
vn -0.3183 -0.8501 0.4194
vn -0.2485 -0.5394 0.8046
vn -0.2227 -0.9664 0.1286
vn 0.2966 -0.9546 0.0288
vn -0.2248 -0.9686 0.106
vn -0.3594 -0.8325 0.4216
vn -0.2139 -0.7038 0.6774
vn -0.2576 -0.5241 0.8118
vn -0.2311 -0.5504 0.8023
vn -0.2331 -0.9687 0.0852
vn -0.218 -0.707 0.6728
vn -0.2397 -0.5935 0.7683
vn -0.2498 -0.5991 0.7607
vn -0.2512 -0.5447 0.8001
vn -0.2674 -0.5638 0.7814
vn -0.3611 -0.8455 0.3934
vn -0.2139 -0.6556 0.7242
vn -0.2096 -0.9693 0.1284
vn -0.1768 -0.9835 0.0391
vn -0.1874 -0.7497 0.6347
vn -0.2277 -0.6921 0.685
vn -0.1882 -0.7504 0.6336
vn -0.3753 -0.8135 0.4442
vn -0.3202 -0.9119 0.2568
vn -0.2288 -0.6963 0.6803
vn -0.2282 -0.9624 0.1473
vn -0.2537 -0.9569 0.1415
vn -0.1667 -0.8092 0.5634
vn -0.1624 -0.8055 0.5699
vn -0.3329 -0.9225 0.1955
vn -0.3565 -0.8542 0.3784
vn -0.2037 -0.7925 0.5749
vn -0.28 -0.9405 0.1925
vn -0.2476 -0.9631 0.1058
vn -0.2465 -0.6343 0.7327
vn -0.3769 -0.884 0.2766
vn -0.2679 -0.9596 0.0861
vn -0.2044 -0.7939 0.5726
vn -0.1906 -0.8106 0.5537
vn -0.3986 -0.8038 0.4416
vn -0.133 -0.8515 0.5072
vn -0.3481 -0.8855 0.3077
vn -0.1364 -0.9903 0.0255
vn -0.3787 -0.8616 0.3379
vn -0.1409 -0.8597 0.4909
vn -0.3054 -0.9365 0.1724
vn -0.1911 -0.8141 0.5484
vn -0.3476 -0.9114 0.2201
vn -0.368 -0.8873 0.2778
vn -0.2297 -0.7086 0.6672
vn -0.2676 -0.9552 0.1261
vn -0.2739 -0.9511 0.1428
vn -0.1088 -0.8962 0.43
vn -0.4175 -0.8154 0.401
vn -0.4111 -0.8179 0.4025
vn -0.1097 -0.8984 0.4253
vn -0.2944 -0.948 0.1206
vn -0.1891 -0.8157 0.5467
vn -0.2523 -0.9524 0.171
vn -0.3765 -0.8848 0.2744
vn -0.2271 -0.9715 0.0682
vn -0.4022 -0.8651 0.2997
vn -0.3875 -0.8485 0.3605
vn -0.4157 -0.856 0.3074
vn -0.3573 -0.9131 0.1963
vn -0.0508 -0.9644 0.2596
vn -0.3154 -0.9312 0.1829
vn -0.0738 -0.9672 0.2432
vn -0.3692 -0.9083 0.1967
vn -0.4365 -0.824 0.3612
vn -0.4259 -0.8642 0.2679
vn -0.1696 -0.9851 0.0299
vn -0.0337 -0.984 0.1752
vn -0.3922 -0.8903 0.2316
vn -0.0594 -0.9752 0.2133
vn -0.46 -0.7977 0.39
vn -0.2168 -0.843 0.4923
vn -0.3894 -0.8907 0.2345
vn -0.3984 -0.8868 0.2342
vn -0.1783 -0.9836 0.0283
vn -0.4424 -0.8451 0.3001
vn -0.4158 -0.8463 0.333
vn -0.0365 -0.9928 0.1137
vn -0.0582 -0.9838 0.1696
vn -0.0527 -0.9823 0.1798
vn -0.2381 -0.866 0.4396
vn -0.3329 -0.9292 0.1604
vn -0.0458 -0.9937 0.1022
vn -0.2496 -0.9673 0.0451
vn -0.212 -0.873 0.4392
vn -0.2114 -0.8707 0.4441
vn -0.2309 -0.9061 0.3544
vn -0.2406 -0.8969 0.371
vn -0.2479 -0.8957 0.369
vn -0.4893 -0.8014 0.3441
vn -0.2397 -0.866 0.4388
vn -0.2365 -0.8713 0.4299
vn -0.0312 -0.9989 0.034
vn -0.1921 -0.8729 0.4485
vn -0.4281 -0.8677 0.2524
vn -0.2167 -0.8839 0.4145
vn -0.2888 -0.9569 0.0319
vn -0.1874 -0.8704 0.4553
vn -0.4002 -0.8992 0.1768
vn -0.1152 -0.9735 0.1976
vn -0.4581 -0.8248 0.3315
vn -0.3023 -0.9501 0.0773
vn -0.2713 -0.9601 0.0672
vn -0.2329 -0.9718 0.0355
vn -0.475 -0.8672 0.1492
vn -0.336 -0.9331 0.1283
vn -0.5138 -0.7796 0.3581
vn -0.4853 -0.8101 0.3288
vn -0.4563 -0.8744 0.1649
vn -0.1023 -0.9775 0.1846
vn -0.3963 -0.9019 0.172
vn -0.1325 -0.9681 0.2127
vn -0.4327 -0.8998 0.0564
vn -0.471 -0.8407 0.2673
vn -0.4268 -0.9031 0.0476
vn -0.4208 -0.8714 0.2521
vn -0.1227 -0.9776 0.171
vn -0.4654 -0.8766 0.1226
vn -0.4842 -0.8688 0.1035
vn -0.464 -0.8367 0.2908
vn -0.5178 -0.8423 0.1499
vn -0.5241 -0.8394 0.1437
vn -0.5902 -0.7806 0.2057
vn -0.5179 -0.8426 0.1476
vn -0.3797 -0.9038 0.1975
vn -0.2364 -0.8905 0.3889
vn -0.4875 -0.8714 0.0548
vn -0.4773 -0.8751 0.0802
vn -0.5003 -0.8625 0.0759
vn -0.4465 -0.8662 0.2243
vn -0.2261 -0.8815 0.4146
vn -0.5723 -0.8048 0.1573
vn -0.4519 -0.8634 0.2243
vn -0.5634 -0.8051 0.1856
vn -0.6352 -0.7494 0.187
vn -0.5776 -0.7962 0.1803
vn -0.1402 -0.9742 0.1767
vn -0.4957 -0.826 0.2683
vn -0.0456 -0.9986 0.026
vn -0.5292 -0.8427 0.0993
vn -0.5712 -0.806 0.1555
vn -0.3794 -0.9145 0.1407
vn -0.5242 -0.7921 0.3126
vn -0.5312 -0.7885 0.3101
vn -0.5525 -0.8271 0.1031
vn -0.5287 -0.846 0.0686
vn -0.0982 -0.9872 0.1255
vn -0.3627 -0.929 0.0732
vn -0.2973 -0.9497 0.0984
vn -0.3611 -0.9281 0.0906
vn -0.1051 -0.988 0.1136
vn -0.6324 -0.7584 0.1577
vn -0.6185 -0.7685 0.1639
vn -0.5778 -0.8115 0.0873
vn -0.1311 -0.9785 0.1592
vn -0.5793 -0.804 0.1341
vn -0.6158 -0.7755 0.1391
vn -0.4934 -0.8281 0.2661
vn -0.6453 -0.747 0.16
vn -0.2486 -0.604 0.7572
vn -0.5434 -0.7932 0.2747
vn -0.2775 -0.5576 0.7823
vn -0.2218 -0.7421 0.6325
vn -0.2106 -0.7618 0.6126
vn -0.2548 -0.6116 0.749
vn -0.278 -0.5874 0.7601
vn -0.2418 -0.6814 0.6908
vn -0.1926 -0.8878 0.4181
vn -0.5442 -0.7928 0.2746
vn -0.2518 -0.647 0.7197
vn -0.3762 -0.9163 0.1376
vn -0.2445 -0.6838 0.6875
vn -0.584 -0.7571 0.2929
vn -0.215 -0.8689 0.4459
vn -0.1743 -0.8499 0.4973
vn -0.1738 -0.8469 0.5025
vn -0.2293 -0.7127 0.6629
vn -0.2145 -0.7628 0.61
vn -0.4804 -0.8467 0.2288
vn -0.4527 -0.8616 0.2295
vn -0.2037 -0.781 0.5903
vn -0.2497 -0.707 0.6617
vn -0.1575 -0.9668 0.2012
vn -0.5292 -0.8142 0.2387
vn -0.0771 -0.9316 0.3551
vn -0.4558 -0.8605 0.2277
vn -0.4574 -0.8701 0.1835
vn -0.4655 -0.8662 0.1818
vn -0.5882 -0.7642 0.2645
vn -0.3914 -0.9153 0.0951
vn -0.4452 -0.8885 0.1111
vn -0.5414 -0.8079 0.2328
vn -0.5215 -0.8209 0.2327
vn -0.4243 -0.8971 0.1232
vn -0.3489 -0.9361 0.045
vn -0.4083 -0.9106 0.0633
vn -0.4305 -0.8988 0.0828
vn -0.512 -0.8338 0.2067
vn -0.5411 -0.8158 0.2041
vn -0.1497 -0.9798 0.133
vn -0.5828 -0.775 0.2445
vn -0.2521 -0.7827 0.569
vn -0.5373 -0.8196 0.1991
vn -0.4275 -0.9 0.085
vn -0.5407 -0.8179 0.1967
vn -0.6166 -0.7477 0.2464
vn -0.1046 -0.9929 0.0559
vn -0.1531 -0.8966 0.4156
vn -0.4856 -0.8589 0.1626
vn -0.2251 -0.7991 0.5575
vn -0.2849 -0.769 0.5722
vn -0.1695 -0.8733 0.4568
vn -0.1412 -0.9215 0.3617
vn -0.621 -0.7519 0.2213
vn -0.0902 -0.9457 0.3122
vn -0.0719 -0.9586 0.2757
vn -0.2179 -0.8282 0.5163
vn -0.2472 -0.8125 0.5279
vn -0.6269 -0.7483 0.2167
vn -0.2468 -0.8139 0.526
vn -0.2598 -0.8278 0.4972
vn -0.5816 -0.7861 0.2092
vn -0.6268 -0.7551 0.1923
vn -0.0138 -0.9998 0.0122
vn -0.1074 -0.9428 0.3155
vn -0.1541 -0.9687 0.1944
vn -0.2517 -0.6915 0.6771
vn -0.1277 -0.9433 0.3062
vn -0.2799 -0.6357 0.7194
vn -0.2814 -0.6776 0.6794
vn -0.2732 -0.8211 0.5011
vn -0.1009 -0.961 0.2576
vn -0.1641 -0.8602 0.4829
vn -0.1383 -0.8996 0.4143
vn -0.1929 -0.8238 0.5331
vn -0.1934 -0.8175 0.5425
vn -0.1647 -0.8516 0.4977
vn -0.1776 -0.8575 0.4829
vn -0.1374 -0.9254 0.3531
vn -0.1455 -0.8946 0.4225
vn -0.2182 -0.7484 0.6263
vn -0.1627 -0.8874 0.4313
vn -0.1384 -0.9368 0.3214
vn -0.2528 -0.7347 0.6295
vn -0.1935 -0.8518 0.4868
vn -0.0769 -0.9308 0.3573
vn -0.2158 -0.8573 0.4673
vn -0.2779 -0.7389 0.6139
vn -0.1929 -0.9592 0.2069
vn -0.0106 -0.9996 0.0276
vn -0.2554 -0.732 0.6317
vn -0.2212 -0.7807 0.5844
vn -0.2361 -0.8417 0.4855
vn -0.1566 -0.8921 0.4237
vn -0.1671 -0.867 0.4694
vn -0.0934 -0.9726 0.2128
vn -0.2181 -0.8662 0.4495
vn -0.2044 -0.7943 0.5721
vn -0.1231 -0.9646 0.2332
vn -0.2519 -0.7654 0.5922
vn -0.1982 -0.8125 0.5482
vn -0.1435 -0.9839 0.1064
vn -0.0962 -0.9271 0.3623
vn -0.1272 -0.9121 0.3899
vn -1 0.0043 0.0027
vn -1 0 0
vn 0.0174 -0.9486 -0.3161
vn 0.026 -0.948 -0.3174
vn 0.0179 0 0.9998
vn 0.0188 0.0002 0.9998
vn 0.0174 0.9485 -0.3161
vn 0.0183 0.9485 -0.3163
vn -0.1625 0.9867 -0.0009
vn -0.1342 0.9906 0.0252
vn -0.1599 0.9871 0.0002
vn -0.1609 0.987 -0.0015
vn -0.1519 0.9884 0.0069
vn -0.1424 0.9896 0.0204
vn -0.1743 0.9846 -0.0109
vn -0.1664 0.986 -0.0059
vn -0.1721 0.985 -0.0156
vn -0.1547 0.9879 0.0108
vn -0.1632 0.9866 -0.003
vn -0.1559 0.9877 0.0075
vn -0.1937 0.9801 -0.0431
vn -0.153 0.9882 0.0075
vn -0.1606 0.987 -0.0005
vn -0.1599 0.9871 0.0006
vn -0.1598 0.9872 0.0007
vn -0.1595 0.9872 0.0011
vn -0.1607 0.987 -0.0002
vn -0.1598 0.9871 0.0005
vn -0.1598 0.9872 0.0005
vn -0.1604 0.9871 -0.0003
vn -0.1592 0.9872 -0.001
vn -0.1599 0.9871 0.0019
vn -0.1598 0.9872 0.0002
vn -0.1584 0.9874 0.0007
vn -0.1579 0.9875 -0.001
vn -0.1582 0.9874 -0.0007
vn -0.1598 0.9871 0.0007
vn -0.1589 0.9873 0.0005
vn -0.1589 0.9873 0.0007
vn -0.1619 0.9868 0.0004
vn -0.1598 0.9872 0.0003
vn -0.1596 0.9872 0.0008
vn -0.16 0.9871 0.0003
vn -0.1602 0.9871 -0.0005
vn -0.1573 0.9875 0.0004
vn -0.1603 0.9871 -0.0009
vn -0.1597 0.9872 0.0004
vn -0.1603 0.9871 -0.0002
vn -0.1594 0.9872 0.0005
vn -0.1594 0.9872 0.0008
vn -0.1603 0.9871 0.0001
vn -0.1603 0.9871 0
vn -0.1611 0.9869 0.0009
vn -0.1603 0.9871 0.0002
vn -0.1635 0.9865 0.0007
vn -0.1599 0.9871 0.0003
vn -0.1605 0.987 0.0009
vn -0.156 0.9877 -0.0082
vn -0.1651 0.9862 0.0086
vn -0.1602 0.9871 -0.0006
vn -0.154 0.9881 -0.001
vn -0.1604 0.9871 0.0007
vn -0.1594 0.9872 0.0003
vn -0.1263 0.991 0.0435
vn -0.1319 0.9906 0.0356
vn -0.1568 0.9876 0.0039
vn -0.1601 0.9871 0.0002
vn -0.1908 0.981 -0.0352
vn -0.1452 0.878 0.4561
vn -0.1347 0.8014 0.5827
vn -0.0673 0.361 0.9301
vn -0.0684 0.3712 0.926
vn -0.0998 0.5655 0.8187
vn -0.092 0.5244 0.8465
vn -0.1442 0.8657 0.4793
vn -0.0319 0.1394 0.9897
vn -0.0392 0.1966 0.9797
vn -0.115 0.6745 0.7292
vn -0.1535 0.9227 0.3537
vn -0.1556 0.9506 0.2688
vn -0.1206 0.7033 0.7005
vn -0.1315 0.7834 0.6075
vn -0.1598 0.9806 0.1135
vn -0.1568 0.9561 0.2476
vn -0.1599 0.9801 0.1178
vn 0.4077 -0.9069 0.1068
vn 0.6271 -0.7709 0.1113
vn 0.5375 -0.8366 0.1059
vn 0.5499 -0.829 0.1015
vn 0.4306 -0.8966 0.104
vn 0.5963 -0.7951 0.1105
vn 0.8426 -0.528 0.1062
vn 0.5968 -0.7958 0.1033
vn 0.4762 -0.8725 0.1091
vn 0.5537 -0.8255 0.1095
vn 0.8504 -0.5148 0.1085
vn 0.8294 -0.5486 0.1057
vn 0.829 -0.5493 0.1053
vn 0.8113 -0.5744 0.1087
vn 0.8088 -0.5756 0.1202
vn 0.8366 -0.5371 0.108
vn 0.0798 -0.7665 -0.6373
vn 0.7035 -0.7026 0.1067
vn 0.7488 -0.6534 0.111
vn 0.7883 -0.6069 0.1012
vn 0.7854 -0.6092 0.11
vn 0.8032 -0.5868 0.1031
vn 0.7792 -0.6176 0.1071
vn 0.842 -0.5291 0.1056
vn 0.7546 -0.6473 0.1077
vn 0.0616 -0.9926 0.1047
vn 0.7533 -0.6489 0.1067
vn 0.1069 -0.9881 0.1102
vn 0.1763 -0.9789 0.1034
vn 0.7131 -0.6931 0.1052
vn 0.7081 -0.6978 0.1078
vn 0.2258 -0.9681 0.1087
vn 0.7068 -0.6987 0.1105
vn 0.312 -0.944 0.107
vn 0.3237 -0.9404 0.1046
vn 0.6639 -0.7403 0.1056
vn 0.6556 -0.7473 0.1088
vn 0.6556 -0.7481 0.1029
vn 0.6215 -0.7764 0.1042
vn 0.744 -0.6557 0.1285
vn 0.4606 -0.6264 0.6289
vn 0.5522 -0.6446 0.5287
vn 0.5661 -0.6629 0.4901
vn 0.6337 -0.7439 0.2123
vn 0.614 -0.677 0.4058
vn 0.6317 -0.7378 0.238
vn 0.649 -0.724 0.2336
vn 0.7358 -0.6625 0.1407
vn 0.6318 -0.6845 0.3638
vn 0.6131 -0.6546 0.4422
vn 0.5804 -0.6856 0.4394
vn 0.5458 -0.6079 0.5767
vn 0.7275 -0.6692 0.1515
vn 0.7661 -0.637 0.086
vn 0.761 -0.6424 0.0904
vn 0.7812 -0.6126 0.12
vn 0.7078 -0.6778 0.199
vn 0.7301 -0.6675 0.1463
vn 0.6164 -0.6293 0.4732
vn 0.6185 -0.6578 0.4298
vn 0.7234 -0.6719 0.1588
vn 0.6218 -0.7287 0.2869
vn 0.7588 -0.6451 0.0903
vn 0.758 -0.641 0.121
vn 0.6491 -0.6577 0.3823
vn 0.8027 -0.5828 0.1265
vn 0.7966 -0.5898 0.1326
vn 0.7425 -0.6566 0.1326
vn 0.6591 -0.6464 0.3844
vn 0.6043 -0.7182 0.345
vn 0.6561 -0.6649 0.357
vn 0.676 -0.6414 0.3627
vn 0.7973 -0.5851 0.1479
vn 0.798 -0.5844 0.1472
vn 0.7517 -0.656 0.0682
vn 0.7015 -0.6615 0.2652
vn 0.7488 -0.6512 0.1238
vn 0.7594 -0.6385 0.125
vn 0.773 -0.6246 0.111
vn 0.7554 -0.6437 0.1222
vn 0.7417 -0.6598 0.1208
vn 0.738 -0.6638 0.1213
vn 0.715 -0.6855 0.1377
vn 0.7636 -0.6364 0.1088
vn 0.7344 -0.6681 0.1199
vn 0.7083 -0.6955 0.1212
vn 0.7701 -0.5858 0.2526
vn 0.7687 -0.5871 0.2538
vn 0.7313 -0.6478 0.2136
vn 0.7815 -0.6065 0.1464
vn 0.71 -0.6959 0.1075
vn 0.7653 -0.5812 0.2766
vn -0.0237 -0.9905 0.1353
vn 0.0319 -0.9938 0.1068
vn 0.0434 -0.9908 0.1285
vn 0.7125 -0.6709 0.2054
vn 0.0955 -0.99 0.1034
vn 0.7092 -0.6684 0.224
vn 0.0276 -0.9801 0.1964
vn 0.7145 -0.669 0.2045
vn 0.0806 -0.9884 0.1284
vn 0.7557 -0.5837 0.2972
vn 0.7558 -0.5834 0.2974
vn 0.7095 -0.6682 0.2239
vn 0.0351 -0.9762 0.214
vn 0.023 -0.9633 0.2676
vn 0.7847 -0.6008 0.1526
vn 0.0962 -0.9773 0.1887
vn 0.7267 -0.6408 0.2477
vn 0.0308 -0.9576 0.2863
vn 0.6925 -0.6945 0.195
vn 0.6997 -0.6884 0.1911
vn 0.1937 -0.9776 0.0821
vn 0.0762 -0.968 0.2391
vn 0.7003 -0.6682 0.2511
vn 0.6965 -0.675 0.2435
vn 0.1838 -0.9743 0.1303
vn 0.6977 -0.7051 0.127
vn 0.6805 -0.7031 0.2061
vn 0.6879 -0.692 0.219
vn 0.0872 -0.9619 0.2591
vn 0.7922 -0.5822 0.183
vn 0.7206 -0.6397 0.2673
vn 0.6985 -0.706 0.1169
vn 0.7086 -0.698 0.103
vn 0.7089 -0.6496 0.2748
vn 0.6785 -0.7124 0.1793
vn 0.7858 -0.5932 0.1753
vn 0.6735 -0.7003 0.2367
vn 0.7777 -0.6025 0.1792
vn 0.7611 -0.626 0.1698
vn 0.6521 -0.7297 0.2056
vn 0.7861 -0.5871 0.1931
vn 0.7805 -0.5926 0.1994
vn 0.197 -0.9606 0.1961
vn 0.7545 -0.6359 0.1625
vn 0.6747 -0.7117 0.1957
vn 0.665 -0.7246 0.1809
vn 0.6865 -0.7091 0.1605
vn 0.761 -0.6199 0.1914
vn 0.6667 -0.706 0.2391
vn 0.7618 -0.6161 0.2001
vn 0.7324 -0.6612 0.1623
vn 0.6811 -0.7213 0.1258
vn 0.6981 -0.6409 0.3192
vn -0.0198 -0.9338 0.3573
vn 0.0342 -0.9192 0.3924
vn 0.665 -0.7089 0.2349
vn 0.778 -0.5858 0.2269
vn 0.632 -0.7562 0.1696
vn 0.6645 -0.7264 0.1757
vn 0.7356 -0.6508 0.1879
vn 0.7428 -0.6398 0.1974
vn 0.6788 -0.7234 0.1258
vn 0.1533 -0.9585 0.2402
vn 0.7229 -0.6782 0.1323
vn 0.6661 -0.6843 0.2967
vn 0.6708 -0.6835 0.2878
vn 0.7588 -0.6135 0.2188
vn 0.646 -0.7152 0.2669
vn 0.7125 -0.691 0.1218
vn 0.6724 -0.6955 0.2533
vn 0.7474 -0.6205 0.2373
vn 0.6383 -0.7437 0.1987
vn 0.64 -0.7447 0.1892
vn 0.7236 -0.6642 0.1875
vn 0.7181 -0.6721 0.1809
vn 0.0189 -0.9025 0.4302
vn 0.6533 -0.7264 0.2136
vn 0.6312 -0.732 0.2565
vn 0.7124 -0.6781 0.1808
vn 0.7031 -0.6911 0.1674
vn 0.6142 -0.7687 0.1786
vn 0.6993 -0.7085 0.0949
vn 0.6215 -0.7552 0.2081
vn 0.6404 -0.7109 0.2906
vn -0.0115 -0.8776 0.4793
vn 0.0033 -0.8692 0.4945
vn 0.6288 -0.762 0.1547
vn 0.6307 -0.7331 0.2546
vn 0.6149 -0.742 0.2671
vn 0.0294 -0.8819 0.4705
vn 0.7426 -0.5839 0.3281
vn 0.6196 -0.7512 0.2276
vn 0.6477 -0.7508 0.1295
vn 0.7256 -0.6163 0.3061
vn 0.6811 -0.725 0.1027
vn 0.6074 -0.7732 0.182
vn 0.0532 -0.8754 0.4805
vn 0.6021 -0.7562 0.2564
vn 0.5918 -0.7741 0.2249
vn 0.6217 -0.755 0.2087
vn 0.6965 -0.7109 0.0975
vn 0.5879 -0.7702 0.2474
vn 0.5699 -0.7932 0.2146
vn 0.5933 -0.7778 0.2075
vn 0.6269 -0.7681 0.1305
vn 0.6022 -0.7823 0.1592
vn 0.686 -0.7208 0.0986
vn 0.6923 -0.7157 0.092
vn 0.5707 -0.803 0.172
vn 0.5662 -0.7956 0.2155
vn 0.7277 -0.6049 0.3233
vn 0.7152 -0.6284 0.306
vn 0.6922 -0.7158 0.0924
vn 0.6963 -0.7121 0.0902
vn 0.6775 -0.7296 0.0928
vn 0.1415 -0.8524 0.5034
vn 0.7016 -0.7065 0.0934
vn 0.242 -0.8658 0.4379
vn 0.5889 -0.7994 0.1194
vn 0.6976 -0.7112 0.0869
vn 0.6783 -0.7298 0.0859
vn 0.6922 -0.7163 0.0878
vn 0.3596 -0.912 0.1974
vn 0.4441 -0.8904 0.0996
vn 0.4776 -0.8749 0.0799
vn 0.4104 -0.8984 0.1565
vn 0.2685 -0.9091 0.3185
vn 0.2843 -0.9014 0.3266
vn 0.4954 -0.8675 0.0456
vn 0.3386 -0.8937 0.2944
vn 0.4385 -0.8813 0.176
vn 0.5208 -0.8489 0.0903
vn 0.6199 -0.7508 0.2279
vn 0.3985 -0.893 0.2093
vn 0.2486 -0.8928 0.3756
vn 0.2667 -0.8845 0.3829
vn 0.4578 -0.8756 0.1541
vn 0.6397 -0.7624 0.0977
vn 0.4555 -0.8646 0.2119
vn 0.3486 -0.894 0.2813
vn 0.5051 -0.8493 0.1535
vn 0.4223 -0.866 0.2679
vn 0.4719 -0.8636 0.1776
vn 0.5244 -0.8508 0.0347
vn 0.2434 -0.8648 0.4392
vn 0.6625 -0.7416 0.1052
vn 0.5068 -0.8491 0.1488
vn 0.432 -0.8666 0.2497
vn 0.4257 -0.8421 0.3313
vn 0.5449 -0.8266 0.1409
vn 0.5409 -0.8299 0.1366
vn 0.3653 -0.8595 0.3575
vn 0.0537 -0.7972 0.6013
vn 0.4696 -0.8487 0.2433
vn 0.5101 -0.8328 0.2149
vn 0.5175 -0.8278 0.2165
vn 0.0496 -0.7954 0.604
vn 0.6527 -0.7518 0.0939
vn 0.3424 -0.87 0.3547
vn 0.6492 -0.7549 0.093
vn 0.4737 -0.8454 0.2468
vn 0.2916 -0.9428 0.1617
vn 0.5452 -0.8175 0.1858
vn 0.2956 -0.927 0.2309
vn -0.0365 -0.7089 0.7044
vn 0.2268 -0.844 0.4861
vn 0.3841 -0.9166 0.1111
vn 0.2322 -0.8405 0.4896
vn 0.1159 -0.796 0.5941
vn 0.595 -0.7867 0.1647
vn 0.3337 -0.8452 0.4175
vn 0.3393 -0.8425 0.4184
vn -0.0492 -0.6534 0.7554
vn -0.0608 -0.685 0.726
vn 0.5127 -0.8128 0.2767
vn 0.0628 -0.7642 0.642
vn 0.3985 -0.9056 0.145
vn 0.4145 -0.9062 0.0836
vn 0.1894 -0.812 0.5521
vn 0.3704 -0.9073 0.1992
vn 0.0219 -0.7263 0.687
vn 0.6257 -0.7631 0.1617
vn 0.2892 -0.9246 0.248
vn 0.5999 -0.785 0.1545
vn 0.3044 -0.8243 0.4774
vn 0.6191 -0.7609 0.1942
vn 0.431 -0.8982 0.0862
vn 0.0938 -0.7357 0.6708
vn 0.1408 -0.7595 0.6351
vn 0.5275 -0.8119 0.2502
vn 0.6205 -0.7628 0.182
vn -0.0456 -0.7915 0.6095
vn 0.3194 -0.8134 0.4861
vn 0.5509 -0.7881 0.2745
vn 0.5242 -0.7933 0.3098
vn 0.6319 -0.7214 0.2835
vn 0.176 -0.7599 0.6258
vn 0.5326 -0.7871 0.3113
vn 0.636 -0.7451 0.2009
vn 0.2799 -0.7919 0.5427
vn 0.5948 -0.7685 0.2358
vn 0.0456 -0.6182 0.7847
vn -0.021 -0.7646 0.6442
vn 0.1562 -0.7337 0.6613
vn 0.6909 -0.7119 0.1262
vn 0.3168 -0.8721 0.3731
vn 0.2916 -0.883 0.3678
vn 0.0194 -0.7911 0.6114
vn 0.2345 -0.7377 0.6331
vn 0.5832 -0.8081 0.0832
vn -0.0062 -0.8133 0.5819
vn 0.2991 -0.7664 0.5685
vn 0.318 -0.7616 0.5647
vn 0.615 -0.7434 0.2629
vn 0.034 -0.5514 0.8335
vn 0.0353 -0.5529 0.8325
vn 0.7165 -0.6924 0.0855
vn 0.6607 -0.7254 0.1932
vn 0.712 -0.6939 0.1078
vn 0.5123 -0.7739 0.3723
vn 0.5844 -0.7975 0.1498
vn 0.5721 -0.7669 0.2909
vn 0.2999 -0.7668 0.5675
vn 0.6967 -0.7041 0.1374
vn 0.2064 -0.7088 0.6745
vn 0.299 -0.8638 0.4054
vn 0.4286 -0.8427 0.326
vn 0.6651 -0.724 0.183
vn 0.7324 -0.6726 0.1058
vn 0.0755 -0.5559 0.8278
vn 0.1145 -0.5432 0.8317
vn -0.0458 -0.7505 0.6593
vn 0.0055 -0.7437 0.6685
vn 0.3026 -0.7202 0.6243
vn 0.2765 -0.7276 0.6278
vn 0.4088 -0.8585 0.3095
vn 0.2703 -0.8467 0.4583
vn 0.1205 -0.7976 0.5911
vn 0.799 -0.5796 0.16
vn 0.5995 -0.7455 0.2911
vn 0.2475 -0.6717 0.6983
vn 0.7946 -0.5847 0.1637
vn 0.275 -0.844 0.4604
vn 0.4824 -0.8286 0.2842
vn 0.7334 -0.6701 0.1145
vn 0.7761 -0.6096 0.1614
vn 0.6955 -0.6945 0.1842
vn 0.705 -0.6925 0.153
vn 0.3853 -0.8414 0.3789
vn 0.3169 -0.7285 0.6073
vn 0.4405 -0.8361 0.327
vn 0.37 -0.7484 0.5505
vn 0.1546 -0.5377 0.8288
vn 0.1738 -0.5709 0.8024
vn 0.7701 -0.6182 0.1572
vn 0.471 -0.828 0.3044
vn 0.3043 -0.6905 0.6563
vn 0.3342 -0.6836 0.6488
vn 0.5865 -0.734 0.3423
vn 0.7434 -0.6589 0.1152
vn 0.7259 -0.6747 0.1339
vn 0.4515 -0.7416 0.4961
vn 0.6435 -0.7208 0.2577
vn 0.7426 -0.6623 0.0995
vn 0.44 -0.7308 0.5218
vn 0.7516 -0.6407 0.1568
vn 0.5549 -0.7385 0.3831
vn 0.1496 -0.7899 0.5947
vn 0.5752 -0.7396 0.3494
vn 0.3865 -0.7036 0.5963
vn 0.2695 -0.824 0.4984
vn 0.3869 -0.8393 0.3818
vn 0.7656 -0.6174 0.1807
vn 0.7048 -0.684 0.1879
vn 0.3077 -0.643 0.7013
vn 0.2376 -0.6125 0.7539
vn 0.2074 -0.5526 0.8072
vn 0.4654 -0.8099 0.3571
vn 0.7446 -0.652 0.1434
vn 0.7461 -0.6504 0.1424
vn 0.7882 -0.5767 0.215
vn 0.7788 -0.5842 0.2285
vn 0.5642 -0.7219 0.4007
vn 0.7318 -0.6684 0.1328
vn 0.4576 -0.7129 0.5314
vn 0.6765 -0.6953 0.2427
vn 0.3664 -0.8242 0.4317
vn 0.3299 -0.5633 0.7575
vn 0.292 -0.6233 0.7254
vn 0.2584 -0.5297 0.8079
vn 0.4293 -0.8207 0.3769
vn 0.4147 -0.8185 0.3976
vn 0.6125 -0.72 0.3263
vn 0.4458 -0.6983 0.5601
vn 0.2278 -0.8046 0.5484
vn 0.5705 -0.7181 0.3984
vn 0.4595 -0.6713 0.5816
vn 0.733 -0.6652 0.1421
vn 0.4526 -0.6748 0.583
vn 0.3675 -0.8234 0.4324
vn 0.7408 -0.6481 0.1767
vn 0.7537 -0.647 0.1152
vn 0.3878 -0.6371 0.6661
vn 0.515 -0.7098 0.4805
vn 0.4706 -0.8109 0.3479
vn 0.3293 -0.552 0.7661
vn 0.7573 -0.6189 0.2086
vn 0.6934 -0.7153 0.0874
vn 0.6295 -0.7068 0.3226
vn 0.7234 -0.6776 0.1322
vn -0.007 -0.647 0.7624
vn 0.3771 -0.5918 0.7125
vn 0.5599 -0.6973 0.4475
vn 0.7339 -0.6589 0.1652
vn 0.7404 -0.66 0.1276
vn 0.4496 -0.6194 0.6435
vn 0.4612 -0.6081 0.6461
vn 0.6784 -0.693 0.2439
vn 0.6497 -0.7049 0.2848
vn 0.0129 -0.6075 0.7942
vn 0.6621 -0.6901 0.2923
vn 0.4702 -0.8058 0.3601
vn 0.6031 -0.7015 0.3797
vn 0.6217 -0.6972 0.3569
vn 0.0618 -0.6771 0.7333
vn -0.0413 -0.5391 0.8412
vn 0.0878 -0.7057 0.703
vn 0.6143 -0.6947 0.3741
vn 0.7157 -0.6802 0.1584
vn 0.5809 -0.7711 0.2607
vn 0.4784 -0.8058 0.349
vn 0.6522 -0.6958 0.3008
vn 0.6699 -0.7298 0.1367
vn 0.491 -0.5798 0.6502
vn 0.4878 -0.5696 0.6615
vn 0.7829 -0.6108 0.1184
vn 0.7206 -0.6756 0.1556
vn 0.1017 -0.6644 0.7405
vn 0.4075 -0.7968 0.4462
vn 0.7955 -0.5944 0.118
vn 0.7955 -0.5943 0.118
vn 0.5678 -0.5985 0.5651
vn 0.7026 -0.6972 0.1426
vn 0.6547 -0.6859 0.3176
vn 0.7694 -0.6277 0.118
vn 0.6917 -0.7153 0.0991
vn 0.3412 -0.7971 0.4982
vn 0.6695 -0.7299 0.138
vn 0.125 -0.9869 0.1019
vn 0.613 -0.6231 0.4858
vn 0.7158 -0.6939 0.0782
vn 0.7014 -0.6803 0.2126
vn 0.1443 -0.9798 0.1382
vn 0.4049 -0.7983 0.4457
vn 0.3536 -0.7912 0.499
vn 0.1299 -0.9761 0.1742
vn 0.6445 -0.6283 0.4357
vn 0.1697 -0.7241 0.6685
vn 0.0141 -0.944 0.3296
vn 0.2426 -0.97 0.0148
vn 0.1554 -0.9589 0.2375
vn 0.0709 -0.6039 0.7939
vn 0.1467 -0.9616 0.232
vn 0.3824 -0.7739 0.5048
vn 0.7716 -0.6234 0.1266
vn 0.7679 -0.6291 0.1205
vn 0.5704 -0.7675 0.2927
vn 0.2593 -0.9594 0.1111
vn 0.2468 -0.9557 0.1607
vn 0.0788 -0.9414 0.3281
vn 0.6865 -0.663 0.2987
vn 0.4538 -0.777 0.4363
vn 0.0753 -0.9433 0.3234
vn 0.48 -0.7933 0.3745
vn 0.6881 -0.6691 0.2808
vn 0.2047 -0.9622 0.1796
vn 0.6967 -0.7102 0.1012
vn 0.7857 -0.6025 0.1403
vn 0.7797 -0.6125 0.1302
vn 0.1553 -0.6789 0.7176
vn 0.5485 -0.7689 0.3286
vn 0.7162 -0.6786 0.1627
vn 0.2574 -0.9488 0.1832
vn 0.717 -0.6784 0.1601
vn 0.7079 -0.67 0.2235
vn 0.5701 -0.7676 0.2928
vn 0.7288 -0.671 0.1367
vn 0.1233 -0.9396 0.3192
vn 0.1219 -0.9395 0.3203
vn 0.4986 -0.7796 0.3789
vn 0.7177 -0.6815 0.1433
vn 0.7376 -0.663 0.1279
vn 0.3109 -0.9425 0.1224
vn 0.7161 -0.6787 0.163
vn 0.7784 -0.6126 0.1371
vn 0.7662 -0.6275 0.1386
vn 0.0645 -0.9191 0.3886
vn 0.0725 -0.9156 0.3956
vn 0.7257 -0.6747 0.1345
vn 0.1514 -0.6828 0.7148
vn 0.7156 -0.6861 0.1312
vn 0.7666 -0.6234 0.1538
vn 0.2061 -0.9401 0.2717
vn 0.7582 -0.6381 0.1336
vn 0.7609 -0.6323 0.1457
vn 0.0978 -0.6201 0.7784
vn 0.7131 -0.689 0.1297
vn 0.7248 -0.678 0.1225
vn 0.3498 -0.9299 0.1135
vn 0.3931 -0.7662 0.5084
vn 0.476 -0.7539 0.4528
vn 0.234 -0.934 0.2701
vn 0.2531 -0.9375 0.2389
vn 0.7382 -0.6625 0.127
vn 0.1877 -0.9286 0.3201
vn 0.7227 -0.6807 0.1202
vn 0.7226 -0.6807 0.1201
vn 0.4265 -0.7755 0.4655
vn 0.1377 -0.6039 0.7851
vn 0.5534 -0.7555 0.3506
vn 0.1282 -0.9146 0.3836
vn 0.3405 -0.9308 0.1326
vn 0.3775 -0.9198 0.1075
vn 0.2339 -0.686 0.689
vn 0.3003 -0.9248 0.2336
vn 0.5596 -0.7462 0.3605
vn 0.1131 -0.9095 0.4001
vn 0.2341 -0.9119 0.337
vn 0.7294 -0.6495 0.215
vn 0.7203 -0.6843 0.1135
vn 0.7493 -0.6145 0.2466
vn 0.7241 -0.6464 0.2404
vn 0.7471 -0.6165 0.2483
vn 0.1737 -0.9233 0.3426
vn 0.7644 -0.5821 0.2773
vn 0.7074 -0.6984 0.1089
vn 0.7078 -0.6978 0.1104
vn 0.7138 -0.6882 0.13
vn 0.509 -0.7724 0.3799
vn 0.7278 -0.6432 0.2378
vn 0.6697 -0.718 0.1897
vn 0.7445 -0.6102 0.2708
vn 0.2254 -0.6779 0.6998
vn 0.7014 -0.7046 0.1076
vn 0.2282 -0.9152 0.3321
vn 0.1926 -0.6377 0.7459
vn -0.0245 -0.848 0.5295
vn 0.701 -0.7059 0.1022
vn 0.7384 -0.6151 0.2764
vn 0.7385 -0.6079 0.2917
vn 0.7541 -0.6494 0.0977
vn 0.7099 -0.6434 0.2865
vn 0.2013 -0.5417 0.8161
vn 0.7117 -0.6366 0.297
vn 0.7057 -0.692 0.1519
vn 0.6877 -0.674 0.2699
vn 0.6859 -0.6775 0.2655
vn 0.5139 -0.7457 0.424
vn 0.6708 -0.6837 0.2873
vn 0.1811 -0.9083 0.3772
vn 0.1037 -0.8827 0.4583
vn 0.6914 -0.715 0.1041
vn 0.2512 -0.6191 0.7441
vn 0.2194 -0.8893 0.4012
vn 0.6972 -0.709 0.1057
vn -0.0031 -0.8146 0.58
vn 0.6754 -0.7292 0.1094
vn 0.1088 -0.8814 0.4597
vn 0.1695 -0.9014 0.3983
vn -0.0229 -0.8232 0.5674
vn 0.6678 -0.7065 0.2342
vn 0.1294 -0.8883 0.4407
vn 0.0298 -0.8392 0.5429
vn 0.6486 -0.751 0.1236
vn 0.5894 -0.7977 0.1274
vn 0.5998 -0.782 0.1692
vn 0.653 -0.7502 0.1037
vn 0.0897 -0.8716 0.4819
vn 0.6238 -0.7735 0.112
vn 0.6671 -0.739 0.0937
vn 0.5433 -0.8163 0.1962
vn 0.6851 -0.7025 0.1929
vn 0.1748 -0.8716 0.4579
vn 0.088 -0.8324 0.5472
vn 0.7274 -0.6693 0.1519
vn 0.5836 -0.8022 0.1259
vn 0.5504 -0.8244 0.1317
vn 0.1864 -0.8748 0.4472
vn 0.054 -0.8478 0.5276
vn 0.5852 -0.8023 0.1181
vn 0.2871 -0.9256 0.2468
vn 0.3388 -0.9129 0.2276
vn 0.4775 -0.8749 0.0803
vn 0.3434 -0.888 0.3059
vn 0.3157 -0.9001 0.3003
vn 0.5538 -0.8116 0.186
vn 0.5627 -0.8091 0.1695
vn 0.1841 -0.8373 0.5148
vn 0.5761 -0.791 0.2059
vn 0.0325 -0.7033 0.7101
vn 0.6078 -0.7702 0.1932
vn 0.5653 -0.7867 0.2481
vn 0.1664 -0.7727 0.6125
vn 0.2031 -0.8032 0.56
vn 0.7139 -0.6808 0.1638
vn 0.2352 -0.7808 0.5788
vn 0.218 -0.7702 0.5994
vn 0.687 -0.7079 0.164
vn 0.7035 -0.6962 0.1425
vn 0.3899 -0.7212 0.5725
vn 0.5061 -0.7507 0.4247
vn 0.3777 -0.7104 0.5938
vn 0.11 -0.8367 0.5364
vn 0.1216 -0.8346 0.5373
vn 0.1717 -0.8404 0.514
vn 0.3684 -0.6451 0.6694
vn 0.4989 -0.7286 0.4693
vn 0.518 -0.7209 0.4605
vn 0.3807 -0.5528 0.7413
vn 0.3887 -0.5832 0.7133
vn 0.2909 -0.5532 0.7806
vn 0.7567 -0.6422 0.1225
vn 0.6091 -0.7877 0.092
vn 0.679 -0.6711 0.2977
vn 0.6842 -0.6786 0.2672
vn 0.749 -0.6507 0.1249
vn 0.6551 -0.7058 0.2696
vn 0.7125 -0.6774 0.1832
vn 0.7546 -0.6423 0.1342
vn 0.7511 -0.6474 0.1295
vn 0.6936 -0.693 0.1964
vn 0.6361 -0.7687 0.067
vn 0.7172 -0.6872 0.1153
vn 0.6292 -0.7694 0.1097
vn 0.696 -0.7096 0.1095
vn 0.7252 -0.6787 0.1156
vn 0.6031 -0.7909 0.1039
vn 0.7116 -0.6931 0.115
vn 0.7265 -0.6771 0.1172
vn 0.6962 -0.7091 0.1115
vn 0.7183 -0.6872 0.1085
vn 0.6967 -0.7088 0.1109
vn 0.702 -0.704 0.1074
vn 0.6879 -0.7118 0.1415
vn -0.0811 -0.6035 0.7932
vn 0.7001 -0.7065 0.1038
vn 0.702 -0.7048 0.1029
vn 0.7021 -0.7053 0.0986
vn 0.6677 -0.7278 0.1564
vn 0.6419 -0.7604 0.099
vn 0.6595 -0.7401 0.1314
vn 0.6466 -0.7456 0.1611
vn 0.5582 -0.8124 0.1684
vn 0.569 -0.8058 0.164
vn 0.5328 -0.8305 0.1627
vn 0.6248 -0.7731 0.1094
vn 0.6126 -0.7841 0.0989
vn 0.6776 -0.7295 0.0928
vn 0.3609 -0.8858 0.2919
vn 0.5409 -0.8033 0.2493
vn 0.685 -0.688 0.2397
vn 0.7017 -0.7028 0.1169
vn 0.7442 -0.6554 0.1288
vn 0.7915 -0.6026 0.102
vn 0.7907 -0.6036 0.1027
vn 0.7031 -0.6961 0.1454
vn 0.6866 -0.7073 0.1684
vn 0.507 -0.6739 0.5374
vn 0.7378 -0.6632 0.1261
vn 0.7533 -0.6472 0.1169
vn 0.7184 -0.6734 0.1744
vn -0.0567 -0.5588 0.8274
vn 0.6721 -0.7353 0.087
vn 0.7786 -0.619 0.1033
vn 0.6319 -0.7616 0.1438
vn 0.6811 -0.6925 0.2379
vn 0.696 -0.684 0.2184
vn 0.5303 -0.6892 0.4938
vn -0.0425 -0.6222 0.7817
vn 0.58 -0.6841 0.4423
vn 0.6715 -0.7354 0.0911
vn 0.5336 -0.6554 0.5345
vn 0.6575 -0.7342 0.1692
vn 0.7042 -0.682 0.1973
vn 0.4667 -0.6247 0.6261
vn 0.3403 0.934 0.1092
vn 0.8418 0.5291 0.1071
vn 0.4072 0.9073 0.1044
vn 0.3985 0.9109 0.1067
vn 0.3048 0.9459 0.1113
vn 0.49 0.8651 0.1071
vn 0.4911 0.8645 0.1067
vn 0.4351 0.8934 0.1121
vn 0.5691 0.8155 0.1053
vn 0.6407 0.7604 0.1065
vn 0.7328 0.673 0.1004
vn 0.6456 0.7564 0.1055
vn 0.6709 0.7334 0.1096
vn 0.8512 0.5134 0.1091
vn 0.8073 0.5803 0.1073
vn 0.7174 0.6885 0.1059
vn 0.8314 0.5461 0.1026
vn 0.8165 0.5669 0.1094
vn 0.8332 0.543 0.1046
vn 0.824 0.5563 0.1076
vn 0.7461 0.6574 0.1057
vn 0.7654 0.6343 0.1091
vn 0.8071 0.5806 0.1072
vn 0.7908 0.6025 0.1077
vn 0.7867 0.6082 0.106
vn 0.1985 0.9743 0.1061
vn 0.8431 0.5272 0.1064
vn 0.0224 0.9941 0.1065
vn 0.0384 0.9934 0.1079
vn 0.0923 0.9902 0.1048
vn 0.8369 0.5368 0.107
vn 0.362 0.9269 0.0995
vn 0.132 0.9853 0.1083
vn 0.4916 0.8649 0.1013
vn 0.2094 0.9723 0.1042
vn 0.5252 0.8433 0.1144
vn 0.5813 0.8064 0.1089
vn 0.5999 0.7942 0.0964
vn 0.2797 0.9542 0.1065
vn 0.3022 0.9475 0.1042
vn 0.9687 0.1563 0.1931
vn 0.9031 0.3847 0.1906
vn 0.948 0.0955 0.3037
vn 0.9285 0.2915 0.23
vn 0.9489 0.1245 0.2899
vn 0.96 0.0812 0.268
vn 0.8879 0.4094 0.2097
vn 0.9561 0.0668 0.2853
vn 0.8165 0.5088 0.2729
vn 0.9368 0.1665 0.3078
vn 0.8564 0.4028 0.323
vn 0.9217 0.2197 0.3198
vn 0.8981 0.3312 0.2892
vn 0.7726 0.5516 0.3144
vn 0.7748 0.5463 0.3183
vn 0.8765 0.436 0.2039
vn 0.8091 0.5397 0.2326
vn 0.8052 0.5477 0.2273
vn 0.9399 0.2206 0.2604
vn 0.9397 0.2277 0.2551
vn 0.8842 0.4279 0.1875
vn 0.893 0.4119 0.1811
vn 0.9205 0.3115 0.236
vn 0.9713 0.088 0.2212
vn 0.8645 0.4573 0.2088
vn 0.9675 0.0265 0.2517
vn 0.8571 0.4729 0.2046
vn 0.9524 0.1301 0.2758
vn 0.9818 0.0141 0.1894
vn 0.982 0.0169 0.1882
vn 0.9697 0.0281 0.2428
vn 0.8463 0.4354 0.307
vn 0.9643 0.1844 0.19
vn 0.9648 0.1791 0.1926
vn 0.8649 0.4658 0.1872
vn 0.8693 0.4588 0.1839
vn 0.9397 0.1815 0.2897
vn 0.8894 0.3498 0.2944
vn 0.839 0.5036 0.2061
vn 0.8408 0.4999 0.2075
vn 0.8416 0.4637 0.277
vn 0.8145 0.5406 0.2107
vn 0.9146 0.3315 0.2317
vn 0.9227 0.2309 0.3087
vn 0.8423 0.5063 0.1848
vn 0.954 0.2189 0.205
vn 0.9558 0.1776 0.2344
vn 0.9558 0.1775 0.2345
vn 0.844 0.5028 0.1869
vn 0.812 0.546 0.2061
vn 0.8771 0.4023 0.2624
vn 0.9296 0.2675 0.2534
vn 0.8125 0.5536 0.1825
vn 0.9097 0.2739 0.3121
vn 0.8207 0.5373 0.1943
vn 0.9386 0.2697 0.2149
vn 0.8832 0.3693 0.2892
vn 0.9638 0.0877 0.2517
vn 0.9635 0.0815 0.2552
vn 0.8474 0.4342 0.3057
vn 0.9043 0.3557 0.2362
vn 0.8173 0.5041 0.2792
vn 0.8235 0.4904 0.2854
vn 0.9692 0.1218 0.214
vn 0.8611 0.4408 0.2534
vn 0.9035 0.2832 0.3216
vn 0.9776 0.0638 0.2007
vn 0.9453 0.1695 0.2787
vn 0.9329 0.2178 0.2867
vn 0.9533 0.2344 0.1904
vn 0.8264 0.465 0.3175
vn 0.8755 0.3839 0.2934
vn 0.8973 0.3752 0.2326
vn 0.9217 0.3261 0.21
vn 0.9782 0.0721 0.1947
vn 0.8537 0.4515 0.2595
vn 0.9364 0.2847 0.2049
vn 0.7849 0.5468 0.2914
vn 0.8882 0.394 0.2362
vn 0.974 -0.0024 0.2266
vn 0.9764 0.0197 0.215
vn 0.9586 0.1224 0.2572
vn 0.9456 0.2292 0.2309
vn 0.9587 0.1258 0.2551
vn 0.9465 0.2218 0.2345
vn 0.9218 0.2894 0.258
vn 0.9224 0.2854 0.2603
vn 0.8668 0.4071 0.2881
vn 0.9103 0.3128 0.2713
vn 0.7811 0.5552 0.2856
vn 0.8905 0.3284 0.3149
vn 0.8128 0.512 0.2779
vn 0.8907 0.3259 0.3169
vn 0.9465 0.0158 0.3224
vn 0.9512 0.046 0.3052
vn 0.8781 0.4186 0.2315
vn 0.8102 0.4966 0.3114
vn 0.9738 0.0629 0.2187
vn 0.9455 0.2705 0.1811
vn 0.9475 0.0559 0.3148
vn 0.9328 0.2284 0.2787
vn 0.9693 0.1325 0.2071
vn 0.9425 0.1125 0.3148
vn 0.9699 0.0717 0.2326
vn 0.9554 0.0074 0.2953
vn 0.8315 0.495 0.2522
vn 0.898 0.3532 0.2625
vn 0.8313 0.4956 0.2518
vn 0.8702 0.433 0.2351
vn 0.9605 0.1784 0.2138
vn 0.9604 0.179 0.2134
vn 0.8456 0.4431 0.2977
vn 0.9376 0.292 0.1888
vn 0.9162 0.271 0.2951
vn 0.9411 0.1196 0.3162
vn 0.942 0.1237 0.3118
vn 0.9181 0.3341 0.2134
vn 0.9596 0.0234 0.2803
vn 0.8022 0.5044 0.3195
vn 0.8603 0.4549 0.2299
vn 0.8739 0.3714 0.3135
vn 0.8749 0.3659 0.3173
vn 0.9058 0.3394 0.2536
vn 0.911 0.3583 0.2041
vn 0.9553 0.0691 0.2873
vn 0.795 0.5459 0.2646
vn 0.8891 0.3718 0.2669
vn 0.9499 0.1805 0.2552
vn 0.9501 0.1765 0.2572
vn 0.9137 0.2872 0.2875
vn 0.931 0.2778 0.2366
vn 0.8512 0.4696 0.2345
vn 0.9771 0.1108 0.1818
vn 0.8081 0.5293 0.2586
vn 0.9231 0.3393 0.1812
vn 0.9203 0.3445 0.1852
vn 0.9312 0.1773 0.3184
vn 0.9658 -0.0006 0.2592
vn 0.9639 0.1265 0.2344
vn 0.9639 0.1295 0.2326
vn 0.8342 0.5007 0.231
vn 0.8356 0.4976 0.2326
vn 0.7911 0.561 0.2438
vn 0.8797 0.3975 0.2611
vn 0.9008 0.3215 0.2918
vn 0.8598 0.4253 0.2826
vn 0.8948 0.397 0.2043
vn 0.93 0.2754 0.2434
vn 0.9489 0.2318 0.2141
vn 0.9599 0.0705 0.2712
vn 0.7565 0.6453 0.1063
vn 0.7455 0.6566 0.1145
vn 0.502 0.7314 0.4615
vn 0.7712 0.6308 0.0859
vn -0.0326 0.7207 0.6925
vn 0.7108 0.6809 0.1764
vn 0.6926 0.694 0.1968
vn 0.5373 0.7324 0.4183
vn 0.2736 0.5512 0.7883
vn 0.2892 0.5424 0.7888
vn 0.0364 0.7423 0.6691
vn -0.0451 0.6434 0.7642
vn 0.3754 0.6449 0.6656
vn 0.5001 0.703 0.5056
vn -0.0029 0.7264 0.6873
vn 0.5051 0.7054 0.4973
vn 0.7283 0.6687 0.1499
vn 0.7084 0.6816 0.1835
vn 0.7834 0.6141 0.0957
vn -0.0278 0.6363 0.771
vn -0.0625 0.6913 0.7199
vn 0.3629 0.5443 0.7563
vn 0.373 0.5655 0.7356
vn 0.0907 0.7862 0.6113
vn 0.7264 0.6691 0.1571
vn 0.3369 0.6133 0.7144
vn 0.7369 0.662 0.1365
vn 0.7888 0.604 0.1134
vn 0.4498 0.6773 0.5822
vn 0.4883 0.6447 0.5882
vn 0.5596 0.7002 0.4435
vn 0.5509 0.6989 0.4562
vn 0.0242 0.6706 0.7414
vn 0.7523 0.6483 0.117
vn 0.4338 0.5762 0.6926
vn 0.7719 0.627 0.1055
vn 0.6577 0.6923 0.2969
vn 0.5894 0.6937 0.4141
vn 0.4296 0.5776 0.6941
vn 0.6151 0.6933 0.3755
vn 0.6061 0.6976 0.3821
vn 0.5331 0.6631 0.5254
vn 0.4815 0.6195 0.62
vn 0.7987 0.5896 0.1205
vn 0.653 0.6951 0.3007
vn 0.5103 0.5951 0.6208
vn 0.5083 0.5919 0.6256
vn 0.5841 0.664 0.4668
vn 0.5426 0.6714 0.5047
vn 0.6847 0.6882 0.24
vn -0.0257 0.638 0.7696
vn 0.796 0.5971 0.0996
vn 0.5335 0.6415 0.5511
vn 0.1391 0.7397 0.6584
vn 0.1347 0.6828 0.7181
vn 0.1674 0.723 0.6703
vn 0.0207 0.5556 0.8312
vn 0.7507 0.6489 0.1239
vn 0.7637 0.6353 0.1148
vn 0.594 0.6302 0.5
vn 0.6205 0.6692 0.4089
vn 0.7981 0.5903 0.1206
vn 0.0945 0.644 0.7592
vn 0.0838 0.7101 0.6991
vn 0.5592 0.5996 0.5725
vn 0.5649 0.6069 0.5591
vn 0.4949 0.7944 0.3522
vn 0.6171 0.6701 0.4124
vn 0.6513 0.6737 0.3492
vn 0.4687 0.7917 0.3918
vn 0.1037 0.6383 0.7628
vn 0.7079 0.6776 0.1995
vn 0.6037 0.6177 0.504
vn 0.7376 0.6614 0.1361
vn 0.7949 0.5939 0.1242
vn 0.5551 0.7691 0.3169
vn 0.5111 0.775 0.3716
vn 0.5933 0.6205 0.5128
vn 0.6849 0.6777 0.2677
vn 0.6497 0.6741 0.3513
vn 0.6742 0.68 0.2883
vn 0.6409 0.6351 0.4311
vn 0.7227 0.6729 0.1577
vn 0.7 0.6798 0.2186
vn 0.7621 0.636 0.1217
vn 0.636 0.636 0.437
vn 0.1589 0.6676 0.7273
vn 0.1817 0.7164 0.6736
vn 0.6755 0.649 0.35
vn 0.7421 0.658 0.128
vn 0.5397 0.7716 0.3367
vn 0.7267 0.6715 0.1446
vn 0.7035 0.7025 0.1077
vn 0.0767 0.6041 0.7932
vn 0.0656 0.5523 0.831
vn 0.7104 0.6791 0.1848
vn 0.7703 0.6252 0.1258
vn 0.737 0.6627 0.1331
vn 0.1702 0.6584 0.7332
vn 0.7809 0.6095 0.1367
vn 0.7029 0.6978 0.1375
vn 0.4801 0.7663 0.4269
vn 0.2112 0.6859 0.6964
vn 0.7876 0.5982 0.1476
vn 0.7697 0.6259 0.1259
vn 0.7687 0.6241 0.1399
vn 0.1059 0.5334 0.8392
vn 0.7704 0.6215 0.1422
vn 0.7561 0.6404 0.1349
vn 0.7562 0.6403 0.1349
vn 0.583 0.7449 0.3243
vn 0.7127 0.6891 0.1308
vn 0.7584 0.6336 0.1526
vn 0.4828 0.7668 0.423
vn 0.7196 0.6842 0.1184
vn 0.7498 0.6466 0.1405
vn 0.0269 0.9957 0.089
vn 0.7302 0.6728 0.1194
vn 0.14 0.6243 0.7686
vn 0.1693 0.5887 0.7904
vn 0.0469 0.9887 0.1426
vn 0.0922 0.9877 0.1263
vn 0.7518 0.6389 0.1632
vn 0.0488 0.9778 0.2038
vn 0.7014 0.7036 0.1141
vn 0.7296 0.6665 0.1535
vn 0.5277 0.7565 0.3863
vn -0.0043 0.9698 0.2438
vn 0.73 0.6729 0.1192
vn 0.1528 0.5445 0.8247
vn 0.7325 0.6619 0.1589
vn 0.1241 0.9883 0.0887
vn 0.7254 0.6754 0.1327
vn 0.6151 0.7429 0.264
vn 0.0588 0.9805 0.1876
vn 0.1076 0.9808 0.1628
vn 0.7218 0.6745 0.1548
vn 0.1336 0.9616 0.2397
vn 0.7117 0.683 0.1644
vn 0.5242 0.7558 0.3924
vn 0.082 0.9619 0.2609
vn 0.7395 0.6411 0.2053
vn 0.7771 0.5754 0.2552
vn 0.5863 0.7426 0.3237
vn 0.7487 0.6143 0.2491
vn 0.7543 0.6154 0.2288
vn 0.722 0.6527 0.2293
vn 0.1732 0.5957 0.7844
vn 0.1993 0.5269 0.8262
vn 0.6078 0.7372 0.2953
vn 0.7409 0.6223 0.2527
vn 0.6487 0.7171 0.2548
vn 0.7623 0.5893 0.2676
vn 0.062 0.9435 0.3255
vn 0.7026 0.6978 0.1394
vn 0.7125 0.6931 0.1096
vn 0.7166 0.6649 0.2106
vn 0.0951 0.9483 0.3028
vn 0.7158 0.6661 0.2097
vn 0.7417 0.6198 0.2564
vn 0.7595 0.5846 0.2853
vn 0.2182 0.5747 0.7888
vn 0.7058 0.6966 0.1289
vn 0.715 0.6871 0.1288
vn 0.0052 0.9104 0.4136
vn 0.0125 0.9069 0.4211
vn 0.7259 0.6456 0.2373
vn 0.6915 0.6832 0.2345
vn 0.7369 0.6119 0.2875
vn 0.7284 0.6278 0.2743
vn 0.7038 0.7029 0.1032
vn 0.7109 0.6568 0.2515
vn 0.5678 0.7413 0.3578
vn 0.7156 0.6416 0.2762
vn 0.7072 0.6506 0.2769
vn 0.7018 0.7049 0.1028
vn 0.7012 0.6595 0.271
vn 0.6991 0.6719 0.2446
vn 0.6708 0.7021 0.2391
vn 0.6728 0.6897 0.2675
vn 0.0622 0.9152 0.3982
vn 0.6998 0.7072 0.1008
vn 0.6577 0.7038 0.2685
vn 0.6627 0.7315 0.1602
vn 0.2885 0.6066 0.7408
vn 0.0035 0.9 0.4359
vn -0.0123 0.8814 0.4722
vn 0.6597 0.6899 0.2981
vn 0.6696 0.7332 0.1187
vn 0.0482 0.8931 0.4472
vn 0.6454 0.7517 0.1356
vn 0.6424 0.7542 0.1361
vn 0.6607 0.7431 0.1065
vn 0.0295 0.8601 0.5092
vn 0.5708 0.8011 0.1801
vn 0.6202 0.7201 0.311
vn 0.6018 0.7863 0.1396
vn 0.5885 0.7888 0.1776
vn 0.5845 0.7233 0.3677
vn 0.5462 0.8132 0.2009
vn 0.5779 0.7806 0.2383
vn 0.663 0.7421 0.0987
vn 0.5474 0.8169 0.1821
vn 0.6134 0.7179 0.3292
vn 0.6019 0.7898 0.1182
vn 0.5618 0.8154 0.1396
vn 0.5619 0.8154 0.1391
vn 0.6892 0.7192 0.0883
vn 0.5276 0.8345 0.159
vn 0.6768 0.7301 0.0943
vn 0.6143 0.7846 0.0833
vn 0.447 0.877 0.176
vn 0.4666 0.8717 0.1499
vn 0.4922 0.8651 0.0965
vn 0.653 0.7077 0.2696
vn 0.1665 0.8903 0.4238
vn 0.234 0.889 0.3937
vn 0.5286 0.8442 0.0888
vn 0.4887 0.8653 0.1114
vn 0.1656 0.8908 0.4232
vn 0.3416 0.8868 0.3112
vn 0.5102 0.8422 0.1744
vn 0.1512 0.86 0.4873
vn 0.1361 0.868 0.4775
vn 0.6518 0.7077 0.2727
vn 0.2031 0.8755 0.4385
vn 0.4573 0.868 0.1938
vn 0.3345 0.8855 0.3226
vn 0.7625 0.6369 0.1143
vn 0.4158 0.8741 0.2511
vn 0.4434 0.8528 0.2759
vn 0.4717 0.8466 0.2468
vn 0.5076 0.8418 0.1836
vn 0.215 0.8593 0.4642
vn 0.1978 0.8481 0.4915
vn 0.3253 0.8718 0.3662
vn 0.0199 0.9516 0.3068
vn 0.133 0.8265 0.5471
vn 0.1431 0.8306 0.5382
vn 0.3976 0.8507 0.344
vn 0.3952 0.8526 0.3418
vn 0.1829 0.9808 0.0677
vn 0.4794 0.8474 0.2284
vn 0.4547 0.8331 0.315
vn 0.3293 0.8371 0.4369
vn 0.7735 0.6258 0.1009
vn 0.2097 0.8256 0.5239
vn 0.2662 0.8403 0.4722
vn 0.438 0.847 0.3014
vn 0.5272 0.8118 0.2511
vn 0.3192 0.8423 0.4343
vn 0.2109 0.9695 0.1252
vn 0.016 0.9383 0.3453
vn 0.3909 0.8267 0.4045
vn 0.0132 0.9376 0.3474
vn 0.1312 0.7964 0.5904
vn 0.1863 0.9648 0.1856
vn 0.4084 0.8144 0.4123
vn 0.0734 0.9363 0.3435
vn 0.4904 0.8139 0.3114
vn 0.5459 0.8024 0.2413
vn 0.452 0.8187 0.3541
vn 0.2428 0.8125 0.53
vn 0.3057 0.8179 0.4875
vn 0.3334 0.838 0.432
vn 0.0535 0.9261 0.3733
vn 0.4718 0.8029 0.3643
vn 0.4119 0.8279 0.3807
vn 0.5043 0.8004 0.3239
vn 0.6153 0.7691 0.1731
vn 0.6111 0.7677 0.1928
vn 0.5912 0.7739 0.2272
vn 0.5837 0.7741 0.2449
vn 0.2958 0.8243 0.4827
vn 0.3681 0.8036 0.4676
vn 0.0987 0.9171 0.3863
vn 0.7732 0.6231 0.1176
vn 0.7111 0.699 0.075
vn 0.5585 0.7904 0.2516
vn 0.6174 0.7535 0.226
vn 0.3532 0.793 0.4964
vn 0.3392 0.7884 0.5132
vn 0.0599 0.8764 0.4778
vn 0.369 0.7837 0.4997
vn 0.6511 0.7324 0.1992
vn 0.4243 0.7778 0.4636
vn 0.7291 0.6772 0.0991
vn 0.712 0.6997 0.0591
vn 0.6495 0.7339 0.1989
vn 0.6354 0.7329 0.2432
vn 0.4275 0.7785 0.4595
vn 0.7761 0.62 0.1153
vn 0.7314 0.6758 0.0915
vn -0.0044 0.8385 0.5449
vn 0.2788 0.7527 0.5964
vn 0.6807 0.7076 0.1893
vn 0.7423 0.6646 0.085
vn -0.0095 0.8414 0.5403
vn 0.3033 0.7486 0.5896
vn 0.3748 0.7583 0.5334
vn 0.4031 0.7467 0.5291
vn 0.337 0.7353 0.5881
vn 0.6808 0.7076 0.1893
vn 0.0554 0.874 0.4828
vn 0.3544 0.7204 0.5962
vn -0.0285 0.8277 0.5604
vn 0.4375 0.7425 0.5073
vn 0.0587 0.8708 0.4881
vn 0.2576 0.6433 0.7209
vn 0.4269 0.7392 0.5209
vn 0.7234 0.6724 0.1566
vn 0.0525 0.8303 0.5548
vn -0.0187 0.7969 0.6038
vn 0.7745 0.6215 0.1181
vn 0.3375 0.6987 0.6308
vn 0.3794 0.6534 0.6551
vn 0.6666 0.7089 0.2304
vn 0.039 0.8079 0.5881
vn 0.0167 0.8476 0.5304
vn 0.6856 0.6966 0.2113
vn 0.7205 0.6795 0.1385
vn 0.2976 0.6665 0.6836
vn 0.3118 0.5969 0.7392
vn 0.4383 0.703 0.5601
vn 0.4534 0.6967 0.556
vn 0.7522 0.6468 0.1263
vn 0.5682 0.7139 0.4094
vn 0.6182 0.7134 0.33
vn 0.4363 0.5974 0.6728
vn -0.0695 0.5602 0.8254
vn 0.7852 0.606 0.1276
vn -0.0826 0.5937 0.8005
vn -0.0319 0.5439 0.8386
vn 0.8 0.5836 0.1397
vn 0.7699 0.6256 0.1261
vn 0.7372 0.6625 0.1331
vn 0.6951 0.6656 0.2716
vn 0.6901 0.657 0.3037
vn 0.7164 0.6798 0.1571
vn 0.6614 0.6526 0.3697
vn 0.7966 0.5875 0.1425
vn 0.7073 0.6686 0.2297
vn 0.7536 0.6459 0.1222
vn 0.7225 0.6776 0.1374
vn 0.71 0.6764 0.1961
vn 0.717 0.6817 0.1455
vn 0.7174 0.6777 0.1615
vn 0.7232 0.6782 0.1308
vn 0.7204 0.682 0.1266
vn 0.7466 0.6533 0.1256
vn 0.7448 0.6553 0.126
vn 0.7396 0.6582 0.1403
vn 0.7069 0.6972 0.1193
vn 0.7062 0.6983 0.1172
vn 0.7324 0.6705 0.1187
vn 0.7255 0.6785 0.1157
vn 0.7416 0.6546 0.1467
vn 0.7997 0.5793 0.1577
vn 0.7544 0.6448 0.123
vn 0.7193 0.6813 0.1358
vn 0.7313 0.6702 0.127
vn 0.7435 0.6575 0.1222
vn 0.7008 0.704 0.1149
vn 0.715 0.6903 0.1112
vn 0.7804 0.6051 0.1574
vn 0.7129 0.6925 0.111
vn 0.7271 0.6762 0.1187
vn 0.7925 0.5869 0.1658
vn 0.7104 0.6954 0.1082
vn 0.7106 0.6941 0.1148
vn 0.7024 0.7038 0.1063
vn 0.7002 0.7057 0.1081
vn 0.6998 0.7064 0.106
vn 0.6994 0.7077 0.1
vn 0.7995 0.5731 0.1799
vn 0.6718 0.6913 0.266
vn 0.5811 0.8 0.1495
vn 0.6071 0.7824 0.139
vn 0.6106 0.781 0.1311
vn 0.6443 0.7562 0.1139
vn 0.6315 0.7674 0.1113
vn 0.657 0.7479 0.0951
vn 0.7617 0.6261 0.1667
vn 0.7712 0.6175 0.1547
vn 0.7855 0.5963 0.1657
vn 0.5329 0.8411 0.0929
vn 0.2675 0.874 0.4058
vn 0.3302 0.8681 0.3706
vn 0.4798 0.8257 0.2968
vn 0.5102 0.8209 0.2565
vn 0.5638 0.8127 0.1472
vn 0.5734 0.7919 0.2099
vn 0.526 0.7871 0.3222
vn 0.6231 0.7533 0.2102
vn 0.4223 0.8132 0.4005
vn 0.411 0.8044 0.429
vn 0.2703 0.7856 0.5566
vn 0.2413 0.7344 0.6344
vn 0.7439 0.6463 0.1698
vn 0.7615 0.6222 0.1816
vn 0.6136 0.7476 0.2541
vn 0.7533 0.6302 0.1881
vn 0.6496 0.7284 0.2178
vn 0.7493 0.658 0.0752
vn 0.7782 0.5857 0.2266
vn 0.7412 0.6443 0.1885
vn 0.6691 0.7083 0.2249
vn 0.6282 0.7329 0.2613
vn 0.7461 0.6571 0.1075
vn 0.7494 0.6307 0.2016
vn 0.7512 0.6231 0.218
vn 0.7737 0.583 0.248
vn 0.7796 0.5828 0.2293
vn 0.7236 0.6675 0.1753
vn 0.7156 0.689 0.1148
vn 0.6998 0.7056 0.1117
vn 0.7014 0.7045 0.1081
vn 0.6725 0.7379 0.0567
vn 0.6923 0.7169 0.0826
vn 0.7262 0.6594 0.1945
vn 0.6804 0.6931 0.2381
vn 0.6037 0.7507 0.2683
vn 0.5801 0.7638 0.283
vn 0.7087 0.6829 0.1773
vn 0.7563 0.5855 0.2919
vn 0.7666 0.5761 0.2838
vn 0.7154 0.6751 0.1801
vn 0.7057 0.6874 0.1716
vn 0.7063 0.6936 0.1415
vn 0.682 0.7049 0.195
vn 0.7035 0.6792 0.2092
vn 0.6782 0.6931 0.2443
vn 0.7009 0.682 0.2089
vn 0.7037 0.6815 0.2009
vn 0.7114 0.6941 0.1098
vn 0.694 0.6981 0.1761
vn 0.7116 0.6832 0.1638
vn 0.7007 0.7059 0.1038
vn 0.6906 0.6964 0.1952
vn 0.6785 0.7117 0.1822
vn 0.7018 0.6963 0.1507
vn 0.68 0.7141 0.1663
vn 0.6887 0.6919 0.2167
vn 0.6555 0.7338 0.1786
vn 0.6997 0.7056 0.1122
vn 0.696 0.7092 0.1124
vn 0.6644 0.7168 0.2116
vn 0.6807 0.7149 0.1601
vn 0.6691 0.7036 0.2393
vn 0.6528 0.7212 0.2317
vn 0.6996 0.6474 0.3024
vn 0.7101 0.6301 0.3142
vn 0.6891 0.7122 0.134
vn 0.6707 0.7283 0.1405
vn 0.6417 0.7307 0.2332
vn 0.688 0.6576 0.3069
vn 0.6557 0.7305 0.1911
vn 0.6617 0.7209 0.2061
vn 0.6998 0.7074 0.0995
vn 0.666 0.685 0.2951
vn 0.6338 0.7469 0.201
vn 0.6332 0.7233 0.2756
vn 0.6499 0.7125 0.2644
vn 0.6344 0.7542 0.1697
vn 0.6228 0.7507 0.2204
vn 0.6318 0.7278 0.2668
vn 0.5969 0.7621 0.2507
vn 0.643 0.7343 0.2178
vn 0.6102 0.7535 0.2447
vn 0.7003 0.707 0.0985
vn 0.6963 0.7115 0.0948
vn 0.6447 0.7519 0.1381
vn 0.6166 0.7687 0.1699
vn 0.6688 0.7355 0.1084
vn 0.5871 0.7835 0.2038
vn 0.6146 0.7632 0.1996
vn 0.698 0.7103 0.0911
vn 0.5732 0.7983 0.1848
vn 0.6852 0.7222 0.0947
vn 0.6866 0.7208 0.095
vn 0.788 0.5848 0.1927
vn 0.6565 0.7488 0.0909
vn 0.775 0.6069 0.1764
vn 0.5542 0.8217 0.1327
vn 0.7035 0.7039 0.0976
vn 0.697 0.7119 0.0864
vn 0.3746 0.9223 0.0949
vn 0.4264 0.9 0.0904
vn 0.7786 0.599 0.187
vn 0.1282 0.9192 0.3725
vn 0.4496 0.8872 0.1037
vn 0.7931 0.5749 0.2013
vn 0.45 0.8871 0.1028
vn 0.772 0.6017 0.2049
vn 0.3863 0.9043 0.1814
vn 0.2269 0.9078 0.3526
vn 0.1296 0.8842 0.4488
vn 0.1093 0.8949 0.4326
vn 0.7796 0.5869 0.2188
vn 0.3224 0.7882 0.5243
vn 0.4041 0.8879 0.2197
vn 0.33 0.9089 0.2549
vn 0.1078 0.8614 0.4964
vn 0.7668 0.6093 0.202
vn 0.2761 0.9014 0.3336
vn 0.2856 0.8958 0.3404
vn 0.7699 0.5952 0.2301
vn 0.7509 0.6233 0.2185
vn 0.0836 0.8383 0.5388
vn 0.3971 0.8736 0.2812
vn 0.3753 0.873 0.3114
vn 0.5528 0.8319 0.0479
vn 0.2734 0.8703 0.4096
vn 0.5328 0.8333 0.1475
vn 0.6053 0.7909 0.0895
vn 0.5706 0.8104 0.1333
vn 0.5792 0.7974 0.1697
vn 0.5871 0.8046 0.0892
vn 0.7422 0.5937 0.3109
vn 0.7499 0.5795 0.3191
vn 0.0307 0.7926 0.609
vn 0.0278 0.7948 0.6062
vn 0.5256 0.8241 0.2111
vn -0.0297 0.7606 0.6485
vn -0.0192 0.7132 0.7007
vn 0.7305 0.6041 0.3185
vn 0.5613 0.8106 0.1672
vn 0.0912 0.7863 0.6111
vn 0.6046 0.7922 0.0834
vn 0.5981 0.7909 0.1298
vn 0.2467 0.8553 0.4557
vn 0.614 0.7846 0.0859
vn 0.6283 0.7683 0.1223
vn 0.628 0.7682 0.1245
vn 0.6453 0.762 0.0544
vn 0.1559 0.7771 0.6098
vn 0.6919 0.7149 0.1009
vn 0.6869 0.7185 0.1095
vn 0.6601 0.7443 0.1014
vn 0.523 0.811 0.2623
vn 0.0137 0.7193 0.6946
vn 0.103 0.7302 0.6754
vn 0.1022 0.7305 0.6753
vn 0.2476 0.8107 0.5306
vn 0.172 0.792 0.5858
vn 0.5946 0.7956 0.1163
vn 0.629 0.7714 0.0961
vn 0.659 0.7455 0.0996
vn 0.6636 0.7344 0.1422
vn 0.5406 0.7916 0.2849
vn 0.6401 0.7513 0.1605
vn 0.6411 0.7516 0.1552
vn 0.6515 0.7529 0.0933
vn 0.6809 0.7272 0.087
vn 0.6722 0.7332 0.1026
vn 0.1513 0.7712 0.6184
vn 0.6885 0.7199 0.0881
vn 0.2459 0.9664 0.0745
vn 0.159 0.9723 0.1715
vn 0.2454 0.9664 0.076
vn 0.6914 0.7157 0.098
vn 0.2734 0.9569 0.0981
vn 0.1474 0.9647 0.2184
vn 0.187 0.7578 0.6251
vn 0.2376 0.9557 0.1735
vn -0.008 0.6286 0.7777
vn 0.3033 0.9511 0.059
vn 0.197 0.9476 0.2516
vn 0.2591 0.947 0.1897
vn 0.4653 0.7915 0.3962
vn 0.3297 0.941 0.0768
vn 0.2004 0.9488 0.244
vn 0.6798 0.7163 0.1574
vn 0.1503 0.9431 0.2967
vn 0.1548 0.9399 0.3045
vn 0.2854 0.7789 0.5584
vn 0.3583 0.9324 0.048
vn 0.3142 0.9344 0.1676
vn 0.2968 0.9415 0.1594
vn 0.2492 0.9325 0.2616
vn 0.6762 0.7203 0.1548
vn 0.3224 0.9342 0.153
vn 0.02 0.5551 0.8315
vn 0.2118 0.9316 0.2955
vn 0.2194 0.936 0.2753
vn 0.1701 0.7241 0.6683
vn 0.2796 0.9276 0.2478
vn 0.2474 0.7185 0.65
vn 0.3403 0.9112 0.2321
vn 0.7201 0.6865 0.1003
vn 0.3978 0.9092 0.1229
vn 0.3579 0.9196 0.1617
vn 0.2487 0.7193 0.6487
vn 0.2953 0.708 0.6416
vn 0.2022 0.9129 0.3547
vn 0.1372 0.915 0.3795
vn 0.3485 0.9068 0.2372
vn 0.2203 0.9057 0.3622
vn 0.231 0.9303 0.2849
vn 0.2966 0.9179 0.2636
vn 0.2677 0.6703 0.6921
vn 0.108 0.5351 0.8378
vn 0.2314 0.6241 0.7463
vn 0.4177 0.9014 0.1142
vn 0.206 0.6484 0.7329
vn 0.4748 0.745 0.4686
vn 0.3319 0.908 0.2558
vn 0.7286 0.6718 0.134
vn 0.1971 0.5241 0.8285
vn 0.7368 0.6664 0.1145
vn -0.0256 0.784 0.6202
vn -0.0175 0.7736 0.6334
vn 0.7614 0.6416 0.0925
vn 0.3859 0.6905 0.6118
vn 0.5378 0.7325 0.4174
vn -0.0315 -0.0226 0.9992
vn -0.0113 -0.0158 0.9998
vn -0.013 -0.0187 0.9997
vn -0.0116 -0.017 0.9998
vn -0.0113 -0.0159 0.9998
vn -0.0124 -0.0155 0.9998
vn -0.0108 -0.0157 0.9998
vn -0.0195 -0.025 0.9995
vn -0.0152 -0.0199 0.9997
vn -0.014 -0.0172 0.9998
vn -0.0118 -0.0064 0.9999
vn -0.0196 -0.0287 0.9994
vn -0.0114 -0.0165 0.9998
vn -0.012 -0.0223 0.9997
vn -0.0106 -0.0161 0.9998
vn -0.0133 -0.0133 0.9998
vn -0.0109 -0.0159 0.9998
vn -0.0136 -0.0127 0.9998
vn -0.0138 -0.0253 0.9996
vn -0.0113 -0.0166 0.9998
vn -0.0112 -0.0161 0.9998
vn -0.0109 -0.016 0.9998
vn -0.0145 -0.0069 0.9999
vn -0.015 -0.0165 0.9998
vn -0.0132 -0.0182 0.9997
vn -0.0108 -0.0159 0.9998
vn -0.0133 -0.015 0.9998
vn -0.0136 -0.0168 0.9998
vn -0.0107 -0.013 0.9999
vn -0.0133 -0.0157 0.9998
vn -0.0319 -0.0176 0.9993
vn -0.0113 -0.0162 0.9998
vn -0.0125 -0.0182 0.9998
vn -0.0113 -0.016 0.9998
vn -0.0108 -0.0136 0.9998
vn -0.0119 -0.0186 0.9998
vn -0.0129 -0.0185 0.9997
vn -0.0118 -0.0177 0.9998
vn -0.0132 -0.016 0.9998
vn -0.0402 -0.0539 0.9977
vn -0.0152 -0.0154 0.9998
vn -0.0161 -0.018 0.9997
vn -0.0153 -0.0126 0.9998
vn -0.0104 -0.0182 0.9998
vn -0.0131 -0.0135 0.9998
vn -0.0195 -0.0226 0.9996
vn -0.0114 -0.0085 0.9999
vn -0.0113 -0.0163 0.9998
vn -0.0174 -0.0229 0.9996
vn -0.0132 -0.0116 0.9998
vn -0.0221 -0.0127 0.9997
vn -0.0212 -0.0115 0.9997
vn -0.0135 -0.0161 0.9998
vn -0.0119 -0.0187 0.9998
vn -0.0133 -0.0154 0.9998
vn -0.0216 -0.0116 0.9997
vn -0.0229 -0.0217 0.9995
vn -0.01 -0.0176 0.9998
vn -0.0087 -0.0222 0.9997
vn -0.0104 -0.0212 0.9997
vn -0.0119 -0.0169 0.9998
vn -0.0341 -0.0121 0.9993
vn -0.011 -0.0161 0.9998
vn -0.0121 -0.0169 0.9998
vn -0.0132 -0.0167 0.9998
vn -0.0112 -0.0177 0.9998
vn -0.0111 -0.0163 0.9998
vn -0.0131 -0.0155 0.9998
vn -0.0113 -0.0164 0.9998
vn -0.0362 -0.0188 0.9992
vn -0.0117 -0.0184 0.9998
vn -0.0424 -0.0168 0.999
vn -0.0115 -0.0184 0.9998
vn -0.0133 -0.0164 0.9998
vn -0.0118 -0.0169 0.9998
vn -0.0127 -0.017 0.9998
vn -0.0216 -0.0229 0.9995
vn -0.0073 -0.021 0.9998
vn -0.0458 -0.023 0.9987
vn -0.0118 -0.0173 0.9998
vn -0.0141 -0.0167 0.9998
vn -0.0119 -0.018 0.9998
vn -0.0159 -0.0126 0.9998
vn -0.0122 -0.0177 0.9998
vn -0.0111 -0.0169 0.9998
vn -0.0109 -0.0167 0.9998
vn -0.0158 -0.0112 0.9998
vn -0.0108 -0.0166 0.9998
vn -0.0106 -0.0182 0.9998
vn -0.0118 -0.0184 0.9998
vn -0.0113 -0.0172 0.9998
vn -0.007 -0.0159 0.9998
vn -0.0136 -0.0203 0.9997
vn -0.0097 -0.0172 0.9998
vn -0.0112 -0.0194 0.9997
vn -0.0171 -0.0174 0.9997
vn -0.0119 -0.0148 0.9998
vn -0.0109 -0.0175 0.9998
vn -0.0134 -0.0164 0.9998
vn -0.04 -0.03 0.9987
vn -0.0315 -0.0295 0.9991
vn -0.0122 -0.0167 0.9998
vn -0.0111 -0.0157 0.9998
vn -0.0111 -0.0156 0.9998
vn -0.011 -0.0153 0.9998
vn -0.0134 -0.0154 0.9998
vn -0.011 -0.0162 0.9998
vn -0.1614 -0.9869 0.0008
vn -0.1599 -0.9871 0.0017
vn -0.1603 -0.9871 0.0006
vn -0.1599 -0.9871 0.0013
vn -0.1584 -0.9874 0.001
vn -0.1602 -0.9871 0.0005
vn -0.1618 -0.9868 0.0005
vn -0.1599 -0.9871 -0.0002
vn -0.1596 -0.9872 0.0017
vn -0.1578 -0.9875 -0
vn -0.1595 -0.9872 -0.0008
vn -0.162 -0.9868 0.0026
vn -0.1592 -0.9873 0
vn -0.1597 -0.9872 0.0003
vn -0.1615 -0.9869 0.0007
vn -0.1596 -0.9872 -0.0003
vn -0.1596 -0.9872 -0
vn -0.1598 -0.9871 0.0004
vn -0.1596 -0.9872 0.0006
vn -0.1598 -0.9872 0.0003
vn -0.1597 -0.9872 -0.0007
vn -0.1598 -0.9871 0.0011
vn -0.158 -0.9874 0.0032
vn -0.1561 -0.9877 0.0056
vn -0.1598 -0.9872 0.0004
vn -0.1888 -0.9819 0.0169
vn -0.162 -0.9826 0.0913
vn -0.1518 -0.9884 0.0112
vn -0.1712 -0.9851 -0.0189
vn -0.1614 -0.9869 -0.0005
vn -0.1656 -0.9861 -0.0092
vn -0.1621 -0.9868 -0.0017
vn -0.1608 -0.987 -0.0003
vn -0.1606 -0.987 -0.0001
vn -0.1612 -0.9869 -0.0008
vn -0.722 -0.1324 -0.6791
vn -0.1489 -0.9888 0.0134
vn -0.1352 -0.9904 0.0305
vn -0.2022 -0.9786 -0.0387
vn -0.1594 -0.9872 0.0003
vn -0.1599 -0.9871 -0.0009
vn -0.16 -0.9871 0.0005
vn -0.1604 -0.9871 0.0004
vn -0.1604 -0.9871 -0.0002
vn -0.1581 -0.9874 0.0044
vn -0.1603 -0.9871 -0.0009
vn -0.1608 -0.987 0.0003
vn -0.1612 -0.9869 -0
vn -0.1611 -0.9869 0
vn -0.158 -0.9874 -0.0029
vn -0.1683 -0.9857 0.0082
vn -0.1593 -0.9872 0.001
vn -0.0197 0.0212 0.9996
vn -0.0135 0.0171 0.9998
vn -0.0021 0.0108 0.9999
vn -0.0084 0.0138 0.9999
vn -0.0116 0.0147 0.9998
vn -0.0147 0.0153 0.9998
vn -0.0085 0.0144 0.9999
vn -0.0145 0.0147 0.9998
vn -0.0001 0.0059 1
vn -0.0114 0.017 0.9998
vn -0.0126 0.0185 0.9997
vn -0.0094 0.0138 0.9999
vn -0.0096 0.0142 0.9999
vn -0.0111 0.0182 0.9998
vn 0.9267 0.35 0.1372
vn 0.924 0.3577 0.1351
vn 0.942 0.2937 0.1624
vn 0.958 0.2611 0.1187
vn 0.9577 0.2624 0.1182
vn 0.9847 0.1134 0.1325
vn 0.9366 0.3087 0.1659
vn 0.993 0.0066 0.1183
vn 0.9047 0.4044 0.1343
vn 0.9063 0.4006 0.1351
vn 0.9264 0.3399 0.1622
vn 0.9419 0.3144 0.118
vn 0.9429 0.3108 0.1196
vn 0.9776 0.1825 0.1046
vn 0.9939 0.0196 0.1089
vn 0.892 0.431 0.1362
vn 0.9769 0.1676 0.1325
vn 0.9788 0.1478 0.1417
vn 0.9714 0.2156 0.0996
vn 0.9196 0.356 0.166
vn 0.9905 0.0711 0.1179
vn 0.8849 0.4462 0.1341
vn 0.9227 0.3678 0.1156
vn 0.9661 0.2366 0.1029
vn 0.9722 0.1909 0.1356
vn 0.9079 0.3864 0.1622
vn 0.8673 0.4787 0.1363
vn 0.8688 0.4758 0.1371
vn 0.9523 0.2877 0.1016
vn 0.9586 0.2673 0.0981
vn 0.9837 0.0507 0.1725
vn 0.9672 0.2127 0.1391
vn 0.9857 0.0094 0.1683
vn 0.9859 0.0131 0.1665
vn 0.9772 0.1083 0.1828
vn 0.9003 0.4024 0.166
vn 0.9837 0.0655 0.1674
vn 0.8233 0.5487 0.1452
vn 0.8457 0.5153 0.1389
vn 0.8435 0.5193 0.1371
vn 0.9364 0.3358 0.1022
vn 0.9445 0.3139 0.0971
vn 0.9629 0.2333 0.1358
vn 0.9829 0.0847 0.1634
vn 0.888 0.4301 0.1625
vn 0.9956 -0.0004 0.0938
vn 0.9938 0.0475 0.1001
vn 0.9893 0.0116 0.1455
vn 0.9921 0.0581 0.1113
vn 0.9237 0.3657 0.1146
vn 0.8099 0.5712 0.1337
vn 0.8775 0.4653 0.1166
vn 0.9195 0.3809 0.0971
vn 0.9542 0.2659 0.1371
vn 0.9552 0.2617 0.1381
vn 0.977 0.1312 0.1681
vn 0.9761 0.1416 0.1651
vn 0.8806 0.4441 0.1651
vn 0.9094 0.4019 0.1074
vn 0.9804 0.1568 0.1192
vn 0.9867 0.0612 0.1507
vn 0.9865 0.0514 0.1556
vn 0.847 0.5189 0.1159
vn 0.91 0.4052 0.0876
vn 0.895 0.4325 0.109
vn 0.9538 0.2331 0.1893
vn 0.89 0.4432 0.1066
vn 0.846 0.5206 0.1155
vn 0.9842 0.0963 0.1486
vn 0.8692 0.4661 0.1653
vn 0.8305 0.5431 0.1237
vn 0.8654 0.4739 0.1625
vn 0.9684 0.1866 0.1657
vn 0.9684 0.1862 0.1658
vn 0.9923 0.08 0.0949
vn 0.8688 0.483 0.109
vn 0.9817 0.1131 0.153
vn 0.9877 0.1138 0.1069
vn 0.9408 0.3101 0.1371
vn 0.8754 0.4738 0.096
vn 0.9698 0.213 0.1188
vn 0.9782 0.1506 0.1431
vn 0.9698 0.2132 0.1187
vn 0.9586 0.2323 0.1649
vn 0.9562 0.2436 0.1621
vn 0.8594 0.5001 0.1066
vn 0.9855 0.1291 0.1099
vn 0.8349 0.5413 0.0995
vn 0.9896 0.056 0.1325
vn 0.9896 0.0607 0.1302
vn 0.8443 0.5099 0.165
vn 0.8421 0.514 0.1633
vn 0.8218 0.5602 0.104
vn 0.7959 0.5972 0.0995
vn 0.95 0.2647 0.1654
vn 0.9905 0.0283 0.1347
vn 0.8193 0.5495 0.1636
vn 0.8141 0.5565 0.1658
vn 0.9782 0.1798 0.1041
vn 0.8215 0.5574 0.1203
vn 0.9806 0.1897 0.0496
vn 0.9972 0.0637 0.0383
vn 0.5137 0.8572 0.0367
vn 0.9972 0.064 0.0382
vn 0.9164 0.4001 0.0027
vn 0.9996 0.0091 0.0283
vn 0.8224 0.5632 0.0805
vn 0.837 0.5406 0.0847
vn 0.9109 0.4073 0.0664
vn 0.9097 0.4102 0.0656
vn 0.942 0.3343 0.0308
vn 0.7752 0.6313 0.0225
vn 0.8187 0.574 0.0161
vn 0.8299 0.5575 0.0198
vn 0.6915 0.7217 0.0318
vn 0.9006 0.4346 0.0076
vn 0.7945 0.6052 0.0504
vn 0.7897 0.6116 0.048
vn 0.9998 0.0203 0.0075
vn 0.9998 0.0135 0.0175
vn 0.9862 0.1648 0.0174
vn 0.7211 0.6904 0.0581
vn 0.732 0.681 0.0207
vn 0.999 0.0438 -0.0015
vn 0.8661 0.4985 0.0364
vn 0.8699 0.4918 0.0382
vn 0.9636 0.2661 0.0236
vn 0.6534 0.7566 0.0246
vn 0.6689 0.7426 0.0329
vn 0.8864 0.4628 0.0016
vn 0.6915 0.72 0.0584
vn 0.9706 0.2353 0.0508
vn 0.9696 0.2394 0.0496
vn 0.793 0.6091 0.016
vn 0.7942 0.6074 0.0166
vn 0.7657 0.6414 0.0486
vn 0.8892 0.4525 0.0675
vn 0.8908 0.4493 0.0686
vn 0.8066 0.585 0.085
vn 0.9927 0.1144 0.0382
vn 0.6793 0.7312 0.0625
vn 0.8576 0.5143 0.0051
vn 0.8526 0.5212 0.0384
vn 0.9587 0.2838 0.0199
vn 0.9198 0.3916 0.0262
vn 0.6151 0.7879 0.0279
vn 0.6261 0.7791 0.0313
vn 0.4695 0.8822 0.0362
vn 0.7644 0.6429 0.049
vn 0.8621 0.5066 0.0084
vn 0.493 0.8689 0.0433
vn 0.9604 0.2745 0.048
vn 0.7677 0.6353 0.084
vn 0.7914 0.6061 0.0798
vn 0.7587 0.6513 0.016
vn 0.9753 0.2204 0.0148
vn 0.9898 0.1376 0.0362
vn 0.8395 0.5422 0.0352
vn 0.6071 0.7941 0.0287
vn 0.9435 0.3307 0.0219
vn 0.8265 0.5629 0.0047
vn 0.9994 0.0149 0.0302
vn 0.7469 0.6648 0.0137
vn 0.7438 0.6667 0.0476
vn 0.743 0.6676 0.0473
vn 0.8617 0.503 0.0663
vn 0.8664 0.4946 0.0679
vn 0.9607 0.2735 0.0479
vn 0.4322 0.9006 0.047
vn 0.8277 0.5612 0.0053
vn 0.9841 0.173 0.0391
vn 0.5675 0.8228 0.0291
vn 0.8144 0.5788 0.0414
vn 0.5802 0.8139 0.0313
vn 0.9964 0.0849 0.0073
vn 0.9345 0.3554 0.0201
vn 0.7953 0.6062 0.0055
vn 0.8905 0.4528 0.0446
vn 0.714 0.6999 0.0172
vn 0.8494 0.5233 0.0679
vn 0.7184 0.6939 0.0479
vn 0.7156 0.697 0.0467
vn 0.9472 0.3172 0.0467
vn 0.9507 0.306 0.051
vn 0.5356 0.8439 0.0301
vn 0.5381 0.8423 0.031
vn 0.961 0.2765 -0.0086
vn 0.9812 0.1898 0.0354
vn 0.9933 0.1158 0.0024
vn 0.762 0.6476 0.0063
vn 0.8933 0.4486 0.0287
vn 0.6912 0.7225 0.0156
vn 0.6851 0.7283 0.0132
vn 0.8382 0.5414 0.065
vn 0.7944 0.6074 0.005
vn 0.9975 0.0649 0.0269
vn 0.3808 0.9228 0.0591
vn 0.9389 0.3408 0.0485
vn 0.9762 0.2132 0.0407
vn 0.4883 0.8722 0.0276
vn 0.7951 0.6053 0.037
vn 0.9899 0.1416 0.0062
vn 0.6525 0.7576 0.018
vn 0.8236 0.563 0.0686
vn 0.6454 0.7637 0.015
vn 0.9313 0.3606 0.0514
vn 0.7639 0.6453 0.0057
vn 0.4744 0.8797 0.0313
vn 0.996 0.0842 0.0314
vn 0.6882 0.7239 0.0477
vn 0.6886 0.7235 0.0479
vn 0.7119 0.7022 0.0018
vn 0.9702 0.2396 0.0353
vn 0.9927 0.0767 0.0929
vn 0.7736 0.6291 0.0758
vn 0.7361 0.6769 0.0039
vn 0.9964 0.031 0.0793
vn 0.9963 0.0337 0.0787
vn 0.4567 0.8891 0.0287
vn 0.9858 0.1436 0.0872
vn 0.9997 0.0146 0.0186
vn 0.9944 0.0638 0.0844
vn 0.9214 0.3877 0.0253
vn 0.7233 0.6905 0.0073
vn 0.9117 0.4104 0.022
vn 0.6178 0.7861 0.0218
vn 0.602 0.7983 0.0148
vn 0.8641 0.5025 0.0287
vn 0.4245 0.9049 0.0326
vn 0.8074 0.5865 0.0645
vn 0.991 0.1096 0.0771
vn 0.7745 0.6314 0.0391
vn 0.9236 0.3804 0.0485
vn 0.9863 0.1648 0.0022
vn 0.5778 0.8161 0.0141
vn 0.9949 0.0961 0.0296
vn 0.4024 0.915 0.0302
vn 0.6657 0.7446 0.05
vn 0.9877 0.132 0.0835
vn 0.9586 0.2817 0.0411
vn 0.9977 0.0086 0.0668
vn 0.7611 0.6477 0.0353
vn 0.6854 0.7282 -0.0011
vn 0.6515 0.7587 0.0057
vn 0.3651 0.9305 0.0295
vn 0.886 0.4632 0.0221
vn 0.3768 0.9258 0.0315
vn 0.9108 0.4099 0.05
vn 0.9118 0.4076 0.0505
vn 0.2762 0.9606 0.0307
vn 0.5359 0.8442 0.014
vn 0.9778 0.1923 0.0827
vn 0.7936 0.6046 0.0685
vn 0.9784 0.1892 0.0835
vn 0.5455 0.8379 0.0163
vn 0.9812 0.1927 0.0061
vn 0.9957 0.064 0.0667
vn 0.6559 0.7548 0.0079
vn 0.9957 0.0638 0.0667
vn 0.9873 0.1556 0.0326
vn 0.9672 0.2401 0.0827
vn 0.5037 0.8637 0.0169
vn 0.6067 0.7949 0.0059
vn 0.6361 0.7703 0.0452
vn 0.5955 0.8034 0.0022
vn 0.3265 0.9448 0.0286
vn 0.3399 0.94 0.0304
vn 0.9675 0.239 0.0823
vn 0.9978 0.0292 0.0587
vn 0.9927 0.0984 0.0691
vn 0.9917 0.11 0.0667
vn 0.9389 0.3438 0.0165
vn 0.8938 0.4458 0.0491
vn 0.7659 0.6397 0.0651
vn 0.4746 0.8801 0.0132
vn 0.2063 0.9777 0.0385
vn 0.9783 0.2071 0.0036
vn 0.9867 0.1479 0.0667
vn 0.9873 0.1436 0.0676
vn 0.987 0.1585 0.0266
vn 0.9543 0.2881 0.0794
vn 0.9601 0.2671 0.0824
vn 0.4475 0.8941 0.0179
vn 0.9506 0.3084 0.035
vn 0.1657 0.9856 0.035
vn 0.561 0.8278 0.0075
vn 0.4245 0.9053 0.0146
vn 0.9436 0.3204 0.0831
vn 0.1438 0.9888 0.0406
vn 0.1117 0.9931 0.0349
vn 0.8898 0.4535 0.0507
vn 0.407 0.9132 0.0177
vn 0.9796 0.1895 0.0667
vn 0.5449 0.8385 0.0008
vn 0.8319 0.5541 0.0301
vn 0.9383 0.3363 0.0804
vn 0.3781 0.9256 0.0146
vn 0.969 0.247 0.0066
vn 0.9674 0.2532 0.0052
vn 0.3594 0.933 0.0171
vn 0.0971 0.9946 0.0369
vn 0.076 0.9965 0.0334
vn 0.9386 0.3427 0.0397
vn 0.7175 0.6952 0.044
vn 0.4914 0.8709 0.0093
vn 0.5017 0.865 0.0044
vn 0.3372 0.9413 0.0162
vn 0.9999 -0.0038 0.0099
vn 0.9215 0.3799 0.0811
vn 0.9292 0.3599 0.0845
vn 0.461 0.8874 0.0016
vn 0.0636 0.9973 0.0367
vn 0.9987 0.0106 0.0496
vn 0.9111 0.412 0.0147
vn 0.3316 0.9433 0.0171
vn 0.8865 0.4601 0.0493
vn 0.8703 0.4919 0.0248
vn 0.8979 0.43 0.0942
vn 0.4253 0.905 0.0083
vn 0.0312 0.999 0.0319
vn 0.7393 0.6724 0.0367
vn 0.3986 0.9171 0.0028
vn 0.9697 0.2351 0.0667
vn 0.9687 0.2392 0.0659
vn 0.975 0.2201 0.0304
vn 0.9319 0.3609 0.0354
vn 0.8697 0.4861 0.0857
vn 0.3662 0.9305 0.0089
vn 0.6156 0.7866 0.0476
vn 0.8454 0.5338 0.0194
vn 0.955 0.2885 0.0693
vn 0.9098 0.4066 0.0835
vn 0.3187 0.9478 0.0032
vn 0.689 0.7239 0.0351
vn 0.9114 0.4029 0.0844
vn 0.3603 0.9328 0.0067
vn 0.8656 0.4982 0.0501
vn 0.2674 0.9635 0.0163
vn 0.8667 0.4962 0.0507
vn 0.7943 0.6067 0.0313
vn 0.7859 0.6176 0.0287
vn 0.9987 0.0245 0.0446
vn 0.9967 0.064 0.0496
vn 0.9967 0.0641 0.0496
vn 0.9889 0.1459 0.0296
vn 0.959 0.2836 0.002
vn 0.2258 0.9741 0.0138
vn 0.3006 0.9537 0.007
vn 0.9257 0.3763 0.0391
vn 0.6394 0.7676 0.0442
vn 0.8851 0.4582 0.0815
vn 0.2779 0.9606 0.0007
vn 0.1744 0.9846 0.0138
vn 0.1479 0.9889 0.0101
vn 0.5777 0.8151 0.0431
vn 0.8503 0.5171 0.0979
vn 0.2285 0.9735 0.0066
vn 0.2207 0.9753 0.0043
vn 0.8929 0.45 0.0173
vn 0.6595 0.7506 0.0411
vn 0.9977 0.0656 0.0177
vn 0.1185 0.9929 0.0126
vn 0.8504 0.5239 0.0485
vn 0.0098 0.9999 0.0101
vn 0.7639 0.6447 0.0276
vn 0.7751 0.6289 0.0608
vn 0.0643 0.9978 0.0127
vn 0.0935 0.9956 0.0079
vn 0.1636 0.9865 0.0032
vn 0.146 0.9892 0.0124
vn 0.9506 0.3035 0.0652
vn 0.0578 0.9983 0.0095
vn -0.0027 1 0.0078
vn 0.1179 0.993 -0.002
vn 0.9472 0.3207 0.0074
vn 0.076 0.9971 -0.0023
vn 0.7934 0.6004 0.1
vn 0.0471 0.9989 0.0068
vn -0.0095 0.9988 0.0481
vn 0.0189 0.9995 0.0242
vn 0.9123 0.4078 0.0374
vn 0.013 0.9997 0.022
vn 0.9105 0.4119 0.036
vn 0.0211 0.9996 0.0162
vn 0.9927 0.1101 0.0486
vn 0.9933 0.104 0.0496
vn 0.0558 0.9981 0.0252
vn 0.0436 0.9989 0.0172
vn 0.6001 0.7989 0.0415
vn 0.0492 0.9987 0.0108
vn 0.0648 0.9976 0.0231
vn 0.8389 0.5418 0.0514
vn 0.9378 0.3404 0.0679
vn 0.9963 0.0853 0.0141
vn 0.9489 0.3154 0.009
vn 0.0996 0.9947 0.0265
vn 0.0982 0.995 0.019
vn 0.9992 0.0109 0.0382
vn 0.9884 0.1438 0.0496
vn 0.8552 0.5181 0.0128
vn 0.9877 0.1486 0.0486
vn 0.9639 0.2595 0.0602
vn 0.7474 0.6635 0.0332
vn 0.9588 0.2812 0.0408
vn 0.0923 0.9955 0.0235
vn 0.9306 0.3603 0.065
vn 0.8684 0.4882 0.0861
vn 0.1453 0.9892 0.0182
vn 0.9316 0.3634 0.0038
vn 0.7413 0.6685 0.0598
vn 0.7433 0.6662 0.0605
vn 0.1523 0.9881 0.0224
vn 0.8246 0.5637 0.0478
vn 0.1394 0.99 0.0209
vn 0.5753 0.8167 0.0437
vn 0.9934 0.1137 0.0175
vn 0.1862 0.982 0.0314
vn 0.2029 0.979 0.0193
vn 0.1866 0.9822 0.0226
vn 0.1515 0.9882 0.0222
vn 0.5472 0.836 0.0414
vn 0.9791 0.2024 0.0211
vn 0.946 0.3183 0.0613
vn 0.1917 0.9814 0.0104
vn 0.2257 0.9738 0.0281
vn 0.8896 0.4553 0.0374
vn 0.8903 0.4537 0.0382
vn 0.8518 0.5177 0.0805
vn 0.9244 0.3812 0.0065
vn 0.9225 0.38 0.0679
vn 0.2104 0.9774 0.0203
vn 0.2588 0.9653 0.0336
vn 0.2843 0.9582 0.0328
vn 0.7029 0.7107 0.028
vn 0.2446 0.9694 0.0229
vn 0.2998 0.9537 0.0235
vn 0.2597 0.9656 0.0144
vn 0.2849 0.9585 0.0125
vn 0.7142 0.6973 0.0614
vn 0.8193 0.5713 0.0491
vn 0.5372 0.8423 0.0437
vn 0.9893 0.1454 0.0137
vn 0.0175 -0 -0.9998
vn 0.0174 -0 -0.9998
vn 0.0166 0.0002 -0.9999
vn 0.0176 0.0004 -0.9998
vn 0.0173 -0.0005 -0.9999
vn 0.0175 0.0001 -0.9998
vn 0.0237 0.0013 -0.9997
vn 0.0173 -0.0007 -0.9999
vn 0.0177 0.0005 -0.9998
vn 0.0174 -0.0001 -0.9998
vn 0.017 -0.0007 -0.9999
vn 0.0191 0.0016 -0.9998
vn 0.017 0.0001 -0.9999
vn 0.0171 0 -0.9999
vn 0.0178 0 -0.9998
vn 0.0128 -0.0004 -0.9999
vn 0.0179 0 -0.9998
vn 0.0176 0 -0.9998
vn 0.0173 0 -0.9999
vn 0.0169 -0 -0.9999
vn 0.0177 -0.0003 -0.9998
vn 0.0184 0.0004 -0.9998
vn 0.0179 0.0002 -0.9998
vn 0.022 -0.0004 -0.9998
vn 0.0266 -0.0224 -0.9994
vn 0.0172 0.0007 -0.9999
vn 0.0174 0.0001 -0.9998
vn 0.017 -0.0002 -0.9999
vn 0.0176 -0.0005 -0.9998
vn 0.0176 -0.0003 -0.9998
vn 0.0174 0.0002 -0.9998
vn 0.0176 -0.0001 -0.9998
vn 0.0173 0.0003 -0.9999
vn 0.0172 0.0006 -0.9999
vn 0.0177 -0.0004 -0.9998
vn 0.0175 -0.0001 -0.9998
vn 0.0173 0.0001 -0.9999
vn -0.16 -0.9805 0.1139
vn -0.1544 -0.9365 0.315
vn -0.1567 -0.9564 0.2464
vn -0.1458 -0.8762 0.4594
vn -0.1486 -0.8937 0.4234
vn -0.1263 -0.7426 0.6577
vn -0.1324 -0.7853 0.6048
vn -0.1155 -0.6746 0.7291
vn -0.0938 -0.5329 0.841
vn -0.0944 -0.5372 0.8382
vn -0.0578 -0.305 0.9506
vn -0.0647 -0.3502 0.9344
vn -0.0292 -0.1259 0.9916
vn -0.0418 -0.2058 0.9777
vn 0.2458 -0.166 0.955
vn 0.1119 -0.0986 0.9888
vn 0.1661 -0.1367 0.9766
vn 0.2889 -0.2097 0.9341
vn 0.4272 -0.3065 0.8506
vn 0.1384 -0.9457 0.2941
vn 0.4497 -0.3195 0.834
vn 0.5922 -0.4151 0.6907
vn 0.599 -0.4182 0.6828
vn 0.7281 -0.4909 0.4784
vn 0.788 -0.527 0.3183
vn 0.7675 -0.5213 0.3732
vn 0.5227 -0.3344 0.7842
vn 0.2124 -0.1767 0.9611
vn 0.365 -0.2854 0.8862
vn 0.6332 -0.4657 0.6182
vn 0.766 -0.5473 0.3373
vn 0.7528 -0.545 0.3691
vn 0.4324 -0.3561 0.8284
vn 0.5549 -0.4548 0.6966
vn 0.5859 -0.4711 0.6594
vn 0.7372 -0.5782 0.3496
vn 0.7184 -0.5762 0.3898
vn 0.3863 -0.8625 0.3269
vn 0.1262 -0.1379 0.9824
vn 0.1474 -0.1541 0.977
vn 0.3237 -0.3106 0.8937
vn 0.7151 -0.6251 0.3129
vn 0.3525 -0.3477 0.8688
vn 0.132 -0.8215 0.5548
vn 0.5462 -0.5202 0.6566
vn 0.5446 -0.5194 0.6585
vn 0.0172 -0.3078 0.9513
vn 0.033 -0.4393 0.8978
vn 0.6668 -0.6248 0.4061
vn 0.0249 -0.5064 0.8619
vn 0.0458 -0.7135 0.6992
vn 0.3579 -0.4142 0.8369
vn 0.0611 -0.8821 0.467
vn 0.6637 -0.6738 0.3248
vn 0.5011 -0.5646 0.6559
vn 0.499 -0.5636 0.6583
vn 0.0651 -0.9263 0.3712
vn 0.2884 -0.3781 0.8797
vn 0.2892 -0.2095 0.9341
vn 0.6108 -0.6778 0.4094
vn 0.4541 -0.3161 0.833
vn 0.6064 -0.4137 0.6791
vn 0.4546 -0.3169 0.8324
vn 0.1782 -0.2488 0.952
vn 0.3085 -0.4572 0.8342
vn 0.8234 -0.5316 0.1986
vn 0.5963 -0.7423 0.3057
vn 0.4305 -0.6212 0.6548
vn 0.4293 -0.6205 0.6562
vn 0.8202 -0.5254 0.2264
vn 0.0866 -0.1734 0.981
vn 0.5112 -0.753 0.4143
vn 0.5474 -0.7677 0.3331
vn 0.2237 -0.4239 0.8777
vn 0.0995 -0.2075 0.9732
vn 0.1963 -0.9127 0.3584
vn 0.192 -0.9119 0.3627
vn 0.3629 -0.6739 0.6435
vn 0.0562 -0.6359 0.7698
vn 0.0807 -0.8307 0.5508
vn 0.2305 -0.4671 0.8536
vn 0.0707 -0.9323 0.3548
vn 0.3446 -0.6646 0.663
vn 0.7518 -0.4965 0.434
vn 0.7759 -0.4983 0.3869
vn 0.6242 -0.4074 0.6666
vn 0.4552 -0.8251 0.3346
vn 0.4295 -0.8192 0.38
vn 0.0737 -0.2734 0.9591
vn 0.7517 -0.4851 0.4467
vn 0.7922 -0.5219 0.3162
vn 0.1314 -0.4463 0.8852
vn 0.158 -0.4801 0.8628
vn 0.294 -0.7358 0.6101
vn 0.6781 -0.441 0.5879
vn 0.7289 -0.4855 0.4827
vn 0.2125 -0.6906 0.6913
vn 0.6251 -0.412 0.6629
vn 0.2445 -0.7322 0.6357
vn 0.3471 -0.8587 0.3772
vn 0.0336 -0.1954 0.9801
vn 0.3134 -0.8921 0.3256
vn 0.1065 -0.5283 0.8424
vn 0.1147 -0.6324 0.7661
vn 0.2457 -0.8821 0.402
vn 0.1463 -0.7075 0.6914
vn 0.2704 -0.9606 0.064
vn -0.0588 -0.8652 0.498
vn -0.1358 -0.951 0.2777
vn 0.2493 -0.9678 0.036
vn -0.1369 -0.9467 0.2916
vn 0.0288 -0.9994 0.0217
vn -0.1539 -0.9873 0.0403
vn 0.3633 -0.929 0.0698
vn 0.1177 -0.9922 0.0404
vn 0.1225 -0.9918 0.0368
vn 0.525 -0.848 0.0732
vn 0.1029 -0.9934 0.0502
vn 0.257 -0.9642 0.0649
vn 0.4022 -0.9132 0.0653
vn 0.3422 -0.9372 0.0683
vn 0.3748 -0.9238 0.0785
vn 0.0451 -0.9987 0.0256
vn 0.5447 -0.8349 0.0784
vn 0.272 -0.9613 0.0444
vn 0.1119 -0.9927 0.0457
vn 0.0863 -0.9957 0.0325
vn 0.1248 -0.8161 0.5642
vn 0.0692 -0.8549 0.5141
vn 0.0456 -0.8794 0.4738
vn -0.0687 -0.9727 0.2216
vn -0.0085 -0.9999 0.0096
vn 0.0802 -0.7828 0.617
vn 0.0687 -0.7788 0.6236
vn 0.0197 -0.9995 0.0241
vn 0.5685 -0.8186 0.0826
vn 0.018 -0.8253 0.5644
vn 0.0075 -0.7647 0.6444
vn 0.0025 -0.8129 0.5824
vn 0.1159 -0.9927 0.0333
vn 0.5316 -0.8437 0.0746
vn 0.2373 -0.9702 0.0486
vn 0.4792 -0.8731 0.0897
vn 0.4261 -0.9011 0.0798
vn 0.2886 -0.9556 0.0601
vn 0.2943 -0.9535 0.0659
vn 0.4579 -0.8866 0.0652
vn 0.1115 -0.993 0.0399
vn 0.0853 -0.9958 0.0346
vn 0.2239 -0.9733 0.0505
vn 0.242 -0.9694 0.042
vn 0.5648 -0.8208 0.0849
vn 0.5581 -0.8248 0.0905
vn 0.499 -0.8634 0.0744
vn 0.455 -0.8881 0.0652
vn 0.0908 -0.9951 0.0389
vn 0.4991 -0.8637 0.071
vn 0.2953 -0.9539 0.0532
vn 0.4571 -0.8862 0.0753
vn 0.2857 -0.9573 0.044
vn 0.5252 -0.842 0.1235
vn 0.2756 -0.9598 0.0536
vn 0.1032 -0.9943 0.0267
vn 0.4705 -0.8796 0.0706
vn 0.5298 -0.8433 0.0909
vn 0.2626 -0.9637 0.0475
vn 0.2546 -0.9655 0.0543
vn 0.5722 -0.8172 0.0688
vn 0.3254 -0.9446 0.0431
vn 0.5157 -0.8443 0.1459
vn 0.473 -0.8782 0.0702
vn 0.4569 -0.8871 0.0649
vn 0.5423 -0.8359 0.0846
vn 0.1274 -0.9913 0.0337
vn 0.2138 -0.976 0.0408
vn 0.4729 -0.8767 0.0881
vn 0.2375 -0.9698 0.0558
vn 0.0617 -0.9977 0.0292
vn 0.0273 -0.9993 0.026
vn 0.2848 -0.9564 0.065
vn 0.4677 -0.8699 0.1565
vn 0.4096 -0.9092 0.0752
vn 0.2585 -0.9652 0.04
vn 0.2809 -0.9583 0.052
vn 0.2403 -0.9693 0.0513
vn 0.3047 -0.944 0.1265
vn 0.3199 -0.9382 0.132
vn 0.3204 -0.9443 0.0745
vn 0.5789 -0.8125 0.0688
vn 0.3926 -0.9183 0.0506
vn 0.5049 -0.8559 0.1113
vn 0.3921 -0.9178 0.0618
vn 0.1342 -0.9904 0.0342
vn 0.5882 -0.772 0.2409
vn 0.4162 -0.9067 0.0679
vn 0.1123 -0.9906 0.0781
vn 0.2323 -0.9718 0.0393
vn 0.1286 -0.9906 0.046
vn 0.5615 -0.8225 0.0902
vn 0.5006 -0.8614 0.086
vn 0.4744 -0.8771 0.0743
vn 0.3424 -0.9387 0.0398
vn 0.5208 -0.8163 0.2497
vn 0.2623 -0.9628 0.0645
vn 0.0563 -0.9957 0.0729
vn 0.097 -0.9945 0.04
vn 0.0997 -0.9941 0.0428
vn 0.3801 -0.9018 0.2055
vn 0.4446 -0.8924 0.0775
vn 0.513 -0.8536 0.0907
vn 0.2807 -0.9592 0.0344
vn 0.2255 -0.9727 0.0546
vn 0.3526 -0.9323 0.0805
vn 0.0474 -0.9984 0.0293
vn 0.3458 -0.9368 0.0529
vn 0.5415 -0.7685 0.3409
vn 0.5363 -0.7739 0.3369
vn 0.1827 -0.729 0.6597
vn 0.1382 -0.9897 0.0362
vn 0.2962 -0.9264 0.2323
vn 0.2859 -0.9317 0.2239
vn 0.1695 -0.6814 0.712
vn 0.1273 -0.981 0.1464
vn 0.1353 -0.9791 0.1519
vn -0.0954 -0.9942 0.0499
vn 0.0064 -0.9009 0.434
vn 0.4887 -0.7699 0.4104
vn 0.0973 -0.9949 0.0274
vn 0.4989 -0.7568 0.4224
vn -0.0137 -0.8913 0.4532
vn 0.056 -0.6879 0.7237
vn -0.0471 -0.9173 0.3954
vn 0.3396 -0.8824 0.3256
vn -0.0638 -0.9013 0.4285
vn -0.0835 -0.9955 0.0453
vn 0.5616 -0.8224 0.0912
vn -0.1559 -0.6999 0.6971
vn 0.3634 -0.9292 0.0673
vn 0.3625 -0.9305 0.0534
vn 0.3621 -0.9307 0.0527
vn 0.2994 -0.9527 0.0524
vn 0.0692 -0.9973 0.0243
vn 0.246 -0.9676 0.0571
vn 0.4509 -0.8892 0.0775
vn 0.4958 -0.8632 0.0948
vn 0.5448 -0.8343 0.085
vn 0.4096 -0.9078 0.0906
vn 0.3592 -0.9305 0.0715
vn 0.4511 -0.7431 0.4943
vn 0.445 -0.7524 0.4856
vn 0.2615 -0.9638 0.0514
vn 0.4091 -0.9076 0.0945
vn -0.0685 -0.9619 0.2645
vn 0.4779 -0.8746 0.0814
vn 0.3585 -0.9309 0.0699
vn 0.0569 -0.9862 0.1555
vn -0.0788 -0.9605 0.267
vn 0.2845 -0.9582 0.0298
vn 0.2522 -0.9103 0.3282
vn 0.2717 -0.8926 0.3599
vn -0.0999 -0.9683 0.2287
vn 0.2113 -0.9764 0.0442
vn 0.4575 -0.8869 0.0645
vn 0.0758 -0.978 0.1942
vn 0.2502 -0.9671 0.0463
vn 0.2684 -0.9624 0.0421
vn 0.3853 -0.7341 0.5591
vn 0.3878 -0.7295 0.5634
vn 0.0536 -0.9808 0.1876
vn 0.2263 -0.8863 0.4042
vn 0.3063 -0.9486 0.079
vn 0.235 -0.8764 0.4204
vn 0.5169 -0.8527 0.0758
vn 0.0399 -0.9742 0.2223
vn 0.4786 -0.8749 0.0738
vn 0.2421 -0.9692 0.0458
vn 0.0381 -0.9744 0.2214
vn 0.4936 -0.8662 0.0774
vn 0.2257 -0.9723 0.0602
vn 0.177 -0.984 0.0178
vn 0.297 -0.7127 0.6355
vn 0.3001 -0.7056 0.642
vn 0.1497 -0.9882 0.0322
vn 0.3449 -0.936 0.0706
vn 0.0918 -0.6682 0.7383
vn 0.1575 -0.872 0.4635
vn 0.1627 -0.865 0.4746
vn 0.5196 -0.848 0.1042
vn 0.0535 -0.9432 0.3279
vn 0.213 -0.9762 0.0414
vn -0.0104 -0.9617 0.2741
vn 0.2135 -0.6988 0.6827
vn 0.4246 -0.9031 0.0643
vn 0.4231 -0.9031 0.0732
vn 0.2415 -0.969 0.0519
vn 0.0358 -0.9991 0.022
vn 0.0729 -0.997 0.0243
vn 0.481 -0.8727 0.0835
vn 0.0938 -0.9948 0.0402
vn 0.2642 -0.964 0.0307
vn -0.0201 -0.9604 0.2779
vn 0.454 -0.8892 0.0564
vn 0.1472 -0.9886 0.0325
vn 0.5956 -0.7976 0.0953
vn 0.0739 -0.9969 0.0283
vn 0.2348 -0.9703 0.0585
vn 0.4195 -0.9051 0.0697
vn 0.3554 -0.9327 0.0608
vn 0.4773 -0.8757 0.073
vn 0.499 -0.8636 0.0719
vn 0.0926 -0.9952 0.0326
vn 0.0991 -0.9942 0.0412
vn 0.396 -0.9159 0.066
vn 0.2465 -0.9675 0.0562
vn 0.527 -0.8463 0.0774
vn 0.4836 -0.8715 0.0816
vn 0.2738 -0.9609 0.0411
vn 0.335 -0.9398 0.0677
vn 0.1607 -0.9867 0.0224
vn 0.133 -0.9906 0.0326
vn 0.3416 -0.9381 0.057
vn 0.504 -0.8552 0.1205
vn 0.399 -0.9154 0.0535
vn 0.0632 -0.9977 0.0262
vn 0.074 -0.9969 0.0267
vn 0.2267 -0.9723 0.057
vn 0.3549 -0.9329 0.0618
vn 0.0625 -0.9977 0.0248
vn -0.0144 -0.6956 0.7183
vn 0.3498 -0.9344 0.0676
vn -0.0045 -0.9999 0.0124
vn 0.5117 -0.8551 0.0837
vn -0.0179 -0.7603 0.6494
vn -0.0694 -0.8506 0.5212
vn 0.2875 -0.9563 0.0531
vn 0.5058 -0.8591 0.078
vn 0.3875 -0.9182 0.0821
vn -0.0733 -0.9047 0.4196
vn -0.1185 -0.9616 0.2475
vn -0.1175 -0.9582 0.2608
vn 0.0956 -0.9946 0.041
vn 0.3543 -0.9326 0.069
vn 0.3925 -0.9176 0.0633
vn 0.3239 -0.9441 0.0618
vn -0.0641 -0.7081 0.7032
vn 0.0666 -0.9974 0.0285
vn -0.0644 -0.6019 0.7959
vn 0.0458 -0.9986 0.0252
vn -0.108 -0.8452 0.5235
vn -0.1087 -0.8377 0.5352
vn 0.8016 -0.5782 0.1522
vn 0.1229 -0.6594 0.7417
vn 0.1672 -0.6571 0.735
vn 0.6954 -0.6593 0.2858
vn 0.6093 -0.7199 0.3324
vn 0.333 -0.7835 0.5245
vn 0.4154 -0.8033 0.4268
vn 0.2121 -0.8015 0.5591
vn 0.1001 -0.8237 0.5581
vn 0.8202 -0.5437 0.1778
vn 0.7504 -0.5579 0.3545
vn 0.7485 -0.5585 0.3574
vn 0.4995 -0.4621 0.7327
vn 0.7154 -0.5973 0.3625
vn 0.6057 -0.5434 0.5812
vn 0.6026 -0.5435 0.5844
vn 0.1588 -0.2889 0.9441
vn 0.211 -0.2894 0.9337
vn 0.3801 -0.4724 0.7952
vn 0.2106 -0.4652 0.8598
vn 0.8084 -0.5595 0.1829
vn 0.471 -0.6023 0.6445
vn 0.692 -0.6359 0.3418
vn 0.1261 -0.4775 0.8696
vn 0.5704 -0.6679 0.4781
vn 0.6358 -0.6456 0.4231
vn 0.4886 -0.6677 0.5617
vn 0.2895 -0.6928 0.6605
vn 0.0992 -0.9246 0.3678
vn 0.5852 -0.8058 0.0906
vn 0.3541 -0.8951 0.2708
vn 0.3238 -0.9077 0.2671
vn 0.5357 -0.8227 0.1901
vn 0.2893 -0.9518 0.1018
vn 0.6453 -0.7551 0.1157
vn 0.1305 -0.9751 0.1795
vn 0.2613 -0.9613 0.0868
vn -0.2502 -0.9074 0.3375
vn 0.5287 0.6509 0.5448
vn 0.6825 0.6504 0.3334
vn 0.5972 0.5196 0.6111
vn 0.6875 0.6681 0.2847
vn 0.0498 0.2892 0.956
vn 0.6268 0.6177 0.4749
vn 0.4913 0.5926 0.6383
vn 0.0968 0.8308 0.5481
vn 0.0926 0.8402 0.5343
vn 0.4248 0.5379 0.7281
vn 0.4928 0.4143 0.7652
vn 0.5719 0.7629 0.3015
vn 0.3521 0.2302 0.9072
vn 0.6534 0.685 0.3223
vn 0.5851 0.5515 0.5945
vn 0.6191 0.6678 0.4132
vn 0.3882 0.4764 0.7889
vn 0.7437 0.4852 0.4598
vn 0.2819 0.3608 0.889
vn 0.2817 0.3603 0.8893
vn 0.643 0.4317 0.6327
vn 0.5736 0.3574 0.7371
vn 0.3923 0.3774 0.8388
vn 0.7416 0.4859 0.4626
vn 0.5208 0.5006 0.6916
vn 0.4629 0.4279 0.7763
vn 0.087 0.6724 0.735
vn 0.5153 0.5047 0.6926
vn 0.636 0.4336 0.6383
vn 0.5236 0.7714 0.3617
vn 0.1657 0.221 0.9611
vn 0.5348 0.5585 0.6341
vn 0.6334 0.42 0.6499
vn 0.4624 0.3194 0.8271
vn 0.6283 0.4158 0.6575
vn 0.203 0.1472 0.968
vn 0.5152 0.5545 0.6535
vn 0.418 0.4564 0.7855
vn 0.8016 0.5307 0.2753
vn 0.6765 0.4596 0.5754
vn 0.0498 0.585 0.8095
vn 0.4683 0.6961 0.5441
vn 0.4685 0.6967 0.5433
vn 0.2506 0.1734 0.9524
vn 0.2199 0.1692 0.9607
vn 0.3782 0.2546 0.89
vn 0.5737 0.4357 0.6936
vn 0.2728 0.1952 0.9421
vn 0.3571 0.3139 0.8797
vn 0.2829 0.2342 0.9301
vn 0.7473 0.4979 0.4399
vn 0.1663 0.1662 0.972
vn -0.0089 0.8092 0.5875
vn 0.5087 0.4486 0.7348
vn 0.3585 0.3091 0.8809
vn 0.0309 0.9586 0.283
vn 0.5059 0.8151 0.2821
vn 0.3789 0.5715 0.7279
vn 0.379 0.5719 0.7275
vn 0.6466 0.4588 0.6095
vn 0.03 0.9595 0.2799
vn 0.3251 0.2969 0.8979
vn 0.7448 0.5152 0.4241
vn 0.0213 0.5963 0.8025
vn 0.148 0.1468 0.978
vn 0.0173 0.2336 0.9722
vn 0.0235 0.8449 0.5343
vn 0.4766 0.3192 0.8191
vn 0.0346 0.5738 0.8182
vn 0.7482 0.515 0.4183
vn 0.3576 0.2627 0.8962
vn 0.2719 0.1882 0.9437
vn 0.7524 0.5071 0.4204
vn 0.2289 0.3589 0.9048
vn 0.2421 0.391 0.888
vn 0.3773 0.3801 0.8445
vn 0.607 0.4353 0.6649
vn -0.0033 0.309 0.9511
vn 0.0068 0.2581 0.9661
vn 0.447 0.819 0.3597
vn 0.4103 0.4348 0.8016
vn 0.6616 0.5583 0.5006
vn 0.7432 0.5135 0.4288
vn 0.4088 0.4363 0.8016
vn 0.8013 0.5151 0.3044
vn 0.6461 0.4374 0.6255
vn 0.1033 0.1702 0.98
vn 0.1216 0.2122 0.9696
vn 0.7319 0.4693 0.4941
vn 0.5899 0.4489 0.6712
vn 0.7946 0.5152 0.3213
vn 0.2325 0.1731 0.9571
vn 0.4414 0.3466 0.8277
vn 0.2662 0.2162 0.9394
vn 0.2819 0.2361 0.9299
vn 0.4623 0.3379 0.8198
vn 0.3965 0.7444 0.5372
vn 0.3251 0.2964 0.898
vn 0.3962 0.7407 0.5425
vn 0.1602 0.1501 0.9756
vn 0.4662 0.3511 0.812
vn 0.2098 0.2314 0.95
vn 0.5733 0.424 0.7011
vn 0.6793 0.4942 0.5425
vn 0.2234 0.2218 0.9492
vn 0.3064 0.2436 0.9202
vn 0.2509 0.28 0.9266
vn 0.4154 0.8717 0.2599
vn 0.2626 0.2755 0.9248
vn 0.2995 0.3449 0.8895
vn 0.7971 0.5265 0.2958
vn 0.32 0.6072 0.7273
vn 0.32 0.6075 0.727
vn 0.1703 0.2142 0.9618
vn 0.6284 0.4388 0.6423
vn 0.7454 0.4984 0.4427
vn 0.4712 0.334 0.8164
vn 0.806 0.5263 0.2708
vn 0.6295 0.4207 0.6532
vn 0.2654 0.2174 0.9393
vn 0.3733 0.8763 0.3046
vn 0.4338 0.3452 0.8323
vn 0.6345 0.4938 0.5946
vn 0.2265 0.4416 0.8682
vn 0.3495 0.865 0.3599
vn 0.3102 0.7266 0.613
vn 0.3092 0.7861 0.5353
vn 0.7312 0.59 0.3424
vn 0.6932 0.5493 0.4667
vn 0.6465 0.5317 0.547
vn 0.2786 0.9165 0.287
vn 0.6225 0.5023 0.6002
vn 0.4457 0.3591 0.82
vn 0.5196 0.4234 0.7422
vn 0.2513 0.6393 0.7267
vn 0.2981 0.8818 0.3655
vn 0.8035 0.5349 0.2614
vn 0.2414 0.6282 0.7396
vn 0.7454 0.5148 0.4235
vn 0.745 0.5149 0.424
vn 0.7043 0.603 0.3747
vn 0.6448 0.5347 0.5463
vn 0.2602 0.8185 0.5121
vn 0.1611 0.434 0.8864
vn 0.1579 0.4052 0.9005
vn 0.7093 0.6191 0.337
vn 0.755 0.5608 0.3398
vn 0.619 0.5526 0.5582
vn 0.0824 0.2282 0.9701
vn 0.0838 0.2347 0.9684
vn 0.7844 0.5514 0.2841
vn 0.2019 0.9326 0.2992
vn 0.2097 0.9233 0.3219
vn 0.7467 0.5403 0.3879
vn 0.6065 0.6185 0.4996
vn 0.1817 0.1534 0.9713
vn 0.5463 0.3573 0.7575
vn 0.4315 0.3092 0.8475
vn 0.4578 0.307 0.8344
vn 0.2596 0.1938 0.9461
vn 0.1901 0.8028 0.5652
vn 0.184 0.8239 0.536
vn 0.5543 0.4066 0.7262
vn 0.5632 0.3669 0.7404
vn 0.7278 0.6031 0.3265
vn 0.2385 0.1879 0.9528
vn 0.1056 0.4514 0.886
vn 0.6277 0.4612 0.6271
vn 0.6916 0.4623 0.555
vn 0.4597 0.3342 0.8228
vn 0.7574 0.5594 0.337
vn 0.2368 0.183 0.9542
vn 0.1565 0.6878 0.7088
vn 0.1605 0.6579 0.7358
vn 0.2408 0.1843 0.9529
vn 0.4579 0.3274 0.8265
vn 0.4586 0.3273 0.8262
vn 0.424 0.323 0.8461
vn 0.3062 0.2346 0.9226
vn 0.5689 0.4252 0.7039
vn 0.2029 0.1625 0.9656
vn 0.6791 0.5191 0.519
vn 0.6979 0.5369 0.474
vn 0.689 0.6218 0.3723
vn 0.0543 0.2334 0.9709
vn 0.7661 0.5872 0.2614
vn 0.1176 0.9465 0.3005
vn 0.1199 0.9432 0.3097
vn 0.0854 0.4212 0.9029
vn 0.5879 0.7389 0.3293
vn 0.5297 0.4385 0.7261
vn 0.5739 0.6862 0.447
vn 0.6303 0.6715 0.3896
vn 0.7604 0.5952 0.2599
vn 0.173 0.8144 0.5539
vn 0.2144 0.8708 0.4424
vn 0.525 0.7635 0.3762
vn 0.5066 0.7644 0.3989
vn 0.7119 0.6575 0.2467
vn 0.723 0.651 0.2312
vn 0.4311 0.5442 0.7197
vn 0.3081 0.2393 0.9208
vn 0.0813 0.2332 0.969
vn 0.5966 0.5909 0.543
vn 0.7312 0.5792 0.3605
vn 0.5629 0.4062 0.7198
vn 0.2527 0.5214 0.8151
vn 0.3353 0.3426 0.8776
vn 0.6982 0.5037 0.5087
vn 0.2328 0.377 0.8965
vn 0.4809 0.4204 0.7694
vn 0.2267 0.5043 0.8333
vn 0.6853 0.4918 0.5372
vn 0.5199 0.5055 0.6886
vn 0.7967 0.5217 0.305
vn 0.2013 0.537 0.8192
vn 0.0775 0.6252 0.7766
vn -0.0308 0.5293 0.8479
vn 0.5037 0.6281 0.5931
vn 0.6962 0.5743 0.4306
vn 0.2804 0.6848 0.6726
vn 0.0098 0.7602 0.6496
vn 0.2228 0.6929 0.6857
vn -0.5455 0.1271 0.8284
vn 0.4031 0.7223 0.562
vn 0.2761 0.7418 0.6112
vn 0.563 0.6797 0.4702
vn 0.4141 0.6112 0.6745
vn 0.4577 0.7315 0.5054
vn 0.0732 0.997 0.0244
vn 0.3242 0.6955 0.6413
vn 0.2572 0.8067 0.532
vn 0.0496 0.9983 0.0291
vn -0.0154 0.9711 0.238
vn -0.0153 0.9711 0.2384
vn -0.0206 0.9275 0.3734
vn 0.4699 0.8799 0.0702
vn 0.0997 0.9054 0.4127
vn 0.117 0.8969 0.4265
vn 0.2312 0.9722 0.0368
vn -0.1198 0.9635 0.2395
vn -0.0695 0.9339 0.3506
vn -0.0654 0.9018 0.4271
vn 0.1882 0.8326 0.521
vn 0.1587 0.9863 0.0448
vn -0.0735 0.8962 0.4375
vn -0.0821 0.9017 0.4245
vn 0.1884 0.981 0.0468
vn 0.209 0.9765 0.0517
vn -0.0458 0.8225 0.5669
vn -0.1231 0.9625 0.2419
vn 0.2281 0.7532 0.617
vn -0.123 0.9624 0.242
vn -0.0283 0.9714 0.2359
vn 0.2495 0.9673 0.0446
vn 0.2999 0.6789 0.6702
vn 0.3539 0.9327 0.0692
vn -0.1067 0.8846 0.454
vn 0.4433 0.893 0.0778
vn 0.4558 0.8842 0.1025
vn 0.271 0.961 0.0543
vn 0.419 0.906 0.0605
vn 0.1315 0.9908 0.0319
vn -0.0883 0.9824 0.1647
vn 0.4184 0.9051 0.076
vn 0.3591 0.9321 0.0466
vn 0.2896 0.9542 0.0748
vn -0.0374 0.9662 0.2552
vn 0.3174 0.9475 0.0393
vn -0.013 0.9442 0.329
vn 0.4103 0.9096 0.0664
vn 0.1022 0.9942 0.0342
vn 0.0174 0.9996 0.0219
vn 0.4711 0.8782 0.0828
vn 0.1302 0.9913 0.0207
vn 0.4175 0.9068 0.0581
vn 0.2857 0.9567 0.0558
vn 0.1279 0.9915 0.0254
vn 0.0764 0.8904 0.4487
vn 0.25 0.9678 0.031
vn 0.1972 0.9795 0.0408
vn 0.2226 0.9741 0.0404
vn 0.518 0.853 0.0641
vn 0.3757 0.9243 0.0674
vn 0.1258 0.8052 0.5795
vn 0.3083 0.9499 0.0506
vn 0.4912 0.8683 0.0693
vn 0.347 0.9358 0.0628
vn 0.4051 0.9111 0.0756
vn 0.3591 0.9318 0.0539
vn 0.1838 0.745 0.6412
vn 0.2044 0.9782 0.0356
vn 0.5791 0.8089 0.1021
vn 0.3527 0.9349 0.0392
vn 0.5528 0.8289 0.0852
vn 0.5066 0.8589 0.0755
vn 0.5304 0.8437 0.0824
vn 0.2173 0.657 0.7219
vn 0.3712 0.9269 0.0559
vn 0.2964 0.9533 0.0588
vn 0.336 0.9406 0.049
vn 0.4644 0.8817 0.0831
vn 0.5039 0.8603 0.0773
vn 0.4239 0.9044 0.0492
vn 0.1129 0.9931 0.0325
vn 0.3892 0.9194 0.0563
vn 0.1516 0.9869 0.0547
vn 0.4087 0.9098 0.0727
vn 0.1182 0.9925 0.0313
vn 0.2295 0.9722 0.0467
vn 0.3714 0.9266 0.0596
vn 0.3466 0.9338 0.0892
vn 0.4252 0.9025 0.0681
vn 0.3356 0.9387 0.0794
vn 0.3254 0.9444 0.0478
vn 0.6454 0.7638 -0.0035
vn 0.5 0.8628 0.075
vn 0.3257 0.9433 0.0636
vn 0.3097 0.9492 0.0567
vn 0.3718 0.9255 0.072
vn 0.3918 0.9176 0.0668
vn 0.0202 0.9995 0.0232
vn 0.129 0.9909 0.0381
vn 0.2668 0.9622 0.0542
vn 0.4145 0.9079 0.0627
vn -0.1231 0.9856 0.1155
vn 0.3603 0.9311 0.0574
vn 0.5732 0.8155 0.0794
vn 0.4185 0.9056 0.0696
vn 0.2667 0.9625 0.049
vn 0.4187 0.9054 0.0696
vn 0.5406 0.837 0.0844
vn 0.265 0.963 0.0491
vn 0.3719 0.9254 0.0725
vn 0.3687 0.9284 0.0465
vn 0.3524 0.9337 0.064
vn 0.4861 0.8697 0.0853
vn 0.3087 0.9476 0.082
vn -0.0552 0.9377 0.343
vn 0.4087 0.9106 0.0619
vn 0.5431 0.8346 0.0926
vn 0.0737 0.9969 0.0286
vn 0.2507 0.9667 0.0518
vn -0.0338 0.9258 0.3765
vn 0.304 0.9504 0.0661
vn 0.5078 0.8576 0.0817
vn 0.0144 0.8342 0.5513
vn 0.3345 0.9396 0.0723
vn 0.2191 0.9749 0.0406
vn 0.4888 0.8693 0.073
vn 0.3655 0.9291 0.0561
vn -0.1158 0.9933 -0.0068
vn 0.0751 0.759 0.6468
vn 0.2481 0.9661 0.0718
vn 0.4385 0.8952 0.0795
vn 0.2907 0.9554 0.052
vn 0.5375 0.839 0.0849
vn -0.0041 0.9996 0.028
vn 0.0839 0.6974 0.7117
vn 0.2501 0.9669 0.0511
vn 0.3512 0.9342 0.0627
vn 0.4208 0.9038 0.0783
vn 0.2925 0.9556 0.0367
vn 0.4232 0.9015 0.0901
vn 0.0614 0.9978 0.0267
vn 0.4041 0.9117 0.0746
vn 0.2187 0.9739 0.0609
vn 0.38 0.9226 0.0669
vn 0.4343 0.8983 0.0664
vn 0.3521 0.9323 0.0823
vn 0.5593 0.8238 0.0923
vn 0.4764 0.8751 0.0851
vn 0.0991 0.9913 0.0865
vn 0.2822 0.9506 0.1292
vn 0.5211 0.8493 0.0852
vn 0.2999 0.9361 0.1838
vn 0.0529 0.9974 0.0491
vn 0.3578 0.8991 0.2523
vn 0.1616 0.985 0.0602
vn 0.5546 0.8277 0.0862
vn 0.3296 0.9431 0.0441
vn 0.4897 0.8678 0.0849
vn 0.1426 0.9889 0.0422
vn 0.3832 0.9197 0.0858
vn 0.3237 0.9357 0.1406
vn 0.1658 0.9844 0.0596
vn 0.1169 0.9925 0.036
vn 0.461 0.8709 0.1706
vn -0.0011 0.8336 0.5523
vn 0.0883 0.9958 0.0232
vn 0.4486 0.8886 0.0957
vn 0.3474 0.9335 0.0885
vn -0.0066 0.7846 0.6199
vn 0.5909 0.7866 0.1791
vn 0.5917 0.7984 0.1119
vn 0.0817 0.9965 0.0154
vn -0.1536 0.9755 0.1573
vn 0.1788 0.9828 0.0465
vn 0.3777 0.9236 0.0663
vn 0.5402 0.81 0.2283
vn -0.0349 0.7138 0.6994
vn -0.0497 0.8138 0.579
vn 0.3919 0.9181 0.0598
vn 0.5742 0.8091 0.1246
vn 0.3184 0.9459 0.062
vn 0.1823 0.9824 0.0408
vn 0.2507 0.9662 0.0606
vn 0.4801 0.8744 0.0704
vn 0.3483 0.9328 0.0922
vn 0.304 0.9505 0.0644
vn -0.1364 0.9511 0.2772
vn 0.1583 0.9865 0.0413
vn 0.0529 0.9982 0.0281
vn 0.0547 0.9981 0.0282
vn 0.286 0.9568 0.0514
vn -0.1355 0.9371 0.3216
vn 0.1443 0.9891 0.0292
vn 0.2522 0.9656 0.0628
vn 0.3752 0.9248 0.0637
vn 0.4384 0.8968 0.06
vn 0.4392 0.8951 0.0771
vn -0.1144 0.8861 0.4491
vn 0.1 0.9943 0.0364
vn 0.4604 0.8827 0.0943
vn 0.0467 0.9976 0.0507
vn 0.0961 0.9915 0.0879
vn 0.1522 0.9786 0.1382
vn 0.1013 0.9898 0.1004
vn -0.116 0.8694 0.4804
vn 0.1541 0.9785 0.1373
vn 0.0406 0.9853 0.1662
vn 0.4855 0.8708 0.0777
vn 0.2759 0.9596 0.0548
vn 0.299 0.9521 0.0648
vn 0.1051 0.8069 0.5812
vn 0.3574 0.9335 0.03
vn 0.3072 0.9484 0.0779
vn 0.4825 0.8726 0.0761
vn -0.091 0.616 0.7825
vn 0.4987 0.863 0.0806
vn 0.0896 0.756 0.6484
vn 0.1164 0.9927 0.0307
vn 0.1124 0.9929 0.0389
vn 0.2448 0.9681 0.0526
vn -0.0941 0.7485 0.6564
vn 0.0674 0.6737 0.7359
vn 0.1045 0.9938 0.0376
vn 0.2073 0.9768 0.0534
vn 0.0235 0.6976 0.7161
vn 0.1756 0.9835 0.0442
vn 0.0247 0.7097 0.7041
vn 0.5451 0.8348 0.078
vn 0.481 0.8739 0.0702
vn -0.0598 0.7029 0.7088
vn 0.3121 0.9486 0.0523
vn 0.0085 0.9998 0.0205
vn -0.0115 0.6812 0.732
vn -0.0533 0.9969 0.0571
vn 0.166 0.6557 0.7365
vn 0.5286 0.8438 0.0924
vn -0.0078 0.9963 0.0851
vn -0.0897 0.7577 0.6464
vn 0.4654 0.8798 0.0966
vn 0.0692 0.9973 0.0262
vn 0.5122 0.8548 0.0832
vn 0.5502 0.83 0.0916
vn 0.5152 0.8536 0.0764
vn 0.1255 0.991 0.0458
vn 0.1184 0.9758 0.1837
vn 0.463 0.8828 0.0795
vn 0.1244 0.9916 0.0367
vn 0.1752 0.9658 0.1914
vn 0.1293 0.9905 0.0476
vn 0.2277 0.972 0.0578
vn 0.1555 0.9877 0.0163
vn 0.2922 0.9546 0.0586
vn 0.2665 0.9626 0.0486
vn 0.4943 0.8644 0.0922
vn 0.5047 0.8588 0.0887
vn 0.4928 0.8669 0.0753
vn 0.2546 0.9653 0.0583
vn 0.3461 0.8999 0.2654
vn 0.4733 0.8072 0.3529
vn 0.4357 0.8315 0.3446
vn 0.0328 0.9992 0.0226
vn 0.3278 0.9409 0.0853
vn 0.1228 0.9917 0.0369
vn 0.2485 0.9669 0.0574
vn 0.5329 0.8417 0.0864
vn 0.0764 0.9965 0.0334
vn 0.4112 0.9091 0.0671
vn 0.5075 0.8568 0.0917
vn 0.324 0.9411 0.097
vn 0.4951 0.864 0.0913
vn 0.118 0.9744 0.1912
vn 0.1119 0.9932 0.0311
vn 0.5683 0.8186 0.0829
vn 0.1989 0.9415 0.2721
vn 0.1097 0.9931 0.041
vn 0.2564 0.9653 0.0492
vn 0.3396 0.8678 0.3626
vn 0.4094 0.8262 0.387
vn 0.0754 0.9966 0.0331
vn -0.0112 0.9996 0.0251
vn 0.5495 0.8314 0.0824
vn 0.4418 0.793 0.4194
vn 0.4199 0.9061 0.0527
vn 0.4357 0.8969 0.0753
vn 0.4793 0.8734 0.0866
vn 0.3989 0.9129 0.0867
vn 0.4055 0.9119 0.0632
vn 0.2472 0.9677 0.0487
vn 0.5084 0.8552 0.1006
vn 0.0437 0.9793 0.1979
vn 0.0357 0.9802 0.1949
vn 0.5474 0.832 0.0904
vn 0.1797 0.9341 0.3084
vn 0.499 0.8622 0.0873
vn 0.2606 0.8789 0.3996
vn 0.2858 0.8662 0.41
vn 0.1801 0.9811 0.0707
vn 0.0605 0.9978 0.028
vn 0.0715 0.997 0.0281
vn 0.2953 0.9536 0.059
vn 0.0653 0.9974 0.0311
vn 0.5344 0.8405 0.0896
vn 0.4312 0.7447 0.5093
vn 0.378 0.9248 0.0426
vn 0.2728 0.9599 0.065
vn 0.362 0.9292 0.0744
vn 0.2713 0.9609 0.0559
vn 0.1632 0.985 0.0553
vn 0.4669 0.6547 0.5944
vn 0.57 0.8176 0.0811
vn 0.3687 0.9261 0.0805
vn 0.0208 0.9758 0.2175
vn 0.0195 0.9761 0.2165
vn 0.0727 0.997 0.0283
vn 0.4789 0.875 0.0709
vn 0.5886 0.8037 0.0871
vn 0.596 0.7934 0.1234
vn 0.1402 0.9167 0.3741
vn 0.5257 0.8264 0.2019
vn 0.3234 0.9383 0.1229
vn 0.236 0.8632 0.4462
vn 0.2678 0.8242 0.499
vn 0.5117 0.8254 0.2386
vn 0.3095 0.9332 0.1826
vn 0.5427 0.7854 0.2978
vn 0.5411 0.7864 0.2979
vn 0.3769 0.718 0.5851
vn 0.0696 0.9741 0.2152
vn 0.3884 0.9018 0.1893
vn 0.1206 0.9515 0.2831
vn 0.5318 0.8281 0.1772
vn 0.4507 0.878 0.161
vn 0.3172 0.936 0.1527
vn 0.349 0.8869 0.3028
vn 0.1575 0.9848 0.0736
vn 0.1679 0.9263 0.3372
vn 0.0436 0.8981 0.4377
vn 0.0393 0.9786 0.2019
vn 0.5817 0.803 0.1298
vn -0.0001 0 1
vn 0.0001 -0 1
vn -0.0001 0.0001 1
vn 0.0001 -0.0001 1
vn -0.0002 0.0001 1
vn -0 -0.0001 1
vn -0.0001 -0.0001 1
vn 0.0004 0.0004 1
vn -0.0002 -0.0002 1
vn 1 -0.0009 0.002
f 1//1 2//1 3//1
f 4//2 5//2 6//2
f 2//3 7//3 8//3
f 9//4 10//4 11//4
f 12//5 13//5 14//5
f 15//6 16//6 13//6
f 17//7 18//7 19//7
f 6//8 20//8 21//8
f 13//9 16//9 14//9
f 15//10 22//10 16//10
f 23//11 24//11 25//11
f 26//12 27//12 28//12
f 28//13 27//13 29//13
f 30//14 31//14 32//14
f 33//15 22//15 15//15
f 34//16 35//16 36//16
f 33//17 37//17 22//17
f 38//18 39//18 40//18
f 41//19 37//19 33//19
f 42//20 43//20 44//20
f 1//21 39//21 2//21
f 41//22 45//22 37//22
f 46//23 45//23 41//23
f 47//24 48//24 49//24
f 50//25 51//25 52//25
f 53//26 54//26 55//26
f 56//27 51//27 50//27
f 57//28 54//28 53//28
f 58//29 59//29 60//29
f 61//30 62//30 63//30
f 46//31 64//31 45//31
f 65//32 64//32 46//32
f 66//33 64//33 65//33
f 67//34 68//34 69//34
f 70//35 71//35 72//35
f 66//36 73//36 64//36
f 62//37 74//37 75//37
f 76//38 71//38 70//38
f 66//39 77//39 73//39
f 78//40 77//40 66//40
f 79//41 80//41 81//41
f 81//42 80//42 82//42
f 23//43 83//43 24//43
f 73//44 77//44 84//44
f 1//45 3//45 85//45
f 85//46 3//46 86//46
f 87//47 88//47 89//47
f 72//48 34//48 90//48
f 71//49 34//49 72//49
f 91//50 92//50 93//50
f 91//51 94//51 92//51
f 78//52 94//52 91//52
f 92//53 95//53 96//53
f 97//54 98//54 99//54
f 100//55 98//55 97//55
f 101//56 36//56 102//56
f 103//57 17//57 104//57
f 94//58 95//58 92//58
f 52//59 17//59 103//59
f 5//60 20//60 6//60
f 105//61 106//61 7//61
f 78//62 66//62 94//62
f 94//63 107//63 95//63
f 38//64 105//64 39//64
f 66//65 65//65 94//65
f 108//66 83//66 23//66
f 109//67 110//67 111//67
f 95//68 112//68 96//68
f 58//69 113//69 59//69
f 95//70 107//70 112//70
f 114//71 115//71 42//71
f 42//72 115//72 43//72
f 65//73 107//73 94//73
f 47//74 53//74 48//74
f 116//75 117//75 118//75
f 112//76 117//76 116//76
f 107//77 117//77 112//77
f 119//78 62//78 61//78
f 120//79 121//79 88//79
f 88//80 121//80 35//80
f 107//81 46//81 122//81
f 26//82 75//82 27//82
f 65//83 46//83 107//83
f 123//84 51//84 56//84
f 118//85 117//85 124//85
f 117//86 125//86 124//86
f 126//87 87//87 76//87
f 76//88 87//88 71//88
f 87//89 127//89 88//89
f 107//90 125//90 117//90
f 107//91 122//91 125//91
f 46//92 41//92 122//92
f 71//93 89//93 34//93
f 125//94 128//94 124//94
f 122//95 128//95 125//95
f 124//96 128//96 129//96
f 108//97 130//97 83//97
f 122//98 131//98 128//98
f 41//99 131//99 122//99
f 19//100 32//100 31//100
f 41//101 33//101 131//101
f 128//102 132//102 129//102
f 129//103 132//103 133//103
f 131//104 134//104 128//104
f 5//105 44//105 20//105
f 33//106 15//106 131//106
f 135//107 136//107 137//107
f 110//108 138//108 100//108
f 134//109 132//109 128//109
f 100//110 138//110 98//110
f 132//111 139//111 29//111
f 29//112 139//112 140//112
f 134//113 139//113 132//113
f 141//114 135//114 68//114
f 57//115 28//115 54//115
f 134//116 142//116 139//116
f 139//117 142//117 140//117
f 43//118 130//118 108//118
f 140//119 142//119 143//119
f 131//120 142//120 134//120
f 15//121 142//121 131//121
f 143//122 142//122 13//122
f 144//123 145//123 119//123
f 142//124 15//124 13//124
f 119//125 145//125 62//125
f 146//126 147//126 17//126
f 17//127 147//127 18//127
f 35//128 148//128 36//128
f 105//129 90//129 106//129
f 68//130 137//130 69//130
f 149//131 53//131 47//131
f 79//132 30//132 80//132
f 75//133 133//133 27//133
f 74//134 118//134 75//134
f 130//135 43//135 150//135
f 38//136 72//136 105//136
f 114//137 151//137 115//137
f 152//138 151//138 114//138
f 113//139 29//139 153//139
f 137//140 44//140 5//140
f 109//141 138//141 110//141
f 141//142 86//142 135//142
f 19//143 154//143 32//143
f 123//144 155//144 51//144
f 98//145 156//145 99//145
f 157//146 28//146 57//146
f 9//147 82//147 10//147
f 75//148 129//148 133//148
f 27//149 132//149 29//149
f 144//150 97//150 145//150
f 78//151 158//151 77//151
f 35//152 159//152 148//152
f 121//153 159//153 35//153
f 160//154 161//154 162//154
f 68//155 135//155 137//155
f 127//156 163//156 120//156
f 164//157 57//157 149//157
f 165//158 163//158 127//158
f 149//159 57//159 53//159
f 166//160 161//160 160//160
f 127//161 120//161 88//161
f 161//162 167//162 162//162
f 168//163 127//163 126//163
f 126//164 127//164 87//164
f 102//165 169//165 152//165
f 152//166 169//166 151//166
f 170//167 30//167 79//167
f 75//168 118//168 129//168
f 171//169 79//169 172//169
f 99//170 116//170 74//170
f 43//171 115//171 150//171
f 166//172 81//172 161//172
f 172//173 81//173 166//173
f 137//174 42//174 44//174
f 162//175 167//175 173//175
f 27//176 133//176 132//176
f 157//177 26//177 28//177
f 60//178 59//178 174//178
f 51//179 146//179 52//179
f 52//180 146//180 17//180
f 150//181 115//181 175//181
f 8//182 152//182 136//182
f 176//183 170//183 171//183
f 10//184 82//184 177//184
f 99//185 178//185 116//185
f 19//186 18//186 154//186
f 172//187 79//187 81//187
f 121//188 179//188 159//188
f 180//189 179//189 121//189
f 21//190 25//190 146//190
f 181//191 170//191 176//191
f 146//192 25//192 147//192
f 170//193 31//193 30//193
f 182//194 138//194 109//194
f 89//195 35//195 34//195
f 183//196 6//196 155//196
f 74//197 116//197 118//197
f 99//198 156//198 178//198
f 63//199 26//199 157//199
f 181//200 104//200 170//200
f 36//201 184//201 102//201
f 102//202 184//202 169//202
f 165//203 60//203 163//203
f 55//204 60//204 165//204
f 185//205 76//205 186//205
f 186//206 76//206 70//206
f 151//207 175//207 115//207
f 113//208 153//208 59//208
f 187//209 97//209 188//209
f 188//210 97//210 144//210
f 136//211 114//211 137//211
f 167//212 9//212 173//212
f 82//213 80//213 177//213
f 137//214 114//214 42//214
f 118//215 124//215 129//215
f 174//216 179//216 180//216
f 103//217 104//217 181//217
f 89//218 88//218 35//218
f 185//219 126//219 76//219
f 48//220 165//220 168//220
f 168//221 165//221 127//221
f 104//222 31//222 170//222
f 70//223 38//223 189//223
f 190//224 189//224 40//224
f 154//225 18//225 191//225
f 63//226 62//226 26//226
f 39//227 7//227 2//227
f 7//228 101//228 8//228
f 8//229 101//229 152//229
f 111//230 192//230 193//230
f 59//231 194//231 174//231
f 174//232 194//232 179//232
f 98//233 138//233 156//233
f 171//234 170//234 79//234
f 55//235 58//235 60//235
f 21//236 23//236 25//236
f 169//237 195//237 151//237
f 151//238 195//238 175//238
f 29//239 140//239 153//239
f 187//240 100//240 97//240
f 196//241 126//241 185//241
f 148//242 184//242 36//242
f 105//243 7//243 39//243
f 3//244 136//244 86//244
f 86//245 136//245 135//245
f 197//246 155//246 123//246
f 147//247 191//247 18//247
f 20//248 23//248 21//248
f 148//249 198//249 184//249
f 54//250 58//250 55//250
f 104//251 19//251 31//251
f 164//252 157//252 57//252
f 106//253 101//253 7//253
f 199//254 157//254 164//254
f 153//255 194//255 59//255
f 155//256 21//256 51//256
f 138//257 200//257 156//257
f 51//258 21//258 146//258
f 201//259 52//259 103//259
f 169//260 202//260 195//260
f 161//261 9//261 167//261
f 189//262 38//262 40//262
f 196//263 168//263 126//263
f 159//264 198//264 148//264
f 169//265 184//265 202//265
f 153//266 143//266 194//266
f 182//267 200//267 138//267
f 156//268 96//268 178//268
f 203//269 52//269 201//269
f 136//270 152//270 114//270
f 173//271 9//271 11//271
f 159//272 204//272 198//272
f 145//273 74//273 62//273
f 3//274 8//274 136//274
f 2//275 8//275 3//275
f 20//276 108//276 23//276
f 153//277 140//277 143//277
f 80//278 30//278 177//278
f 179//279 204//279 159//279
f 178//280 112//280 116//280
f 187//281 110//281 100//281
f 53//282 55//282 48//282
f 93//283 200//283 182//283
f 192//284 110//284 187//284
f 48//285 55//285 165//285
f 81//286 82//286 161//286
f 161//287 82//287 9//287
f 49//288 168//288 196//288
f 184//289 205//289 202//289
f 120//290 180//290 121//290
f 163//291 180//291 120//291
f 156//292 200//292 96//292
f 90//293 36//293 106//293
f 106//294 36//294 101//294
f 178//295 96//295 112//295
f 40//296 39//296 1//296
f 198//297 205//297 184//297
f 179//298 206//298 204//298
f 97//299 74//299 145//299
f 28//300 113//300 54//300
f 147//301 25//301 191//301
f 191//302 25//302 24//302
f 207//303 6//303 183//303
f 200//304 92//304 96//304
f 44//305 108//305 20//305
f 198//306 208//306 205//306
f 70//307 72//307 38//307
f 194//308 206//308 179//308
f 4//309 69//309 5//309
f 163//310 174//310 180//310
f 67//311 69//311 4//311
f 6//312 21//312 155//312
f 62//313 75//313 26//313
f 200//314 93//314 92//314
f 177//315 30//315 32//315
f 207//316 4//316 6//316
f 204//317 208//317 198//317
f 111//318 110//318 192//318
f 50//319 52//319 203//319
f 101//320 102//320 152//320
f 194//321 12//321 206//321
f 85//322 86//322 141//322
f 72//323 90//323 105//323
f 204//324 209//324 208//324
f 69//325 137//325 5//325
f 49//326 48//326 168//326
f 61//327 63//327 199//327
f 199//328 63//328 157//328
f 44//329 43//329 108//329
f 17//330 19//330 104//330
f 143//331 13//331 194//331
f 28//332 29//332 113//332
f 194//333 13//333 12//333
f 97//334 99//334 74//334
f 204//335 206//335 209//335
f 54//336 113//336 58//336
f 34//337 36//337 90//337
f 197//338 183//338 155//338
f 209//339 206//339 14//339
f 87//340 89//340 71//340
f 163//341 60//341 174//341
f 206//342 12//342 14//342
f 210//343 211//343 212//343
f 213//344 214//344 215//344
f 216//345 217//345 218//345
f 219//346 220//346 221//346
f 222//347 223//347 224//347
f 225//348 226//348 227//348
f 228//349 229//349 230//349
f 231//350 232//350 222//350
f 164//351 233//351 199//351
f 234//352 235//352 236//352
f 223//353 237//353 226//353
f 226//354 237//354 238//354
f 239//355 217//355 216//355
f 185//356 229//356 196//356
f 240//357 229//357 185//357
f 241//358 242//358 243//358
f 244//359 199//359 233//359
f 218//360 199//360 244//360
f 222//361 245//361 223//361
f 228//362 246//362 229//362
f 239//363 247//363 217//363
f 248//364 249//364 250//364
f 236//365 210//365 219//365
f 210//366 251//366 211//366
f 252//367 230//367 253//367
f 254//368 251//368 210//368
f 225//369 224//369 226//369
f 255//370 247//370 239//370
f 256//371 224//371 225//371
f 214//372 257//372 248//372
f 248//373 257//373 249//373
f 222//374 232//374 245//374
f 234//375 227//375 235//375
f 212//376 246//376 228//376
f 218//377 61//377 199//377
f 217//378 61//378 218//378
f 250//379 249//379 255//379
f 255//380 258//380 247//380
f 223//381 216//381 237//381
f 196//382 229//382 49//382
f 213//383 257//383 214//383
f 212//384 259//384 246//384
f 217//385 119//385 61//385
f 247//386 119//386 217//386
f 249//387 260//387 255//387
f 255//388 260//388 258//388
f 223//389 239//389 216//389
f 245//390 239//390 223//390
f 229//391 246//391 49//391
f 235//392 210//392 236//392
f 238//393 244//393 254//393
f 254//394 244//394 251//394
f 213//395 261//395 257//395
f 256//396 222//396 224//396
f 262//397 222//397 256//397
f 220//398 228//398 252//398
f 252//399 228//399 230//399
f 231//400 242//400 232//400
f 211//401 259//401 212//401
f 247//402 144//402 119//402
f 253//403 230//403 240//403
f 241//404 248//404 242//404
f 257//405 260//405 249//405
f 258//406 144//406 247//406
f 49//407 246//407 47//407
f 257//408 261//408 260//408
f 235//409 254//409 210//409
f 258//410 188//410 144//410
f 258//411 187//411 188//411
f 260//412 187//412 258//412
f 211//413 263//413 259//413
f 261//414 193//414 260//414
f 264//415 265//415 266//415
f 267//416 265//416 264//416
f 193//417 192//417 260//417
f 260//418 192//418 187//418
f 268//419 265//419 267//419
f 246//420 259//420 47//420
f 268//421 269//421 265//421
f 270//422 269//422 268//422
f 251//423 263//423 211//423
f 271//424 215//424 241//424
f 227//425 254//425 235//425
f 262//426 231//426 222//426
f 272//427 269//427 270//427
f 220//428 212//428 228//428
f 265//429 221//429 266//429
f 266//430 221//430 273//430
f 232//431 255//431 245//431
f 47//432 259//432 149//432
f 219//433 212//433 220//433
f 237//434 216//434 238//434
f 272//435 234//435 269//435
f 224//436 223//436 226//436
f 241//437 214//437 248//437
f 251//438 233//438 263//438
f 230//439 229//439 240//439
f 242//440 250//440 232//440
f 265//441 219//441 221//441
f 232//442 250//442 255//442
f 259//443 263//443 149//443
f 227//444 238//444 254//444
f 226//445 238//445 227//445
f 238//446 218//446 244//446
f 243//447 231//447 274//447
f 275//448 234//448 272//448
f 241//449 215//449 214//449
f 244//450 233//450 251//450
f 210//451 212//451 219//451
f 269//452 219//452 265//452
f 245//453 255//453 239//453
f 221//454 252//454 273//454
f 248//455 250//455 242//455
f 149//456 263//456 164//456
f 275//457 227//457 234//457
f 269//458 236//458 219//458
f 216//459 218//459 238//459
f 221//460 220//460 252//460
f 225//461 227//461 275//461
f 263//462 233//462 164//462
f 234//463 236//463 269//463
f 243//464 242//464 231//464
f 276//465 262//465 277//465
f 278//466 279//466 280//466
f 281//467 282//467 276//467
f 283//468 284//468 285//468
f 286//469 287//469 288//469
f 288//470 287//470 289//470
f 290//471 225//471 291//471
f 292//472 293//472 268//472
f 294//473 295//473 296//473
f 297//474 298//474 299//474
f 300//475 295//475 294//475
f 299//476 298//476 281//476
f 301//477 302//477 303//477
f 304//478 305//478 306//478
f 280//479 279//479 307//479
f 283//480 308//480 284//480
f 309//481 310//481 311//481
f 311//482 310//482 312//482
f 313//483 270//483 293//483
f 312//484 314//484 315//484
f 276//485 282//485 262//485
f 277//486 256//486 290//486
f 290//487 256//487 225//487
f 316//488 302//488 301//488
f 278//489 317//489 279//489
f 318//490 315//490 313//490
f 319//491 317//491 278//491
f 293//492 270//492 268//492
f 320//493 321//493 322//493
f 289//494 287//494 323//494
f 316//495 285//495 302//495
f 297//496 324//496 298//496
f 306//497 324//497 297//497
f 256//498 277//498 262//498
f 325//499 326//499 327//499
f 327//500 326//500 328//500
f 323//501 308//501 283//501
f 329//502 292//502 330//502
f 286//503 322//503 287//503
f 282//504 274//504 262//504
f 279//505 331//505 307//505
f 296//506 318//506 332//506
f 332//507 318//507 333//507
f 284//508 311//508 300//508
f 300//508 311//508 295//508
f 281//509 298//509 282//509
f 334//510 335//510 325//510
f 303//511 317//511 319//511
f 306//512 336//512 324//512
f 305//513 336//513 306//513
f 328//514 337//514 320//514
f 320//515 337//515 321//515
f 321//516 299//516 338//516
f 338//517 299//517 339//517
f 312//518 310//518 314//518
f 333//519 292//519 329//519
f 302//520 317//520 303//520
f 262//521 274//521 231//521
f 316//522 340//522 285//522
f 315//523 272//523 313//523
f 335//524 326//524 325//524
f 298//525 243//525 282//525
f 313//526 272//526 270//526
f 309//527 276//527 310//527
f 339//528 276//528 309//528
f 323//529 338//529 308//529
f 324//530 341//530 298//530
f 341//531 243//531 298//531
f 307//532 331//532 342//532
f 302//533 294//533 317//533
f 279//534 332//534 331//534
f 282//535 243//535 274//535
f 317//536 332//536 279//536
f 343//537 320//537 286//537
f 286//538 320//538 322//538
f 336//539 344//539 324//539
f 324//540 344//540 341//540
f 330//541 292//541 267//541
f 315//542 275//542 272//542
f 243//543 341//543 241//543
f 308//544 309//544 284//544
f 284//544 309//544 311//544
f 333//545 293//545 292//545
f 344//546 241//546 341//546
f 241//547 344//547 271//547
f 329//548 342//548 331//548
f 296//549 312//549 318//549
f 295//550 312//550 296//550
f 330//551 267//551 264//551
f 326//552 304//552 328//552
f 287//553 338//553 323//553
f 328//554 304//554 337//554
f 345//555 346//555 347//555
f 340//556 283//556 285//556
f 314//557 275//557 315//557
f 302//558 300//558 294//558
f 285//559 300//559 302//559
f 345//560 278//560 346//560
f 348//561 278//561 345//561
f 343//562 327//562 320//562
f 314//563 291//563 275//563
f 337//564 297//564 321//564
f 321//565 297//565 299//565
f 349//566 283//566 340//566
f 335//567 304//567 326//567
f 348//568 319//568 278//568
f 339//569 281//569 276//569
f 317//570 296//570 332//570
f 294//570 296//570 317//570
f 299//571 281//571 339//571
f 310//572 291//572 314//572
f 288//573 289//573 349//573
f 289//574 323//574 349//574
f 335//575 305//575 304//575
f 311//576 312//576 295//576
f 349//577 323//577 283//577
f 310//578 277//578 290//578
f 276//579 277//579 310//579
f 318//580 293//580 333//580
f 346//581 278//581 280//581
f 275//582 291//582 225//582
f 301//583 319//583 348//583
f 329//584 330//584 342//584
f 310//585 290//585 291//585
f 312//586 315//586 318//586
f 338//587 339//587 308//587
f 308//587 339//587 309//587
f 331//588 333//588 329//588
f 332//589 333//589 331//589
f 292//590 268//590 267//590
f 285//591 284//591 300//591
f 301//592 303//592 319//592
f 322//593 321//593 287//593
f 304//594 306//594 337//594
f 287//595 321//595 338//595
f 337//596 306//596 297//596
f 327//597 328//597 320//597
f 318//598 313//598 293//598
f 350//599 351//599 352//599
f 352//600 353//600 354//600
f 351//601 353//601 352//601
f 354//602 355//602 356//602
f 353//603 355//603 354//603
f 356//604 355//604 357//604
f 355//605 358//605 357//605
f 357//606 358//606 359//606
f 358//607 360//607 359//607
f 360//608 361//608 359//608
f 359//609 361//609 362//609
f 361//610 363//610 362//610
f 362//611 363//611 364//611
f 363//612 365//612 364//612
f 365//613 366//613 364//613
f 364//614 366//614 367//614
f 367//615 366//615 368//615
f 366//616 369//616 368//616
f 368//617 369//617 370//617
f 369//618 371//618 370//618
f 371//619 372//619 370//619
f 370//620 372//620 373//620
f 373//621 372//621 374//621
f 372//622 375//622 374//622
f 374//623 375//623 376//623
f 375//624 377//624 376//624
f 376//625 377//625 378//625
f 377//626 379//626 378//626
f 378//627 379//627 380//627
f 379//628 381//628 380//628
f 380//629 381//629 382//629
f 381//630 383//630 382//630
f 382//631 383//631 384//631
f 383//632 385//632 384//632
f 386//633 387//633 388//633
f 387//634 389//634 388//634
f 388//635 389//635 390//635
f 391//636 392//636 393//636
f 394//637 392//637 391//637
f 393//638 395//638 396//638
f 392//639 395//639 393//639
f 396//640 395//640 397//640
f 395//641 398//641 397//641
f 397//642 398//642 399//642
f 398//643 400//643 399//643
f 399//644 400//644 386//644
f 400//645 387//645 386//645
f 401//646 402//646 403//646
f 404//647 402//647 401//647
f 405//648 406//648 407//648
f 406//649 408//649 407//649
f 403//650 409//650 410//650
f 411//651 412//651 413//651
f 402//652 409//652 403//652
f 413//653 412//653 414//653
f 407//654 408//654 415//654
f 410//655 409//655 416//655
f 415//656 417//656 418//656
f 408//657 417//657 415//657
f 409//658 419//658 416//658
f 412//659 420//659 414//659
f 414//660 420//660 421//660
f 416//661 419//661 422//661
f 419//662 423//662 422//662
f 420//663 424//663 421//663
f 421//664 424//664 425//664
f 422//665 423//665 426//665
f 423//666 427//666 426//666
f 424//667 404//667 425//667
f 425//668 404//668 401//668
f 426//669 427//669 405//669
f 427//670 406//670 405//670
f 428//671 429//671 430//671
f 431//672 432//672 433//672
f 433//673 432//673 434//673
f 430//674 429//674 435//674
f 432//675 436//675 434//675
f 437//676 438//676 439//676
f 439//677 438//677 440//677
f 429//678 441//678 435//678
f 434//679 436//679 442//679
f 435//680 441//680 443//680
f 442//681 436//681 444//681
f 436//682 445//682 444//682
f 441//683 446//683 443//683
f 438//684 447//684 440//684
f 440//685 447//685 448//685
f 444//686 445//686 449//686
f 445//687 450//687 449//687
f 447//688 451//688 448//688
f 448//689 451//689 452//689
f 449//690 450//690 453//690
f 450//691 428//691 453//691
f 451//692 431//692 452//692
f 452//693 431//693 454//693
f 453//694 428//694 430//694
f 454//695 431//695 433//695
f 455//696 456//696 457//696
f 458//697 459//697 460//697
f 457//698 456//698 461//698
f 459//699 462//699 460//699
f 456//700 463//700 461//700
f 460//701 462//701 464//701
f 461//702 463//702 465//702
f 462//703 466//703 464//703
f 463//704 467//704 465//704
f 465//705 467//705 468//705
f 467//706 469//706 468//706
f 468//707 469//707 470//707
f 469//708 471//708 470//708
f 470//709 471//709 458//709
f 471//710 459//710 458//710
f 472//711 473//711 474//711
f 475//712 476//712 477//712
f 474//713 473//713 478//713
f 476//714 479//714 477//714
f 477//715 479//715 480//715
f 473//716 481//716 478//716
f 478//717 481//717 482//717
f 480//718 483//718 484//718
f 479//719 483//719 480//719
f 481//720 485//720 482//720
f 484//721 486//721 487//721
f 483//722 486//722 484//722
f 486//723 488//723 487//723
f 487//724 488//724 489//724
f 489//725 488//725 474//725
f 488//726 472//726 474//726
f 490//727 491//727 492//727
f 493//728 494//728 495//728
f 496//729 497//729 498//729
f 497//730 499//730 498//730
f 492//731 491//731 500//731
f 491//732 501//732 500//732
f 494//733 502//733 495//733
f 500//734 501//734 503//734
f 501//735 504//735 503//735
f 503//736 505//736 506//736
f 504//737 505//737 503//737
f 495//738 502//738 507//738
f 498//739 499//739 493//739
f 508//740 509//740 496//740
f 509//741 497//741 496//741
f 502//742 490//742 507//742
f 499//743 494//743 493//743
f 507//744 490//744 492//744
f 510//745 511//745 512//745
f 513//746 514//746 515//746
f 512//747 511//747 516//747
f 517//748 518//748 519//748
f 515//749 514//749 520//749
f 514//750 521//750 520//750
f 520//751 521//751 522//751
f 518//752 510//752 519//752
f 521//753 523//753 522//753
f 511//754 524//754 516//754
f 516//755 524//755 525//755
f 519//756 510//756 512//756
f 526//757 527//757 517//757
f 524//758 513//758 525//758
f 525//759 513//759 515//759
f 527//760 518//760 517//760
f 528//761 529//761 530//761
f 531//762 532//762 533//762
f 534//763 535//763 536//763
f 537//764 532//764 531//764
f 530//765 529//765 538//765
f 536//766 535//766 539//766
f 539//767 540//767 541//767
f 535//768 540//768 539//768
f 532//769 542//769 533//769
f 543//770 528//770 544//770
f 529//771 537//771 538//771
f 533//772 542//772 545//772
f 538//773 537//773 531//773
f 544//774 528//774 530//774
f 542//775 534//775 545//775
f 545//776 534//776 536//776
f 546//777 547//777 548//777
f 548//778 547//778 549//778
f 549//779 550//779 551//779
f 552//780 553//780 554//780
f 547//781 550//781 549//781
f 551//782 550//782 555//782
f 556//783 557//783 558//783
f 558//784 557//784 559//784
f 554//785 553//785 560//785
f 550//786 561//786 555//786
f 555//787 561//787 562//787
f 563//788 564//788 565//788
f 557//789 546//789 559//789
f 559//790 546//790 548//790
f 564//791 552//791 565//791
f 553//792 556//792 560//792
f 565//793 552//793 554//793
f 560//794 556//794 558//794
f 566//795 567//795 568//795
f 569//796 570//796 571//796
f 570//797 572//797 571//797
f 568//798 573//798 574//798
f 567//799 573//799 568//799
f 573//800 575//800 574//800
f 574//801 575//801 576//801
f 575//802 577//802 576//802
f 576//803 577//803 578//803
f 577//804 579//804 578//804
f 578//805 579//805 569//805
f 579//806 570//806 569//806
f 580//807 581//807 582//807
f 583//808 584//808 585//808
f 586//809 587//809 588//809
f 582//810 581//810 589//810
f 585//811 590//811 591//811
f 584//812 590//812 585//812
f 589//813 592//813 593//813
f 581//814 592//814 589//814
f 591//815 590//815 594//815
f 588//816 587//816 595//816
f 590//817 596//817 594//817
f 587//818 597//818 595//818
f 594//819 596//819 598//819
f 595//820 597//820 599//820
f 596//821 600//821 598//821
f 597//822 601//822 599//822
f 599//823 601//823 602//823
f 598//824 600//824 603//824
f 600//825 604//825 603//825
f 601//826 605//826 602//826
f 603//827 604//827 606//827
f 602//828 605//828 607//828
f 604//829 580//829 606//829
f 605//830 583//830 607//830
f 606//831 580//831 582//831
f 607//832 583//832 585//832
f 608//833 609//833 610//833
f 611//834 612//834 613//834
f 613//835 612//835 614//835
f 615//836 616//836 617//836
f 609//837 616//837 615//837
f 618//838 619//838 620//838
f 614//839 621//839 622//839
f 620//840 619//840 623//840
f 612//841 621//841 614//841
f 617//842 616//842 624//842
f 616//843 625//843 624//843
f 619//844 626//844 623//844
f 623//845 626//845 627//845
f 624//846 625//846 628//846
f 625//847 629//847 628//847
f 626//848 630//848 627//848
f 627//849 630//849 631//849
f 628//850 629//850 632//850
f 629//851 633//851 632//851
f 632//852 633//852 634//852
f 630//853 608//853 631//853
f 631//854 608//854 610//854
f 633//855 611//855 634//855
f 634//856 611//856 613//856
f 610//857 609//857 615//857
f 635//858 636//858 637//858
f 635//859 638//859 636//859
f 639//860 640//860 641//860
f 642//860 643//860 644//860
f 645//861 643//861 642//861
f 646//861 647//861 648//861
f 649//860 650//860 651//860
f 652//861 649//861 651//861
f 653//860 654//860 655//860
f 656//861 657//861 658//861
f 659//860 660//860 661//860
f 662//860 663//860 664//860
f 665//862 664//862 666//862
f 667//861 662//861 664//861
f 668//860 664//860 665//860
f 667//861 664//861 668//861
f 669//860 667//860 668//860
f 669//861 668//861 670//861
f 671//860 672//860 673//860
f 674//860 675//860 676//860
f 677//860 678//860 679//860
f 680//863 681//863 682//863
f 641//864 640//864 683//864
f 641//865 683//865 684//865
f 685//866 641//866 684//866
f 639//867 641//867 685//867
f 683//868 639//868 685//868
f 640//869 639//869 683//869
f 644//870 643//870 686//870
f 644//871 686//871 687//871
f 688//872 644//872 687//872
f 642//873 644//873 688//873
f 645//874 642//874 688//874
f 645//875 688//875 689//875
f 686//876 645//876 689//876
f 643//877 645//877 686//877
f 647//878 646//878 690//878
f 647//879 690//879 691//879
f 692//880 647//880 691//880
f 648//881 647//881 692//881
f 690//882 648//882 692//882
f 646//883 648//883 690//883
f 650//884 649//884 693//884
f 650//885 693//885 694//885
f 695//886 650//886 694//886
f 651//887 650//887 695//887
f 652//888 651//888 695//888
f 652//889 695//889 696//889
f 693//890 652//890 696//890
f 649//891 652//891 693//891
f 655//892 654//892 697//892
f 655//893 697//893 698//893
f 653//894 655//894 698//894
f 653//894 698//894 699//894
f 697//895 653//895 699//895
f 654//896 653//896 697//896
f 700//897 656//897 701//897
f 657//898 656//898 700//898
f 658//899 657//899 700//899
f 658//899 700//899 702//899
f 701//900 658//900 702//900
f 656//901 658//901 701//901
f 703//902 660//902 704//902
f 661//903 660//903 703//903
f 659//904 661//904 703//904
f 659//905 703//905 705//905
f 660//906 659//906 705//906
f 660//907 705//907 704//907
f 669//908 706//908 667//908
f 667//909 706//909 707//909
f 670//910 708//910 669//910
f 669//911 708//911 706//911
f 668//912 709//912 670//912
f 670//913 709//913 708//913
f 662//914 667//914 707//914
f 710//915 662//915 707//915
f 663//916 662//916 710//916
f 711//916 663//916 710//916
f 663//917 711//917 712//917
f 663//918 712//918 664//918
f 668//919 713//919 709//919
f 665//920 713//920 668//920
f 665//921 714//921 713//921
f 666//922 714//922 665//922
f 666//923 715//923 714//923
f 664//924 712//924 666//924
f 666//925 712//925 715//925
f 672//926 716//926 717//926
f 672//926 717//926 673//926
f 671//927 673//927 717//927
f 671//927 717//927 718//927
f 716//928 671//928 718//928
f 672//928 671//928 716//928
f 675//926 719//926 720//926
f 675//926 720//926 676//926
f 674//927 676//927 720//927
f 674//929 720//929 721//929
f 719//930 674//930 721//930
f 675//928 674//928 719//928
f 722//926 723//926 679//926
f 678//926 722//926 679//926
f 677//931 679//931 723//931
f 677//932 723//932 724//932
f 722//933 677//933 724//933
f 678//934 677//934 722//934
f 681//935 680//935 725//935
f 726//936 681//936 725//936
f 727//937 681//937 726//937
f 682//938 681//938 727//938
f 727//939 725//939 680//939
f 682//939 727//939 680//939
f 728//860 729//860 691//860
f 728//861 691//861 698//861
f 699//940 698//940 691//940
f 696//861 695//861 686//861
f 692//860 691//860 701//860
f 691//940 690//940 699//940
f 683//860 685//860 687//860
f 685//940 684//940 690//940
f 689//860 730//860 731//860
f 689//860 732//860 730//860
f 689//861 733//861 732//861
f 705//860 734//860 735//860
f 705//860 736//860 734//860
f 705//860 737//860 736//860
f 705//860 738//860 737//860
f 688//860 739//860 733//860
f 688//861 735//861 739//861
f 688//861 733//861 689//861
f 704//861 705//861 735//861
f 704//861 735//861 688//861
f 696//860 689//860 731//860
f 703//861 738//861 705//861
f 703//861 740//861 738//861
f 741//860 740//860 703//860
f 693//861 696//861 731//861
f 693//861 742//861 743//861
f 693//861 731//861 742//861
f 685//861 703//861 704//861
f 686//860 689//860 696//860
f 687//860 704//860 688//860
f 687//861 685//861 704//861
f 744//861 741//861 703//861
f 683//860 687//860 686//860
f 683//861 686//861 695//861
f 694//860 743//860 745//860
f 694//860 693//860 743//860
f 746//861 694//861 745//861
f 747//860 694//860 746//860
f 690//860 703//860 685//860
f 684//860 695//860 694//860
f 684//861 683//861 695//861
f 748//860 694//860 747//860
f 692//860 749//860 750//860
f 692//860 703//860 690//860
f 692//860 744//860 703//860
f 692//860 750//860 744//860
f 702//861 751//861 749//861
f 702//861 749//861 692//861
f 702//861 692//861 701//861
f 752//861 751//861 702//861
f 699//861 690//861 684//861
f 691//860 700//860 701//860
f 697//861 748//861 753//861
f 697//860 694//860 748//860
f 697//861 699//861 684//861
f 697//861 684//861 694//861
f 754//860 697//860 753//860
f 755//860 752//860 702//860
f 755//860 702//860 700//860
f 756//860 697//860 754//860
f 757//861 755//861 700//861
f 758//860 697//860 756//860
f 759//860 757//860 700//860
f 760//860 697//860 758//860
f 760//860 698//860 697//860
f 761//861 759//861 700//861
f 762//860 698//860 760//860
f 761//860 700//860 691//860
f 729//860 761//860 691//860
f 728//861 698//861 762//861
f 763//861 764//861 765//861
f 766//860 763//860 765//860
f 767//861 768//861 769//861
f 767//860 763//860 766//860
f 770//861 768//861 767//861
f 771//860 772//860 770//860
f 771//860 767//860 766//860
f 771//860 770//860 767//860
f 715//861 773//861 714//861
f 774//941 773//941 715//941
f 711//861 775//861 776//861
f 777//861 775//861 711//861
f 777//861 710//861 778//861
f 709//860 779//860 708//860
f 710//861 707//861 778//861
f 714//942 773//942 780//942
f 781//860 782//860 774//860
f 782//861 783//861 774//861
f 709//860 784//860 779//860
f 778//861 706//861 785//861
f 707//861 706//861 778//861
f 777//861 711//861 710//861
f 785//860 706//860 786//860
f 776//861 781//861 712//861
f 706//860 708//860 786//860
f 709//860 787//860 784//860
f 713//860 787//860 709//860
f 775//861 788//861 776//861
f 714//860 780//860 713//860
f 713//860 780//860 787//860
f 708//860 779//860 786//860
f 711//861 776//861 712//861
f 712//861 774//861 715//861
f 781//860 774//860 712//860
f 789//861 718//861 790//861
f 791//860 716//860 789//860
f 789//860 716//860 718//860
f 791//861 792//861 716//861
f 791//860 793//860 792//860
f 718//861 717//861 790//861
f 792//860 717//860 716//860
f 792//860 794//860 717//860
f 795//860 796//860 794//860
f 717//860 796//860 790//860
f 794//861 796//861 717//861
f 797//861 798//861 799//861
f 800//861 798//861 797//861
f 801//861 802//861 803//861
f 804//860 800//860 797//860
f 805//861 806//861 801//861
f 805//861 801//861 803//861
f 797//860 802//860 801//860
f 797//860 801//860 804//860
f 807//860 808//860 809//860
f 810//860 811//860 812//860
f 813//860 807//860 810//860
f 814//861 815//861 807//861
f 814//860 807//860 813//860
f 816//861 813//861 810//861
f 817//860 818//860 816//860
f 817//860 810//860 812//860
f 817//860 816//860 810//860
f 809//860 810//860 807//860
f 819//860 721//860 820//860
f 821//860 719//860 819//860
f 819//861 719//861 721//861
f 821//861 822//861 719//861
f 821//861 823//861 822//861
f 721//860 720//860 820//860
f 822//860 720//860 719//860
f 822//860 824//860 720//860
f 825//861 826//861 824//861
f 720//861 826//861 820//861
f 824//861 826//861 720//861
f 827//861 828//861 829//861
f 830//861 827//861 829//861
f 831//860 827//860 830//860
f 832//860 833//860 834//860
f 832//860 834//860 831//860
f 832//860 831//860 830//860
f 835//860 836//860 837//860
f 838//860 835//860 832//860
f 838//860 836//860 835//860
f 838//860 832//860 830//860
f 839//861 840//861 841//861
f 842//861 840//861 839//861
f 843//861 844//861 845//861
f 846//860 842//860 839//860
f 847//943 848//943 849//943
f 850//861 851//861 843//861
f 850//861 843//861 845//861
f 841//860 849//860 839//860
f 849//861 844//861 843//861
f 849//860 843//860 847//860
f 848//940 839//940 849//940
f 852//944 853//944 854//944
f 852//944 854//944 855//944
f 856//944 857//944 858//944
f 859//940 860//940 861//940
f 857//861 862//861 863//861
f 856//944 864//944 857//944
f 857//944 864//944 862//944
f 864//944 865//944 862//944
f 863//861 866//861 860//861
f 866//942 867//942 860//942
f 859//940 857//940 860//940
f 860//861 857//861 863//861
f 868//860 724//860 869//860
f 868//860 722//860 724//860
f 722//945 870//945 871//945
f 870//860 872//860 871//860
f 724//861 723//861 869//861
f 722//861 873//861 723//861
f 871//942 873//942 722//942
f 874//942 875//942 873//942
f 873//946 875//946 723//946
f 723//860 875//860 869//860
f 868//860 870//860 722//860
f 876//947 877//947 878//947
f 879//948 876//948 878//948
f 880//949 881//949 879//949
f 880//950 878//950 882//950
f 880//951 879//951 878//951
f 878//950 883//950 882//950
f 884//952 885//952 886//952
f 885//950 887//950 888//950
f 884//950 889//950 885//950
f 885//953 890//953 887//953
f 889//950 890//950 885//950
f 891//950 892//950 889//950
f 889//950 892//950 890//950
f 891//950 893//950 892//950
f 894//954 895//954 892//954
f 892//950 895//950 890//950
f 896//955 897//955 898//955
f 899//956 896//956 898//956
f 900//957 897//957 896//957
f 901//958 900//958 896//958
f 902//950 896//950 899//950
f 903//959 900//959 901//959
f 904//960 900//960 903//960
f 905//950 906//950 907//950
f 905//950 908//950 906//950
f 909//956 908//956 905//956
f 910//961 904//961 903//961
f 911//950 908//950 909//950
f 912//962 904//962 910//962
f 912//963 913//963 904//963
f 914//964 911//964 909//964
f 914//965 909//965 915//965
f 916//966 913//966 912//966
f 917//967 914//967 915//967
f 916//968 918//968 913//968
f 919//969 917//969 915//969
f 919//970 915//970 918//970
f 919//971 918//971 916//971
f 920//952 921//952 922//952
f 921//952 923//952 924//952
f 920//950 925//950 921//950
f 921//950 926//950 923//950
f 925//950 926//950 921//950
f 927//953 928//953 925//953
f 925//950 928//950 926//950
f 927//972 929//972 928//972
f 930//950 931//950 928//950
f 928//950 931//950 926//950
f 932//973 933//973 934//973
f 935//974 932//974 934//974
f 936//975 937//975 932//975
f 938//976 939//976 940//976
f 938//977 941//977 939//977
f 942//978 936//978 932//978
f 943//979 944//979 945//979
f 946//960 944//960 943//960
f 947//980 938//980 940//980
f 948//981 936//981 942//981
f 946//982 949//982 944//982
f 947//983 940//983 950//983
f 943//984 945//984 951//984
f 948//985 952//985 936//985
f 953//986 947//986 950//986
f 954//987 949//987 946//987
f 955//988 943//988 951//988
f 956//989 952//989 948//989
f 955//990 951//990 957//990
f 958//991 955//991 957//991
f 956//992 953//992 950//992
f 956//993 950//993 952//993
f 959//994 955//994 958//994
f 959//995 960//995 955//995
f 961//996 960//996 959//996
f 962//997 960//997 961//997
f 962//998 963//998 960//998
f 964//999 965//999 966//999
f 935//1000 963//1000 962//1000
f 937//1001 964//1001 966//1001
f 937//1002 966//1002 933//1002
f 967//1003 941//1003 968//1003
f 939//955 941//955 967//955
f 935//950 934//950 963//950
f 932//1004 937//1004 933//1004
f 969//952 970//952 971//952
f 970//952 972//952 973//952
f 969//950 974//950 970//950
f 970//950 975//950 972//950
f 974//950 975//950 970//950
f 976//953 977//953 974//953
f 974//950 977//950 975//950
f 976//972 978//972 977//972
f 979//950 980//950 977//950
f 977//950 980//950 975//950
f 981//863 982//863 983//863
f 982//863 984//863 985//863
f 981//1005 986//1005 982//1005
f 982//1006 987//1006 984//1006
f 986//1007 987//1007 982//1007
f 988//1008 989//1008 986//1008
f 986//1009 989//1009 987//1009
f 988//1010 990//1010 989//1010
f 991//863 992//863 989//863
f 989//1011 992//1011 987//1011
f 993//1012 994//1012 995//1012
f 996//1012 994//1012 993//1012
f 997//1010 998//1010 996//1010
f 999//1010 998//1010 997//1010
f 998//1012 725//1012 996//1012
f 996//1012 725//1012 994//1012
f 994//1007 727//1007 1000//1007
f 725//863 727//863 994//863
f 998//1012 726//1012 725//1012
f 726//1013 1001//1013 727//1013
f 727//1010 1001//1010 1000//1010
f 726//1007 1002//1007 1001//1007
f 1003//863 1002//863 726//863
f 998//1012 1003//1012 726//1012
f 1004//863 1005//863 1006//863
f 1005//863 1007//863 1008//863
f 1004//1005 1009//1005 1005//1005
f 1005//1006 1010//1006 1007//1006
f 1009//1007 1010//1007 1005//1007
f 1011//1008 1012//1008 1009//1008
f 1009//1009 1012//1009 1010//1009
f 1011//1010 1013//1010 1012//1010
f 1014//1007 1015//1007 1012//1007
f 1012//1014 1015//1014 1010//1014
f 1016//1007 1017//1007 1018//1007
f 1019//1015 1020//1015 1021//1015
f 1019//1016 1018//1016 1020//1016
f 1022//1009 1023//1009 1024//1009
f 1025//863 1017//863 1016//863
f 1022//1009 1024//1009 1017//1009
f 1022//1009 1017//1009 1025//1009
f 1026//1010 1027//1010 1028//1010
f 1026//1010 1029//1010 1027//1010
f 1030//1011 1031//1011 1032//1011
f 1030//1014 1033//1014 1031//1014
f 1034//1009 1026//1009 1028//1009
f 1035//1017 1030//1017 1032//1017
f 1034//863 1028//863 1036//863
f 1027//1007 1029//1007 1037//1007
f 1035//1012 1032//1012 1038//1012
f 1027//1005 1037//1005 1039//1005
f 1020//1012 1035//1012 1038//1012
f 1040//1015 1033//1015 1030//1015
f 1020//1011 1038//1011 1021//1011
f 1027//863 1039//863 1024//863
f 1016//1008 1018//1008 1019//1008
f 1023//1014 1027//1014 1024//1014
f 1041//1018 1042//1018 751//1018
f 752//1019 1041//1019 751//1019
f 1043//1020 1044//1020 738//1020
f 1045//1021 1041//1021 752//1021
f 740//1022 1043//1022 738//1022
f 755//1023 1045//1023 752//1023
f 1046//1024 1043//1024 740//1024
f 741//1025 1046//1025 740//1025
f 1047//1026 1046//1026 741//1026
f 1048//1027 1045//1027 755//1027
f 757//1028 1048//1028 755//1028
f 744//1029 1047//1029 741//1029
f 1049//1030 1047//1030 744//1030
f 1050//1031 1049//1031 744//1031
f 750//1032 1050//1032 744//1032
f 1051//1033 1050//1033 750//1033
f 749//1034 1051//1034 750//1034
f 1042//1035 1051//1035 749//1035
f 751//1036 1042//1036 749//1036
f 1052//1037 1053//1037 734//1037
f 736//1038 1052//1038 734//1038
f 1054//1039 1055//1039 731//1039
f 1056//1040 1052//1040 736//1040
f 730//1041 1054//1041 731//1041
f 737//1042 1056//1042 736//1042
f 1057//1043 1054//1043 730//1043
f 1044//1044 1056//1044 737//1044
f 732//1045 1057//1045 730//1045
f 738//1046 1044//1046 737//1046
f 1058//1047 1057//1047 732//1047
f 733//1048 1058//1048 732//1048
f 1059//1049 1058//1049 733//1049
f 739//1050 1059//1050 733//1050
f 1060//1051 1059//1051 739//1051
f 735//1052 1060//1052 739//1052
f 1053//1053 1060//1053 735//1053
f 734//1054 1053//1054 735//1054
f 743//1055 1061//1055 745//1055
f 1062//1056 1061//1056 743//1056
f 1063//1057 1064//1057 756//1057
f 754//1058 1063//1058 756//1058
f 1065//1059 1062//1059 743//1059
f 1066//1060 1063//1060 754//1060
f 742//1061 1065//1061 743//1061
f 753//1062 1066//1062 754//1062
f 1055//1063 1065//1063 742//1063
f 1067//1064 1066//1064 753//1064
f 731//1065 1055//1065 742//1065
f 748//1066 1067//1066 753//1066
f 1068//1067 1067//1067 748//1067
f 747//1068 1068//1068 748//1068
f 1069//1069 1068//1069 747//1069
f 746//1070 1069//1070 747//1070
f 745//1071 1069//1071 746//1071
f 1061//1072 1069//1072 745//1072
f 760//1073 1070//1073 762//1073
f 1071//1074 1048//1074 757//1074
f 1072//1075 1070//1075 760//1075
f 759//1076 1071//1076 757//1076
f 758//1077 1072//1077 760//1077
f 1073//1078 1071//1078 759//1078
f 1064//1079 1072//1079 758//1079
f 761//1080 1073//1080 759//1080
f 756//1081 1064//1081 758//1081
f 1074//1082 1073//1082 761//1082
f 729//1083 1074//1083 761//1083
f 1075//1084 1074//1084 729//1084
f 728//1085 1075//1085 729//1085
f 1076//1086 1075//1086 728//1086
f 762//1087 1076//1087 728//1087
f 1070//1088 1076//1088 762//1088
f 766//1089 765//1089 1077//1089
f 1078//1089 766//1089 1077//1089
f 1079//1090 771//1090 766//1090
f 1079//1090 766//1090 1078//1090
f 771//1091 1079//1091 1080//1091
f 771//1091 1080//1091 772//1091
f 772//916 1080//916 1081//916
f 772//916 1081//916 770//916
f 1081//1092 1082//1092 768//1092
f 770//1092 1081//1092 768//1092
f 768//916 1082//916 1083//916
f 768//916 1083//916 769//916
f 1084//1093 767//1093 769//1093
f 1084//1093 769//1093 1083//1093
f 767//916 1084//916 1085//916
f 767//916 1085//916 763//916
f 1085//1091 1086//1091 764//1091
f 763//1091 1085//1091 764//1091
f 764//916 1086//916 1077//916
f 764//916 1077//916 765//916
f 783//1094 1087//1094 774//1094
f 1088//1094 1087//1094 783//1094
f 787//1095 1089//1095 1090//1095
f 780//1096 1089//1096 787//1096
f 780//1097 1091//1097 1089//1097
f 773//1098 1091//1098 780//1098
f 773//1099 1087//1099 1091//1099
f 774//1100 1087//1100 773//1100
f 778//1101 1092//1101 1093//1101
f 785//1102 1092//1102 778//1102
f 785//1103 1094//1103 1092//1103
f 786//1104 1094//1104 785//1104
f 786//1105 1095//1105 1094//1105
f 779//1106 1095//1106 786//1106
f 779//1107 1096//1107 1095//1107
f 784//1108 1096//1108 779//1108
f 784//1109 1090//1109 1096//1109
f 787//1110 1090//1110 784//1110
f 777//1111 778//1111 1093//1111
f 1097//1112 777//1112 1093//1112
f 1098//1090 775//1090 777//1090
f 1098//1090 777//1090 1097//1090
f 775//1091 1098//1091 1099//1091
f 775//1091 1099//1091 788//1091
f 788//916 1099//916 1100//916
f 788//916 1100//916 776//916
f 1100//1092 1101//1092 781//1092
f 776//1092 1100//1092 781//1092
f 1101//1113 1102//1113 782//1113
f 1101//1114 782//1114 781//1114
f 1102//1091 1088//1091 783//1091
f 782//1091 1102//1091 783//1091
f 1103//1091 1104//1091 796//1091
f 795//1091 1103//1091 796//1091
f 796//1115 1105//1115 790//1115
f 1104//1115 1105//1115 796//1115
f 1106//1089 789//1089 790//1089
f 1106//1089 790//1089 1105//1089
f 1106//1116 1107//1116 791//1116
f 1106//1117 791//1117 789//1117
f 791//1091 1107//1091 1108//1091
f 791//1091 1108//1091 793//1091
f 793//1118 1109//1118 792//1118
f 1108//1119 1109//1119 793//1119
f 792//1091 1109//1091 1110//1091
f 792//1091 1110//1091 794//1091
f 1110//1120 1103//1120 795//1120
f 1110//1121 795//1121 794//1121
f 799//1089 798//1089 1111//1089
f 1112//1089 799//1089 1111//1089
f 1113//1122 797//1122 799//1122
f 1113//1122 799//1122 1112//1122
f 1113//1123 1114//1123 802//1123
f 1113//1124 802//1124 797//1124
f 803//1089 802//1089 1114//1089
f 1115//1089 803//1089 1114//1089
f 1116//1125 805//1125 803//1125
f 1116//1125 803//1125 1115//1125
f 805//1091 1116//1091 1117//1091
f 805//1091 1117//1091 806//1091
f 806//916 1117//916 1118//916
f 806//916 1118//916 801//916
f 1118//1126 1119//1126 804//1126
f 1118//1127 804//1127 801//1127
f 1119//1091 1120//1091 800//1091
f 804//1091 1119//1091 800//1091
f 800//1128 1120//1128 1111//1128
f 800//1128 1111//1128 798//1128
f 815//1129 1121//1129 807//1129
f 1122//1130 1121//1130 815//1130
f 1121//1131 1123//1131 808//1131
f 1121//1131 808//1131 807//1131
f 1124//1089 809//1089 808//1089
f 1124//1089 808//1089 1123//1089
f 809//1132 1125//1132 810//1132
f 1124//1133 1125//1133 809//1133
f 1125//916 1126//916 811//916
f 810//916 1125//916 811//916
f 812//1089 811//1089 1126//1089
f 1127//1089 812//1089 1126//1089
f 1128//1125 817//1125 812//1125
f 1128//1125 812//1125 1127//1125
f 817//1091 1128//1091 1129//1091
f 817//1091 1129//1091 818//1091
f 818//916 1129//916 1130//916
f 818//916 1130//916 816//916
f 816//1134 1131//1134 813//1134
f 1130//1135 1131//1135 816//1135
f 1131//1136 1132//1136 814//1136
f 1131//1137 814//1137 813//1137
f 1132//1138 1122//1138 815//1138
f 814//1091 1132//1091 815//1091
f 1133//1091 1134//1091 826//1091
f 825//1091 1133//1091 826//1091
f 826//1115 1135//1115 820//1115
f 1134//1115 1135//1115 826//1115
f 1136//1089 819//1089 820//1089
f 1136//1089 820//1089 1135//1089
f 1136//1139 1122//1139 821//1139
f 1136//1116 821//1116 819//1116
f 821//1140 1122//1140 1137//1140
f 821//1091 1137//1091 823//1091
f 823//1141 1138//1141 822//1141
f 1137//1141 1138//1141 823//1141
f 822//1091 1138//1091 1139//1091
f 822//1091 1139//1091 824//1091
f 1139//1121 1133//1121 825//1121
f 1139//1142 825//1142 824//1142
f 1140//1093 830//1093 829//1093
f 1140//1093 829//1093 1141//1093
f 1142//1090 838//1090 830//1090
f 1142//1090 830//1090 1140//1090
f 1142//1091 1143//1091 836//1091
f 838//1091 1142//1091 836//1091
f 1143//916 1144//916 837//916
f 836//916 1143//916 837//916
f 1145//1089 835//1089 837//1089
f 1145//1089 837//1089 1144//1089
f 835//916 1145//916 1146//916
f 835//916 1146//916 832//916
f 1146//1091 1147//1091 833//1091
f 832//1091 1146//1091 833//1091
f 833//916 1147//916 1148//916
f 833//916 1148//916 834//916
f 1149//1093 831//1093 834//1093
f 1149//1093 834//1093 1148//1093
f 831//916 1149//916 1150//916
f 831//916 1150//916 827//916
f 1150//1091 1151//1091 828//1091
f 827//1091 1150//1091 828//1091
f 1151//916 1141//916 829//916
f 828//916 1151//916 829//916
f 1152//1093 841//1093 840//1093
f 1152//1093 840//1093 1153//1093
f 841//1143 1154//1143 849//1143
f 1152//1144 1154//1144 841//1144
f 1154//1145 1155//1145 844//1145
f 1154//1145 844//1145 849//1145
f 845//1093 844//1093 1155//1093
f 1156//1093 845//1093 1155//1093
f 1157//1090 850//1090 845//1090
f 1157//1090 845//1090 1156//1090
f 1157//1091 1158//1091 851//1091
f 850//1091 1157//1091 851//1091
f 851//916 1158//916 1159//916
f 851//916 1159//916 843//916
f 1159//1146 1160//1146 847//1146
f 1159//1147 847//1147 843//1147
f 847//1148 1160//1148 1161//1148
f 847//1149 1161//1149 848//1149
f 848//1150 1162//1150 839//1150
f 1161//1150 1162//1150 848//1150
f 846//1151 839//1151 1162//1151
f 1163//1152 846//1152 1162//1152
f 1163//1091 1164//1091 842//1091
f 846//1091 1163//1091 842//1091
f 1164//916 1153//916 840//916
f 842//916 1164//916 840//916
f 855//1093 854//1093 1165//1093
f 1166//1093 855//1093 1165//1093
f 1167//1090 852//1090 855//1090
f 1167//1090 855//1090 1166//1090
f 852//1091 1167//1091 1168//1091
f 852//1091 1168//1091 853//1091
f 1168//916 1165//916 854//916
f 853//916 1168//916 854//916
f 867//1153 1169//1153 860//1153
f 1170//1154 1169//1154 867//1154
f 1169//1155 1171//1155 861//1155
f 1169//1155 861//1155 860//1155
f 1172//1093 859//1093 861//1093
f 1172//1093 861//1093 1171//1093
f 859//1156 1173//1156 857//1156
f 1172//1157 1173//1157 859//1157
f 1173//916 1174//916 858//916
f 857//916 1173//916 858//916
f 1175//1093 856//1093 858//1093
f 1175//1093 858//1093 1174//1093
f 1176//1125 864//1125 856//1125
f 1176//1125 856//1125 1175//1125
f 864//1091 1176//1091 1177//1091
f 864//1091 1177//1091 865//1091
f 865//916 1177//916 1178//916
f 865//916 1178//916 862//916
f 862//1158 1179//1158 863//1158
f 1178//1159 1179//1159 862//1159
f 1179//1160 1180//1160 866//1160
f 1179//1161 866//1161 863//1161
f 1180//1162 1170//1162 867//1162
f 866//1091 1180//1091 867//1091
f 1181//1091 1182//1091 875//1091
f 874//1091 1181//1091 875//1091
f 875//1163 1183//1163 869//1163
f 1182//1163 1183//1163 875//1163
f 1184//1093 868//1093 869//1093
f 1184//1093 869//1093 1183//1093
f 1184//1164 1170//1164 870//1164
f 1184//1165 870//1165 868//1165
f 870//1166 1170//1166 1185//1166
f 870//1091 1185//1091 872//1091
f 872//1167 1186//1167 871//1167
f 1185//1168 1186//1168 872//1168
f 871//1149 1186//1149 1187//1149
f 871//1149 1187//1149 873//1149
f 1187//1169 1181//1169 874//1169
f 1187//1170 874//1170 873//1170
f 1188//1171 1189//1171 881//1171
f 880//1172 1188//1172 881//1172
f 876//1173 1190//1173 1191//1173
f 879//1174 1190//1174 876//1174
f 879//1175 1189//1175 1190//1175
f 881//1176 1189//1176 879//1176
f 1191//1177 1192//1177 877//1177
f 876//1178 1191//1178 877//1178
f 877//1179 1192//1179 1193//1179
f 877//1180 1193//1180 878//1180
f 1193//1181 1194//1181 883//1181
f 878//1182 1193//1182 883//1182
f 882//1183 883//1183 1194//1183
f 1195//1183 882//1183 1194//1183
f 1188//1184 880//1184 882//1184
f 1188//1184 882//1184 1195//1184
f 1196//1185 888//1185 1197//1185
f 885//1186 888//1186 1196//1186
f 886//1187 1196//1187 1198//1187
f 886//1188 885//1188 1196//1188
f 884//1183 886//1183 1198//1183
f 1199//1183 884//1183 1198//1183
f 1200//1189 884//1189 1199//1189
f 889//1189 884//1189 1200//1189
f 891//1190 1200//1190 1201//1190
f 891//1191 889//1191 1200//1191
f 891//1172 1201//1172 1202//1172
f 891//1172 1202//1172 893//1172
f 1203//1192 893//1192 1202//1192
f 892//1193 893//1193 1203//1193
f 894//1194 1203//1194 1204//1194
f 894//1195 892//1195 1203//1195
f 1204//1196 1205//1196 895//1196
f 894//1172 1204//1172 895//1172
f 1206//1197 895//1197 1205//1197
f 890//1198 895//1198 1206//1198
f 887//1199 1206//1199 1207//1199
f 887//1199 890//1199 1206//1199
f 1197//1183 888//1183 887//1183
f 1197//1183 887//1183 1207//1183
f 1208//1200 1209//1200 1210//1200
f 1210//1201 1209//1201 896//1201
f 1209//1202 901//1202 896//1202
f 912//1203 1211//1203 1212//1203
f 910//1204 1211//1204 912//1204
f 903//1205 1211//1205 910//1205
f 903//1206 1213//1206 1211//1206
f 1209//1207 1213//1207 903//1207
f 1209//1208 1214//1208 1213//1208
f 1209//1209 1208//1209 1214//1209
f 901//1210 1209//1210 903//1210
f 901//939 1209//939 901//939
f 916//1211 1212//1211 1215//1211
f 912//1212 1212//1212 916//1212
f 917//1213 1216//1213 914//1213
f 917//1214 1217//1214 1216//1214
f 917//939 1217//939 1217//939
f 917//1215 1218//1215 1217//1215
f 919//1216 1219//1216 1218//1216
f 919//1217 1218//1217 917//1217
f 919//1218 1220//1218 1219//1218
f 919//1219 1220//1219 1220//1219
f 919//1220 1221//1220 1220//1220
f 919//1221 1221//1221 1221//1221
f 919//1222 1222//1222 1221//1222
f 919//1223 1222//1223 1222//1223
f 919//1224 1223//1224 1222//1224
f 916//1225 1223//1225 919//1225
f 916//1226 1223//1226 1223//1226
f 916//1227 1215//1227 1223//1227
f 916//1228 1215//1228 1215//1228
f 914//1229 1216//1229 1224//1229
f 906//1230 1225//1230 1226//1230
f 908//1231 1225//1231 906//1231
f 908//1232 1224//1232 1225//1232
f 911//1233 1224//1233 908//1233
f 914//1234 1224//1234 911//1234
f 1227//1235 906//1235 1226//1235
f 907//1236 906//1236 1227//1236
f 915//1237 1228//1237 1229//1237
f 909//1238 1228//1238 915//1238
f 909//1239 1230//1239 1228//1239
f 905//1240 1230//1240 909//1240
f 905//1241 1227//1241 1230//1241
f 907//1242 1227//1242 905//1242
f 918//1243 1229//1243 1231//1243
f 918//1244 1231//1244 913//1244
f 915//1245 1229//1245 918//1245
f 913//1246 1232//1246 904//1246
f 1231//1247 1232//1247 913//1247
f 900//939 1233//939 1233//939
f 900//939 1233//939 900//939
f 1234//1248 1233//1248 900//1248
f 904//1249 1234//1249 1234//1249
f 904//1250 1232//1250 1234//1250
f 904//1251 1234//1251 900//1251
f 898//1252 1235//1252 1236//1252
f 897//1253 1235//1253 898//1253
f 900//1254 1233//1254 1235//1254
f 900//1255 1235//1255 897//1255
f 1237//1256 898//1256 1236//1256
f 1237//1257 899//1257 898//1257
f 1238//1258 902//1258 899//1258
f 1238//1258 899//1258 1237//1258
f 902//1259 1210//1259 896//1259
f 902//1260 1238//1260 1210//1260
f 1239//1185 924//1185 1240//1185
f 921//1261 924//1261 1239//1261
f 922//1262 1239//1262 1241//1262
f 922//1263 921//1263 1239//1263
f 920//1264 922//1264 1241//1264
f 1236//1265 920//1265 1241//1265
f 1242//1266 920//1266 1236//1266
f 925//1267 920//1267 1242//1267
f 927//1268 1242//1268 1243//1268
f 927//1268 925//1268 1242//1268
f 927//1269 1243//1269 1244//1269
f 927//1269 1244//1269 929//1269
f 1245//1192 929//1192 1244//1192
f 928//1270 929//1270 1245//1270
f 930//1271 1245//1271 1246//1271
f 930//1194 928//1194 1245//1194
f 1246//1269 1247//1269 931//1269
f 930//1269 1246//1269 931//1269
f 1248//1272 931//1272 1247//1272
f 926//1272 931//1272 1248//1272
f 923//1199 1248//1199 1249//1199
f 923//1199 926//1199 1248//1199
f 1240//1264 924//1264 923//1264
f 1240//1264 923//1264 1249//1264
f 951//1273 1250//1273 957//1273
f 951//1274 1250//1274 1250//1274
f 951//1275 1251//1275 1250//1275
f 1252//1276 1253//1276 962//1276
f 951//1277 1254//1277 1251//1277
f 951//1278 1255//1278 1254//1278
f 962//1279 1256//1279 1252//1279
f 961//1280 1256//1280 1256//1280
f 961//1281 1256//1281 962//1281
f 961//1282 1257//1282 1256//1282
f 961//939 1256//939 961//939
f 959//1283 1257//1283 1257//1283
f 959//1284 1257//1284 961//1284
f 959//1285 1258//1285 1257//1285
f 959//1286 1258//1286 1258//1286
f 959//1287 1259//1287 1258//1287
f 958//1288 1259//1288 959//1288
f 958//1289 1259//1289 1259//1289
f 958//1290 1259//1290 958//1290
f 958//1291 1260//1291 1259//1291
f 957//1292 1260//1292 958//1292
f 957//1293 1260//1293 1260//1293
f 957//1294 1250//1294 1260//1294
f 932//1295 1261//1295 1262//1295
f 935//1296 1261//1296 932//1296
f 935//1297 1253//1297 1261//1297
f 962//1298 1253//1298 935//1298
f 948//1299 1263//1299 1264//1299
f 942//1300 1263//1300 948//1300
f 932//1301 1263//1301 942//1301
f 1262//1302 1263//1302 932//1302
f 948//1303 1264//1303 956//1303
f 1265//1304 1266//1304 947//1304
f 953//1305 1265//1305 947//1305
f 956//1306 1265//1306 953//1306
f 956//1307 1267//1307 1265//1307
f 956//1308 1264//1308 1267//1308
f 947//1309 1266//1309 938//1309
f 1268//1310 1269//1310 968//1310
f 941//1311 1268//1311 968//1311
f 941//1312 1270//1312 1268//1312
f 938//1313 1270//1313 941//1313
f 938//1314 1266//1314 1270//1314
f 1271//1315 968//1315 1269//1315
f 967//1316 968//1316 1271//1316
f 967//1317 1271//1317 1272//1317
f 967//1318 1272//1318 939//1318
f 940//1319 1273//1319 950//1319
f 939//1320 1273//1320 940//1320
f 939//1321 1272//1321 1273//1321
f 952//1322 1274//1322 936//1322
f 1275//1323 1274//1323 952//1323
f 1276//1324 952//1324 950//1324
f 1276//1325 1275//1325 952//1325
f 1273//1326 1276//1326 950//1326
f 936//1327 1277//1327 937//1327
f 1274//1328 1277//1328 936//1328
f 937//1329 1278//1329 964//1329
f 1277//1330 1278//1330 937//1330
f 1278//1331 1279//1331 965//1331
f 964//1332 1278//1332 965//1332
f 965//1333 1279//1333 966//1333
f 1280//1334 1281//1334 963//1334
f 934//1335 1280//1335 963//1335
f 933//1336 1282//1336 1280//1336
f 933//1337 1280//1337 934//1337
f 966//1338 1279//1338 1282//1338
f 933//1339 966//1339 1282//1339
f 955//1340 1283//1340 1284//1340
f 955//1341 1284//1341 943//1341
f 955//1342 1281//1342 1283//1342
f 960//1343 1281//1343 955//1343
f 963//1344 1281//1344 960//1344
f 954//1345 1285//1345 1286//1345
f 946//1346 1285//1346 954//1346
f 946//1347 1284//1347 1285//1347
f 943//1348 1284//1348 946//1348
f 949//1349 1286//1349 1287//1349
f 949//1350 954//1350 1286//1350
f 949//1351 1287//1351 944//1351
f 1288//1352 1255//1352 951//1352
f 945//1353 1288//1353 951//1353
f 945//1354 1289//1354 1288//1354
f 944//1355 1289//1355 945//1355
f 944//1356 1287//1356 1289//1356
f 1290//1357 973//1357 1291//1357
f 970//1261 973//1261 1290//1261
f 971//1358 1290//1358 1292//1358
f 971//1263 970//1263 1290//1263
f 969//1359 971//1359 1292//1359
f 1293//1359 969//1359 1292//1359
f 1294//1360 969//1360 1293//1360
f 974//1267 969//1267 1294//1267
f 976//1268 1294//1268 1295//1268
f 976//1268 974//1268 1294//1268
f 976//1269 1295//1269 1296//1269
f 976//1269 1296//1269 978//1269
f 1297//1192 978//1192 1296//1192
f 977//1361 978//1361 1297//1361
f 979//1271 1297//1271 1298//1271
f 979//1362 977//1362 1297//1362
f 1298//1269 1299//1269 980//1269
f 979//1269 1298//1269 980//1269
f 1300//1272 980//1272 1299//1272
f 975//1272 980//1272 1300//1272
f 972//1363 1300//1363 1301//1363
f 972//1199 975//1199 1300//1199
f 1291//1364 973//1364 972//1364
f 1291//1365 972//1365 1301//1365
f 982//1366 1302//1366 983//1366
f 1303//1366 1302//1366 982//1366
f 983//1367 1302//1367 1304//1367
f 983//1367 1304//1367 981//1367
f 1304//1368 1305//1368 986//1368
f 1304//1369 986//1369 981//1369
f 1305//1370 1306//1370 988//1370
f 1305//1371 988//1371 986//1371
f 1307//939 990//939 988//939
f 1307//939 988//939 1306//939
f 990//1372 1308//1372 989//1372
f 1307//1373 1308//1373 990//1373
f 989//1374 1309//1374 991//1374
f 1308//1375 1309//1375 989//1375
f 1310//939 992//939 991//939
f 1310//939 991//939 1309//939
f 992//1376 1311//1376 987//1376
f 1310//1377 1311//1377 992//1377
f 987//1378 1312//1378 984//1378
f 1311//1379 1312//1379 987//1379
f 984//1367 1312//1367 1313//1367
f 984//1367 1313//1367 985//1367
f 985//1380 1303//1380 982//1380
f 1313//1381 1303//1381 985//1381
f 996//1367 1314//1367 1315//1367
f 996//1367 1315//1367 997//1367
f 1316//1382 999//1382 997//1382
f 1316//1382 997//1382 1315//1382
f 998//939 999//939 1316//939
f 1317//939 998//939 1316//939
f 1318//1383 1003//1383 998//1383
f 1318//1384 998//1384 1317//1384
f 1002//939 1003//939 1318//939
f 1319//939 1002//939 1318//939
f 1319//1385 1320//1385 1001//1385
f 1319//1386 1001//1386 1002//1386
f 1001//1387 1320//1387 1321//1387
f 1001//1387 1321//1387 1000//1387
f 1321//1367 1322//1367 994//1367
f 1000//1367 1321//1367 994//1367
f 994//935 1322//935 1323//935
f 994//935 1323//935 995//935
f 995//1367 1323//1367 1324//1367
f 995//1367 1324//1367 993//1367
f 996//1383 993//1383 1324//1383
f 1314//1383 996//1383 1324//1383
f 1005//1376 1325//1376 1006//1376
f 1326//1376 1325//1376 1005//1376
f 1006//1367 1325//1367 1327//1367
f 1006//1367 1327//1367 1004//1367
f 1004//1388 1328//1388 1009//1388
f 1327//1368 1328//1368 1004//1368
f 1328//1389 1329//1389 1011//1389
f 1328//1390 1011//1390 1009//1390
f 1330//939 1013//939 1011//939
f 1330//939 1011//939 1329//939
f 1330//1373 1331//1373 1012//1373
f 1330//1373 1012//1373 1013//1373
f 1331//1391 1332//1391 1014//1391
f 1331//1392 1014//1392 1012//1392
f 1333//939 1015//939 1014//939
f 1333//939 1014//939 1332//939
f 1333//1393 1334//1393 1010//1393
f 1333//1394 1010//1394 1015//1394
f 1334//1395 1335//1395 1007//1395
f 1334//1395 1007//1395 1010//1395
f 1007//1367 1335//1367 1336//1367
f 1007//1367 1336//1367 1008//1367
f 1008//1396 1326//1396 1005//1396
f 1336//1397 1326//1397 1008//1397
f 1337//1398 1338//1398 1022//1398
f 1337//1399 1022//1399 1025//1399
f 1339//1400 1025//1400 1016//1400
f 1339//1401 1337//1401 1025//1401
f 1338//1402 1023//1402 1022//1402
f 1338//1403 1340//1403 1023//1403
f 1340//1404 1027//1404 1023//1404
f 1340//1405 1341//1405 1027//1405
f 1342//1406 1028//1406 1027//1406
f 1342//1407 1027//1407 1341//1407
f 1028//1367 1342//1367 1343//1367
f 1028//1367 1343//1367 1036//1367
f 1344//1382 1034//1382 1036//1382
f 1344//1382 1036//1382 1343//1382
f 1345//939 1026//939 1034//939
f 1345//939 1034//939 1344//939
f 1026//1408 1345//1408 1346//1408
f 1026//1409 1346//1409 1029//1409
f 1346//1410 1347//1410 1037//1410
f 1346//1411 1037//1411 1029//1411
f 1348//1412 1024//1412 1039//1412
f 1349//1413 1348//1413 1039//1413
f 1349//1414 1039//1414 1037//1414
f 1347//1415 1349//1415 1037//1415
f 1350//1416 1351//1416 1018//1416
f 1350//1417 1018//1417 1017//1417
f 1350//1418 1017//1418 1024//1418
f 1348//1419 1350//1419 1024//1419
f 1352//1420 1035//1420 1020//1420
f 1353//1421 1352//1421 1020//1421
f 1353//1422 1020//1422 1018//1422
f 1351//1423 1353//1423 1018//1423
f 1354//1424 1040//1424 1030//1424
f 1355//1425 1354//1425 1030//1425
f 1355//1426 1030//1426 1035//1426
f 1352//1427 1355//1427 1035//1427
f 1040//1428 1356//1428 1033//1428
f 1354//1429 1356//1429 1040//1429
f 1357//1430 1038//1430 1032//1430
f 1358//1431 1357//1431 1032//1431
f 1358//1432 1032//1432 1031//1432
f 1358//1433 1031//1433 1033//1433
f 1356//1434 1358//1434 1033//1434
f 1359//1435 1339//1435 1016//1435
f 1359//1436 1016//1436 1019//1436
f 1360//1437 1019//1437 1021//1437
f 1360//1438 1359//1438 1019//1438
f 1361//1439 1021//1439 1038//1439
f 1361//1440 1360//1440 1021//1440
f 1357//1441 1361//1441 1038//1441
f 1069//860 1362//860 1068//860
f 1093//860 1363//860 1097//860
f 1364//941 1365//941 1366//941
f 1069//861 1367//861 1362//861
f 1368//861 1364//861 1366//861
f 1061//860 1367//860 1069//860
f 1098//861 1156//861 1155//861
f 1098//860 1155//860 1152//860
f 1098//861 1080//861 1156//861
f 1368//942 1369//942 1364//942
f 1370//861 1369//861 1368//861
f 1062//861 1367//861 1061//861
f 1062//860 1371//860 1367//860
f 1103//860 1108//860 1183//860
f 1103//860 1109//860 1108//860
f 1180//860 1178//860 1177//860
f 1110//860 1109//860 1103//860
f 1180//860 1177//860 566//860
f 1142//861 1047//861 1049//861
f 1142//861 1049//861 1050//861
f 1104//860 1103//860 1183//860
f 1142//860 1041//860 1368//860
f 1142//861 1050//861 1051//861
f 1078//860 1058//860 1059//860
f 1142//942 1051//942 1042//942
f 1116//861 1104//861 1182//861
f 1078//860 1059//860 1060//860
f 1142//860 1042//860 1041//860
f 1106//861 1092//861 1094//861
f 1078//860 1060//860 1053//860
f 1106//861 1094//861 1095//861
f 1078//861 1053//861 1052//861
f 1106//861 1095//861 1096//861
f 1106//860 1096//860 1090//860
f 1106//1442 1093//1442 1092//1442
f 1065//860 1371//860 1062//860
f 1117//860 1116//860 1182//860
f 1119//860 1117//860 1182//860
f 1179//860 1178//860 1180//860
f 1120//1443 1119//1443 1182//1443
f 1170//1444 1180//1444 566//1444
f 1082//861 1081//861 1080//861
f 1082//861 1080//861 1098//861
f 1128//861 1120//861 1182//861
f 1076//860 1372//860 1075//860
f 1129//861 1128//861 1182//861
f 1076//861 1373//861 1372//861
f 1074//861 1075//861 1372//861
f 1132//860 1129//860 1182//860
f 1132//860 1130//860 1129//860
f 1132//860 1182//860 571//860
f 1099//860 1098//860 1152//860
f 1099//861 1152//861 1153//861
f 1131//860 1130//860 1132//860
f 1099//860 1153//860 1166//860
f 1122//861 1132//861 571//861
f 1137//860 1122//860 571//860
f 1185//1445 1170//1445 566//1445
f 1074//860 1372//860 1374//860
f 1133//860 1137//860 571//860
f 1133//860 1138//860 1137//860
f 1139//860 1138//860 1133//860
f 1375//860 1371//860 1065//860
f 1375//860 1065//860 1055//860
f 1376//860 1377//860 1378//860
f 1134//861 1133//861 571//861
f 1143//861 1142//861 1368//861
f 1379//860 1114//860 1112//860
f 1379//861 1126//861 1124//861
f 1379//861 1111//861 1127//861
f 1379//860 1093//860 1106//860
f 1379//860 1105//860 1115//860
f 1379//861 1127//861 1126//861
f 1070//861 1373//861 1076//861
f 1379//861 1115//861 1114//861
f 1379//860 1112//860 1111//860
f 1379//860 1106//860 1105//860
f 1379//860 1363//860 1093//860
f 1073//860 1074//860 1374//860
f 1157//860 1144//860 1143//860
f 1157//1443 1143//1443 1368//1443
f 1083//861 1085//861 1084//861
f 1380//860 1379//860 1124//860
f 1380//860 1123//860 1136//860
f 1380//860 1136//860 1135//860
f 1380//861 1135//861 1134//861
f 1380//860 1124//860 1123//860
f 1381//861 1379//861 1380//861
f 1140//861 1043//861 1046//861
f 1140//860 1046//860 1047//860
f 1158//1446 1157//1446 1368//1446
f 1382//860 1381//860 1380//860
f 1147//860 1144//860 1157//860
f 1147//861 1146//861 1145//861
f 1147//861 1145//861 1144//861
f 1383//1447 1380//1447 1384//1447
f 1148//861 1150//861 1149//861
f 1385//860 1382//860 1380//860
f 1073//861 1374//861 1386//861
f 1385//861 1380//861 1383//861
f 1363//861 1376//861 1378//861
f 1170//1448 1184//1448 1171//1448
f 1170//1449 1171//1449 1169//1449
f 1183//860 1182//860 1104//860
f 1176//861 1175//861 1165//861
f 1176//861 1165//861 1168//861
f 1173//860 1172//860 1174//860
f 1153//860 1164//860 1167//860
f 1153//860 1167//860 1166//860
f 1162//861 1161//861 1163//861
f 1160//860 1159//860 1158//860
f 1157//860 1156//860 1151//860
f 1157//861 1151//861 1148//861
f 1157//860 1148//860 1147//860
f 1155//860 1154//860 1152//860
f 1142//860 1140//860 1047//860
f 1140//861 1141//861 1080//861
f 1072//861 1373//861 1070//861
f 1122//860 1136//860 1123//860
f 1122//861 1123//861 1121//861
f 1128//861 1127//861 1111//861
f 1128//861 1111//861 1120//861
f 1102//860 1175//860 1174//860
f 1125//861 1124//861 1126//861
f 1102//860 1099//860 1166//860
f 1119//860 1118//860 1117//860
f 1102//860 1166//860 1165//860
f 1116//861 1115//861 1104//861
f 1102//861 1165//861 1175//861
f 1114//860 1113//860 1112//860
f 1107//861 1106//861 1089//861
f 1089//940 1106//940 1090//940
f 1107//861 1089//861 1091//861
f 1105//860 1104//860 1115//860
f 1098//860 1097//860 1086//860
f 1098//861 1086//861 1083//861
f 1098//861 1083//861 1082//861
f 1079//860 1078//860 1056//860
f 1056//861 1078//861 1052//861
f 571//860 1380//860 1134//860
f 1071//861 1073//861 1386//861
f 1363//861 1055//861 1054//861
f 1072//861 1387//861 1373//861
f 1363//860 1054//860 1057//860
f 1363//860 1057//860 1058//860
f 1363//861 1388//861 1055//861
f 1363//861 1378//861 1388//861
f 1363//860 1058//860 1078//860
f 1086//861 1085//861 1083//861
f 1071//860 1386//860 1370//860
f 1181//860 1186//860 1185//860
f 1181//860 1185//860 566//860
f 1101//860 1099//860 1102//860
f 1064//860 1387//860 1072//860
f 1101//861 1100//861 1099//861
f 1048//860 1071//860 1370//860
f 1048//860 1370//860 1368//860
f 1182//860 1181//860 566//860
f 1187//860 1186//860 1181//860
f 1045//861 1048//861 1368//861
f 1151//861 1150//861 1148//861
f 1161//1450 1160//1450 1158//1450
f 1063//860 1387//860 1064//860
f 1063//861 1389//861 1387//861
f 1077//861 1363//861 1078//861
f 1079//861 1056//861 1044//861
f 1088//860 1174//860 1172//860
f 1079//861 1044//861 1043//861
f 1088//861 1102//861 1174//861
f 1079//860 1043//860 1140//860
f 1066//860 1389//860 1063//860
f 1041//860 1045//860 1368//860
f 1163//860 1158//860 1368//860
f 1163//942 1161//942 1158//942
f 1107//860 1088//860 1172//860
f 1388//861 1375//861 1055//861
f 1156//860 1141//860 1151//860
f 1164//940 1163//940 1368//940
f 1097//860 1077//860 1086//860
f 1097//860 1363//860 1077//860
f 1080//860 1141//860 1156//860
f 1080//860 1079//860 1140//860
f 1091//1451 1087//1451 1088//1451
f 1067//860 1389//860 1066//860
f 1167//860 1164//860 1368//860
f 1168//860 1167//860 1368//860
f 571//861 566//861 568//861
f 571//940 568//940 574//940
f 571//861 574//861 576//861
f 571//860 576//860 578//860
f 1176//860 1368//860 566//860
f 571//1446 578//1446 569//1446
f 1176//861 1168//861 1368//861
f 571//860 1182//860 566//860
f 1068//860 1389//860 1067//860
f 1091//860 1088//860 1107//860
f 1108//860 1171//860 1184//860
f 1108//1452 1184//1452 1183//1452
f 1177//860 1176//860 566//860
f 1108//860 1172//860 1171//860
f 1108//861 1107//861 1172//861
f 1068//860 1362//860 1389//860
f 1390//939 1391//939 525//939
f 525//939 1391//939 516//939
f 526//939 581//939 1392//939
f 1391//939 1393//939 516//939
f 526//939 592//939 581//939
f 517//939 592//939 526//939
f 517//939 1394//939 592//939
f 516//939 1395//939 512//939
f 1393//939 1395//939 516//939
f 601//939 1396//939 605//939
f 601//939 1397//939 1396//939
f 517//939 1398//939 1394//939
f 1395//939 1399//939 512//939
f 519//939 1398//939 517//939
f 597//939 1397//939 601//939
f 519//939 1400//939 1398//939
f 512//939 1399//939 519//939
f 1399//939 1400//939 519//939
f 605//939 1401//939 583//939
f 1396//939 1401//939 605//939
f 597//939 1402//939 1397//939
f 587//939 1402//939 597//939
f 583//939 1401//939 584//939
f 1401//939 1403//939 584//939
f 584//939 1403//939 590//939
f 586//939 522//939 587//939
f 587//939 522//939 1402//939
f 1404//939 522//939 586//939
f 590//939 1403//939 596//939
f 1403//939 1405//939 596//939
f 1406//939 520//939 1404//939
f 1404//939 520//939 522//939
f 596//939 1405//939 600//939
f 1407//939 520//939 1406//939
f 1405//939 1408//939 600//939
f 1408//939 604//939 600//939
f 1407//939 515//939 520//939
f 1407//939 1409//939 515//939
f 1410//939 580//939 1408//939
f 1408//939 580//939 604//939
f 515//939 1411//939 525//939
f 1409//939 1411//939 515//939
f 1411//939 1390//939 525//939
f 1392//939 580//939 1410//939
f 1392//939 581//939 580//939
f 1412//939 612//939 611//939
f 1413//939 1414//939 507//939
f 507//939 1414//939 495//939
f 508//939 612//939 1412//939
f 508//939 621//939 612//939
f 1414//939 1415//939 495//939
f 496//939 621//939 508//939
f 496//939 1416//939 621//939
f 626//939 1417//939 630//939
f 495//939 1415//939 493//939
f 1415//939 1418//939 493//939
f 626//939 1419//939 1417//939
f 630//939 1417//939 608//939
f 496//939 1420//939 1416//939
f 498//939 1420//939 496//939
f 1418//939 1421//939 493//939
f 493//939 1421//939 498//939
f 498//939 1421//939 1420//939
f 619//939 1419//939 626//939
f 1417//939 1422//939 608//939
f 608//939 1422//939 609//939
f 619//939 506//939 1419//939
f 618//939 506//939 619//939
f 609//939 1423//939 616//939
f 1422//939 1423//939 609//939
f 1424//939 506//939 618//939
f 1424//939 503//939 506//939
f 616//939 1423//939 625//939
f 1425//939 503//939 1424//939
f 1423//939 1426//939 625//939
f 1425//939 500//939 503//939
f 625//939 1426//939 629//939
f 1427//939 500//939 1425//939
f 1426//939 1428//939 629//939
f 1428//939 633//939 629//939
f 1427//939 492//939 500//939
f 1427//939 1429//939 492//939
f 1430//939 611//939 1428//939
f 1428//939 611//939 633//939
f 492//939 1429//939 507//939
f 1429//939 1413//939 507//939
f 1412//939 611//939 1430//939
f 1431//939 1432//939 545//939
f 545//939 1432//939 533//939
f 544//939 441//939 1433//939
f 1432//939 1434//939 533//939
f 544//939 446//939 441//939
f 530//939 446//939 544//939
f 530//939 1435//939 446//939
f 533//939 1436//939 531//939
f 447//939 1437//939 451//939
f 1434//939 1436//939 533//939
f 447//939 1438//939 1437//939
f 530//939 1439//939 1435//939
f 451//939 1437//939 431//939
f 1436//939 1440//939 531//939
f 538//939 1441//939 530//939
f 530//939 1441//939 1439//939
f 1440//939 1442//939 531//939
f 531//939 1442//939 538//939
f 1442//939 1441//939 538//939
f 438//939 1438//939 447//939
f 1437//939 1443//939 431//939
f 431//939 1443//939 432//939
f 438//939 1444//939 1438//939
f 437//939 1444//939 438//939
f 432//939 1443//939 436//939
f 1443//939 1445//939 436//939
f 1446//939 541//939 437//939
f 437//939 541//939 1444//939
f 436//939 1445//939 445//939
f 1447//939 541//939 1446//939
f 1445//939 1448//939 445//939
f 1447//939 539//939 541//939
f 445//939 1448//939 450//939
f 1449//939 539//939 1447//939
f 1448//939 1450//939 450//939
f 1450//939 428//939 450//939
f 1449//939 536//939 539//939
f 1451//939 536//939 1449//939
f 1451//939 1452//939 536//939
f 1453//939 429//939 1450//939
f 1450//939 429//939 428//939
f 536//939 1452//939 545//939
f 1452//939 1431//939 545//939
f 1433//939 429//939 1453//939
f 1433//939 441//939 429//939
f 1454//939 1455//939 559//939
f 565//939 408//939 1456//939
f 565//939 417//939 408//939
f 559//939 1457//939 558//939
f 1455//939 1457//939 559//939
f 565//939 1458//939 417//939
f 420//939 1459//939 424//939
f 1457//939 1460//939 558//939
f 554//939 1458//939 565//939
f 558//939 1460//939 560//939
f 554//939 1461//939 1458//939
f 1459//939 1462//939 424//939
f 424//939 1462//939 404//939
f 1460//939 1463//939 560//939
f 560//939 1461//939 554//939
f 560//939 1463//939 1461//939
f 420//939 1464//939 1459//939
f 412//939 1464//939 420//939
f 404//939 1462//939 402//939
f 1462//939 1465//939 402//939
f 411//939 1464//939 412//939
f 411//939 562//939 1464//939
f 402//939 1465//939 409//939
f 1466//939 562//939 411//939
f 1466//939 555//939 562//939
f 1465//939 1467//939 409//939
f 409//939 1467//939 419//939
f 1468//939 555//939 1466//939
f 1468//939 551//939 555//939
f 419//939 1467//939 423//939
f 1467//939 1469//939 423//939
f 1470//939 549//939 1468//939
f 1468//939 549//939 551//939
f 1469//939 427//939 423//939
f 549//939 1471//939 548//939
f 1470//939 1471//939 549//939
f 1472//939 427//939 1469//939
f 1472//939 406//939 427//939
f 1471//939 1454//939 548//939
f 1456//939 406//939 1472//939
f 548//939 1454//939 559//939
f 1456//939 408//939 406//939
f 1473//956 1474//956 1205//956
f 1195//954 1194//954 1475//954
f 1189//950 1201//950 1190//950
f 1476//950 1195//950 1475//950
f 1473//956 1205//956 1204//956
f 1192//950 1200//950 1199//950
f 1192//953 1199//953 1194//953
f 1477//950 1473//950 1201//950
f 1477//950 1189//950 1188//950
f 1477//1453 1201//1453 1189//1453
f 1207//1453 1478//1453 1479//1453
f 1207//953 1479//953 1480//953
f 1197//958 1207//958 1480//958
f 1198//952 1197//952 1480//952
f 1202//950 1204//950 1203//950
f 1202//950 1473//950 1204//950
f 1481//950 1477//950 1188//950
f 1482//950 1195//950 1476//950
f 1481//950 1188//950 1483//950
f 1196//950 1197//950 1198//950
f 1193//977 1192//977 1194//977
f 1201//950 1200//950 1191//950
f 1188//950 1195//950 1482//950
f 1188//950 1482//950 1483//950
f 1191//950 1200//950 1192//950
f 1199//1453 1198//1453 1480//1453
f 1206//950 1478//950 1207//950
f 1206//950 1484//950 1478//950
f 1475//952 1199//952 1480//952
f 1205//950 1484//950 1206//950
f 1205//950 1474//950 1484//950
f 1201//956 1473//956 1202//956
f 1201//950 1191//950 1190//950
f 1194//956 1199//956 1475//956
f 1249//952 1485//952 1486//952
f 1249//950 1486//950 1487//950
f 1240//958 1249//958 1487//958
f 1241//952 1240//952 1487//952
f 1488//1454 1223//1454 1215//1454
f 1488//970 1215//970 1212//970
f 1488//1455 1212//1455 1211//1455
f 1488//955 1211//955 1489//955
f 1239//950 1240//950 1241//950
f 1490//1456 1243//1456 1224//1456
f 1490//952 1491//952 1243//952
f 1490//958 1224//958 1216//958
f 1236//1457 1241//1457 1487//1457
f 1490//972 1216//972 1217//972
f 1490//971 1217//971 1218//971
f 1248//950 1485//950 1249//950
f 1490//1458 1218//1458 1220//1458
f 1248//950 1492//950 1485//950
f 1488//1459 1222//1459 1223//1459
f 1493//1460 1222//1460 1488//1460
f 1494//972 1490//972 1220//972
f 1494//1461 1220//1461 1221//1461
f 1493//1462 1221//1462 1222//1462
f 1493//950 1494//950 1221//950
f 1243//950 1242//950 1226//950
f 1242//1463 1236//1463 1235//1463
f 1495//947 1236//947 1487//947
f 1237//958 1236//958 1495//958
f 1247//953 1492//953 1248//953
f 1247//956 1496//956 1492//956
f 1491//954 1496//954 1247//954
f 1237//953 1495//953 1497//953
f 1491//952 1247//952 1246//952
f 1226//950 1235//950 1233//950
f 1226//950 1242//950 1235//950
f 1238//1454 1208//1454 1210//1454
f 1244//950 1246//950 1245//950
f 1244//952 1491//952 1246//952
f 1213//1453 1208//1453 1238//1453
f 1489//953 1237//953 1497//953
f 1227//972 1233//972 1234//972
f 1227//954 1226//954 1233//954
f 1232//1463 1227//1463 1234//1463
f 1489//953 1238//953 1237//953
f 1211//1464 1213//1464 1238//1464
f 1243//1465 1491//1465 1244//1465
f 1243//1458 1226//1458 1225//1458
f 1211//1466 1238//1466 1489//1466
f 1231//1467 1230//1467 1227//1467
f 1231//952 1227//952 1232//952
f 1224//1453 1243//1453 1225//1453
f 1229//957 1228//957 1230//957
f 1231//1468 1229//1468 1230//1468
f 1498//1469 1264//1469 1263//1469
f 1498//1453 1253//1453 1499//1453
f 1280//950 1279//950 1286//950
f 1500//1470 1270//1470 1266//1470
f 1500//1471 1266//1471 1265//1471
f 1500//947 1295//947 1270//947
f 1296//950 1298//950 1297//950
f 1500//956 1501//956 1295//956
f 1296//952 1501//952 1298//952
f 1282//1472 1279//1472 1280//1472
f 1499//1473 1257//1473 1502//1473
f 1503//1474 1500//1474 1265//1474
f 1504//1475 1267//1475 1498//1475
f 1503//1476 1265//1476 1267//1476
f 1301//952 1505//952 1506//952
f 1503//1477 1267//1477 1504//1477
f 1301//950 1506//950 1507//950
f 1278//1478 1269//1478 1279//1478
f 1295//1456 1294//1456 1268//1456
f 1268//971 1294//971 1269//971
f 1294//1454 1293//1454 1287//1454
f 1291//958 1301//958 1507//958
f 1292//952 1291//952 1507//952
f 1290//950 1291//950 1292//950
f 1293//1453 1292//1453 1507//1453
f 1300//950 1508//950 1505//950
f 1300//950 1505//950 1301//950
f 1499//969 1256//969 1257//969
f 1271//974 1269//974 1278//974
f 1288//1453 1289//1453 1293//1453
f 1509//952 1293//952 1507//952
f 1272//1479 1271//1479 1278//1479
f 1288//952 1293//952 1509//952
f 1287//955 1293//955 1289//955
f 1295//1465 1501//1465 1296//1465
f 1299//1453 1510//1453 1508//1453
f 1299//953 1508//953 1300//953
f 1277//1480 1272//1480 1278//1480
f 1255//1481 1288//1481 1509//1481
f 1499//1482 1253//1482 1252//1482
f 1499//1483 1252//1483 1256//1483
f 1251//1484 1255//1484 1509//1484
f 1250//1485 1251//1485 1509//1485
f 1270//947 1295//947 1268//947
f 1263//1486 1262//1486 1261//1486
f 1501//954 1510//954 1299//954
f 1274//1487 1272//1487 1277//1487
f 1274//1488 1273//1488 1272//1488
f 1275//1489 1273//1489 1274//1489
f 1276//1490 1273//1490 1275//1490
f 1263//1491 1261//1491 1253//1491
f 1260//1481 1250//1481 1509//1481
f 1259//1492 1260//1492 1509//1492
f 1259//952 1509//952 1502//952
f 1281//1467 1284//1467 1283//1467
f 1281//952 1285//952 1284//952
f 1258//956 1259//956 1502//956
f 1501//952 1299//952 1298//952
f 1281//950 1286//950 1285//950
f 1502//954 1257//954 1258//954
f 1279//955 1287//955 1286//955
f 1280//952 1286//952 1281//952
f 1269//1453 1287//1453 1279//1453
f 1269//1453 1294//1453 1287//1453
f 1498//1493 1263//1493 1253//1493
f 1498//1494 1267//1494 1264//1494
f 1310//863 1511//863 1512//863
f 1513//1010 1511//1010 1310//1010
f 1316//1495 1318//1495 1317//1495
f 1514//863 1318//863 1316//863
f 1515//1007 1318//1007 1514//1007
f 1305//1014 1304//1014 1321//1014
f 1305//1011 1321//1011 1320//1011
f 1515//863 1516//863 1318//863
f 1302//1009 1313//1009 1517//1009
f 1318//1496 1516//1496 1319//1496
f 1302//863 1303//863 1313//863
f 1517//1013 1312//1013 1518//1013
f 1519//863 1324//863 1520//863
f 1313//1009 1312//1009 1517//1009
f 1521//863 1324//863 1519//863
f 1521//1009 1315//1009 1324//1009
f 1324//1497 1323//1497 1520//1497
f 1315//1495 1314//1495 1324//1495
f 1521//1010 1316//1010 1315//1010
f 1312//863 1522//863 1518//863
f 1319//863 1306//863 1320//863
f 1320//863 1306//863 1305//863
f 1516//1007 1306//1007 1319//1007
f 1521//863 1514//863 1316//863
f 1323//1009 1304//1009 1520//1009
f 1311//863 1522//863 1312//863
f 1307//1010 1309//1010 1308//1010
f 1322//863 1321//863 1323//863
f 1323//1009 1321//1009 1304//1009
f 1310//863 1512//863 1311//863
f 1311//863 1512//863 1522//863
f 1309//1007 1513//1007 1310//1007
f 1306//863 1513//863 1307//863
f 1516//863 1513//863 1306//863
f 1307//1005 1513//1005 1309//1005
f 1304//863 1517//863 1520//863
f 1302//1016 1517//1016 1304//1016
f 1523//1014 1360//1014 1524//1014
f 1525//863 1360//863 1523//863
f 1526//1010 1359//1010 1525//1010
f 1525//863 1359//863 1360//863
f 1360//1010 1361//1010 1524//1010
f 1361//1014 1357//1014 1524//1014
f 1526//1010 1339//1010 1359//1010
f 1353//1013 1355//1013 1352//1013
f 1526//863 1527//863 1339//863
f 1527//1007 1337//1007 1339//1007
f 1358//1009 1327//1009 1357//1009
f 1357//863 1327//863 1524//863
f 1351//1009 1354//1009 1353//1009
f 1353//863 1354//863 1355//863
f 1350//863 1354//863 1351//863
f 1358//863 1356//863 1327//863
f 1348//1498 1349//1498 1350//1498
f 1527//863 1343//863 1337//863
f 1337//863 1343//863 1338//863
f 1349//1015 1347//1015 1350//1015
f 1354//1010 1347//1010 1356//1010
f 1350//863 1347//863 1354//863
f 1343//863 1340//863 1338//863
f 1327//863 1528//863 1524//863
f 1325//1016 1528//1016 1327//1016
f 1527//863 1344//863 1343//863
f 1529//863 1344//863 1527//863
f 1347//1006 1346//1006 1356//1006
f 1343//863 1342//863 1340//863
f 1340//1012 1342//1012 1341//1012
f 1529//863 1530//863 1344//863
f 1325//863 1336//863 1528//863
f 1325//863 1326//863 1336//863
f 1528//1011 1335//1011 1531//1011
f 1336//863 1335//863 1528//863
f 1346//1005 1328//1005 1356//1005
f 1335//1009 1532//1009 1531//1009
f 1530//863 1345//863 1344//863
f 1530//1499 1329//1499 1345//1499
f 1346//863 1329//863 1328//863
f 1335//1009 1533//1009 1532//1009
f 1334//863 1533//863 1335//863
f 1330//1010 1332//1010 1331//1010
f 1530//1009 1534//1009 1329//1009
f 1332//1014 1534//1014 1333//1014
f 1329//1009 1534//1009 1330//1009
f 1330//1010 1534//1010 1332//1010
f 1333//1010 1535//1010 1334//1010
f 1334//863 1535//863 1533//863
f 1534//1009 1536//1009 1333//1009
f 1333//1010 1536//1010 1535//1010
f 1346//1011 1345//1011 1329//1011
f 1328//863 1327//863 1356//863
f 357//1014 359//1014 362//1014
f 364//863 357//863 362//863
f 367//1005 357//1005 364//1005
f 367//863 356//863 357//863
f 352//863 354//863 356//863
f 350//1495 352//1495 356//1495
f 370//1015 367//1015 368//1015
f 1537//1500 1538//1500 350//1500
f 1539//1501 1540//1501 1537//1501
f 1539//863 1537//863 350//863
f 378//1502 374//1502 376//1502
f 1541//863 1542//863 1539//863
f 1541//1499 1543//1499 1542//1499
f 384//1010 378//1010 380//1010
f 384//863 380//863 382//863
f 1544//863 1539//863 350//863
f 1544//863 356//863 367//863
f 1544//1007 1541//1007 1539//1007
f 1544//863 350//863 356//863
f 1545//1495 384//1495 1546//1495
f 1547//863 1544//863 367//863
f 1547//863 1548//863 1544//863
f 1547//863 367//863 370//863
f 1549//863 1547//863 370//863
f 1550//1011 1545//1011 1551//1011
f 1552//1011 1545//1011 1550//1011
f 1552//863 374//863 378//863
f 1552//863 378//863 384//863
f 1552//1011 384//1011 1545//1011
f 1552//863 370//863 373//863
f 1552//863 373//863 374//863
f 1553//1010 1549//1010 370//1010
f 1553//863 370//863 1552//863
f 1554//1503 1555//1503 1556//1503
f 1557//1504 1558//1504 1559//1504
f 1560//1505 1561//1505 1557//1505
f 1562//1506 1563//1506 1564//1506
f 1559//1507 1565//1507 1566//1507
f 1566//1508 1567//1508 1568//1508
f 1569//1509 1570//1509 1571//1509
f 1572//1510 1573//1510 1574//1510
f 1575//1511 1560//1511 1557//1511
f 1557//1512 1576//1512 1575//1512
f 1577//1513 1559//1513 1566//1513
f 1576//1514 1559//1514 1577//1514
f 1576//1515 1577//1515 1578//1515
f 1576//1516 1557//1516 1559//1516
f 1579//1517 1580//1517 1581//1517
f 1582//1518 1583//1518 1584//1518
f 1585//1519 1586//1519 1587//1519
f 1582//1520 1584//1520 1588//1520
f 1589//1521 1585//1521 1587//1521
f 1590//1522 1591//1522 1592//1522
f 1593//1523 1594//1523 1595//1523
f 1593//1524 1596//1524 1594//1524
f 1591//1525 1590//1525 1597//1525
f 1598//1526 1599//1526 1600//1526
f 1598//1527 1600//1527 1601//1527
f 1602//1528 1603//1528 1604//1528
f 1605//1529 1606//1529 1607//1529
f 1604//1530 1608//1530 1609//1530
f 1583//1531 1610//1531 1611//1531
f 1612//1532 1613//1532 1614//1532
f 1615//1533 1598//1533 1616//1533
f 1615//1534 1617//1534 1618//1534
f 1599//1535 1598//1535 1615//1535
f 1595//1536 1594//1536 1610//1536
f 1619//1537 1618//1537 1617//1537
f 1620//1538 1602//1538 1604//1538
f 1621//1539 1622//1539 1623//1539
f 1624//1540 1625//1540 1599//1540
f 1626//1541 1627//1541 1605//1541
f 1628//1542 1629//1542 1630//1542
f 1628//1543 1630//1543 1631//1543
f 1632//1544 1633//1544 1634//1544
f 1618//1545 1635//1545 1615//1545
f 1636//1546 1637//1546 1638//1546
f 1639//1547 1625//1547 1624//1547
f 1640//1548 1597//1548 1641//1548
f 1642//1549 1639//1549 1643//1549
f 1644//1550 1618//1550 1619//1550
f 1628//1551 1645//1551 1629//1551
f 1624//1552 1599//1552 1635//1552
f 1646//1553 1647//1553 1648//1553
f 1607//1554 1649//1554 1650//1554
f 1651//1555 1564//1555 1622//1555
f 1651//1556 1562//1556 1564//1556
f 1646//1557 1648//1557 1652//1557
f 1653//1558 1642//1558 1643//1558
f 1654//1559 1655//1559 1656//1559
f 1657//1560 1569//1560 1602//1560
f 1658//1561 1588//1561 1637//1561
f 1658//1562 1582//1562 1588//1562
f 1659//1563 1629//1563 1645//1563
f 1612//1564 1660//1564 1661//1564
f 1662//1565 1663//1565 1664//1565
f 1593//1566 1665//1566 1596//1566
f 1666//1567 1667//1567 1668//1567
f 1669//1568 1670//1568 1671//1568
f 1653//1569 1643//1569 1672//1569
f 1653//1570 1672//1570 1673//1570
f 1669//1571 1674//1571 1670//1571
f 1675//1572 1666//1572 1668//1572
f 1676//1573 1643//1573 1639//1573
f 1677//1574 1668//1574 1678//1574
f 1679//1575 1670//1575 1680//1575
f 1681//1576 1556//1576 1682//1576
f 1681//1577 1554//1577 1556//1577
f 1683//1578 1663//1578 1673//1578
f 1684//1579 1685//1579 1686//1579
f 1684//1580 1687//1580 1685//1580
f 1688//1581 1620//1581 1604//1581
f 1641//1582 1675//1582 1689//1582
f 1690//1583 1682//1583 1573//1583
f 1691//1584 1663//1584 1683//1584
f 1692//1585 1693//1585 1633//1585
f 1694//1586 1572//1586 1570//1586
f 1679//1587 1641//1587 1689//1587
f 1683//1588 1673//1588 1672//1588
f 1695//1589 1672//1589 1696//1589
f 1695//1590 1683//1590 1672//1590
f 1697//1591 1605//1591 1607//1591
f 1676//1592 1672//1592 1643//1592
f 1678//1593 1647//1593 1646//1593
f 1698//1594 1632//1594 1699//1594
f 1700//1595 1633//1595 1632//1595
f 1684//1596 1686//1596 1701//1596
f 1574//1597 1702//1597 1703//1597
f 1704//1598 1621//1598 1623//1598
f 1688//1599 1604//1599 1609//1599
f 1705//1600 1607//1600 1650//1600
f 1706//1601 1694//1601 1570//1601
f 1689//1602 1707//1602 1679//1602
f 1657//1603 1602//1603 1620//1603
f 1708//1604 1690//1604 1573//1604
f 1709//1605 1623//1605 1710//1605
f 1711//1606 1572//1606 1574//1606
f 1570//1607 1572//1607 1711//1607
f 1573//1608 1682//1608 1712//1608
f 1569//1609 1706//1609 1570//1609
f 1713//1610 1714//1610 1715//1610
f 1716//1611 1626//1611 1605//1611
f 1715//1612 1696//1612 1676//1612
f 1715//1613 1676//1613 1713//1613
f 1717//1614 1595//1614 1610//1614
f 1717//1615 1610//1615 1583//1615
f 1657//1616 1706//1616 1569//1616
f 1714//1617 1718//1617 1719//1617
f 1690//1618 1681//1618 1682//1618
f 1720//1619 1721//1619 1722//1619
f 1621//1620 1651//1620 1622//1620
f 1681//1621 1652//1621 1554//1621
f 1677//1622 1723//1622 1707//1622
f 1724//1623 1671//1623 1707//1623
f 1725//1624 1637//1624 1636//1624
f 1719//1625 1715//1625 1714//1625
f 1725//1626 1658//1626 1637//1626
f 1654//1627 1656//1627 1626//1627
f 1726//1628 1720//1628 1722//1628
f 1727//1629 1723//1629 1677//1629
f 1728//1630 1729//1630 1665//1630
f 1730//1631 1731//1631 1681//1631
f 1708//1632 1573//1632 1694//1632
f 1732//1633 1727//1633 1678//1633
f 1700//1634 1692//1634 1633//1634
f 1732//1635 1723//1635 1727//1635
f 1715//1636 1719//1636 1733//1636
f 1734//1637 1735//1637 1736//1637
f 1734//1638 1737//1638 1735//1638
f 1738//1639 1739//1639 1740//1639
f 1718//1640 1669//1640 1741//1640
f 1742//1641 1732//1641 1743//1641
f 1744//1642 1706//1642 1657//1642
f 1695//1643 1745//1643 1683//1643
f 1738//1644 1746//1644 1739//1644
f 1726//1645 1688//1645 1609//1645
f 1726//1646 1609//1646 1720//1646
f 1747//1647 1725//1647 1636//1647
f 1748//1648 1729//1648 1728//1648
f 1749//1649 1742//1649 1743//1649
f 1750//1650 1708//1650 1694//1650
f 1751//1651 1736//1651 1746//1651
f 1752//1652 1743//1652 1753//1652
f 1704//1653 1623//1653 1709//1653
f 1752//1654 1754//1654 1749//1654
f 1752//1655 1749//1655 1743//1655
f 1717//1656 1583//1656 1582//1656
f 1752//1657 1753//1657 1755//1657
f 1746//1658 1756//1658 1757//1658
f 1746//1659 1738//1659 1756//1659
f 1758//1660 1697//1660 1607//1660
f 1758//1661 1607//1661 1705//1661
f 1752//1662 1759//1662 1754//1662
f 1727//1663 1677//1663 1678//1663
f 1757//1664 1751//1664 1746//1664
f 1755//1665 1759//1665 1752//1665
f 1593//1666 1728//1666 1665//1666
f 1760//1667 1759//1667 1755//1667
f 1760//1668 1761//1668 1759//1668
f 1762//1669 1709//1669 1763//1669
f 1764//1670 1765//1670 1562//1670
f 1764//1671 1562//1671 1651//1671
f 1766//1672 1593//1672 1595//1672
f 1767//1673 1657//1673 1620//1673
f 1697//1674 1716//1674 1605//1674
f 1756//1675 1738//1675 1768//1675
f 1769//1676 1750//1676 1694//1676
f 1770//1677 1760//1677 1771//1677
f 1760//1678 1770//1678 1761//1678
f 1744//1679 1769//1679 1706//1679
f 1772//1680 1744//1680 1657//1680
f 1773//1681 1770//1681 1771//1681
f 1774//1682 1651//1682 1621//1682
f 1767//1683 1620//1683 1688//1683
f 1775//1684 1776//1684 1751//1684
f 1775//1685 1751//1685 1757//1685
f 1777//1686 1582//1686 1658//1686
f 1777//1687 1717//1687 1582//1687
f 1756//1688 1768//1688 1606//1688
f 1748//1689 1778//1689 1729//1689
f 1768//1690 1779//1690 1606//1690
f 1773//1691 1780//1691 1770//1691
f 1781//1692 1688//1692 1726//1692
f 1782//1693 1775//1693 1655//1693
f 1656//1694 1757//1694 1627//1694
f 1656//1695 1775//1695 1757//1695
f 1783//1696 1632//1696 1698//1696
f 1784//1697 1780//1697 1773//1697
f 1784//1698 1710//1698 1780//1698
f 1731//1699 1646//1699 1652//1699
f 1785//1700 1654//1700 1626//1700
f 1731//1701 1652//1701 1681//1701
f 1786//1702 1745//1702 1695//1702
f 1786//1703 1787//1703 1745//1703
f 1627//1704 1626//1704 1656//1704
f 1766//1705 1595//1705 1717//1705
f 1788//1706 1710//1706 1784//1706
f 1737//1707 1767//1707 1688//1707
f 1737//1708 1688//1708 1781//1708
f 1699//1709 1655//1709 1698//1709
f 1788//1710 1709//1710 1710//1710
f 1730//1711 1690//1711 1708//1711
f 1730//1712 1681//1712 1690//1712
f 1788//1713 1763//1713 1709//1713
f 1763//1714 1788//1714 1693//1714
f 1789//1715 1747//1715 1765//1715
f 1790//1716 1698//1716 1655//1716
f 1790//1717 1655//1717 1654//1717
f 1791//1718 1792//1718 1586//1718
f 1729//1719 1778//1719 1793//1719
f 1794//1720 1795//1720 1796//1720
f 1692//1721 1763//1721 1693//1721
f 1585//1722 1791//1722 1586//1722
f 1772//1723 1657//1723 1767//1723
f 1794//1724 1791//1724 1585//1724
f 1794//1725 1796//1725 1791//1725
f 1797//1726 1692//1726 1700//1726
f 1797//1727 1798//1727 1692//1727
f 1786//1728 1686//1728 1787//1728
f 1580//1729 1579//1729 1795//1729
f 1799//1730 1797//1730 1700//1730
f 1798//1731 1797//1731 1799//1731
f 1799//1732 1800//1732 1798//1732
f 1801//1733 1766//1733 1717//1733
f 1802//1734 1795//1734 1794//1734
f 1789//1735 1725//1735 1747//1735
f 1580//1736 1795//1736 1802//1736
f 1803//1737 1804//1737 1805//1737
f 1803//1738 1806//1738 1804//1738
f 1807//1739 1709//1739 1762//1739
f 1803//1740 1808//1740 1806//1740
f 1807//1741 1704//1741 1709//1741
f 1809//1742 1730//1742 1708//1742
f 1589//1743 1794//1743 1585//1743
f 1810//1744 1581//1744 1811//1744
f 1581//1745 1812//1745 1811//1745
f 1614//1746 1580//1746 1802//1746
f 1810//1747 1813//1747 1581//1747
f 1731//1748 1678//1748 1646//1748
f 1814//1749 1789//1749 1765//1749
f 1815//1750 1769//1750 1744//1750
f 1766//1751 1728//1751 1593//1751
f 1774//1752 1764//1752 1651//1752
f 1816//1753 1813//1753 1810//1753
f 1816//1754 1817//1754 1813//1754
f 1739//1755 1722//1755 1721//1755
f 1783//1756 1700//1756 1632//1756
f 1816//1757 1592//1757 1817//1757
f 1818//1758 1777//1758 1658//1758
f 1818//1759 1658//1759 1725//1759
f 1809//1760 1708//1760 1750//1760
f 1816//1761 1819//1761 1820//1761
f 1821//1762 1591//1762 1597//1762
f 1822//1763 1816//1763 1820//1763
f 1597//1764 1590//1764 1823//1764
f 1613//1765 1812//1765 1614//1765
f 1735//1766 1781//1766 1726//1766
f 1824//1767 1612//1767 1614//1767
f 1824//1768 1614//1768 1825//1768
f 1597//1769 1640//1769 1821//1769
f 1613//1770 1819//1770 1811//1770
f 1774//1771 1621//1771 1704//1771
f 1615//1772 1616//1772 1617//1772
f 1826//1773 1815//1773 1744//1773
f 1826//1774 1744//1774 1772//1774
f 1785//1775 1626//1775 1716//1775
f 1827//1776 1686//1776 1786//1776
f 1827//1777 1828//1777 1686//1777
f 1821//1778 1829//1778 1591//1778
f 1830//1779 1801//1779 1717//1779
f 1735//1780 1726//1780 1722//1780
f 1830//1781 1717//1781 1777//1781
f 1619//1782 1617//1782 1831//1782
f 1619//1783 1831//1783 1640//1783
f 1615//1784 1635//1784 1599//1784
f 1831//1785 1832//1785 1829//1785
f 1833//1786 1766//1786 1801//1786
f 1831//1787 1829//1787 1821//1787
f 1822//1788 1820//1788 1666//1788
f 1618//1789 1644//1789 1834//1789
f 1618//1790 1834//1790 1635//1790
f 1835//1791 1809//1791 1750//1791
f 1666//1792 1823//1792 1822//1792
f 1666//1793 1597//1793 1823//1793
f 1831//1794 1836//1794 1832//1794
f 1619//1795 1640//1795 1641//1795
f 1837//1796 1767//1796 1737//1796
f 1617//1797 1836//1797 1831//1797
f 1617//1798 1838//1798 1836//1798
f 1839//1799 1762//1799 1763//1799
f 1839//1800 1763//1800 1692//1800
f 1617//1801 1616//1801 1838//1801
f 1664//1802 1840//1802 1841//1802
f 1624//1803 1676//1803 1639//1803
f 1834//1804 1644//1804 1680//1804
f 1842//1805 1697//1805 1758//1805
f 1827//1806 1843//1806 1828//1806
f 1844//1807 1765//1807 1764//1807
f 1735//1808 1737//1808 1781//1808
f 1844//1809 1814//1809 1765//1809
f 1845//1810 1587//1810 1630//1810
f 1845//1811 1589//1811 1587//1811
f 1846//1812 1716//1812 1697//1812
f 1680//1813 1670//1813 1834//1813
f 1661//1814 1660//1814 1555//1814
f 1847//1815 1774//1815 1704//1815
f 1664//1816 1663//1816 1691//1816
f 1743//1817 1731//1817 1730//1817
f 1713//1818 1676//1818 1624//1818
f 1736//1819 1735//1819 1722//1819
f 1824//1820 1589//1820 1845//1820
f 1848//1821 1835//1821 1750//1821
f 1824//1822 1825//1822 1589//1822
f 1732//1823 1678//1823 1731//1823
f 1691//1824 1840//1824 1664//1824
f 1713//1825 1624//1825 1635//1825
f 1849//1826 1848//1826 1769//1826
f 1818//1827 1725//1827 1789//1827
f 1648//1828 1850//1828 1554//1828
f 1787//1829 1840//1829 1691//1829
f 1748//1830 1728//1830 1851//1830
f 1852//1831 1853//1831 1854//1831
f 1745//1832 1787//1832 1691//1832
f 1830//1833 1833//1833 1801//1833
f 1766//1834 1851//1834 1728//1834
f 1855//1835 1705//1835 1856//1835
f 1849//1836 1769//1836 1815//1836
f 1745//1837 1691//1837 1683//1837
f 1746//1838 1722//1838 1739//1838
f 1857//1839 1724//1839 1707//1839
f 1647//1840 1678//1840 1668//1840
f 1857//1841 1707//1841 1723//1841
f 1799//1842 1700//1842 1783//1842
f 1858//1843 1696//1843 1715//1843
f 1859//1844 1826//1844 1772//1844
f 1753//1845 1743//1845 1730//1845
f 1625//1846 1600//1846 1599//1846
f 1686//1847 1840//1847 1787//1847
f 1736//1848 1722//1848 1746//1848
f 1852//1849 1860//1849 1853//1849
f 1861//1850 1862//1850 1684//1850
f 1861//1851 1684//1851 1701//1851
f 1863//1852 1777//1852 1818//1852
f 1863//1853 1830//1853 1777//1853
f 1676//1854 1696//1854 1672//1854
f 1847//1855 1704//1855 1807//1855
f 1864//1856 1818//1856 1789//1856
f 1639//1857 1865//1857 1625//1857
f 1661//1858 1613//1858 1612//1858
f 1839//1859 1807//1859 1762//1859
f 1833//1860 1851//1860 1766//1860
f 1707//1861 1689//1861 1677//1861
f 1866//1862 1833//1862 1830//1862
f 1743//1863 1732//1863 1731//1863
f 1718//1864 1714//1864 1674//1864
f 1718//1865 1674//1865 1669//1865
f 1867//1866 1654//1866 1785//1866
f 1642//1867 1865//1867 1639//1867
f 1867//1868 1790//1868 1654//1868
f 1669//1869 1671//1869 1868//1869
f 1869//1870 1613//1870 1661//1870
f 1869//1871 1819//1871 1613//1871
f 1783//1872 1698//1872 1790//1872
f 1753//1873 1730//1873 1809//1873
f 1843//1874 1870//1874 1828//1874
f 1871//1875 1764//1875 1774//1875
f 1872//1876 1863//1876 1818//1876
f 1871//1877 1844//1877 1764//1877
f 1868//1878 1741//1878 1669//1878
f 1859//1879 1772//1879 1767//1879
f 1873//1880 1849//1880 1815//1880
f 1659//1881 1845//1881 1629//1881
f 1659//1882 1824//1882 1845//1882
f 1673//1883 1642//1883 1653//1883
f 1673//1884 1874//1884 1642//1884
f 1875//1885 1870//1885 1843//1885
f 1864//1886 1789//1886 1814//1886
f 1843//1887 1876//1887 1875//1887
f 1877//1888 1820//1888 1819//1888
f 1877//1889 1819//1889 1869//1889
f 1798//1890 1839//1890 1692//1890
f 1855//1891 1878//1891 1758//1891
f 1855//1892 1758//1892 1705//1892
f 1753//1893 1809//1893 1835//1893
f 1879//1894 1880//1894 1588//1894
f 1881//1895 1871//1895 1774//1895
f 1663//1896 1874//1896 1673//1896
f 1638//1897 1588//1897 1882//1897
f 1659//1898 1612//1898 1824//1898
f 1636//1899 1638//1899 1883//1899
f 1837//1900 1859//1900 1767//1900
f 1771//1901 1835//1901 1848//1901
f 1884//1902 1695//1902 1696//1902
f 1667//1903 1820//1903 1877//1903
f 1885//1904 1785//1904 1716//1904
f 1885//1905 1716//1905 1846//1905
f 1886//1906 1802//1906 1794//1906
f 1886//1907 1614//1907 1802//1907
f 1734//1908 1837//1908 1737//1908
f 1887//1909 1815//1909 1826//1909
f 1580//1910 1812//1910 1581//1910
f 1881//1911 1774//1911 1847//1911
f 1887//1912 1873//1912 1815//1912
f 1886//1913 1794//1913 1589//1913
f 1875//1914 1888//1914 1870//1914
f 1660//1915 1612//1915 1659//1915
f 1889//1916 1866//1916 1830//1916
f 1590//1917 1592//1917 1816//1917
f 1724//1918 1868//1918 1671//1918
f 1886//1919 1825//1919 1614//1919
f 1890//1920 1844//1920 1871//1920
f 1886//1921 1589//1921 1825//1921
f 1846//1922 1697//1922 1842//1922
f 1614//1923 1812//1923 1580//1923
f 1866//1924 1851//1924 1833//1924
f 1760//1925 1753//1925 1835//1925
f 1742//1926 1723//1926 1732//1926
f 1810//1927 1819//1927 1816//1927
f 1810//1928 1811//1928 1819//1928
f 1667//1929 1666//1929 1820//1929
f 1891//1930 1807//1930 1839//1930
f 1859//1931 1887//1931 1826//1931
f 1892//1932 1818//1932 1864//1932
f 1892//1933 1872//1933 1818//1933
f 1822//1934 1823//1934 1590//1934
f 1822//1935 1590//1935 1816//1935
f 1811//1936 1812//1936 1613//1936
f 1893//1937 1814//1937 1844//1937
f 1893//1938 1864//1938 1814//1938
f 1821//1939 1640//1939 1831//1939
f 1845//1940 1630//1940 1629//1940
f 1875//1941 1894//1941 1888//1941
f 1895//1942 1783//1942 1790//1942
f 1847//1943 1807//1943 1891//1943
f 1641//1944 1679//1944 1619//1944
f 1664//1945 1841//1945 1662//1945
f 1896//1946 1839//1946 1798//1946
f 1897//1947 1859//1947 1837//1947
f 1898//1948 1771//1948 1848//1948
f 1680//1949 1619//1949 1679//1949
f 1898//1950 1848//1950 1849//1950
f 1680//1951 1644//1951 1619//1951
f 1771//1952 1760//1952 1835//1952
f 1840//1953 1686//1953 1685//1953
f 1850//1954 1661//1954 1555//1954
f 1899//1955 1881//1955 1847//1955
f 1877//1956 1648//1956 1647//1956
f 1900//1957 1724//1957 1857//1957
f 1863//1958 1889//1958 1830//1958
f 1776//1959 1734//1959 1736//1959
f 1901//1960 1862//1960 1902//1960
f 1901//1961 1902//1961 1852//1961
f 1840//1962 1685//1962 1841//1962
f 1675//1963 1597//1963 1666//1963
f 1902//1964 1862//1964 1861//1964
f 1902//1965 1861//1965 1870//1965
f 1596//1966 1695//1966 1884//1966
f 1903//1967 1837//1967 1734//1967
f 1842//1968 1758//1968 1878//1968
f 1890//1969 1871//1969 1881//1969
f 1719//1970 1718//1970 1741//1970
f 1904//1971 1863//1971 1872//1971
f 1857//1972 1723//1972 1742//1972
f 1850//1973 1869//1973 1661//1973
f 1883//1974 1747//1974 1636//1974
f 1862//1975 1905//1975 1906//1975
f 1596//1976 1786//1976 1695//1976
f 1889//1977 1863//1977 1904//1977
f 1694//1978 1573//1978 1572//1978
f 1907//1979 1628//1979 1631//1979
f 1899//1980 1847//1980 1891//1980
f 1760//1981 1755//1981 1753//1981
f 1648//1982 1869//1982 1850//1982
f 1715//1983 1733//1983 1858//1983
f 1782//1984 1734//1984 1776//1984
f 1800//1985 1799//1985 1783//1985
f 1884//1986 1696//1986 1858//1986
f 1893//1987 1844//1987 1890//1987
f 1733//1988 1611//1988 1858//1988
f 1908//1989 1846//1989 1842//1989
f 1665//1990 1729//1990 1909//1990
f 1895//1991 1790//1991 1867//1991
f 1562//1992 1765//1992 1747//1992
f 1641//1993 1597//1993 1675//1993
f 1562//1994 1747//1994 1883//1994
f 1860//1995 1852//1995 1902//1995
f 1910//1996 1872//1996 1892//1996
f 1828//1997 1701//1997 1686//1997
f 1911//1998 1892//1998 1864//1998
f 1911//1999 1864//1999 1893//1999
f 1903//2000 1897//2000 1837//2000
f 1896//2001 1891//2001 1839//2001
f 1860//2002 1902//2002 1888//2002
f 1684//2003 1906//2003 1687//2003
f 1912//2004 1842//2004 1878//2004
f 1694//2005 1706//2005 1769//2005
f 1828//2006 1861//2006 1701//2006
f 1913//2007 1849//2007 1873//2007
f 1914//2008 1631//2008 1915//2008
f 1913//2009 1898//2009 1849//2009
f 1750//2010 1769//2010 1848//2010
f 1907//2011 1645//2011 1628//2011
f 1776//2012 1736//2012 1751//2012
f 1897//2013 1887//2013 1859//2013
f 1858//2014 1594//2014 1884//2014
f 1909//2015 1596//2015 1665//2015
f 1916//2016 1890//2016 1881//2016
f 1879//2017 1868//2017 1724//2017
f 1901//2018 1917//2018 1905//2018
f 1761//2019 1770//2019 1564//2019
f 1879//2020 1724//2020 1900//2020
f 1910//2021 1904//2021 1872//2021
f 1918//2022 1873//2022 1887//2022
f 1919//2023 1910//2023 1892//2023
f 1870//2024 1861//2024 1828//2024
f 1920//2025 1899//2025 1891//2025
f 1909//2026 1786//2026 1596//2026
f 1909//2027 1729//2027 1921//2027
f 1877//2028 1869//2028 1648//2028
f 1909//2029 1921//2029 1827//2029
f 1911//2030 1919//2030 1892//2030
f 1596//2031 1884//2031 1594//2031
f 1888//2032 1902//2032 1870//2032
f 1922//2033 1881//2033 1899//2033
f 1923//2034 1893//2034 1890//2034
f 1862//2035 1906//2035 1684//2035
f 1860//2036 1924//2036 1853//2036
f 1860//2037 1888//2037 1924//2037
f 1925//2038 1785//2038 1885//2038
f 1926//2039 1900//2039 1857//2039
f 1926//2040 1857//2040 1742//2040
f 1925//2041 1867//2041 1785//2041
f 1888//2042 1894//2042 1924//2042
f 1805//2043 1783//2043 1895//2043
f 1805//2044 1800//2044 1783//2044
f 1852//2045 1927//2045 1917//2045
f 1909//2046 1827//2046 1786//2046
f 1903//2047 1734//2047 1782//2047
f 1907//2048 1631//2048 1914//2048
f 1928//2049 1895//2049 1867//2049
f 1929//2050 1891//2050 1896//2050
f 1918//2051 1887//2051 1897//2051
f 1930//2052 1919//2052 1911//2052
f 1931//2053 1896//2053 1798//2053
f 1702//2054 1659//2054 1645//2054
f 1920//2055 1891//2055 1929//2055
f 1773//2056 1771//2056 1898//2056
f 1922//2057 1916//2057 1881//2057
f 1932//2058 1910//2058 1919//2058
f 1908//2059 1885//2059 1846//2059
f 1703//2060 1645//2060 1907//2060
f 1927//2061 1933//2061 1934//2061
f 1935//2062 1742//2062 1749//2062
f 1935//2063 1926//2063 1742//2063
f 1923//2064 1890//2064 1916//2064
f 1936//2065 1918//2065 1897//2065
f 1937//2066 1911//2066 1893//2066
f 1901//2067 1905//2067 1862//2067
f 1880//2068 1879//2068 1900//2068
f 1647//2069 1667//2069 1877//2069
f 1931//2070 1798//2070 1800//2070
f 1914//2071 1915//2071 1938//2071
f 1627//2072 1757//2072 1756//2072
f 1939//2073 1908//2073 1842//2073
f 1634//2074 1903//2074 1782//2074
f 1939//2075 1842//2075 1912//2075
f 1937//2076 1893//2076 1923//2076
f 1660//2077 1659//2077 1702//2077
f 1936//2078 1897//2078 1903//2078
f 1932//2079 1919//2079 1930//2079
f 1741//2080 1733//2080 1719//2080
f 1940//2081 1914//2081 1938//2081
f 1921//2082 1843//2082 1827//2082
f 1880//2083 1900//2083 1926//2083
f 1941//2084 1873//2084 1918//2084
f 1941//2085 1913//2085 1873//2085
f 1942//2086 1922//2086 1899//2086
f 1942//2087 1899//2087 1920//2087
f 1943//2088 1896//2088 1931//2088
f 1937//2089 1930//2089 1911//2089
f 1702//2090 1645//2090 1703//2090
f 1852//2091 1917//2091 1901//2091
f 1944//2092 1923//2092 1916//2092
f 1940//2093 1938//2093 1945//2093
f 1944//2094 1916//2094 1922//2094
f 1946//2095 1920//2095 1929//2095
f 1775//2096 1782//2096 1776//2096
f 1584//2097 1741//2097 1868//2097
f 1584//2098 1868//2098 1879//2098
f 1668//2099 1667//2099 1647//2099
f 1773//2100 1898//2100 1913//2100
f 1947//2101 1930//2101 1937//2101
f 1882//2102 1880//2102 1926//2102
f 1948//2103 1927//2103 1854//2103
f 1948//2104 1933//2104 1927//2104
f 1928//2105 1867//2105 1925//2105
f 1949//2106 1935//2106 1749//2106
f 1949//2107 1749//2107 1754//2107
f 1703//2108 1907//2108 1914//2108
f 1950//2109 1940//2109 1945//2109
f 1950//2110 1945//2110 1951//2110
f 1803//2111 1895//2111 1928//2111
f 1803//2112 1805//2112 1895//2112
f 1634//2113 1936//2113 1903//2113
f 1943//2114 1929//2114 1896//2114
f 1882//2115 1926//2115 1935//2115
f 1674//2116 1834//2116 1670//2116
f 1952//2117 1937//2117 1923//2117
f 1953//2118 1885//2118 1908//2118
f 1954//2119 1908//2119 1939//2119
f 1954//2120 1953//2120 1908//2120
f 1876//2121 1843//2121 1921//2121
f 1784//2122 1773//2122 1913//2122
f 1699//2123 1634//2123 1782//2123
f 1950//2124 1951//2124 1955//2124
f 1942//2125 1944//2125 1922//2125
f 1956//2126 1942//2126 1920//2126
f 1956//2127 1920//2127 1946//2127
f 1949//2128 1754//2128 1759//2128
f 1952//2129 1923//2129 1944//2129
f 1957//2130 1931//2130 1800//2130
f 1852//2131 1854//2131 1927//2131
f 1957//2132 1800//2132 1805//2132
f 1693//2133 1918//2133 1936//2133
f 1693//2134 1941//2134 1918//2134
f 1952//2135 1947//2135 1937//2135
f 1574//2136 1703//2136 1914//2136
f 1958//2137 1929//2137 1943//2137
f 1638//2138 1882//2138 1935//2138
f 1959//2139 1944//2139 1942//2139
f 1674//2140 1635//2140 1834//2140
f 1793//2141 1875//2141 1876//2141
f 1563//2142 1949//2142 1759//2142
f 1808//2143 1928//2143 1925//2143
f 1960//2144 1952//2144 1944//2144
f 1603//2145 1950//2145 1955//2145
f 1958//2146 1946//2146 1929//2146
f 1940//2147 1574//2147 1914//2147
f 1961//2148 1885//2148 1953//2148
f 1961//2149 1925//2149 1885//2149
f 1956//2150 1959//2150 1942//2150
f 1611//2151 1733//2151 1741//2151
f 1611//2152 1741//2152 1584//2152
f 1962//2153 1952//2153 1960//2153
f 1689//2154 1675//2154 1668//2154
f 1963//2155 1946//2155 1958//2155
f 1610//2156 1858//2156 1611//2156
f 1883//2157 1935//2157 1949//2157
f 1714//2158 1713//2158 1635//2158
f 1883//2159 1638//2159 1935//2159
f 1714//2160 1635//2160 1674//2160
f 1603//2161 1955//2161 1964//2161
f 1711//2162 1940//2162 1950//2162
f 1960//2163 1944//2163 1959//2163
f 1556//2164 1660//2164 1702//2164
f 1563//2165 1759//2165 1761//2165
f 1605//2166 1627//2166 1756//2166
f 1605//2167 1756//2167 1606//2167
f 1943//2168 1931//2168 1957//2168
f 1963//2169 1956//2169 1946//2169
f 1804//2170 1957//2170 1805//2170
f 1603//2171 1964//2171 1965//2171
f 1966//2169 1956//2169 1963//2169
f 1571//2172 1711//2172 1950//2172
f 1784//2173 1913//2173 1941//2173
f 1594//2174 1858//2174 1610//2174
f 1808//2175 1803//2175 1928//2175
f 1967//2176 1943//2176 1957//2176
f 1968//2177 1960//2177 1959//2177
f 1656//2178 1655//2178 1775//2178
f 1588//2179 1880//2179 1882//2179
f 1808//2180 1925//2180 1961//2180
f 1606//2181 1779//2181 1649//2181
f 1969//2182 1963//2182 1958//2182
f 1564//2183 1563//2183 1761//2183
f 1622//2184 1770//2184 1780//2184
f 1711//2185 1574//2185 1940//2185
f 1622//2186 1564//2186 1770//2186
f 1556//2187 1555//2187 1660//2187
f 1959//2188 1970//2188 1968//2188
f 1969//2189 1958//2189 1943//2189
f 1967//2190 1969//2190 1943//2190
f 1970//2191 1959//2191 1956//2191
f 1970//2192 1956//2192 1966//2192
f 1729//2193 1876//2193 1921//2193
f 1588//2194 1584//2194 1879//2194
f 1971//2195 1808//2195 1961//2195
f 1712//2196 1702//2196 1574//2196
f 1883//2197 1949//2197 1563//2197
f 1569//2198 1571//2198 1950//2198
f 1569//2199 1950//2199 1603//2199
f 1972//2200 1957//2200 1804//2200
f 1788//2201 1784//2201 1941//2201
f 1655//2202 1699//2202 1782//2202
f 1632//2203 1634//2203 1699//2203
f 1554//2204 1850//2204 1555//2204
f 1973//2205 1966//2205 1963//2205
f 1793//2206 1876//2206 1729//2206
f 1633//2207 1936//2207 1634//2207
f 1633//2208 1693//2208 1936//2208
f 1974//2209 1963//2209 1969//2209
f 1975//2210 1806//2210 1808//2210
f 1567//2211 1804//2211 1806//2211
f 1604//2212 1965//2212 1608//2212
f 1558//2213 1969//2213 1967//2213
f 1682//2214 1556//2214 1702//2214
f 1682//2215 1702//2215 1712//2215
f 1565//2216 1967//2216 1957//2216
f 1565//2217 1957//2217 1972//2217
f 1976//2218 1808//2218 1971//2218
f 1973//2219 1963//2219 1974//2219
f 1977//2220 1966//2220 1973//2220
f 1977//2221 1970//2221 1966//2221
f 1570//2222 1711//2222 1571//2222
f 1972//2223 1804//2223 1567//2223
f 1562//2224 1883//2224 1563//2224
f 1975//2225 1808//2225 1976//2225
f 1788//2226 1941//2226 1693//2226
f 1567//2227 1806//2227 1975//2227
f 1677//2228 1689//2228 1668//2228
f 1561//2229 1974//2229 1969//2229
f 1561//2230 1969//2230 1558//2230
f 1558//2231 1967//2231 1565//2231
f 1637//2232 1588//2232 1638//2232
f 1652//2233 1648//2233 1554//2233
f 1671//2234 1679//2234 1707//2234
f 1671//2235 1670//2235 1679//2235
f 1604//2236 1603//2236 1965//2236
f 1583//2237 1611//2237 1584//2237
f 1607//2238 1606//2238 1649//2238
f 1566//2239 1565//2239 1972//2239
f 1566//2240 1972//2240 1567//2240
f 1568//2241 1567//2241 1975//2241
f 1623//2242 1622//2242 1780//2242
f 1623//2243 1780//2243 1710//2243
f 1559//2244 1558//2244 1565//2244
f 1602//2245 1569//2245 1603//2245
f 1573//2246 1712//2246 1574//2246
f 1561//2247 1558//2247 1557//2247
f 1978//2248 1979//2248 1980//2248
f 1981//2249 1982//2249 1983//2249
f 1984//2250 1985//2250 1986//2250
f 1987//2251 1985//2251 1984//2251
f 1988//2252 1989//2252 1990//2252
f 1991//2253 1982//2253 1981//2253
f 1992//2254 1993//2254 1994//2254
f 1981//2255 1992//2255 1991//2255
f 1995//2256 1996//2256 1997//2256
f 1998//2257 1999//2257 2000//2257
f 2000//2258 1999//2258 2001//2258
f 2002//2259 2003//2259 2004//2259
f 2005//2260 2006//2260 2007//2260
f 2008//2261 2006//2261 2005//2261
f 1650//2262 1856//2262 1705//2262
f 2009//2263 2010//2263 2011//2263
f 2007//2264 2006//2264 1993//2264
f 1993//2265 2006//2265 1994//2265
f 2012//2266 2013//2266 2014//2266
f 1992//2267 1994//2267 1991//2267
f 2015//2268 2016//2268 2017//2268
f 2018//2269 2019//2269 2020//2269
f 1982//2270 2021//2270 1983//2270
f 1985//2271 2022//2271 2023//2271
f 2023//2272 2022//2272 2024//2272
f 2025//2273 1985//2273 1987//2273
f 1650//2274 2026//2274 1856//2274
f 1999//2275 2027//2275 2001//2275
f 2028//2276 2029//2276 2030//2276
f 2031//2277 1978//2277 2032//2277
f 1994//2278 2033//2278 1991//2278
f 1980//2279 1979//2279 1989//2279
f 2001//2280 2034//2280 1650//2280
f 1650//2281 2034//2281 2026//2281
f 2035//2282 2032//2282 2036//2282
f 2021//2283 2037//2283 2009//2283
f 2009//2284 2037//2284 2010//2284
f 2038//2285 2039//2285 2040//2285
f 2027//2286 2041//2286 2001//2286
f 2033//2287 2042//2287 1991//2287
f 1991//2288 2042//2288 2043//2288
f 2044//2289 2035//2289 2024//2289
f 2001//2290 2041//2290 2034//2290
f 2025//2291 2022//2291 1985//2291
f 1982//2292 2043//2292 2021//2292
f 2027//2293 2045//2293 2041//2293
f 2046//2294 2014//2294 2047//2294
f 2018//2295 2048//2295 2019//2295
f 2027//2296 2049//2296 2045//2296
f 2010//2297 2037//2297 2050//2297
f 2022//2298 2051//2298 2024//2298
f 2017//2299 2052//2299 2053//2299
f 2031//2300 1979//2300 1978//2300
f 2054//2301 1990//2301 1989//2301
f 1979//2302 2055//2302 1989//2302
f 2046//2303 2056//2303 2014//2303
f 2017//2304 2057//2304 2052//2304
f 2037//2305 2058//2305 2050//2305
f 2043//2306 2059//2306 2021//2306
f 2021//2307 2059//2307 2037//2307
f 2060//2308 2061//2308 2062//2308
f 2062//2309 2061//2309 2063//2309
f 2064//2310 2061//2310 2060//2310
f 1586//2311 2065//2311 1587//2311
f 2044//2312 2032//2312 2035//2312
f 1997//2313 2066//2313 1995//2313
f 2064//2314 2067//2314 2068//2314
f 2069//2315 2042//2315 2033//2315
f 2065//2316 2070//2316 1587//2316
f 2058//2317 2071//2317 2050//2317
f 2050//2318 2071//2318 2072//2318
f 2073//2319 2070//2319 2065//2319
f 2073//2320 2074//2320 2070//2320
f 2070//2321 2074//2321 2075//2321
f 2048//2322 2076//2322 2019//2322
f 2077//2323 2078//2323 2079//2323
f 2080//2324 2032//2324 2044//2324
f 2024//2325 2051//2325 2044//2325
f 1587//2326 2070//2326 1630//2326
f 2019//2327 2076//2327 2081//2327
f 2082//2328 2083//2328 2084//2328
f 2052//2329 2083//2329 2082//2329
f 2085//2330 2086//2330 2077//2330
f 2087//2331 2088//2331 2085//2331
f 2072//2332 2071//2332 2089//2332
f 2085//2333 2088//2333 2090//2333
f 2091//2334 2088//2334 2087//2334
f 2081//2335 2092//2335 1987//2335
f 2071//2336 2093//2336 2089//2336
f 2059//2337 2042//2337 2094//2337
f 2091//2338 2095//2338 2088//2338
f 2096//2339 2032//2339 2080//2339
f 2097//2340 2095//2340 2091//2340
f 2089//2341 2093//2341 2098//2341
f 1990//2342 2099//2342 2100//2342
f 2031//2343 2055//2343 1979//2343
f 2101//2344 2066//2344 1997//2344
f 2052//2345 2102//2345 2083//2345
f 2076//2346 2103//2346 2081//2346
f 2099//2347 1990//2347 2054//2347
f 2098//2348 2104//2348 2105//2348
f 2093//2349 2104//2349 2098//2349
f 2106//2350 2094//2350 2042//2350
f 2032//2351 2096//2351 2031//2351
f 2055//2352 2054//2352 1989//2352
f 2084//2353 2083//2353 2107//2353
f 2108//2354 2109//2354 2110//2354
f 2111//2355 2112//2355 2113//2355
f 2081//2356 2103//2356 2092//2356
f 2094//2357 2114//2357 2059//2357
f 2104//2348 2115//2348 2105//2348
f 2080//2358 2044//2358 2051//2358
f 1983//2359 2009//2359 2116//2359
f 2100//2360 2099//2360 2117//2360
f 2118//2361 2115//2361 2104//2361
f 2105//2362 2115//2362 2119//2362
f 2080//2363 2120//2363 2096//2363
f 2022//2364 2121//2364 2051//2364
f 2092//2365 2121//2365 2025//2365
f 2083//2366 2122//2366 2107//2366
f 2102//2367 2123//2367 2083//2367
f 2124//2368 2054//2368 2055//2368
f 2125//2369 2123//2369 2102//2369
f 2118//2370 2119//2370 2115//2370
f 2126//2371 2119//2371 2118//2371
f 2127//2372 2031//2372 2096//2372
f 2092//2373 2128//2373 2121//2373
f 2054//2374 2129//2374 2099//2374
f 2120//2375 2130//2375 2096//2375
f 2131//2376 2014//2376 2132//2376
f 2133//2377 2114//2377 2094//2377
f 2126//2378 2134//2378 2119//2378
f 2135//2379 2117//2379 2099//2379
f 2050//2380 2011//2380 2010//2380
f 2136//2381 2011//2381 2137//2381
f 2031//2382 2127//2382 2055//2382
f 2133//2383 2138//2383 2114//2383
f 2055//2384 2127//2384 2124//2384
f 2047//2385 2014//2385 2013//2385
f 2139//2386 2117//2386 2135//2386
f 2096//2387 2130//2387 2127//2387
f 2083//2388 2123//2388 2122//2388
f 2050//2389 2137//2389 2011//2389
f 2110//2390 2140//2390 2141//2390
f 2142//2391 2101//2391 2139//2391
f 1991//2392 2043//2392 1982//2392
f 2124//2393 2129//2393 2054//2393
f 2126//2394 2143//2394 2134//2394
f 2144//2395 2143//2395 2126//2395
f 2099//2396 2129//2396 2135//2396
f 2145//2397 2146//2397 2080//2397
f 2080//2398 2146//2398 2120//2398
f 2138//2399 2147//2399 2148//2399
f 2143//2400 2144//2400 2149//2400
f 2150//2401 2138//2401 2133//2401
f 2072//2402 2137//2402 2050//2402
f 2137//2403 2072//2403 2151//2403
f 2146//2404 2152//2404 2120//2404
f 2120//2405 2152//2405 2130//2405
f 2148//2406 2147//2406 2153//2406
f 2130//2407 2154//2407 2127//2407
f 2150//2408 2147//2408 2138//2408
f 2127//2409 2154//2409 2124//2409
f 2124//2410 2155//2410 2129//2410
f 2129//2411 2155//2411 2135//2411
f 2151//2412 2072//2412 2156//2412
f 2157//2413 2146//2413 2158//2413
f 2072//2414 2089//2414 2156//2414
f 2159//2415 2146//2415 2157//2415
f 2160//2416 2155//2416 2124//2416
f 2130//2417 2152//2417 2154//2417
f 2161//2418 2162//2418 2122//2418
f 2154//2419 2160//2419 2124//2419
f 2163//2420 2160//2420 2154//2420
f 2159//2421 2152//2421 2146//2421
f 2144//2422 2164//2422 2149//2422
f 2149//2423 2164//2423 2165//2423
f 2141//2424 2140//2424 2166//2424
f 2042//2425 2059//2425 2043//2425
f 2167//2426 2152//2426 2159//2426
f 2089//2427 2098//2427 2156//2427
f 2156//2428 2098//2428 2168//2428
f 2152//2429 2163//2429 2154//2429
f 2147//2430 2169//2430 2153//2430
f 2123//2431 2170//2431 2122//2431
f 2171//2432 2147//2432 2150//2432
f 1792//2433 2065//2433 1586//2433
f 2098//2434 2105//2434 2168//2434
f 2155//2435 2172//2435 2173//2435
f 2174//2436 2073//2436 1792//2436
f 1792//2437 2073//2437 2065//2437
f 2175//2438 2170//2438 2123//2438
f 2176//2439 2152//2439 2167//2439
f 2174//2440 2177//2440 2073//2440
f 2155//2441 2160//2441 2172//2441
f 2178//2442 2160//2442 2163//2442
f 2178//2443 2172//2443 2160//2443
f 2179//2444 2177//2444 2174//2444
f 2176//2445 2180//2445 2152//2445
f 2152//2446 2180//2446 2163//2446
f 2037//2447 2059//2447 2058//2447
f 2153//2448 2169//2448 2181//2448
f 2171//2449 2169//2449 2147//2449
f 2179//2450 2182//2450 2177//2450
f 2161//2451 2183//2451 2162//2451
f 2179//2452 2062//2452 2182//2452
f 2164//2453 2184//2453 2165//2453
f 2059//2454 2185//2454 2058//2454
f 2177//2455 2182//2455 2186//2455
f 2063//2456 2182//2456 2062//2456
f 2073//2457 2177//2457 2074//2457
f 2074//2458 2177//2458 2186//2458
f 2140//2459 2187//2459 2166//2459
f 2119//2460 2188//2460 2105//2460
f 2068//2461 2189//2461 2061//2461
f 2064//2462 2068//2462 2061//2462
f 2190//2463 2169//2463 2171//2463
f 2191//2464 2189//2464 2068//2464
f 2192//2465 2184//2465 2164//2465
f 2185//2466 2193//2466 2058//2466
f 2067//2467 2191//2467 2068//2467
f 2134//2468 2194//2468 2119//2468
f 2119//2469 2194//2469 2188//2469
f 2059//2470 2114//2470 2185//2470
f 2186//2471 2182//2471 2195//2471
f 2195//2472 2182//2472 2063//2472
f 2122//2473 2170//2473 2161//2473
f 2058//2474 2193//2474 2071//2474
f 2191//2475 2196//2475 2189//2475
f 2189//2476 2197//2476 2198//2476
f 2190//2477 2181//2477 2169//2477
f 2186//2478 2199//2478 2074//2478
f 2195//2479 2199//2479 2186//2479
f 2196//2480 2197//2480 2189//2480
f 2063//2481 2116//2481 2195//2481
f 2198//2482 2116//2482 2063//2482
f 2200//2483 2184//2483 2192//2483
f 2201//2484 2191//2484 2202//2484
f 2078//2485 2203//2485 2079//2485
f 2204//2486 2183//2486 2109//2486
f 2143//2487 2205//2487 2134//2487
f 2134//2488 2205//2488 2194//2488
f 2185//2489 2114//2489 2193//2489
f 2181//2490 2206//2490 2207//2490
f 2071//2491 2193//2491 2093//2491
f 1981//2492 2197//2492 2196//2492
f 2187//2493 2208//2493 2166//2493
f 1981//2494 2209//2494 2197//2494
f 2191//2495 2210//2495 2196//2495
f 2007//2496 2210//2496 2191//2496
f 2190//2497 2206//2497 2181//2497
f 2196//2498 2210//2498 1981//2498
f 2211//2499 2212//2499 2005//2499
f 2203//2500 2212//2500 2211//2500
f 2114//2501 2138//2501 2193//2501
f 2085//2502 2090//2502 2086//2502
f 2203//2503 2078//2503 2212//2503
f 2183//2504 2213//2504 2109//2504
f 2200//2505 2214//2505 2184//2505
f 2193//2506 2148//2506 2093//2506
f 2070//2507 2215//2507 1630//2507
f 2216//2508 2170//2508 2175//2508
f 2143//2509 2149//2509 2205//2509
f 2206//2510 2217//2510 2207//2510
f 2208//2511 2218//2511 2219//2511
f 2093//2512 2148//2512 2104//2512
f 2011//2513 2220//2513 2199//2513
f 2070//2514 2221//2514 2215//2514
f 2075//2515 2221//2515 2070//2515
f 1983//2516 2209//2516 1981//2516
f 1630//2517 2215//2517 1631//2517
f 1981//2518 2210//2518 1992//2518
f 2193//2519 2138//2519 2148//2519
f 2222//2520 2223//2520 2095//2520
f 2207//2521 2217//2521 2224//2521
f 2219//2522 2225//2522 2226//2522
f 2220//2523 2227//2523 2075//2523
f 2228//2524 2214//2524 2200//2524
f 2229//2525 2217//2525 2206//2525
f 2148//2526 2153//2526 2104//2526
f 2215//2527 2221//2527 2151//2527
f 2165//2528 2230//2528 2149//2528
f 2104//2529 2153//2529 2118//2529
f 2075//2530 2227//2530 2221//2530
f 2231//2531 2015//2531 2232//2531
f 2233//2532 2234//2532 2235//2532
f 2235//2533 2234//2533 2231//2533
f 2226//2534 2225//2534 2236//2534
f 2007//2535 2201//2535 2005//2535
f 2220//2536 2136//2536 2227//2536
f 2214//2537 2228//2537 2237//2537
f 2238//2538 2213//2538 2183//2538
f 2220//2539 2011//2539 2136//2539
f 2233//2540 2239//2540 2234//2540
f 2165//2541 2240//2541 2230//2541
f 2015//2542 2231//2542 2016//2542
f 2222//2543 2241//2543 2242//2543
f 2242//2544 2241//2544 2243//2544
f 2244//2545 2245//2545 2246//2545
f 2247//2546 1740//2546 1739//2546
f 2224//2547 2217//2547 2248//2547
f 2008//2548 2005//2548 2212//2548
f 2183//2549 2161//2549 2238//2549
f 2184//2550 2240//2550 2165//2550
f 2017//2551 2249//2551 2015//2551
f 2225//2552 2250//2552 2236//2552
f 2236//2553 2250//2553 2171//2553
f 2040//2554 2245//2554 2244//2554
f 2017//2555 2241//2555 2249//2555
f 2244//2556 2251//2556 2040//2556
f 2252//2557 2253//2557 2234//2557
f 2231//2558 2253//2558 2016//2558
f 2216//2559 2161//2559 2170//2559
f 2254//2560 2247//2560 1721//2560
f 2118//2561 2153//2561 2126//2561
f 2237//2562 2228//2562 2255//2562
f 2256//2563 2257//2563 2258//2563
f 2259//2564 2217//2564 2229//2564
f 2184//2565 2260//2565 2240//2565
f 2214//2566 2260//2566 2184//2566
f 2241//2567 2053//2567 2243//2567
f 2017//2568 2053//2568 2241//2568
f 1738//2569 1740//2569 2261//2569
f 2153//2570 2181//2570 2126//2570
f 2021//2571 2009//2571 1983//2571
f 2252//2572 2004//2572 2003//2572
f 2171//2573 2250//2573 2262//2573
f 2254//2574 2263//2574 2247//2574
f 2227//2575 2137//2575 2151//2575
f 2136//2576 2137//2576 2227//2576
f 2028//2577 2264//2577 2132//2577
f 2126//2578 2207//2578 2144//2578
f 2215//2579 2265//2579 1631//2579
f 2040//2580 2246//2580 2245//2580
f 2217//2581 2259//2581 2248//2581
f 2258//2582 2257//2582 2218//2582
f 2002//2583 2266//2583 2003//2583
f 2029//2584 2266//2584 2002//2584
f 2267//2585 2213//2585 2238//2585
f 1740//2586 2247//2586 2261//2586
f 2161//2587 2268//2587 2238//2587
f 2252//2588 2269//2588 2253//2588
f 2270//2589 2269//2589 2252//2589
f 2126//2590 2181//2590 2207//2590
f 2271//2591 2253//2591 2269//2591
f 2057//2592 2253//2592 2271//2592
f 2214//2593 2237//2593 2260//2593
f 2246//2594 2108//2594 2008//2594
f 2151//2595 2265//2595 2215//2595
f 2207//2596 2224//2596 2144//2596
f 2144//2597 2224//2597 2164//2597
f 2108//2598 2272//2598 2008//2598
f 2213//2599 2257//2599 2256//2599
f 2267//2600 2257//2600 2213//2600
f 2273//2601 2161//2601 2216//2601
f 2243//2602 2053//2602 2274//2602
f 2248//2603 2275//2603 2200//2603
f 1738//2604 2261//2604 1768//2604
f 1768//2605 2261//2605 2276//2605
f 2108//2606 2040//2606 2039//2606
f 2277//2607 2255//2607 2228//2607
f 2265//2608 1915//2608 1631//2608
f 2224//2609 2192//2609 2164//2609
f 2218//2610 2278//2610 2279//2610
f 2257//2611 2278//2611 2218//2611
f 2132//2612 2280//2612 2028//2612
f 2132//2613 2056//2613 2280//2613
f 2014//2614 2056//2614 2132//2614
f 2029//2615 2113//2615 2266//2615
f 2266//2616 2113//2616 2270//2616
f 2280//2617 2281//2617 2028//2617
f 2248//2618 2259//2618 2275//2618
f 1994//2619 2282//2619 2033//2619
f 2006//2620 2282//2620 1994//2620
f 1768//2621 2276//2621 1779//2621
f 2053//2622 2052//2622 2082//2622
f 2224//2623 2248//2623 2192//2623
f 2272//2624 2141//2624 2006//2624
f 2110//2625 2141//2625 2272//2625
f 2262//2626 2283//2626 2284//2626
f 2052//2627 2057//2627 2102//2627
f 2270//2628 2285//2628 2269//2628
f 2286//2629 2257//2629 2267//2629
f 2255//2630 2287//2630 2237//2630
f 2288//2631 2287//2631 2255//2631
f 2289//2632 2290//2632 2291//2632
f 2271//2633 2285//2633 2292//2633
f 2250//2634 2293//2634 2262//2634
f 2294//2635 2295//2635 2039//2635
f 2296//2636 2255//2636 2277//2636
f 2192//2637 2248//2637 2200//2637
f 2107//2638 2295//2638 2294//2638
f 2297//2639 2056//2639 2046//2639
f 2273//2640 2268//2640 2161//2640
f 2268//2641 2298//2641 2238//2641
f 2057//2642 2125//2642 2102//2642
f 2238//2643 2298//2643 2267//2643
f 2108//2644 2295//2644 2109//2644
f 2262//2645 2293//2645 2283//2645
f 2112//2646 2111//2646 2299//2646
f 2113//2647 2112//2647 2300//2647
f 2166//2648 2282//2648 2141//2648
f 2286//2649 2278//2649 2257//2649
f 2280//2650 2301//2650 2281//2650
f 2279//2651 2302//2651 2303//2651
f 2111//2652 2301//2652 2299//2652
f 2278//2653 2302//2653 2279//2653
f 2281//2654 2301//2654 2111//2654
f 2122//2655 2162//2655 2107//2655
f 2166//2656 2069//2656 2282//2656
f 2291//2657 2290//2657 2175//2657
f 2162//2658 2204//2658 2295//2658
f 2275//2659 2304//2659 2200//2659
f 2305//2660 2292//2660 2285//2660
f 2295//2661 2204//2661 2109//2661
f 2284//2662 2283//2662 2306//2662
f 2305//2663 2300//2663 2112//2663
f 2285//2664 2300//2664 2305//2664
f 2265//2665 2156//2665 1915//2665
f 2307//2666 2301//2666 2297//2666
f 2110//2667 2109//2667 2140//2667
f 2162//2668 2183//2668 2204//2668
f 2305//2669 2308//2669 2292//2669
f 2255//2670 2296//2670 2288//2670
f 2309//2671 2304//2671 2275//2671
f 2106//2672 2208//2672 2094//2672
f 2094//2673 2208//2673 2133//2673
f 2286//2674 2302//2674 2278//2674
f 1915//2675 2156//2675 1938//2675
f 2208//2676 2106//2676 2166//2676
f 2301//2677 2310//2677 2299//2677
f 2307//2678 2310//2678 2301//2678
f 2200//2679 2277//2679 2228//2679
f 2299//2680 2310//2680 2112//2680
f 2156//2681 2168//2681 1938//2681
f 2151//2682 2156//2682 2265//2682
f 2219//2683 2133//2683 2208//2683
f 2311//2684 2302//2684 2286//2684
f 2305//2685 2312//2685 2308//2685
f 2256//2686 2140//2686 2213//2686
f 2213//2687 2140//2687 2109//2687
f 2226//2688 2133//2688 2219//2688
f 2298//2689 2313//2689 2267//2689
f 2133//2690 2226//2690 2150//2690
f 1945//2691 2314//2691 1951//2691
f 2308//2692 2291//2692 2125//2692
f 2125//2693 2291//2693 2123//2693
f 2123//2694 2291//2694 2175//2694
f 2315//2695 2310//2695 2307//2695
f 2200//2696 2304//2696 2277//2696
f 2273//2697 2298//2697 2268//2697
f 1938//2698 2168//2698 1945//2698
f 2236//2699 2150//2699 2226//2699
f 2150//2700 2236//2700 2171//2700
f 2316//2701 2317//2701 2288//2701
f 2302//2702 2318//2702 2303//2702
f 2256//2703 2187//2703 2140//2703
f 2187//2704 2258//2704 2208//2704
f 2319//2705 2298//2705 2273//2705
f 2258//2706 2187//2706 2256//2706
f 2267//2707 2313//2707 2286//2707
f 1955//2708 2320//2708 1964//2708
f 2258//2709 2218//2709 2208//2709
f 2168//2710 2314//2710 1945//2710
f 2313//2711 2321//2711 2286//2711
f 2322//2712 2310//2712 2315//2712
f 2262//2713 2190//2713 2171//2713
f 1951//2714 2323//2714 1955//2714
f 2314//2715 2323//2715 1951//2715
f 1964//2716 2324//2716 1965//2716
f 2312//2717 2289//2717 2308//2717
f 2308//2718 2289//2718 2291//2718
f 2319//2719 2313//2719 2298//2719
f 2219//2720 2218//2720 2225//2720
f 2190//2721 2284//2721 2206//2721
f 2284//2722 2190//2722 2262//2722
f 2311//2723 2318//2723 2302//2723
f 2296//2724 2325//2724 2288//2724
f 2218//2725 2279//2725 2225//2725
f 2283//2726 2326//2726 2306//2726
f 2327//2727 2318//2727 2311//2727
f 1955//2728 2323//2728 2320//2728
f 2318//2729 2328//2729 2293//2729
f 1965//2730 2324//2730 1608//2730
f 2279//2731 2303//2731 2225//2731
f 2290//2732 2329//2732 2175//2732
f 2206//2733 2306//2733 2229//2733
f 2284//2734 2306//2734 2206//2734
f 2316//2735 2330//2735 2317//2735
f 2303//2736 2331//2736 2225//2736
f 2304//2737 2332//2737 2277//2737
f 2225//2738 2331//2738 2250//2738
f 2322//2739 2333//2739 2310//2739
f 2320//2740 2324//2740 1964//2740
f 2334//2741 2333//2741 2322//2741
f 2318//2742 2331//2742 2303//2742
f 2312//2743 2335//2743 2289//2743
f 2333//2744 2335//2744 2312//2744
f 2334//2745 2335//2745 2333//2745
f 2259//2746 2229//2746 2336//2746
f 2336//2747 2229//2747 2306//2747
f 2331//2748 2293//2748 2250//2748
f 2306//2749 2337//2749 2336//2749
f 2216//2750 2338//2750 2273//2750
f 2329//2751 2216//2751 2175//2751
f 2318//2752 2293//2752 2331//2752
f 2306//2753 2326//2753 2337//2753
f 2329//2754 2338//2754 2216//2754
f 2277//2755 2339//2755 2296//2755
f 2293//2756 2340//2756 2283//2756
f 2321//2757 2341//2757 2286//2757
f 2309//2758 2332//2758 2304//2758
f 2319//2759 2321//2759 2313//2759
f 2320//2760 2342//2760 2324//2760
f 2259//2761 2336//2761 2275//2761
f 2327//2762 2328//2762 2318//2762
f 2293//2763 2328//2763 2340//2763
f 2168//2764 2105//2764 2314//2764
f 2283//2765 2340//2765 2326//2765
f 2343//2766 2328//2766 2327//2766
f 1608//2767 2344//2767 1609//2767
f 2289//2768 2335//2768 2290//2768
f 2105//2769 2188//2769 2314//2769
f 2323//2770 2345//2770 2320//2770
f 2328//2771 2346//2771 2340//2771
f 2286//2772 2341//2772 2311//2772
f 2347//2773 2330//2773 2316//2773
f 2277//2774 2332//2774 2348//2774
f 2288//2775 2325//2775 2316//2775
f 2340//2776 2349//2776 2326//2776
f 2335//2777 2350//2777 2290//2777
f 2324//2778 2351//2778 1608//2778
f 2352//2779 2335//2779 2334//2779
f 2350//2780 2335//2780 2352//2780
f 2342//2781 2351//2781 2324//2781
f 2314//2782 2194//2782 2323//2782
f 2188//2783 2194//2783 2314//2783
f 2277//2784 2348//2784 2339//2784
f 2336//2785 2353//2785 2275//2785
f 2354//2786 2341//2786 2321//2786
f 2355//2787 2337//2787 2349//2787
f 2349//2788 2337//2788 2326//2788
f 2320//2789 2345//2789 2342//2789
f 2356//2790 2319//2790 2338//2790
f 2338//2791 2319//2791 2273//2791
f 2353//2792 2309//2792 2275//2792
f 2357//2793 2309//2793 2353//2793
f 2290//2794 2350//2794 2358//2794
f 2323//2795 2194//2795 2345//2795
f 1609//2796 2344//2796 1720//2796
f 2319//2797 2354//2797 2321//2797
f 1608//2798 2359//2798 2344//2798
f 2351//2799 2359//2799 1608//2799
f 2296//2800 2339//2800 2325//2800
f 2194//2801 2205//2801 2345//2801
f 2360//2802 2319//2802 2356//2802
f 2360//2803 2354//2803 2319//2803
f 2345//2804 2351//2804 2342//2804
f 2344//2805 2361//2805 1720//2805
f 2362//2806 2341//2806 2354//2806
f 2363//2807 2346//2807 2343//2807
f 2343//2808 2346//2808 2328//2808
f 2339//2809 1988//2809 2325//2809
f 2205//2810 2149//2810 2345//2810
f 2354//2811 2360//2811 2362//2811
f 2290//2812 2358//2812 2329//2812
f 2364//2813 2362//2813 2360//2813
f 1720//2814 2361//2814 1721//2814
f 2359//2815 2365//2815 2344//2815
f 2358//2816 2366//2816 2367//2816
f 2362//2817 2368//2817 2369//2817
f 2340//2818 2370//2818 2349//2818
f 2364//2819 2368//2819 2362//2819
f 2346//2820 2370//2820 2340//2820
f 2149//2821 2230//2821 2345//2821
f 1995//2822 1998//2822 2347//2822
f 2345//2823 2230//2823 2351//2823
f 2371//2824 2358//2824 2350//2824
f 2367//2825 2366//2825 2372//2825
f 2362//2826 2311//2826 2341//2826
f 2371//2827 2366//2827 2358//2827
f 2344//2828 2365//2828 2361//2828
f 1988//2829 2316//2829 2325//2829
f 2351//2830 2240//2830 2359//2830
f 2230//2831 2240//2831 2351//2831
f 2329//2832 2367//2832 2338//2832
f 2373//2833 2366//2833 2371//2833
f 2365//2834 2254//2834 2361//2834
f 2368//2835 2020//2835 2369//2835
f 2327//2836 2374//2836 2343//2836
f 2362//2837 2369//2837 2311//2837
f 2311//2838 2369//2838 2327//2838
f 2373//2839 2372//2839 2366//2839
f 2369//2840 2020//2840 2375//2840
f 2376//2841 2370//2841 2363//2841
f 2363//2842 2370//2842 2346//2842
f 2359//2843 2240//2843 2365//2843
f 2338//2844 2367//2844 2356//2844
f 2377//2845 2372//2845 2373//2845
f 2375//2846 2020//2846 2378//2846
f 2336//2847 2379//2847 2353//2847
f 1980//2848 2348//2848 2332//2848
f 1995//2849 1999//2849 1998//2849
f 2066//2850 1999//2850 1995//2850
f 2377//2851 2380//2851 2372//2851
f 2361//2852 2254//2852 1721//2852
f 2019//2853 2378//2853 2020//2853
f 1721//2854 2247//2854 1739//2854
f 2329//2855 2358//2855 2367//2855
f 2380//2856 2381//2856 2382//2856
f 2240//2857 2260//2857 2365//2857
f 2027//2858 1999//2858 2066//2858
f 2374//2859 2363//2859 2343//2859
f 2365//2860 2383//2860 2254//2860
f 2316//2861 1996//2861 2347//2861
f 1988//2862 2100//2862 1996//2862
f 2377//2863 2381//2863 2380//2863
f 2369//2864 2374//2864 2327//2864
f 2382//2865 2381//2865 2018//2865
f 2384//2866 2381//2866 2377//2866
f 1988//2867 1990//2867 2100//2867
f 2019//2868 1984//2868 2378//2868
f 2081//2869 1984//2869 2019//2869
f 2049//2870 2027//2870 2066//2870
f 1988//2871 1996//2871 2316//2871
f 2379//2872 2036//2872 2353//2872
f 2376//2873 2349//2873 2370//2873
f 1996//2874 2100//2874 1997//2874
f 2381//2875 2385//2875 2018//2875
f 2254//2876 2383//2876 2263//2876
f 1987//2877 1984//2877 2081//2877
f 2386//2878 2385//2878 2384//2878
f 2348//2879 1980//2879 2339//2879
f 2384//2880 2385//2880 2381//2880
f 2018//2881 2385//2881 2048//2881
f 2375//2882 2374//2882 2369//2882
f 2365//2883 2237//2883 2383//2883
f 2260//2884 2237//2884 2365//2884
f 2353//2885 2036//2885 2357//2885
f 2092//2886 2025//2886 1987//2886
f 2374//2887 2387//2887 2363//2887
f 2386//2888 2048//2888 2385//2888
f 2100//2889 2117//2889 1997//2889
f 2388//2890 2048//2890 2386//2890
f 2367//2891 2372//2891 2356//2891
f 2049//2892 2066//2892 2389//2892
f 2389//2893 2066//2893 2142//2893
f 2390//2894 2076//2894 2388//2894
f 2388//2895 2076//2895 2048//2895
f 2309//2896 1978//2896 2332//2896
f 2357//2897 1978//2897 2309//2897
f 2022//2898 2025//2898 2121//2898
f 2383//2899 2287//2899 2263//2899
f 2349//2900 2023//2900 2355//2900
f 2376//2901 2023//2901 2349//2901
f 2391//2902 2103//2902 2390//2902
f 2375//2903 2387//2903 2374//2903
f 2390//2904 2103//2904 2076//2904
f 2142//2905 2139//2905 2392//2905
f 2145//2906 2051//2906 2121//2906
f 2092//2907 2103//2907 2128//2907
f 2393//2908 2103//2908 2391//2908
f 2051//2909 2145//2909 2080//2909
f 1997//2910 2117//2910 2101//2910
f 2394//2911 2103//2911 2393//2911
f 2128//2912 2103//2912 2394//2912
f 2247//2913 2395//2913 2261//2913
f 2263//2914 2395//2914 2247//2914
f 2363//2915 2387//2915 2376//2915
f 2101//2916 2117//2916 2139//2916
f 2356//2917 2372//2917 2360//2917
f 2396//2918 2128//2918 2394//2918
f 2066//2919 2101//2919 2142//2919
f 2397//2920 2121//2920 2396//2920
f 2355//2921 2023//2921 2379//2921
f 2396//2922 2121//2922 2128//2922
f 2398//2923 2121//2923 2397//2923
f 2287//2924 2399//2924 2263//2924
f 2400//2925 2145//2925 2398//2925
f 2398//2926 2145//2926 2121//2926
f 2158//2927 2145//2927 2400//2927
f 2146//2928 2145//2928 2158//2928
f 2135//2929 2173//2929 2139//2929
f 2339//2930 1980//2930 1988//2930
f 2237//2931 2287//2931 2383//2931
f 2135//2932 2155//2932 2173//2932
f 2074//2933 2220//2933 2075//2933
f 2116//2934 2197//2934 2209//2934
f 2378//2935 2387//2935 2375//2935
f 2401//2936 2163//2936 2180//2936
f 2401//2937 2178//2937 2163//2937
f 2221//2938 2227//2938 2151//2938
f 2222//2939 2402//2939 2223//2939
f 2263//2940 2399//2940 2395//2940
f 2387//2941 1986//2941 2376//2941
f 2198//2942 2063//2942 2061//2942
f 2402//2943 2251//2943 2223//2943
f 2234//2944 2253//2944 2231//2944
f 2067//2945 2403//2945 2202//2945
f 2287//2946 2288//2946 2399//2946
f 2242//2947 2402//2947 2222//2947
f 2211//2948 2202//2948 2403//2948
f 2212//2949 2246//2949 2008//2949
f 2198//2950 2061//2950 2189//2950
f 2239//2951 2252//2951 2234//2951
f 2004//2952 2252//2952 2239//2952
f 2404//2953 2079//2953 2403//2953
f 2261//2954 2405//2954 2276//2954
f 2395//2955 2405//2955 2261//2955
f 2028//2956 2030//2956 2264//2956
f 2372//2957 2380//2957 2360//2957
f 2399//2958 2330//2958 2395//2958
f 2038//2959 2040//2959 2251//2959
f 2403//2960 2079//2960 2211//2960
f 2402//2961 2038//2961 2251//2961
f 2032//2962 2357//2962 2036//2962
f 2017//2963 2016//2963 2057//2963
f 2057//2964 2016//2964 2253//2964
f 2276//2965 2405//2965 1779//2965
f 2274//2966 2242//2966 2243//2966
f 2246//2967 2040//2967 2108//2967
f 2288//2968 2317//2968 2399//2968
f 2266//2969 2270//2969 2003//2969
f 2003//2970 2270//2970 2252//2970
f 2274//2971 2402//2971 2242//2971
f 2008//2972 2272//2972 2006//2972
f 2360//2973 2380//2973 2364//2973
f 2082//2974 2274//2974 2053//2974
f 2067//2975 2202//2975 2191//2975
f 2220//2976 2074//2976 2199//2976
f 2402//2977 2294//2977 2038//2977
f 2274//2978 2294//2978 2402//2978
f 2281//2979 2111//2979 2028//2979
f 2378//2980 1986//2980 2387//2980
f 2028//2981 2111//2981 2029//2981
f 1984//2982 1986//2982 2378//2982
f 2294//2983 2039//2983 2038//2983
f 2086//2984 2078//2984 2077//2984
f 2084//2985 2274//2985 2082//2985
f 2347//2986 1996//2986 1995//2986
f 2111//2987 2113//2987 2029//2987
f 2141//2988 2282//2988 2006//2988
f 2364//2989 2382//2989 2368//2989
f 2395//2990 2330//2990 2405//2990
f 2203//2991 2211//2991 2079//2991
f 2274//2992 2084//2992 2294//2992
f 2202//2993 2211//2993 2201//2993
f 2198//2994 2197//2994 2116//2994
f 2332//2995 1978//2995 1980//2995
f 2269//2996 2285//2996 2271//2996
f 2399//2997 2317//2997 2330//2997
f 2201//2998 2211//2998 2005//2998
f 2272//2999 2108//2999 2110//2999
f 2270//3000 2113//3000 2285//3000
f 2285//3001 2113//3001 2300//3001
f 2039//3002 2295//3002 2108//3002
f 2116//3003 2199//3003 2195//3003
f 1980//3004 1989//3004 1988//3004
f 2084//3005 2107//3005 2294//3005
f 2282//3006 2069//3006 2033//3006
f 2244//3007 2078//3007 2086//3007
f 2271//3008 2292//3008 2057//3008
f 2330//3009 2406//3009 2405//3009
f 2280//3010 2056//3010 2297//3010
f 2057//3011 2292//3011 2125//3011
f 2191//3012 2201//3012 2007//3012
f 2295//3013 2107//3013 2162//3013
f 1779//3014 2000//3014 1649//3014
f 2405//3015 2000//3015 1779//3015
f 2166//3016 2106//3016 2069//3016
f 2069//3017 2106//3017 2042//3017
f 2088//3018 2223//3018 2090//3018
f 2301//3010 2280//3010 2297//3010
f 2009//3019 2199//3019 2116//3019
f 2308//3020 2125//3020 2292//3020
f 2209//3021 1983//3021 2116//3021
f 2382//3022 2018//3022 2368//3022
f 2376//3023 1985//3023 2023//3023
f 2088//3024 2095//3024 2223//3024
f 2379//3025 2035//3025 2036//3025
f 2032//3026 1978//3026 2357//3026
f 2379//3027 2024//3027 2035//3027
f 2330//3028 2347//3028 2406//3028
f 1986//3029 1985//3029 2376//3029
f 2305//3030 2333//3030 2312//3030
f 2112//3031 2333//3031 2305//3031
f 2112//3032 2310//3032 2333//3032
f 2246//3033 2212//3033 2244//3033
f 2244//3034 2212//3034 2078//3034
f 2009//3035 2011//3035 2199//3035
f 2023//3036 2024//3036 2379//3036
f 2380//3037 2382//3037 2364//3037
f 2355//3038 2379//3038 2337//3038
f 2407//3039 2249//3039 2097//3039
f 2337//3040 2379//3040 2336//3040
f 2210//3041 2007//3041 1993//3041
f 2232//3042 2015//3042 2408//3042
f 2408//3043 2015//3043 2249//3043
f 2223//3044 2251//3044 2090//3044
f 2249//3045 2407//3045 2408//3045
f 2235//3046 2231//3046 2232//3046
f 2406//3047 1998//3047 2405//3047
f 2405//3048 1998//3048 2000//3048
f 1649//3049 2001//3049 1650//3049
f 2000//3050 2001//3050 1649//3050
f 2030//3051 2029//3051 2002//3051
f 2097//3052 2249//3052 2241//3052
f 2097//3053 2222//3053 2095//3053
f 2090//3054 2244//3054 2086//3054
f 2251//3055 2244//3055 2090//3055
f 2347//3056 1998//3056 2406//3056
f 2368//3057 2018//3057 2020//3057
f 2241//3058 2222//3058 2097//3058
f 1992//3059 2210//3059 1993//3059
f 2409//3060 1415//3060 2410//3060
f 1418//3061 1415//3061 2409//3061
f 2411//3062 1425//3062 2412//3062
f 1425//3063 1424//3063 2412//3063
f 2410//3064 1414//3064 2413//3064
f 621//3065 1416//3065 622//3065
f 1415//3066 1414//3066 2410//3066
f 622//3067 1416//3067 2414//3067
f 2412//3068 1424//3068 2415//3068
f 2415//3069 618//3069 620//3069
f 2413//3070 1414//3070 2416//3070
f 1424//3071 618//3071 2415//3071
f 1414//3072 1413//3072 2416//3072
f 1416//3073 1420//3073 2414//3073
f 2414//3074 1420//3074 2417//3074
f 2416//3075 1413//3075 2418//3075
f 1413//3076 1429//3076 2418//3076
f 1420//3077 1421//3077 2417//3077
f 2417//3078 1421//3078 2419//3078
f 2418//3079 1429//3079 2420//3079
f 1429//3080 1427//3080 2420//3080
f 1421//3081 1418//3081 2419//3081
f 2419//3082 1418//3082 2409//3082
f 2420//3083 1427//3083 2411//3083
f 1427//3084 1425//3084 2411//3084
f 2421//3085 2422//3085 2423//3085
f 2422//3086 2424//3086 2425//3086
f 2426//3087 2427//3087 2428//3087
f 2423//3088 2429//3088 2430//3088
f 2431//3089 2422//3089 2425//3089
f 2430//3090 2429//3090 2427//3090
f 2432//3091 2433//3091 2434//3091
f 2431//3092 2423//3092 2422//3092
f 2435//3093 2432//3093 2436//3093
f 2436//3094 2432//3094 2434//3094
f 2427//3095 2429//3095 2437//3095
f 2433//3096 2438//3096 2439//3096
f 2434//3097 2440//3097 2436//3097
f 2428//3098 2441//3098 2442//3098
f 2443//3099 2439//3099 2438//3099
f 2423//3100 2431//3100 2444//3100
f 2439//3101 2443//3101 2434//3101
f 2424//3102 2445//3102 2446//3102
f 2447//3103 2448//3103 2449//3103
f 2449//3104 2448//3104 2450//3104
f 2443//3105 2451//3105 2445//3105
f 2448//3106 2452//3106 2453//3106
f 2445//3107 2451//3107 2454//3107
f 2448//3108 2455//3108 2452//3108
f 2446//3109 2454//3109 2456//3109
f 2457//3110 2458//3110 2455//3110
f 2401//3111 2459//3111 2178//3111
f 2460//3112 2459//3112 2401//3112
f 2460//3113 2461//3113 2459//3113
f 2456//3114 2462//3114 2463//3114
f 2452//3115 2455//3115 2464//3115
f 2451//3116 2465//3116 2454//3116
f 2466//3117 2465//3117 2451//3117
f 2467//3118 2461//3118 2460//3118
f 2467//3119 2468//3119 2461//3119
f 2455//3120 2469//3120 2464//3120
f 2470//3121 2468//3121 2467//3121
f 2471//3122 2469//3122 2455//3122
f 2431//3123 2463//3123 2472//3123
f 2470//3124 2473//3124 2468//3124
f 2474//3125 2473//3125 2470//3125
f 2475//3126 2469//3126 2471//3126
f 2462//3127 2476//3127 2477//3127
f 2178//3128 2478//3128 2172//3128
f 2459//3129 2478//3129 2178//3129
f 2465//3130 2479//3130 2462//3130
f 2462//3131 2479//3131 2476//3131
f 2480//3132 2473//3132 2474//3132
f 2480//3133 2481//3133 2473//3133
f 2049//3134 2482//3134 2483//3134
f 2444//3135 2472//3135 2484//3135
f 2389//3136 2482//3136 2049//3136
f 2485//3137 2444//3137 2484//3137
f 2486//3138 2487//3138 2488//3138
f 2441//3139 2444//3139 2485//3139
f 2475//3140 2489//3140 2490//3140
f 2475//3141 2490//3141 2491//3141
f 2490//3142 2489//3142 2492//3142
f 2461//3143 2493//3143 2459//3143
f 2459//3144 2493//3144 2478//3144
f 2494//3145 2495//3145 2480//3145
f 2486//3146 2496//3146 2487//3146
f 2497//3147 2496//3147 2486//3147
f 2491//3148 2490//3148 2498//3148
f 2487//3149 2496//3149 2499//3149
f 2495//3150 2481//3150 2480//3150
f 2468//3151 2500//3151 2461//3151
f 2461//3152 2500//3152 2493//3152
f 2488//3153 2501//3153 2502//3153
f 2503//3154 2504//3154 2496//3154
f 2502//3155 2505//3155 2506//3155
f 2481//3156 2507//3156 2473//3156
f 2499//3157 2504//3157 2508//3157
f 2468//3158 2509//3158 2500//3158
f 2468//3159 2473//3159 2509//3159
f 2478//3160 2510//3160 2172//3160
f 2507//3161 2511//3161 2473//3161
f 2511//3162 2509//3162 2473//3162
f 2493//3163 2512//3163 2478//3163
f 2478//3164 2512//3164 2510//3164
f 2508//3165 2513//3165 2514//3165
f 2514//3166 2513//3166 2515//3166
f 2514//3167 2515//3167 2516//3167
f 2517//3168 2516//3168 2515//3168
f 2505//3169 2518//3169 2458//3169
f 2519//3170 2433//3170 2520//3170
f 2493//3171 2500//3171 2512//3171
f 2501//3172 2521//3172 2518//3172
f 2487//3173 2521//3173 2501//3173
f 2434//3174 2433//3174 2439//3174
f 2522//3175 2523//3175 2524//3175
f 2499//3176 2521//3176 2487//3176
f 2525//3177 2523//3177 2522//3177
f 2526//3178 2523//3178 2525//3178
f 2434//3179 2443//3179 2445//3179
f 2509//3180 2527//3180 2500//3180
f 2511//3181 2528//3181 2509//3181
f 2438//3182 2529//3182 2443//3182
f 2509//3183 2528//3183 2527//3183
f 2518//3184 2521//3184 2530//3184
f 2451//3185 2529//3185 2466//3185
f 2443//3186 2529//3186 2451//3186
f 2510//3187 2531//3187 2172//3187
f 2172//3188 2531//3188 2173//3188
f 2532//3189 2528//3189 2511//3189
f 2456//3190 2465//3190 2462//3190
f 2533//3191 2534//3191 2526//3191
f 2466//3192 2479//3192 2465//3192
f 2510//3193 2512//3193 2531//3193
f 2466//3194 2535//3194 2479//3194
f 2536//3195 2476//3195 2479//3195
f 2500//3196 2537//3196 2512//3196
f 2530//3197 2538//3197 2539//3197
f 2540//3198 2541//3198 2539//3198
f 2539//3199 2541//3199 2530//3199
f 2542//3200 2543//3200 2497//3200
f 2500//3201 2527//3201 2537//3201
f 2531//3202 2544//3202 2173//3202
f 2444//3203 2429//3203 2423//3203
f 2538//3204 2545//3204 2539//3204
f 2496//3205 2504//3205 2499//3205
f 2508//3206 2504//3206 2513//3206
f 2513//3207 2504//3207 2503//3207
f 2528//3208 2546//3208 2527//3208
f 2547//3209 2520//3209 2432//3209
f 2432//3210 2520//3210 2433//3210
f 2540//3211 2539//3211 2548//3211
f 2548//3212 2539//3212 2549//3212
f 2429//3213 2444//3213 2437//3213
f 2466//3214 2529//3214 2535//3214
f 2437//3215 2441//3215 2428//3215
f 2512//3216 2449//3216 2531//3216
f 2532//3217 2546//3217 2528//3217
f 2539//3218 2516//3218 2549//3218
f 2535//3219 2536//3219 2479//3219
f 2450//3220 2392//3220 2139//3220
f 2535//3221 2550//3221 2536//3221
f 2496//3222 2543//3222 2503//3222
f 2497//3223 2543//3223 2496//3223
f 2437//3224 2444//3224 2441//3224
f 2485//3225 2551//3225 2441//3225
f 2441//3226 2551//3226 2442//3226
f 2549//3227 2516//3227 2547//3227
f 2512//3228 2537//3228 2449//3228
f 2506//3229 2449//3229 2537//3229
f 2552//3230 2549//3230 2547//3230
f 2553//3231 2549//3231 2552//3231
f 2554//3232 2389//3232 2142//3232
f 2506//3233 2447//3233 2449//3233
f 2531//3234 2449//3234 2544//3234
f 2532//3235 2555//3235 2546//3235
f 2457//3236 2447//3236 2506//3236
f 2553//3237 2556//3237 2492//3237
f 2552//3238 2556//3238 2553//3238
f 2501//3239 2505//3239 2502//3239
f 2447//3240 2457//3240 2448//3240
f 2435//3241 2556//3241 2552//3241
f 2506//3242 2505//3242 2457//3242
f 2458//3243 2457//3243 2505//3243
f 2041//3244 2426//3244 2034//3244
f 2448//3245 2457//3245 2455//3245
f 2552//3246 2432//3246 2435//3246
f 2527//3247 2502//3247 2537//3247
f 2537//3248 2502//3248 2506//3248
f 2556//3249 2557//3249 2533//3249
f 2173//3250 2544//3250 2139//3250
f 2527//3251 2488//3251 2502//3251
f 2436//3252 2557//3252 2435//3252
f 2518//3253 2541//3253 2458//3253
f 2546//3254 2488//3254 2527//3254
f 2450//3255 2453//3255 2392//3255
f 2518//3256 2530//3256 2541//3256
f 2448//3257 2453//3257 2450//3257
f 2546//3258 2486//3258 2488//3258
f 2558//3259 2497//3259 2555//3259
f 2557//3260 2424//3260 2534//3260
f 2436//3261 2424//3261 2557//3261
f 2558//3262 2542//3262 2497//3262
f 2555//3263 2486//3263 2546//3263
f 2392//3264 2453//3264 2142//3264
f 2142//3265 2453//3265 2559//3265
f 2453//3266 2464//3266 2559//3266
f 2541//3267 2540//3267 2458//3267
f 2458//3268 2540//3268 2455//3268
f 2555//3269 2497//3269 2486//3269
f 2560//3270 2542//3270 2558//3270
f 2436//3271 2440//3271 2424//3271
f 2142//3272 2559//3272 2554//3272
f 2554//3273 2559//3273 2482//3273
f 2482//3274 2559//3274 2469//3274
f 2540//3275 2471//3275 2455//3275
f 2445//3276 2440//3276 2434//3276
f 2424//3277 2446//3277 2425//3277
f 2440//3278 2445//3278 2424//3278
f 2554//3279 2482//3279 2389//3279
f 2491//3280 2483//3280 2482//3280
f 2471//3281 2540//3281 2475//3281
f 2446//3282 2445//3282 2454//3282
f 2446//3283 2463//3283 2425//3283
f 2425//3284 2463//3284 2431//3284
f 2456//3285 2463//3285 2446//3285
f 2489//3286 2475//3286 2540//3286
f 2049//3287 2522//3287 2045//3287
f 2540//3288 2548//3288 2489//3288
f 2045//3289 2524//3289 2041//3289
f 2431//3290 2472//3290 2444//3290
f 2465//3291 2456//3291 2454//3291
f 2489//3292 2548//3292 2492//3292
f 2492//3293 2548//3293 2553//3293
f 2426//3294 2026//3294 2034//3294
f 2463//3295 2462//3295 2472//3295
f 2428//3296 2026//3296 2426//3296
f 2430//3297 2427//3297 2426//3297
f 2498//3298 2490//3298 2525//3298
f 2428//3299 2427//3299 2437//3299
f 2472//3300 2477//3300 2484//3300
f 2472//3301 2462//3301 2477//3301
f 2026//3302 2428//3302 1856//3302
f 1856//3303 2428//3303 2442//3303
f 2492//3304 2533//3304 2490//3304
f 2490//3305 2533//3305 2525//3305
f 2544//3306 2450//3306 2139//3306
f 2544//3307 2449//3307 2450//3307
f 2488//3308 2487//3308 2501//3308
f 2492//3309 2556//3309 2533//3309
f 2505//3310 2501//3310 2518//3310
f 2453//3311 2452//3311 2464//3311
f 2533//3312 2526//3312 2525//3312
f 2464//3313 2469//3313 2559//3313
f 2435//3314 2557//3314 2556//3314
f 2499//3315 2530//3315 2521//3315
f 2482//3316 2475//3316 2491//3316
f 2469//3317 2475//3317 2482//3317
f 2538//3318 2530//3318 2499//3318
f 2533//3319 2557//3319 2534//3319
f 2499//3320 2508//3320 2538//3320
f 2538//3321 2508//3321 2514//3321
f 2523//3322 2526//3322 2421//3322
f 2538//3323 2514//3323 2545//3323
f 2049//3324 2483//3324 2522//3324
f 2522//3325 2483//3325 2491//3325
f 2491//3326 2498//3326 2522//3326
f 2514//3327 2516//3327 2545//3327
f 2545//3328 2516//3328 2539//3328
f 2522//3329 2498//3329 2525//3329
f 2522//3330 2524//3330 2045//3330
f 2422//3331 2526//3331 2534//3331
f 2549//3332 2553//3332 2548//3332
f 2422//3333 2421//3333 2526//3333
f 2516//3334 2517//3334 2561//3334
f 2516//3335 2520//3335 2547//3335
f 2561//3336 2520//3336 2516//3336
f 2534//3337 2424//3337 2422//3337
f 2041//3338 2524//3338 2426//3338
f 2426//3339 2524//3339 2430//3339
f 2517//3340 2519//3340 2561//3340
f 2561//3341 2519//3341 2520//3341
f 2524//3342 2523//3342 2430//3342
f 2421//3343 2423//3343 2523//3343
f 2552//3344 2547//3344 2432//3344
f 2523//3345 2423//3345 2430//3345
f 2562//3346 2563//3346 2564//3346
f 2562//3347 2565//3347 2566//3347
f 2562//3348 2567//3348 2565//3348
f 2567//3349 2564//3349 2568//3349
f 2569//3350 2567//3350 2570//3350
f 2569//3351 2570//3351 2571//3351
f 2572//3352 2573//3352 2571//3352
f 2573//3353 2572//3353 2574//3353
f 2572//3354 2571//3354 2575//3354
f 2576//3355 2577//3355 2578//3355
f 2579//3356 2577//3356 2576//3356
f 2579//3357 2580//3357 2577//3357
f 2581//3358 2580//3358 2579//3358
f 2581//3359 2582//3359 2580//3359
f 2583//3360 2582//3360 2581//3360
f 2583//3361 2584//3361 2582//3361
f 2585//3362 2586//3362 2587//3362
f 2585//3363 2584//3363 2583//3363
f 2585//3364 2587//3364 2584//3364
f 2588//3365 2589//3365 2572//3365
f 2590//3366 2575//3366 2591//3366
f 2588//3367 2575//3367 2590//3367
f 2592//3368 2590//3368 2591//3368
f 2593//3369 2589//3369 2588//3369
f 2593//3370 2594//3370 2589//3370
f 2595//3371 594//3371 2586//3371
f 2593//3372 2588//3372 2590//3372
f 2596//3373 2597//3373 2598//3373
f 2599//3374 2596//3374 2598//3374
f 2600//3375 2599//3375 2598//3375
f 2601//3376 2602//3376 2603//3376
f 2604//3377 2601//3377 2600//3377
f 2605//3378 2604//3378 2606//3378
f 2596//3379 2607//3379 2608//3379
f 2596//3380 2608//3380 2597//3380
f 2609//3381 2607//3381 2596//3381
f 2609//3382 2592//3382 2607//3382
f 2609//3383 2590//3383 2592//3383
f 2609//3384 2593//3384 2590//3384
f 2610//3385 2593//3385 2609//3385
f 2611//3386 2594//3386 2593//3386
f 2611//3387 2593//3387 2610//3387
f 2612//3388 2613//3388 2614//3388
f 2612//3389 2614//3389 2602//3389
f 2612//3390 2615//3390 2613//3390
f 2616//3391 2617//3391 2618//3391
f 2616//3392 2618//3392 2619//3392
f 2620//3393 2621//3393 2622//3393
f 2623//3394 2617//3394 2624//3394
f 2625//3395 2623//3395 2624//3395
f 2626//3396 2627//3396 2628//3396
f 2629//3397 2630//3397 2631//3397
f 2632//3398 2628//3398 2633//3398
f 2634//3399 2628//3399 2627//3399
f 2635//3400 2627//3400 2631//3400
f 2634//3401 2635//3401 2636//3401
f 2637//3402 2638//3402 2632//3402
f 2630//3403 2639//3403 2640//3403
f 2641//3404 2642//3404 2643//3404
f 2641//3405 2644//3405 2642//3405
f 2641//3406 2645//3406 2644//3406
f 2646//3407 2645//3407 2641//3407
f 2646//3408 2647//3408 2645//3408
f 2648//3409 2649//3409 2647//3409
f 2648//3410 2647//3410 2646//3410
f 2650//3411 2651//3411 2649//3411
f 2650//3412 2649//3412 2648//3412
f 2637//3413 2636//3413 2652//3413
f 2653//3414 2636//3414 2654//3414
f 2655//3415 2656//3415 2639//3415
f 2656//3416 2657//3416 2658//3416
f 2659//3417 2660//3417 2657//3417
f 2655//3418 2661//3418 2662//3418
f 2585//3419 2663//3419 2586//3419
f 2586//3420 2663//3420 2566//3420
f 2664//3421 2662//3421 2665//3421
f 2566//3422 2595//3422 2586//3422
f 2566//3423 2565//3423 2595//3423
f 2665//3424 2662//3424 2661//3424
f 2595//3425 2594//3425 594//3425
f 2666//3426 2667//3426 2668//3426
f 2669//3427 2670//3427 2665//3427
f 2669//3428 2665//3428 2668//3428
f 2669//3429 2671//3429 2670//3429
f 2666//3430 2672//3430 2667//3430
f 2673//3431 2674//3431 2675//3431
f 2676//3432 2677//3432 2678//3432
f 2679//3433 2673//3433 2677//3433
f 2674//3434 2673//3434 2679//3434
f 2680//3435 2672//3435 2681//3435
f 2678//3436 2680//3436 2682//3436
f 2620//3437 2683//3437 2621//3437
f 2684//3438 2682//3438 2685//3438
f 2686//3439 2687//3439 2688//3439
f 2631//3440 2621//3440 2629//3440
f 2627//3441 2626//3441 2621//3441
f 2627//3442 2621//3442 2631//3442
f 2689//3443 2682//3443 2690//3443
f 2685//3444 2691//3444 2684//3444
f 2687//3445 2692//3445 2690//3445
f 2686//3446 2693//3446 2692//3446
f 2686//3447 2692//3447 2687//3447
f 2694//3448 2695//3448 2691//3448
f 2694//3449 2691//3449 2685//3449
f 2640//3450 2631//3450 2630//3450
f 2654//3451 2635//3451 2631//3451
f 2654//3452 2631//3452 2640//3452
f 2695//3453 2694//3453 2696//3453
f 2639//3454 2630//3454 2655//3454
f 2639//3455 2656//3455 2640//3455
f 2654//3456 2656//3456 2658//3456
f 2654//3457 2640//3457 2656//3457
f 2644//3458 2692//3458 2642//3458
f 2647//3459 2697//3459 2698//3459
f 2656//3460 2655//3460 2662//3460
f 2657//3461 2656//3461 2662//3461
f 2657//3462 2662//3462 2664//3462
f 2699//3463 2700//3463 2701//3463
f 2661//3464 2655//3464 2668//3464
f 2699//3465 2701//3465 2702//3465
f 2668//3466 2665//3466 2661//3466
f 2699//3467 2703//3467 2704//3467
f 2666//3468 2668//3468 2705//3468
f 2703//3469 2706//3469 2707//3469
f 2705//3470 2672//3470 2666//3470
f 2708//3471 2704//3471 2703//3471
f 2708//3472 2703//3472 2707//3472
f 2709//3473 2704//3473 2708//3473
f 2681//3474 2705//3474 2688//3474
f 2707//3475 2710//3475 2711//3475
f 2711//3476 2708//3476 2707//3476
f 2584//3477 2587//3477 2712//3477
f 2576//3478 2713//3478 2579//3478
f 2714//3479 2715//3479 2702//3479
f 2714//3480 2702//3480 2716//3480
f 2701//3481 2717//3481 2702//3481
f 2718//3482 2715//3482 2714//3482
f 2718//3483 2719//3483 2715//3483
f 2720//3484 2721//3484 2722//3484
f 2721//3485 2713//3485 2723//3485
f 2706//3486 2719//3486 2718//3486
f 2703//3487 2719//3487 2706//3487
f 2724//3488 2583//3488 2722//3488
f 2724//3489 2663//3489 2583//3489
f 2721//3490 2562//3490 2724//3490
f 2563//3491 2562//3491 2721//3491
f 2563//3492 2721//3492 2723//3492
f 2707//3493 2706//3493 2710//3493
f 2710//3494 2725//3494 2578//3494
f 2564//3495 2567//3495 2562//3495
f 2726//3496 2567//3496 2568//3496
f 2726//3497 2570//3497 2567//3497
f 2726//3498 2727//3498 2728//3498
f 2726//3499 2729//3499 2727//3499
f 2728//3500 2570//3500 2726//3500
f 2728//3501 2571//3501 2570//3501
f 2728//3502 2727//3502 2730//3502
f 2728//3503 2730//3503 2731//3503
f 2732//3504 2569//3504 2573//3504
f 2731//3505 2571//3505 2728//3505
f 2731//3506 2575//3506 2571//3506
f 2731//3507 2608//3507 2591//3507
f 2731//3508 2730//3508 2608//3508
f 2591//3509 2575//3509 2731//3509
f 2585//3510 2583//3510 2663//3510
f 2724//3511 2722//3511 2721//3511
f 2562//3512 2663//3512 2724//3512
f 2562//3513 2566//3513 2663//3513
f 2569//3514 2565//3514 2567//3514
f 2569//3515 2595//3515 2565//3515
f 2601//3516 2603//3516 2599//3516
f 2601//3517 2599//3517 2600//3517
f 2614//3518 2611//3518 2602//3518
f 2612//3519 2602//3519 2601//3519
f 2569//3520 2732//3520 2595//3520
f 2733//3521 2615//3521 2612//3521
f 2615//3522 2733//3522 2618//3522
f 2619//3523 2605//3523 2683//3523
f 2615//3524 2618//3524 2617//3524
f 2616//3525 2619//3525 2683//3525
f 2732//3526 2594//3526 2595//3526
f 2623//3527 2613//3527 2615//3527
f 2623//3528 2615//3528 2617//3528
f 2623//3529 2625//3529 2613//3529
f 2569//3530 2571//3530 2573//3530
f 2626//3531 2622//3531 2621//3531
f 2624//3532 2632//3532 2638//3532
f 2624//3533 2638//3533 2625//3533
f 2628//3534 2624//3534 2626//3534
f 2628//3535 2632//3535 2624//3535
f 2574//3536 2594//3536 2732//3536
f 2574//3537 2732//3537 2573//3537
f 2634//3538 2627//3538 2635//3538
f 2633//3539 2628//3539 2634//3539
f 2572//3540 2589//3540 2574//3540
f 2594//3541 2574//3541 2589//3541
f 2636//3542 2734//3542 2652//3542
f 2636//3543 2653//3543 2735//3543
f 2636//3544 2735//3544 2734//3544
f 2652//3545 2736//3545 2637//3545
f 2734//3546 2736//3546 2652//3546
f 2660//3547 2658//3547 2657//3547
f 2660//3548 2659//3548 2737//3548
f 2737//3549 2738//3549 2736//3549
f 2664//3550 2670//3550 2739//3550
f 2664//3551 2665//3551 2670//3551
f 2599//3552 2609//3552 2596//3552
f 2740//3553 2670//3553 2671//3553
f 2740//3554 2671//3554 2675//3554
f 2669//3555 2668//3555 2667//3555
f 2600//3556 2598//3556 2604//3556
f 2606//3557 2604//3557 2598//3557
f 2677//3558 2671//3558 2669//3558
f 2673//3559 2675//3559 2671//3559
f 2673//3560 2671//3560 2677//3560
f 2604//3561 2605//3561 2619//3561
f 2618//3562 2604//3562 2619//3562
f 2678//3563 2672//3563 2680//3563
f 2679//3564 2691//3564 2674//3564
f 2683//3565 2605//3565 2606//3565
f 2684//3566 2679//3566 2676//3566
f 2684//3567 2691//3567 2679//3567
f 2681//3568 2688//3568 2687//3568
f 2681//3569 2687//3569 2680//3569
f 2676//3570 2678//3570 2682//3570
f 2616//3571 2683//3571 2620//3571
f 2622//3572 2616//3572 2620//3572
f 2685//3573 2682//3573 2689//3573
f 2616//3574 2622//3574 2617//3574
f 2685//3575 2689//3575 2694//3575
f 2626//3576 2617//3576 2622//3576
f 2624//3577 2617//3577 2626//3577
f 2697//3578 2696//3578 2694//3578
f 2698//3579 2692//3579 2644//3579
f 2696//3580 2697//3580 2647//3580
f 2647//3581 2698//3581 2645//3581
f 2645//3582 2698//3582 2644//3582
f 2649//3583 2651//3583 2695//3583
f 2649//3584 2695//3584 2696//3584
f 2649//3585 2696//3585 2647//3585
f 2741//3586 2742//3586 2700//3586
f 2704//3587 2741//3587 2700//3587
f 2704//3588 2700//3588 2699//3588
f 2741//3589 2743//3589 2742//3589
f 2709//3590 2741//3590 2704//3590
f 2709//3591 2743//3591 2741//3591
f 2636//3592 2635//3592 2654//3592
f 2709//3593 2744//3593 2743//3593
f 2709//3594 2587//3594 2744//3594
f 2712//3595 2709//3595 2708//3595
f 2712//3596 2587//3596 2709//3596
f 2712//3597 2580//3597 2582//3597
f 2580//3598 2711//3598 2577//3598
f 2584//3599 2712//3599 2582//3599
f 2713//3600 2576//3600 2745//3600
f 2720//3601 2581//3601 2579//3601
f 2720//3602 2722//3602 2581//3602
f 2713//3603 2745//3603 2746//3603
f 2658//3604 2653//3604 2654//3604
f 2723//3605 2713//3605 2746//3605
f 2747//3606 2723//3606 2746//3606
f 2747//3607 2746//3607 2729//3607
f 2747//3608 2729//3608 2568//3608
f 2726//3609 2568//3609 2729//3609
f 2660//3610 2653//3610 2658//3610
f 2660//3611 2735//3611 2653//3611
f 2607//3612 2592//3612 2591//3612
f 2608//3613 2607//3613 2591//3613
f 2609//3614 2603//3614 2610//3614
f 2609//3615 2599//3615 2603//3615
f 2610//3616 2602//3616 2611//3616
f 2659//3617 2657//3617 2664//3617
f 2602//3618 2610//3618 2603//3618
f 2601//3619 2604//3619 2618//3619
f 2733//3620 2612//3620 2601//3620
f 2733//3621 2601//3621 2618//3621
f 2633//3622 2637//3622 2632//3622
f 2633//3623 2636//3623 2637//3623
f 2737//3624 2734//3624 2735//3624
f 2737//3625 2735//3625 2660//3625
f 2737//3626 2736//3626 2734//3626
f 2740//3627 2675//3627 2738//3627
f 2740//3628 2738//3628 2737//3628
f 2740//3629 2737//3629 2659//3629
f 2740//3630 2659//3630 2739//3630
f 2740//3631 2739//3631 2670//3631
f 2694//3632 2689//3632 2697//3632
f 2712//3633 2708//3633 2711//3633
f 2723//3634 2747//3634 2563//3634
f 2564//3635 2563//3635 2747//3635
f 2564//3636 2747//3636 2568//3636
f 2575//3637 2588//3637 2572//3637
f 2633//3638 2634//3638 2636//3638
f 2739//3639 2659//3639 2664//3639
f 2678//3640 2669//3640 2667//3640
f 2677//3641 2669//3641 2678//3641
f 2672//3642 2678//3642 2667//3642
f 2679//3643 2677//3643 2676//3643
f 2672//3644 2705//3644 2681//3644
f 2684//3645 2676//3645 2682//3645
f 2690//3646 2680//3646 2687//3646
f 2690//3647 2682//3647 2680//3647
f 2686//3648 2688//3648 2693//3648
f 2697//3649 2689//3649 2690//3649
f 2693//3650 2642//3650 2692//3650
f 2698//3651 2690//3651 2692//3651
f 2697//3652 2690//3652 2698//3652
f 2702//3653 2719//3653 2699//3653
f 2715//3654 2719//3654 2702//3654
f 2719//3655 2703//3655 2699//3655
f 2706//3656 2718//3656 2725//3656
f 2725//3657 2710//3657 2706//3657
f 2710//3658 2578//3658 2577//3658
f 2577//3659 2711//3659 2710//3659
f 2712//3660 2711//3660 2580//3660
f 2722//3661 2583//3661 2581//3661
f 2720//3662 2579//3662 2713//3662
f 2721//3663 2720//3663 2713//3663
f 2748//3664 2749//3664 2750//3664
f 2751//3665 2752//3665 2753//3665
f 2754//3666 2755//3666 2756//3666
f 2754//3667 2750//3667 2755//3667
f 2757//3668 2750//3668 2749//3668
f 2757//3669 2755//3669 2750//3669
f 2758//3670 2753//3670 2752//3670
f 2757//3671 2759//3671 2755//3671
f 2757//3672 2760//3672 2759//3672
f 2761//3673 2757//3673 2749//3673
f 2761//3674 2749//3674 2748//3674
f 2762//3675 2763//3675 2752//3675
f 2762//3676 2759//3676 2764//3676
f 2761//3677 2748//3677 2765//3677
f 2766//3678 2767//3678 2768//3678
f 2769//3679 2761//3679 2765//3679
f 2770//3680 2767//3680 2766//3680
f 2771//3681 2772//3681 2767//3681
f 2771//3682 2767//3682 2770//3682
f 2763//3683 2773//3683 2774//3683
f 2775//3684 2773//3684 2763//3684
f 2776//3685 2777//3685 2772//3685
f 2776//3686 2772//3686 2771//3686
f 2778//3687 2768//3687 2779//3687
f 2778//3688 2766//3688 2768//3688
f 2778//3689 2770//3689 2766//3689
f 2780//3690 2777//3690 2776//3690
f 2780//3691 2781//3691 2777//3691
f 2782//3692 2770//3692 2778//3692
f 2783//3693 2776//3693 2771//3693
f 2782//3694 2771//3694 2770//3694
f 2700//3695 2717//3695 2701//3695
f 2784//3696 2776//3696 2783//3696
f 2783//3697 2771//3697 2782//3697
f 2784//3698 2780//3698 2776//3698
f 2716//3699 2702//3699 2785//3699
f 2786//3700 2785//3700 2717//3700
f 2787//3701 2782//3701 2778//3701
f 2788//3702 2784//3702 2783//3702
f 2789//3703 2782//3703 2787//3703
f 2789//3704 2783//3704 2782//3704
f 2790//3705 2716//3705 2785//3705
f 2791//3706 2783//3706 2789//3706
f 2787//3707 2778//3707 2779//3707
f 2791//3708 2788//3708 2783//3708
f 2792//3709 2772//3709 2793//3709
f 2794//3710 2789//3710 2787//3710
f 2795//3711 2788//3711 2791//3711
f 2796//3712 2795//3712 2791//3712
f 2797//3713 2791//3713 2789//3713
f 2797//3714 2789//3714 2794//3714
f 2796//3715 2791//3715 2797//3715
f 2798//3716 2779//3716 2799//3716
f 2798//3717 2787//3717 2779//3717
f 2800//3718 2796//3718 2797//3718
f 2801//3719 2802//3719 2803//3719
f 2801//3720 2803//3720 2804//3720
f 2804//3721 2794//3721 2787//3721
f 2804//3722 2787//3722 2798//3722
f 2803//3723 2794//3723 2804//3723
f 2803//3724 2797//3724 2794//3724
f 2802//3725 2797//3725 2803//3725
f 2805//3726 2797//3726 2802//3726
f 2805//3727 2800//3727 2797//3727
f 2801//3728 2806//3728 2807//3728
f 2808//3729 2806//3729 2809//3729
f 2810//3730 2811//3730 2806//3730
f 2810//3731 2806//3731 2808//3731
f 2812//3732 2813//3732 2814//3732
f 2808//3733 2813//3733 2812//3733
f 2812//3734 2814//3734 2815//3734
f 2816//3735 2817//3735 2808//3735
f 2816//3736 2808//3736 2812//3736
f 2818//3737 2750//3737 2754//3737
f 2750//3738 2818//3738 2748//3738
f 2761//3739 2760//3739 2757//3739
f 2819//3740 2820//3740 2792//3740
f 2786//3741 2819//3741 2792//3741
f 2786//3709 2792//3709 2793//3709
f 2761//3742 2764//3742 2760//3742
f 2761//3743 2769//3743 2764//3743
f 2775//3744 2762//3744 2764//3744
f 2775//3745 2763//3745 2762//3745
f 2821//3746 2764//3746 2769//3746
f 2792//3747 2768//3747 2767//3747
f 2700//3748 2742//3748 2822//3748
f 2702//3749 2717//3749 2785//3749
f 2823//3750 2785//3750 2786//3750
f 2823//3751 2790//3751 2785//3751
f 2772//3752 2777//3752 2793//3752
f 2824//3753 2825//3753 2807//3753
f 2824//3754 2826//3754 2825//3754
f 2824//3755 2827//3755 2826//3755
f 2798//3756 2828//3756 2804//3756
f 2828//3757 2798//3757 2799//3757
f 2751//3758 2817//3758 2756//3758
f 2753//3759 2817//3759 2751//3759
f 2801//3760 2804//3760 2828//3760
f 2829//3761 2828//3761 2799//3761
f 2758//3762 2827//3762 2753//3762
f 2828//3763 2806//3763 2801//3763
f 2828//3764 2829//3764 2809//3764
f 2829//3765 2799//3765 2814//3765
f 2806//3766 2828//3766 2809//3766
f 2813//3767 2829//3767 2814//3767
f 2813//3768 2809//3768 2829//3768
f 2756//3769 2759//3769 2752//3769
f 2751//3770 2756//3770 2752//3770
f 2764//3771 2759//3771 2760//3771
f 2762//3772 2752//3772 2759//3772
f 2830//3773 2777//3773 2781//3773
f 2831//3774 2775//3774 2821//3774
f 2831//3775 2773//3775 2775//3775
f 2752//3776 2774//3776 2758//3776
f 2752//3777 2763//3777 2774//3777
f 2822//3778 2742//3778 2820//3778
f 2792//3779 2820//3779 2768//3779
f 2772//3780 2792//3780 2767//3780
f 2802//3781 2825//3781 2805//3781
f 2802//3782 2807//3782 2825//3782
f 2811//3783 2824//3783 2807//3783
f 2816//3784 2756//3784 2817//3784
f 2755//3785 2759//3785 2756//3785
f 2775//3786 2764//3786 2821//3786
f 2822//3787 2819//3787 2700//3787
f 2717//3788 2700//3788 2819//3788
f 2717//3789 2819//3789 2786//3789
f 2820//3790 2819//3790 2822//3790
f 2716//3791 2832//3791 2714//3791
f 2790//3792 2832//3792 2716//3792
f 2793//3793 2823//3793 2786//3793
f 2830//3794 2823//3794 2793//3794
f 2823//3795 2830//3795 2832//3795
f 2823//3796 2832//3796 2790//3796
f 2793//3797 2777//3797 2830//3797
f 2830//3798 2781//3798 2832//3798
f 2801//3799 2807//3799 2802//3799
f 2806//3800 2811//3800 2807//3800
f 2813//3801 2808//3801 2809//3801
f 2824//3802 2811//3802 2810//3802
f 2817//3803 2810//3803 2808//3803
f 2815//3804 2818//3804 2812//3804
f 2812//3805 2818//3805 2816//3805
f 2753//3806 2810//3806 2817//3806
f 2753//3807 2827//3807 2824//3807
f 2753//3808 2824//3808 2810//3808
f 2754//3809 2756//3809 2816//3809
f 2754//3810 2816//3810 2818//3810
f 2748//3811 2818//3811 2815//3811
f 2833//3812 2834//3812 2835//3812
f 2836//3813 2837//3813 2838//3813
f 2839//3814 2840//3814 2841//3814
f 2842//3815 2843//3815 2844//3815
f 2835//3816 2843//3816 2842//3816
f 2845//3817 2846//3817 2847//3817
f 2848//3818 2849//3818 2850//3818
f 2851//3819 2852//3819 2853//3819
f 2853//3820 2852//3820 2854//3820
f 2855//3821 2856//3821 2845//3821
f 2845//3822 2856//3822 2846//3822
f 2857//3823 2858//3823 2859//3823
f 2860//3824 2861//3824 2862//3824
f 2863//3825 2861//3825 2860//3825
f 2864//3826 2840//3826 2839//3826
f 2848//3827 2865//3827 2849//3827
f 2854//3828 2865//3828 2848//3828
f 2866//3829 2842//3829 2867//3829
f 2834//3830 2868//3830 2835//3830
f 2869//3831 2870//3831 2857//3831
f 2857//3832 2870//3832 2858//3832
f 2851//3833 2838//3833 2852//3833
f 2871//3834 2838//3834 2851//3834
f 2872//3835 2460//3835 2873//3835
f 2874//3836 2875//3836 2855//3836
f 2855//3837 2875//3837 2856//3837
f 2836//3838 2876//3838 2837//3838
f 2864//3839 2833//3839 2840//3839
f 2846//3840 2877//3840 2863//3840
f 2863//3841 2877//3841 2861//3841
f 2871//3842 2836//3842 2838//3842
f 2844//3843 2876//3843 2836//3843
f 2867//3844 2836//3844 2871//3844
f 2869//3845 2878//3845 2870//3845
f 2866//3846 2835//3846 2842//3846
f 2837//3847 2878//3847 2869//3847
f 2864//3848 2834//3848 2833//3848
f 2854//3849 2852//3849 2865//3849
f 2873//3850 2460//3850 2401//3850
f 2839//3851 2841//3851 2874//3851
f 2874//3852 2841//3852 2875//3852
f 2849//3853 2859//3853 2850//3853
f 2858//3854 2467//3854 2872//3854
f 2872//3855 2467//3855 2460//3855
f 2879//3856 2843//3856 2868//3856
f 2862//3857 2861//3857 2880//3857
f 2844//3858 2881//3858 2876//3858
f 2865//3859 2859//3859 2849//3859
f 2850//3860 2882//3860 2883//3860
f 2837//3861 2494//3861 2878//3861
f 2867//3862 2842//3862 2836//3862
f 2844//3863 2843//3863 2881//3863
f 2884//3864 2885//3864 2886//3864
f 2856//3865 2851//3865 2846//3865
f 2886//3866 2885//3866 2887//3866
f 2846//3867 2851//3867 2877//3867
f 2865//3868 2857//3868 2859//3868
f 2859//3869 2882//3869 2850//3869
f 2888//3870 2847//3870 2884//3870
f 2837//3871 2876//3871 2494//3871
f 2877//3872 2853//3872 2861//3872
f 2884//3873 2847//3873 2885//3873
f 2870//3874 2470//3874 2858//3874
f 2858//3875 2470//3875 2467//3875
f 2888//3876 2845//3876 2847//3876
f 2843//3877 2879//3877 2881//3877
f 2875//3878 2871//3878 2856//3878
f 2856//3879 2871//3879 2851//3879
f 2852//3880 2869//3880 2865//3880
f 2865//3881 2869//3881 2857//3881
f 2888//3882 2855//3882 2845//3882
f 2889//3883 2855//3883 2888//3883
f 2887//3884 2860//3884 2890//3884
f 2878//3885 2474//3885 2870//3885
f 2870//3886 2474//3886 2470//3886
f 2861//3887 2848//3887 2880//3887
f 2868//3888 2843//3888 2835//3888
f 2840//3889 2866//3889 2841//3889
f 2841//3890 2867//3890 2875//3890
f 2875//3891 2867//3891 2871//3891
f 2877//3892 2851//3892 2853//3892
f 2494//3893 2480//3893 2878//3893
f 2885//3894 2863//3894 2887//3894
f 2878//3895 2480//3895 2474//3895
f 2887//3896 2863//3896 2860//3896
f 2876//3897 2881//3897 2494//3897
f 2882//3898 2872//3898 2883//3898
f 2889//3899 2874//3899 2855//3899
f 2842//3900 2844//3900 2836//3900
f 2838//3901 2837//3901 2852//3901
f 2852//3902 2837//3902 2869//3902
f 2833//3903 2866//3903 2840//3903
f 2853//3904 2854//3904 2861//3904
f 2861//3905 2854//3905 2848//3905
f 2847//3906 2846//3906 2885//3906
f 2885//3907 2846//3907 2863//3907
f 2879//3908 2891//3908 2881//3908
f 2841//3909 2866//3909 2867//3909
f 2881//3910 2495//3910 2494//3910
f 2881//3911 2891//3911 2495//3911
f 2833//3912 2835//3912 2866//3912
f 2882//3913 2858//3913 2872//3913
f 2859//3914 2858//3914 2882//3914
f 2883//3915 2872//3915 2873//3915
f 592//3916 1394//3916 593//3916
f 593//3917 1394//3917 2892//3917
f 2892//3918 1394//3918 2893//3918
f 1394//3919 1398//3919 2893//3919
f 1398//3920 1400//3920 2893//3920
f 2893//3921 1400//3921 2894//3921
f 2894//3922 1399//3922 2895//3922
f 1400//3923 1399//3923 2894//3923
f 2895//3924 1395//3924 2891//3924
f 1399//3925 1395//3925 2895//3925
f 2891//3926 1395//3926 2495//3926
f 1395//3927 1393//3927 2495//3927
f 2495//3928 1393//3928 2481//3928
f 2481//3929 1393//3929 2507//3929
f 1393//3930 1391//3930 2507//3930
f 1391//3931 1390//3931 2507//3931
f 2507//3932 1390//3932 2511//3932
f 1390//3933 1411//3933 2511//3933
f 2511//3934 1411//3934 2532//3934
f 1411//3935 1409//3935 2532//3935
f 2532//3936 1409//3936 2555//3936
f 1409//3937 1407//3937 2555//3937
f 2555//3938 1407//3938 2558//3938
f 1407//3939 1406//3939 2558//3939
f 2558//3940 1406//3940 2560//3940
f 1406//3941 1404//3941 2560//3941
f 2560//3942 1404//3942 2896//3942
f 1404//3943 586//3943 2896//3943
f 2896//3944 586//3944 588//3944
f 2897//3945 2774//3945 2773//3945
f 2897//3946 2773//3946 2831//3946
f 2898//3947 2897//3947 2831//3947
f 2898//3948 2831//3948 2821//3948
f 2899//3949 2821//3949 2769//3949
f 2899//3950 2898//3950 2821//3950
f 2900//3951 2899//3951 2769//3951
f 2901//3952 2769//3952 2765//3952
f 2901//3953 2900//3953 2769//3953
f 2902//3954 2901//3954 2765//3954
f 2902//3955 2765//3955 2748//3955
f 1364//3956 2903//3956 1365//3956
f 2903//3957 2904//3957 1365//3957
f 1365//3958 2904//3958 1366//3958
f 2904//3959 2905//3959 1366//3959
f 1366//3960 2905//3960 1368//3960
f 2905//3961 2906//3961 1368//3961
f 566//3962 1368//3962 2906//3962
f 566//3963 2906//3963 567//3963
f 2907//3964 571//3964 572//3964
f 2907//3965 1380//3965 571//3965
f 1382//3966 2908//3966 1381//3966
f 2908//3967 2909//3967 1381//3967
f 1380//3968 2907//3968 1384//3968
f 1381//3969 2910//3969 1379//3969
f 2909//3970 2910//3970 1381//3970
f 2907//3971 2911//3971 1384//3971
f 1384//3972 2911//3972 1383//3972
f 2911//3973 2912//3973 1383//3973
f 1383//3974 2912//3974 1385//3974
f 2912//3975 2913//3975 1385//3975
f 1385//3976 2913//3976 1382//3976
f 2913//3977 2908//3977 1382//3977
f 2914//3978 1379//3978 2910//3978
f 1363//3979 1379//3979 2914//3979
f 1363//3980 2914//3980 1376//3980
f 2914//3981 2915//3981 1376//3981
f 1376//3982 2915//3982 1377//3982
f 2915//3983 2916//3983 1377//3983
f 1377//3984 2917//3984 1378//3984
f 2916//3985 2917//3985 1377//3985
f 1388//3986 2918//3986 1375//3986
f 1375//3987 2918//3987 2919//3987
f 1389//3988 2920//3988 1387//3988
f 1389//3989 2921//3989 2920//3989
f 1378//3990 2918//3990 1388//3990
f 1378//3991 2917//3991 2918//3991
f 1389//3992 2922//3992 2921//3992
f 1362//3993 2922//3993 1389//3993
f 1362//3994 2923//3994 2922//3994
f 1367//3995 2923//3995 1362//3995
f 1367//3996 2924//3996 2923//3996
f 1371//3997 2924//3997 1367//3997
f 1371//3998 2925//3998 2924//3998
f 1375//3999 2925//3999 1371//3999
f 1375//4000 2919//4000 2925//4000
f 1373//4001 2926//4001 1372//4001
f 1369//4002 2927//4002 1364//4002
f 1364//4003 2927//4003 2903//4003
f 1373//4004 2920//4004 2926//4004
f 1387//4005 2920//4005 1373//4005
f 1370//4006 2927//4006 1369//4006
f 1370//4007 2928//4007 2927//4007
f 1386//4008 2928//4008 1370//4008
f 1386//4009 2929//4009 2928//4009
f 1374//4010 2929//4010 1386//4010
f 1374//4011 2930//4011 2929//4011
f 1372//4012 2930//4012 1374//4012
f 1372//4013 2926//4013 2930//4013
f 2931//4014 2932//4014 1469//4014
f 1462//4015 2933//4015 1465//4015
f 1464//4016 2934//4016 1459//4016
f 2934//4017 2935//4017 1459//4017
f 1469//4018 2932//4018 1472//4018
f 2932//4019 2936//4019 1472//4019
f 2933//4020 2937//4020 1465//4020
f 1472//4021 2936//4021 1456//4021
f 2936//4022 563//4022 1456//4022
f 1456//4023 563//4023 565//4023
f 1465//4024 2937//4024 1467//4024
f 2937//4025 2931//4025 1467//4025
f 1459//4026 2935//4026 1462//4026
f 562//4027 561//4027 1464//4027
f 561//4028 2934//4028 1464//4028
f 2935//4029 2933//4029 1462//4029
f 1467//4030 2931//4030 1469//4030
f 2938//4031 2939//4031 1443//4031
f 1448//4032 2940//4032 1450//4032
f 2940//4033 2941//4033 1450//4033
f 1450//4034 2941//4034 1453//4034
f 2941//4035 2942//4035 1453//4035
f 1453//4036 2942//4036 1433//4036
f 1443//4037 2939//4037 1445//4037
f 1438//4038 2943//4038 1437//4038
f 2943//4039 2938//4039 1437//4039
f 540//4040 2944//4040 541//4040
f 2939//4041 2945//4041 1445//4041
f 1433//4042 543//4042 544//4042
f 2942//4043 543//4043 1433//4043
f 541//4044 2944//4044 1444//4044
f 1445//4045 2945//4045 1448//4045
f 2945//4046 2940//4046 1448//4046
f 1444//4047 2944//4047 1438//4047
f 1437//4048 2938//4048 1443//4048
f 2944//4049 2943//4049 1438//4049
f 2946//4050 2947//4050 1397//4050
f 1405//4051 2948//4051 1408//4051
f 2948//4052 2949//4052 1408//4052
f 2950//4053 2951//4053 1401//4053
f 1408//4054 2949//4054 1410//4054
f 1410//4055 2952//4055 1392//4055
f 2949//4056 2952//4056 1410//4056
f 1401//4057 2951//4057 1403//4057
f 1397//4058 2947//4058 1396//4058
f 1392//4059 2952//4059 526//4059
f 2952//4060 527//4060 526//4060
f 522//4061 523//4061 1402//4061
f 523//4062 2946//4062 1402//4062
f 2947//4063 2950//4063 1396//4063
f 2951//4064 2953//4064 1403//4064
f 1403//4065 2953//4065 1405//4065
f 1402//4066 2946//4066 1397//4066
f 1396//4067 2950//4067 1401//4067
f 2953//4068 2948//4068 1405//4068
f 2954//4069 2955//4069 1426//4069
f 1426//4070 2955//4070 1428//4070
f 2955//4071 2956//4071 1428//4071
f 1428//4072 2956//4072 1430//4072
f 2957//4073 2958//4073 1419//4073
f 1430//4074 2956//4074 1412//4074
f 1422//4075 2959//4075 1423//4075
f 2960//4076 2959//4076 1422//4076
f 1419//4077 2958//4077 1417//4077
f 2956//4078 509//4078 1412//4078
f 1412//4079 509//4079 508//4079
f 1423//4080 2954//4080 1426//4080
f 2959//4081 2954//4081 1423//4081
f 505//4082 2957//4082 506//4082
f 2958//4083 2960//4083 1417//4083
f 506//4084 2957//4084 1419//4084
f 1417//4085 2960//4085 1422//4085
f 2961//4086 2962//4086 2774//4086
f 2961//4087 2774//4087 2897//4087
f 2962//4088 2827//4088 2758//4088
f 2963//4089 2964//4089 2781//4089
f 2800//4090 2965//4090 2796//4090
f 2966//4091 2963//4091 2781//4091
f 2966//4092 2967//4092 2963//4092
f 2966//4093 2781//4093 2780//4093
f 2784//4094 2968//4094 2967//4094
f 2788//4095 2968//4095 2784//4095
f 2969//4096 2965//4096 2800//4096
f 2969//4097 2970//4097 2965//4097
f 2971//4098 2827//4098 2972//4098
f 2967//4099 2966//4099 2780//4099
f 2967//4100 2780//4100 2784//4100
f 2971//4101 2972//4101 2973//4101
f 2825//4102 2826//4102 2971//4102
f 2805//4103 2973//4103 2970//4103
f 2832//4104 2974//4104 2714//4104
f 2832//4105 2964//4105 2974//4105
f 2805//4106 2970//4106 2969//4106
f 2969//4107 2800//4107 2805//4107
f 2973//4108 2825//4108 2971//4108
f 2973//4109 2805//4109 2825//4109
f 2795//4110 2796//4110 2975//4110
f 2795//4111 2975//4111 2968//4111
f 2795//4112 2968//4112 2788//4112
f 2972//4113 2827//4113 2962//4113
f 2758//4114 2774//4114 2962//4114
f 2781//4115 2964//4115 2832//4115
f 2965//4116 2975//4116 2796//4116
f 2826//4117 2827//4117 2971//4117
f 2608//4118 2976//4118 2597//4118
f 2730//4119 2976//4119 2608//4119
f 2730//4120 2977//4120 2976//4120
f 2642//4121 2978//4121 2979//4121
f 2727//4122 2977//4122 2730//4122
f 2642//4123 2979//4123 2643//4123
f 2729//4124 2977//4124 2727//4124
f 2693//4125 2978//4125 2642//4125
f 2688//4126 2978//4126 2693//4126
f 2746//4127 2980//4127 2977//4127
f 2705//4128 2978//4128 2688//4128
f 2746//4129 2977//4129 2729//4129
f 2668//4130 2981//4130 2978//4130
f 2668//4131 2978//4131 2705//4131
f 2745//4132 2982//4132 2980//4132
f 2655//4133 2981//4133 2668//4133
f 2745//4134 2980//4134 2746//4134
f 2576//4135 2982//4135 2745//4135
f 2630//4136 2981//4136 2655//4136
f 2629//4137 2981//4137 2630//4137
f 2578//4138 2982//4138 2576//4138
f 2629//4139 2983//4139 2981//4139
f 2621//4140 2983//4140 2629//4140
f 2725//4141 2974//4141 2982//4141
f 2725//4142 2982//4142 2578//4142
f 2683//4143 2983//4143 2621//4143
f 2718//4144 2974//4144 2725//4144
f 2606//4145 2983//4145 2683//4145
f 2714//4146 2974//4146 2718//4146
f 2598//4147 2983//4147 2606//4147
f 2598//4148 2976//4148 2983//4148
f 2597//4149 2976//4149 2598//4149
f 2984//4150 2985//4150 2986//4150
f 2984//4151 2987//4151 2985//4151
f 2988//4152 2987//4152 2984//4152
f 2979//4153 2989//4153 2643//4153
f 2990//4154 2991//4154 2979//4154
f 2988//4155 2992//4155 2987//4155
f 2979//4156 2991//4156 2989//4156
f 2993//4157 2994//4157 2988//4157
f 2990//4158 2995//4158 2991//4158
f 2988//4159 2994//4159 2992//4159
f 2993//4160 2996//4160 2994//4160
f 2990//4161 2997//4161 2995//4161
f 2990//4162 2998//4162 2997//4162
f 2999//4163 3000//4163 2990//4163
f 2993//4164 3001//4164 2996//4164
f 2990//4165 3000//4165 2998//4165
f 3002//4166 3003//4166 2993//4166
f 2999//4167 3004//4167 3000//4167
f 2993//4168 3003//4168 3001//4168
f 2999//4169 3005//4169 3004//4169
f 3002//4170 3006//4170 3003//4170
f 3007//4171 3008//4171 2999//4171
f 2999//4172 3008//4172 3005//4172
f 3009//4173 3010//4173 3002//4173
f 3007//4174 3011//4174 3008//4174
f 3002//4175 3010//4175 3006//4175
f 3007//4176 3012//4176 3011//4176
f 3009//4177 3013//4177 3010//4177
f 3007//4178 3014//4178 3012//4178
f 2984//4179 2986//4179 3007//4179
f 3007//4180 2986//4180 3014//4180
f 3015//4181 3016//4181 3017//4181
f 3018//4182 3019//4182 3016//4182
f 3020//4183 3021//4183 3022//4183
f 3023//4184 3024//4184 3025//4184
f 3020//4185 3026//4185 3021//4185
f 3009//4186 3015//4186 3013//4186
f 3027//4187 3028//4187 3029//4187
f 3019//4188 3018//4188 3030//4188
f 3031//4189 3026//4189 3020//4189
f 3023//4190 3032//4190 3024//4190
f 3021//4191 3026//4191 3033//4191
f 3030//4192 3034//4192 3035//4192
f 3032//4193 3023//4193 3035//4193
f 3022//4194 3025//4194 3024//4194
f 3036//4195 3037//4195 3038//4195
f 3028//4196 3037//4196 3036//4196
f 3018//4197 3034//4197 3030//4197
f 3035//4198 3034//4198 3032//4198
f 3025//4199 3022//4199 3021//4199
f 3031//4200 3038//4200 3026//4200
f 3031//4201 3029//4201 3036//4201
f 3031//4202 3036//4202 3038//4202
f 3026//4203 3038//4203 3033//4203
f 3033//4204 3038//4204 3037//4204
f 3029//4205 3028//4205 3036//4205
f 3016//4206 3015//4206 3018//4206
f 3015//4207 3039//4207 3013//4207
f 3017//4208 3039//4208 3015//4208
f 482//4209 485//4209 3040//4209
f 3041//4210 3042//4210 3043//4210
f 3040//4211 485//4211 3044//4211
f 3042//4212 3045//4212 3043//4212
f 485//4213 3046//4213 3044//4213
f 3043//4214 3045//4214 475//4214
f 3044//4215 3046//4215 3047//4215
f 3045//4216 476//4216 475//4216
f 3046//4217 3048//4217 3047//4217
f 3047//4218 3048//4218 3049//4218
f 3048//4219 3050//4219 3049//4219
f 3049//4220 3050//4220 3051//4220
f 3050//4221 3052//4221 3051//4221
f 3051//4222 3052//4222 3041//4222
f 3052//4223 3042//4223 3041//4223
f 3053//4224 3027//4224 3029//4224
f 3053//4225 3029//4225 3054//4225
f 3055//4226 3056//4226 3057//4226
f 464//4227 466//4227 3058//4227
f 3057//4228 3056//4228 3059//4228
f 466//4229 3060//4229 3058//4229
f 3058//4230 3060//4230 3061//4230
f 3056//4231 3062//4231 3059//4231
f 3059//4232 3062//4232 455//4232
f 3061//4233 3063//4233 3064//4233
f 3060//4234 3063//4234 3061//4234
f 3062//4235 456//4235 455//4235
f 3064//4236 3065//4236 3066//4236
f 3063//4237 3065//4237 3064//4237
f 3065//4238 3067//4238 3066//4238
f 3066//4239 3067//4239 3068//4239
f 3068//4240 3067//4240 3057//4240
f 3067//4241 3055//4241 3057//4241
f 3069//4242 3070//4242 3071//4242
f 3069//4243 3072//4243 3070//4243
f 3069//4244 3071//4244 3073//4244
f 3074//4245 3073//4245 3075//4245
f 3074//4246 3069//4246 3073//4246
f 3076//4247 3075//4247 3077//4247
f 3076//4248 3074//4248 3075//4248
f 3053//4249 3077//4249 3027//4249
f 3053//4250 3076//4250 3077//4250
f 3078//4251 3079//4251 3080//4251
f 3081//4252 3082//4252 3078//4252
f 3081//4253 3078//4253 3083//4253
f 3081//4254 3083//4254 3084//4254
f 3075//4255 3085//4255 3077//4255
f 3075//4256 3073//4256 3086//4256
f 3070//4257 3081//4257 3084//4257
f 3070//4258 3084//4258 3071//4258
f 3087//4259 3088//4259 3089//4259
f 3090//4260 3091//4260 3092//4260
f 3088//4261 3093//4261 3094//4261
f 3095//4262 3093//4262 3088//4262
f 3093//4263 3091//4263 3090//4263
f 3096//4264 3097//4264 3091//4264
f 3092//4265 3091//4265 3097//4265
f 3096//4266 3098//4266 3099//4266
f 3096//4267 3099//4267 3100//4267
f 3096//4268 3100//4268 3097//4268
f 3101//4269 3092//4269 3097//4269
f 3102//4270 3099//4270 3103//4270
f 3102//4271 3103//4271 3104//4271
f 3104//4272 3105//4272 3106//4272
f 3104//4273 3106//4273 3107//4273
f 3108//4274 3109//4274 3035//4274
f 3108//4275 3035//4275 3023//4275
f 3110//4276 3106//4276 3109//4276
f 3110//4277 3109//4277 3108//4277
f 3110//4278 3107//4278 3106//4278
f 3111//4279 3112//4279 3113//4279
f 3111//4280 3113//4280 3114//4280
f 3114//4281 3082//4281 3115//4281
f 3116//4282 3117//4282 3107//4282
f 3118//4283 3119//4283 3120//4283
f 3025//4284 3108//4284 3023//4284
f 3121//4285 3113//4285 3112//4285
f 3122//4286 3108//4286 3025//4286
f 3123//4287 3117//4287 3116//4287
f 3121//4288 3112//4288 3118//4288
f 3121//4289 3118//4289 3124//4289
f 3122//4290 3110//4290 3108//4290
f 3125//4291 3082//4291 3114//4291
f 3126//4292 3110//4292 3122//4292
f 3126//4293 3116//4293 3110//4293
f 3121//4294 3124//4294 3125//4294
f 3079//4295 3124//4295 3127//4295
f 3123//4296 3116//4296 3126//4296
f 3128//4297 3025//4297 3021//4297
f 3128//4298 3122//4298 3025//4298
f 3129//4299 3122//4299 3128//4299
f 3129//4300 3126//4300 3122//4300
f 3127//4301 3130//4301 3085//4301
f 3131//4302 3126//4302 3129//4302
f 3131//4303 3123//4303 3126//4303
f 3085//4304 3086//4304 3127//4304
f 3132//4305 3128//4305 3021//4305
f 3132//4306 3021//4306 3033//4306
f 3133//4307 3128//4307 3132//4307
f 3086//4308 3085//4308 3075//4308
f 3133//4309 3129//4309 3128//4309
f 3134//4310 3131//4310 3129//4310
f 3134//4311 3129//4311 3133//4311
f 3115//4312 3123//4312 3131//4312
f 3115//4313 3131//4313 3134//4313
f 3119//4314 3033//4314 3037//4314
f 3093//4315 3096//4315 3091//4315
f 3119//4316 3132//4316 3033//4316
f 3135//4317 3132//4317 3119//4317
f 3135//4318 3133//4318 3132//4318
f 3111//4319 3133//4319 3135//4319
f 3111//4320 3134//4320 3133//4320
f 3114//4321 3134//4321 3111//4321
f 3114//4322 3115//4322 3134//4322
f 3102//4323 3104//4323 3136//4323
f 3137//4324 3087//4324 3138//4324
f 3135//4325 3112//4325 3111//4325
f 3113//4326 3125//4326 3114//4326
f 3113//4327 3121//4327 3125//4327
f 3125//4328 3079//4328 3078//4328
f 3137//4329 3139//4329 3140//4329
f 3095//4330 3140//4330 3098//4330
f 3095//4331 3137//4331 3140//4331
f 3097//4332 3100//4332 3101//4332
f 3100//4333 3099//4333 3102//4333
f 3100//4334 3102//4334 3136//4334
f 3017//4335 3141//4335 3039//4335
f 3141//4336 3017//4336 3142//4336
f 3136//4337 3104//4337 3107//4337
f 3136//4338 3107//4338 3117//4338
f 3116//4339 3107//4339 3110//4339
f 3030//4340 3035//4340 3109//4340
f 3143//4341 3101//4341 3100//4341
f 3143//4342 3100//4342 3136//4342
f 3120//4343 3037//4343 3028//4343
f 3143//4344 3136//4344 3117//4344
f 3039//4345 3138//4345 3013//4345
f 3093//4346 3090//4346 3094//4346
f 3039//4347 3139//4347 3138//4347
f 3137//4348 3138//4348 3139//4348
f 3096//4349 3093//4349 3095//4349
f 3141//4350 3139//4350 3039//4350
f 3140//4351 3141//4351 3142//4351
f 3099//4352 3140//4352 3142//4352
f 3142//4353 3017//4353 3016//4353
f 3103//4354 3142//4354 3016//4354
f 3103//4355 3016//4355 3019//4355
f 3144//4356 3103//4356 3019//4356
f 3019//4357 3030//4357 3144//4357
f 3105//4358 3144//4358 3030//4358
f 3105//4359 3030//4359 3109//4359
f 3037//4360 3120//4360 3119//4360
f 3112//4361 3135//4361 3118//4361
f 3145//4362 3118//4362 3120//4362
f 3124//4363 3118//4363 3145//4363
f 3120//4364 3028//4364 3145//4364
f 3085//4365 3028//4365 3027//4365
f 3083//4366 3078//4366 3080//4366
f 3085//4367 3027//4367 3077//4367
f 3086//4368 3080//4368 3127//4368
f 3073//4369 3080//4369 3086//4369
f 3073//4370 3083//4370 3080//4370
f 3071//4371 3083//4371 3073//4371
f 3084//4372 3083//4372 3071//4372
f 3088//4373 3087//4373 3137//4373
f 3088//4374 3094//4374 3089//4374
f 3095//4375 3088//4375 3137//4375
f 3092//4376 3146//4376 3090//4376
f 3140//4377 3139//4377 3141//4377
f 3096//4378 3095//4378 3098//4378
f 3140//4379 3099//4379 3098//4379
f 3099//4380 3142//4380 3103//4380
f 3103//4381 3105//4381 3104//4381
f 3103//4382 3144//4382 3105//4382
f 3105//4383 3109//4383 3106//4383
f 3119//4384 3118//4384 3135//4384
f 3028//4385 3130//4385 3145//4385
f 3124//4386 3145//4386 3130//4386
f 3124//4387 3130//4387 3127//4387
f 3079//4388 3125//4388 3124//4388
f 3078//4389 3082//4389 3125//4389
f 3130//4390 3028//4390 3085//4390
f 3079//4391 3127//4391 3080//4391
f 3000//4392 3004//4392 3147//4392
f 3148//4393 3149//4393 3150//4393
f 3151//4394 3152//4394 3153//4394
f 3151//4395 3153//4395 3154//4395
f 3148//4396 3155//4396 3156//4396
f 3155//4397 3148//4397 3157//4397
f 3158//4398 2998//4398 3000//4398
f 3158//4399 3000//4399 3159//4399
f 3155//4400 3157//4400 3160//4400
f 3161//4401 3162//4401 2992//4401
f 3163//4402 3158//4402 3164//4402
f 2992//4403 2994//4403 3161//4403
f 3165//4404 3155//4404 3160//4404
f 3163//4405 3164//4405 3166//4405
f 3167//4406 3166//4406 3164//4406
f 3160//4407 3157//4407 3168//4407
f 3169//4408 3170//4408 2992//4408
f 3171//4409 3166//4409 3172//4409
f 3173//4410 3160//4410 3174//4410
f 3173//4411 3175//4411 3160//4411
f 3176//4412 3171//4412 3172//4412
f 3176//4413 2997//4413 3171//4413
f 3177//4414 3175//4414 3173//4414
f 2987//4415 3170//4415 3178//4415
f 3179//4416 3180//4416 3172//4416
f 3181//4417 3180//4417 3179//4417
f 3181//4418 3179//4418 3182//4418
f 3156//4419 3170//4419 3183//4419
f 3184//4420 2997//4420 3176//4420
f 3178//4421 3170//4421 3156//4421
f 3184//4422 3176//4422 3180//4422
f 3177//4423 3173//4423 3185//4423
f 3186//4424 3181//4424 3187//4424
f 3186//4425 3187//4425 3188//4425
f 3185//4426 3173//4426 3189//4426
f 2995//4427 3186//4427 3188//4427
f 3187//4428 3181//4428 3182//4428
f 2987//4429 3178//4429 2985//4429
f 3190//4430 3191//4430 3192//4430
f 3190//4431 3192//4431 3193//4431
f 3194//4432 3195//4432 3189//4432
f 3196//4433 3197//4433 3191//4433
f 3178//4434 3156//4434 3155//4434
f 3196//4435 3191//4435 3190//4435
f 3178//4436 3155//4436 3165//4436
f 3198//4437 3197//4437 3196//4437
f 3187//4438 3182//4438 3199//4438
f 3006//4439 3010//4439 3198//4439
f 3188//4440 2991//4440 2995//4440
f 3200//4441 3189//4441 3195//4441
f 3201//4442 3198//4442 3196//4442
f 3202//4443 3203//4443 3204//4443
f 3205//4444 3206//4444 3207//4444
f 3205//4445 3204//4445 3206//4445
f 3006//4446 3198//4446 3201//4446
f 3160//4447 3175//4447 3165//4447
f 2989//4448 2991//4448 3203//4448
f 3202//4449 3204//4449 3205//4449
f 3208//4450 3012//4450 3200//4450
f 3138//4451 3209//4451 3013//4451
f 3210//4452 3209//4452 3138//4452
f 3210//4453 3138//4453 3087//4453
f 3209//4454 3010//4454 3013//4454
f 3209//4455 3210//4455 3211//4455
f 3177//4456 2986//4456 3175//4456
f 3212//4457 3213//4457 3214//4457
f 3215//4458 3214//4458 3213//4458
f 3216//4459 3217//4459 3218//4459
f 3001//4460 3219//4460 2996//4460
f 3219//4461 3220//4461 2996//4461
f 3221//4462 3222//4462 3215//4462
f 3223//4463 3221//4463 3224//4463
f 3223//4464 3011//4464 3221//4464
f 3225//4465 3161//4465 3226//4465
f 3227//4466 3228//4466 433//4466
f 3014//4467 3177//4467 3185//4467
f 3229//4468 3230//4468 3228//4468
f 3229//4469 3228//4469 3227//4469
f 3231//4470 3232//4470 3213//4470
f 3200//4471 3185//4471 3189//4471
f 3233//4472 3234//4472 3235//4472
f 3225//4473 3236//4473 3230//4473
f 3224//4474 3213//4474 3232//4474
f 3225//4475 3230//4475 3229//4475
f 3226//4476 3236//4476 3225//4476
f 3226//4477 3220//4477 3236//4477
f 3150//4478 3149//4478 3233//4478
f 3237//4479 3224//4479 3232//4479
f 3161//4480 2996//4480 3220//4480
f 3237//4481 3223//4481 3224//4481
f 3148//4482 3183//4482 3149//4482
f 3161//4483 3220//4483 3226//4483
f 2994//4484 2996//4484 3161//4484
f 3238//4485 3231//4485 3239//4485
f 3231//4486 3240//4486 3232//4486
f 3241//4487 3008//4487 3223//4487
f 3241//4488 3223//4488 3237//4488
f 3212//4489 3231//4489 3213//4489
f 3238//4490 3240//4490 3231//4490
f 3242//4491 3240//4491 3238//4491
f 3243//4492 3238//4492 3239//4492
f 3200//4493 3195//4493 3222//4493
f 3244//4494 3245//4494 3246//4494
f 3208//4495 3200//4495 3222//4495
f 3158//4496 3159//4496 3152//4496
f 3158//4497 3152//4497 3164//4497
f 3215//4498 3222//4498 3195//4498
f 3247//4499 3167//4499 3164//4499
f 3248//4500 3241//4500 3249//4500
f 3171//4501 3163//4501 3166//4501
f 3182//4502 3179//4502 3250//4502
f 3242//4503 3245//4503 3240//4503
f 3202//4504 2989//4504 3203//4504
f 3246//4505 3242//4505 3243//4505
f 3215//4506 3213//4506 3224//4506
f 3221//4507 3011//4507 3222//4507
f 3221//4508 3215//4508 3224//4508
f 3251//4509 3169//4509 3162//4509
f 3156//4510 3183//4510 3148//4510
f 3174//4511 3160//4511 3168//4511
f 3189//4512 3174//4512 3194//4512
f 3189//4513 3173//4513 3174//4513
f 3245//4514 3242//4514 3246//4514
f 3252//4515 3253//4515 3248//4515
f 3249//4516 3237//4516 3232//4516
f 3249//4517 3232//4517 3240//4517
f 3241//4518 3237//4518 3249//4518
f 3254//4519 3255//4519 3256//4519
f 3249//4520 3245//4520 3248//4520
f 3005//4521 3241//4521 3248//4521
f 3005//4522 3008//4522 3241//4522
f 3252//4523 3248//4523 3245//4523
f 3253//4524 3005//4524 3248//4524
f 3159//4525 3147//4525 3257//4525
f 3255//4526 3246//4526 3243//4526
f 3153//4527 3152//4527 3258//4527
f 3254//4528 3246//4528 3255//4528
f 3254//4529 3244//4529 3246//4529
f 3259//4530 3244//4530 3254//4530
f 3259//4531 3252//4531 3244//4531
f 3260//4532 3252//4532 3259//4532
f 3004//4533 3253//4533 3252//4533
f 3004//4534 3252//4534 3260//4534
f 3004//4535 3005//4535 3253//4535
f 3000//4536 3147//4536 3159//4536
f 3259//4537 3254//4537 3258//4537
f 3258//4538 3256//4538 3153//4538
f 3154//4539 3261//4539 3247//4539
f 3257//4540 3262//4540 3159//4540
f 3247//4541 3151//4541 3154//4541
f 2998//4542 3158//4542 3163//4542
f 3247//4543 3164//4543 3151//4543
f 3152//4544 3262//4544 3258//4544
f 3152//4545 3159//4545 3262//4545
f 3171//4546 2998//4546 3163//4546
f 3207//4547 2650//4547 2648//4547
f 3205//4548 3207//4548 2648//4548
f 3250//4549 3247//4549 3261//4549
f 3205//4550 2648//4550 2646//4550
f 3263//4551 2998//4551 3171//4551
f 3202//4552 3205//4552 2646//4552
f 3202//4553 2646//4553 2641//4553
f 3164//4554 3152//4554 3151//4554
f 2989//4555 3202//4555 2641//4555
f 3167//4556 3247//4556 3250//4556
f 2989//4557 2641//4557 2643//4557
f 3167//4558 3172//4558 3166//4558
f 3263//4559 2997//4559 2998//4559
f 3264//4560 3146//4560 3265//4560
f 2997//4561 3263//4561 3171//4561
f 3167//4562 3250//4562 3179//4562
f 3182//4563 3250//4563 3266//4563
f 3179//4564 3172//4564 3167//4564
f 3184//4565 2995//4565 2997//4565
f 3182//4566 3266//4566 3267//4566
f 3184//4567 3180//4567 3186//4567
f 3180//4568 3176//4568 3172//4568
f 3268//4569 3269//4569 3270//4569
f 2995//4570 3184//4570 3186//4570
f 3271//4571 3267//4571 3266//4571
f 3180//4572 3181//4572 3186//4572
f 2992//4573 3170//4573 2987//4573
f 3199//4574 3182//4574 3267//4574
f 3178//4575 3165//4575 2985//4575
f 3206//4576 3271//4576 3207//4576
f 3206//4577 3267//4577 3271//4577
f 3199//4578 3203//4578 3187//4578
f 3188//4579 3187//4579 3203//4579
f 2985//4580 3165//4580 3175//4580
f 2985//4581 3175//4581 2986//4581
f 3188//4582 3203//4582 2991//4582
f 3204//4583 3199//4583 3206//4583
f 3204//4584 3203//4584 3199//4584
f 3014//4585 2986//4585 3177//4585
f 3012//4586 3185//4586 3200//4586
f 3012//4587 3014//4587 3185//4587
f 3210//4588 3087//4588 3089//4588
f 3094//4589 3265//4589 3272//4589
f 3264//4590 3265//4590 3094//4590
f 3272//4591 3210//4591 3089//4591
f 3272//4592 3089//4592 3094//4592
f 3011//4593 3012//4593 3208//4593
f 3011//4594 3208//4594 3222//4594
f 3272//4595 3265//4595 3273//4595
f 3210//4596 3272//4596 3273//4596
f 3210//4597 3273//4597 3211//4597
f 3008//4598 3011//4598 3223//4598
f 3211//4599 3273//4599 3197//4599
f 3191//4600 3265//4600 3274//4600
f 3273//4601 3191//4601 3197//4601
f 3197//4602 3198//4602 3211//4602
f 3190//4603 3275//4603 3276//4603
f 3190//4604 3277//4604 3275//4604
f 3010//4605 3211//4605 3198//4605
f 3278//4606 3276//4606 3279//4606
f 3275//4607 3268//4607 3270//4607
f 3280//4608 3275//4608 3216//4608
f 3154//4609 3153//4609 3256//4609
f 3279//4610 3280//4610 3281//4610
f 3280//4611 3216//4611 3281//4611
f 3001//4612 3281//4612 3219//4612
f 3218//4613 3281//4613 3216//4613
f 3281//4614 3218//4614 3219//4614
f 3201//4615 3196//4615 3276//4615
f 3201//4616 3276//4616 3278//4616
f 3250//4617 3261//4617 3266//4617
f 3218//4618 3220//4618 3219//4618
f 3218//4619 3236//4619 3220//4619
f 3278//4620 3279//4620 3201//4620
f 3003//4621 3201//4621 3279//4621
f 3279//4622 3276//4622 3280//4622
f 3280//4623 3276//4623 3275//4623
f 3282//4624 3227//4624 433//4624
f 3225//4625 3229//4625 3227//4625
f 3275//4626 3270//4626 3216//4626
f 3283//4627 3225//4627 3227//4627
f 3283//4628 3227//4628 3282//4628
f 3267//4629 3206//4629 3199//4629
f 3235//4630 3283//4630 3282//4630
f 3279//4631 3281//4631 3001//4631
f 3284//4632 3225//4632 3283//4632
f 3284//4633 3251//4633 3225//4633
f 3003//4634 3279//4634 3001//4634
f 3284//4635 3283//4635 3235//4635
f 3270//4636 3269//4636 3217//4636
f 3094//4637 3090//4637 3264//4637
f 3146//4638 3264//4638 3090//4638
f 3217//4639 3216//4639 3270//4639
f 3234//4640 3251//4640 3284//4640
f 3234//4641 3183//4641 3251//4641
f 3234//4642 3284//4642 3235//4642
f 3236//4643 3218//4643 3217//4643
f 3230//4644 3217//4644 3228//4644
f 3230//4645 3236//4645 3217//4645
f 3265//4646 3146//4646 3274//4646
f 3149//4647 3183//4647 3234//4647
f 3273//4648 3265//4648 3191//4648
f 3285//4649 3157//4649 3148//4649
f 3285//4650 3148//4650 3150//4650
f 3285//4651 3150//4651 3286//4651
f 3285//4652 3168//4652 3157//4652
f 3285//4653 3287//4653 3168//4653
f 3285//4654 3286//4654 3287//4654
f 3194//4655 3168//4655 3287//4655
f 3194//4656 3287//4656 3288//4656
f 3174//4657 3168//4657 3194//4657
f 3191//4658 3274//4658 3192//4658
f 3010//4659 3209//4659 3211//4659
f 3194//4660 3288//4660 3289//4660
f 3194//4661 3289//4661 3214//4661
f 3194//4662 3214//4662 3195//4662
f 3212//4663 3214//4663 3289//4663
f 3212//4664 3289//4664 3290//4664
f 3214//4665 3215//4665 3195//4665
f 3231//4666 3290//4666 3239//4666
f 3231//4667 3212//4667 3290//4667
f 3162//4668 3161//4668 3225//4668
f 3190//4669 3193//4669 3277//4669
f 3277//4670 3193//4670 3268//4670
f 3225//4671 3251//4671 3162//4671
f 3276//4672 3196//4672 3190//4672
f 3238//4673 3243//4673 3242//4673
f 3245//4674 3249//4674 3240//4674
f 3275//4675 3277//4675 3268//4675
f 3003//4676 3006//4676 3201//4676
f 3169//4677 2992//4677 3162//4677
f 3169//4678 3251//4678 3183//4678
f 3252//4679 3245//4679 3244//4679
f 3234//4680 3233//4680 3149//4680
f 3169//4681 3183//4681 3170//4681
f 3258//4682 3254//4682 3256//4682
f 3262//4683 3259//4683 3258//4683
f 3262//4684 3257//4684 3259//4684
f 3260//4685 3259//4685 3257//4685
f 3217//4686 3269//4686 3228//4686
f 3147//4687 3004//4687 3260//4687
f 3147//4688 3260//4688 3257//4688
f 3291//4689 3292//4689 3293//4689
f 3294//4690 3295//4690 3296//4690
f 3297//4691 3295//4691 3294//4691
f 3298//4692 3299//4692 3300//4692
f 3301//4693 3302//4693 3303//4693
f 3304//4694 3299//4694 3305//4694
f 3306//4695 3307//4695 3308//4695
f 1855//4696 3309//4696 1878//4696
f 3310//4697 3309//4697 1855//4697
f 3304//4698 3311//4698 3300//4698
f 3305//4699 3311//4699 3304//4699
f 3312//4700 3313//4700 3314//4700
f 3315//4701 3312//4701 3316//4701
f 3295//4702 3297//4702 2550//4702
f 3317//4703 3318//4703 1975//4703
f 3319//4704 3320//4704 3321//4704
f 3322//4705 3323//4705 3317//4705
f 3324//4706 3325//4706 3326//4706
f 3327//4707 3328//4707 3329//4707
f 3324//4708 3330//4708 3325//4708
f 1971//4709 3322//4709 3317//4709
f 3331//4710 3332//4710 3333//4710
f 3328//4711 3334//4711 3329//4711
f 3335//4712 3330//4712 3324//4712
f 3336//4713 3337//4713 3338//4713
f 3339//4714 3337//4714 3336//4714
f 3340//4715 3341//4715 3342//4715
f 3330//4716 3343//4716 3325//4716
f 3330//4717 3335//4717 3343//4717
f 3344//4718 3345//4718 3340//4718
f 3340//4719 3345//4719 3341//4719
f 3334//4720 3346//4720 3329//4720
f 3347//4721 3329//4721 3348//4721
f 3349//4722 3350//4722 3351//4722
f 3329//4723 3346//4723 3352//4723
f 3344//4724 3353//4724 3345//4724
f 3354//4725 3353//4725 3344//4725
f 1578//4726 3353//4726 3354//4726
f 3335//4727 3355//4727 3343//4727
f 1578//4728 1577//4728 3353//4728
f 3356//4729 3349//4729 3357//4729
f 3343//4730 3355//4730 3358//4730
f 3342//4731 3355//4731 3335//4731
f 3359//4732 3349//4732 3360//4732
f 3341//4733 3361//4733 3342//4733
f 3342//4734 3361//4734 3355//4734
f 3341//4735 3362//4735 3361//4735
f 3345//4736 3362//4736 3341//4736
f 3358//4737 3355//4737 3363//4737
f 3353//4738 3364//4738 3345//4738
f 3345//4739 3364//4739 3362//4739
f 3352//4740 3365//4740 3366//4740
f 3367//4741 3352//4741 3368//4741
f 3369//4742 3294//4742 3296//4742
f 3370//4743 3371//4743 3372//4743
f 3373//4744 3374//4744 3369//4744
f 3369//4745 3374//4745 3294//4745
f 3363//4746 3355//4746 3375//4746
f 1577//4747 1566//4747 3353//4747
f 3376//4748 3371//4748 3377//4748
f 3353//4749 1566//4749 3364//4749
f 3378//4750 3374//4750 3373//4750
f 3376//4751 3379//4751 3371//4751
f 3371//4752 3379//4752 3372//4752
f 3376//4753 3380//4753 3381//4753
f 3378//4754 3382//4754 3374//4754
f 3291//4755 3382//4755 3378//4755
f 3381//4756 3383//4756 3376//4756
f 3383//4757 3306//4757 3376//4757
f 3376//4758 3306//4758 3384//4758
f 3311//4759 3382//4759 3291//4759
f 3293//4760 3299//4760 3298//4760
f 3311//4761 3385//4761 3382//4761
f 3368//4762 3366//4762 3293//4762
f 3306//4763 3383//4763 3307//4763
f 3299//4764 3306//4764 3305//4764
f 3386//4765 3308//4765 3307//4765
f 3306//4766 3308//4766 3305//4766
f 3305//4767 3385//4767 3311//4767
f 3355//4768 3387//4768 3375//4768
f 3305//4769 3320//4769 3385//4769
f 3308//4770 3388//4770 3305//4770
f 3388//4771 3320//4771 3305//4771
f 3389//4772 3316//4772 3314//4772
f 3363//4773 3315//4773 3389//4773
f 3388//4774 3321//4774 3320//4774
f 3355//4775 3336//4775 3387//4775
f 3390//4776 3321//4776 3388//4776
f 3363//4777 3375//4777 3315//4777
f 3389//4778 3315//4778 3316//4778
f 3361//4779 3336//4779 3355//4779
f 3382//4780 3385//4780 3303//4780
f 3390//4781 3391//4781 3321//4781
f 3375//4782 3387//4782 3392//4782
f 3292//4783 3291//4783 3373//4783
f 3361//4784 3393//4784 3336//4784
f 3362//4785 3393//4785 3361//4785
f 3390//4786 3309//4786 3391//4786
f 3394//4787 3309//4787 3390//4787
f 3385//4788 3320//4788 3303//4788
f 1566//4789 1568//4789 3364//4789
f 3301//4790 3303//4790 3320//4790
f 3373//4791 3291//4791 3378//4791
f 3320//4792 3319//4792 3301//4792
f 3332//4793 3395//4793 3333//4793
f 1912//4794 1878//4794 3394//4794
f 3333//4795 3395//4795 3319//4795
f 3394//4796 1878//4796 3309//4796
f 3295//4797 2550//4797 3296//4797
f 3362//4798 3396//4798 3393//4798
f 3364//4799 3396//4799 3362//4799
f 3338//4800 3387//4800 3336//4800
f 3351//4801 3397//4801 3392//4801
f 3392//4802 3387//4802 3351//4802
f 2550//4803 3297//4803 2536//4803
f 3364//4804 1568//4804 3396//4804
f 3387//4805 3338//4805 3351//4805
f 3393//4806 3339//4806 3336//4806
f 3297//4807 3398//4807 2536//4807
f 3351//4808 3338//4808 3349//4808
f 3349//4809 3338//4809 3337//4809
f 3393//4810 3318//4810 3339//4810
f 3310//4811 3391//4811 3309//4811
f 3399//4812 3400//4812 3401//4812
f 3398//4813 3302//4813 2536//4813
f 2536//4814 3302//4814 2476//4814
f 3401//4815 3400//4815 3359//4815
f 3359//4816 3400//4816 3350//4816
f 3349//4817 3359//4817 3350//4817
f 3360//4818 3401//4818 3359//4818
f 3393//4819 3396//4819 3318//4819
f 1568//4820 1975//4820 3396//4820
f 1975//4821 3318//4821 3396//4821
f 3339//4822 3357//4822 3337//4822
f 3318//4823 3357//4823 3339//4823
f 3302//4824 3301//4824 2476//4824
f 2476//4825 3395//4825 2477//4825
f 3402//4826 3357//4826 3318//4826
f 3301//4827 3395//4827 2476//4827
f 3318//4828 3317//4828 3402//4828
f 3403//4829 3360//4829 3349//4829
f 2477//4830 3395//4830 2484//4830
f 3395//4831 3332//4831 2484//4831
f 2484//4832 3332//4832 2485//4832
f 3404//4833 3402//4833 3323//4833
f 3323//4834 3402//4834 3317//4834
f 3332//4835 3405//4835 2485//4835
f 3406//4836 3407//4836 1961//4836
f 3408//4837 3407//4837 3406//4837
f 3405//4838 2551//4838 2485//4838
f 2551//4839 3310//4839 2442//4839
f 2442//4840 1855//4840 1856//4840
f 3310//4841 1855//4841 2442//4841
f 3380//4842 3376//4842 3408//4842
f 3408//4843 3376//4843 3377//4843
f 3334//4844 3409//4844 3346//4844
f 3380//4845 3410//4845 3381//4845
f 3406//4846 1953//4846 3380//4846
f 3410//4847 3383//4847 3381//4847
f 3410//4848 3411//4848 3383//4848
f 3346//4849 3412//4849 3365//4849
f 3411//4850 3307//4850 3383//4850
f 3352//4851 3346//4851 3365//4851
f 3413//4852 3348//4852 3367//4852
f 3307//4853 3411//4853 3386//4853
f 3386//4854 3411//4854 3394//4854
f 3367//4855 3348//4855 3352//4855
f 1912//4856 3414//4856 1939//4856
f 3415//4857 3366//4857 3416//4857
f 3416//4858 3366//4858 3365//4858
f 3386//4859 3388//4859 3308//4859
f 3390//4860 3388//4860 3386//4860
f 3299//4861 3293//4861 3415//4861
f 3415//4862 3293//4862 3366//4862
f 3415//4863 3384//4863 3299//4863
f 3384//4864 3306//4864 3299//4864
f 3300//4865 3293//4865 3298//4865
f 1976//4866 3317//4866 1975//4866
f 3303//4867 3417//4867 3382//4867
f 3291//4868 3293//4868 3300//4868
f 3302//4869 3417//4869 3303//4869
f 3398//4870 3417//4870 3302//4870
f 1971//4871 3317//4871 1976//4871
f 3300//4872 3299//4872 3304//4872
f 3392//4873 3315//4873 3375//4873
f 3418//4874 3328//4874 3327//4874
f 3397//4875 3315//4875 3392//4875
f 3300//4876 3311//4876 3291//4876
f 3327//4877 3329//4877 3347//4877
f 3399//4878 3328//4878 3418//4878
f 3350//4879 3315//4879 3397//4879
f 3399//4880 3334//4880 3328//4880
f 3312//4881 3315//4881 3400//4881
f 3401//4882 3334//4882 3399//4882
f 3400//4883 3315//4883 3350//4883
f 3333//4884 3321//4884 3331//4884
f 3319//4885 3321//4885 3333//4885
f 3321//4886 3391//4886 3331//4886
f 3351//4887 3350//4887 3397//4887
f 3401//4888 3409//4888 3334//4888
f 3405//4889 3391//4889 3310//4889
f 3332//4890 3391//4890 3405//4890
f 3331//4891 3391//4891 3332//4891
f 3399//4892 3312//4892 3400//4892
f 2551//4893 3405//4893 3310//4893
f 3360//4894 3409//4894 3401//4894
f 3329//4895 3352//4895 3348//4895
f 3360//4896 3370//4896 3409//4896
f 3377//4897 3407//4897 3408//4897
f 3413//4898 3347//4898 3348//4898
f 1961//4899 1953//4899 3406//4899
f 3403//4900 3371//4900 3360//4900
f 3360//4901 3371//4901 3370//4901
f 3406//4902 3380//4902 3408//4902
f 1953//4903 3410//4903 3380//4903
f 3357//4904 3349//4904 3337//4904
f 1953//4905 1954//4905 3410//4905
f 3356//4906 3371//4906 3403//4906
f 3414//4907 1954//4907 1939//4907
f 1954//4908 3411//4908 3410//4908
f 3414//4909 3411//4909 1954//4909
f 3356//4910 3377//4910 3371//4910
f 3403//4911 3349//4911 3356//4911
f 3414//4912 3394//4912 3411//4912
f 3394//4913 3390//4913 3386//4913
f 3402//4914 3404//4914 3357//4914
f 3357//4915 3404//4915 3356//4915
f 3417//4916 3374//4916 3382//4916
f 3414//4917 1912//4917 3394//4917
f 3323//4918 3407//4918 3356//4918
f 3356//4919 3407//4919 3377//4919
f 3294//4920 3374//4920 3297//4920
f 3374//4921 3417//4921 3297//4921
f 3322//4922 3407//4922 3323//4922
f 3323//4923 3356//4923 3404//4923
f 3346//4924 3409//4924 3412//4924
f 3412//4925 3409//4925 3372//4925
f 3372//4926 3409//4926 3370//4926
f 3322//4927 1961//4927 3407//4927
f 3398//4928 3297//4928 3417//4928
f 3412//4929 3416//4929 3365//4929
f 3372//4930 3416//4930 3412//4930
f 3395//4931 3301//4931 3319//4931
f 1971//4932 1961//4932 3322//4932
f 3367//4933 3368//4933 3413//4933
f 3379//4934 3416//4934 3372//4934
f 3368//4935 3293//4935 3292//4935
f 3292//4936 3373//4936 3368//4936
f 3368//4937 3373//4937 3413//4937
f 3314//4938 3316//4938 3312//4938
f 3352//4939 3366//4939 3368//4939
f 3376//4940 3384//4940 3379//4940
f 3379//4941 3384//4941 3416//4941
f 3416//4942 3384//4942 3415//4942
f 3413//4943 3373//4943 3369//4943
f 3418//4944 3313//4944 3312//4944
f 3399//4945 3418//4945 3312//4945
f 1452//4946 1451//4946 3419//4946
f 1442//4947 1440//4947 3363//4947
f 3419//4948 1451//4948 3420//4948
f 443//4949 446//4949 3421//4949
f 3363//4950 1440//4950 3358//4950
f 1451//4951 3422//4951 3420//4951
f 446//4952 1435//4952 3421//4952
f 1440//4953 1436//4953 3358//4953
f 3421//4954 1435//4954 3423//4954
f 1451//4955 1449//4955 3422//4955
f 1435//4956 1439//4956 3423//4956
f 3358//4957 1436//4957 3343//4957
f 1436//4958 1434//4958 3343//4958
f 3343//4959 1434//4959 3325//4959
f 3422//4960 1449//4960 3424//4960
f 1439//4961 1441//4961 3423//4961
f 3423//4962 1441//4962 3314//4962
f 1449//4963 1447//4963 3424//4963
f 1434//4964 1432//4964 3325//4964
f 3325//4965 1432//4965 3326//4965
f 3314//4966 1441//4966 3389//4966
f 3424//4967 1447//4967 3425//4967
f 1447//4968 1446//4968 3425//4968
f 1432//4969 1431//4969 3326//4969
f 3326//4970 1431//4970 3426//4970
f 3425//4971 437//4971 439//4971
f 1446//4972 437//4972 3425//4972
f 1441//4973 1442//4973 3389//4973
f 3389//4974 1442//4974 3363//4974
f 1431//4975 1452//4975 3426//4975
f 3426//4976 1452//4976 3419//4976
f 3427//4977 1457//4977 3428//4977
f 1460//4978 1457//4978 3427//4978
f 1468//4979 1466//4979 3429//4979
f 3429//4980 1466//4980 3430//4980
f 3428//4981 1455//4981 3431//4981
f 1457//4982 1455//4982 3428//4982
f 417//4983 1458//4983 418//4983
f 418//4984 1458//4984 3432//4984
f 3430//4985 411//4985 413//4985
f 1466//4986 411//4986 3430//4986
f 3431//4987 1455//4987 3433//4987
f 1455//4988 1454//4988 3433//4988
f 1458//4989 1461//4989 3432//4989
f 3432//4990 1461//4990 3434//4990
f 3433//4991 1454//4991 3435//4991
f 1454//4992 1471//4992 3435//4992
f 1461//4993 1463//4993 3434//4993
f 3434//4994 1463//4994 3436//4994
f 3435//4995 1471//4995 3437//4995
f 1471//4996 1470//4996 3437//4996
f 3437//4997 1470//4997 3438//4997
f 1463//4998 1460//4998 3436//4998
f 3436//4999 1460//4999 3427//4999
f 1470//5000 1468//5000 3438//5000
f 3438//5001 1468//5001 3429//5001
f 3439//5002 3440//5002 3441//5002
f 3440//5003 394//5003 3441//5003
f 3441//5004 394//5004 391//5004
f 390//5005 3442//5005 3443//5005
f 389//5006 3442//5006 390//5006
f 3443//5007 3444//5007 3445//5007
f 3442//5008 3444//5008 3443//5008
f 3445//5009 3444//5009 3446//5009
f 3444//5010 3447//5010 3446//5010
f 3446//5011 3447//5011 3448//5011
f 3447//5012 3449//5012 3448//5012
f 3448//5013 3449//5013 3439//5013
f 3449//5014 3440//5014 3439//5014
f 3450//5015 3451//5015 3452//5015
f 3340//5016 3453//5016 3454//5016
f 3454//5017 3455//5017 3456//5017
f 3457//5018 3458//5018 3459//5018
f 3460//5019 3461//5019 3462//5019
f 3463//5020 3461//5020 3460//5020
f 3450//5021 3464//5021 3451//5021
f 3465//5022 3466//5022 3467//5022
f 3468//5023 3469//5023 3470//5023
f 3471//5024 3472//5024 3473//5024
f 3326//5025 3474//5025 3324//5025
f 3456//5026 3475//5026 3476//5026
f 3468//5027 3477//5027 3469//5027
f 3478//5028 3479//5028 3480//5028
f 3453//5029 3481//5029 3454//5029
f 3463//5030 3482//5030 3461//5030
f 3454//5031 3481//5031 3455//5031
f 3324//5032 3474//5032 3483//5032
f 3451//5033 3472//5033 3471//5033
f 3326//5034 3426//5034 3474//5034
f 3484//5035 3485//5035 3457//5035
f 3476//5036 3486//5036 3487//5036
f 3488//5037 3489//5037 3466//5037
f 3490//5038 3477//5038 3468//5038
f 3450//5039 3491//5039 3464//5039
f 3462//5040 3485//5040 3484//5040
f 3483//5041 3492//5041 3453//5041
f 3473//5042 3472//5042 3493//5042
f 3453//5043 3492//5043 3481//5043
f 3456//5044 3455//5044 3475//5044
f 3469//5045 3482//5045 3463//5045
f 3488//5046 3494//5046 3489//5046
f 3476//5047 3475//5047 3486//5047
f 3490//5048 3480//5048 3477//5048
f 3487//5049 3486//5049 3495//5049
f 3462//5050 3496//5050 3485//5050
f 3464//5051 3497//5051 3451//5051
f 3451//5052 3497//5052 3472//5052
f 3457//5053 3452//5053 3458//5053
f 3479//5054 3494//5054 3488//5054
f 3483//5055 3470//5055 3492//5055
f 3469//5056 3488//5056 3482//5056
f 3485//5057 3452//5057 3457//5057
f 3486//5058 3498//5058 3495//5058
f 3461//5059 3465//5059 3462//5059
f 3462//5060 3465//5060 3496//5060
f 3474//5061 3468//5061 3483//5061
f 3483//5062 3468//5062 3470//5062
f 3464//5063 3499//5063 3497//5063
f 3477//5064 3488//5064 3469//5064
f 3491//5065 3499//5065 3464//5065
f 3472//5066 3500//5066 3493//5066
f 3466//5067 3501//5067 3467//5067
f 3475//5068 3460//5068 3486//5068
f 3458//5069 3471//5069 3502//5069
f 3485//5070 3450//5070 3452//5070
f 3477//5071 3479//5071 3488//5071
f 3482//5072 3465//5072 3461//5072
f 3455//5073 3460//5073 3475//5073
f 3496//5074 3450//5074 3485//5074
f 3466//5075 3489//5075 3501//5075
f 3491//5076 3503//5076 3499//5076
f 3452//5077 3471//5077 3458//5077
f 3467//5078 3503//5078 3491//5078
f 3474//5079 3490//5079 3468//5079
f 3426//5080 3490//5080 3474//5080
f 3472//5081 3497//5081 3500//5081
f 3477//5082 3480//5082 3479//5082
f 3486//5083 3484//5083 3498//5083
f 3467//5084 3501//5084 3503//5084
f 1578//5085 3456//5085 3504//5085
f 3354//5086 3456//5086 1578//5086
f 3481//5087 3463//5087 3455//5087
f 3455//5087 3463//5087 3460//5087
f 3340//5088 3454//5088 3344//5088
f 3342//5089 3453//5089 3340//5089
f 3482//5090 3466//5090 3465//5090
f 3344//5091 3456//5091 3354//5091
f 3479//5092 3478//5092 3494//5092
f 3465//5093 3491//5093 3496//5093
f 3496//5094 3491//5094 3450//5094
f 3489//5095 3505//5095 3501//5095
f 3344//5096 3454//5096 3456//5096
f 3498//5097 3484//5097 3459//5097
f 3456//5098 3476//5098 3504//5098
f 3504//5099 3476//5099 3506//5099
f 3494//5100 3507//5100 3489//5100
f 3489//5101 3507//5101 3505//5101
f 3335//5102 3483//5102 3342//5102
f 3342//5103 3483//5103 3453//5103
f 3460//5104 3462//5104 3486//5104
f 3486//5105 3462//5105 3484//5105
f 3501//5106 3505//5106 3503//5106
f 3492//5107 3463//5107 3481//5107
f 3494//5108 3478//5108 3507//5108
f 3482//5109 3488//5109 3466//5109
f 3452//5110 3451//5110 3471//5110
f 3465//5111 3467//5111 3491//5111
f 3476//5112 3487//5112 3506//5112
f 3324//5113 3483//5113 3335//5113
f 3484//5114 3457//5114 3459//5114
f 3492//5115 3469//5115 3463//5115
f 3470//5116 3469//5116 3492//5116
f 3508//5117 3509//5117 3510//5117
f 3511//5118 1748//5118 1851//5118
f 3512//5119 3513//5119 3514//5119
f 3512//5120 3515//5120 3516//5120
f 3512//5121 3514//5121 3515//5121
f 3517//5122 3518//5122 3519//5122
f 3520//5123 3511//5123 1851//5123
f 3521//5124 3522//5124 3523//5124
f 3521//5125 3524//5125 3522//5125
f 3520//5126 1851//5126 1866//5126
f 3525//5127 3520//5127 1866//5127
f 3512//5128 3526//5128 3513//5128
f 1889//5129 3525//5129 1866//5129
f 1889//5130 3527//5130 3525//5130
f 1904//5131 3527//5131 1889//5131
f 1904//5132 3528//5132 3527//5132
f 3529//5133 3528//5133 1904//5133
f 3529//5134 3530//5134 3528//5134
f 3531//5135 3532//5135 3518//5135
f 3531//5136 3533//5136 3532//5136
f 3534//5137 3535//5137 3536//5137
f 3526//5138 3537//5138 3538//5138
f 3539//5139 3530//5139 3529//5139
f 3519//5140 3540//5140 3524//5140
f 3519//5141 3524//5141 3521//5141
f 3539//5142 3541//5142 3530//5142
f 3537//5143 3516//5143 3540//5143
f 3537//5144 3540//5144 3519//5144
f 3539//5145 3529//5145 1932//5145
f 3539//5146 1932//5146 1930//5146
f 3535//5147 3542//5147 3543//5147
f 3535//5148 3544//5148 3542//5148
f 3545//5149 3541//5149 3539//5149
f 3545//5150 1930//5150 1947//5150
f 3545//5151 3539//5151 1930//5151
f 3538//5152 3546//5152 3547//5152
f 3547//5153 3548//5153 3549//5153
f 3545//5154 3550//5154 3541//5154
f 3547//5155 3551//5155 3548//5155
f 3546//5156 3538//5156 3552//5156
f 3553//5157 3536//5157 3554//5157
f 3545//5158 1947//5158 1962//5158
f 3550//5159 3555//5159 3556//5159
f 3550//5160 3557//5160 3555//5160
f 3558//5161 3498//5161 3459//5161
f 3559//5162 3547//5162 3546//5162
f 3559//5163 3551//5163 3547//5163
f 3560//5164 3561//5164 3553//5164
f 3560//5165 3553//5165 3554//5165
f 3562//5166 3563//5166 3564//5166
f 3565//5167 1962//5167 1960//5167
f 3562//5168 3566//5168 3563//5168
f 3567//5169 3554//5169 3543//5169
f 3546//5170 3552//5170 3568//5170
f 1560//5171 3567//5171 3542//5171
f 3569//5172 3570//5172 3571//5172
f 3569//5173 3571//5173 3572//5173
f 3552//5174 3533//5174 3568//5174
f 3554//5175 3567//5175 3573//5175
f 3555//5176 3557//5176 3564//5176
f 3563//5177 3555//5177 3564//5177
f 3568//5178 3559//5178 3546//5178
f 3567//5179 3574//5179 3573//5179
f 3561//5180 3575//5180 3576//5180
f 3577//5181 3566//5181 3578//5181
f 3531//5182 3518//5182 3579//5182
f 3578//5183 3566//5183 3580//5183
f 3561//5184 3560//5184 3575//5184
f 3581//5185 3582//5185 3583//5185
f 3554//5186 3573//5186 3584//5186
f 3554//5187 3584//5187 3560//5187
f 3581//5188 3585//5188 3586//5188
f 3581//5189 3586//5189 3587//5189
f 3581//5190 3587//5190 3582//5190
f 3585//5191 1968//5191 1970//5191
f 3586//5192 3585//5192 3588//5192
f 3584//5193 3575//5193 3560//5193
f 3502//5194 3471//5194 3589//5194
f 3586//5195 3590//5195 3587//5195
f 3591//5196 3592//5196 3593//5196
f 3594//5197 3595//5197 3596//5197
f 3594//5198 3597//5198 3595//5198
f 3598//5199 3586//5199 3588//5199
f 3579//5200 3558//5200 3599//5200
f 1575//5201 3600//5201 3601//5201
f 3602//5202 3590//5202 3598//5202
f 3602//5203 3591//5203 3590//5203
f 3603//5204 3604//5204 3605//5204
f 3603//5205 3592//5205 3604//5205
f 3459//5206 3458//5206 3599//5206
f 3558//5207 3606//5207 3495//5207
f 3604//5208 3602//5208 3605//5208
f 3588//5209 1970//5209 1977//5209
f 3598//5210 3607//5210 3602//5210
f 3608//5211 3595//5211 3609//5211
f 3609//5212 3610//5212 3608//5212
f 3554//5213 3535//5213 3543//5213
f 3605//5214 3611//5214 3612//5214
f 3610//5215 3609//5215 3613//5215
f 3607//5216 3614//5216 3602//5216
f 3615//5217 3616//5217 3605//5217
f 3610//5218 3613//5218 3617//5218
f 3618//5219 3607//5219 3619//5219
f 3616//5220 3615//5220 3620//5220
f 3618//5221 3614//5221 3607//5221
f 3621//5222 3619//5222 1977//5222
f 3618//5223 3619//5223 3622//5223
f 3623//5224 3624//5224 3569//5224
f 3613//5225 3616//5225 3620//5225
f 3623//5226 3569//5226 3572//5226
f 3625//5227 3623//5227 3572//5227
f 3611//5228 3626//5228 3612//5228
f 3626//5229 3614//5229 3627//5229
f 3626//5230 3611//5230 3614//5230
f 3618//5231 3627//5231 3614//5231
f 3628//5232 3493//5232 3548//5232
f 3629//5233 3612//5233 3626//5233
f 3514//5234 3610//5234 3617//5234
f 3628//5235 3473//5235 3493//5235
f 3515//5236 3617//5236 3620//5236
f 3589//5237 3473//5237 3628//5237
f 3630//5238 3620//5238 3615//5238
f 3629//5239 3630//5239 3615//5239
f 3610//5240 3513//5240 3549//5240
f 3610//5241 3514//5241 3513//5241
f 3631//5242 3627//5242 3618//5242
f 3632//5243 3630//5243 3629//5243
f 3522//5244 3629//5244 3627//5244
f 3633//5245 3506//5245 3634//5245
f 3633//5246 3504//5246 3506//5246
f 3515//5247 3514//5247 3617//5247
f 3515//5248 3635//5248 3516//5248
f 3636//5249 3637//5249 3631//5249
f 3633//5250 1578//5250 3504//5250
f 3635//5251 3630//5251 3632//5251
f 1576//5252 1578//5252 3633//5252
f 3525//5253 3638//5253 3625//5253
f 3638//5254 3639//5254 3623//5254
f 3640//5255 1853//5255 1924//5255
f 3637//5256 3509//5256 3631//5256
f 3525//5257 3625//5257 3511//5257
f 3641//5258 3636//5258 1974//5258
f 3641//5259 3637//5259 3636//5259
f 3509//5260 3534//5260 3627//5260
f 3635//5261 3632//5261 3524//5261
f 3528//5262 3639//5262 3638//5262
f 3572//5263 1793//5263 1778//5263
f 3642//5264 3572//5264 1778//5264
f 3642//5265 3625//5265 3572//5265
f 3522//5266 3524//5266 3632//5266
f 3527//5267 3638//5267 3525//5267
f 3643//5268 3550//5268 3545//5268
f 3643//5269 3545//5269 1962//5269
f 3523//5270 3522//5270 3534//5270
f 3557//5271 3550//5271 3643//5271
f 3527//5272 3528//5272 3638//5272
f 3526//5273 3512//5273 3516//5273
f 3644//5274 3643//5274 1962//5274
f 3644//5275 1962//5275 3565//5275
f 3526//5276 3645//5276 3513//5276
f 3646//5277 3643//5277 3644//5277
f 3646//5278 3557//5278 3643//5278
f 3508//5279 3535//5279 3534//5279
f 3647//5280 3564//5280 3557//5280
f 3646//5281 3647//5281 3557//5281
f 3646//5282 3644//5282 3565//5282
f 3524//5283 3540//5283 3635//5283
f 3647//5284 3562//5284 3564//5284
f 3510//5285 3544//5285 3535//5285
f 3510//5286 3535//5286 3508//5286
f 3534//5287 3536//5287 3523//5287
f 3648//5288 3639//5288 3528//5288
f 3646//5289 3583//5289 3647//5289
f 3565//5290 3583//5290 3646//5290
f 3537//5291 3526//5291 3516//5291
f 3641//5292 3544//5292 3510//5292
f 3565//5293 1960//5293 1968//5293
f 3577//5294 3578//5294 3649//5294
f 3549//5295 3645//5295 3547//5295
f 3581//5296 3583//5296 3565//5296
f 1968//5297 3581//5297 3565//5297
f 3544//5298 3641//5298 3542//5298
f 3519//5299 3521//5299 3523//5299
f 3582//5300 3562//5300 3647//5300
f 3523//5301 3517//5301 3519//5301
f 3582//5302 3647//5302 3583//5302
f 3538//5303 3547//5303 3645//5303
f 3530//5304 3648//5304 3528//5304
f 3538//5305 3645//5305 3526//5305
f 3566//5306 3562//5306 3593//5306
f 3648//5307 3650//5307 3639//5307
f 3536//5308 3535//5308 3554//5308
f 3536//5309 3517//5309 3523//5309
f 3582//5310 3593//5310 3562//5310
f 3552//5311 3538//5311 3537//5311
f 3529//5312 1904//5312 1910//5312
f 3593//5313 3580//5313 3566//5313
f 3593//5314 3651//5314 3580//5314
f 3585//5315 3581//5315 1968//5315
f 3587//5316 3593//5316 3582//5316
f 3553//5317 3517//5317 3536//5317
f 3543//5318 3542//5318 3567//5318
f 3537//5319 3519//5319 3532//5319
f 3552//5320 3537//5320 3532//5320
f 3608//5321 3649//5321 3596//5321
f 3587//5322 3591//5322 3593//5322
f 1932//5323 3529//5323 1910//5323
f 3541//5324 3648//5324 3530//5324
f 3590//5325 3591//5325 3587//5325
f 3592//5326 3651//5326 3593//5326
f 3551//5327 3628//5327 3548//5327
f 3588//5328 3585//5328 1970//5328
f 3603//5329 3580//5329 3651//5329
f 3556//5330 3650//5330 3648//5330
f 3541//5331 3556//5331 3648//5331
f 3592//5332 3603//5332 3651//5332
f 3518//5333 3517//5333 3576//5333
f 3559//5334 3628//5334 3551//5334
f 3561//5335 3517//5335 3553//5335
f 3604//5336 3592//5336 3591//5336
f 3552//5337 3532//5337 3533//5337
f 3556//5338 3652//5338 3650//5338
f 3602//5339 3604//5339 3591//5339
f 3628//5340 3559//5340 3589//5340
f 3619//5341 3598//5341 3588//5341
f 3561//5342 3576//5342 3517//5342
f 3616//5343 3597//5343 3603//5343
f 3619//5344 3588//5344 1977//5344
f 3568//5345 3589//5345 3559//5345
f 3605//5346 3616//5346 3603//5346
f 3611//5347 3605//5347 3602//5347
f 3574//5348 3567//5348 1560//5348
f 3550//5349 3556//5349 3541//5349
f 3653//5350 3652//5350 3556//5350
f 3555//5351 3653//5351 3556//5351
f 3576//5352 3579//5352 3518//5352
f 1962//5353 1947//5353 1952//5353
f 3502//5354 3589//5354 3568//5354
f 3533//5355 3502//5355 3568//5355
f 3555//5356 3652//5356 3653//5356
f 3579//5357 3576//5357 3558//5357
f 3471//5358 3473//5358 3589//5358
f 3601//5359 3573//5359 3574//5359
f 3601//5360 3574//5360 1560//5360
f 3601//5361 1560//5361 1575//5361
f 3577//5362 3649//5362 3652//5362
f 3621//5363 3622//5363 3619//5363
f 3621//5364 1977//5364 1973//5364
f 3531//5365 3599//5365 3533//5365
f 3502//5366 3533//5366 3599//5366
f 3563//5367 3577//5367 3652//5367
f 3563//5368 3652//5368 3555//5368
f 3584//5369 3573//5369 3654//5369
f 3612//5370 3629//5370 3615//5370
f 3584//5371 3655//5371 3575//5371
f 3606//5372 3576//5372 3575//5372
f 3606//5373 3558//5373 3576//5373
f 3579//5374 3599//5374 3531//5374
f 3575//5375 3655//5375 3606//5375
f 3654//5376 3655//5376 3584//5376
f 3566//5377 3577//5377 3563//5377
f 3601//5378 3654//5378 3573//5378
f 3599//5379 3458//5379 3502//5379
f 3636//5380 3621//5380 1973//5380
f 3627//5381 3629//5381 3626//5381
f 3636//5382 1973//5382 1974//5382
f 3601//5383 3600//5383 3654//5383
f 3635//5384 3515//5384 3620//5384
f 3635//5385 3620//5385 3630//5385
f 3654//5386 3634//5386 3655//5386
f 3600//5387 1575//5387 1576//5387
f 3459//5388 3599//5388 3558//5388
f 3634//5389 3654//5389 3600//5389
f 3634//5390 3506//5390 3655//5390
f 3637//5391 3510//5391 3509//5391
f 3495//5392 3498//5392 3558//5392
f 3495//5393 3606//5393 3487//5393
f 3534//5394 3509//5394 3508//5394
f 3655//5395 3487//5395 3606//5395
f 3655//5396 3506//5396 3487//5396
f 3633//5397 3600//5397 1576//5397
f 3641//5398 3510//5398 3637//5398
f 3633//5399 3634//5399 3600//5399
f 3640//5400 1924//5400 3656//5400
f 3645//5401 3549//5401 3513//5401
f 3596//5402 3649//5402 3578//5402
f 3596//5403 3578//5403 3594//5403
f 3580//5404 3594//5404 3578//5404
f 3641//5405 1974//5405 1561//5405
f 1924//5406 1894//5406 3656//5406
f 3540//5407 3516//5407 3635//5407
f 3580//5408 3597//5408 3594//5408
f 3580//5409 3603//5409 3597//5409
f 3595//5410 3608//5410 3596//5410
f 1894//5411 3570//5411 3656//5411
f 1894//5412 3571//5412 3570//5412
f 1894//5413 1875//5413 3571//5413
f 3590//5414 3586//5414 3598//5414
f 3609//5415 3595//5415 3597//5415
f 3571//5416 1875//5416 1793//5416
f 1793//5417 3572//5417 3571//5417
f 3609//5418 3597//5418 3613//5418
f 3619//5419 3607//5419 3598//5419
f 3616//5420 3613//5420 3597//5420
f 3542//5421 3641//5421 1561//5421
f 3612//5422 3615//5422 3605//5422
f 3614//5423 3611//5423 3602//5423
f 3620//5424 3617//5424 3613//5424
f 3642//5425 1778//5425 1748//5425
f 3622//5426 3621//5426 3636//5426
f 3622//5427 3631//5427 3618//5427
f 3622//5428 3636//5428 3631//5428
f 3625//5429 3638//5429 3623//5429
f 3511//5430 3625//5430 3642//5430
f 3631//5431 3509//5431 3627//5431
f 3522//5432 3632//5432 3629//5432
f 3532//5433 3519//5433 3518//5433
f 3542//5434 1561//5434 1560//5434
f 1748//5435 3511//5435 3642//5435
f 3522//5436 3627//5436 3534//5436
f 3520//5437 3525//5437 3511//5437
f 3657//5438 1475//5438 1480//5438
f 3657//5439 1480//5439 3658//5439
f 1475//5440 3659//5440 1476//5440
f 3657//5441 3659//5441 1475//5441
f 1476//5442 3660//5442 1482//5442
f 3659//5443 3660//5443 1476//5443
f 3661//5444 1483//5444 1482//5444
f 3661//5445 1482//5445 3660//5445
f 3661//5446 3662//5446 1483//5446
f 1483//5447 3662//5447 1481//5447
f 1481//5448 3663//5448 1477//5448
f 3662//5449 3663//5449 1481//5449
f 3663//5450 3664//5450 1473//5450
f 1477//5451 3663//5451 1473//5451
f 3664//5452 3665//5452 1473//5452
f 1473//5453 3665//5453 1474//5453
f 3665//5454 3666//5454 1474//5454
f 1474//5455 3666//5455 1484//5455
f 1484//5456 3666//5456 3667//5456
f 1484//5457 3667//5457 1478//5457
f 1478//5458 3667//5458 1479//5458
f 3667//5459 3668//5459 1479//5459
f 1479//5460 3668//5460 1480//5460
f 3668//5461 3658//5461 1480//5461
f 3669//5462 1495//5462 1487//5462
f 3669//5463 1487//5463 3670//5463
f 1495//5464 3671//5464 1497//5464
f 3669//5465 3671//5465 1495//5465
f 1497//5466 3672//5466 1489//5466
f 3671//5467 3672//5467 1497//5467
f 3673//5468 1488//5468 1489//5468
f 3673//5469 1489//5469 3672//5469
f 1488//5470 3673//5470 1493//5470
f 3673//5471 3674//5471 1493//5471
f 1493//5472 3674//5472 1494//5472
f 1494//5473 3675//5473 1490//5473
f 3674//5474 3675//5474 1494//5474
f 3675//5475 3676//5475 1491//5475
f 1490//5476 3675//5476 1491//5476
f 1491//5477 3677//5477 1496//5477
f 3676//5478 3677//5478 1491//5478
f 1496//5479 3678//5479 1492//5479
f 3677//5480 3678//5480 1496//5480
f 1492//5481 3678//5481 3679//5481
f 1492//5482 3679//5482 1485//5482
f 1485//5483 3679//5483 1486//5483
f 3679//5484 3680//5484 1486//5484
f 3680//5485 3670//5485 1486//5485
f 1486//5486 3670//5486 1487//5486
f 1509//5487 1507//5487 3681//5487
f 3682//5488 1509//5488 3681//5488
f 3682//5489 3683//5489 1509//5489
f 1509//5490 3683//5490 1502//5490
f 3683//5491 3684//5491 1502//5491
f 1502//5492 3685//5492 1499//5492
f 3684//5493 3685//5493 1502//5493
f 3686//5494 1498//5494 1499//5494
f 3686//5495 1499//5495 3685//5495
f 1498//5496 3687//5496 1504//5496
f 3686//5497 3687//5497 1498//5497
f 1504//5498 3687//5498 1503//5498
f 3687//5499 3688//5499 1503//5499
f 1503//5500 3688//5500 1500//5500
f 3688//5501 3689//5501 1501//5501
f 1500//5502 3688//5502 1501//5502
f 1501//5503 3690//5503 1510//5503
f 3689//5478 3690//5478 1501//5478
f 1510//5504 3691//5504 1508//5504
f 3690//5480 3691//5480 1510//5480
f 1508//5505 3691//5505 3692//5505
f 1508//5506 3692//5506 1505//5506
f 1505//5507 3692//5507 1506//5507
f 3692//5508 3693//5508 1506//5508
f 3693//5509 3694//5509 1506//5509
f 1506//5510 3694//5510 1507//5510
f 3694//5511 3681//5511 1507//5511
f 3695//5512 1933//5512 3696//5512
f 3695//5513 1934//5513 1933//5513
f 3697//5514 3696//5514 1933//5514
f 1948//5515 1854//5515 3697//5515
f 1933//5516 1948//5516 3697//5516
f 3698//5517 1516//5517 3699//5517
f 1513//5518 1516//5518 3698//5518
f 1513//5519 3698//5519 1511//5519
f 3698//5520 3700//5520 1511//5520
f 3700//5521 3701//5521 1511//5521
f 1511//5522 3701//5522 1512//5522
f 1522//5523 3701//5523 3702//5523
f 1512//5524 3701//5524 1522//5524
f 1522//5525 3702//5525 1518//5525
f 3702//5526 3703//5526 1518//5526
f 1518//5527 3704//5527 1517//5527
f 3703//5528 3704//5528 1518//5528
f 1520//5529 3704//5529 3705//5529
f 1520//5530 1517//5530 3704//5530
f 3705//5531 3706//5531 1520//5531
f 1520//5532 3706//5532 1519//5532
f 1519//5533 3706//5533 1521//5533
f 3706//5534 3707//5534 1521//5534
f 3708//5535 1514//5535 3707//5535
f 3707//5536 1514//5536 1521//5536
f 1514//5537 3709//5537 1515//5537
f 3708//5538 3709//5538 1514//5538
f 3709//5539 3699//5539 1515//5539
f 1515//5540 3699//5540 1516//5540
f 3710//5541 1530//5541 3711//5541
f 1534//5542 1530//5542 3710//5542
f 1534//5543 3712//5543 1536//5543
f 3710//5544 3712//5544 1534//5544
f 3712//5545 3713//5545 1536//5545
f 1536//5546 3713//5546 1535//5546
f 1533//5547 3713//5547 3714//5547
f 1535//5548 3713//5548 1533//5548
f 1533//5549 3714//5549 1532//5549
f 1532//5550 3715//5550 1531//5550
f 3714//5551 3715//5551 1532//5551
f 1531//5552 3716//5552 1528//5552
f 3715//5553 3716//5553 1531//5553
f 1524//5554 3716//5554 3717//5554
f 1524//5555 1528//5555 3716//5555
f 1524//5556 3717//5556 1523//5556
f 1523//5557 3718//5557 1525//5557
f 3717//5558 3718//5558 1523//5558
f 3718//5559 3719//5559 1525//5559
f 1525//5560 3719//5560 1526//5560
f 3720//5561 1527//5561 3719//5561
f 3719//5562 1527//5562 1526//5562
f 1527//5563 3720//5563 1529//5563
f 3720//5564 3721//5564 1529//5564
f 1529//5565 3721//5565 1530//5565
f 3721//5566 3711//5566 1530//5566
f 384//5567 385//5567 1546//5567
f 385//5568 3722//5568 1546//5568
f 1546//5569 3722//5569 1545//5569
f 1545//5570 3723//5570 1551//5570
f 3722//5571 3723//5571 1545//5571
f 1551//5572 3723//5572 1550//5572
f 3723//5573 3724//5573 1550//5573
f 1550//5574 3724//5574 1552//5574
f 3724//5575 3725//5575 1552//5575
f 1552//5576 3725//5576 1553//5576
f 3725//5577 3726//5577 1553//5577
f 1553//5578 3726//5578 1549//5578
f 1549//5579 3727//5579 1547//5579
f 3726//5580 3727//5580 1549//5580
f 1547//5581 3727//5581 1548//5581
f 3727//5582 3728//5582 1548//5582
f 3728//5583 3729//5583 1548//5583
f 1548//5584 3729//5584 1544//5584
f 3729//5585 3730//5585 1544//5585
f 1544//5586 3730//5586 1541//5586
f 1541//5587 3730//5587 1543//5587
f 3730//5588 3731//5588 1543//5588
f 3731//5589 3732//5589 1543//5589
f 1543//5590 3732//5590 1542//5590
f 3732//5591 3733//5591 1542//5591
f 1542//5592 3733//5592 1539//5592
f 3733//5593 3734//5593 1539//5593
f 1539//5594 3734//5594 1540//5594
f 1540//5595 3735//5595 1537//5595
f 3734//5596 3735//5596 1540//5596
f 3735//5597 3736//5597 1537//5597
f 1537//5598 3736//5598 1538//5598
f 1538//5599 3736//5599 350//5599
f 3736//5600 3737//5600 350//5600
f 3737//5601 351//5601 350//5601
f 3738//5602 2047//5602 2013//5602
f 2047//5603 3738//5603 2046//5603
f 3739//5604 2391//5604 3740//5604
f 3741//5605 3742//5605 3743//5605
f 3739//5606 2393//5606 2391//5606
f 2180//5607 2176//5607 3744//5607
f 3745//5608 3746//5608 3747//5608
f 3748//5609 3749//5609 3750//5609
f 3741//5610 3743//5610 3751//5610
f 3752//5611 3753//5611 3754//5611
f 3755//5612 2393//5612 3739//5612
f 3756//5613 3757//5613 3752//5613
f 3756//5614 3746//5614 3757//5614
f 3741//5615 3758//5615 3742//5615
f 3759//5616 3750//5616 3749//5616
f 2180//5617 3760//5617 2401//5617
f 3761//5618 2394//5618 2393//5618
f 2180//5619 3744//5619 3760//5619
f 3755//5620 3761//5620 2393//5620
f 3758//5621 3741//5621 3762//5621
f 3763//5622 3764//5622 3750//5622
f 3765//5623 2394//5623 3761//5623
f 3766//5624 3761//5624 3767//5624
f 3768//5625 3758//5625 3762//5625
f 3768//5626 3769//5626 3758//5626
f 3770//5627 3767//5627 3769//5627
f 3747//5628 3746//5628 3771//5628
f 3756//5629 3771//5629 3746//5629
f 3772//5630 2397//5630 2396//5630
f 3773//5631 3770//5631 3769//5631
f 3774//5632 3775//5632 3760//5632
f 3776//5633 3768//5633 3762//5633
f 3777//5634 3778//5634 3779//5634
f 3780//5635 3781//5635 3782//5635
f 3783//5636 2397//5636 3772//5636
f 3773//5637 3784//5637 3770//5637
f 3785//5638 3770//5638 3784//5638
f 3786//5639 3784//5639 3773//5639
f 3778//5640 3775//5640 3774//5640
f 3760//5641 2873//5641 2401//5641
f 3764//5642 3787//5642 3777//5642
f 3788//5643 3763//5643 3789//5643
f 3747//5644 3780//5644 3790//5644
f 3754//5645 3756//5645 3752//5645
f 3788//5646 3787//5646 3764//5646
f 3791//5647 3789//5647 3763//5647
f 3792//5648 3791//5648 3781//5648
f 3793//5649 3794//5649 3795//5649
f 3796//5650 3792//5650 3781//5650
f 3797//5651 3798//5651 3771//5651
f 3795//5652 3799//5652 3800//5652
f 3801//5653 3795//5653 3800//5653
f 3802//5654 2890//5654 3803//5654
f 3804//5655 2373//5655 2371//5655
f 3798//5656 2890//5656 3802//5656
f 3798//5657 2887//5657 2890//5657
f 3805//5658 3806//5658 3807//5658
f 3796//5659 2880//5659 3792//5659
f 2862//5660 2880//5660 3796//5660
f 3803//5661 2890//5661 2860//5661
f 3803//5662 2860//5662 2862//5662
f 3803//5663 2862//5663 3796//5663
f 3808//5664 3809//5664 3810//5664
f 3811//5665 3758//5665 3769//5665
f 3811//5666 3769//5666 3812//5666
f 3813//5667 3786//5667 3773//5667
f 2400//5668 2398//5668 3814//5668
f 3815//5669 3816//5669 3817//5669
f 3786//5670 3813//5670 3818//5670
f 3819//5671 3784//5671 3786//5671
f 3820//5672 3815//5672 3817//5672
f 3821//5673 3822//5673 3823//5673
f 3799//5674 3818//5674 3800//5674
f 3824//5675 3825//5675 3826//5675
f 3824//5676 3827//5676 3825//5676
f 3807//5677 3828//5677 3829//5677
f 3807//5678 2158//5678 3828//5678
f 3795//5679 3801//5679 3830//5679
f 3807//5680 3829//5680 3809//5680
f 3807//5681 3809//5681 3805//5681
f 3831//5682 3809//5682 3829//5682
f 3743//5683 3823//5683 3751//5683
f 3832//5684 3809//5684 3831//5684
f 3801//5685 3800//5685 3817//5685
f 3810//5686 3809//5686 3832//5686
f 3760//5687 3775//5687 2873//5687
f 3833//5688 3817//5688 3800//5688
f 3806//5689 2159//5689 2157//5689
f 3834//5690 3833//5690 3824//5690
f 3835//5691 3836//5691 3830//5691
f 3837//5692 3832//5692 3836//5692
f 3838//5693 2297//5693 2046//5693
f 3835//5694 3837//5694 3836//5694
f 3837//5695 3810//5695 3832//5695
f 2297//5696 3838//5696 3839//5696
f 3834//5697 3817//5697 3833//5697
f 3817//5698 3816//5698 3801//5698
f 3806//5699 3840//5699 2159//5699
f 3806//5700 3841//5700 3840//5700
f 3842//5701 3841//5701 3806//5701
f 3788//5702 2848//5702 2850//5702
f 3843//5703 3844//5703 3839//5703
f 3840//5704 2167//5704 2159//5704
f 3845//5705 2322//5705 3844//5705
f 3845//5706 2334//5706 2322//5706
f 3789//5707 2880//5707 2848//5707
f 3789//5708 2848//5708 3788//5708
f 3846//5709 3824//5709 3826//5709
f 3847//5710 3845//5710 3844//5710
f 3848//5711 3847//5711 3844//5711
f 3848//5712 3844//5712 3843//5712
f 3842//5713 3849//5713 3841//5713
f 3792//5714 2880//5714 3789//5714
f 2352//5715 2334//5715 3845//5715
f 2350//5716 2352//5716 3850//5716
f 3846//5717 3851//5717 3834//5717
f 3852//5718 3841//5718 3849//5718
f 3852//5719 3840//5719 3841//5719
f 3739//5720 3740//5720 3755//5720
f 3812//5721 3755//5721 3740//5721
f 3812//5722 3740//5722 3811//5722
f 3853//5723 3804//5723 3854//5723
f 3846//5724 3855//5724 3851//5724
f 3767//5725 3755//5725 3812//5725
f 3767//5726 3761//5726 3755//5726
f 3853//5727 3856//5727 3804//5727
f 3751//5728 3762//5728 3741//5728
f 2394//5729 3765//5729 2396//5729
f 3820//5730 3851//5730 3855//5730
f 3820//5731 3817//5731 3851//5731
f 3766//5732 3765//5732 3761//5732
f 3767//5733 3770//5733 3766//5733
f 3808//5734 3857//5734 3858//5734
f 3808//5735 3858//5735 3859//5735
f 3808//5736 3859//5736 3860//5736
f 3815//5737 3820//5737 3861//5737
f 3862//5738 3856//5738 3853//5738
f 2396//5739 3765//5739 3772//5739
f 3863//5740 3862//5740 3853//5740
f 3864//5741 3862//5741 3863//5741
f 3766//5742 3770//5742 3785//5742
f 3776//5743 3769//5743 3768//5743
f 3765//5744 3766//5744 3785//5744
f 3865//5745 3852//5745 3849//5745
f 3852//5746 3866//5746 3840//5746
f 3867//5747 3868//5747 3862//5747
f 3864//5748 3867//5748 3862//5748
f 3773//5749 3769//5749 3776//5749
f 3861//5750 3820//5750 3855//5750
f 3859//5751 3858//5751 3869//5751
f 2398//5752 2397//5752 3783//5752
f 3867//5753 3870//5753 3868//5753
f 3785//5754 3772//5754 3765//5754
f 3861//5755 3871//5755 3815//5755
f 3776//5756 3762//5756 3872//5756
f 3873//5757 3870//5757 3867//5757
f 3742//5758 3873//5758 3867//5758
f 3865//5759 3859//5759 3874//5759
f 3773//5760 3776//5760 3813//5760
f 3875//5761 3783//5761 3772//5761
f 3875//5762 3772//5762 3785//5762
f 3865//5763 3876//5763 3852//5763
f 3865//5764 3874//5764 3876//5764
f 3811//5765 3740//5765 3873//5765
f 3742//5766 3811//5766 3873//5766
f 3757//5767 3861//5767 3855//5767
f 3877//5768 3871//5768 3861//5768
f 3872//5769 3813//5769 3776//5769
f 3758//5770 3811//5770 3742//5770
f 3757//5771 3877//5771 3861//5771
f 3813//5772 3872//5772 3826//5772
f 3874//5773 3859//5773 3748//5773
f 3753//5774 3757//5774 3855//5774
f 3877//5775 3745//5775 3871//5775
f 3814//5776 2398//5776 3783//5776
f 3794//5777 3785//5777 3784//5777
f 3794//5778 3784//5778 3819//5778
f 3794//5779 3875//5779 3785//5779
f 3757//5780 3746//5780 3877//5780
f 3769//5781 3767//5781 3812//5781
f 3878//5782 3774//5782 3866//5782
f 3877//5783 3746//5783 3745//5783
f 3814//5784 3783//5784 3879//5784
f 3826//5785 3825//5785 3813//5785
f 3880//5786 3876//5786 3874//5786
f 3880//5787 3874//5787 3881//5787
f 3786//5788 3799//5788 3819//5788
f 3828//5789 2400//5789 3814//5789
f 3882//5790 3749//5790 3869//5790
f 3883//5791 3875//5791 3794//5791
f 3882//5792 3759//5792 3749//5792
f 3883//5793 3879//5793 3875//5793
f 3883//5794 3794//5794 3793//5794
f 3828//5795 2158//5795 2400//5795
f 3828//5796 3814//5796 3829//5796
f 3878//5797 3880//5797 3884//5797
f 3818//5798 3799//5798 3786//5798
f 3819//5799 3795//5799 3794//5799
f 3879//5800 3829//5800 3814//5800
f 3878//5801 3884//5801 3774//5801
f 3818//5802 3825//5802 3827//5802
f 3774//5803 3744//5803 2176//5803
f 3818//5804 3827//5804 3800//5804
f 3799//5805 3795//5805 3819//5805
f 3885//5806 3759//5806 3882//5806
f 3880//5807 3881//5807 3884//5807
f 3885//5808 3782//5808 3759//5808
f 3879//5809 3831//5809 3829//5809
f 3879//5810 3883//5810 3831//5810
f 3748//5811 3750//5811 3764//5811
f 3790//5812 3745//5812 3747//5812
f 3779//5813 3774//5813 3884//5813
f 3764//5814 3881//5814 3748//5814
f 3775//5815 2883//5815 2873//5815
f 3883//5816 3836//5816 3832//5816
f 3779//5817 3884//5817 3777//5817
f 3883//5818 3793//5818 3836//5818
f 2158//5819 3807//5819 2157//5819
f 2883//5820 3775//5820 3778//5820
f 3759//5821 3782//5821 3781//5821
f 3750//5822 3781//5822 3791//5822
f 3750//5823 3791//5823 3763//5823
f 3827//5824 3833//5824 3800//5824
f 3760//5825 3744//5825 3774//5825
f 3759//5826 3781//5826 3750//5826
f 3777//5827 3884//5827 3881//5827
f 3777//5828 3881//5828 3764//5828
f 3824//5829 3833//5829 3827//5829
f 3779//5830 3778//5830 3774//5830
f 3836//5831 3795//5831 3830//5831
f 3836//5832 3793//5832 3795//5832
f 3839//5833 2307//5833 2297//5833
f 3790//5834 3780//5834 3782//5834
f 2157//5835 3807//5835 3806//5835
f 2315//5836 2307//5836 3839//5836
f 3778//5837 3777//5837 3787//5837
f 2322//5838 2315//5838 3844//5838
f 3844//5839 2315//5839 3839//5839
f 3764//5840 3763//5840 3788//5840
f 3796//5841 3781//5841 3780//5841
f 3780//5842 3747//5842 3802//5842
f 3771//5843 3756//5843 3797//5843
f 3801//5844 3816//5844 3830//5844
f 3805//5845 3842//5845 3806//5845
f 3845//5846 3847//5846 3850//5846
f 3845//5847 3850//5847 2352//5847
f 3830//5848 3816//5848 3835//5848
f 3780//5849 3803//5849 3796//5849
f 3780//5850 3802//5850 3803//5850
f 3789//5851 3791//5851 3792//5851
f 3809//5852 3842//5852 3805//5852
f 2850//5853 3778//5853 3787//5853
f 3809//5854 3860//5854 3842//5854
f 2850//5855 3787//5855 3788//5855
f 3837//5856 3808//5856 3810//5856
f 3847//5857 3886//5857 3850//5857
f 3850//5858 2371//5858 2350//5858
f 3848//5859 3822//5859 3847//5859
f 3848//5860 3843//5860 3822//5860
f 3808//5861 3860//5861 3809//5861
f 3886//5862 2371//5862 3850//5862
f 3835//5863 3816//5863 3815//5863
f 3804//5864 2371//5864 3886//5864
f 3887//5865 3837//5865 3835//5865
f 2886//5866 3798//5866 3797//5866
f 2886//5867 2887//5867 3798//5867
f 3875//5868 3879//5868 3783//5868
f 3886//5869 3854//5869 3804//5869
f 3818//5870 3813//5870 3825//5870
f 3887//5871 3835//5871 3815//5871
f 3831//5872 3883//5872 3832//5872
f 3856//5873 2377//5873 2373//5873
f 3857//5874 3808//5874 3837//5874
f 3854//5875 3886//5875 3847//5875
f 3856//5876 2373//5876 3804//5876
f 3834//5877 3824//5877 3846//5877
f 3822//5878 3854//5878 3847//5878
f 3887//5879 3857//5879 3837//5879
f 3851//5880 3817//5880 3834//5880
f 3849//5881 3842//5881 3860//5881
f 3849//5882 3860//5882 3859//5882
f 3849//5883 3859//5883 3865//5883
f 3853//5884 3854//5884 3822//5884
f 3866//5885 2167//5885 3840//5885
f 3821//5886 3853//5886 3822//5886
f 3757//5887 3753//5887 3752//5887
f 3782//5888 3885//5888 3745//5888
f 3782//5889 3745//5889 3790//5889
f 3866//5890 3852//5890 3878//5890
f 3888//5891 2384//5891 2377//5891
f 3888//5892 2377//5892 3856//5892
f 3888//5893 3856//5893 3862//5893
f 3871//5894 3857//5894 3887//5894
f 3756//5895 3754//5895 3797//5895
f 3871//5896 3887//5896 3815//5896
f 3863//5897 3853//5897 3821//5897
f 3798//5898 3802//5898 3747//5898
f 3798//5899 3747//5899 3771//5899
f 2883//5900 3778//5900 2850//5900
f 3863//5901 3821//5901 3823//5901
f 3866//5902 2176//5902 2167//5902
f 3868//5903 2384//5903 3888//5903
f 3868//5904 2386//5904 2384//5904
f 3868//5905 3888//5905 3862//5905
f 3876//5906 3878//5906 3852//5906
f 3869//5907 3858//5907 3857//5907
f 3864//5908 3863//5908 3823//5908
f 3882//5909 3857//5909 3871//5909
f 3869//5910 3857//5910 3882//5910
f 2176//5911 3866//5911 3774//5911
f 3885//5912 3882//5912 3871//5912
f 3870//5913 2388//5913 2386//5913
f 3870//5914 2386//5914 3868//5914
f 3745//5915 3885//5915 3871//5915
f 3748//5916 3859//5916 3869//5916
f 3870//5917 2390//5917 2388//5917
f 3864//5918 3823//5918 3743//5918
f 3748//5919 3869//5919 3749//5919
f 3753//5920 3855//5920 3846//5920
f 3753//5921 3846//5921 3754//5921
f 3743//5922 3867//5922 3864//5922
f 3880//5923 3878//5923 3876//5923
f 3740//5924 2390//5924 3870//5924
f 3740//5925 3870//5925 3873//5925
f 3748//5926 3881//5926 3874//5926
f 3743//5927 3742//5927 3867//5927
f 3740//5928 2391//5928 2390//5928
f 3889//5929 3890//5929 3891//5929
f 3892//5930 3893//5930 3894//5930
f 3895//5931 3896//5931 3897//5931
f 3898//5932 1817//5932 3899//5932
f 3900//5933 3901//5933 3902//5933
f 3903//5934 3904//5934 1832//5934
f 3905//5935 3903//5935 1832//5935
f 3906//5936 3907//5936 3908//5936
f 3909//5937 3910//5937 3911//5937
f 3909//5938 3912//5938 3910//5938
f 3913//5939 3914//5939 3915//5939
f 3913//5940 3915//5940 3916//5940
f 3917//5941 3918//5941 3919//5941
f 3917//5942 3916//5942 3918//5942
f 1601//5943 3920//5943 3921//5943
f 3922//5944 3923//5944 3924//5944
f 3925//5945 3926//5945 3927//5945
f 3925//5946 3927//5946 3928//5946
f 1600//5947 3920//5947 1601//5947
f 3929//5948 3920//5948 1600//5948
f 3930//5949 3931//5949 3932//5949
f 3933//5950 3934//5950 3935//5950
f 3936//5951 3937//5951 3929//5951
f 3938//5952 3939//5952 3940//5952
f 3938//5953 3941//5953 3939//5953
f 3942//5954 3943//5954 3937//5954
f 3942//5955 3937//5955 3936//5955
f 1832//5956 3904//5956 1829//5956
f 3944//5957 3945//5957 1917//5957
f 3942//5958 3946//5958 3943//5958
f 1874//5959 3946//5959 3942//5959
f 3947//5960 3948//5960 3949//5960
f 3947//5961 3949//5961 3950//5961
f 3951//5962 3900//5962 3902//5962
f 3952//5963 3953//5963 3946//5963
f 3952//5964 3946//5964 1874//5964
f 3951//5965 3902//5965 3926//5965
f 1685//5966 1687//5966 3954//5966
f 1662//5967 3896//5967 3953//5967
f 3955//5968 3908//5968 3912//5968
f 1662//5969 3953//5969 3952//5969
f 3956//5970 3957//5970 3958//5970
f 3956//5971 3958//5971 3959//5971
f 3960//5972 3896//5972 1662//5972
f 3961//5973 3962//5973 3963//5973
f 3964//5974 3965//5974 3966//5974
f 3964//5975 3930//5975 3965//5975
f 3967//5976 3968//5976 3969//5976
f 3970//5977 3897//5977 3954//5977
f 3967//5978 3971//5978 3968//5978
f 3905//5979 1832//5979 1836//5979
f 3899//5980 3972//5980 3898//5980
f 3972//5981 3925//5981 3928//5981
f 3973//5982 3974//5982 3975//5982
f 3973//5983 3975//5983 3957//5983
f 3976//5984 3977//5984 3978//5984
f 3979//5985 3931//5985 3930//5985
f 1685//5986 1662//5986 1841//5986
f 3897//5987 3970//5987 3895//5987
f 3696//5988 1927//5988 1934//5988
f 3980//5989 3961//5989 3981//5989
f 3933//5990 3982//5990 3983//5990
f 3984//5991 3985//5991 3986//5991
f 3984//5992 3987//5992 3985//5992
f 3988//5993 3959//5993 3989//5993
f 3990//5994 3991//5994 3948//5994
f 3992//5995 3993//5995 3994//5995
f 3995//5996 3996//5996 3971//5996
f 3995//5997 3997//5997 3996//5997
f 3990//5998 3998//5998 3991//5998
f 3999//5999 4000//5999 4001//5999
f 3999//6000 4001//6000 3920//6000
f 3997//6001 4002//6001 3996//6001
f 3900//6002 3940//6002 3901//6002
f 3992//6003 4003//6003 3993//6003
f 4004//6004 3933//6004 3935//6004
f 4004//6005 3935//6005 3974//6005
f 4005//6006 4006//6006 3945//6006
f 4007//6007 4008//6007 4009//6007
f 4007//6008 4010//6008 4008//6008
f 4011//6009 3972//6009 3899//6009
f 3995//6010 3971//6010 3967//6010
f 4005//6011 3945//6011 4012//6011
f 3967//6012 4013//6012 3995//6012
f 4014//6013 4013//6013 3967//6013
f 4014//6014 3967//6014 4015//6014
f 4016//6015 3895//6015 4017//6015
f 4018//6016 4019//6016 4020//6016
f 4018//6017 4020//6017 4021//6017
f 4015//6018 3965//6018 4014//6018
f 3938//6019 3940//6019 3900//6019
f 4022//6020 4017//6020 3966//6020
f 3965//6021 4015//6021 4022//6021
f 4023//6022 3934//6022 3983//6022
f 3966//6023 3965//6023 4022//6023
f 4024//6024 3966//6024 4017//6024
f 4025//6025 3899//6025 3904//6025
f 4026//6026 4027//6026 3989//6026
f 3976//6027 3978//6027 4028//6027
f 4029//6028 4030//6028 3941//6028
f 4031//6029 1836//6029 1838//6029
f 3934//6030 3933//6030 3983//6030
f 4031//6031 3905//6031 1836//6031
f 4024//6032 4032//6032 3966//6032
f 4033//6033 4027//6033 3892//6033
f 4033//6034 3988//6034 4027//6034
f 3894//6035 3931//6035 4034//6035
f 3894//6036 4034//6036 3892//6036
f 3892//6037 4027//6037 3893//6037
f 3922//6038 3924//6038 3962//6038
f 3930//6039 3964//6039 4035//6039
f 3930//6040 4035//6040 3979//6040
f 3931//6041 3979//6041 4036//6041
f 3931//6042 4036//6042 4034//6042
f 3964//6043 4037//6043 4035//6043
f 4038//6044 3959//6044 3988//6044
f 4038//6045 3956//6045 3959//6045
f 4039//6046 3892//6046 4034//6046
f 4034//6047 4040//6047 4039//6047
f 3977//6048 3976//6048 4041//6048
f 4042//6049 4041//6049 3982//6049
f 4043//6050 3979//6050 4035//6050
f 4044//6051 3925//6051 3972//6051
f 4045//6052 3906//6052 3908//6052
f 4040//6053 4043//6053 4046//6053
f 4040//6054 4036//6054 4043//6054
f 4037//6055 3964//6055 3966//6055
f 4047//6056 4048//6056 4049//6056
f 4047//6057 4050//6057 4048//6057
f 4037//6058 3966//6058 4032//6058
f 4051//6059 4040//6059 4046//6059
f 4051//6060 4046//6060 4052//6060
f 4053//6061 4054//6061 4003//6061
f 4055//6062 3919//6062 4056//6062
f 4057//6063 4021//6063 3998//6063
f 4051//6064 4058//6064 4059//6064
f 4029//6065 3941//6065 3938//6065
f 4051//6066 4052//6066 4058//6066
f 4055//6067 4056//6067 3923//6067
f 4058//6068 4052//6068 4060//6068
f 4061//6069 4062//6069 4063//6069
f 4062//6070 4064//6070 4063//6070
f 4062//6071 4065//6071 4064//6071
f 4025//6072 4011//6072 3899//6072
f 1685//6073 3960//6073 1662//6073
f 4066//6074 4031//6074 1838//6074
f 4066//6075 1838//6075 1616//6075
f 4067//6076 3938//6076 3900//6076
f 4047//6077 3957//6077 3956//6077
f 4047//6078 3973//6078 3957//6078
f 4068//6079 3982//6079 3933//6079
f 4016//6080 4069//6080 3953//6080
f 4016//6081 3953//6081 3896//6081
f 3961//6082 4070//6082 3962//6082
f 4004//6083 3974//6083 3973//6083
f 3925//6084 3951//6084 3926//6084
f 4071//6085 4072//6085 3906//6085
f 4073//6086 4074//6086 4054//6086
f 4073//6087 3987//6087 4074//6087
f 3937//6088 4075//6088 3929//6088
f 4076//6089 3950//6089 4000//6089
f 4076//6090 3947//6090 3950//6090
f 3977//6091 4041//6091 4042//6091
f 3970//6092 3954//6092 4006//6092
f 1598//6093 4066//6093 1616//6093
f 4077//6094 3922//6094 3962//6094
f 4068//6095 3933//6095 4004//6095
f 4078//6096 3912//6096 3909//6096
f 4012//6097 3945//6097 3944//6097
f 4078//6098 3955//6098 3912//6098
f 4079//6099 4029//6099 3938//6099
f 4045//6100 3908//6100 3955//6100
f 4040//6101 4034//6101 4036//6101
f 4080//6102 4009//6102 4019//6102
f 4080//6103 4007//6103 4009//6103
f 4049//6104 4004//6104 3973//6104
f 4039//6105 4033//6105 3892//6105
f 4081//6106 3916//6106 3917//6106
f 4081//6107 3913//6107 3916//6107
f 4082//6108 3914//6108 3913//6108
f 4082//6109 3994//6109 3914//6109
f 4083//6110 4030//6110 4029//6110
f 4084//6111 4042//6111 3982//6111
f 4084//6112 3982//6112 4068//6112
f 4085//6113 3999//6113 3920//6113
f 4085//6114 3920//6114 4075//6114
f 4011//6115 4044//6115 3972//6115
f 4086//6116 3911//6116 4010//6116
f 4086//6117 3909//6117 3911//6117
f 4087//6118 3961//6118 3980//6118
f 4088//6119 3998//6119 3990//6119
f 4088//6120 4057//6120 3998//6120
f 4042//6121 4089//6121 3977//6121
f 4090//6122 3951//6122 3925//6122
f 4091//6123 3990//6123 3948//6123
f 4092//6124 4093//6124 4030//6124
f 4091//6125 3948//6125 3947//6125
f 4094//6126 4067//6126 3900//6126
f 4094//6127 3900//6127 3951//6127
f 4015//6128 3969//6128 4069//6128
f 4015//6129 3967//6129 3969//6129
f 4079//6130 3938//6130 4067//6130
f 4050//6131 4047//6131 3956//6131
f 4057//6132 4018//6132 4021//6132
f 4050//6133 3956//6133 4038//6133
f 4095//6134 4038//6134 3988//6134
f 4095//6135 3988//6135 4033//6135
f 4096//6136 4033//6136 4039//6136
f 4097//6137 4025//6137 3904//6137
f 4077//6138 3962//6138 4070//6138
f 4073//6139 4098//6139 3985//6139
f 4073//6140 3985//6140 3987//6140
f 4099//6141 4004//6141 4049//6141
f 4099//6142 4068//6142 4004//6142
f 4071//6143 3906//6143 4045//6143
f 4092//6144 4100//6144 4093//6144
f 4043//6145 4036//6145 3979//6145
f 4101//6146 4003//6146 3992//6146
f 4049//6147 3973//6147 4047//6147
f 4083//6148 4029//6148 4079//6148
f 1601//6149 3921//6149 1598//6149
f 3997//6150 3980//6150 4002//6150
f 4071//6151 4102//6151 4072//6151
f 4103//6152 4070//6152 3961//6152
f 4104//6153 4035//6153 4037//6153
f 4092//6154 4030//6154 4083//6154
f 4043//6155 4035//6155 4104//6155
f 4084//6156 4089//6156 4042//6156
f 4105//6157 3923//6157 3922//6157
f 4105//6158 4055//6158 3923//6158
f 4106//6159 3970//6159 4006//6159
f 4107//6160 3925//6160 4044//6160
f 4091//6161 3947//6161 4076//6161
f 4108//6162 4076//6162 4000//6162
f 4108//6163 4000//6163 3999//6163
f 4107//6164 4090//6164 3925//6164
f 4109//6165 3919//6165 4055//6165
f 4109//6166 3917//6166 3919//6166
f 4073//6167 4054//6167 4053//6167
f 4110//6168 3895//6168 3970//6168
f 4082//6169 3992//6169 3994//6169
f 4051//6170 4096//6170 4039//6170
f 3895//6171 4016//6171 3896//6171
f 4051//6172 4039//6172 4040//6172
f 4111//6173 4038//6173 4095//6173
f 4112//6174 4083//6174 4079//6174
f 4111//6175 4050//6175 4038//6175
f 4086//6176 4010//6176 4007//6176
f 4113//6177 4095//6177 4033//6177
f 4101//6178 4053//6178 4003//6178
f 4113//6179 4033//6179 4096//6179
f 1865//6180 1600//6180 1625//6180
f 3921//6181 4066//6181 1598//6181
f 4106//6182 4006//6182 4005//6182
f 4114//6183 4045//6183 3955//6183
f 4094//6184 4079//6184 4067//6184
f 4114//6185 3955//6185 4078//6185
f 3897//6186 3960//6186 1685//6186
f 4115//6187 4068//6187 4099//6187
f 4116//6188 3903//6188 3905//6188
f 4115//6189 4084//6189 4068//6189
f 4117//6190 4043//6190 4104//6190
f 3903//6191 4097//6191 3904//6191
f 4118//6192 4071//6192 4045//6192
f 4119//6193 4080//6193 4019//6193
f 4119//6194 4019//6194 4018//6194
f 4023//6195 3913//6195 4081//6195
f 4023//6196 4082//6196 3913//6196
f 4120//6197 4011//6197 4025//6197
f 4103//6198 3961//6198 4087//6198
f 4115//6199 4089//6199 4084//6199
f 4115//6200 4121//6200 4089//6200
f 4122//6201 4092//6201 4083//6201
f 4123//6202 4094//6202 3951//6202
f 4123//6203 3951//6203 4090//6203
f 1906//6204 3954//6204 1687//6204
f 4112//6205 4122//6205 4083//6205
f 4022//6206 4069//6206 4016//6206
f 4022//6207 4015//6207 4069//6207
f 4059//6208 4113//6208 4096//6208
f 4059//6209 4096//6209 4051//6209
f 4124//6210 4044//6210 4011//6210
f 3915//6211 3909//6211 4086//6211
f 4124//6212 4107//6212 4044//6212
f 3915//6211 4078//6211 3909//6211
f 4125//6213 4111//6213 4095//6213
f 4126//6214 4087//6214 3980//6214
f 4127//6215 4018//6215 4057//6215
f 4125//6216 4095//6216 4113//6216
f 4128//6217 3990//6217 4091//6217
f 4126//6218 3980//6218 3997//6218
f 4128//6219 4088//6219 3990//6219
f 3968//6220 4085//6220 4075//6220
f 3968//6221 4075//6221 3937//6221
f 4117//6222 4046//6222 4043//6222
f 4129//6223 4115//6223 4099//6223
f 4130//6224 4102//6224 4071//6224
f 4131//6225 4049//6225 4048//6225
f 4131//6226 4099//6226 4049//6226
f 4132//6227 4077//6227 4070//6227
f 4107//6228 4123//6228 4090//6228
f 4133//6229 4025//6229 4097//6229
f 4133//6230 4120//6230 4025//6230
f 4116//6231 3905//6231 4031//6231
f 3981//6232 4076//6232 4108//6232
f 4134//6233 4050//6233 4111//6233
f 4135//6234 4112//6234 4079//6234
f 4134//6235 4048//6235 4050//6235
f 4135//6236 4079//6236 4094//6236
f 4136//6237 4052//6237 4046//6237
f 4136//6238 4046//6238 4117//6238
f 4137//6239 3992//6239 4082//6239
f 4138//6240 4105//6240 3922//6240
f 4138//6241 3922//6241 4077//6241
f 4139//6242 4103//6242 4087//6242
f 4013//6243 3997//6243 3995//6243
f 4140//6244 4097//6244 3903//6244
f 4129//6245 4121//6245 4115//6245
f 4120//6246 4124//6246 4011//6246
f 4062//6247 4125//6247 4113//6247
f 4062//6248 4113//6248 4059//6248
f 3954//6249 3897//6249 1685//6249
f 3918//6250 4007//6250 4080//6250
f 3918//6251 4086//6251 4007//6251
f 3996//6252 4108//6252 3999//6252
f 3996//6253 3999//6253 4085//6253
f 4017//6254 4022//6254 4016//6254
f 4141//6255 3917//6255 4109//6255
f 4141//6256 4081//6256 3917//6256
f 4142//6257 4055//6257 4105//6257
f 4142//6258 4109//6258 4055//6258
f 4143//6259 4131//6259 4048//6259
f 4144//6260 4116//6260 4031//6260
f 4143//6261 4048//6261 4134//6261
f 4132//6262 4070//6262 4103//6262
f 4129//6263 4145//6263 4121//6263
f 4146//6264 4129//6264 4099//6264
f 4146//6265 4099//6265 4131//6265
f 4066//6266 4144//6266 4031//6266
f 4061//6267 4125//6267 4062//6267
f 4147//6268 4148//6268 4100//6268
f 3929//6269 1600//6269 1865//6269
f 4060//6270 4052//6270 4136//6270
f 4134//6271 4111//6271 4125//6271
f 3963//6272 4091//6272 4076//6272
f 4137//6273 4101//6273 3992//6273
f 4149//6274 4094//6274 4123//6274
f 3968//6275 3937//6275 3943//6275
f 4028//6276 4073//6276 4053//6276
f 4028//6277 4053//6277 4101//6277
f 3993//6278 4118//6278 4045//6278
f 4146//6279 4145//6279 4129//6279
f 3993//6280 4045//6280 4114//6280
f 4127//6281 4057//6281 4088//6281
f 3949//6282 3903//6282 4116//6282
f 3949//6283 4140//6283 3903//6283
f 4058//6284 4062//6284 4059//6284
f 4137//6285 4082//6285 4023//6285
f 4150//6286 4060//6286 4136//6286
f 4006//6287 3954//6287 1906//6287
f 4106//6288 4110//6288 3970//6288
f 4149//6289 4123//6289 4107//6289
f 4151//6290 4139//6290 4087//6290
f 4151//6291 4087//6291 4126//6291
f 4056//6292 4018//6292 4127//6292
f 4056//6293 4119//6293 4018//6293
f 4152//6294 4143//6294 4134//6294
f 4153//6295 1792//6295 1791//6295
f 4026//6296 4132//6296 4103//6296
f 4153//6297 4154//6297 1792//6297
f 4118//6298 4130//6298 4071//6298
f 4140//6299 4133//6299 4097//6299
f 4155//6300 4131//6300 4143//6300
f 4155//6301 4146//6301 4131//6301
f 4063//6302 4134//6302 4125//6302
f 4063//6303 4125//6303 4061//6303
f 4153//6304 1791//6304 1796//6304
f 4135//6305 4122//6305 4112//6305
f 4156//6306 4058//6306 4060//6306
f 4157//6307 4101//6307 4137//6307
f 4074//6308 4102//6308 4130//6308
f 4074//6309 4158//6309 4102//6309
f 3910//6310 4100//6310 4092//6310
f 4159//6311 3997//6311 4013//6311
f 4159//6312 4126//6312 3997//6312
f 4160//6313 1796//6313 1795//6313
f 4160//6314 1795//6314 4161//6314
f 4160//6315 4153//6315 1796//6315
f 4162//6316 4138//6316 4077//6316
f 4162//6317 4077//6317 4132//6317
f 4155//6318 4163//6318 4145//6318
f 4155//6319 4145//6319 4146//6319
f 4147//6320 3907//6320 4148//6320
f 3963//6321 4128//6321 4091//6321
f 1579//6322 4161//6322 1795//6322
f 3936//6323 3929//6323 1865//6323
f 4164//6324 4062//6324 4058//6324
f 3914//6325 4114//6325 4078//6325
f 3914//6326 4078//6326 3915//6326
f 4153//6327 4165//6327 4154//6327
f 4156//6328 4060//6328 4150//6328
f 4164//6329 4058//6329 4156//6329
f 3942//6330 1865//6330 1642//6330
f 3942//6331 3936//6331 1865//6331
f 4063//6332 4152//6332 4134//6332
f 3932//6333 4013//6333 4014//6333
f 4001//6334 4144//6334 4066//6334
f 4166//6335 4105//6335 4138//6335
f 4166//6336 4142//6336 4105//6336
f 4155//6337 4143//6337 4152//6337
f 4028//6338 4098//6338 4073//6338
f 4028//6339 3978//6339 4098//6339
f 3934//6340 4081//6340 4141//6340
f 3934//6341 4023//6341 4081//6341
f 4065//6342 4062//6342 4164//6342
f 4008//6343 4094//6343 4149//6343
f 4008//6344 4135//6344 4094//6344
f 4167//6345 4161//6345 1579//6345
f 3998//6346 4120//6346 4133//6346
f 4168//6347 4152//6347 4063//6347
f 3969//6348 3968//6348 3943//6348
f 3969//6349 3943//6349 3946//6349
f 4139//6350 4026//6350 4103//6350
f 3975//6351 4141//6351 4109//6351
f 3975//6352 4109//6352 4142//6352
f 1874//6353 3942//6353 1642//6353
f 3927//6354 1579//6354 1581//6354
f 4020//6355 4120//6355 3998//6355
f 3927//6356 4167//6356 1579//6356
f 4020//6357 4124//6357 4120//6357
f 3910//6358 4092//6358 4122//6358
f 4169//6359 4164//6359 4156//6359
f 4003//6360 4130//6360 4118//6360
f 4170//6361 4165//6361 4153//6361
f 4002//6362 3981//6362 4108//6362
f 4020//6363 4149//6363 4107//6363
f 4020//6364 4107//6364 4124//6364
f 3991//6365 4133//6365 4140//6365
f 4024//6366 4017//6366 3895//6366
f 4024//6367 3895//6367 4110//6367
f 4171//6368 4065//6368 4164//6368
f 3928//6369 3927//6369 1581//6369
f 4172//6370 4152//6370 4168//6370
f 4172//6371 4155//6371 4152//6371
f 3928//6372 1813//6372 1817//6372
f 3928//6373 1581//6373 1813//6373
f 3911//6374 4122//6374 4135//6374
f 4006//6375 1906//6375 1905//6375
f 3924//6376 4127//6376 4088//6376
f 4001//6377 4066//6377 3921//6377
f 3919//6378 4080//6378 4119//6378
f 3919//6379 3918//6379 4080//6379
f 3920//6380 4001//6380 3921//6380
f 4171//6381 4164//6381 4169//6381
f 3912//6382 4100//6382 3910//6382
f 3912//6383 4147//6383 4100//6383
f 4170//6384 4173//6384 4165//6384
f 4110//6385 4106//6385 4174//6385
f 3991//6386 3998//6386 4133//6386
f 3923//6387 4056//6387 4127//6387
f 4172//6388 4175//6388 4163//6388
f 3894//6389 4126//6389 4159//6389
f 4172//6390 4163//6390 4155//6390
f 3894//6391 4151//6391 4126//6391
f 4176//6392 4168//6392 4063//6392
f 4176//6393 4063//6393 4064//6393
f 3950//6394 3949//6394 4116//6394
f 3981//6395 3963//6395 4076//6395
f 3950//6396 4116//6396 4144//6396
f 4041//6397 4157//6397 4137//6397
f 3989//6398 4162//6398 4132//6398
f 3989//6399 4132//6399 4026//6399
f 3916//6400 3915//6400 4086//6400
f 3916//6401 4086//6401 3918//6401
f 4064//6402 4065//6402 4171//6402
f 3932//6403 4159//6403 4013//6403
f 3971//6404 4085//6404 3968//6404
f 3899//6405 1817//6405 1592//6405
f 4177//6406 4153//6406 4160//6406
f 3971//6407 3996//6407 4085//6407
f 4177//6408 4170//6408 4153//6408
f 4009//6409 4008//6409 4149//6409
f 4174//6410 4024//6410 4110//6410
f 4178//6411 4064//6411 4171//6411
f 4028//6412 4101//6412 4157//6412
f 4179//6413 4173//6413 4170//6413
f 3983//6414 4137//6414 4023//6414
f 3965//6415 3932//6415 4014//6415
f 3958//6416 4166//6416 4138//6416
f 3958//6417 4138//6417 4162//6417
f 4180//6418 4064//6418 4178//6418
f 4180//6419 4176//6419 4064//6419
f 3975//6420 4142//6420 4166//6420
f 4179//6421 3939//6421 4173//6421
f 4002//6422 4108//6422 3996//6422
f 3902//6423 4160//6423 4161//6423
f 3902//6424 4177//6424 4160//6424
f 4181//6425 4168//6425 4176//6425
f 4181//6426 4172//6426 4168//6426
f 3908//6427 3907//6427 4147//6427
f 4027//6428 4026//6428 4139//6428
f 4182//6429 4176//6429 4180//6429
f 4027//6430 4139//6430 4151//6430
f 3935//6431 3934//6431 4141//6431
f 3948//6432 4140//6432 3949//6432
f 3935//6433 4141//6433 3975//6433
f 3962//6434 4128//6434 3963//6434
f 3948//6435 3991//6435 4140//6435
f 3904//6436 3899//6436 1592//6436
f 3924//6437 4088//6437 4128//6437
f 3904//6438 1592//6438 1591//6438
f 3897//6439 3896//6439 3960//6439
f 3898//6440 3928//6440 1817//6440
f 3961//6441 3963//6441 3981//6441
f 4181//6442 4176//6442 4182//6442
f 3976//6443 4028//6443 4157//6443
f 3911//6444 3910//6444 4122//6444
f 4183//6445 4180//6445 4178//6445
f 4181//6446 4175//6446 4172//6446
f 4021//6447 4020//6447 3998//6447
f 1829//6448 3904//6448 1591//6448
f 3994//6449 3993//6449 4114//6449
f 3994//6450 4114//6450 3914//6450
f 3926//6451 4161//6451 4167//6451
f 3945//6452 1905//6452 1917//6452
f 3926//6453 3902//6453 4161//6453
f 4182//6454 4180//6454 4183//6454
f 3923//6455 4127//6455 3924//6455
f 3901//6456 4170//6456 4177//6456
f 3987//6457 3984//6457 4158//6457
f 3901//6458 4179//6458 4170//6458
f 3982//6459 4041//6459 4137//6459
f 3987//6460 4158//6460 4074//6460
f 3982//6461 4137//6461 3983//6461
f 3940//6462 3939//6462 4179//6462
f 3893//6463 4027//6463 4151//6463
f 4054//6464 4074//6464 4130//6464
f 4054//6465 4130//6465 4003//6465
f 3945//6466 4006//6466 1905//6466
f 4000//6467 3950//6467 4144//6467
f 4184//6468 4181//6468 4182//6468
f 4000//6469 4144//6469 4001//6469
f 4181//6470 3891//6470 4175//6470
f 3931//6471 4159//6471 3932//6471
f 3931//6472 3894//6472 4159//6472
f 4019//6473 4149//6473 4020//6473
f 4019//6474 4009//6474 4149//6474
f 3952//6475 1874//6475 1663//6475
f 3959//6476 4162//6476 3989//6476
f 3959//6477 3958//6477 4162//6477
f 3976//6478 4157//6478 4041//6478
f 3944//6479 1917//6479 1927//6479
f 3893//6480 4151//6480 3894//6480
f 4184//6481 3891//6481 4181//6481
f 1662//6482 3952//6482 1663//6482
f 4069//6483 3946//6483 3953//6483
f 4069//6484 3969//6484 3946//6484
f 3957//6485 3975//6485 4166//6485
f 3957//6486 4166//6486 3958//6486
f 3908//6487 4147//6487 3912//6487
f 4003//6488 4118//6488 3993//6488
f 3901//6489 4177//6489 3902//6489
f 3974//6490 3935//6490 3975//6490
f 4010//6491 3911//6491 4135//6491
f 4010//6492 4135//6492 4008//6492
f 3962//6493 3924//6493 4128//6493
f 3926//6494 4167//6494 3927//6494
f 3889//6495 4182//6495 4183//6495
f 3889//6496 4184//6496 4182//6496
f 3906//6497 4072//6497 3907//6497
f 3940//6498 4179//6498 3901//6498
f 4174//6499 4185//6499 4024//6499
f 4075//6500 3920//6500 3929//6500
f 3930//6501 3932//6501 3965//6501
f 4186//6502 3889//6502 4183//6502
f 3980//6503 3981//6503 4002//6503
f 3988//6504 3989//6504 4027//6504
f 3972//6505 3928//6505 3898//6505
f 3919//6506 4119//6506 4056//6506
f 4032//6507 4024//6507 4185//6507
f 3889//6508 3891//6508 4184//6508
f 4187//6509 4188//6509 4189//6509
f 4190//6510 4191//6510 4192//6510
f 4193//6511 4191//6511 4190//6511
f 4194//6512 4188//6512 4187//6512
f 4195//6513 4196//6513 4197//6513
f 4198//6514 4194//6514 4199//6514
f 4188//6515 4200//6515 4201//6515
f 4202//6516 4203//6516 4204//6516
f 4205//6517 4206//6517 2091//6517
f 4204//6518 4203//6518 4207//6518
f 4208//6519 4209//6519 4210//6519
f 4191//6520 4211//6520 4192//6520
f 4212//6521 4213//6521 4214//6521
f 4215//6522 4199//6522 4216//6522
f 4211//6523 4217//6523 4192//6523
f 4218//6524 4215//6524 4219//6524
f 4220//6525 4211//6525 4191//6525
f 4217//6526 4211//6526 4221//6526
f 4206//6527 4222//6527 2091//6527
f 4200//6528 4223//6528 4201//6528
f 4201//6529 4223//6529 4224//6529
f 4191//6530 4225//6530 4220//6530
f 4226//6531 4225//6531 4191//6531
f 4208//6532 4196//6532 4209//6532
f 4188//6533 4227//6533 4200//6533
f 4212//6534 4228//6534 4213//6534
f 4229//6535 4198//6535 4230//6535
f 4231//6536 4198//6536 4215//6536
f 4215//6537 4198//6537 4199//6537
f 4230//6538 4198//6538 4231//6538
f 4213//6539 4232//6539 4203//6539
f 4220//6540 4221//6540 4211//6540
f 4228//6541 4232//6541 4213//6541
f 4197//6542 4196//6542 4214//6542
f 4200//6543 4227//6543 4223//6543
f 4233//6544 4231//6544 4215//6544
f 4234//6545 4235//6545 4236//6545
f 4224//6546 4223//6546 4237//6546
f 4203//6547 4232//6547 4207//6547
f 4227//6548 4238//6548 4223//6548
f 4223//6549 4238//6549 4239//6549
f 4207//6550 4232//6550 4240//6550
f 4225//6551 4241//6551 4220//6551
f 4220//6552 4242//6552 4221//6552
f 4214//6553 4243//6553 4212//6553
f 4244//6554 4242//6554 4220//6554
f 4235//6555 4241//6555 4225//6555
f 4245//6556 4241//6556 4234//6556
f 4241//6557 4235//6557 4234//6557
f 4246//6558 4247//6558 4248//6558
f 4222//6559 4249//6559 4250//6559
f 4196//6560 4243//6560 4214//6560
f 4231//6561 4251//6561 4230//6561
f 4223//6562 4239//6562 4237//6562
f 4196//6563 4252//6563 4243//6563
f 4208//6564 4252//6564 4196//6564
f 4241//6565 4244//6565 4220//6565
f 4227//6566 4229//6566 4238//6566
f 4253//6567 4254//6567 4255//6567
f 4212//6568 4243//6568 4253//6568
f 4253//6569 4243//6569 4256//6569
f 4228//6570 4257//6570 4232//6570
f 4256//6571 4258//6571 4253//6571
f 4244//6572 4245//6572 4259//6572
f 4241//6573 4245//6573 4244//6573
f 4255//6574 4257//6574 4228//6574
f 4258//6575 4254//6575 4253//6575
f 4237//6576 4260//6576 4261//6576
f 4239//6577 4260//6577 4237//6577
f 4238//6578 4260//6578 4239//6578
f 4232//6579 4257//6579 4240//6579
f 4229//6580 4262//6580 4238//6580
f 4230//6581 4262//6581 4229//6581
f 4251//6582 4262//6582 4230//6582
f 4249//6583 4263//6583 4250//6583
f 2014//6584 4264//6584 2012//6584
f 4238//6585 4265//6585 4260//6585
f 4252//6586 4256//6586 4243//6586
f 4262//6587 4265//6587 4238//6587
f 4266//6588 4252//6588 4208//6588
f 4245//6589 4267//6589 4268//6589
f 4234//6590 4267//6590 4245//6590
f 4269//6591 4247//6591 4270//6591
f 4258//6592 4271//6592 4254//6592
f 4272//6593 4271//6593 4273//6593
f 4254//6594 4271//6594 4272//6594
f 4274//6595 4275//6595 4276//6595
f 4254//6596 4257//6596 4255//6596
f 4275//6597 4277//6597 4233//6597
f 4266//6598 4256//6598 4252//6598
f 4251//6599 4278//6599 4262//6599
f 4279//6600 2239//6600 2233//6600
f 4280//6601 4261//6601 4260//6601
f 4281//6602 4282//6602 4283//6602
f 4257//6603 4254//6603 4284//6603
f 4283//6604 4282//6604 4285//6604
f 4284//6605 4254//6605 4272//6605
f 4244//6606 4270//6606 4242//6606
f 3939//6607 4286//6607 4173//6607
f 2239//6608 4287//6608 2004//6608
f 4288//6609 4261//6609 4280//6609
f 4289//6610 4262//6610 4278//6610
f 4290//6611 4258//6611 4266//6611
f 4266//6612 4258//6612 4256//6612
f 3939//6613 4291//6613 4286//6613
f 4290//6614 4271//6614 4258//6614
f 4286//6615 4292//6615 4281//6615
f 4280//6616 4260//6616 4265//6616
f 4290//6617 4273//6617 4271//6617
f 4263//6618 4293//6618 2235//6618
f 4294//6619 4270//6619 4244//6619
f 4295//6620 4273//6620 4290//6620
f 4286//6621 4291//6621 4292//6621
f 4262//6622 4289//6622 4265//6622
f 4292//6623 4282//6623 4281//6623
f 4296//6624 4297//6624 4298//6624
f 4299//6625 4300//6625 4301//6625
f 4302//6626 4294//6626 4303//6626
f 4270//6627 4294//6627 4302//6627
f 4287//6628 2002//6628 2004//6628
f 4304//6629 4305//6629 4306//6629
f 4285//6630 4307//6630 4308//6630
f 4309//6631 4310//6631 4269//6631
f 4297//6632 4311//6632 4298//6632
f 4310//6633 4312//6633 4275//6633
f 4313//6634 4305//6634 4314//6634
f 4294//6635 4315//6635 4303//6635
f 4265//6636 4289//6636 4316//6636
f 4282//6637 4307//6637 4285//6637
f 4030//6638 4093//6638 4313//6638
f 4300//6639 4282//6639 4292//6639
f 4298//6640 4317//6640 4318//6640
f 4316//6641 4289//6641 4319//6641
f 4319//6642 4289//6642 4278//6642
f 3941//6643 4291//6643 3939//6643
f 4311//6644 4320//6644 4298//6644
f 4313//6645 4321//6645 4305//6645
f 4093//6646 4321//6646 4313//6646
f 4322//6647 4308//6647 4307//6647
f 4287//6648 4323//6648 2002//6648
f 4320//6649 4324//6649 4298//6649
f 4292//6650 4291//6650 4306//6650
f 4302//6651 4269//6651 4270//6651
f 4309//6652 4269//6652 4302//6652
f 4323//6653 4325//6653 2002//6653
f 4326//6654 4327//6654 4268//6654
f 4316//6655 4328//6655 4265//6655
f 4299//6656 4322//6656 4307//6656
f 4265//6657 4328//6657 4280//6657
f 3941//6658 4304//6658 4291//6658
f 4319//6659 4329//6659 4316//6659
f 4293//6660 4330//6660 2233//6660
f 4308//6661 4297//6661 4331//6661
f 4298//6662 4324//6662 4332//6662
f 4322//6663 4297//6663 4308//6663
f 4302//6664 4303//6664 4333//6664
f 4319//6665 4312//6665 4334//6665
f 4321//6666 4093//6666 4335//6666
f 4291//6667 4304//6667 4306//6667
f 4336//6668 4337//6668 4338//6668
f 4339//6669 4334//6669 4310//6669
f 4305//6670 4340//6670 4341//6670
f 4321//6671 4340//6671 4305//6671
f 4328//6672 4342//6672 4280//6672
f 4341//6673 4337//6673 4336//6673
f 2002//6674 4325//6674 2030//6674
f 4343//6675 4342//6675 4344//6675
f 4280//6676 4342//6676 4343//6676
f 4340//6677 4337//6677 4341//6677
f 3941//6678 4314//6678 4304//6678
f 4302//6679 4345//6679 4309//6679
f 4329//6680 4346//6680 4316//6680
f 4292//6681 4306//6681 4300//6681
f 4315//6682 4347//6682 4303//6682
f 4100//6683 4148//6683 4093//6683
f 4316//6684 4346//6684 4348//6684
f 4331//6685 4297//6685 4296//6685
f 4348//6686 4346//6686 4349//6686
f 4325//6687 2264//6687 2030//6687
f 4350//6688 4333//6688 4347//6688
f 4347//6689 4333//6689 4303//6689
f 4345//6690 4333//6690 4351//6690
f 4302//6691 4333//6691 4345//6691
f 2233//6692 4352//6692 4279//6692
f 4330//6693 4352//6693 2233//6693
f 4299//6694 4297//6694 4322//6694
f 4353//6695 4347//6695 4326//6695
f 4354//6696 4355//6696 4356//6696
f 4357//6697 4355//6697 4354//6697
f 4311//6698 4297//6698 4299//6698
f 4300//6699 4306//6699 4301//6699
f 4345//6700 4339//6700 4309//6700
f 4358//6701 4334//6701 4339//6701
f 4093//6702 4359//6702 4335//6702
f 4148//6703 4359//6703 4093//6703
f 4358//6704 4339//6704 4345//6704
f 4360//6705 4348//6705 4349//6705
f 4361//6706 4342//6706 4360//6706
f 4348//6707 4360//6707 4328//6707
f 4328//6708 4360//6708 4342//6708
f 4030//6709 4313//6709 3941//6709
f 3941//6710 4313//6710 4314//6710
f 4296//6711 4298//6711 4318//6711
f 4362//6712 4334//6712 4358//6712
f 4329//6713 4363//6713 4346//6713
f 4314//6714 4305//6714 4304//6714
f 4364//6715 4359//6715 4148//6715
f 4329//6716 4365//6716 4363//6716
f 4306//6717 4336//6717 4301//6717
f 4363//6718 4365//6718 4366//6718
f 4279//6719 4352//6719 4287//6719
f 4363//6720 4349//6720 4346//6720
f 4367//6721 4349//6721 4363//6721
f 4334//6722 4366//6722 4365//6722
f 4324//6723 4368//6723 4369//6723
f 4362//6724 4366//6724 4334//6724
f 4370//6725 4368//6725 4324//6725
f 4335//6726 4359//6726 4371//6726
f 4362//6727 4358//6727 4372//6727
f 4341//6728 4336//6728 4305//6728
f 4305//6729 4336//6729 4306//6729
f 4373//6730 4353//6730 4326//6730
f 4369//6731 4374//6731 4375//6731
f 4376//6732 2132//6732 2264//6732
f 4345//6733 4372//6733 4358//6733
f 4347//6734 4353//6734 4377//6734
f 4366//6735 4378//6735 4363//6735
f 4379//6736 4380//6736 4381//6736
f 4378//6737 4366//6737 4362//6737
f 4359//6738 4382//6738 4371//6738
f 4383//6739 4375//6739 4374//6739
f 4202//6740 4204//6740 4384//6740
f 4213//6741 4385//6741 4214//6741
f 4205//6742 4386//6742 4206//6742
f 4209//6743 4387//6743 4210//6743
f 4364//6744 4148//6744 3907//6744
f 4381//6745 4356//6745 4355//6745
f 4380//6746 4356//6746 4381//6746
f 4205//6747 2091//6747 2087//6747
f 4388//6748 4389//6748 4368//6748
f 4390//6749 4391//6749 4392//6749
f 4392//6750 4391//6750 4389//6750
f 4389//6751 4391//6751 4368//6751
f 4222//6752 2097//6752 2091//6752
f 4352//6753 4393//6753 4287//6753
f 4235//6754 4394//6754 4236//6754
f 4395//6755 4217//6755 4396//6755
f 4235//6756 4225//6756 4394//6756
f 4394//6757 4225//6757 4226//6757
f 4229//6758 4227//6758 4198//6758
f 4270//6759 4247//6759 4242//6759
f 4369//6760 4391//6760 4374//6760
f 4274//6761 4248//6761 4247//6761
f 4222//6762 2407//6762 2097//6762
f 4250//6763 2407//6763 4222//6763
f 4276//6764 4248//6764 4274//6764
f 4233//6765 4276//6765 4275//6765
f 4397//6766 4267//6766 4234//6766
f 4277//6767 4251//6767 4233//6767
f 4233//6768 4251//6768 4231//6768
f 4206//6769 4249//6769 4222//6769
f 4278//6770 4251//6770 4277//6770
f 4294//6771 4244//6771 4259//6771
f 4269//6772 4274//6772 4247//6772
f 4310//6773 4274//6773 4269//6773
f 4310//6774 4275//6774 4274//6774
f 4312//6775 4277//6775 4275//6775
f 4250//6776 2408//6776 2407//6776
f 4319//6777 4277//6777 4312//6777
f 4278//6778 4277//6778 4319//6778
f 4339//6779 4310//6779 4309//6779
f 4287//6780 4393//6780 4323//6780
f 4388//6781 4398//6781 4389//6781
f 4334//6782 4312//6782 4310//6782
f 4364//6783 4399//6783 4359//6783
f 4333//6784 4400//6784 4351//6784
f 4350//6785 4400//6785 4333//6785
f 4351//6786 4372//6786 4345//6786
f 4401//6787 4372//6787 4351//6787
f 4378//6788 4385//6788 4213//6788
f 4402//6789 4394//6789 4226//6789
f 4393//6790 4403//6790 4323//6790
f 4364//6791 4404//6791 4399//6791
f 3907//6792 4405//6792 4364//6792
f 4382//6793 4406//6793 4371//6793
f 4250//6794 4263//6794 2408//6794
f 2408//6795 4263//6795 2232//6795
f 4403//6796 4325//6796 4323//6796
f 4407//6797 4398//6797 4379//6797
f 4391//6798 4390//6798 4374//6798
f 4249//6799 4408//6799 4263//6799
f 4206//6800 4409//6800 4249//6800
f 4383//6801 4410//6801 4386//6801
f 2232//6802 4263//6802 2235//6802
f 4403//6803 4411//6803 4325//6803
f 4325//6804 4411//6804 4412//6804
f 4413//6805 4404//6805 4414//6805
f 4293//6806 2233//6806 2235//6806
f 4405//6807 4404//6807 4364//6807
f 4408//6808 4415//6808 4263//6808
f 4410//6809 4416//6809 4386//6809
f 4417//6810 4390//6810 4418//6810
f 4418//6811 4390//6811 4392//6811
f 3907//6812 4072//6812 4405//6812
f 4412//6813 4411//6813 4419//6813
f 4283//6814 4285//6814 2179//6814
f 2179//6815 4285//6815 2062//6815
f 4293//6816 4263//6816 4415//6816
f 2062//6817 4285//6817 2060//6817
f 4154//6818 4420//6818 4421//6818
f 4165//6819 4420//6819 4154//6819
f 4422//6820 4407//6820 4423//6820
f 4285//6821 4308//6821 2060//6821
f 4392//6822 4423//6822 4418//6822
f 4193//6823 4424//6823 4402//6823
f 4409//6824 4425//6824 4408//6824
f 4072//6825 4404//6825 4405//6825
f 4421//6826 4420//6826 4283//6826
f 4331//6827 2064//6827 4308//6827
f 4308//6828 2064//6828 2060//6828
f 4102//6829 4426//6829 4072//6829
f 4165//6830 4173//6830 4420//6830
f 4420//6831 4281//6831 4283//6831
f 4287//6832 2239//6832 4279//6832
f 4427//6833 4415//6833 4408//6833
f 4409//6834 4408//6834 4249//6834
f 4173//6835 4286//6835 4420//6835
f 4428//6836 4402//6836 4413//6836
f 4286//6837 4281//6837 4420//6837
f 4404//6838 4426//6838 4414//6838
f 4072//6839 4426//6839 4404//6839
f 2064//6840 4331//6840 2067//6840
f 4407//6841 4429//6841 4423//6841
f 4331//6842 4296//6842 2067//6842
f 2067//6843 4296//6843 2403//6843
f 4102//6844 4430//6844 4426//6844
f 4431//6845 4293//6845 4415//6845
f 4296//6846 4318//6846 2403//6846
f 4416//6847 4187//6847 4189//6847
f 4426//6848 4430//6848 4414//6848
f 4414//6849 4430//6849 4432//6849
f 4429//6850 4433//6850 4395//6850
f 4158//6851 4430//6851 4102//6851
f 4434//6852 4293//6852 4431//6852
f 4425//6853 4201//6853 4408//6853
f 4236//6854 4428//6854 4435//6854
f 4317//6855 2404//6855 4318//6855
f 4318//6856 2404//6856 2403//6856
f 4430//6857 4158//6857 4432//6857
f 4436//6858 4192//6858 4433//6858
f 4432//6859 4158//6859 4437//6859
f 2404//6860 4317//6860 2079//6860
f 4201//6861 4427//6861 4408//6861
f 4434//6862 4330//6862 4293//6862
f 4317//6863 4438//6863 2079//6863
f 4439//6864 4199//6864 4194//6864
f 4218//6865 4429//6865 4395//6865
f 4219//6866 4216//6866 4418//6866
f 3984//6867 4437//6867 4158//6867
f 4438//6868 2077//6868 2079//6868
f 4440//6869 2077//6869 4438//6869
f 4429//6870 4218//6870 4219//6870
f 4441//6871 4352//6871 4434//6871
f 4434//6872 4352//6872 4330//6872
f 4414//6873 4428//6873 4413//6873
f 4224//6874 4427//6874 4201//6874
f 4435//6875 4414//6875 4442//6875
f 4443//6876 2085//6876 4440//6876
f 4440//6877 2085//6877 2077//6877
f 4435//6878 4428//6878 4414//6878
f 4215//6879 4216//6879 4219//6879
f 4226//6880 4191//6880 4193//6880
f 4442//6881 4414//6881 4432//6881
f 4444//6882 2087//6882 2085//6882
f 4198//6883 4188//6883 4194//6883
f 4443//6884 4444//6884 2085//6884
f 4395//6885 4246//6885 4218//6885
f 4396//6886 4246//6886 4395//6886
f 4423//6887 4219//6887 4418//6887
f 4217//6888 4221//6888 4396//6888
f 4423//6889 4429//6889 4219//6889
f 4444//6890 4205//6890 2087//6890
f 4198//6891 4227//6891 4188//6891
f 4325//6892 4412//6892 2264//6892
f 4431//6893 4224//6893 4237//6893
f 4445//6894 4205//6894 4444//6894
f 4215//6895 4446//6895 4233//6895
f 4218//6896 4446//6896 4215//6896
f 4234//6897 4236//6897 4447//6897
f 4246//6898 4446//6898 4218//6898
f 4396//6899 4221//6899 4247//6899
f 4412//6900 4376//6900 2264//6900
f 4246//6901 4248//6901 4446//6901
f 4221//6902 4242//6902 4247//6902
f 4397//6903 4447//6903 4448//6903
f 4446//6904 4248//6904 4276//6904
f 4447//6905 4397//6905 4234//6905
f 4446//6906 4276//6906 4233//6906
f 4449//6907 4450//6907 4451//6907
f 4449//6908 4261//6908 4450//6908
f 4237//6909 4261//6909 4449//6909
f 4431//6910 4427//6910 4224//6910
f 2132//6911 4376//6911 4419//6911
f 4452//6912 4453//6912 4448//6912
f 4431//6913 4415//6913 4427//6913
f 4419//6914 4376//6914 4412//6914
f 4245//6915 4315//6915 4259//6915
f 4259//6916 4315//6916 4294//6916
f 3986//6917 4454//6917 4437//6917
f 4452//6918 4455//6918 4453//6918
f 4245//6919 4327//6919 4315//6919
f 4268//6920 4327//6920 4245//6920
f 4432//6921 4456//6921 4442//6921
f 4437//6922 4457//6922 4432//6922
f 4458//6923 4455//6923 4452//6923
f 4154//6924 4421//6924 1792//6924
f 1792//6925 4421//6925 2174//6925
f 4457//6926 4456//6926 4432//6926
f 4459//6927 4460//6927 4461//6927
f 4288//6928 4280//6928 4343//6928
f 4460//6929 4343//6929 4461//6929
f 4455//6930 4326//6930 4267//6930
f 4267//6931 4326//6931 4268//6931
f 4442//6932 4456//6932 4435//6932
f 4462//6933 4454//6933 4463//6933
f 2174//6934 4283//6934 2179//6934
f 4437//6935 4454//6935 4462//6935
f 4421//6936 4283//6936 2174//6936
f 4437//6937 4462//6937 4457//6937
f 4347//6938 4315//6938 4327//6938
f 4447//6939 4435//6939 4456//6939
f 4447//6940 4236//6940 4435//6940
f 4343//6941 4344//6941 4461//6941
f 3986//6942 4437//6942 3984//6942
f 4373//6943 4326//6943 4458//6943
f 4458//6944 4326//6944 4455//6944
f 4327//6945 4326//6945 4347//6945
f 4449//6946 4441//6946 4434//6946
f 4441//6947 4449//6947 4451//6947
f 4441//6948 4464//6948 4393//6948
f 4316//6949 4348//6949 4328//6949
f 4431//6950 4237//6950 4434//6950
f 4344//6951 4342//6951 4361//6951
f 4334//6952 4365//6952 4319//6952
f 4319//6953 4365//6953 4329//6953
f 4237//6954 4449//6954 4434//6954
f 4396//6955 4247//6955 4246//6955
f 4462//6956 4448//6956 4457//6956
f 4463//6957 4448//6957 4462//6957
f 4457//6958 4448//6958 4456//6958
f 4456//6959 4448//6959 4447//6959
f 4452//6960 4448//6960 4463//6960
f 4350//6961 4347//6961 4377//6961
f 2132//6962 4419//6962 2131//6962
f 4361//6963 4360//6963 4465//6963
f 4451//6964 4464//6964 4441//6964
f 4360//6965 4466//6965 4465//6965
f 4467//6966 4464//6966 4459//6966
f 4468//6967 4400//6967 4350//6967
f 4467//6968 4403//6968 4464//6968
f 4469//6969 4353//6969 4373//6969
f 4448//6970 4453//6970 4397//6970
f 4400//6971 4468//6971 4351//6971
f 4469//6972 4377//6972 4353//6972
f 4351//6973 4468//6973 4401//6973
f 4466//6974 4384//6974 4465//6974
f 4372//6975 4401//6975 4195//6975
f 4385//6976 4378//6976 4362//6976
f 4464//6977 4451//6977 4459//6977
f 4352//6978 4441//6978 4393//6978
f 4465//6979 4384//6979 4204//6979
f 4210//6980 4377//6980 4469//6980
f 4451//6981 4460//6981 4459//6981
f 4450//6982 4460//6982 4451//6982
f 4195//6983 4209//6983 4196//6983
f 4401//6984 4209//6984 4195//6984
f 4468//6985 4209//6985 4401//6985
f 4210//6986 4387//6986 4377//6986
f 4261//6987 4460//6987 4450//6987
f 4397//6988 4455//6988 4267//6988
f 4255//6989 4212//6989 4253//6989
f 4453//6990 4455//6990 4397//6990
f 4228//6991 4212//6991 4255//6991
f 4282//6992 4300//6992 4307//6992
f 4307//6993 4300//6993 4299//6993
f 4261//6994 4288//6994 4460//6994
f 4298//6995 4332//6995 4317//6995
f 4301//6996 4357//6996 4299//6996
f 4357//6997 4354//6997 4299//6997
f 4299//6998 4354//6998 4311//6998
f 4320//6999 4311//6999 4354//6999
f 4332//7000 4438//7000 4317//7000
f 4336//7001 4338//7001 4301//7001
f 4338//7002 4357//7002 4301//7002
f 4355//7003 4357//7003 4338//7003
f 4438//7004 4470//7004 4440//7004
f 4370//7005 4324//7005 4320//7005
f 4324//7006 4369//7006 4332//7006
f 4375//7007 4440//7007 4470//7007
f 4288//7008 4343//7008 4460//7008
f 4332//7009 4470//7009 4438//7009
f 4369//7010 4470//7010 4332//7010
f 4321//7011 4335//7011 4340//7011
f 4403//7012 4467//7012 4411//7012
f 4337//7013 4340//7013 4471//7013
f 4356//7014 4320//7014 4354//7014
f 4370//7015 4320//7015 4356//7015
f 4375//7016 4443//7016 4440//7016
f 4464//7017 4403//7017 4393//7017
f 4369//7018 4375//7018 4470//7018
f 4337//7019 4381//7019 4338//7019
f 4338//7020 4381//7020 4355//7020
f 4443//7021 4375//7021 4445//7021
f 4386//7022 4205//7022 4445//7022
f 4335//7023 4471//7023 4340//7023
f 4335//7024 4371//7024 4471//7024
f 4337//7025 4472//7025 4381//7025
f 4471//7026 4472//7026 4337//7026
f 4381//7027 4472//7027 4473//7027
f 4386//7028 4445//7028 4383//7028
f 4383//7029 4445//7029 4375//7029
f 4380//7030 4388//7030 4356//7030
f 4398//7031 4388//7031 4380//7031
f 4356//7032 4388//7032 4370//7032
f 4370//7033 4388//7033 4368//7033
f 4368//7034 4391//7034 4369//7034
f 4398//7035 4380//7035 4379//7035
f 4349//7036 4466//7036 4360//7036
f 4473//7037 4379//7037 4381//7037
f 4359//7038 4399//7038 4382//7038
f 4471//7039 4474//7039 4472//7039
f 4371//7040 4474//7040 4471//7040
f 4189//7041 4206//7041 4386//7041
f 4409//7042 4206//7042 4189//7042
f 4349//7043 4367//7043 4466//7043
f 4474//7044 4473//7044 4472//7044
f 4371//7045 4406//7045 4474//7045
f 4398//7046 4422//7046 4389//7046
f 4424//7047 4406//7047 4399//7047
f 4399//7048 4406//7048 4382//7048
f 4392//7049 4389//7049 4422//7049
f 4436//7050 4473//7050 4474//7050
f 4475//7051 4474//7051 4406//7051
f 4374//7052 4410//7052 4383//7052
f 4475//7053 4406//7053 4424//7053
f 4407//7054 4379//7054 4473//7054
f 4392//7055 4422//7055 4423//7055
f 4390//7056 4410//7056 4374//7056
f 4367//7057 4384//7057 4466//7057
f 4404//7058 4476//7058 4399//7058
f 4399//7059 4476//7059 4424//7059
f 4413//7060 4476//7060 4404//7060
f 4424//7061 4476//7061 4402//7061
f 4402//7062 4476//7062 4413//7062
f 4350//7063 4387//7063 4468//7063
f 4377//7063 4387//7063 4350//7063
f 4407//7064 4422//7064 4398//7064
f 4189//7065 4386//7065 4416//7065
f 4363//7066 4477//7066 4367//7066
f 4378//7067 4477//7067 4363//7067
f 4390//7068 4439//7068 4410//7068
f 4436//7069 4433//7069 4473//7069
f 4473//7070 4433//7070 4407//7070
f 4410//7071 4439//7071 4416//7071
f 4443//7072 4445//7072 4444//7072
f 4367//7073 4202//7073 4384//7073
f 4477//7074 4202//7074 4367//7074
f 4193//7075 4475//7075 4424//7075
f 4425//7076 4409//7076 4189//7076
f 4362//7077 4195//7077 4385//7077
f 4372//7078 4195//7078 4362//7078
f 4474//7079 4190//7079 4436//7079
f 4475//7080 4190//7080 4474//7080
f 4407//7081 4433//7081 4429//7081
f 4390//7082 4417//7082 4439//7082
f 4216//7083 4417//7083 4418//7083
f 4475//7084 4193//7084 4190//7084
f 4439//7085 4417//7085 4199//7085
f 4387//7086 4209//7086 4468//7086
f 4439//7087 4187//7087 4416//7087
f 4194//7088 4187//7088 4439//7088
f 4199//7089 4417//7089 4216//7089
f 4190//7090 4192//7090 4436//7090
f 4236//7091 4394//7091 4428//7091
f 4428//7092 4394//7092 4402//7092
f 4477//7093 4203//7093 4202//7093
f 4402//7094 4226//7094 4193//7094
f 4213//7095 4203//7095 4378//7095
f 4378//7096 4203//7096 4477//7096
f 4189//7097 4188//7097 4425//7097
f 4425//7098 4188//7098 4201//7098
f 4433//7099 4217//7099 4395//7099
f 4192//7100 4217//7100 4433//7100
f 4195//7101 4197//7101 4385//7101
f 4385//7102 4197//7102 4214//7102
f 4478//7103 4479//7103 4480//7103
f 4481//7104 4482//7104 4483//7104
f 4478//7105 4484//7105 4479//7105
f 4485//7106 4486//7106 4487//7106
f 4488//7107 4489//7107 4490//7107
f 4491//7108 4482//7108 4295//7108
f 4492//7109 4493//7109 4494//7109
f 4495//7110 4496//7110 4497//7110
f 4498//7111 4499//7111 4495//7111
f 4500//7112 4499//7112 4498//7112
f 4501//7113 4496//7113 4495//7113
f 4502//7114 4486//7114 4485//7114
f 4497//7115 4496//7115 4503//7115
f 4495//7116 4499//7116 4501//7116
f 4488//7117 4480//7117 4489//7117
f 4504//7118 4505//7118 4506//7118
f 4507//7119 4499//7119 4500//7119
f 4508//7120 4499//7120 4507//7120
f 4496//7121 4501//7121 4509//7121
f 4508//7122 4510//7122 4499//7122
f 4503//7123 4511//7123 4512//7123
f 4496//7124 4511//7124 4503//7124
f 4509//7125 4511//7125 4496//7125
f 4499//7126 4510//7126 4513//7126
f 4514//7127 4510//7127 4508//7127
f 4511//7128 4515//7128 4512//7128
f 4511//7129 4509//7129 4515//7129
f 4515//7130 4509//7130 4516//7130
f 4512//7131 4515//7131 4517//7131
f 4518//7132 4510//7132 4514//7132
f 4519//7133 4487//7133 4520//7133
f 4517//7134 4521//7134 4522//7134
f 4515//7135 4521//7135 4517//7135
f 4523//7136 4521//7136 4515//7136
f 4489//7137 4480//7137 4524//7137
f 4525//7138 4515//7138 4516//7138
f 4525//7139 4523//7139 4515//7139
f 4521//7140 4523//7140 4522//7140
f 4526//7141 4506//7141 4520//7141
f 4527//7142 4528//7142 4529//7142
f 4530//7143 4523//7143 4525//7143
f 4505//7144 4504//7144 4527//7144
f 4504//7145 4531//7145 4527//7145
f 4487//7146 4532//7146 4520//7146
f 4530//7147 4533//7147 4523//7147
f 4494//7148 4529//7148 4492//7148
f 4525//7149 4534//7149 4530//7149
f 4487//7150 4486//7150 4532//7150
f 4535//7151 4536//7151 4537//7151
f 4506//7152 4526//7152 4504//7152
f 4538//7153 4536//7153 4539//7153
f 4504//7154 4526//7154 4531//7154
f 4533//7155 4530//7155 4540//7155
f 4480//7156 4479//7156 4524//7156
f 4541//7157 4542//7157 4484//7157
f 4520//7158 4532//7158 4526//7158
f 4486//7159 4207//7159 4532//7159
f 4204//7160 4207//7160 4486//7160
f 4535//7161 4539//7161 4536//7161
f 4540//7162 4530//7162 4543//7162
f 4544//7163 4538//7163 4545//7163
f 4532//7164 4546//7164 4526//7164
f 4547//7165 4548//7165 4549//7165
f 4527//7166 4531//7166 4528//7166
f 4528//7167 4550//7167 4529//7167
f 4539//7168 4545//7168 4538//7168
f 4551//7169 4552//7169 4535//7169
f 4553//7170 4539//7170 4535//7170
f 4530//7171 4554//7171 4543//7171
f 4550//7172 4492//7172 4529//7172
f 4526//7173 4555//7173 4531//7173
f 4553//7174 4545//7174 4539//7174
f 4532//7175 4207//7175 4546//7175
f 4526//7176 4546//7176 4555//7176
f 4545//7177 4556//7177 4544//7177
f 4492//7178 4557//7178 4558//7178
f 4548//7179 4556//7179 4549//7179
f 4544//7180 4556//7180 4548//7180
f 4550//7181 4528//7181 4538//7181
f 4538//7182 4528//7182 4536//7182
f 4535//7183 4552//7183 4553//7183
f 4531//7184 4536//7184 4528//7184
f 4537//7185 4536//7185 4531//7185
f 4559//7186 4545//7186 4553//7186
f 4560//7187 4561//7187 4562//7187
f 4531//7188 4555//7188 4537//7188
f 4563//7189 4545//7189 4559//7189
f 4553//7190 4552//7190 4559//7190
f 4551//7191 4555//7191 4546//7191
f 4550//7192 4557//7192 4492//7192
f 4544//7193 4557//7193 4538//7193
f 4564//7194 4565//7194 4566//7194
f 4483//7195 4559//7195 4481//7195
f 4549//7196 4556//7196 4567//7196
f 4552//7197 4481//7197 4559//7197
f 4557//7198 4568//7198 4558//7198
f 4272//7199 4481//7199 4552//7199
f 4557//7200 4550//7200 4538//7200
f 4556//7201 4563//7201 4567//7201
f 4545//7202 4563//7202 4556//7202
f 4566//7203 4565//7203 4569//7203
f 4568//7204 4557//7204 4548//7204
f 4546//7205 4240//7205 4551//7205
f 4273//7206 4481//7206 4272//7206
f 4559//7207 4483//7207 4563//7207
f 4551//7208 4535//7208 4555//7208
f 4555//7209 4535//7209 4537//7209
f 4567//7210 4483//7210 4491//7210
f 4491//7211 4483//7211 4482//7211
f 4563//7212 4483//7212 4567//7212
f 4570//7213 4571//7213 4561//7213
f 4482//7214 4481//7214 4273//7214
f 4295//7215 4482//7215 4273//7215
f 4513//7216 4510//7216 4572//7216
f 4565//7217 4573//7217 4569//7217
f 4574//7218 4510//7218 4518//7218
f 4557//7219 4544//7219 4548//7219
f 4572//7220 4510//7220 4574//7220
f 4513//7221 4575//7221 4509//7221
f 4240//7222 4284//7222 4551//7222
f 4575//7223 4516//7223 4509//7223
f 4570//7224 4576//7224 4571//7224
f 4513//7225 4572//7225 4575//7225
f 4577//7226 4572//7226 4574//7226
f 4578//7227 4579//7227 4522//7227
f 4516//7228 4580//7228 4525//7228
f 4575//7229 4580//7229 4516//7229
f 4257//7230 4284//7230 4240//7230
f 4523//7231 4533//7231 4522//7231
f 4522//7232 4533//7232 4578//7232
f 4581//7233 4572//7233 4577//7233
f 4573//7234 4582//7234 4583//7234
f 4578//7235 4584//7235 4579//7235
f 4579//7236 4584//7236 4585//7236
f 4586//7237 4587//7237 4497//7237
f 4580//7238 4588//7238 4525//7238
f 4525//7239 4588//7239 4534//7239
f 4589//7240 4585//7240 4584//7240
f 4587//7241 4495//7241 4497//7241
f 4551//7242 4284//7242 4552//7242
f 4498//7243 4495//7243 4587//7243
f 4565//7244 4582//7244 4573//7244
f 4552//7245 4284//7245 4272//7245
f 4590//7246 4588//7246 4580//7246
f 4572//7247 4580//7247 4575//7247
f 4533//7248 4540//7248 4578//7248
f 4572//7249 4581//7249 4580//7249
f 4582//7250 4591//7250 4583//7250
f 4580//7251 4581//7251 4590//7251
f 4530//7252 4534//7252 4554//7252
f 4590//7253 4581//7253 4592//7253
f 4593//7254 4594//7254 4595//7254
f 4589//7255 4596//7255 4585//7255
f 4589//7256 4597//7256 4598//7256
f 4584//7257 4597//7257 4589//7257
f 4540//7258 4599//7258 4597//7258
f 4597//7259 4599//7259 4600//7259
f 4582//7260 4601//7260 4591//7260
f 4602//7261 4588//7261 4603//7261
f 4499//7262 4513//7262 4501//7262
f 4604//7263 4593//7263 4605//7263
f 4590//7264 4603//7264 4588//7264
f 4606//7265 4605//7265 4593//7265
f 4594//7266 4593//7266 4604//7266
f 4543//7267 4599//7267 4540//7267
f 4513//7268 4509//7268 4501//7268
f 4598//7269 4607//7269 4589//7269
f 4589//7270 4607//7270 4596//7270
f 4592//7271 4603//7271 4590//7271
f 4608//7272 4609//7272 4610//7272
f 4592//7273 4611//7273 4603//7273
f 4597//7274 4600//7274 4612//7274
f 4613//7275 4614//7275 4576//7275
f 4615//7276 4611//7276 4592//7276
f 4554//7277 4602//7277 4543//7277
f 4598//7278 4616//7278 4607//7278
f 4588//7279 4602//7279 4554//7279
f 4596//7280 4607//7280 4617//7280
f 4618//7281 4614//7281 4613//7281
f 4612//7282 4598//7282 4597//7282
f 2014//7283 4605//7283 4606//7283
f 4603//7284 4611//7284 4562//7284
f 4599//7285 4543//7285 4619//7285
f 4562//7286 4611//7286 4560//7286
f 4560//7287 4611//7287 4615//7287
f 4607//7288 4616//7288 4566//7288
f 4620//7289 4600//7289 4599//7289
f 4566//7290 4616//7290 4564//7290
f 4612//7291 4621//7291 4598//7291
f 4598//7292 4621//7292 4616//7292
f 4561//7293 4622//7293 4562//7293
f 4616//7294 4621//7294 4564//7294
f 4560//7295 4570//7295 4561//7295
f 4623//7296 4570//7296 4560//7296
f 4620//7297 4612//7297 4600//7297
f 4610//7298 4609//7298 4624//7298
f 4595//7299 4570//7299 4623//7299
f 4612//7300 4625//7300 4621//7300
f 4626//7301 4609//7301 4627//7301
f 4620//7302 4619//7302 4628//7302
f 4561//7303 4629//7303 4622//7303
f 4628//7304 4629//7304 4571//7304
f 4571//7305 4629//7305 4561//7305
f 4619//7306 4620//7306 4599//7306
f 4621//7307 4625//7307 4564//7307
f 4630//7308 4608//7308 4625//7308
f 4609//7309 4631//7309 4624//7309
f 4570//7310 4595//7310 4576//7310
f 4620//7311 4632//7311 4612//7311
f 4564//7312 4608//7312 4565//7312
f 4614//7313 4633//7313 4628//7313
f 4591//7314 4634//7314 4583//7314
f 4625//7315 4608//7315 4564//7315
f 4635//7316 4601//7316 4624//7316
f 4636//7317 4637//7317 4638//7317
f 4591//7318 4639//7318 4634//7318
f 4601//7319 4640//7319 4639//7319
f 4576//7320 4628//7320 4571//7320
f 4634//7321 4641//7321 4642//7321
f 4643//7322 4641//7322 4634//7322
f 4633//7323 4620//7323 4628//7323
f 4637//7324 4625//7324 4632//7324
f 4632//7325 4625//7325 4612//7325
f 4637//7326 4644//7326 4638//7326
f 4645//7327 4644//7327 4637//7327
f 4646//7328 4640//7328 4635//7328
f 4641//7329 4647//7329 4642//7329
f 4608//7330 4610//7330 4565//7330
f 4595//7331 4594//7331 4576//7331
f 4624//7332 4648//7332 4635//7332
f 4631//7333 4648//7333 4624//7333
f 4637//7334 4636//7334 4625//7334
f 4625//7335 4636//7335 4630//7335
f 4609//7336 4630//7336 4627//7336
f 4608//7337 4630//7337 4609//7337
f 4647//7338 4641//7338 4649//7338
f 4644//7339 4650//7339 4638//7339
f 4576//7340 4614//7340 4628//7340
f 4633//7341 4632//7341 4620//7341
f 4610//7342 4582//7342 4565//7342
f 4643//7343 4649//7343 4641//7343
f 4651//7344 4646//7344 4652//7344
f 4609//7345 4653//7345 4631//7345
f 4626//7346 4653//7346 4609//7346
f 4654//7347 4613//7347 4604//7347
f 4646//7348 4655//7348 4652//7348
f 4656//7349 4618//7349 4613//7349
f 4657//7350 4658//7350 4643//7350
f 4624//7351 4582//7351 4610//7351
f 4659//7352 4655//7352 4660//7352
f 4661//7353 4662//7353 4644//7353
f 4644//7354 4662//7354 4650//7354
f 4583//7355 4634//7355 4642//7355
f 4582//7356 4624//7356 4601//7356
f 4651//7357 4663//7357 4657//7357
f 4618//7358 4633//7358 4614//7358
f 4659//7359 4664//7359 4665//7359
f 4631//7360 4653//7360 4648//7360
f 4627//7361 4666//7361 4626//7361
f 4490//7362 4665//7362 4488//7362
f 4591//7363 4601//7363 4639//7363
f 4652//7364 4665//7364 4490//7364
f 4488//7365 4665//7365 4664//7365
f 4667//7366 4653//7366 4626//7366
f 4638//7367 4627//7367 4636//7367
f 4478//7368 4668//7368 4669//7368
f 4636//7369 4627//7369 4630//7369
f 4670//7370 4668//7370 4478//7370
f 4666//7371 4627//7371 4638//7371
f 4633//7372 4671//7372 4632//7372
f 4618//7373 4671//7373 4633//7373
f 4632//7374 4645//7374 4637//7374
f 4672//7375 4673//7375 4494//7375
f 4529//7376 4673//7376 4527//7376
f 4494//7377 4673//7377 4529//7377
f 4669//7378 4484//7378 4478//7378
f 4601//7379 4635//7379 4640//7379
f 4671//7380 4645//7380 4632//7380
f 4465//7381 4486//7381 4502//7381
f 4669//7382 4541//7382 4484//7382
f 4264//7383 2014//7383 4606//7383
f 4204//7384 4486//7384 4465//7384
f 4558//7385 4493//7385 4492//7385
f 4541//7386 4493//7386 4558//7386
f 4669//7387 4493//7387 4541//7387
f 4411//7388 4654//7388 4419//7388
f 4542//7389 4479//7389 4484//7389
f 4419//7390 4654//7390 4604//7390
f 4594//7391 4604//7391 4576//7391
f 4542//7392 4541//7392 4568//7392
f 4568//7393 4541//7393 4558//7393
f 4524//7394 4542//7394 4674//7394
f 4635//7395 4648//7395 4646//7395
f 4479//7396 4542//7396 4524//7396
f 4674//7397 4542//7397 4547//7397
f 4240//7398 4546//7398 4207//7398
f 4547//7399 4568//7399 4548//7399
f 4542//7400 4568//7400 4547//7400
f 4578//7401 4540//7401 4584//7401
f 4584//7402 4540//7402 4597//7402
f 4604//7403 4613//7403 4576//7403
f 4534//7404 4588//7404 4554//7404
f 4640//7405 4651//7405 4639//7405
f 4562//7406 4602//7406 4603//7406
f 4622//7407 4602//7407 4562//7407
f 4619//7408 4543//7408 4622//7408
f 4622//7409 4543//7409 4602//7409
f 4607//7410 4566//7410 4617//7410
f 4666//7411 4638//7411 4650//7411
f 2131//7412 4605//7412 2014//7412
f 4639//7413 4643//7413 4634//7413
f 4618//7414 4675//7414 4671//7414
f 4622//7415 4629//7415 4619//7415
f 4671//7416 4675//7416 4645//7416
f 4639//7417 4657//7417 4643//7417
f 4619//7418 4629//7418 4628//7418
f 4639//7419 4651//7419 4657//7419
f 4648//7420 4655//7420 4646//7420
f 4651//7421 4640//7421 4646//7421
f 4656//7422 4675//7422 4618//7422
f 4566//7423 4569//7423 4676//7423
f 4569//7424 4677//7424 4676//7424
f 4666//7425 4678//7425 4626//7425
f 4661//7426 4644//7426 4645//7426
f 4653//7427 4655//7427 4648//7427
f 4660//7428 4655//7428 4653//7428
f 4679//7429 4573//7429 4583//7429
f 4679//7430 4677//7430 4573//7430
f 4573//7431 4677//7431 4569//7431
f 4645//7432 4675//7432 4661//7432
f 4649//7433 4643//7433 4680//7433
f 4681//7434 4647//7434 4649//7434
f 4682//7435 4661//7435 4675//7435
f 4654//7436 4683//7436 4613//7436
f 4656//7437 4684//7437 4675//7437
f 4685//7438 4678//7438 4650//7438
f 4650//7439 4678//7439 4666//7439
f 4681//7440 4686//7440 4647//7440
f 4411//7441 4683//7441 4654//7441
f 4680//7442 4681//7442 4649//7442
f 4419//7443 4605//7443 2131//7443
f 4687//7444 4688//7444 4667//7444
f 4689//7445 4684//7445 4690//7445
f 4419//7446 4604//7446 4605//7446
f 4643//7447 4658//7447 4680//7447
f 4652//7448 4655//7448 4665//7448
f 4650//7449 4691//7449 4685//7449
f 4650//7450 4662//7450 4691//7450
f 4660//7451 4688//7451 4659//7451
f 4467//7452 4683//7452 4411//7452
f 4661//7453 4682//7453 4662//7453
f 4675//7454 4689//7454 4682//7454
f 4684//7455 4689//7455 4675//7455
f 4613//7456 4683//7456 4656//7456
f 4667//7457 4660//7457 4653//7457
f 4459//7458 4692//7458 4467//7458
f 4467//7459 4692//7459 4693//7459
f 4655//7460 4659//7460 4665//7460
f 4626//7461 4687//7461 4667//7461
f 4694//7462 4658//7462 4657//7462
f 4678//7463 4687//7463 4626//7463
f 4685//7464 4695//7464 4696//7464
f 4467//7465 4693//7465 4683//7465
f 4697//7466 4691//7466 4662//7466
f 4691//7467 4698//7467 4685//7467
f 4682//7468 4699//7468 4662//7468
f 4651//7469 4652//7469 4663//7469
f 4689//7470 4700//7470 4682//7470
f 4682//7471 4700//7471 4699//7471
f 4678//7472 4696//7472 4687//7472
f 4459//7473 4690//7473 4692//7473
f 4683//7474 4684//7474 4656//7474
f 4701//7475 4691//7475 4697//7475
f 4696//7476 4695//7476 4702//7476
f 4699//7477 4697//7477 4662//7477
f 4703//7478 4697//7478 4699//7478
f 4704//7479 4700//7479 4689//7479
f 4691//7480 4705//7480 4698//7480
f 4685//7481 4696//7481 4678//7481
f 4688//7482 4670//7482 4659//7482
f 4685//7483 4698//7483 4695//7483
f 4461//7484 4704//7484 4459//7484
f 4459//7485 4704//7485 4690//7485
f 4652//7486 4490//7486 4663//7486
f 4667//7487 4688//7487 4660//7487
f 4683//7488 4690//7488 4684//7488
f 4703//7489 4701//7489 4697//7489
f 4701//7490 4705//7490 4691//7490
f 4706//7491 4705//7491 4701//7491
f 4695//7492 4672//7492 4702//7492
f 4670//7493 4478//7493 4659//7493
f 4659//7494 4478//7494 4664//7494
f 4707//7495 4703//7495 4699//7495
f 4704//7496 4708//7496 4700//7496
f 4702//7497 4668//7497 4670//7497
f 4683//7498 4692//7498 4690//7498
f 4693//7499 4692//7499 4683//7499
f 4704//7500 4461//7500 4708//7500
f 4707//7501 4709//7501 4703//7501
f 4699//7502 4708//7502 4707//7502
f 4700//7503 4708//7503 4699//7503
f 4687//7504 4696//7504 4688//7504
f 4695//7505 4673//7505 4672//7505
f 4698//7506 4673//7506 4695//7506
f 4703//7507 4710//7507 4701//7507
f 4698//7508 4705//7508 4673//7508
f 4701//7509 4710//7509 4706//7509
f 4696//7510 4670//7510 4688//7510
f 4344//7511 4708//7511 4461//7511
f 4664//7512 4478//7512 4488//7512
f 4690//7513 4704//7513 4689//7513
f 4696//7514 4702//7514 4670//7514
f 4361//7515 4708//7515 4344//7515
f 4708//7516 4502//7516 4707//7516
f 4709//7517 4519//7517 4703//7517
f 4707//7518 4485//7518 4709//7518
f 4681//7519 4711//7519 4686//7519
f 4686//7520 4711//7520 4712//7520
f 4672//7521 4494//7521 4702//7521
f 4702//7522 4494//7522 4668//7522
f 4707//7523 4502//7523 4485//7523
f 4706//7524 4673//7524 4705//7524
f 4505//7525 4673//7525 4706//7525
f 4681//7526 4680//7526 4711//7526
f 4658//7527 4713//7527 4680//7527
f 4703//7528 4519//7528 4710//7528
f 4711//7529 4680//7529 4713//7529
f 4361//7530 4502//7530 4708//7530
f 4694//7531 4713//7531 4658//7531
f 4714//7532 4694//7532 4663//7532
f 4663//7533 4694//7533 4657//7533
f 4663//7534 4490//7534 4714//7534
f 4668//7535 4493//7535 4669//7535
f 4710//7536 4505//7536 4706//7536
f 4519//7537 4520//7537 4710//7537
f 4465//7538 4502//7538 4361//7538
f 4506//7539 4505//7539 4710//7539
f 4668//7540 4494//7540 4493//7540
f 4709//7541 4485//7541 4519//7541
f 4713//7542 4694//7542 4714//7542
f 4478//7543 4480//7543 4488//7543
f 4485//7544 4487//7544 4519//7544
f 4710//7545 4520//7545 4506//7545
f 4505//7546 4527//7546 4673//7546
f 4490//7547 4489//7547 4714//7547
f 4592//7548 4715//7548 4615//7548
f 4715//7549 4716//7549 4717//7549
f 4718//7550 4719//7550 4720//7550
f 4615//7551 4715//7551 4717//7551
f 4717//7552 4560//7552 4615//7552
f 4721//7553 4717//7553 4716//7553
f 4721//7554 4560//7554 4717//7554
f 4721//7555 4623//7555 4560//7555
f 4623//7556 4721//7556 4722//7556
f 4623//7557 4722//7557 4595//7557
f 4722//7558 4593//7558 4595//7558
f 4593//7559 4722//7559 4606//7559
f 4723//7560 4718//7560 4720//7560
f 4718//7561 4724//7561 4719//7561
f 4725//7562 4719//7562 4724//7562
f 4724//7563 4726//7563 4725//7563
f 4718//7564 4727//7564 4728//7564
f 4718//7565 4728//7565 4587//7565
f 4728//7566 4729//7566 4730//7566
f 4728//7567 4731//7567 4498//7567
f 4728//7568 4730//7568 4731//7568
f 4730//7569 4729//7569 4732//7569
f 4733//7570 4730//7570 4732//7570
f 4733//7571 4731//7571 4730//7571
f 4733//7572 4500//7572 4731//7572
f 4606//7573 3738//7573 2013//7573
f 4606//7574 2013//7574 4264//7574
f 4733//7575 4507//7575 4500//7575
f 4734//7576 4733//7576 4735//7576
f 4734//7577 4735//7577 4736//7577
f 4737//7578 4733//7578 4734//7578
f 4734//7579 4736//7579 4737//7579
f 4738//7580 4723//7580 4739//7580
f 4740//7581 4741//7581 4742//7581
f 4508//7582 4737//7582 4740//7582
f 4508//7583 4507//7583 4737//7583
f 4743//7584 4744//7584 4742//7584
f 4745//7585 4744//7585 4746//7585
f 4745//7586 4746//7586 4514//7586
f 4514//7587 4746//7587 4747//7587
f 4748//7588 4749//7588 4750//7588
f 4727//7589 4718//7589 4723//7589
f 4723//7590 4751//7590 4739//7590
f 4727//7591 4723//7591 4738//7591
f 4750//7592 4752//7592 4753//7592
f 4586//7593 4724//7593 4587//7593
f 4586//7594 4726//7594 4724//7594
f 4724//7595 4718//7595 4587//7595
f 4518//7596 4753//7596 4752//7596
f 4723//7597 4720//7597 4751//7597
f 4518//7598 4752//7598 4754//7598
f 4587//7599 4728//7599 4498//7599
f 4755//7600 4756//7600 4757//7600
f 4729//7601 4728//7601 4727//7601
f 4758//7602 4754//7602 4757//7602
f 4758//7603 4757//7603 4756//7603
f 4732//7604 4729//7604 4735//7604
f 4574//7605 4758//7605 4756//7605
f 4574//7606 4756//7606 4759//7606
f 4759//7607 4756//7607 4760//7607
f 4761//7608 4759//7608 4760//7608
f 4735//7609 4733//7609 4732//7609
f 4500//7610 4498//7610 4731//7610
f 4760//7611 4762//7611 4761//7611
f 4763//7612 4764//7612 4762//7612
f 4764//7613 4761//7613 4762//7613
f 4764//7614 4577//7614 4761//7614
f 4737//7615 4507//7615 4733//7615
f 4765//7616 4577//7616 4764//7616
f 4736//7617 4742//7617 4741//7617
f 4742//7618 4736//7618 4743//7618
f 4740//7619 4737//7619 4741//7619
f 4766//7620 4765//7620 4767//7620
f 4766//7621 4768//7621 4765//7621
f 4514//7622 4508//7622 4745//7622
f 4769//7623 4743//7623 4748//7623
f 4770//7624 4768//7624 4766//7624
f 4768//7625 4771//7625 4581//7625
f 4768//7626 4770//7626 4771//7626
f 4753//7627 4518//7627 4514//7627
f 4771//7628 4770//7628 4772//7628
f 4749//7629 4748//7629 4755//7629
f 4771//7630 4772//7630 4773//7630
f 4754//7631 4574//7631 4518//7631
f 4758//7632 4574//7632 4754//7632
f 4760//7633 4755//7633 4763//7633
f 4760//7634 4756//7634 4755//7634
f 4741//7635 4737//7635 4736//7635
f 4740//7636 4745//7636 4508//7636
f 4740//7637 4742//7637 4745//7637
f 4744//7638 4745//7638 4742//7638
f 4762//7639 4760//7639 4763//7639
f 4743//7640 4746//7640 4744//7640
f 4769//7641 4746//7641 4743//7641
f 4577//7642 4574//7642 4761//7642
f 4769//7643 4747//7643 4746//7643
f 4748//7644 4747//7644 4769//7644
f 4767//7645 4763//7645 4772//7645
f 4750//7646 4747//7646 4748//7646
f 4768//7647 4581//7647 4577//7647
f 4768//7648 4577//7648 4765//7648
f 4753//7649 4747//7649 4750//7649
f 4753//7650 4514//7650 4747//7650
f 4750//7651 4749//7651 4752//7651
f 4770//7652 4767//7652 4772//7652
f 4770//7653 4766//7653 4767//7653
f 4752//7654 4749//7654 4755//7654
f 4757//7655 4752//7655 4755//7655
f 4757//7656 4754//7656 4752//7656
f 4771//7657 4592//7657 4581//7657
f 4773//7658 4772//7658 4716//7658
f 4773//7659 4716//7659 4715//7659
f 4574//7660 4759//7660 4761//7660
f 4592//7661 4771//7661 4773//7661
f 4592//7662 4773//7662 4715//7662
f 4767//7663 4765//7663 4764//7663
f 4767//7664 4764//7664 4763//7664
f 4774//7665 2864//7665 4775//7665
f 2834//7666 2864//7666 4774//7666
f 4775//7667 2839//7667 4776//7667
f 2864//7668 2839//7668 4775//7668
f 2839//7669 2874//7669 4776//7669
f 4776//7670 2874//7670 4777//7670
f 4777//7671 2874//7671 4778//7671
f 2874//7672 2889//7672 4778//7672
f 4778//7673 2889//7673 4779//7673
f 2889//7674 2888//7674 4779//7674
f 4779//7675 2888//7675 4780//7675
f 2888//7676 2884//7676 4780//7676
f 4780//7677 2884//7677 4781//7677
f 2884//7678 2886//7678 4781//7678
f 4781//7679 2886//7679 4782//7679
f 2834//7680 4774//7680 2415//7680
f 2879//7681 2894//7681 2895//7681
f 2834//7682 2415//7682 620//7682
f 2834//7683 620//7683 623//7683
f 2834//7684 623//7684 475//7684
f 634//7685 3040//7685 632//7685
f 475//7682 623//7682 3043//7682
f 2902//7686 2748//7686 613//7686
f 613//7687 2748//7687 634//7687
f 634//7688 2748//7688 482//7688
f 2868//7689 2779//7689 2768//7689
f 2868//7690 2799//7690 2779//7690
f 634//7682 482//7682 3040//7682
f 595//7691 599//7691 2625//7691
f 2868//7692 2814//7692 2799//7692
f 628//7682 3044//7682 3047//7682
f 2891//7693 2879//7693 2895//7693
f 624//7685 628//7685 3047//7685
f 595//7694 2625//7694 2638//7694
f 2834//7695 2815//7695 2814//7695
f 2834//7696 2814//7696 2868//7696
f 2834//7697 2748//7697 2815//7697
f 598//7698 603//7698 2586//7698
f 606//7699 2586//7699 603//7699
f 617//7682 624//7682 3047//7682
f 617//7685 3047//7685 3049//7685
f 582//7700 2587//7700 2586//7700
f 582//7701 2586//7701 606//7701
f 594//7702 598//7702 2586//7702
f 615//7685 617//7685 3049//7685
f 2542//7703 2560//7703 2896//7703
f 2543//7704 2542//7704 2896//7704
f 2503//7705 2543//7705 2896//7705
f 2503//7706 2896//7706 588//7706
f 589//7707 2587//7707 582//7707
f 615//7682 3049//7682 3051//7682
f 2503//7708 588//7708 595//7708
f 591//7709 594//7709 2594//7709
f 474//7710 478//7710 2748//7710
f 2902//7711 622//7711 2414//7711
f 2902//7712 614//7712 622//7712
f 2902//7713 613//7713 614//7713
f 589//7714 2744//7714 2587//7714
f 610//7682 615//7682 3051//7682
f 593//7715 2744//7715 589//7715
f 482//7716 2748//7716 478//7716
f 489//7717 474//7717 2748//7717
f 2513//7718 595//7718 2638//7718
f 2513//7719 2503//7719 595//7719
f 2513//7720 2638//7720 2637//7720
f 593//7721 2743//7721 2744//7721
f 585//7722 591//7722 2594//7722
f 2417//7723 2902//7723 2414//7723
f 487//7717 489//7717 2748//7717
f 631//7685 610//7685 3051//7685
f 631//7685 3051//7685 3041//7685
f 593//7696 2742//7696 2743//7696
f 487//7724 2748//7724 2834//7724
f 2892//7725 2742//7725 593//7725
f 2515//7726 2637//7726 2736//7726
f 2515//7727 2513//7727 2637//7727
f 484//7728 487//7728 2834//7728
f 607//7729 585//7729 2594//7729
f 2419//7730 2902//7730 2417//7730
f 2893//7731 2742//7731 2892//7731
f 2517//7732 2515//7732 2736//7732
f 2419//7733 4783//7733 2902//7733
f 2517//7734 2736//7734 2738//7734
f 627//7682 631//7682 3041//7682
f 480//7735 484//7735 2834//7735
f 2419//7736 4784//7736 4783//7736
f 2419//7737 4785//7737 4784//7737
f 627//7682 3041//7682 3043//7682
f 607//7738 2594//7738 2611//7738
f 2409//7739 4785//7739 2419//7739
f 477//7740 480//7740 2834//7740
f 2519//7734 2517//7734 2738//7734
f 2519//7741 2738//7741 2675//7741
f 623//7685 627//7685 3043//7685
f 602//7742 607//7742 2611//7742
f 475//7743 477//7743 2834//7743
f 2410//7744 4785//7744 2409//7744
f 602//7745 2611//7745 2614//7745
f 599//7746 602//7746 2614//7746
f 2433//7747 2519//7747 2675//7747
f 599//7748 2614//7748 2613//7748
f 2433//7749 2675//7749 2674//7749
f 2438//7750 2433//7750 2674//7750
f 2438//7751 2674//7751 2691//7751
f 2438//7752 2691//7752 2695//7752
f 2529//7753 2438//7753 2695//7753
f 2529//7754 2695//7754 2651//7754
f 2529//7755 2651//7755 2650//7755
f 2868//7682 2893//7682 2894//7682
f 2535//7756 2529//7756 2650//7756
f 2550//7757 2535//7757 2650//7757
f 632//7682 3040//7682 3044//7682
f 2868//7758 2742//7758 2893//7758
f 2879//7759 2868//7759 2894//7759
f 2868//7760 2820//7760 2742//7760
f 599//7761 2613//7761 2625//7761
f 4774//7762 2412//7762 2415//7762
f 4774//7763 2411//7763 2412//7763
f 628//7682 632//7682 3044//7682
f 4774//7764 2420//7764 2411//7764
f 4774//7765 4785//7765 2410//7765
f 4774//7766 2418//7766 2420//7766
f 4774//7767 2416//7767 2418//7767
f 4774//7768 2413//7768 2416//7768
f 2868//7769 2768//7769 2820//7769
f 4774//7770 2410//7770 2413//7770
f 4786//7771 4787//7771 4788//7771
f 4789//7772 4790//7772 2897//7772
f 4791//7773 4792//7773 4793//7773
f 4786//7774 4785//7774 4787//7774
f 4794//7775 2902//7775 4783//7775
f 4795//7776 4791//7776 4793//7776
f 4790//7777 4791//7777 4795//7777
f 4796//7778 4788//7778 4792//7778
f 2898//7779 4797//7779 4789//7779
f 4784//7780 4785//7780 4786//7780
f 4796//7781 4798//7781 4786//7781
f 4796//7782 4792//7782 4791//7782
f 4786//7783 4788//7783 4796//7783
f 4795//7784 4799//7784 4800//7784
f 4794//7785 4783//7785 4786//7785
f 4793//7786 4799//7786 4795//7786
f 4796//7787 2899//7787 4798//7787
f 4796//7788 4797//7788 2899//7788
f 2900//7789 4798//7789 2899//7789
f 4792//7790 4788//7790 4799//7790
f 2898//7791 4789//7791 2897//7791
f 4792//7792 4799//7792 4793//7792
f 4783//7793 4784//7793 4786//7793
f 2899//7794 4797//7794 2898//7794
f 4798//7795 4794//7795 4786//7795
f 4791//7796 4790//7796 4789//7796
f 4796//7797 4791//7797 4797//7797
f 2900//7798 4794//7798 4798//7798
f 2900//7799 2901//7799 4794//7799
f 4791//7800 4789//7800 4797//7800
f 2902//7801 4794//7801 2901//7801
f 4790//7802 4801//7802 2961//7802
f 637//7803 636//7803 4802//7803
f 4795//7804 4800//7804 637//7804
f 4795//7805 637//7805 4802//7805
f 4790//7806 2961//7806 2897//7806
f 4801//7807 4790//7807 4795//7807
f 4802//7808 4801//7808 4795//7808
f 2958//1367 567//1367 2960//1367
f 2960//1367 567//1367 3050//1367
f 3052//1367 567//1367 3042//1367
f 2957//1367 567//1367 2958//1367
f 3050//1367 567//1367 3052//1367
f 2968//7809 2965//7809 2967//7809
f 2975//7810 2965//7810 2968//7810
f 535//1367 3009//1367 540//1367
f 2930//1367 2926//1367 2981//1367
f 2967//7811 2970//7811 2963//7811
f 2965//7812 2970//7812 2967//7812
f 2981//1367 2926//1367 2978//1367
f 2970//7813 2973//7813 2963//7813
f 542//1367 2918//1367 534//1367
f 505//1367 567//1367 2957//1367
f 2926//1367 2920//1367 2978//1367
f 2910//1367 2936//1367 2932//1367
f 505//1367 573//1367 567//1367
f 2978//1367 2920//1367 2979//1367
f 2918//1367 2917//1367 534//1367
f 2920//1367 2921//1367 2979//1367
f 505//1367 575//1367 573//1367
f 2932//1367 2931//1367 2910//1367
f 2979//1367 2921//1367 2990//1367
f 2980//1367 2948//1367 2977//1367
f 2949//1367 2948//1367 2980//1367
f 504//1367 575//1367 505//1367
f 2921//1367 2922//1367 2990//1367
f 2909//1367 563//1367 2910//1367
f 2910//1367 563//1367 2936//1367
f 2990//1367 2922//1367 2999//1367
f 535//1367 3015//1367 3009//1367
f 534//1367 2917//1367 535//1367
f 2982//1367 2949//1367 2980//1367
f 2917//1367 2916//1367 535//1367
f 2922//1367 2923//1367 2999//1367
f 2910//1367 2931//1367 3067//1367
f 501//1367 575//1367 504//1367
f 2931//1367 2937//1367 3067//1367
f 2948//1367 2953//1367 2977//1367
f 2982//1367 2952//1367 2949//1367
f 535//1367 2916//1367 3015//1367
f 2908//1367 563//1367 2909//1367
f 501//1367 577//1367 575//1367
f 3007//1367 2941//1367 2984//1367
f 2941//1367 2940//1367 2984//1367
f 2916//1367 2915//1367 3015//1367
f 3067//1367 2937//1367 3055//1367
f 3007//1367 2942//1367 2941//1367
f 2908//1367 564//1367 563//1367
f 2982//1367 527//1367 2952//1367
f 2940//1367 2945//1367 2984//1367
f 2984//1367 2945//1367 2988//1367
f 491//1367 577//1367 501//1367
f 2953//1367 2951//1367 2977//1367
f 2974//1367 527//1367 2982//1367
f 2999//1367 2942//1367 3007//1367
f 3055//1367 2933//1367 3056//1367
f 2937//1367 2933//1367 3055//1367
f 2913//1367 552//1367 2908//1367
f 2923//1367 543//1367 2999//1367
f 2977//1367 2951//1367 2976//1367
f 2908//1367 552//1367 564//1367
f 2999//1367 543//1367 2942//1367
f 491//1367 579//1367 577//1367
f 2924//1367 543//1367 2923//1367
f 2945//1367 2939//1367 2988//1367
f 2924//1367 528//1367 543//1367
f 2988//1367 2939//1367 2993//1367
f 2951//1367 2950//1367 2976//1367
f 2933//1367 2935//1367 3056//1367
f 2964//1367 518//1367 2974//1367
f 2939//1367 2938//1367 2993//1367
f 2913//1367 553//1367 552//1367
f 2974//1367 518//1367 527//1367
f 2912//1367 553//1367 2913//1367
f 3056//1367 2935//1367 3062//1367
f 485//1367 2961//1367 3046//1367
f 2962//1367 2961//1367 485//1367
f 490//1367 579//1367 491//1367
f 2950//1367 2947//1367 2976//1367
f 2938//1367 2943//1367 2993//1367
f 2911//1367 556//1367 2912//1367
f 2976//1367 2947//1367 2983//1367
f 2912//1367 556//1367 553//1367
f 2961//1367 2955//1367 3046//1367
f 490//1367 570//1367 579//1367
f 2947//1367 2946//1367 2983//1367
f 2961//1367 2956//1367 2955//1367
f 636//1367 570//1367 490//1367
f 636//1367 572//1367 570//1367
f 2983//1367 2946//1367 2981//1367
f 2955//1367 2954//1367 3046//1367
f 3034//7814 3024//7814 3032//7814
f 2946//1367 523//1367 2981//1367
f 3018//7815 3022//7815 3034//7815
f 3034//7816 3022//7816 3024//7816
f 456//1367 3054//1367 3029//1367
f 3062//1367 3054//1367 456//1367
f 2934//1367 3054//1367 2935//1367
f 2935//1367 3054//1367 3062//1367
f 561//1367 3054//1367 2934//1367
f 3018//7817 3020//7817 3022//7817
f 3046//1367 2954//1367 3048//1367
f 550//1367 3054//1367 561//1367
f 547//1367 3054//1367 550//1367
f 2915//1367 3020//1367 3015//1367
f 3015//7818 3020//7818 3018//7818
f 2915//1367 3031//1367 3020//1367
f 2915//1367 3029//1367 3031//1367
f 2924//1367 2925//1367 528//1367
f 528//1367 2925//1367 529//1367
f 547//1367 638//1367 3054//1367
f 2961//1367 509//1367 2956//1367
f 546//1367 638//1367 547//1367
f 2914//1367 387//1367 400//1367
f 2954//1367 2959//1367 3048//1367
f 2915//1367 400//1367 3029//1367
f 2907//1367 638//1367 2911//1367
f 2911//1367 638//1367 556//1367
f 2914//1367 400//1367 2915//1367
f 557//1367 638//1367 546//1367
f 556//1367 638//1367 557//1367
f 636//1367 638//1367 2907//1367
f 636//1367 2907//1367 572//1367
f 2914//1367 2910//1367 3060//1367
f 3060//1367 2910//1367 3063//1367
f 567//1367 2906//1367 3045//1367
f 567//1367 3045//1367 3042//1367
f 400//1367 398//1367 3029//1367
f 2914//1367 389//1367 387//1367
f 2964//1367 2904//1367 518//1367
f 398//1367 395//1367 3029//1367
f 2963//1367 2904//1367 2964//1367
f 2914//1367 3442//1367 389//1367
f 2943//1367 3002//1367 2993//1367
f 2944//1367 3002//1367 2943//1367
f 518//1367 2904//1367 510//1367
f 2973//1367 2905//1367 2963//1367
f 2963//1367 2905//1367 2904//1367
f 3048//1367 2959//1367 3050//1367
f 2904//1367 2903//1367 510//1367
f 2959//1367 2960//1367 3050//1367
f 392//1367 3029//1367 395//1367
f 2972//1367 2905//1367 2973//1367
f 392//1367 394//1367 3029//1367
f 2961//1367 497//1367 509//1367
f 394//1367 3440//1367 3029//1367
f 2962//1367 2905//1367 2972//1367
f 2903//1367 2927//1367 510//1367
f 510//1367 2927//1367 511//1367
f 2962//1367 2906//1367 2905//1367
f 3442//1367 459//1367 3444//1367
f 3442//1367 462//1367 459//1367
f 511//1367 2927//1367 524//1367
f 2927//1367 2928//1367 524//1367
f 459//1367 471//1367 3444//1367
f 2914//1367 462//1367 3442//1367
f 529//1367 2919//1367 537//1367
f 2925//1367 2919//1367 529//1367
f 524//1367 2928//1367 513//1367
f 3444//1367 471//1367 3447//1367
f 2961//1367 499//1367 497//1367
f 473//1367 472//1367 2962//1367
f 2962//1367 481//1367 473//1367
f 2914//1367 466//1367 462//1367
f 472//1367 488//1367 2962//1367
f 3447//1367 469//1367 3449//1367
f 471//1367 469//1367 3447//1367
f 540//1367 3002//1367 2944//1367
f 2962//1367 485//1367 481//1367
f 2914//1367 3060//1367 466//1367
f 488//1367 486//1367 2962//1367
f 4801//7819 499//7819 2961//7819
f 513//1367 2929//1367 514//1367
f 2928//1367 2929//1367 513//1367
f 4802//7820 499//7820 4801//7820
f 2962//1367 486//1367 2906//1367
f 4802//1367 494//1367 499//1367
f 636//7821 494//7821 4802//7821
f 469//1367 467//1367 3449//1367
f 3449//1367 467//1367 3440//1367
f 486//1367 483//1367 2906//1367
f 467//1367 463//1367 3440//1367
f 537//1367 2919//1367 532//1367
f 3440//1367 463//1367 3029//1367
f 514//1367 2929//1367 521//1367
f 636//1367 502//1367 494//1367
f 483//1367 479//1367 2906//1367
f 540//1367 3009//1367 3002//1367
f 463//1367 456//1367 3029//1367
f 2919//1367 2918//1367 532//1367
f 636//1367 490//1367 502//1367
f 521//1367 2929//1367 523//1367
f 479//1367 476//1367 2906//1367
f 476//1367 3045//1367 2906//1367
f 3065//1367 2910//1367 3067//1367
f 3063//1367 2910//1367 3065//1367
f 2929//1367 2930//1367 523//1367
f 532//1367 2918//1367 542//1367
f 523//1367 2930//1367 2981//1367
f 3054//7822 4803//7822 3053//7822
f 638//7823 4803//7823 3054//7823
f 4804//7824 4805//7824 635//7824
f 638//7825 4805//7825 4803//7825
f 635//7826 4805//7826 638//7826
f 4806//7827 4807//7827 4808//7827
f 4809//7828 4807//7828 4806//7828
f 4810//7829 4811//7829 4807//7829
f 4810//7830 4807//7830 4809//7830
f 4812//7831 4811//7831 4810//7831
f 4812//7832 4813//7832 4811//7832
f 4814//7833 4813//7833 4812//7833
f 4805//7834 4804//7834 4814//7834
f 4815//7835 4814//7835 4812//7835
f 4816//7836 4814//7836 4815//7836
f 4805//7837 4814//7837 4816//7837
f 3069//7838 4809//7838 4806//7838
f 3074//7839 4810//7839 3069//7839
f 3069//7840 4806//7840 3072//7840
f 3076//7841 4815//7841 3074//7841
f 3076//7842 4816//7842 4815//7842
f 3053//7843 4816//7843 3076//7843
f 4816//7844 4803//7844 4805//7844
f 4816//7845 3053//7845 4803//7845
f 4812//7846 4810//7846 4815//7846
f 4810//7847 3074//7847 4815//7847
f 4809//7848 3069//7848 4810//7848
f 4817//7849 4818//7849 4819//7849
f 4817//7850 4819//7850 4820//7850
f 4821//7851 4822//7851 4823//7851
f 4821//7852 4823//7852 4824//7852
f 4825//7853 4824//7853 4823//7853
f 4825//7854 4823//7854 4826//7854
f 4827//7855 4826//7855 4828//7855
f 4829//7856 4830//7856 4831//7856
f 4829//7857 4831//7857 4832//7857
f 4833//7858 4828//7858 4834//7858
f 4835//7859 4827//7859 4828//7859
f 4836//7860 4830//7860 4817//7860
f 4835//7861 4837//7861 4827//7861
f 4833//7862 4838//7862 4839//7862
f 4833//7863 4840//7863 4838//7863
f 4837//7864 4839//7864 4841//7864
f 4842//7865 4838//7865 4840//7865
f 4841//7866 4843//7866 4837//7866
f 4844//7867 4843//7867 4841//7867
f 4843//7868 4844//7868 4845//7868
f 4846//7869 4843//7869 4845//7869
f 4847//7870 4848//7870 4849//7870
f 4846//7871 4850//7871 4843//7871
f 4851//7872 4852//7872 4853//7872
f 4850//7873 4846//7873 4853//7873
f 4850//7874 4853//7874 4854//7874
f 4855//7875 4850//7875 4854//7875
f 4856//7876 4857//7876 4850//7876
f 4856//7877 4850//7877 4855//7877
f 4817//7878 4829//7878 4818//7878
f 4858//7879 4859//7879 4860//7879
f 4857//7880 4856//7880 4860//7880
f 4857//7881 4860//7881 4861//7881
f 4862//7882 4863//7882 4857//7882
f 4862//7883 4857//7883 4861//7883
f 4834//7884 4823//7884 4822//7884
f 4834//7885 4828//7885 4823//7885
f 4864//7886 4865//7886 4866//7886
f 4867//7887 4863//7887 4868//7887
f 4869//7888 4863//7888 4867//7888
f 4869//7889 4849//7889 4863//7889
f 4869//7890 4870//7890 4849//7890
f 4870//7891 4869//7891 4871//7891
f 4840//7892 4833//7892 4834//7892
f 4872//7893 4873//7893 4874//7893
f 4875//7894 4873//7894 4876//7894
f 4838//7895 4842//7895 4877//7895
f 4878//7896 4832//7896 4879//7896
f 4842//7897 4840//7897 4880//7897
f 4844//7898 4838//7898 4845//7898
f 4878//7899 4829//7899 4832//7899
f 4878//7900 4818//7900 4829//7900
f 4880//7901 4877//7901 4842//7901
f 4821//7902 4824//7902 4881//7902
f 4821//7903 4881//7903 4822//7903
f 4845//7904 4838//7904 4877//7904
f 4825//7905 4882//7905 4819//7905
f 4825//7906 4819//7906 4824//7906
f 4820//7907 4819//7907 4882//7907
f 4826//7908 4882//7908 4825//7908
f 4826//7909 4827//7909 4882//7909
f 4835//7910 4828//7910 4839//7910
f 4828//7911 4833//7911 4839//7911
f 4839//7912 4837//7912 4835//7912
f 4841//7913 4839//7913 4838//7913
f 4853//7914 4877//7914 4851//7914
f 4851//7915 4880//7915 4852//7915
f 4854//7916 4853//7916 4852//7916
f 4844//7917 4841//7917 4838//7917
f 4880//7918 4851//7918 4877//7918
f 4846//7919 4845//7919 4877//7919
f 4846//7920 4877//7920 4853//7920
f 4858//7921 4860//7921 4883//7921
f 4854//7922 4852//7922 4883//7922
f 4858//7923 4852//7923 4859//7923
f 4854//7924 4856//7924 4855//7924
f 4883//7925 4856//7925 4854//7925
f 4883//7926 4852//7926 4858//7926
f 4861//7927 4860//7927 4859//7927
f 4856//7928 4883//7928 4860//7928
f 4884//7929 4861//7929 4859//7929
f 4859//7930 4865//7930 4885//7930
f 4884//7931 4886//7931 4862//7931
f 4884//7932 4862//7932 4861//7932
f 4884//7933 4859//7933 4885//7933
f 4886//7934 4887//7934 4862//7934
f 4865//7935 4859//7935 4866//7935
f 4886//7936 4885//7936 4865//7936
f 4886//7937 4865//7937 4887//7937
f 4887//7938 4865//7938 4864//7938
f 4887//7939 4868//7939 4863//7939
f 4887//7940 4863//7940 4862//7940
f 4887//7941 4864//7941 4868//7941
f 4868//7942 4864//7942 4866//7942
f 4867//7943 4868//7943 4866//7943
f 4888//7944 4869//7944 4867//7944
f 4888//7945 4867//7945 4866//7945
f 4869//7946 4888//7946 4889//7946
f 4889//7947 4871//7947 4869//7947
f 4872//7948 4871//7948 4888//7948
f 4888//7949 4866//7949 4872//7949
f 4849//7950 4870//7950 4874//7950
f 4890//7951 4849//7951 4874//7951
f 4871//7952 4889//7952 4888//7952
f 4891//7953 4892//7953 4848//7953
f 4874//7954 4871//7954 4872//7954
f 4874//7955 4870//7955 4871//7955
f 4881//7956 4878//7956 4879//7956
f 4878//7957 4881//7957 4824//7957
f 4878//7958 4824//7958 4818//7958
f 4826//7959 4823//7959 4828//7959
f 4886//7960 4884//7960 4885//7960
f 4890//7961 4847//7961 4849//7961
f 4873//7962 4890//7962 4874//7962
f 4890//7963 4873//7963 4875//7963
f 4890//7964 4875//7964 4847//7964
f 4876//7965 4847//7965 4875//7965
f 4847//7966 4891//7966 4848//7966
f 4847//7967 4876//7967 4891//7967
f 4891//7968 4876//7968 4892//7968
f 4848//7969 4893//7969 4894//7969
f 4892//7970 4893//7970 4848//7970
f 4892//7971 4895//7971 4893//7971
f 4893//7972 4895//7972 4896//7972
f 4894//7973 4893//7973 4896//7973
f 4897//7974 4894//7974 4896//7974
f 3697//7975 4897//7975 3696//7975
f 4829//7976 4817//7976 4830//7976
f 4824//7977 4819//7977 4818//7977
f 4898//7978 4899//7978 4900//7978
f 4901//7979 4902//7979 4903//7979
f 4904//7980 4905//7980 4906//7980
f 4907//7981 4908//7981 4909//7981
f 4910//7982 4911//7982 4912//7982
f 4913//7983 4914//7983 4915//7983
f 4901//7984 4906//7984 4902//7984
f 4898//7985 4916//7985 4899//7985
f 4914//7986 4913//7986 4917//7986
f 4900//7987 4899//7987 4918//7987
f 4900//7988 4918//7988 4919//7988
f 4920//7989 4921//7989 160//7989
f 4922//7990 4923//7990 4924//7990
f 4925//7991 4005//7991 4012//7991
f 4923//7992 4904//7992 4906//7992
f 4926//7993 4927//7993 4928//7993
f 4926//7994 4929//7994 4927//7994
f 4918//7995 4930//7995 4917//7995
f 4931//7996 4932//7996 4922//7996
f 4931//7997 4916//7997 4932//7997
f 4920//7998 162//7998 4933//7998
f 4923//7999 4932//7999 4904//7999
f 162//8000 4934//8000 4933//8000
f 4898//8001 4900//8001 4935//8001
f 4936//8002 4937//8002 4904//8002
f 4898//8003 4932//8003 4916//8003
f 4938//8004 4939//8004 4898//8004
f 4938//8005 4898//8005 4935//8005
f 4940//8006 4936//8006 4939//8006
f 4941//8007 4942//8007 4938//8007
f 4941//8008 4938//8008 4935//8008
f 4943//8009 4944//8009 4941//8009
f 4945//8010 4915//8010 4946//8010
f 4913//8011 4915//8011 4945//8011
f 4947//8012 4948//8012 4949//8012
f 4947//8013 4949//8013 4950//8013
f 4951//8014 4952//8014 4953//8014
f 4954//8015 4955//8015 4950//8015
f 4956//8016 4957//8016 4958//8016
f 4956//8017 4958//8017 4959//8017
f 4900//8018 4960//8018 4935//8018
f 4900//8019 4919//8019 4960//8019
f 4925//8020 4106//8020 4005//8020
f 4939//8021 4932//8021 4898//8021
f 4936//8022 4904//8022 4932//8022
f 4961//8023 4962//8023 4963//8023
f 4964//8024 4943//8024 4907//8024
f 4965//8025 4966//8025 4967//8025
f 4968//8026 4969//8026 4970//8026
f 4969//8027 4968//8027 4965//8027
f 4971//8028 4966//8028 4972//8028
f 4973//8029 4907//8029 4909//8029
f 4974//8030 4966//8030 4965//8030
f 4975//8031 4962//8031 4961//8031
f 4936//8032 4932//8032 4939//8032
f 4953//8033 4948//8033 4951//8033
f 4976//8034 4977//8034 4978//8034
f 4934//8035 162//8035 173//8035
f 4979//8036 4962//8036 4975//8036
f 4977//8037 4980//8037 4974//8037
f 4981//8038 4976//8038 4979//8038
f 4955//8039 4945//8039 4946//8039
f 4982//8040 4983//8040 4169//8040
f 4955//8041 4946//8041 4984//8041
f 4985//8042 4979//8042 4975//8042
f 4985//8043 4981//8043 4979//8043
f 4903//8044 4986//8044 4987//8044
f 4988//8045 4989//8045 4924//8045
f 4947//8046 4984//8046 4933//8046
f 4990//8047 4991//8047 4992//8047
f 4955//8048 4954//8048 4945//8048
f 4924//8049 4901//8049 4988//8049
f 4993//8050 4925//8050 4994//8050
f 4964//8051 4944//8051 4943//8051
f 4935//8052 4960//8052 4943//8052
f 4924//8053 4906//8053 4901//8053
f 4924//8054 4923//8054 4906//8054
f 4935//8055 4943//8055 4941//8055
f 4995//8056 4921//8056 4920//8056
f 4953//8057 4949//8057 4948//8057
f 4996//8058 4953//8058 11//8058
f 4951//8059 4934//8059 173//8059
f 4997//8060 4963//8060 4998//8060
f 4926//8061 4999//8061 4929//8061
f 4997//8062 4961//8062 4963//8062
f 4940//8063 4937//8063 4936//8063
f 4934//8064 4951//8064 4948//8064
f 4964//8065 4907//8065 4973//8065
f 4990//8066 4992//8066 5000//8066
f 5001//8067 4990//8067 5000//8067
f 5001//8068 5002//8068 4921//8068
f 4951//8069 173//8069 5003//8069
f 4950//8070 4984//8070 4947//8070
f 5001//8071 4921//8071 4995//8071
f 4948//8072 4947//8072 4933//8072
f 4942//8073 4939//8073 4938//8073
f 4996//8074 5004//8074 4953//8074
f 4950//8075 4955//8075 4984//8075
f 4951//8076 5003//8076 4952//8076
f 5005//8077 4940//8077 4939//8077
f 4993//8078 4106//8078 4925//8078
f 5006//8079 4993//8079 4994//8079
f 5006//8080 4994//8080 4937//8080
f 4958//8081 4937//8081 4940//8081
f 4958//8082 4940//8082 5005//8082
f 4964//8083 5007//8083 4944//8083
f 4942//8084 5005//8084 4939//8084
f 5008//8085 4942//8085 4941//8085
f 5006//8086 4937//8086 4958//8086
f 4954//8087 4950//8087 4998//8087
f 5009//8088 5008//8088 4941//8088
f 5010//8089 4964//8089 4973//8089
f 4950//8090 4949//8090 5011//8090
f 5004//8091 4996//8091 5012//8091
f 5013//8092 4941//8092 4944//8092
f 5009//8093 4941//8093 5013//8093
f 5009//8094 5014//8094 5008//8094
f 5005//8095 4942//8095 5008//8095
f 4958//8096 4957//8096 5006//8096
f 4973//8097 4909//8097 4929//8097
f 5015//8098 4928//8098 4954//8098
f 5012//8099 5016//8099 5004//8099
f 5006//8100 4106//8100 4993//8100
f 5006//8101 4174//8101 4106//8101
f 5011//8102 4998//8102 4950//8102
f 5015//8103 4999//8103 4926//8103
f 5010//8104 5007//8104 4964//8104
f 5017//8105 4881//8105 4879//8105
f 5017//8106 4879//8106 5018//8106
f 4959//8107 5005//8107 5008//8107
f 5015//8108 4926//8108 4928//8108
f 5017//8109 5018//8109 5019//8109
f 5020//8110 5007//8110 5010//8110
f 5021//8111 5017//8111 5019//8111
f 5013//8112 4944//8112 5007//8112
f 5022//8113 5021//8113 5023//8113
f 5009//8114 5024//8114 5014//8114
f 4959//8115 4958//8115 5005//8115
f 5025//8116 5022//8116 5023//8116
f 5014//8117 4959//8117 5008//8117
f 4998//8118 4963//8118 5015//8118
f 4998//8119 5015//8119 4954//8119
f 5026//8120 5025//8120 5023//8120
f 4998//8121 5011//8121 5016//8121
f 4174//8122 5006//8122 4957//8122
f 5027//8123 4999//8123 5028//8123
f 4956//8124 4959//8124 5029//8124
f 4185//8125 4174//8125 4957//8125
f 5030//8126 5013//8126 5007//8126
f 4952//8127 5003//8127 11//8127
f 5029//8128 4959//8128 5014//8128
f 5030//8129 5024//8129 5009//8129
f 5030//8130 5009//8130 5013//8130
f 4963//8131 5031//8131 5015//8131
f 5031//8132 4999//8132 5015//8132
f 4952//8133 11//8133 4953//8133
f 5032//8134 5007//8134 5020//8134
f 5001//8135 5000//8135 5002//8135
f 5033//8136 5034//8136 5035//8136
f 5036//8137 5014//8137 5024//8137
f 5011//8138 4949//8138 5004//8138
f 4949//8139 4953//8139 5004//8139
f 4973//8140 4929//8140 4999//8140
f 5029//8141 5014//8141 5036//8141
f 5037//8142 5038//8142 5034//8142
f 5037//8143 5039//8143 3890//8143
f 3890//8144 3889//8144 5037//8144
f 5030//8145 5040//8145 5024//8145
f 5017//8146 5041//8146 4822//8146
f 5017//8147 4822//8147 4881//8147
f 5032//8148 4967//8148 5007//8148
f 5017//8149 5022//8149 5041//8149
f 5042//8150 5029//8150 5036//8150
f 5022//8151 5017//8151 5021//8151
f 5043//8152 4957//8152 4956//8152
f 5041//8153 4840//8153 4834//8153
f 5027//8154 4973//8154 4999//8154
f 5003//8155 173//8155 11//8155
f 4970//8156 4999//8156 5031//8156
f 4185//8157 4957//8157 5043//8157
f 5022//8158 5044//8158 5045//8158
f 5041//8159 4880//8159 4840//8159
f 5041//8160 4834//8160 4822//8160
f 5046//8161 5031//8161 4963//8161
f 5025//8162 5044//8162 5022//8162
f 5047//8163 5041//8163 5022//8163
f 5048//8164 5041//8164 5047//8164
f 5048//8165 4880//8165 5041//8165
f 5048//8166 4852//8166 4880//8166
f 5043//8167 4956//8167 5029//8167
f 5045//8168 5047//8168 5022//8168
f 5027//8169 5010//8169 4973//8169
f 4997//8170 4998//8170 5016//8170
f 5049//8171 5025//8171 5026//8171
f 5044//8172 5050//8172 5045//8172
f 5049//8173 5044//8173 5025//8173
f 4185//8174 4037//8174 4032//8174
f 5040//8175 5036//8175 5024//8175
f 5050//8176 5051//8176 5045//8176
f 5032//8177 5020//8177 5010//8177
f 5032//8178 5010//8178 5027//8178
f 5052//8179 5026//8179 5053//8179
f 5052//8180 5049//8180 5026//8180
f 5054//8181 5040//8181 5030//8181
f 5055//8182 5043//8182 5029//8182
f 5056//8183 5049//8183 5057//8183
f 5054//8184 5030//8184 5007//8184
f 5028//8185 4999//8185 4970//8185
f 5051//8186 5047//8186 5045//8186
f 5040//8187 5058//8187 5036//8187
f 5046//8188 4970//8188 5031//8188
f 5057//8189 5049//8189 5052//8189
f 5057//8190 5052//8190 5059//8190
f 5043//8191 4037//8191 4185//8191
f 5060//8192 5052//8192 5053//8192
f 5061//8193 5042//8193 5036//8193
f 5016//8194 5011//8194 5004//8194
f 5055//8195 5029//8195 5042//8195
f 5060//8196 5053//8196 5062//8196
f 5054//8197 5007//8197 4967//8197
f 5059//8198 5056//8198 5057//8198
f 5054//8199 5063//8199 5040//8199
f 5061//8200 5036//8200 5058//8200
f 4986//8201 5064//8201 5065//8201
f 4967//8202 5028//8202 4969//8202
f 4967//8203 5027//8203 5028//8203
f 4912//8204 5060//8204 5062//8204
f 4104//8205 4037//8205 5043//8205
f 4104//8206 5043//8206 5055//8206
f 4912//8207 5062//8207 5066//8207
f 4969//8208 5028//8208 4970//8208
f 4989//8209 5056//8209 5059//8209
f 4967//8210 5032//8210 5027//8210
f 5040//8211 5067//8211 5058//8211
f 5046//8212 4963//8212 4962//8212
f 5058//8213 5068//8213 5061//8213
f 5069//8214 5055//8214 5042//8214
f 5069//8215 5042//8215 5061//8215
f 4971//8216 5063//8216 5054//8216
f 5070//8217 4990//8217 5001//8217
f 4966//8218 5054//8218 4967//8218
f 4930//8219 4990//8219 5070//8219
f 4971//8220 5054//8220 4966//8220
f 4104//8221 5055//8221 5069//8221
f 5068//8222 5058//8222 5067//8222
f 5071//8223 5016//8223 5012//8223
f 4995//8224 5070//8224 5001//8224
f 4971//8225 5072//8225 5063//8225
f 4914//8226 4930//8226 5070//8226
f 5069//8227 4117//8227 4104//8227
f 5073//8228 5074//8228 5075//8228
f 5072//8229 5040//8229 5063//8229
f 5072//8230 5067//8230 5040//8230
f 5071//8231 4997//8231 5016//8231
f 5076//8232 5061//8232 5068//8232
f 5076//8233 5069//8233 5061//8233
f 4946//8234 4995//8234 4920//8234
f 4915//8235 4914//8235 5070//8235
f 4915//8236 5070//8236 4995//8236
f 5077//8237 4896//8237 5074//8237
f 4965//8238 4967//8238 4969//8238
f 4915//8239 4995//8239 4946//8239
f 4961//8240 5071//8240 5078//8240
f 5079//8241 5077//8241 5073//8241
f 5079//8242 5073//8242 4994//8242
f 5080//8243 1927//8243 3696//8243
f 5080//8244 3696//8244 4897//8244
f 5080//8245 4897//8245 4896//8245
f 5076//8246 4117//8246 5069//8246
f 5077//8247 5080//8247 4896//8247
f 5077//8248 5079//8248 5080//8248
f 4984//8249 4946//8249 4920//8249
f 4905//8250 4904//8250 4994//8250
f 5081//8251 5067//8251 5072//8251
f 4012//8252 5080//8252 5079//8252
f 4975//8253 4961//8253 5078//8253
f 4905//8254 4994//8254 5073//8254
f 4980//8255 4972//8255 4974//8255
f 5082//8256 4919//8256 4917//8256
f 5083//8257 5076//8257 5068//8257
f 4970//8258 4962//8258 4979//8258
f 4970//8259 5046//8259 4962//8259
f 5071//8260 4961//8260 4997//8260
f 5084//8261 5085//8261 4980//8261
f 4968//8262 4978//8262 4965//8262
f 5083//8263 4136//8263 4117//8263
f 5083//8264 4117//8264 5076//8264
f 5086//8265 4980//8265 5085//8265
f 5087//8266 4917//8266 4913//8266
f 4966//8267 4974//8267 4972//8267
f 5082//8268 4908//8268 4919//8268
f 5088//8269 4985//8269 5089//8269
f 5081//8270 5090//8270 5068//8270
f 5088//8271 4981//8271 4985//8271
f 5081//8272 5068//8272 5067//8272
f 5082//8273 4917//8273 5087//8273
f 5035//8274 5085//8274 5084//8274
f 5088//8275 5035//8275 5084//8275
f 5091//8276 5083//8276 5068//8276
f 5092//8277 5085//8277 5093//8277
f 5035//8278 5034//8278 5085//8278
f 5094//8279 5095//8279 5092//8279
f 5093//8280 5085//8280 5034//8280
f 4972//8281 5072//8281 4971//8281
f 5080//8282 3944//8282 1927//8282
f 5096//8283 5088//8283 5089//8283
f 5035//8284 5088//8284 5096//8284
f 5096//8285 5089//8285 5097//8285
f 5081//8286 5072//8286 5098//8286
f 4012//8287 3944//8287 5080//8287
f 5099//8288 5093//8288 5034//8288
f 5098//8289 5072//8289 4972//8289
f 5099//8290 5092//8290 5093//8290
f 5099//8291 4183//8291 5094//8291
f 5099//8292 5094//8292 5092//8292
f 5087//8293 4908//8293 5082//8293
f 5091//8294 5068//8294 5090//8294
f 4984//8295 4920//8295 4933//8295
f 5033//8296 5035//8296 5096//8296
f 5099//8297 5034//8297 5038//8297
f 4974//8298 4965//8298 4978//8298
f 4150//8299 5083//8299 5091//8299
f 4150//8300 4136//8300 5083//8300
f 5033//8301 5097//8301 5039//8301
f 5033//8302 5096//8302 5097//8302
f 4927//8303 5087//8303 4913//8303
f 4976//8304 4970//8304 4979//8304
f 4976//8305 4968//8305 4970//8305
f 4976//8306 4978//8306 4968//8306
f 4927//8307 4913//8307 4945//8307
f 4186//8308 4183//8308 5099//8308
f 4186//8309 5099//8309 5038//8309
f 5033//8310 5039//8310 5037//8310
f 5087//8311 4909//8311 4908//8311
f 5033//8312 5037//8312 5034//8312
f 4186//8313 5038//8313 5037//8313
f 5100//8314 5091//8314 5090//8314
f 4186//8315 5037//8315 3889//8315
f 5047//8316 5051//8316 5048//8316
f 4982//8317 5091//8317 5100//8317
f 5048//8318 4859//8318 4852//8318
f 5049//8319 5050//8319 5044//8319
f 5049//8320 5056//8320 5050//8320
f 5051//8321 4859//8321 5048//8321
f 5051//8322 4866//8322 4859//8322
f 5065//8323 5051//8323 5050//8323
f 4937//8324 4994//8324 4904//8324
f 4150//8325 5091//8325 4982//8325
f 5064//8326 4866//8326 5051//8326
f 4977//8327 4974//8327 4978//8327
f 5065//8328 5064//8328 5051//8328
f 4982//8329 4156//8329 4150//8329
f 4994//8330 4012//8330 5079//8330
f 5101//8331 5052//8331 5060//8331
f 5101//8332 5059//8332 5052//8332
f 4986//8333 5065//8333 5050//8333
f 4986//8334 5050//8334 5056//8334
f 5102//8335 5090//8335 5081//8335
f 5102//8336 5081//8336 5098//8336
f 4986//8337 5056//8337 4987//8337
f 4986//8338 5103//8338 5064//8338
f 4960//8339 4919//8339 4908//8339
f 5100//8340 5090//8340 5102//8340
f 4991//8341 4912//8341 5066//8341
f 5102//8342 5098//8342 4972//8342
f 5086//8343 4972//8343 4980//8343
f 5086//8344 5102//8344 4972//8344
f 4982//8345 4169//8345 4156//8345
f 5104//8346 4977//8346 4976//8346
f 5104//8347 5084//8347 4977//8347
f 4982//8348 5100//8348 5095//8348
f 5102//8349 5095//8349 5100//8349
f 4977//8350 5084//8350 4980//8350
f 4975//8351 5078//8351 4985//8351
f 5104//8352 4976//8352 4981//8352
f 5104//8353 4981//8353 5088//8353
f 5105//8354 5102//8354 5086//8354
f 5105//8355 5095//8355 5102//8355
f 4927//8356 4909//8356 5087//8356
f 4983//8357 4982//8357 5095//8357
f 5106//8358 5107//8358 4876//8358
f 5105//8359 5092//8359 5095//8359
f 5104//8360 5088//8360 5084//8360
f 5105//8361 5085//8361 5092//8361
f 4983//8362 4171//8362 4169//8362
f 4927//8363 4945//8363 4954//8363
f 5108//8364 4931//8364 4922//8364
f 5086//8365 5085//8365 5105//8365
f 4902//8366 5075//8366 5107//8366
f 5107//8367 4892//8367 4876//8367
f 4924//8368 4989//8368 4922//8368
f 4911//8369 4931//8369 5108//8369
f 4983//8370 4178//8370 4171//8370
f 4910//8371 4991//8371 4990//8371
f 4910//8372 4990//8372 4930//8372
f 4906//8373 5075//8373 4902//8373
f 5074//8374 4892//8374 5107//8374
f 5094//8375 4178//8375 4983//8375
f 5074//8376 5107//8376 5075//8376
f 5074//8377 4895//8377 4892//8377
f 5094//8378 4983//8378 5095//8378
f 5094//8379 4183//8379 4178//8379
f 4948//8380 4933//8380 4934//8380
f 4918//8381 4911//8381 4910//8381
f 4907//8382 4960//8382 4908//8382
f 5064//8383 5103//8383 4872//8383
f 4918//8384 4916//8384 4911//8384
f 5064//8385 4872//8385 4866//8385
f 5103//8386 4873//8386 4872//8386
f 5074//8387 4896//8387 4895//8387
f 4918//8388 4910//8388 4930//8388
f 5109//8389 5101//8389 5060//8389
f 5109//8390 5060//8390 4912//8390
f 4988//8391 5056//8391 4989//8391
f 4988//8392 4987//8392 5056//8392
f 5109//8393 5059//8393 5101//8393
f 5109//8394 4989//8394 5059//8394
f 4916//8395 4931//8395 4911//8395
f 5108//8396 5109//8396 4912//8396
f 4903//8397 5103//8397 4986//8397
f 4922//8398 4932//8398 4923//8398
f 4899//8399 4916//8399 4918//8399
f 4903//8400 4873//8400 5103//8400
f 4906//8401 4905//8401 5075//8401
f 4992//8402 4991//8402 5066//8402
f 5075//8403 4905//8403 5073//8403
f 4928//8098 4927//8098 4954//8098
f 5106//8404 4876//8404 4873//8404
f 4943//8405 4960//8405 4907//8405
f 162//8406 4920//8406 160//8406
f 5106//8407 4873//8407 4903//8407
f 5106//8408 4903//8408 4902//8408
f 5077//8409 5074//8409 5073//8409
f 5109//8410 5108//8410 4922//8410
f 5109//8411 4922//8411 4989//8411
f 4914//8412 4917//8412 4930//8412
f 4925//8413 4012//8413 4994//8413
f 4987//8414 4901//8414 4903//8414
f 4918//8415 4917//8415 4919//8415
f 5106//8416 4902//8416 5107//8416
f 4987//8417 4988//8417 4901//8417
f 4927//8418 4929//8418 4909//8418
f 4912//8419 4991//8419 4910//8419
f 4912//8420 4911//8420 5108//8420
f 5110//939 5111//939 5112//939
f 5113//939 5110//939 5112//939
f 5112//939 5114//939 5115//939
f 5112//939 5111//939 5114//939
f 5112//939 5115//939 5116//939
f 4788//8421 4787//8421 4799//8421
f 4787//8422 4785//8422 5117//8422
f 4785//8422 5118//8422 5117//8422
f 4785//8422 4774//8422 5118//8422
f 5119//8423 84//8423 5120//8423
f 158//8424 84//8424 5119//8424
f 5121//8425 77//8425 5119//8425
f 5119//8426 77//8426 158//8426
f 84//8427 5121//8427 5120//8427
f 84//8428 77//8428 5121//8428
f 3699//863 3709//863 3735//863
f 5122//8429 5123//8429 5124//8429
f 5122//8430 5125//8430 5123//8430
f 3708//863 3736//863 3709//863
f 3723//863 3713//863 3712//863
f 3699//863 3735//863 3734//863
f 3728//8431 3727//8431 3838//8431
f 3722//863 3713//863 3723//863
f 5126//8432 5125//8432 5122//8432
f 5127//8433 5125//8433 5126//8433
f 5127//8434 5128//8434 5129//8434
f 5127//8435 5129//8435 5125//8435
f 5130//8436 5128//8436 5127//8436
f 5130//8437 4738//8437 4739//8437
f 3729//8431 3728//8431 3838//8431
f 5130//8438 4736//8438 4735//8438
f 5130//8439 4735//8439 4729//8439
f 385//863 3713//863 3722//863
f 5130//8440 4729//8440 4727//8440
f 5130//8441 4727//8441 4738//8441
f 5130//8442 4739//8442 5131//8442
f 5130//8443 5131//8443 5128//8443
f 3708//863 3737//863 3736//863
f 3708//863 351//863 3737//863
f 3699//1007 3734//1007 3733//1007
f 5132//8444 4755//8444 4748//8444
f 5132//8445 4748//8445 4743//8445
f 5132//8446 4743//8446 4736//8446
f 5132//8447 4736//8447 5130//8447
f 5133//8448 3701//8448 4763//8448
f 5133//8449 4763//8449 4755//8449
f 5133//8450 4755//8450 5132//8450
f 5134//8451 3701//8451 5133//8451
f 385//863 3714//863 3713//863
f 5135//8452 3701//8452 5134//8452
f 4782//8453 3701//8453 5135//8453
f 3729//8454 3838//8454 2046//8454
f 4782//863 3703//863 3702//863
f 4782//8455 5135//8455 5136//8455
f 4782//863 3702//863 3701//863
f 4782//863 363//863 361//863
f 4782//863 365//863 363//863
f 4782//863 361//863 3704//863
f 4782//1009 366//1009 365//1009
f 4782//863 3704//863 3703//863
f 5137//8456 4782//8456 5136//8456
f 3730//8457 3729//8457 2046//8457
f 5138//8458 4782//8458 5137//8458
f 5139//8459 4782//8459 5138//8459
f 4782//1009 2886//1009 369//1009
f 369//1009 2886//1009 371//1009
f 4782//863 369//863 366//863
f 3730//8460 2046//8460 3738//8460
f 383//863 3714//863 385//863
f 3707//863 351//863 3708//863
f 3721//8461 3843//8461 3839//8461
f 3720//1014 3843//1014 3721//1014
f 3707//863 353//863 351//863
f 383//863 3715//863 3714//863
f 3731//8431 3730//8431 3738//8431
f 3720//1500 3822//1500 3843//1500
f 3720//8462 3823//8462 3822//8462
f 3711//8463 3721//8463 3839//8463
f 3706//863 355//863 353//863
f 381//863 3715//863 383//863
f 3706//1007 353//1007 3707//1007
f 3732//1502 3731//1502 3738//1502
f 3720//8464 3751//8464 3823//8464
f 381//863 3716//863 3715//863
f 3732//8465 3738//8465 4606//8465
f 3720//8466 3762//8466 3751//8466
f 3698//8467 3733//8467 4722//8467
f 3698//863 3699//863 3733//863
f 379//863 3716//863 381//863
f 3720//8468 3872//8468 3762//8468
f 3698//8469 4722//8469 4721//8469
f 3733//8470 3732//8470 4606//8470
f 3719//8471 3826//8471 3872//8471
f 3719//8472 3872//8472 3720//8472
f 377//863 3716//863 379//863
f 3733//8473 4606//8473 4722//8473
f 3719//8474 3846//8474 3826//8474
f 377//863 3717//863 3716//863
f 3698//8475 4721//8475 4716//8475
f 3718//1501 3846//1501 3719//1501
f 3705//8431 355//8431 3706//8431
f 3705//863 358//863 355//863
f 3710//8476 3711//8476 3839//8476
f 3718//8477 3754//8477 3846//8477
f 3718//8478 3797//8478 3754//8478
f 375//863 3717//863 377//863
f 3717//8479 2886//8479 3797//8479
f 3717//8480 3797//8480 3718//8480
f 375//863 2886//863 3717//863
f 3700//1011 3698//1011 4716//1011
f 3700//8481 4716//8481 4772//8481
f 3705//1007 360//1007 358//1007
f 372//863 2886//863 375//863
f 3700//8482 4772//8482 4763//8482
f 3701//8483 3700//8483 4763//8483
f 371//863 2886//863 372//863
f 3725//1498 3710//1498 3839//1498
f 5140//8484 5141//8484 5142//8484
f 5143//8485 5141//8485 5140//8485
f 3726//1498 3725//1498 3839//1498
f 5124//8486 5141//8486 5143//8486
f 3724//863 3710//863 3725//863
f 3704//1009 361//1009 360//1009
f 3704//1007 360//1007 3705//1007
f 3727//8487 3839//8487 3838//8487
f 3727//1498 3726//1498 3839//1498
f 3723//863 3710//863 3724//863
f 3723//863 3712//863 3710//863
f 3709//863 3736//863 3735//863
f 5124//8488 5123//8488 5141//8488
f 5144//8489 4779//8489 5145//8489
f 5146//8490 4779//8490 5144//8490
f 5147//8491 5148//8491 4775//8491
f 4776//8492 5147//8492 4775//8492
f 5147//8493 4777//8493 5149//8493
f 4776//8494 4777//8494 5147//8494
f 4780//8495 5145//8495 4779//8495
f 5150//8496 4774//8496 5148//8496
f 5148//8497 4774//8497 4775//8497
f 4778//8498 5149//8498 4777//8498
f 4780//8499 5151//8499 5145//8499
f 4781//8500 5151//8500 4780//8500
f 5149//8501 4778//8501 5146//8501
f 5146//8502 4778//8502 4779//8502
f 5152//8503 4781//8503 5139//8503
f 5151//8504 4781//8504 5152//8504
f 5139//8505 4781//8505 4782//8505
f 5153//8506 5154//8506 5155//8506
f 5156//8507 5157//8507 5158//8507
f 5159//8508 5160//8508 5161//8508
f 5162//8509 5160//8509 5159//8509
f 5159//8510 5154//8510 5153//8510
f 5158//8511 5160//8511 5162//8511
f 5163//8512 5164//8512 5165//8512
f 5157//8513 5160//8513 5158//8513
f 5159//8514 5161//8514 5154//8514
f 5161//8515 5160//8515 5157//8515
f 5166//8516 5164//8516 5163//8516
f 5167//8517 5168//8517 5169//8517
f 5170//8518 5168//8518 5167//8518
f 5171//8519 5170//8519 5167//8519
f 5170//8520 5172//8520 5173//8520
f 5168//8521 5165//8521 5169//8521
f 4804//8522 5174//8522 5175//8522
f 5156//8523 5176//8523 5177//8523
f 5177//8524 5176//8524 5178//8524
f 5172//8525 5179//8525 5173//8525
f 5171//8526 5178//8526 5172//8526
f 5171//8527 5172//8527 5170//8527
f 5178//8528 5179//8528 5172//8528
f 5163//8529 5165//8529 5168//8529
f 5179//8530 5176//8530 5180//8530
f 5181//8531 4804//8531 635//8531
f 5178//8532 5176//8532 5179//8532
f 5181//8533 5174//8533 4804//8533
f 5182//8534 5174//8534 5181//8534
f 5176//8535 5183//8535 5180//8535
f 5176//8536 5184//8536 5183//8536
f 5182//8537 5185//8537 5174//8537
f 5156//8538 5184//8538 5176//8538
f 5153//8539 5155//8539 5182//8539
f 5182//8540 5155//8540 5185//8540
f 5184//8541 5186//8541 5183//8541
f 5184//8542 5158//8542 5186//8542
f 5184//8543 5156//8543 5158//8543
f 5158//8544 5162//8544 5186//8544
f 5187//8545 5188//8545 5189//8545
f 5190//8546 5191//8546 5192//8546
f 5190//8547 5193//8547 5191//8547
f 5194//8548 5193//8548 5195//8548
f 5196//8549 5197//8549 5198//8549
f 5199//8550 5200//8550 5201//8550
f 5198//8551 5202//8551 5203//8551
f 5198//8552 5203//8552 5196//8552
f 5204//8553 5188//8553 5187//8553
f 5205//8554 5199//8554 5201//8554
f 5201//8555 5194//8555 5195//8555
f 5201//8556 5200//8556 5194//8556
f 5206//8557 5193//8557 5190//8557
f 5207//8558 5204//8558 5208//8558
f 5209//8559 186//8559 70//8559
f 5209//8560 70//8560 189//8560
f 5210//8561 5211//8561 5212//8561
f 5213//8562 5214//8562 5215//8562
f 5207//8563 5188//8563 5204//8563
f 5195//8564 5193//8564 5206//8564
f 5216//8565 5201//8565 5195//8565
f 5207//8566 5208//8566 5214//8566
f 5217//8567 5202//8567 5218//8567
f 5219//8568 5209//8568 189//8568
f 5220//8569 5221//8569 5222//8569
f 5216//8570 5205//8570 5201//8570
f 5223//8571 252//8571 253//8571
f 5223//8572 253//8572 5210//8572
f 5224//8573 5189//8573 5188//8573
f 5216//8574 5225//8574 5226//8574
f 5227//8575 5218//8575 5228//8575
f 5229//8576 5205//8576 5216//8576
f 5229//8577 5216//8577 5226//8577
f 5230//8578 273//8578 252//8578
f 5230//8579 252//8579 5223//8579
f 5219//8580 186//8580 5209//8580
f 5231//8581 5229//8581 5226//8581
f 5224//8582 5232//8582 5222//8582
f 5233//8583 5220//8583 5222//8583
f 5234//8584 186//8584 5219//8584
f 5232//8585 5233//8585 5222//8585
f 5224//8586 5235//8586 5232//8586
f 5236//8587 5235//8587 5224//8587
f 5237//8588 5238//8588 5239//8588
f 5221//8589 5234//8589 5219//8589
f 5235//8590 5236//8590 5240//8590
f 5241//8591 5242//8591 5239//8591
f 5243//8592 342//8592 5244//8592
f 5243//8593 307//8593 342//8593
f 5245//8594 5246//8594 5247//8594
f 5230//8595 5223//8595 5248//8595
f 5249//8596 5250//8596 5251//8596
f 5252//8597 280//8597 307//8597
f 5002//8598 160//8598 4921//8598
f 5253//8599 166//8599 160//8599
f 5253//8600 160//8600 5002//8600
f 5254//8601 5245//8601 5247//8601
f 172//8602 166//8602 5253//8602
f 5245//8603 5255//8603 5256//8603
f 5257//8604 5253//8604 5002//8604
f 5254//8605 5247//8605 5258//8605
f 5259//8606 172//8606 5253//8606
f 5252//8607 5260//8607 346//8607
f 5252//8608 346//8608 280//8608
f 5254//8609 5255//8609 5245//8609
f 5257//8610 5002//8610 5000//8610
f 5261//8611 5257//8611 5000//8611
f 5248//8612 5262//8612 5230//8612
f 5259//8613 5253//8613 5257//8613
f 5263//8614 5264//8614 5256//8614
f 5261//8615 5000//8615 4992//8615
f 5265//8616 5254//8616 5258//8616
f 5265//8617 5258//8617 5266//8617
f 176//8618 171//8618 5267//8618
f 5268//8619 5259//8619 5257//8619
f 5255//8620 5263//8620 5256//8620
f 5255//8621 5269//8621 5263//8621
f 5270//8622 176//8622 5267//8622
f 5271//8623 5272//8623 5273//8623
f 5265//8624 5274//8624 5255//8624
f 5265//8625 5255//8625 5254//8625
f 5268//8626 5257//8626 5261//8626
f 5275//8627 264//8627 266//8627
f 5276//8628 5277//8628 5264//8628
f 5273//8629 5272//8629 5278//8629
f 5273//8630 5278//8630 5250//8630
f 5263//8631 5276//8631 5264//8631
f 5279//8632 5265//8632 5266//8632
f 5275//8633 5280//8633 264//8633
f 5255//8634 5281//8634 5269//8634
f 5262//8635 5280//8635 5275//8635
f 5262//8636 5282//8636 5280//8636
f 5265//8637 5283//8637 5274//8637
f 5284//8638 330//8638 264//8638
f 5284//8639 264//8639 5280//8639
f 5285//8640 5270//8640 5267//8640
f 5282//8641 5286//8641 5287//8641
f 5279//8642 5283//8642 5265//8642
f 5288//8643 5279//8643 5266//8643
f 5288//8644 5266//8644 5289//8644
f 5290//8645 5284//8645 5280//8645
f 5274//8646 5281//8646 5255//8646
f 5290//8647 5246//8647 5284//8647
f 5291//8648 5287//8648 5286//8648
f 5292//8649 5289//8649 5271//8649
f 5293//8650 5294//8650 5295//8650
f 5296//8651 4992//8651 5066//8651
f 5296//8652 5297//8652 4992//8652
f 5281//8653 5274//8653 5298//8653
f 5244//8654 342//8654 5299//8654
f 5288//8655 5300//8655 5301//8655
f 5288//8656 5301//8656 5279//8656
f 5287//8657 5247//8657 5246//8657
f 5287//8658 5246//8658 5290//8658
f 5302//8659 5292//8659 5271//8659
f 5303//8660 5285//8660 5304//8660
f 5305//8661 5306//8661 5307//8661
f 5293//8662 5308//8662 5294//8662
f 5309//8663 5308//8663 5293//8663
f 5310//8664 5299//8664 5246//8664
f 5311//8665 5309//8665 5269//8665
f 5305//8666 5278//8666 5306//8666
f 5311//8667 5269//8667 5281//8667
f 5244//8668 5299//8668 5310//8668
f 5301//8669 5312//8669 5283//8669
f 5301//8670 5283//8670 5279//8670
f 5313//8671 5247//8671 5287//8671
f 5313//8672 5258//8672 5247//8672
f 5296//8673 5066//8673 5062//8673
f 5314//8674 5274//8674 5283//8674
f 5298//8675 5311//8675 5281//8675
f 5315//8676 5258//8676 5313//8676
f 5315//8677 5266//8677 5258//8677
f 5301//8678 5316//8678 5317//8678
f 5273//8679 5318//8679 5319//8679
f 5312//8680 5314//8680 5283//8680
f 5311//8681 5308//8681 5309//8681
f 5320//8682 5296//8682 5062//8682
f 5053//8683 5320//8683 5062//8683
f 5300//8684 5316//8684 5301//8684
f 5321//8685 5311//8685 5298//8685
f 5321//8686 5308//8686 5311//8686
f 5322//8687 5296//8687 5320//8687
f 5260//8688 347//8688 346//8688
f 5323//8689 5298//8689 5314//8689
f 5324//8690 5292//8690 5325//8690
f 5260//8691 5252//8691 5295//8691
f 5326//8692 5302//8692 5273//8692
f 5317//8693 5312//8693 5301//8693
f 5322//8694 5327//8694 5296//8694
f 5323//8695 5321//8695 5298//8695
f 5328//8696 5323//8696 5314//8696
f 5328//8697 5314//8697 5312//8697
f 5326//8698 5273//8698 5319//8698
f 5328//8699 5321//8699 5323//8699
f 5328//8700 5329//8700 5321//8700
f 5328//8701 5312//8701 5317//8701
f 5330//8702 5300//8702 5324//8702
f 5330//8703 5316//8703 5300//8703
f 5326//8704 5331//8704 5302//8704
f 5326//8705 5319//8705 5332//8705
f 5333//8706 5328//8706 5317//8706
f 5333//8707 5329//8707 5328//8707
f 5295//8708 347//8708 5260//8708
f 5295//8709 5294//8709 347//8709
f 5326//8710 5332//8710 5334//8710
f 5335//8711 5326//8711 5334//8711
f 5335//8712 5331//8712 5326//8712
f 5336//8713 5337//8713 5338//8713
f 5335//8714 5334//8714 5166//8714
f 5339//8715 5340//8715 5341//8715
f 5342//8716 5343//8716 5344//8716
f 5335//8717 5166//8717 5163//8717
f 5335//8718 5345//8718 5346//8718
f 5335//8719 5163//8719 5345//8719
f 5347//8720 5348//8720 5349//8720
f 5350//8721 56//8721 5351//8721
f 5350//8722 197//8722 123//8722
f 5351//8723 5352//8723 5347//8723
f 5353//8724 5354//8724 5355//8724
f 5353//8725 5349//8725 5354//8725
f 197//8726 207//8726 183//8726
f 5356//8727 5347//8727 5349//8727
f 5357//8728 5350//8728 5351//8728
f 5358//8729 207//8729 197//8729
f 5314//8730 5298//8730 5274//8730
f 5359//8731 5351//8731 5347//8731
f 5360//8732 5355//8732 5341//8732
f 5360//8733 5353//8733 5355//8733
f 5361//8734 5350//8734 5357//8734
f 5362//8735 5363//8735 5364//8735
f 5357//8736 5351//8736 5359//8736
f 5365//8737 5347//8737 5356//8737
f 5358//8738 5350//8738 5361//8738
f 5365//8739 5359//8739 5347//8739
f 5359//8740 5361//8740 5357//8740
f 4//8741 207//8741 5358//8741
f 5360//8742 5341//8742 5340//8742
f 5331//8743 5325//8743 5302//8743
f 5361//8744 5366//8744 5358//8744
f 5365//8745 5367//8745 5359//8745
f 5365//8746 5368//8746 5367//8746
f 5369//8747 5358//8747 5366//8747
f 5369//8748 4//8748 5358//8748
f 5370//8749 5365//8749 5371//8749
f 5372//8750 5373//8750 5374//8750
f 5375//8751 5361//8751 5359//8751
f 5361//8752 5375//8752 5376//8752
f 5361//8753 5376//8753 5366//8753
f 5372//8754 5377//8754 5373//8754
f 5346//8755 5342//8755 5378//8755
f 5370//8756 5371//8756 5379//8756
f 5345//8757 5342//8757 5346//8757
f 5375//8758 5359//8758 5367//8758
f 5380//8759 201//8759 5381//8759
f 5382//8760 5366//8760 5376//8760
f 5380//8761 5381//8761 5383//8761
f 5384//8762 5023//8762 5021//8762
f 5385//8763 5340//8763 5339//8763
f 50//8764 203//8764 5352//8764
f 5385//8765 5339//8765 5386//8765
f 5387//8766 5388//8766 5377//8766
f 5389//8767 5390//8767 5369//8767
f 5391//8768 5379//8768 5392//8768
f 5391//8769 5370//8769 5379//8769
f 5393//8770 5021//8770 5019//8770
f 5393//8771 5384//8771 5021//8771
f 5376//8772 5375//8772 5394//8772
f 5377//8773 5372//8773 5384//8773
f 56//8774 5352//8774 5351//8774
f 56//8775 50//8775 5352//8775
f 5395//8776 5385//8776 5386//8776
f 5352//8777 5348//8777 5347//8777
f 5396//8778 5377//8778 5384//8778
f 5397//8779 5362//8779 5390//8779
f 5349//8780 5383//8780 5354//8780
f 5397//8781 5390//8781 5389//8781
f 5398//8782 5391//8782 5392//8782
f 5389//8783 5399//8783 5397//8783
f 5350//8784 123//8784 56//8784
f 5387//8785 5377//8785 5396//8785
f 5387//8786 5396//8786 5400//8786
f 5401//8787 5376//8787 5394//8787
f 5397//8788 5399//8788 5197//8788
f 5026//8789 5402//8789 5403//8789
f 5398//8790 5392//8790 5404//8790
f 5405//8791 5406//8791 5401//8791
f 5405//8792 5401//8792 5394//8792
f 5217//8793 5203//8793 5202//8793
f 5407//8794 5387//8794 5400//8794
f 5405//8795 5394//8795 5408//8795
f 5399//8796 5198//8796 5197//8796
f 5404//8797 5409//8797 5398//8797
f 5198//8798 5399//8798 5410//8798
f 5411//8799 5412//8799 5413//8799
f 5402//8800 5026//8800 5023//8800
f 5414//8801 5407//8801 5400//8801
f 5363//8802 5415//8802 5416//8802
f 5379//8803 5371//8803 5353//8803
f 5379//8804 5353//8804 5360//8804
f 5372//8805 5403//8805 5402//8805
f 5414//8806 5417//8806 5407//8806
f 4//8807 5369//8807 67//8807
f 5372//8808 5374//8808 5403//8808
f 5409//8809 5404//8809 5417//8809
f 5409//8810 5418//8810 5419//8810
f 5410//8811 5202//8811 5198//8811
f 5420//8812 5411//8812 5413//8812
f 5420//8813 5421//8813 5411//8813
f 190//8814 40//8814 5422//8814
f 5196//8815 5423//8815 5197//8815
f 5422//8816 5424//8816 5425//8816
f 5426//8817 5408//8817 5427//8817
f 5369//8818 5390//8818 67//8818
f 5428//8819 5202//8819 5410//8819
f 5418//8820 5409//8820 5417//8820
f 5429//8821 5424//8821 5415//8821
f 5430//8822 5417//8822 5414//8822
f 5379//8823 5360//8823 5340//8823
f 5368//8824 5431//8824 5367//8824
f 5429//8825 5423//8825 5196//8825
f 5425//8826 190//8826 5422//8826
f 5411//8827 5421//8827 5432//8827
f 5411//8828 5432//8828 5433//8828
f 5384//8829 5402//8829 5023//8829
f 5384//8830 5372//8830 5402//8830
f 5434//8831 5418//8831 5417//8831
f 5434//8832 5417//8832 5430//8832
f 5368//8833 5365//8833 5370//8833
f 5392//8834 5379//8834 5340//8834
f 5377//8835 5388//8835 5373//8835
f 5275//8836 266//8836 273//8836
f 5435//8837 5202//8837 5428//8837
f 5434//8838 5430//8838 5436//8838
f 5275//8839 273//8839 5230//8839
f 5392//8840 5340//8840 5385//8840
f 5375//8841 5367//8841 5431//8841
f 5425//8842 5437//8842 190//8842
f 5262//8843 5275//8843 5230//8843
f 5438//8844 5424//8844 5429//8844
f 5438//8845 5439//8845 5424//8845
f 5440//8846 5368//8846 5370//8846
f 5441//8847 5418//8847 5434//8847
f 5440//8848 5431//8848 5368//8848
f 5442//8849 5443//8849 5418//8849
f 5444//8850 5432//8850 5445//8850
f 5444//8851 5433//8851 5432//8851
f 5282//8852 5262//8852 5446//8852
f 5394//8853 5375//8853 5431//8853
f 5436//8854 5447//8854 5434//8854
f 5441//8855 5434//8855 5447//8855
f 5435//8856 5218//8856 5202//8856
f 5425//8857 5187//8857 5437//8857
f 5425//8858 5424//8858 5187//8858
f 5442//8859 5448//8859 5443//8859
f 5217//8860 5449//8860 5203//8860
f 5437//8861 5219//8861 190//8861
f 5448//8862 5442//8862 5450//8862
f 5286//8863 5282//8863 5446//8863
f 5451//8864 5435//8864 5452//8864
f 5387//8865 5386//8865 5388//8865
f 5451//8866 5218//8866 5435//8866
f 5441//8867 5447//8867 5453//8867
f 5395//8868 5392//8868 5385//8868
f 5440//8869 5370//8869 5391//8869
f 5290//8870 5280//8870 5282//8870
f 5438//8871 5454//8871 5439//8871
f 5455//8872 5447//8872 5436//8872
f 5444//8873 5456//8873 5455//8873
f 5444//8874 5445//8874 5457//8874
f 5458//8875 5394//8875 5431//8875
f 5291//8876 5286//8876 5459//8876
f 5291//8877 5459//8877 5460//8877
f 5299//8878 330//8878 5284//8878
f 5299//8879 342//8879 330//8879
f 5451//8880 5228//8880 5218//8880
f 5187//8881 5424//8881 5204//8881
f 5453//8882 5450//8882 5442//8882
f 5461//8883 5438//8883 5449//8883
f 5462//8884 5440//8884 5391//8884
f 5463//8885 5455//8885 5456//8885
f 5463//8886 5447//8886 5455//8886
f 5456//8887 5444//8887 5457//8887
f 5462//8888 5431//8888 5440//8888
f 5462//8889 5464//8889 5431//8889
f 5465//8890 5217//8890 5218//8890
f 5466//8891 5450//8891 5453//8891
f 5404//8892 5392//8892 5395//8892
f 5467//8893 5228//8893 5451//8893
f 5453//8894 5468//8894 5191//8894
f 5291//8895 5460//8895 5307//8895
f 5453//8896 5191//8896 5466//8896
f 5462//8897 5391//8897 5398//8897
f 5287//8898 5290//8898 5282//8898
f 5189//8899 5219//8899 5437//8899
f 5468//8900 5447//8900 5463//8900
f 5450//8901 5466//8901 5467//8901
f 5458//8902 5408//8902 5394//8902
f 5469//8903 5463//8903 5456//8903
f 5246//8904 5299//8904 5284//8904
f 1//8905 85//8905 5416//8905
f 5227//8906 5465//8906 5218//8906
f 5306//8907 5291//8907 5307//8907
f 5412//8908 5396//8908 5393//8908
f 5463//8909 5470//8909 5468//8909
f 5467//8910 5200//8910 5228//8910
f 5313//8911 5287//8911 5291//8911
f 5189//8912 5437//8912 5187//8912
f 5468//8913 5192//8913 5191//8913
f 5468//8914 5470//8914 5192//8914
f 5471//8915 5461//8915 5449//8915
f 5471//8916 5449//8916 5465//8916
f 5412//8917 5393//8917 5413//8917
f 5472//8918 5471//8918 5465//8918
f 5464//8919 5458//8919 5431//8919
f 5227//8920 5228//8920 5199//8920
f 5227//8921 5199//8921 5465//8921
f 5396//8922 5412//8922 5473//8922
f 5413//8923 5018//8923 5420//8923
f 5400//8924 5396//8924 5474//8924
f 5200//8925 5199//8925 5228//8925
f 5315//8926 5313//8926 5291//8926
f 5410//8927 5401//8927 5406//8927
f 5464//8928 5408//8928 5458//8928
f 5472//8929 5465//8929 5199//8929
f 5423//8930 5363//8930 5362//8930
f 5190//8931 5475//8931 5476//8931
f 5190//8932 5470//8932 5475//8932
f 5212//8933 5211//8933 5234//8933
f 5315//8934 5291//8934 5306//8934
f 5474//8935 5396//8935 5473//8935
f 5462//8936 5477//8936 5464//8936
f 5210//8937 240//8937 5211//8937
f 5210//8938 253//8938 240//8938
f 5206//8939 5190//8939 5476//8939
f 5272//8940 5315//8940 5306//8940
f 5478//8941 5472//8941 5199//8941
f 5220//8942 5234//8942 5221//8942
f 5422//8943 1//8943 5416//8943
f 5419//8944 5462//8944 5398//8944
f 5415//8945 5363//8945 5423//8945
f 5267//8946 171//8946 172//8946
f 5195//8947 5206//8947 5225//8947
f 5422//8948 40//8948 1//8948
f 5213//8949 5215//8949 5478//8949
f 5259//8950 5267//8950 172//8950
f 5419//8951 5477//8951 5462//8951
f 5419//8952 5398//8952 5409//8952
f 5285//8953 5267//8953 5259//8953
f 5195//8954 5225//8954 5216//8954
f 5414//8955 5400//8955 5474//8955
f 4992//8956 5297//8956 5261//8956
f 176//8957 103//8957 181//8957
f 5304//8958 5285//8958 5259//8958
f 5411//8959 5473//8959 5412//8959
f 5304//8960 5259//8960 5268//8960
f 5419//8961 5443//8961 5477//8961
f 5220//8962 5233//8962 5212//8962
f 5220//8963 5212//8963 5234//8963
f 5428//8964 5410//8964 5406//8964
f 5270//8965 103//8965 176//8965
f 5270//8966 5381//8966 103//8966
f 5261//8967 5479//8967 5268//8967
f 5229//8968 5478//8968 5205//8968
f 5477//8969 5427//8969 5408//8969
f 5261//8970 5297//8970 5479//8970
f 5477//8971 5408//8971 5464//8971
f 5478//8972 5229//8972 5231//8972
f 5480//8973 5270//8973 5285//8973
f 5415//8974 5422//8974 5416//8974
f 5212//8975 5248//8975 5223//8975
f 5212//8976 5223//8976 5210//8976
f 5474//8977 5473//8977 5481//8977
f 5426//8978 5406//8978 5405//8978
f 5238//8979 5214//8979 5213//8979
f 5480//8980 5381//8980 5270//8980
f 5238//8981 5207//8981 5214//8981
f 5213//8982 5478//8982 5231//8982
f 5428//8983 5406//8983 5426//8983
f 5207//8984 5236//8984 5188//8984
f 5479//8985 5482//8985 5304//8985
f 5479//8986 5304//8986 5268//8986
f 5426//8987 5405//8987 5408//8987
f 5207//8988 5238//8988 5237//8988
f 5236//8989 5224//8989 5188//8989
f 201//8990 103//8990 5381//8990
f 5238//8991 5213//8991 5483//8991
f 5212//8992 5446//8992 5248//8992
f 5212//8993 5233//8993 5446//8993
f 5327//8994 5297//8994 5296//8994
f 5327//8995 5479//8995 5297//8995
f 5237//8996 5236//8996 5207//8996
f 5481//8997 5414//8997 5474//8997
f 5238//8998 5483//8998 5239//8998
f 5446//8999 5262//8999 5248//8999
f 5303//9000 5480//9000 5285//9000
f 5459//9001 5446//9001 5233//9001
f 5459//9002 5286//9002 5446//9002
f 5433//9003 5473//9003 5411//9003
f 5242//9004 5237//9004 5239//9004
f 5237//9005 5240//9005 5236//9005
f 203//9006 201//9006 5380//9006
f 5418//9007 5443//9007 5419//9007
f 5477//9008 5448//9008 5427//9008
f 5303//9009 5354//9009 5381//9009
f 5303//9010 5381//9010 5480//9010
f 5235//9011 5460//9011 5232//9011
f 5482//9012 5303//9012 5304//9012
f 5242//9013 5240//9013 5237//9013
f 5242//9014 5484//9014 5240//9014
f 5443//9015 5448//9015 5477//9015
f 5433//9016 5481//9016 5473//9016
f 5435//9017 5428//9017 5426//9017
f 5482//9018 5479//9018 5327//9018
f 5348//9019 203//9019 5380//9019
f 5352//9020 203//9020 5348//9020
f 5430//9021 5414//9021 5481//9021
f 5354//9022 5383//9022 5381//9022
f 5435//9023 5426//9023 5452//9023
f 5327//9024 5485//9024 5482//9024
f 5303//9025 5355//9025 5354//9025
f 5310//9026 5246//9026 5245//9026
f 5278//9027 5305//9027 5484//9027
f 5264//9028 5243//9028 5244//9028
f 5310//9029 5256//9029 5264//9029
f 5310//9030 5264//9030 5244//9030
f 5486//9031 5303//9031 5482//9031
f 5243//9032 5252//9032 307//9032
f 5249//9033 5251//9033 5241//9033
f 5278//9034 5484//9034 5250//9034
f 5278//9035 5272//9035 5306//9035
f 5427//9036 5452//9036 5426//9036
f 5245//9037 5256//9037 5310//9037
f 5429//9038 5196//9038 5203//9038
f 5264//9039 5277//9039 5243//9039
f 5436//9040 5430//9040 5481//9040
f 5487//9041 5249//9041 5241//9041
f 5486//9042 5355//9042 5303//9042
f 5455//9043 5481//9043 5433//9043
f 5320//9044 5053//9044 5374//9044
f 5487//9045 5488//9045 5249//9045
f 5277//9046 5252//9046 5243//9046
f 5277//9047 5295//9047 5252//9047
f 5219//9048 189//9048 190//9048
f 5276//9049 5295//9049 5277//9049
f 5455//9050 5433//9050 5444//9050
f 5276//9051 5293//9051 5295//9051
f 5424//9052 5439//9052 5204//9052
f 5276//9053 5263//9053 5269//9053
f 5276//9054 5269//9054 5309//9054
f 5451//9055 5452//9055 5427//9055
f 5276//9056 5309//9056 5293//9056
f 5486//9057 5482//9057 5485//9057
f 5338//9058 5485//9058 5327//9058
f 5273//9059 5302//9059 5271//9059
f 5455//9060 5436//9060 5481//9060
f 5486//9061 5341//9061 5355//9061
f 5318//9062 5273//9062 5250//9062
f 5374//9063 5053//9063 5403//9063
f 5325//9064 5292//9064 5302//9064
f 5338//9065 5327//9065 5322//9065
f 5341//9066 5486//9066 5485//9066
f 5026//9067 5403//9067 5053//9067
f 5449//9068 5429//9068 5203//9068
f 5337//9069 5485//9069 5338//9069
f 5322//9070 5320//9070 5374//9070
f 5325//9071 5330//9071 5324//9071
f 5317//9072 5330//9072 5489//9072
f 5317//9073 5316//9073 5330//9073
f 5325//9074 5346//9074 5378//9074
f 5322//9075 5336//9075 5338//9075
f 5330//9076 5325//9076 5378//9076
f 5331//9077 5346//9077 5325//9077
f 5490//9078 5329//9078 5333//9078
f 5449//9079 5438//9079 5429//9079
f 5337//9080 5341//9080 5485//9080
f 5322//9081 5373//9081 5336//9081
f 5439//9082 5208//9082 5204//9082
f 5344//9083 5489//9083 5330//9083
f 5490//9084 5489//9084 5343//9084
f 5337//9085 5339//9085 5341//9085
f 5373//9086 5322//9086 5374//9086
f 5344//9087 5343//9087 5489//9087
f 5349//9088 5380//9088 5383//9088
f 5349//9089 5348//9089 5380//9089
f 197//9090 5350//9090 5358//9090
f 5371//9091 5356//9091 5349//9091
f 5371//9092 5349//9092 5353//9092
f 5382//9093 5369//9093 5366//9093
f 5382//9094 5389//9094 5369//9094
f 5337//9095 5386//9095 5339//9095
f 5401//9096 5389//9096 5382//9096
f 5396//9097 5384//9097 5393//9097
f 5389//9098 5410//9098 5399//9098
f 5401//9099 5410//9099 5389//9099
f 5395//9100 5387//9100 5407//9100
f 5395//9101 5386//9101 5387//9101
f 5454//9102 5208//9102 5439//9102
f 5404//9103 5395//9103 5407//9103
f 5404//9104 5407//9104 5417//9104
f 5415//9105 5423//9105 5429//9105
f 5424//9106 5422//9106 5415//9106
f 5418//9107 5441//9107 5442//9107
f 5448//9108 5451//9108 5427//9108
f 5453//9109 5442//9109 5441//9109
f 5388//9110 5336//9110 5373//9110
f 5388//9111 5337//9111 5336//9111
f 5388//9112 5386//9112 5337//9112
f 5453//9113 5447//9113 5468//9113
f 5467//9114 5448//9114 5450//9114
f 5467//9115 5451//9115 5448//9115
f 5470//9116 5469//9116 5475//9116
f 5470//9117 5463//9117 5469//9117
f 5456//9118 5457//9118 5469//9118
f 5221//9119 5189//9119 5222//9119
f 68//9120 67//9120 5364//9120
f 5205//9121 5478//9121 5199//9121
f 5215//9122 5472//9122 5478//9122
f 5222//9123 5189//9123 5224//9123
f 5465//9124 5449//9124 5217//9124
f 5483//9125 5213//9125 5231//9125
f 5459//9126 5233//9126 5232//9126
f 5459//9127 5232//9127 5460//9127
f 5454//9128 5438//9128 5461//9128
f 141//9129 68//9129 5364//9129
f 5242//9130 5251//9130 5484//9130
f 5362//9131 5364//9131 67//9131
f 5491//9132 5492//9132 5241//9132
f 5307//9133 5240//9133 5484//9133
f 5390//9134 5362//9134 67//9134
f 5251//9135 5242//9135 5241//9135
f 5307//9136 5484//9136 5305//9136
f 5241//9137 5492//9137 5493//9137
f 5251//9138 5250//9138 5484//9138
f 5493//9139 5494//9139 5241//9139
f 5494//9140 5487//9140 5241//9140
f 5289//9141 5272//9141 5271//9141
f 5018//9142 5393//9142 5019//9142
f 5495//9143 5249//9143 5488//9143
f 5495//9144 5250//9144 5249//9144
f 5495//9145 5318//9145 5250//9145
f 5288//9146 5289//9146 5292//9146
f 141//9147 5364//9147 5363//9147
f 5324//9148 5288//9148 5292//9148
f 5300//9149 5288//9149 5324//9149
f 5317//9150 5490//9150 5333//9150
f 5317//9151 5489//9151 5490//9151
f 5490//9152 5343//9152 5329//9152
f 5344//9153 5330//9153 5378//9153
f 5344//9154 5378//9154 5342//9154
f 5331//9155 5335//9155 5346//9155
f 5371//9156 5365//9156 5356//9156
f 5382//9157 5376//9157 5401//9157
f 5471//9158 5472//9158 5215//9158
f 5239//9159 5491//9159 5241//9159
f 5235//9160 5240//9160 5307//9160
f 5211//9161 240//9161 185//9161
f 5211//9162 185//9162 186//9162
f 5289//9163 5315//9163 5272//9163
f 5289//9164 5266//9164 5315//9164
f 5191//9165 5467//9165 5466//9165
f 5307//9166 5460//9166 5235//9166
f 5221//9167 5219//9167 5189//9167
f 5214//9168 5208//9168 5454//9168
f 5018//9169 4879//9169 5420//9169
f 5363//9170 85//9170 141//9170
f 5211//9171 186//9171 5234//9171
f 5362//9172 5397//9172 5423//9172
f 5215//9173 5461//9173 5471//9173
f 5215//9174 5454//9174 5461//9174
f 5191//9175 5194//9175 5467//9175
f 5413//9176 5393//9176 5018//9176
f 5200//9177 5467//9177 5194//9177
f 5416//9178 85//9178 5363//9178
f 5194//9179 5191//9179 5193//9179
f 5423//9180 5397//9180 5197//9180
f 5214//9181 5454//9181 5215//9181
f 5190//9182 5192//9182 5470//9182
f 5496//9183 5497//9183 5498//9183
f 5499//9184 5500//9184 5501//9184
f 5502//9185 5497//9185 5496//9185
f 5502//9186 5503//9186 5497//9186
f 5504//9187 5498//9187 5505//9187
f 5506//9188 5507//9188 5503//9188
f 5506//9189 5503//9189 5502//9189
f 5502//9190 5496//9190 5508//9190
f 5506//9191 5509//9191 5507//9191
f 5510//9192 5511//9192 5509//9192
f 5512//9193 5513//9193 5511//9193
f 5510//9194 5509//9194 5514//9194
f 5515//9195 5511//9195 5510//9195
f 5499//9196 5516//9196 5517//9196
f 5518//9197 5519//9197 5520//9197
f 5512//9198 5511//9198 5515//9198
f 5521//9199 5500//9199 5518//9199
f 5518//9200 5520//9200 5522//9200
f 5500//9201 5521//9201 5523//9201
f 5522//9202 5521//9202 5518//9202
f 5524//9203 5513//9203 5512//9203
f 5525//9204 5513//9204 5524//9204
f 5526//9205 5519//9205 5518//9205
f 5526//9206 5525//9206 5519//9206
f 5526//9207 5513//9207 5525//9207
f 5505//9208 5527//9208 5528//9208
f 5500//9209 5499//9209 5517//9209
f 4800//9210 5529//9210 637//9210
f 5530//9211 5529//9211 4800//9211
f 5530//9212 5528//9212 5529//9212
f 5500//9213 5523//9213 5501//9213
f 5496//9214 5498//9214 5504//9214
f 5531//9215 5528//9215 5530//9215
f 5506//9216 5502//9216 5508//9216
f 5505//9217 5528//9217 5531//9217
f 5508//9218 5532//9218 5506//9218
f 5506//9219 5514//9219 5509//9219
f 5506//9220 5532//9220 5514//9220
f 5498//9221 5527//9221 5505//9221
f 5498//9222 5497//9222 5527//9222
f 5533//9223 5534//9223 5535//9223
f 5536//9224 5537//9224 5538//9224
f 5539//9225 5540//9225 5541//9225
f 5542//9226 5543//9226 5544//9226
f 5545//9227 5540//9227 5539//9227
f 5546//9228 5547//9228 5548//9228
f 5549//9229 5550//9229 5537//9229
f 5541//9230 5547//9230 5546//9230
f 5551//9231 5552//9231 5553//9231
f 5554//9232 5555//9232 5545//9232
f 5556//9233 5557//9233 5558//9233
f 5559//9234 5560//9234 5554//9234
f 5561//9235 5562//9235 5563//9235
f 5564//9236 5565//9236 5566//9236
f 5566//9237 5565//9237 5551//9237
f 5567//9238 5550//9238 5549//9238
f 5568//9239 5569//9239 5570//9239
f 5571//9240 5569//9240 5568//9240
f 5572//9241 5544//9241 5573//9241
f 5573//9242 5544//9242 5574//9242
f 5538//9243 5550//9243 5575//9243
f 5537//9244 5550//9244 5538//9244
f 5542//9245 5576//9245 5543//9245
f 5577//9246 5578//9246 5579//9246
f 5567//9247 5580//9247 5550//9247
f 5548//9248 5577//9248 5581//9248
f 5582//9249 5580//9249 5567//9249
f 5541//9250 5540//9250 5547//9250
f 5579//9251 5583//9251 344//9251
f 344//9252 5583//9252 271//9252
f 305//9253 5581//9253 336//9253
f 5584//9254 5557//9254 5556//9254
f 5533//9255 5585//9255 5534//9255
f 5586//9256 5585//9256 5533//9256
f 5575//9257 5580//9257 5587//9257
f 5550//9258 5580//9258 5575//9258
f 5545//9259 5555//9259 5540//9259
f 5561//9260 5588//9260 5562//9260
f 5570//9261 5589//9261 5582//9261
f 5582//9262 5589//9262 5580//9262
f 5553//9263 5590//9263 5591//9263
f 5569//9264 5592//9264 5570//9264
f 5593//9265 5576//9265 5542//9265
f 5554//9266 5560//9266 5555//9266
f 5587//9267 5580//9267 5594//9267
f 5595//9268 5596//9268 5586//9268
f 5597//9269 5598//9269 5599//9269
f 5574//9270 5598//9270 5597//9270
f 5580//9271 5589//9271 5594//9271
f 5570//9272 5592//9272 5589//9272
f 5600//9273 5601//9273 5602//9273
f 5603//9274 5544//9274 5572//9274
f 5589//9275 5604//9275 5594//9275
f 5605//9276 5560//9276 5559//9276
f 5592//9277 5604//9277 5589//9277
f 5543//9278 5606//9278 5595//9278
f 5558//9279 5588//9279 5561//9279
f 5548//9280 5607//9280 5577//9280
f 5547//9281 5607//9281 5548//9281
f 5584//9282 5591//9282 5557//9282
f 5593//9283 5608//9283 5576//9283
f 5552//9284 5609//9284 5553//9284
f 5553//9285 5609//9285 5590//9285
f 5599//9286 5533//9286 5578//9286
f 5590//9287 5601//9287 5600//9287
f 5605//9288 5563//9288 5560//9288
f 5578//9289 5610//9289 5579//9289
f 5555//9290 5573//9290 5540//9290
f 5560//9291 5572//9291 5555//9291
f 5586//9292 5596//9292 5585//9292
f 5584//9293 5553//9293 5591//9293
f 5558//9294 5600//9294 5588//9294
f 5602//9295 5608//9295 5593//9295
f 5543//9296 5576//9296 5606//9296
f 5579//9297 5610//9297 5583//9297
f 5590//9298 5611//9298 5601//9298
f 5595//9299 5606//9299 5596//9299
f 5565//9300 5612//9300 5551//9300
f 5602//9301 5549//9301 5608//9301
f 5581//9302 5579//9302 336//9302
f 336//9303 5579//9303 344//9303
f 5540//9304 5597//9304 5547//9304
f 5544//9305 5595//9305 5574//9305
f 5547//9306 5597//9306 5607//9306
f 5574//9307 5595//9307 5598//9307
f 5603//9308 5542//9308 5544//9308
f 5613//9309 5542//9309 5603//9309
f 5557//9310 5600//9310 5558//9310
f 5562//9311 5593//9311 5613//9311
f 5612//9312 5609//9312 5551//9312
f 5605//9313 5561//9313 5563//9313
f 5551//9314 5609//9314 5552//9314
f 5614//9315 5561//9315 5605//9315
f 334//9316 5615//9316 335//9316
f 5616//9317 5615//9317 334//9317
f 5601//9318 5549//9318 5602//9318
f 5566//9319 5553//9319 5584//9319
f 5581//9320 5577//9320 5579//9320
f 5596//9321 5606//9321 5617//9321
f 5616//9322 5541//9322 5615//9322
f 5555//9323 5572//9323 5573//9323
f 5578//9324 5533//9324 5610//9324
f 5616//9325 5539//9325 5541//9325
f 5607//9326 5578//9326 5577//9326
f 5615//9327 5546//9327 335//9327
f 5590//9328 5568//9328 5611//9328
f 5588//9329 5593//9329 5562//9329
f 5609//9330 5568//9330 5590//9330
f 5601//9331 5567//9331 5549//9331
f 5598//9332 5586//9332 5599//9332
f 5599//9333 5586//9333 5533//9333
f 5557//9334 5591//9334 5600//9334
f 5617//9335 5606//9335 5618//9335
f 5560//9336 5613//9336 5572//9336
f 5619//9337 5545//9337 5616//9337
f 5616//9338 5545//9338 5539//9338
f 5576//9339 5537//9339 5606//9339
f 335//9340 5546//9340 305//9340
f 5566//9341 5551//9341 5553//9341
f 5611//9342 5567//9342 5601//9342
f 5556//9343 5558//9343 5614//9343
f 5614//9344 5558//9344 5561//9344
f 5613//9345 5593//9345 5542//9345
f 5608//9346 5537//9346 5576//9346
f 5541//9347 5546//9347 5615//9347
f 5612//9348 5620//9348 5609//9348
f 5588//9349 5602//9349 5593//9349
f 5573//9350 5574//9350 5540//9350
f 5540//9351 5574//9351 5597//9351
f 5563//9352 5613//9352 5560//9352
f 5544//9353 5543//9353 5595//9353
f 5611//9354 5582//9354 5567//9354
f 5610//9355 5533//9355 5535//9355
f 5609//9356 5571//9356 5568//9356
f 5618//9357 5537//9357 5536//9357
f 5606//9358 5537//9358 5618//9358
f 5619//9359 5554//9359 5545//9359
f 5546//9360 5581//9360 305//9360
f 5597//9361 5599//9361 5607//9361
f 5607//9362 5599//9362 5578//9362
f 5611//9363 5570//9363 5582//9363
f 5568//9364 5570//9364 5611//9364
f 5609//9365 5620//9365 5571//9365
f 5600//9366 5602//9366 5588//9366
f 5563//9367 5562//9367 5613//9367
f 5591//9368 5590//9368 5600//9368
f 5549//9369 5537//9369 5608//9369
f 5613//9370 5603//9370 5572//9370
f 5598//9371 5595//9371 5586//9371
f 5546//9372 5548//9372 5581//9372
f 5621//9373 5622//9373 5623//9373
f 5624//9374 5622//9374 5621//9374
f 5625//9375 5626//9375 5627//9375
f 5628//9376 5629//9376 5623//9376
f 4512//9377 5630//9377 4503//9377
f 5631//9378 5632//9378 5633//9378
f 5633//9379 5632//9379 5634//9379
f 5635//9380 5636//9380 5625//9380
f 5637//9381 5638//9381 5639//9381
f 5638//9382 5640//9382 5639//9382
f 5641//9383 5642//9383 5643//9383
f 4497//9384 4503//9384 5644//9384
f 5645//9385 5646//9385 5647//9385
f 5626//9386 5625//9386 5648//9386
f 5630//9387 5643//9387 5649//9387
f 5648//9388 5625//9388 5650//9388
f 5651//9389 5652//9389 5631//9389
f 5631//9390 5652//9390 5632//9390
f 5653//9391 5654//9391 5628//9391
f 4503//9392 5655//9392 5644//9392
f 5630//9393 5655//9393 4503//9393
f 5639//9394 5656//9394 5657//9394
f 5640//9395 5656//9395 5639//9395
f 5658//9396 5659//9396 5642//9396
f 5652//9397 5651//9397 5660//9397
f 5646//9398 5656//9398 5640//9398
f 5624//9399 5661//9399 5651//9399
f 5653//9400 5662//9400 5654//9400
f 5648//9401 5663//9401 5647//9401
f 5647//9402 5663//9402 5645//9402
f 5650//9403 5636//9403 5664//9403
f 5625//9404 5636//9404 5650//9404
f 5630//9405 5649//9405 5655//9405
f 5621//9406 5661//9406 5624//9406
f 5657//9407 5656//9407 5665//9407
f 5666//9408 5628//9408 5654//9408
f 5667//9409 5668//9409 5669//9409
f 5636//9410 5670//9410 5664//9410
f 5656//9411 5645//9411 5665//9411
f 5670//9412 5671//9412 5664//9412
f 5669//9413 5671//9413 5670//9413
f 5650//9414 5663//9414 5648//9414
f 5663//9415 5672//9415 5645//9415
f 5654//9416 5662//9416 5673//9416
f 5668//9417 5671//9417 5669//9417
f 5645//9418 5672//9418 5665//9418
f 5665//9419 5672//9419 5674//9419
f 5664//9420 5675//9420 5650//9420
f 5650//9421 5675//9421 5663//9421
f 5667//9422 5676//9422 5668//9422
f 5655//9423 5677//9423 5644//9423
f 5678//9424 5662//9424 5653//9424
f 5663//9425 5679//9425 5672//9425
f 5659//9426 5680//9426 5681//9426
f 5681//9427 5680//9427 5682//9427
f 5683//9428 5680//9428 5659//9428
f 5677//9429 5684//9429 5644//9429
f 5621//9430 5685//9430 5661//9430
f 5666//9431 5685//9431 5621//9431
f 5675//9432 5679//9432 5663//9432
f 5664//9433 5671//9433 5686//9433
f 5678//9434 5673//9434 5662//9434
f 5649//9435 5682//9435 5687//9435
f 5681//9436 5682//9436 5649//9436
f 5672//9437 5679//9437 5674//9437
f 5674//9438 5679//9438 5688//9438
f 5689//9439 5690//9439 5691//9439
f 5664//9440 5686//9440 5675//9440
f 5692//9441 5671//9441 5668//9441
f 5693//9442 5691//9442 5694//9442
f 5687//9443 5677//9443 5649//9443
f 5676//9444 5695//9444 5696//9444
f 5688//9445 5679//9445 5697//9445
f 5661//9446 5660//9446 5651//9446
f 5698//9447 5673//9447 5678//9447
f 5699//9448 5700//9448 5689//9448
f 5691//9449 5690//9449 5694//9449
f 5679//9450 5675//9450 5697//9450
f 5668//9451 5676//9451 5701//9451
f 5671//9452 5692//9452 5686//9452
f 5668//9453 5701//9453 5692//9453
f 5697//9454 5675//9454 5702//9454
f 5703//9455 5695//9455 5652//9455
f 5676//9456 5696//9456 5701//9456
f 5666//9457 5704//9457 5685//9457
f 5675//9458 5686//9458 5702//9458
f 5687//9459 5682//9459 5705//9459
f 5680//9460 5706//9460 5682//9460
f 5702//9461 5686//9461 5707//9461
f 5708//9462 5709//9462 5661//9462
f 5690//9463 5700//9463 5694//9463
f 5660//9464 5710//9464 5703//9464
f 5711//9465 5712//9465 5713//9465
f 5687//9466 5714//9466 5677//9466
f 5715//9467 5677//9467 5716//9467
f 5717//9468 5696//9468 5695//9468
f 5685//9469 5704//9469 5718//9469
f 5660//9470 5709//9470 5710//9470
f 5706//9471 5705//9471 5682//9471
f 5719//9472 5720//9472 5673//9472
f 5711//9473 5721//9473 5712//9473
f 5694//9474 5627//9474 5693//9474
f 5705//9475 5706//9475 5722//9475
f 5719//9476 5723//9476 5720//9476
f 5720//9477 5718//9477 5704//9477
f 5723//9478 5718//9478 5720//9478
f 5677//9479 5714//9479 5716//9479
f 5723//9480 5724//9480 5718//9480
f 5718//9481 5725//9481 5726//9481
f 5724//9482 5725//9482 5718//9482
f 5727//9483 5728//9483 5700//9483
f 5729//9484 5730//9484 5731//9484
f 5732//9485 5725//9485 5724//9485
f 5694//9486 5733//9486 5627//9486
f 5734//9487 5735//9487 5730//9487
f 5732//9488 5736//9488 5725//9488
f 5737//9489 5738//9489 4679//9489
f 5739//9490 5709//9490 5740//9490
f 5705//9491 5741//9491 5687//9491
f 5687//9492 5741//9492 5714//9492
f 5738//9493 4677//9493 4679//9493
f 5737//9494 5742//9494 5738//9494
f 5743//9495 5736//9495 5732//9495
f 5738//9496 4676//9496 4677//9496
f 5744//9497 5745//9497 5746//9497
f 5743//9498 5747//9498 5736//9498
f 5700//9499 5733//9499 5694//9499
f 4676//9500 5748//9500 4566//9500
f 5740//9501 5749//9501 5739//9501
f 5750//9502 5714//9502 5751//9502
f 5752//9503 5747//9503 5743//9503
f 5742//9504 5753//9504 5738//9504
f 5740//9505 5747//9505 5754//9505
f 5727//9506 5755//9506 5728//9506
f 5738//9507 5756//9507 4676//9507
f 5753//9508 5757//9508 5738//9508
f 5747//9509 5758//9509 5754//9509
f 5738//9510 5757//9510 5756//9510
f 5752//9511 5758//9511 5747//9511
f 5700//9512 5635//9512 5733//9512
f 4676//9513 5756//9513 5748//9513
f 5759//9514 5760//9514 5761//9514
f 5620//9515 5762//9515 5763//9515
f 5728//9516 5635//9516 5700//9516
f 5763//9517 5762//9517 5764//9517
f 5763//9518 5765//9518 5761//9518
f 5759//9519 5761//9519 5765//9519
f 5741//9520 5638//9520 5714//9520
f 5714//9521 5638//9521 5751//9521
f 5755//9522 5766//9522 5728//9522
f 5764//9523 5765//9523 5763//9523
f 5767//9524 5766//9524 5755//9524
f 5612//9525 5762//9525 5620//9525
f 5756//9526 5768//9526 5748//9526
f 5754//9527 5758//9527 5769//9527
f 5770//9528 5749//9528 5771//9528
f 5759//9529 5772//9529 5760//9529
f 5756//9530 5773//9530 5768//9530
f 5772//9531 5759//9531 5774//9531
f 5775//9532 5765//9532 5764//9532
f 5776//9533 5764//9533 5762//9533
f 5777//9534 5638//9534 5741//9534
f 5749//9535 5769//9535 5771//9535
f 5754//9536 5769//9536 5749//9536
f 5778//9537 5779//9537 4596//9537
f 4596//9538 5779//9538 4585//9538
f 5780//9539 5759//9539 5765//9539
f 5774//9540 5759//9540 5780//9540
f 5781//9541 5775//9541 5776//9541
f 5776//9542 5775//9542 5764//9542
f 5782//9543 5771//9543 5783//9543
f 5775//9544 5780//9544 5765//9544
f 5728//9545 5784//9545 5635//9545
f 5781//9546 5785//9546 5775//9546
f 5785//9547 5780//9547 5775//9547
f 5783//9548 5786//9548 5782//9548
f 5780//9549 5785//9549 5787//9549
f 5780//9550 5788//9550 5774//9550
f 5774//9551 5788//9551 5789//9551
f 5787//9552 5788//9552 5780//9552
f 5778//9553 5790//9553 5779//9553
f 5783//9554 5791//9554 5792//9554
f 5789//9555 5788//9555 5793//9555
f 5794//9556 5795//9556 5796//9556
f 5640//9557 5638//9557 5777//9557
f 5779//9558 5797//9558 4585//9558
f 4585//9559 5798//9559 4579//9559
f 5799//9560 5793//9560 5787//9560
f 5795//9561 5800//9561 5801//9561
f 5790//9562 5802//9562 5779//9562
f 5794//9563 5803//9563 5795//9563
f 5795//9564 5803//9564 5804//9564
f 5805//9565 5800//9565 5804//9565
f 5797//9566 5798//9566 4585//9566
f 5806//9567 5807//9567 5808//9567
f 5766//9568 5784//9568 5728//9568
f 5809//9569 5810//9569 5811//9569
f 5807//9570 5811//9570 5808//9570
f 5784//9571 5636//9571 5635//9571
f 5812//9572 5806//9572 5813//9572
f 5813//9573 5806//9573 5814//9573
f 5804//9574 5815//9574 5805//9574
f 5812//9575 5816//9575 5807//9575
f 5766//9576 5669//9576 5784//9576
f 5817//9577 5809//9577 5811//9577
f 5818//9578 5817//9578 5816//9578
f 5816//9579 5817//9579 5811//9579
f 5819//9580 5805//9580 5820//9580
f 5818//9581 5816//9581 5812//9581
f 5805//9582 5821//9582 5820//9582
f 5817//9583 5822//9583 5823//9583
f 5824//9584 5825//9584 5826//9584
f 5825//9585 5824//9585 5827//9585
f 5828//9586 5829//9586 5827//9586
f 5767//9587 5669//9587 5766//9587
f 5830//9588 5831//9588 5832//9588
f 5833//9589 5831//9589 5830//9589
f 5834//9590 5835//9590 5829//9590
f 5829//9591 5836//9591 5827//9591
f 5832//9592 5831//9592 5837//9592
f 5838//9593 5839//9593 5840//9593
f 5841//9594 5827//9594 5836//9594
f 5831//9595 5842//9595 5837//9595
f 5837//9596 5842//9596 5843//9596
f 5767//9597 5667//9597 5669//9597
f 5844//9598 5831//9598 5833//9598
f 5827//9599 5841//9599 5825//9599
f 5839//9600 5845//9600 5840//9600
f 5629//9601 5666//9601 5621//9601
f 5825//9602 5846//9602 5847//9602
f 5847//9603 5846//9603 5848//9603
f 5825//9604 5841//9604 5846//9604
f 5841//9605 5836//9605 5849//9605
f 5844//9606 5842//9606 5831//9606
f 5850//9607 5842//9607 5844//9607
f 5851//9608 5840//9608 5852//9608
f 5748//9609 4617//9609 4566//9609
f 5842//9610 5658//9610 5843//9610
f 5853//9611 5658//9611 5842//9611
f 5845//9612 5854//9612 5852//9612
f 5848//9613 5854//9613 5845//9613
f 5855//9614 5856//9614 5857//9614
f 5858//9615 5846//9615 5841//9615
f 5854//9616 5848//9616 5859//9616
f 5851//9617 5852//9617 5860//9617
f 5628//9618 5666//9618 5629//9618
f 5842//9619 5850//9619 5853//9619
f 5861//9620 5850//9620 5844//9620
f 5848//9621 5846//9621 5859//9621
f 5849//9622 5862//9622 5858//9622
f 5851//9623 5860//9623 5861//9623
f 5857//9624 5856//9624 5757//9624
f 5778//9625 4596//9625 5748//9625
f 5852//9626 5854//9626 5863//9626
f 5748//9627 4596//9627 4617//9627
f 5658//9628 5853//9628 5864//9628
f 5856//9629 5865//9629 5757//9629
f 5852//9630 5863//9630 5866//9630
f 5748//9631 5768//9631 5778//9631
f 5689//9632 5859//9632 5862//9632
f 5849//9633 5699//9633 5867//9633
f 5854//9634 5859//9634 5691//9634
f 5861//9635 5868//9635 5850//9635
f 5868//9636 5861//9636 5869//9636
f 5852//9637 5866//9637 5860//9637
f 5778//9638 5768//9638 5790//9638
f 5870//9639 5854//9639 5691//9639
f 5863//9640 5854//9640 5870//9640
f 5689//9641 5691//9641 5859//9641
f 5871//9642 5872//9642 5873//9642
f 5874//9643 5872//9643 5871//9643
f 5849//9644 5872//9644 5699//9644
f 5699//9645 5872//9645 5875//9645
f 5860//9646 5869//9646 5861//9646
f 5866//9647 5869//9647 5860//9647
f 5773//9648 5790//9648 5768//9648
f 5654//9649 5876//9649 5666//9649
f 5877//9650 5711//9650 5878//9650
f 5867//9651 5699//9651 5689//9651
f 5875//9652 5874//9652 5879//9652
f 5880//9653 5869//9653 5866//9653
f 5869//9654 5881//9654 5882//9654
f 5802//9655 5797//9655 5779//9655
f 5881//9656 5869//9656 5880//9656
f 5879//9657 5874//9657 5883//9657
f 5880//9658 5866//9658 5693//9658
f 5711//9659 5884//9659 5885//9659
f 5877//9660 5884//9660 5711//9660
f 5886//9661 5883//9661 5874//9661
f 5875//9662 5879//9662 5755//9662
f 5880//9663 5693//9663 5627//9663
f 5673//9664 5876//9664 5654//9664
f 5885//9665 5884//9665 5622//9665
f 5798//9666 5887//9666 4579//9666
f 5882//9667 5888//9667 5889//9667
f 5712//9668 5633//9668 5883//9668
f 5884//9669 5890//9669 5622//9669
f 5887//9670 4522//9670 4579//9670
f 5881//9671 5888//9671 5882//9671
f 5881//9672 5880//9672 5888//9672
f 5891//9673 5880//9673 5892//9673
f 5888//9674 5880//9674 5891//9674
f 5633//9675 5893//9675 5883//9675
f 5843//9676 5797//9676 5802//9676
f 5891//9677 5894//9677 5888//9677
f 4522//9678 5887//9678 5895//9678
f 5627//9679 5892//9679 5880//9679
f 5797//9680 5843//9680 5798//9680
f 5777//9681 5722//9681 5894//9681
f 5626//9682 5892//9682 5627//9682
f 5660//9683 5703//9683 5652//9683
f 5896//9684 5798//9684 5843//9684
f 5895//9685 4517//9685 4522//9685
f 5876//9686 5704//9686 5666//9686
f 5647//9687 5894//9687 5891//9687
f 5646//9688 5894//9688 5647//9688
f 5893//9689 5634//9689 5767//9689
f 5887//9690 5896//9690 5895//9690
f 5798//9691 5896//9691 5887//9691
f 5633//9692 5634//9692 5893//9692
f 5721//9693 5651//9693 5631//9693
f 5894//9694 5646//9694 5777//9694
f 5777//9695 5646//9695 5640//9695
f 5648//9696 5892//9696 5626//9696
f 5647//9697 5892//9697 5648//9697
f 5685//9698 5708//9698 5661//9698
f 5784//9699 5670//9699 5636//9699
f 5670//9700 5784//9700 5669//9700
f 5646//9701 5645//9701 5656//9701
f 4586//9702 4497//9702 5897//9702
f 5673//9703 5720//9703 5876//9703
f 5644//9704 5684//9704 4497//9704
f 4497//9705 5684//9705 5897//9705
f 5719//9706 5673//9706 5698//9706
f 5720//9707 5704//9707 5876//9707
f 5661//9708 5709//9708 5660//9708
f 5707//9709 5701//9709 5898//9709
f 5692//9710 5701//9710 5707//9710
f 5717//9711 5695//9711 5703//9711
f 5692//9712 5707//9712 5686//9712
f 5899//9713 5719//9713 5698//9713
f 5701//9714 5696//9714 5898//9714
f 5718//9715 5708//9715 5685//9715
f 5729//9716 5703//9716 5710//9716
f 5696//9717 5900//9717 5898//9717
f 5703//9718 5729//9718 5717//9718
f 5717//9719 5900//9719 5696//9719
f 5710//9720 5734//9720 5729//9720
f 5734//9721 5730//9721 5729//9721
f 5709//9722 5726//9722 5740//9722
f 5725//9723 5740//9723 5726//9723
f 5740//9724 5725//9724 5736//9724
f 5745//9725 5744//9725 5730//9725
f 5730//9726 5744//9726 5731//9726
f 5739//9727 5734//9727 5709//9727
f 5739//9728 5735//9728 5734//9728
f 5747//9729 5740//9729 5736//9729
f 5899//9730 5901//9730 5719//9730
f 5718//9731 5726//9731 5708//9731
f 5749//9732 5740//9732 5754//9732
f 5710//9733 5709//9733 5734//9733
f 5708//9734 5726//9734 5709//9734
f 5902//9735 5903//9735 5745//9735
f 5735//9736 5770//9736 5745//9736
f 5719//9737 5901//9737 5723//9737
f 5770//9738 5735//9738 5749//9738
f 5749//9739 5735//9739 5739//9739
f 5604//9740 5901//9740 5899//9740
f 5770//9741 5782//9741 5745//9741
f 5729//9742 5731//9742 5717//9742
f 5904//9743 5905//9743 5745//9743
f 5745//9744 5782//9744 5904//9744
f 5782//9745 5906//9745 5904//9745
f 5783//9746 5792//9746 5786//9746
f 5907//9747 5901//9747 5604//9747
f 5787//9748 5793//9748 5788//9748
f 5811//9749 5807//9749 5816//9749
f 5808//9750 5811//9750 5810//9750
f 5810//9751 5809//9751 5803//9751
f 5803//9752 5809//9752 5804//9752
f 5804//9753 5809//9753 5815//9753
f 5815//9754 5821//9754 5805//9754
f 5732//9755 5723//9755 5908//9755
f 5724//9756 5723//9756 5732//9756
f 5908//9757 5723//9757 5901//9757
f 5835//9758 5836//9758 5829//9758
f 5851//9759 5833//9759 5840//9759
f 5845//9760 5852//9760 5840//9760
f 5846//9761 5858//9761 5859//9761
f 5859//9762 5858//9762 5862//9762
f 5909//9763 5873//9763 5849//9763
f 5849//9764 5873//9764 5872//9764
f 5690//9765 5689//9765 5700//9765
f 5872//9766 5874//9766 5875//9766
f 5863//9767 5870//9767 5866//9767
f 5866//9768 5870//9768 5693//9768
f 5882//9769 5683//9769 5868//9769
f 5889//9770 5683//9770 5882//9770
f 5732//9771 5910//9771 5743//9771
f 5760//9772 5908//9772 5911//9772
f 5755//9773 5727//9773 5875//9773
f 5760//9774 5910//9774 5908//9774
f 5879//9775 5883//9775 5893//9775
f 5623//9776 5622//9776 5890//9776
f 5571//9777 5912//9777 5569//9777
f 5760//9778 5743//9778 5910//9778
f 5767//9779 5879//9779 5893//9779
f 5755//9780 5879//9780 5767//9780
f 5885//9781 5622//9781 5624//9781
f 5913//9782 5760//9782 5911//9782
f 5761//9783 5760//9783 5913//9783
f 5620//9784 5763//9784 5571//9784
f 5571//9785 5763//9785 5912//9785
f 5752//9786 5743//9786 5760//9786
f 5745//9787 5730//9787 5735//9787
f 5903//9788 5746//9788 5745//9788
f 5745//9789 5905//9789 5902//9789
f 5914//9790 5915//9790 5878//9790
f 5711//9791 5713//9791 5878//9791
f 5760//9792 5772//9792 5752//9792
f 5634//9793 5667//9793 5767//9793
f 5727//9794 5699//9794 5875//9794
f 5700//9795 5699//9795 5727//9795
f 5772//9796 5916//9796 5752//9796
f 5565//9797 5776//9797 5612//9797
f 5776//9798 5762//9798 5612//9798
f 5652//9799 5695//9799 5632//9799
f 5631//9800 5633//9800 5721//9800
f 5721//9801 5633//9801 5712//9801
f 5917//9802 5916//9802 5774//9802
f 5774//9803 5916//9803 5772//9803
f 5634//9804 5676//9804 5667//9804
f 5632//9805 5676//9805 5634//9805
f 5676//9806 5632//9806 5695//9806
f 5770//9807 5771//9807 5782//9807
f 5916//9808 5918//9808 5752//9808
f 5752//9809 5918//9809 5758//9809
f 5906//9810 5782//9810 5786//9810
f 5917//9811 5918//9811 5916//9811
f 5919//9812 5918//9812 5917//9812
f 5758//9813 5796//9813 5769//9813
f 5918//9814 5796//9814 5758//9814
f 5920//9815 5917//9815 5774//9815
f 5794//9816 5918//9816 5919//9816
f 5771//9817 5801//9817 5783//9817
f 5769//9818 5801//9818 5771//9818
f 5919//9819 5917//9819 5920//9819
f 5794//9820 5796//9820 5918//9820
f 5789//9821 5920//9821 5774//9821
f 5921//9822 5920//9822 5789//9822
f 5922//9823 5785//9823 5923//9823
f 5923//9824 5785//9824 5781//9824
f 5769//9825 5795//9825 5801//9825
f 5796//9826 5795//9826 5769//9826
f 5924//9827 5920//9827 5921//9827
f 5922//9828 5787//9828 5785//9828
f 5925//9829 5794//9829 5919//9829
f 5920//9830 5924//9830 5919//9830
f 5791//9831 5783//9831 5926//9831
f 5922//9832 5799//9832 5787//9832
f 5919//9833 5924//9833 5925//9833
f 5927//9834 5793//9834 5799//9834
f 5927//9835 5789//9835 5793//9835
f 5925//9836 5808//9836 5794//9836
f 5921//9837 5814//9837 5924//9837
f 5927//9838 5921//9838 5789//9838
f 5813//9839 5921//9839 5927//9839
f 5924//9840 5814//9840 5925//9840
f 5813//9841 5814//9841 5921//9841
f 5783//9842 5928//9842 5926//9842
f 5926//9843 5928//9843 5929//9843
f 5794//9844 5810//9844 5803//9844
f 5808//9845 5810//9845 5794//9845
f 5795//9846 5804//9846 5800//9846
f 5814//9847 5806//9847 5925//9847
f 5925//9848 5806//9848 5808//9848
f 5929//9849 5928//9849 5819//9849
f 5806//9850 5812//9850 5807//9850
f 5800//9851 5805//9851 5928//9851
f 5928//9852 5805//9852 5819//9852
f 5592//9853 5907//9853 5604//9853
f 5821//9854 5815//9854 5930//9854
f 5907//9855 5908//9855 5901//9855
f 5822//9856 5817//9856 5818//9856
f 5819//9857 5820//9857 5516//9857
f 5516//9858 5820//9858 5517//9858
f 5931//9859 5932//9859 5826//9859
f 5932//9860 5933//9860 5826//9860
f 5907//9861 5911//9861 5908//9861
f 5773//9862 5832//9862 5790//9862
f 5933//9863 5828//9863 5824//9863
f 5592//9864 5912//9864 5907//9864
f 5824//9865 5828//9865 5827//9865
f 5907//9866 5912//9866 5911//9866
f 5826//9867 5825//9867 5934//9867
f 5833//9868 5830//9868 5935//9868
f 5832//9869 5837//9869 5790//9869
f 5790//9870 5837//9870 5802//9870
f 5569//9871 5912//9871 5592//9871
f 5908//9755 5910//9755 5732//9755
f 5839//9872 5825//9872 5847//9872
f 5934//9873 5825//9873 5839//9873
f 5936//9874 5839//9874 5838//9874
f 5802//9875 5837//9875 5843//9875
f 5912//9876 5913//9876 5911//9876
f 5935//9877 5840//9877 5833//9877
f 5838//9878 5840//9878 5935//9878
f 5912//9879 5763//9879 5913//9879
f 5763//9880 5761//9880 5913//9880
f 5896//9881 5843//9881 5658//9881
f 5848//9882 5845//9882 5847//9882
f 5847//9883 5845//9883 5839//9883
f 5834//9884 5937//9884 5835//9884
f 5833//9885 5851//9885 5844//9885
f 5836//9886 5835//9886 5909//9886
f 5938//9887 5939//9887 5937//9887
f 5835//9888 5937//9888 5909//9888
f 5909//9889 5939//9889 5873//9889
f 5937//9890 5939//9890 5909//9890
f 5923//9891 5776//9891 5564//9891
f 5564//9892 5776//9892 5565//9892
f 5895//9893 5642//9893 5641//9893
f 5896//9894 5642//9894 5895//9894
f 5849//9895 5858//9895 5841//9895
f 5641//9896 5643//9896 4512//9896
f 4512//9897 5643//9897 5630//9897
f 5923//9898 5781//9898 5776//9898
f 5836//9899 5909//9899 5849//9899
f 5896//9900 5658//9900 5642//9900
f 5938//9901 5940//9901 5939//9901
f 5873//9902 5939//9902 5871//9902
f 5851//9903 5861//9903 5844//9903
f 5941//9904 5940//9904 5938//9904
f 5939//9905 5940//9905 5871//9905
f 5871//9906 5940//9906 5942//9906
f 5915//9907 5940//9907 5941//9907
f 5658//9908 5864//9908 5659//9908
f 5801//9909 5928//9909 5783//9909
f 5800//9910 5928//9910 5801//9910
f 5915//9911 5914//9911 5940//9911
f 5849//9912 5867//9912 5862//9912
f 5642//9913 5649//9913 5643//9913
f 5642//9914 5681//9914 5649//9914
f 5642//9915 5659//9915 5681//9915
f 5868//9916 5864//9916 5850//9916
f 5850//9917 5864//9917 5853//9917
f 5817//9918 5823//9918 5809//9918
f 5809//9919 5823//9919 5815//9919
f 5940//9920 5914//9920 5942//9920
f 5942//9921 5914//9921 5886//9921
f 5862//9922 5867//9922 5689//9922
f 5874//9923 5942//9923 5886//9923
f 5871//9924 5942//9924 5874//9924
f 5815//9925 5823//9925 5930//9925
f 5930//9926 5820//9926 5821//9926
f 5886//9927 5914//9927 5713//9927
f 5659//9928 5864//9928 5683//9928
f 5517//9929 5820//9929 5930//9929
f 5943//9930 5856//9930 5855//9930
f 5857//9931 5757//9931 5753//9931
f 5856//9932 5943//9932 5944//9932
f 5914//9933 5878//9933 5713//9933
f 5945//9934 5944//9934 5943//9934
f 5757//9935 5946//9935 5756//9935
f 5868//9936 5683//9936 5864//9936
f 5947//9937 5865//9937 5856//9937
f 5677//9938 5655//9938 5649//9938
f 5945//9939 5948//9939 5944//9939
f 5865//9940 5946//9940 5757//9940
f 5856//9941 5944//9941 5947//9941
f 5691//9942 5693//9942 5870//9942
f 5949//9943 5948//9943 5945//9943
f 5950//9944 5946//9944 5865//9944
f 5886//9945 5713//9945 5712//9945
f 5946//9946 5951//9946 5756//9946
f 5756//9947 5951//9947 5773//9947
f 5869//9948 5882//9948 5868//9948
f 5931//9949 5948//9949 5949//9949
f 5944//9950 5948//9950 5952//9950
f 5944//9951 5952//9951 5947//9951
f 5947//9952 5950//9952 5865//9952
f 5886//9953 5712//9953 5883//9953
f 5952//9954 5948//9954 5934//9954
f 5684//9955 5677//9955 5715//9955
f 5950//9956 5951//9956 5946//9956
f 5935//9957 5951//9957 5950//9957
f 5683//9958 5706//9958 5680//9958
f 5947//9959 5952//9959 5838//9959
f 5683//9960 5889//9960 5706//9960
f 5934//9961 5936//9961 5952//9961
f 5885//9962 5721//9962 5711//9962
f 5826//9963 5934//9963 5931//9963
f 5931//9964 5934//9964 5948//9964
f 5889//9965 5894//9965 5706//9965
f 5888//9966 5894//9966 5889//9966
f 5830//9967 5832//9967 5951//9967
f 5951//9968 5832//9968 5773//9968
f 5952//9969 5936//9969 5838//9969
f 5935//9970 5830//9970 5951//9970
f 5947//9971 5935//9971 5950//9971
f 5838//9972 5935//9972 5947//9972
f 5894//9973 5722//9973 5706//9973
f 5716//9974 5714//9974 5750//9974
f 5741//9975 5705//9975 5777//9975
f 5933//9976 5824//9976 5826//9976
f 5705//9977 5722//9977 5777//9977
f 5733//9978 5625//9978 5627//9978
f 5934//9979 5839//9979 5936//9979
f 5885//9980 5651//9980 5721//9980
f 5751//9981 5638//9981 5637//9981
f 5885//9982 5624//9982 5651//9982
f 4517//9983 5895//9983 5641//9983
f 5641//9984 4512//9984 4517//9984
f 5623//9985 5629//9985 5621//9985
f 5891//9986 5892//9986 5647//9986
f 5635//9987 5625//9987 5733//9987
f 3269//9988 452//9988 3228//9988
f 405//9989 3061//9989 3064//9989
f 5953//9990 3435//9990 4808//9990
f 3478//9991 3480//9991 3101//9991
f 458//9992 3445//9992 3446//9992
f 3143//9993 3478//9993 3101//9993
f 5954//9994 3427//9994 3428//9994
f 448//9995 452//9995 3269//9995
f 3296//9996 2550//9996 2650//9996
f 3296//9997 2650//9997 3207//9997
f 3296//9998 3207//9998 3271//9998
f 3268//9999 448//9999 3269//9999
f 460//10000 3478//10000 3443//10000
f 3296//10001 3271//10001 3266//10001
f 5953//10002 3433//10002 3435//10002
f 3296//10003 3266//10003 3261//10003
f 407//9992 3061//9992 405//9992
f 416//9992 422//9992 3066//9992
f 5954//10004 3428//10004 3431//10004
f 3369//10005 3296//10005 3261//10005
f 3369//10006 3261//10006 3154//10006
f 5955//10007 3433//10007 5953//10007
f 464//10008 3478//10008 460//10008
f 5955//10009 5954//10009 3431//10009
f 3413//10010 3154//10010 3256//10010
f 3413//10011 3369//10011 3154//10011
f 470//9989 458//9989 3446//9989
f 3413//10012 3256//10012 3255//10012
f 416//9989 3066//9989 3068//9989
f 5955//10013 3431//10013 3433//10013
f 3347//10014 3255//10014 3243//10014
f 3347//10015 3413//10015 3255//10015
f 5956//10016 3478//10016 418//10016
f 3347//10017 3243//10017 3239//10017
f 3193//10018 448//10018 3268//10018
f 418//10019 3478//10019 415//10019
f 3193//10020 440//10020 448//10020
f 415//10021 3478//10021 407//10021
f 407//10000 3478//10000 3058//10000
f 5956//10022 418//10022 3432//10022
f 407//9989 3058//9989 3061//9989
f 3070//10023 3072//10023 414//10023
f 3327//10024 3239//10024 3290//10024
f 3070//10025 414//10025 457//10025
f 457//9989 414//9989 455//9989
f 3327//10026 3347//10026 3239//10026
f 3123//10027 3143//10027 3117//10027
f 453//10028 3287//10028 3286//10028
f 470//9992 3446//9992 3448//9992
f 453//10029 3288//10029 3287//10029
f 414//9989 421//9989 455//9989
f 449//10030 453//10030 3286//10030
f 3123//10031 3478//10031 3143//10031
f 430//10032 3288//10032 453//10032
f 468//9992 470//9992 3448//9992
f 449//10033 3286//10033 3150//10033
f 410//9992 416//9992 3068//9992
f 430//10034 3289//10034 3288//10034
f 3058//10035 3478//10035 464//10035
f 410//9992 3068//9992 3057//9992
f 435//10036 3290//10036 3289//10036
f 435//10037 3289//10037 430//10037
f 444//10038 3150//10038 3233//10038
f 444//10039 449//10039 3150//10039
f 435//10040 3327//10040 3290//10040
f 3193//10041 439//10041 440//10041
f 3115//10042 3478//10042 3123//10042
f 435//10043 3418//10043 3327//10043
f 468//9989 3448//9989 3439//9989
f 403//9989 410//9989 3057//9989
f 444//10044 3233//10044 3235//10044
f 465//9992 468//9992 3439//9992
f 3082//10045 3478//10045 3115//10045
f 443//10046 3313//10046 3418//10046
f 443//10047 3418//10047 435//10047
f 3081//10048 3478//10048 3082//10048
f 442//10049 444//10049 3235//10049
f 399//10050 386//10050 3478//10050
f 399//10051 3478//10051 3081//10051
f 3192//10052 439//10052 3193//10052
f 3192//10053 3425//10053 439//10053
f 388//10054 3478//10054 386//10054
f 397//10055 399//10055 3081//10055
f 390//10056 3478//10056 388//10056
f 3282//10057 442//10057 3235//10057
f 461//10058 3441//10058 3070//10058
f 461//10021 3439//10021 3441//10021
f 3282//10059 434//10059 442//10059
f 461//9989 465//9989 3439//9989
f 401//9992 403//9992 3057//9992
f 401//9989 3057//9989 3059//9989
f 3313//10060 443//10060 3421//10060
f 3070//10061 396//10061 397//10061
f 3070//10025 397//10025 3081//10025
f 3443//10062 3478//10062 390//10062
f 393//10063 396//10063 3070//10063
f 3490//10064 3426//10064 3419//10064
f 3274//10065 3425//10065 3192//10065
f 433//10066 434//10066 3282//10066
f 457//10067 461//10067 3070//10067
f 3146//10068 3425//10068 3274//10068
f 3313//10069 3421//10069 3423//10069
f 3490//10070 3419//10070 3420//10070
f 391//10071 393//10071 3070//10071
f 425//9989 401//9989 3059//9989
f 3072//10072 3429//10072 3430//10072
f 3072//10073 3438//10073 3429//10073
f 3490//10074 3420//10074 3422//10074
f 3072//10075 3437//10075 3438//10075
f 3146//10076 3424//10076 3425//10076
f 3072//10077 413//10077 414//10077
f 3072//10078 3430//10078 413//10078
f 4806//10079 3437//10079 3072//10079
f 3480//10080 3490//10080 3422//10080
f 4806//10081 3435//10081 3437//10081
f 3441//10082 391//10082 3070//10082
f 3314//10083 3313//10083 3423//10083
f 3480//10084 3422//10084 3424//10084
f 425//9992 3059//9992 455//9992
f 4808//10085 3435//10085 4806//10085
f 422//9992 3064//9992 3066//9992
f 422//9989 426//9989 3064//9989
f 3092//10086 3424//10086 3146//10086
f 3228//10087 454//10087 433//10087
f 3228//10088 452//10088 454//10088
f 405//9989 3064//9989 426//9989
f 3480//10089 3424//10089 3092//10089
f 5956//10090 3436//10090 3427//10090
f 5956//10091 3434//10091 3436//10091
f 5956//10092 3432//10092 3434//10092
f 460//9989 3443//9989 3445//9989
f 3101//10093 3480//10093 3092//10093
f 458//9989 460//9989 3445//9989
f 5954//10094 5956//10094 3427//10094
f 421//9992 425//9992 455//9992
f 4897//10095 3678//10095 3677//10095
f 4897//10096 3697//10096 3678//10096
f 3672//1481 3687//1481 3686//1481
f 3672//958 3671//958 3687//958
f 3570//10097 3665//10097 3664//10097
f 3570//974 3569//974 3665//974
f 3656//10098 3664//10098 3663//10098
f 3656//10099 3570//10099 3664//10099
f 3693//1453 3493//1453 3694//1453
f 3693//956 3657//956 3493//956
f 4894//10100 3677//10100 3676//10100
f 4894//948 3676//948 3675//948
f 4894//10101 4897//10101 3677//10101
f 5957//956 3683//956 3682//956
f 5957//952 3684//952 3683//952
f 3692//952 3657//952 3693//952
f 5957//10102 3682//10102 3681//10102
f 5957//953 3681//953 3493//953
f 5958//1465 3684//1465 5957//1465
f 5958//971 3685//971 3684//971
f 3692//950 3659//950 3657//950
f 3681//947 3694//947 3493//947
f 4848//1480 4894//1480 3675//1480
f 4848//950 3674//950 3673//950
f 4848//953 3675//953 3674//953
f 5959//10103 3685//10103 5958//10103
f 4849//10104 4848//10104 3673//10104
f 5960//957 3686//957 3685//957
f 5960//10105 3685//10105 5959//10105
f 4863//10106 4849//10106 3673//10106
f 4863//10107 3673//10107 3672//10107
f 3640//10108 3663//10108 3662//10108
f 3640//10109 3656//10109 3663//10109
f 5961//10110 3686//10110 5960//10110
f 4857//1470 4863//1470 3672//1470
f 5962//10111 3672//10111 3686//10111
f 3691//950 3659//950 3692//950
f 5962//10112 3686//10112 5961//10112
f 3691//950 3660//950 3659//950
f 5963//10113 4850//10113 4857//10113
f 5963//10114 4857//10114 3672//10114
f 5963//10115 3672//10115 5962//10115
f 5964//10116 4882//10116 4827//10116
f 5964//10117 4827//10117 4837//10117
f 5964//10118 4837//10118 4843//10118
f 5964//1484 4843//1484 4850//1484
f 5964//10119 4850//10119 5963//10119
f 5965//10120 4836//10120 4817//10120
f 5965//10121 4817//10121 4820//10121
f 3690//950 3660//950 3691//950
f 5966//10122 5967//10122 5965//10122
f 5966//10123 4820//10123 4882//10123
f 5966//10124 4882//10124 5964//10124
f 5966//10125 5965//10125 4820//10125
f 5968//10126 5967//10126 5966//10126
f 5969//10127 5968//10127 5966//10127
f 5970//10128 5969//10128 5966//10128
f 5971//10129 5969//10129 5970//10129
f 5972//10130 5971//10130 5970//10130
f 5973//10131 5971//10131 5972//10131
f 5973//10132 5974//10132 5971//10132
f 5975//10133 5974//10133 5973//10133
f 3640//10134 3662//10134 3661//10134
f 1853//10108 3640//10108 3661//10108
f 3680//950 3661//950 3660//950
f 3680//950 3660//950 3690//950
f 3679//952 3661//952 3680//952
f 3670//950 3690//950 3689//950
f 3668//10135 3649//10135 3608//10135
f 3670//958 3680//958 3690//958
f 3679//10136 1853//10136 3661//10136
f 3668//10137 3652//10137 3649//10137
f 3658//1484 3668//1484 3608//1484
f 3667//10138 3652//10138 3668//10138
f 3679//10139 1854//10139 1853//10139
f 3658//10135 3608//10135 3610//10135
f 3667//10140 3650//10140 3652//10140
f 3658//10141 3610//10141 3549//10141
f 3670//950 3689//950 3688//950
f 3697//10142 1854//10142 3679//10142
f 3678//10143 3697//10143 3679//10143
f 3667//1484 3639//1484 3650//1484
f 3667//1458 3623//1458 3639//1458
f 3658//10144 3549//10144 3548//10144
f 3658//10145 3548//10145 3493//10145
f 3666//1492 3624//1492 3623//1492
f 3666//1458 3623//1458 3667//1458
f 3657//1453 3658//1453 3493//1453
f 3669//950 3670//950 3688//950
f 3671//958 3688//958 3687//958
f 3671//950 3669//950 3688//950
f 3569//10137 3666//10137 3665//10137
f 3569//10146 3624//10146 3666//10146
f 4774//10147 5976//10147 5977//10147
f 4774//10148 5977//10148 5978//10148
f 4774//10149 5978//10149 5979//10149
f 4774//10150 5979//10150 5980//10150
f 4774//10151 5980//10151 5981//10151
f 4774//10152 5981//10152 5982//10152
f 4774//10153 5982//10153 5983//10153
f 4774//10154 5983//10154 5118//10154
f 5984//10155 5976//10155 4774//10155
f 5985//10156 5984//10156 4774//10156
f 5986//10157 5985//10157 4774//10157
f 5987//10158 5986//10158 4774//10158
f 5988//10159 5987//10159 4774//10159
f 5150//10160 5988//10160 4774//10160
f 5989//10161 5990//10161 5991//10161
f 5992//10162 5990//10162 5989//10162
f 5618//10163 5993//10163 5617//10163
f 5994//10164 5995//10164 5996//10164
f 5997//10165 5995//10165 5994//10165
f 5998//10166 5999//10166 6000//10166
f 6001//10166 5999//10166 5998//10166
f 5618//10167 5989//10167 5993//10167
f 6002//10168 6003//10168 261//10168
f 6004//10169 6005//10169 5992//10169
f 5992//10170 6005//10170 5990//10170
f 5536//10171 5989//10171 5618//10171
f 5997//10172 6006//10172 5995//10172
f 5991//10173 6006//10173 5997//10173
f 6007//10174 6008//10174 6009//10174
f 261//10175 6003//10175 193//10175
f 6004//10176 6010//10176 6005//10176
f 6001//10177 6011//10177 5999//10177
f 6012//10178 6011//10178 6001//10178
f 5996//10179 6008//10179 6007//10179
f 5536//10180 5992//10180 5989//10180
f 6002//10181 6000//10181 6003//10181
f 6013//10182 6010//10182 6004//10182
f 5991//10183 5990//10183 6006//10183
f 5996//10184 6014//10184 6008//10184
f 6015//10185 6011//10185 6012//10185
f 5538//10186 5992//10186 5536//10186
f 6013//10187 6016//10187 6010//10187
f 6017//10188 6016//10188 6013//10188
f 6014//10189 5995//10189 6018//10189
f 5996//10190 5995//10190 6014//10190
f 5610//10191 6019//10191 5583//10191
f 6015//10192 5994//10192 6011//10192
f 5583//10193 6020//10193 271//10193
f 271//10194 6020//10194 215//10194
f 5610//10195 5535//10195 6019//10195
f 5538//10196 6004//10196 5992//10196
f 6019//10197 6020//10197 5583//10197
f 5899//10198 5698//10198 6021//10198
f 6021//10199 6022//10199 6017//10199
f 6017//10200 6022//10200 6016//10200
f 6018//10201 6006//10201 6023//10201
f 5995//10202 6006//10202 6018//10202
f 6024//10203 5994//10203 6015//10203
f 5535//10204 6025//10204 6019//10204
f 5575//10205 6004//10205 5538//10205
f 193//10206 6003//10206 111//10206
f 111//10207 6003//10207 6026//10207
f 6020//10208 213//10208 215//10208
f 6000//10209 6027//10209 6003//10209
f 5990//10210 6028//10210 6006//10210
f 5698//10211 6022//10211 6021//10211
f 6016//10212 6029//10212 6010//10212
f 6023//10213 6006//10213 6030//10213
f 5993//10214 5997//10214 6024//10214
f 6024//10215 5997//10215 5994//10215
f 5535//10216 6012//10216 6025//10216
f 5534//10217 6012//10217 5535//10217
f 5575//10218 6013//10218 6004//10218
f 6005//10219 6028//10219 5990//10219
f 6011//10220 6007//10220 5999//10220
f 6020//10221 5998//10221 213//10221
f 6019//10222 5998//10222 6020//10222
f 6016//10223 6031//10223 6029//10223
f 6028//10224 6030//10224 6006//10224
f 6010//10225 6032//10225 6005//10225
f 5596//10226 5617//10226 5585//10226
f 6005//10227 6032//10227 6028//10227
f 6022//10228 6031//10228 6016//10228
f 6025//10229 5998//10229 6019//10229
f 5587//10230 6017//10230 5575//10230
f 6022//10231 5678//10231 6031//10231
f 5575//10232 6017//10232 6013//10232
f 5534//10233 6015//10233 6012//10233
f 5585//10234 6015//10234 5534//10234
f 6003//10235 6027//10235 6026//10235
f 6010//10236 6029//10236 6032//10236
f 6025//10237 6001//10237 5998//10237
f 5999//10238 6027//10238 6000//10238
f 5989//10239 5991//10239 5993//10239
f 5993//10239 5991//10239 5997//10239
f 6029//10240 6033//10240 6032//10240
f 6011//10241 5996//10241 6007//10241
f 6012//10242 6001//10242 6025//10242
f 5994//10243 5996//10243 6011//10243
f 5585//10244 6024//10244 6015//10244
f 5617//10245 6024//10245 5585//10245
f 6031//10246 6034//10246 6029//10246
f 5999//10247 6009//10247 6027//10247
f 5678//10248 6034//10248 6031//10248
f 5998//10249 6000//10249 213//10249
f 213//10250 6000//10250 6002//10250
f 5594//10251 6021//10251 5587//10251
f 5587//10252 6021//10252 6017//10252
f 5678//10253 6035//10253 6034//10253
f 5678//10254 5653//10254 6035//10254
f 5617//10255 5993//10255 6024//10255
f 213//10256 6002//10256 261//10256
f 5594//10257 5604//10257 6021//10257
f 6021//10258 5604//10258 5899//10258
f 6007//10259 6009//10259 5999//10259
f 5678//10260 6022//10260 5698//10260
f 6036//10261 6037//10261 6038//10261
f 6039//10262 6040//10262 6041//10262
f 5834//10263 5829//10263 6042//10263
f 6043//10264 6040//10264 6039//10264
f 6044//10265 6045//10265 6046//10265
f 93//10266 6041//10266 91//10266
f 6035//10267 6047//10267 6034//10267
f 6034//10268 6047//10268 6048//10268
f 6049//10269 6050//10269 6051//10269
f 6051//10270 6050//10270 6052//10270
f 6053//10271 6054//10271 6055//10271
f 6056//10272 6057//10272 6058//10272
f 6059//10273 6060//10273 6061//10273
f 6061//10274 6060//10274 6062//10274
f 6063//10275 6064//10275 6065//10275
f 6044//10276 6066//10276 6045//10276
f 6067//10277 6068//10277 6069//10277
f 6069//10278 6068//10278 6070//10278
f 158//10279 6071//10279 84//10279
f 84//10280 6071//10280 73//10280
f 6072//10281 6073//10281 6074//10281
f 5877//10282 6075//10282 6076//10282
f 6056//10283 6065//10283 6057//10283
f 6077//10284 6071//10284 158//10284
f 6078//10285 6079//10285 6080//10285
f 6080//10286 6079//10286 6081//10286
f 6082//10287 6083//10287 6084//10287
f 6063//10288 6085//10288 6064//10288
f 6086//10289 6085//10289 6063//10289
f 6087//10290 6066//10290 6044//10290
f 5878//10291 6075//10291 5877//10291
f 6088//10292 6089//10292 6036//10292
f 6036//10293 6089//10293 6037//10293
f 6059//10294 6090//10294 6060//10294
f 6058//10295 6090//10295 6059//10295
f 6091//10296 6068//10296 6067//10296
f 6049//10297 6092//10297 6050//10297
f 6093//10298 6092//10298 6049//10298
f 6035//10299 6094//10299 6047//10299
f 6043//10300 6095//10300 6040//10300
f 5915//10301 6075//10301 5878//10301
f 6062//10302 6096//10302 6087//10302
f 6078//10303 6061//10303 6079//10303
f 6055//10304 6083//10304 6082//10304
f 6053//10305 6097//10305 6054//10305
f 6086//10306 6098//10306 6085//10306
f 6099//10307 6098//10307 6086//10307
f 5829//10308 5828//10308 6100//10308
f 6091//10309 6101//10309 6068//10309
f 6066//10310 6087//10310 6096//10310
f 5829//10311 6100//10311 6042//10311
f 6102//10312 6089//10312 6088//10312
f 5623//10313 6094//10313 5628//10313
f 5628//10314 6094//10314 6035//10314
f 6058//10315 6057//10315 6090//10315
f 6072//10316 6084//10316 6073//10316
f 6103//10317 6104//10317 6095//10317
f 6105//10318 6061//10318 6078//10318
f 6106//10319 6098//10319 6099//10319
f 6055//10320 6107//10320 6083//10320
f 6060//10321 6108//10321 6062//10321
f 6041//10322 6109//10322 91//10322
f 6065//10323 6110//10323 6057//10323
f 6076//10324 6111//10324 6091//10324
f 6091//10325 6111//10325 6101//10325
f 6048//10326 6112//10326 6093//10326
f 6093//10327 6112//10327 6092//10327
f 6102//10328 6113//10328 6089//10328
f 5828//10329 5933//10329 6100//10329
f 6096//10330 6062//10330 6108//10330
f 6103//10331 6114//10331 6104//10331
f 6115//10332 6116//10332 6106//10332
f 6105//10333 6070//10333 6061//10333
f 6106//10334 6116//10334 6098//10334
f 6077//10335 6117//10335 6071//10335
f 6054//10336 6107//10336 6055//10336
f 6090//10337 6118//10337 6060//10337
f 6092//10338 6119//10338 6050//10338
f 6065//10339 6120//10339 6110//10339
f 6048//10340 6121//10340 6112//10340
f 6075//10341 6122//10341 6076//10341
f 6076//10342 6122//10342 6111//10342
f 6102//10343 6123//10343 6113//10343
f 6124//10344 6123//10344 6102//10344
f 6115//10345 6125//10345 6116//10345
f 6042//10346 6125//10346 6115//10346
f 6083//10347 6126//10347 6084//10347
f 6037//10348 6114//10348 6103//10348
f 6074//10349 6117//10349 6077//10349
f 6090//10350 6057//10350 6118//10350
f 6081//10351 6127//10351 6128//10351
f 6064//10352 6129//10352 6065//10352
f 6065//10353 6129//10353 6120//10353
f 6047//10354 6121//10354 6048//10354
f 6060//10355 6118//10355 6108//10355
f 6040//10356 6109//10356 6041//10356
f 5931//10357 5949//10357 5932//10357
f 6130//10358 6123//10358 6124//10358
f 6037//10359 6082//10359 6114//10359
f 6100//10360 6125//10360 6042//10360
f 6068//10361 6131//10361 6070//10361
f 6074//10362 6132//10362 6117//10362
f 6085//10363 6133//10363 6064//10363
f 6047//10364 6069//10364 6121//10364
f 6064//10365 6133//10365 6129//10365
f 6130//10366 6134//10366 6123//10366
f 6057//10367 6135//10367 6118//10367
f 6100//10368 6136//10368 6125//10368
f 6040//10369 6137//10369 6109//10369
f 5915//10370 6138//10370 6075//10370
f 6075//10371 6138//10371 6122//10371
f 6110//10372 6120//10372 6139//10372
f 6089//10373 6082//10373 6037//10373
f 6027//10374 6140//10374 6026//10374
f 5623//10375 5890//10375 6094//10375
f 6110//10376 6135//10376 6057//10376
f 6026//10377 6141//10377 111//10377
f 111//10378 6141//10378 109//10378
f 5933//10379 6136//10379 6100//10379
f 6027//10380 6009//10380 6140//10380
f 91//10381 6109//10381 78//10381
f 6026//10382 6142//10382 6141//10382
f 6097//10383 6044//10383 6054//10383
f 6135//10384 6110//10384 6139//10384
f 6128//10385 6044//10385 6097//10385
f 6098//10386 6143//10386 6085//10386
f 6085//10387 6143//10387 6133//10387
f 6081//10388 6079//10388 6127//10388
f 5933//10389 6144//10389 6136//10389
f 6094//10390 6069//10390 6047//10390
f 6140//10391 6142//10391 6026//10391
f 6068//10392 6056//10392 6131//10392
f 6052//10393 6134//10393 6130//10393
f 6073//10394 6132//10394 6074//10394
f 6116//10395 6143//10395 6098//10395
f 6095//10396 6137//10396 6040//10396
f 5932//10397 6144//10397 5933//10397
f 5915//10398 6086//10398 6138//10398
f 6009//10399 6145//10399 6140//10399
f 6089//10400 6113//10400 6082//10400
f 6141//10401 6146//10401 109//10401
f 6068//10402 6101//10402 6056//10402
f 6120//10403 6129//10403 6139//10403
f 6133//10404 6147//10404 6129//10404
f 5949//10405 6148//10405 5932//10405
f 6127//10406 6044//10406 6128//10406
f 5932//10407 6148//10407 6144//10407
f 6050//10408 6149//10408 6052//10408
f 6052//10409 6149//10409 6134//10409
f 5945//10410 5943//10410 6150//10410
f 6125//10411 6151//10411 6116//10411
f 6008//10412 6152//10412 6009//10412
f 6094//10413 6067//10413 6069//10413
f 6009//10414 6152//10414 6145//10414
f 6116//10415 6151//10415 6143//10415
f 6073//10416 6153//10416 6132//10416
f 6141//10417 6154//10417 6146//10417
f 6139//10418 6129//10418 6147//10418
f 6142//10419 6154//10419 6141//10419
f 6095//10420 6104//10420 6137//10420
f 6014//10421 6152//10421 6008//10421
f 6125//10422 6155//10422 6151//10422
f 6133//10423 6156//10423 6147//10423
f 5941//10424 6086//10424 5915//10424
f 6143//10425 6156//10425 6133//10425
f 5945//10426 6157//10426 5949//10426
f 5949//10427 6157//10427 6148//10427
f 6014//10428 6158//10428 6152//10428
f 109//10429 6146//10429 182//10429
f 6140//10430 6159//10430 6142//10430
f 6142//10431 6159//10431 6154//10431
f 6054//10432 6046//10432 6107//10432
f 6119//10433 6149//10433 6050//10433
f 6094//10434 5890//10434 6067//10434
f 6136//10435 6155//10435 6125//10435
f 5857//10436 6160//10436 5855//10436
f 6084//10437 6153//10437 6073//10437
f 6145//10438 6038//10438 6140//10438
f 6140//10439 6038//10439 6159//10439
f 6114//10440 6072//10440 6104//10440
f 6018//10441 6161//10441 6014//10441
f 6014//10442 6161//10442 6158//10442
f 6136//10443 6162//10443 6155//10443
f 6123//10444 6055//10444 6113//10444
f 5753//10445 6160//10445 5857//10445
f 6156//10446 6143//10446 6163//10446
f 6144//10447 6162//10447 6136//10447
f 6018//10448 6164//10448 6161//10448
f 5753//10449 6165//10449 6160//10449
f 5742//10450 6165//10450 5753//10450
f 6119//10451 6080//10451 6149//10451
f 6144//10452 6166//10452 6162//10452
f 6152//10453 6036//10453 6145//10453
f 6143//10454 6151//10454 6163//10454
f 6070//10455 6059//10455 6061//10455
f 6145//10453 6036//10453 6038//10453
f 6023//10456 6164//10456 6018//10456
f 6148//10457 6166//10457 6144//10457
f 6084//10458 6167//10458 6153//10458
f 6126//10459 6167//10459 6084//10459
f 6148//10460 6168//10460 6166//10460
f 5742//10461 6169//10461 6165//10461
f 5737//10462 6169//10462 5742//10462
f 6123//10463 6053//10463 6055//10463
f 6122//10464 6063//10464 6111//10464
f 6163//10465 6155//10465 6170//10465
f 6151//10466 6155//10466 6163//10466
f 6157//10467 6168//10467 6148//10467
f 6109//10468 158//10468 78//10468
f 6030//10469 6051//10469 6023//10469
f 6023//10470 6051//10470 6164//10470
f 6162//10471 6170//10471 6155//10471
f 5737//10472 6171//10472 6169//10472
f 6146//10473 6039//10473 182//10473
f 6054//10474 6044//10474 6046//10474
f 6157//10475 6172//10475 6168//10475
f 6092//10476 6080//10476 6119//10476
f 6079//10477 6062//10477 6127//10477
f 6032//10478 6093//10478 6028//10478
f 6162//10479 6173//10479 6170//10479
f 4679//10480 6171//10480 5737//10480
f 6101//10481 6111//10481 6056//10481
f 6166//10482 6173//10482 6162//10482
f 6152//10483 6088//10483 6036//10483
f 6158//10484 6088//10484 6152//10484
f 6114//10485 6082//10485 6072//10485
f 6134//10486 6053//10486 6123//10486
f 6033//10487 6093//10487 6032//10487
f 6168//10488 6174//10488 6166//10488
f 5938//10489 6106//10489 5941//10489
f 6061//10490 6062//10490 6079//10490
f 6158//10491 6161//10491 6088//10491
f 6030//10492 6049//10492 6051//10492
f 6168//10493 6172//10493 6174//10493
f 6138//10494 6063//10494 6122//10494
f 6028//10495 6049//10495 6030//10495
f 6173//10496 6166//10496 6174//10496
f 6092//10497 6078//10497 6080//10497
f 6175//10498 6176//10498 6172//10498
f 6112//10499 6078//10499 6092//10499
f 6070//10500 6058//10500 6059//10500
f 6131//10501 6058//10501 6070//10501
f 182//10502 6039//10502 93//10502
f 6154//10503 6043//10503 6146//10503
f 6146//10504 6043//10504 6039//10504
f 6104//10505 6072//10505 6137//10505
f 6083//10506 6167//10506 6126//10506
f 6177//10507 6178//10507 6176//10507
f 6172//10508 6179//10508 6174//10508
f 6134//10509 6097//10509 6053//10509
f 5941//10510 6099//10510 6086//10510
f 6093//10511 6049//10511 6028//10511
f 6172//10512 6176//10512 6179//10512
f 6180//10513 6181//10513 6178//10513
f 6182//10514 6181//10514 6180//10514
f 5938//10515 5937//10515 6106//10515
f 6029//10516 6034//10516 6033//10516
f 6176//10517 6183//10517 6179//10517
f 6178//10518 6183//10518 6176//10518
f 6127//10519 6087//10519 6044//10519
f 6138//10520 6086//10520 6063//10520
f 6109//10521 6077//10521 158//10521
f 6182//10522 6184//10522 6181//10522
f 6121//10523 6078//10523 6112//10523
f 4686//10524 6185//10524 4647//10524
f 6131//10525 6056//10525 6058//10525
f 5890//10526 6091//10526 6067//10526
f 6186//10527 6184//10527 6187//10527
f 6187//10528 6184//10528 6182//10528
f 6178//10529 6181//10529 6183//10529
f 6183//10530 6181//10530 6188//10530
f 6164//10531 6124//10531 6161//10531
f 6185//10532 4712//10532 6186//10532
f 4686//10533 4712//10533 6185//10533
f 6181//10534 6184//10534 6188//10534
f 6167//10535 6083//10535 6189//10535
f 6184//10536 6186//10536 6188//10536
f 5628//10537 6035//10537 5653//10537
f 6186//10538 4712//10538 6188//10538
f 4583//10539 6171//10539 4679//10539
f 4642//10540 6171//10540 4583//10540
f 6149//10541 6128//10541 6134//10541
f 4642//10542 6185//10542 6171//10542
f 6134//10543 6128//10543 6097//10543
f 4647//10544 6185//10544 4642//10544
f 6159//10545 6095//10545 6154//10545
f 6154//10546 6095//10546 6043//10546
f 6185//10547 6190//10547 6171//10547
f 6187//10548 6190//10548 6185//10548
f 5941//10549 6106//10549 6099//10549
f 6186//10550 6187//10550 6185//10550
f 6190//10551 6169//10551 6171//10551
f 6121//10552 6105//10552 6078//10552
f 6164//10553 6130//10553 6124//10553
f 6137//10554 6077//10554 6109//10554
f 6107//10555 6189//10555 6083//10555
f 6190//10556 6165//10556 6169//10556
f 6187//10557 6182//10557 6190//10557
f 6039//10558 6041//10558 93//10558
f 6038//10559 6103//10559 6159//10559
f 6062//10560 6087//10560 6127//10560
f 6159//10561 6103//10561 6095//10561
f 6161//10562 6102//10562 6088//10562
f 6111//10563 6065//10563 6056//10563
f 6113//10564 6055//10564 6082//10564
f 6182//10565 6165//10565 6190//10565
f 6051//10566 6130//10566 6164//10566
f 6033//10567 6048//10567 6093//10567
f 6191//10568 6160//10568 6165//10568
f 6046//10569 6189//10569 6107//10569
f 5884//10570 6076//10570 5890//10570
f 5890//10571 6076//10571 6091//10571
f 6182//10572 6160//10572 6191//10572
f 6069//10573 6105//10573 6121//10573
f 6165//10574 6182//10574 6191//10574
f 5937//10575 6115//10575 6106//10575
f 6137//10576 6074//10576 6077//10576
f 6192//10577 5855//10577 6160//10577
f 6177//10578 6192//10578 6160//10578
f 6160//10579 6180//10579 6177//10579
f 6182//10580 6180//10580 6160//10580
f 5834//10581 6115//10581 5937//10581
f 6082//10582 6084//10582 6072//10582
f 6124//10583 6102//10583 6161//10583
f 6180//10584 6178//10584 6177//10584
f 5855//10585 6192//10585 5943//10585
f 6149//10586 6081//10586 6128//10586
f 6080//10587 6081//10587 6149//10587
f 6034//10588 6048//10588 6033//10588
f 6046//10589 6045//10589 6189//10589
f 6051//10590 6052//10590 6130//10590
f 6177//10591 6176//10591 6192//10591
f 6192//10592 6150//10592 5943//10592
f 5945//10593 6150//10593 6157//10593
f 6063//10594 6065//10594 6111//10594
f 6192//10595 6175//10595 6150//10595
f 6150//10596 6175//10596 6157//10596
f 6176//10597 6175//10597 6192//10597
f 6157//10598 6175//10598 6172//10598
f 5884//10599 5877//10599 6076//10599
f 6069//10600 6070//10600 6105//10600
f 5834//10601 6042//10601 6115//10601
f 6072//10602 6074//10602 6137//10602
f 6038//10261 6037//10261 6103//10261
f 347//10603 5923//10603 5564//10603
f 347//10604 5564//10604 5584//10604
f 347//10604 5584//10604 301//10604
f 5321//10603 5813//10603 5927//10603
f 349//10605 286//10605 288//10605
f 5308//10603 5321//10603 5927//10603
f 5503//10606 5527//10606 5497//10606
f 5503//10607 5528//10607 5527//10607
f 5308//10603 5927//10603 5799//10603
f 5507//10604 5528//10604 5503//10604
f 5507//10608 5529//10608 5528//10608
f 5619//10609 5559//10609 5554//10609
f 5507//10603 637//10603 5529//10603
f 5509//10610 637//10610 5507//10610
f 5511//10611 637//10611 5509//10611
f 5294//10603 5922//10603 5923//10603
f 5294//10603 5923//10603 347//10603
f 5513//10604 637//10604 5511//10604
f 5526//10612 637//10612 5513//10612
f 5308//10604 5799//10604 5922//10604
f 5518//10612 637//10612 5526//10612
f 5294//10604 5308//10604 5922//10604
f 5500//10613 637//10613 5518//10613
f 5517//10614 637//10614 5500//10614
f 349//10603 343//10603 286//10603
f 349//10615 325//10615 343//10615
f 349//10603 5559//10603 325//10603
f 340//10616 5559//10616 349//10616
f 340//10604 5584//10604 5559//10604
f 316//10617 5584//10617 340//10617
f 334//10618 5619//10618 5616//10618
f 5163//10604 635//10604 637//10604
f 5163//10604 5517//10604 5930//10604
f 5163//10603 637//10603 5517//10603
f 5345//10619 5163//10619 5930//10619
f 5345//10620 5930//10620 5823//10620
f 5342//10603 5345//10603 5823//10603
f 5342//10621 5823//10621 5822//10621
f 325//10604 5559//10604 5619//10604
f 325//10622 5619//10622 334//10622
f 5584//10604 5564//10604 5566//10604
f 5343//10604 5342//10604 5822//10604
f 5168//10623 635//10623 5163//10623
f 5343//10620 5822//10620 5818//10620
f 301//10603 5584//10603 316//10603
f 5343//10604 5818//10604 5812//10604
f 5170//10603 635//10603 5168//10603
f 5605//10624 5556//10624 5614//10624
f 5605//10625 5584//10625 5556//10625
f 343//10626 325//10626 327//10626
f 5329//10604 5343//10604 5812//10604
f 5159//10627 5153//10627 5182//10627
f 5159//10628 5182//10628 5181//10628
f 5173//10629 635//10629 5170//10629
f 5329//10604 5812//10604 5813//10604
f 5559//10630 5584//10630 5605//10630
f 5159//10631 5181//10631 635//10631
f 5179//10632 635//10632 5173//10632
f 5162//10633 5159//10633 635//10633
f 345//10634 301//10634 348//10634
f 5321//10603 5329//10603 5813//10603
f 5180//10635 635//10635 5179//10635
f 5186//10636 5162//10636 635//10636
f 5183//10637 5186//10637 635//10637
f 5183//10638 635//10638 5180//10638
f 347//10639 301//10639 345//10639
f 5957//10640 3493//10640 6193//10640
f 6193//10641 3500//10641 6194//10641
f 3493//10642 3500//10642 6193//10642
f 6194//10643 3500//10643 6195//10643
f 3500//10644 3497//10644 6195//10644
f 6195//10645 3499//10645 6196//10645
f 3497//10646 3499//10646 6195//10646
f 3499//10647 3503//10647 6196//10647
f 6196//10648 3505//10648 6197//10648
f 3503//10649 3505//10649 6196//10649
f 6197//10650 3507//10650 6198//10650
f 3505//10651 3507//10651 6197//10651
f 6198//10652 3478//10652 5956//10652
f 3507//10653 3478//10653 6198//10653
f 6199//10654 6200//10654 5956//10654
f 6199//10655 5956//10655 5954//10655
f 6201//10656 6199//10656 5954//10656
f 6201//10657 6202//10657 6199//10657
f 6203//10658 6202//10658 6201//10658
f 5175//10659 5174//10659 6204//10659
f 6203//10660 6205//10660 6202//10660
f 6206//10661 6207//10661 6205//10661
f 6206//10662 6205//10662 6203//10662
f 6206//10663 6208//10663 6207//10663
f 5167//10664 5169//10664 6208//10664
f 5167//10665 6208//10665 6206//10665
f 6209//10666 6200//10666 6210//10666
f 6211//10667 6201//10667 5954//10667
f 6203//10668 6201//10668 6211//10668
f 6212//10669 6206//10669 6203//10669
f 5171//10670 5167//10670 6206//10670
f 5171//10671 6206//10671 6212//10671
f 6213//10672 6203//10672 6211//10672
f 6214//10673 6212//10673 6203//10673
f 6214//10674 6203//10674 6213//10674
f 5178//10675 5171//10675 6212//10675
f 5178//10676 6212//10676 6214//10676
f 5154//10677 6215//10677 5155//10677
f 6216//10678 5954//10678 5955//10678
f 6216//10679 6211//10679 5954//10679
f 6213//10680 6211//10680 6216//10680
f 5177//10681 5178//10681 6214//10681
f 6217//10682 6213//10682 6216//10682
f 6218//10683 6204//10683 6219//10683
f 6220//10684 6214//10684 6213//10684
f 6220//10685 6213//10685 6217//10685
f 6221//10686 4808//10686 4807//10686
f 6222//10687 6221//10687 4807//10687
f 5177//10688 6214//10688 6220//10688
f 4811//10689 6222//10689 4807//10689
f 4813//10690 6218//10690 4811//10690
f 6223//10691 6217//10691 6216//10691
f 4813//10692 4814//10692 6204//10692
f 5156//10693 5177//10693 6220//10693
f 6224//10694 6220//10694 6217//10694
f 6224//10695 6217//10695 6223//10695
f 4804//10696 6204//10696 4814//10696
f 6223//10697 6216//10697 6225//10697
f 6199//10698 6202//10698 6200//10698
f 5156//10699 6220//10699 6224//10699
f 6210//10700 6200//10700 6202//10700
f 6226//10701 6209//10701 6210//10701
f 6210//10702 6202//10702 6205//10702
f 6225//10703 6216//10703 5955//10703
f 6227//10704 6223//10704 6225//10704
f 6228//10705 5165//10705 6229//10705
f 5157//10706 5156//10706 6224//10706
f 6230//10707 6224//10707 6223//10707
f 6230//10708 6223//10708 6227//10708
f 6228//10709 5169//10709 5165//10709
f 6225//10710 5955//10710 5953//10710
f 5161//10711 5157//10711 6224//10711
f 5161//10712 6224//10712 6230//10712
f 6227//10713 6225//10713 6231//10713
f 6231//10714 6225//10714 5953//10714
f 6219//10715 5174//10715 5185//10715
f 6219//10716 6204//10716 5174//10716
f 6215//10717 6230//10717 6227//10717
f 6222//10718 4811//10718 6218//10718
f 4813//10719 6204//10719 6218//10719
f 6232//10720 6227//10720 6231//10720
f 5175//10721 6204//10721 4804//10721
f 6215//10722 6227//10722 6232//10722
f 6233//10723 6226//10723 6228//10723
f 6233//10724 6228//10724 6229//10724
f 6205//10725 6226//10725 6210//10725
f 5154//10726 6230//10726 6215//10726
f 5154//10727 5161//10727 6230//10727
f 6221//10728 6231//10728 5953//10728
f 6208//10729 6228//10729 6226//10729
f 6208//10730 5169//10730 6228//10730
f 6234//10731 6231//10731 6221//10731
f 6234//10732 6232//10732 6231//10732
f 6235//10733 6215//10733 6232//10733
f 6233//10734 6209//10734 6226//10734
f 6226//10735 6207//10735 6208//10735
f 6219//10736 6235//10736 6232//10736
f 6226//10737 6205//10737 6207//10737
f 6219//10738 6232//10738 6234//10738
f 5155//10739 6215//10739 6235//10739
f 6221//10740 5953//10740 4808//10740
f 5185//10741 5155//10741 6235//10741
f 6222//10742 6234//10742 6221//10742
f 6218//10743 6234//10743 6222//10743
f 5185//10744 6235//10744 6219//10744
f 6219//10745 6234//10745 6218//10745
f 6236//10746 6237//10746 6238//10746
f 6239//10747 4832//10747 4831//10747
f 4830//10748 5967//10748 6240//10748
f 6241//10749 6236//10749 6238//10749
f 4830//10750 6240//10750 4831//10750
f 6242//10751 5960//10751 6243//10751
f 4830//10752 5965//10752 5967//10752
f 6244//10753 6241//10753 6245//10753
f 6244//10754 5963//10754 6241//10754
f 6246//10755 5963//10755 6244//10755
f 6247//10756 5334//10756 5332//10756
f 5960//10757 6248//10757 6249//10757
f 6246//10758 6250//10758 6251//10758
f 5492//10759 6250//10759 6246//10759
f 6252//10760 6253//10760 6254//10760
f 6255//10761 6250//10761 6256//10761
f 6257//10762 5961//10762 5960//10762
f 6258//10763 5332//10763 5319//10763
f 6259//10764 6260//10764 6261//10764
f 6255//10765 5964//10765 6251//10765
f 6254//10766 5961//10766 6257//10766
f 6262//10767 6263//10767 6264//10767
f 6262//10768 6264//10768 6265//10768
f 6262//10769 6265//10769 6266//10769
f 5971//10770 6266//10770 5969//10770
f 6267//10771 5961//10771 6254//10771
f 6265//10772 6264//10772 5445//10772
f 6265//10773 5445//10773 6268//10773
f 6269//10774 5962//10774 5961//10774
f 6270//10775 5319//10775 5318//10775
f 6271//10776 6265//10776 6268//10776
f 6272//10777 6268//10777 5421//10777
f 6272//10778 6271//10778 6268//10778
f 6273//10779 6269//10779 5961//10779
f 6274//10780 5334//10780 6247//10780
f 6275//10781 6276//10781 6277//10781
f 6278//10782 5491//10782 5239//10782
f 6278//10783 6255//10783 5491//10783
f 6247//10784 6276//10784 6275//10784
f 6279//10785 6255//10785 6278//10785
f 6280//10786 6281//10786 5332//10786
f 5966//10787 5964//10787 6255//10787
f 5966//10788 6255//10788 6279//10788
f 6280//10789 6282//10789 6281//10789
f 6282//10790 6280//10790 6283//10790
f 6284//10791 5318//10791 5495//10791
f 6285//10792 5487//10792 5494//10792
f 6284//10793 6286//10793 5318//10793
f 6280//10794 6258//10794 6261//10794
f 5962//10795 6269//10795 6287//10795
f 6288//10796 5319//10796 6289//10796
f 6289//10797 6290//10797 6288//10797
f 6289//10798 6270//10798 6291//10798
f 6289//10799 6291//10799 6292//10799
f 6278//10800 5239//10800 5483//10800
f 6292//10801 6291//10801 6293//10801
f 6294//10802 5962//10802 6295//10802
f 6291//10803 6270//10803 6296//10803
f 5494//10804 6297//10804 6285//10804
f 6296//10805 6293//10805 6291//10805
f 6296//10806 6298//10806 6293//10806
f 6299//10807 6300//10807 5318//10807
f 6299//10808 6301//10808 6302//10808
f 6278//10809 5483//10809 5231//10809
f 6303//10810 6301//10810 5318//10810
f 6303//10811 5318//10811 6286//10811
f 6253//10812 5495//10812 5488//10812
f 6304//10813 5959//10813 6302//10813
f 6303//10814 6243//10814 6304//10814
f 5493//10815 6238//10815 6305//10815
f 6236//10816 6306//10816 6237//10816
f 6236//10817 5963//10817 5962//10817
f 6236//10818 5962//10818 6306//10818
f 6286//10819 6243//10819 6303//10819
f 6307//10820 6278//10820 5231//10820
f 6308//10821 6286//10821 6284//10821
f 6286//10822 6308//10822 6243//10822
f 6309//10823 6310//10823 6311//10823
f 6308//10824 6242//10824 6243//10824
f 6312//10825 6279//10825 6278//10825
f 6312//10826 6278//10826 6307//10826
f 6313//10827 6248//10827 6314//10827
f 6313//10828 6314//10828 5495//10828
f 6313//10829 6249//10829 6248//10829
f 6315//10830 6313//10830 5495//10830
f 6315//10831 6249//10831 6313//10831
f 6249//10832 6315//10832 5960//10832
f 6307//10833 5231//10833 5226//10833
f 6316//10834 6253//10834 6252//10834
f 5966//10835 6279//10835 6312//10835
f 6257//10836 6252//10836 6254//10836
f 5963//10837 6236//10837 6241//10837
f 6317//10838 5488//10838 5487//10838
f 5492//10839 6245//10839 5493//10839
f 6317//10840 6318//10840 5488//10840
f 6319//10841 6254//10841 6253//10841
f 6320//10842 6307//10842 5226//10842
f 6319//10843 6267//10843 6254//10843
f 5970//10844 5966//10844 6312//10844
f 5961//10845 6267//10845 6310//10845
f 5961//10846 6310//10846 6309//10846
f 6312//10847 6307//10847 6320//10847
f 5492//10848 6256//10848 6250//10848
f 5492//10849 5491//10849 6256//10849
f 6321//10850 6287//10850 6269//10850
f 6321//10851 6269//10851 6322//10851
f 6294//10852 6297//10852 6306//10852
f 6251//10853 5964//10853 5963//10853
f 6237//10854 6306//10854 6305//10854
f 6323//10855 6320//10855 5226//10855
f 6323//10856 5226//10856 5225//10856
f 6264//10857 6263//10857 5457//10857
f 6246//10858 6251//10858 5963//10858
f 6324//10859 6320//10859 6323//10859
f 6324//10860 6312//10860 6320//10860
f 6264//10861 5457//10861 5445//10861
f 6325//10862 5970//10862 6312//10862
f 6325//10863 6312//10863 6324//10863
f 6325//10864 5972//10864 5970//10864
f 6326//10865 6266//10865 6265//10865
f 6327//10866 6323//10866 5225//10866
f 6306//10867 5962//10867 6294//10867
f 6327//10868 5225//10868 5206//10868
f 6326//10869 6265//10869 6271//10869
f 6268//10870 5432//10870 5421//10870
f 6328//10871 6326//10871 6271//10871
f 6324//10872 6323//10872 6327//10872
f 6328//10873 6271//10873 6272//10873
f 5972//10874 6325//10874 5973//10874
f 6305//10875 5494//10875 5493//10875
f 6239//10876 4879//10876 4832//10876
f 6237//10877 6305//10877 6238//10877
f 6275//10878 6277//10878 6274//10878
f 6274//10879 6247//10879 6275//10879
f 6292//10880 6290//10880 6289//10880
f 6277//10881 6276//10881 5957//10881
f 6304//10882 6302//10882 6301//10882
f 6322//10883 6318//10883 6317//10883
f 6322//10884 6317//10884 5487//10884
f 6297//10885 5494//10885 6305//10885
f 6245//10886 5492//10886 6246//10886
f 6245//10887 6246//10887 6244//10887
f 6329//10888 5206//10888 5476//10888
f 6329//10889 6327//10889 5206//10889
f 6251//10890 6250//10890 6255//10890
f 6256//10891 5491//10891 6255//10891
f 5969//10892 6266//10892 6326//10892
f 6245//10893 6238//10893 5493//10893
f 6245//10894 6241//10894 6238//10894
f 5973//10895 6325//10895 6324//10895
f 5969//10896 6326//10896 6328//10896
f 6276//10897 6247//10897 6281//10897
f 6330//10898 6324//10898 6327//10898
f 6330//10899 6327//10899 6329//10899
f 5968//10900 5969//10900 6328//10900
f 6282//10901 6276//10901 6281//10901
f 6258//10902 6280//10902 5332//10902
f 5973//10903 6324//10903 6330//10903
f 6261//10904 6283//10904 6280//10904
f 6283//10905 6261//10905 6260//10905
f 6331//10906 6329//10906 5476//10906
f 6331//10907 5476//10907 5475//10907
f 5975//10908 5973//10908 6330//10908
f 6332//10909 6330//10909 6329//10909
f 6290//10910 6259//10910 6288//10910
f 6332//10911 6329//10911 6331//10911
f 6289//10912 5319//10912 6270//10912
f 5975//10913 6330//10913 6332//10913
f 6296//10914 6270//10914 6300//10914
f 6298//10915 6296//10915 6300//10915
f 5974//10916 5975//10916 6332//10916
f 5318//10917 6300//10917 6270//10917
f 5959//10918 6298//10918 6300//10918
f 5959//10919 6300//10919 6333//10919
f 6263//10920 6331//10920 5475//10920
f 6263//10921 5475//10921 5469//10921
f 6302//10922 5959//10922 6333//10922
f 6302//10923 6333//10923 6299//10923
f 5445//10924 5432//10924 6268//10924
f 6262//10925 6332//10925 6331//10925
f 6262//10926 6331//10926 6263//10926
f 6301//10927 6299//10927 5318//10927
f 6262//10928 5974//10928 6332//10928
f 6304//10929 6301//10929 6303//10929
f 5971//10930 5974//10930 6262//10930
f 6263//10931 5469//10931 5457//10931
f 6314//10932 6308//10932 6284//10932
f 5332//10933 6281//10933 6247//10933
f 6242//10934 6308//10934 6314//10934
f 6282//10935 5958//10935 5957//10935
f 6282//10936 5957//10936 6276//10936
f 5495//10937 6314//10937 6284//10937
f 6248//10938 5960//10938 6242//10938
f 6248//10939 6242//10939 6314//10939
f 5971//10940 6262//10940 6266//10940
f 6316//10941 6315//10941 5495//10941
f 6315//10942 6257//10942 5960//10942
f 6316//10943 5495//10943 6253//10943
f 6283//10944 5958//10944 6282//10944
f 6252//10945 6257//10945 6315//10945
f 6252//10946 6315//10946 6316//10946
f 6261//10947 6288//10947 6259//10947
f 6261//10948 6258//10948 5319//10948
f 6261//10949 5319//10949 6288//10949
f 5958//10950 6283//10950 6260//10950
f 5958//10951 6260//10951 6259//10951
f 6311//10952 6319//10952 6253//10952
f 6267//10953 6319//10953 6311//10953
f 5488//10954 6334//10954 6311//10954
f 5488//10955 6311//10955 6253//10955
f 6310//10956 6267//10956 6311//10956
f 6309//10957 6311//10957 6334//10957
f 6290//10958 5958//10958 6259//10958
f 6309//10959 6273//10959 5961//10959
f 6309//10960 6334//10960 6273//10960
f 6273//10961 6334//10961 5488//10961
f 6273//10962 5488//10962 6318//10962
f 6292//10963 5958//10963 6290//10963
f 6292//10964 5959//10964 5958//10964
f 6322//10965 6269//10965 6273//10965
f 6322//10966 6273//10966 6318//10966
f 6293//10967 5959//10967 6292//10967
f 6335//10968 5421//10968 5420//10968
f 6300//10969 6299//10969 6333//10969
f 6298//10970 5959//10970 6293//10970
f 6321//10971 6322//10971 5487//10971
f 6335//10972 6272//10972 5421//10972
f 6240//10973 6272//10973 6335//10973
f 6321//10974 6295//10974 6287//10974
f 6285//10975 6321//10975 5487//10975
f 6285//10976 6295//10976 6321//10976
f 6240//10977 6328//10977 6272//10977
f 5967//10978 5968//10978 6328//10978
f 5967//10979 6328//10979 6240//10979
f 5962//10980 6287//10980 6295//10980
f 6297//10981 6294//10981 6295//10981
f 6297//10982 6295//10982 6285//10982
f 6297//10983 6305//10983 6306//10983
f 6239//10984 6335//10984 5420//10984
f 6304//10985 5960//10985 5959//10985
f 6239//10986 5420//10986 4879//10986
f 6243//10987 5960//10987 6304//10987
f 4831//10988 6240//10988 6335//10988
f 4831//10989 6335//10989 6239//10989
f 5166//10990 6336//10990 5164//10990
f 6196//10991 6337//10991 6338//10991
f 6196//10992 6197//10992 6337//10992
f 6339//10993 6336//10993 5166//10993
f 6339//10994 6340//10994 6336//10994
f 6338//10995 6340//10995 6339//10995
f 6341//10996 6338//10996 6339//10996
f 6195//10997 6196//10997 6338//10997
f 6195//10998 6338//10998 6341//10998
f 6342//10999 6229//10999 5165//10999
f 6343//11000 6233//11000 6229//11000
f 6343//11001 6229//11001 6342//11001
f 6344//11002 6200//11002 6209//11002
f 6342//11003 5165//11003 5164//11003
f 6345//11004 6209//11004 6233//11004
f 6345//11005 6233//11005 6343//11005
f 6198//11006 5956//11006 6200//11006
f 6198//11007 6200//11007 6344//11007
f 6344//11008 6209//11008 6345//11008
f 6197//11009 6198//11009 6344//11009
f 6336//11010 6342//11010 5164//11010
f 6337//11011 6344//11011 6345//11011
f 6343//11012 6342//11012 6336//11012
f 6197//11013 6344//11013 6337//11013
f 6340//11014 6345//11014 6343//11014
f 6340//11015 6343//11015 6336//11015
f 6338//11016 6345//11016 6340//11016
f 6338//11017 6337//11017 6345//11017
f 6341//11018 6194//11018 6195//11018
f 6346//11019 5334//11019 6274//11019
f 6339//11020 6193//11020 6341//11020
f 6339//11021 6346//11021 6193//11021
f 6339//11022 5334//11022 6346//11022
f 6346//11023 6277//11023 6193//11023
f 5166//11024 5334//11024 6339//11024
f 6277//11025 5957//11025 6193//11025
f 6346//11026 6274//11026 6277//11026
f 6341//11027 6193//11027 6194//11027
f 6347//11028 6348//11028 6349//11028
f 6350//11029 6351//11029 5512//11029
f 6352//11030 6353//11030 6354//11030
f 6350//11031 5512//11031 5515//11031
f 5982//11032 6355//11032 6356//11032
f 6351//11033 6350//11033 6357//11033
f 6347//11034 6358//11034 6348//11034
f 6359//11035 6360//11035 6361//11035
f 6359//11036 6362//11036 6360//11036
f 6363//11037 6358//11037 6347//11037
f 6364//11038 6354//11038 6353//11038
f 6349//11039 5514//11039 5532//11039
f 6365//11040 6366//11040 6367//11040
f 6350//11041 5515//11041 5510//11041
f 6353//11042 6352//11042 6351//11042
f 6350//11043 5510//11043 6348//11043
f 6363//11044 6368//11044 6358//11044
f 6369//11045 6370//11045 6371//11045
f 6372//11046 6368//11046 6363//11046
f 6372//11047 6373//11047 6368//11047
f 6374//11048 6375//11048 6370//11048
f 6374//11049 6367//11049 6375//11049
f 6376//11050 6364//11050 6377//11050
f 6378//11051 6370//11051 6369//11051
f 6377//11052 6353//11052 6357//11052
f 6377//11053 6364//11053 6353//11053
f 6359//11054 6379//11054 6362//11054
f 6377//11055 6357//11055 6380//11055
f 6381//11056 6374//11056 6370//11056
f 6382//11057 6349//11057 5532//11057
f 5979//11058 6373//11058 6372//11058
f 6380//11059 6357//11059 6348//11059
f 6381//11060 6370//11060 6378//11060
f 6381//11061 6383//11061 6384//11061
f 6383//11062 6378//11062 6385//11062
f 6386//11063 5988//11063 5150//11063
f 6380//11064 6348//11064 6358//11064
f 6380//11065 6358//11065 6368//11065
f 5521//11066 6387//11066 6388//11066
f 6385//11067 6378//11067 6389//11067
f 6356//11068 6379//11068 6359//11068
f 6390//11069 6349//11069 6382//11069
f 6390//11070 6347//11070 6349//11070
f 6386//11071 5150//11071 6365//11071
f 6391//11072 5987//11072 5988//11072
f 6392//11073 6391//11073 6393//11073
f 6394//11074 6395//11074 6396//11074
f 6386//11075 6384//11075 5988//11075
f 6397//11076 6398//11076 6399//11076
f 6397//11077 5984//11077 6398//11077
f 6389//11078 6378//11078 6388//11078
f 5976//11079 5984//11079 6397//11079
f 6359//11080 4799//11080 4787//11080
f 6399//11081 6354//11081 6364//11081
f 6397//11082 6399//11082 6364//11082
f 4799//11083 5530//11083 4800//11083
f 6382//11084 5532//11084 5508//11084
f 6400//11085 6363//11085 6347//11085
f 6400//11086 6347//11086 6390//11086
f 6385//11087 6389//11087 6401//11087
f 4799//11088 6361//11088 5530//11088
f 6402//11089 6364//11089 6376//11089
f 6403//11090 6404//11090 5522//11090
f 6359//11091 4787//11091 5117//11091
f 5977//11092 5976//11092 6402//11092
f 5983//11093 5982//11093 6356//11093
f 4799//11094 6359//11094 6361//11094
f 6393//11095 6384//11095 6383//11095
f 5117//11096 6356//11096 6359//11096
f 6405//11097 6404//11097 6403//11097
f 6391//11098 6384//11098 6393//11098
f 6391//11099 5988//11099 6384//11099
f 6387//11100 6389//11100 6388//11100
f 6406//11101 6363//11101 6400//11101
f 6406//11102 6372//11102 6363//11102
f 6376//11103 6377//11103 6407//11103
f 6408//11104 6409//11104 6410//11104
f 6356//11105 5117//11105 5118//11105
f 5983//11106 6356//11106 5118//11106
f 6411//11107 6382//11107 5508//11107
f 6407//11108 6377//11108 6380//11108
f 5520//11109 6409//11109 6405//11109
f 5520//11110 6412//11110 6409//11110
f 6407//11111 6380//11111 6368//11111
f 6369//11112 6371//11112 5523//11112
f 6401//11113 6389//11113 6404//11113
f 5980//11114 5979//11114 6372//11114
f 5980//11115 6372//11115 6406//11115
f 6370//11116 6375//11116 6371//11116
f 6409//11117 6413//11117 6410//11117
f 5501//11118 5523//11118 6371//11118
f 5986//11119 6414//11119 6415//11119
f 6416//11120 6394//11120 6398//11120
f 6416//11121 5984//11121 5985//11121
f 6416//11122 6398//11122 5984//11122
f 6417//11123 6410//11123 6413//11123
f 6418//11124 6382//11124 6411//11124
f 6397//11125 6364//11125 6402//11125
f 6418//11126 6390//11126 6382//11126
f 5976//11127 6397//11127 6402//11127
f 6392//11128 6393//11128 6401//11128
f 5977//11129 6402//11129 6376//11129
f 6409//11130 6395//11130 6413//11130
f 6409//11131 6412//11131 6395//11131
f 5977//11132 6376//11132 5978//11132
f 6415//11133 6414//11133 6417//11133
f 5978//11134 6376//11134 6407//11134
f 6411//11135 5508//11135 5496//11135
f 5978//11136 6407//11136 6373//11136
f 6373//11137 6407//11137 6368//11137
f 5521//11138 6369//11138 5523//11138
f 6419//11139 6400//11139 6390//11139
f 6419//11140 6390//11140 6418//11140
f 5979//11141 5978//11141 6373//11141
f 6408//11142 6401//11142 6404//11142
f 6369//11143 6388//11143 6378//11143
f 6392//11144 6401//11144 6408//11144
f 6388//11145 6369//11145 5521//11145
f 6381//11146 6378//11146 6383//11146
f 6415//11147 6416//11147 5985//11147
f 5504//11148 6411//11148 5496//11148
f 6416//11149 6413//11149 6394//11149
f 6395//11150 6420//11150 6396//11150
f 6406//11151 6400//11151 6419//11151
f 6421//11152 6411//11152 5504//11152
f 6422//11153 6411//11153 6421//11153
f 6422//11154 6418//11154 6411//11154
f 6423//11155 6424//11155 5525//11155
f 6423//11156 6420//11156 6424//11156
f 6423//11157 6354//11157 6420//11157
f 6425//11158 5504//11158 5505//11158
f 6396//11159 6420//11159 6354//11159
f 6399//11160 6398//11160 6394//11160
f 6399//11161 6394//11161 6396//11161
f 6422//11162 6419//11162 6418//11162
f 6425//11163 6421//11163 5504//11163
f 6387//11164 5521//11164 5522//11164
f 6426//11165 6419//11165 6422//11165
f 6389//11166 6387//11166 5522//11166
f 6389//11167 5522//11167 6404//11167
f 6423//11168 5524//11168 6352//11168
f 6354//11169 6423//11169 6352//11169
f 6422//11170 6421//11170 6425//11170
f 6355//11171 6419//11171 6426//11171
f 6355//11172 6406//11172 6419//11172
f 6352//11173 5512//11173 6351//11173
f 5519//11174 6424//11174 6412//11174
f 6357//11175 6353//11175 6351//11175
f 5981//11176 5980//11176 6406//11176
f 5981//11177 6406//11177 6355//11177
f 6403//11178 5522//11178 5520//11178
f 6360//11179 5505//11179 5531//11179
f 6360//11180 6425//11180 5505//11180
f 6403//11181 5520//11181 6405//11181
f 6348//11182 6357//11182 6350//11182
f 5150//11183 6366//11183 6365//11183
f 6381//11184 6367//11184 6374//11184
f 6381//11185 6365//11185 6367//11185
f 6381//11186 6384//11186 6365//11186
f 6386//11187 6365//11187 6384//11187
f 6362//11188 6422//11188 6425//11188
f 6362//11189 6425//11189 6360//11189
f 6383//11190 6385//11190 6393//11190
f 6393//11191 6385//11191 6401//11191
f 6423//11192 5525//11192 5524//11192
f 5987//11193 6391//11193 6392//11193
f 6355//11194 6426//11194 6379//11194
f 6408//11195 6404//11195 6405//11195
f 6408//11196 6405//11196 6409//11196
f 6414//11197 6392//11197 6408//11197
f 5520//11198 5519//11198 6412//11198
f 6414//11199 5986//11199 5987//11199
f 6379//11200 6422//11200 6362//11200
f 6379//11201 6426//11201 6422//11201
f 6414//11202 5987//11202 6392//11202
f 6414//11203 6408//11203 6410//11203
f 6414//11204 6410//11204 6417//11204
f 6417//11205 6413//11205 6416//11205
f 6417//11206 6416//11206 6415//11206
f 6413//11207 6395//11207 6394//11207
f 5985//11208 5986//11208 6415//11208
f 6412//11209 6420//11209 6395//11209
f 6412//11210 6424//11210 6420//11210
f 6352//11211 5524//11211 5512//11211
f 5982//11212 5981//11212 6355//11212
f 6424//11213 5519//11213 5525//11213
f 6361//11214 6360//11214 5531//11214
f 6361//11215 5531//11215 5530//11215
f 6356//11216 6355//11216 6379//11216
f 6349//11217 5510//11217 5514//11217
f 6399//11218 6396//11218 6354//11218
f 6349//11219 6348//11219 5510//11219
f 6427//11220 6428//11220 6429//11220
f 5499//11221 6428//11221 6427//11221
f 6430//11222 6431//11222 5146//11222
f 6430//11223 5146//11223 5144//11223
f 6432//11224 6431//11224 6430//11224
f 6432//11225 6427//11225 6431//11225
f 5516//11226 5499//11226 6427//11226
f 5516//11227 6427//11227 6432//11227
f 6433//11228 6434//11228 6429//11228
f 6435//11229 6367//11229 6366//11229
f 5148//11230 6366//11230 5150//11230
f 6436//11231 6433//11231 6429//11231
f 6428//11232 5501//11232 6436//11232
f 6375//11233 6367//11233 6435//11233
f 6434//11234 5148//11234 6437//11234
f 6435//11235 6366//11235 5148//11235
f 6371//11236 6375//11236 6436//11236
f 6434//11237 6435//11237 5148//11237
f 6433//11238 6375//11238 6435//11238
f 6437//11239 5148//11239 5147//11239
f 6436//11240 6375//11240 6433//11240
f 6433//11241 6435//11241 6434//11241
f 5501//11242 6371//11242 6436//11242
f 6438//11243 6434//11243 6437//11243
f 6439//11244 5147//11244 5149//11244
f 6439//11245 6437//11245 5147//11245
f 6429//11246 6434//11246 6438//11246
f 6428//11247 6436//11247 6429//11247
f 6439//11248 6438//11248 6437//11248
f 5146//11249 6439//11249 5149//11249
f 6431//11250 6438//11250 6439//11250
f 5499//11251 5501//11251 6428//11251
f 6431//11252 6429//11252 6438//11252
f 6431//11253 6439//11253 5146//11253
f 6427//11254 6429//11254 6431//11254
f 6440//11255 5657//11255 5665//11255
f 6441//11256 5674//11256 5688//11256
f 5136//11257 6442//11257 6443//11257
f 6444//11258 5657//11258 6440//11258
f 6445//11259 6444//11259 6440//11259
f 6446//11260 6447//11260 5132//11260
f 5141//11261 6448//11261 5142//11261
f 6449//11262 6448//11262 5141//11262
f 6450//11263 6451//11263 6452//11263
f 5791//11264 6453//11264 6454//11264
f 6455//11265 6445//11265 6448//11265
f 6455//11266 6448//11266 6449//11266
f 6456//11267 6457//11267 6442//11267
f 6458//11268 5129//11268 5128//11268
f 6458//11269 6459//11269 5129//11269
f 6460//11270 6459//11270 6458//11270
f 6455//11271 6444//11271 6445//11271
f 6443//11272 6442//11272 6461//11272
f 6462//11273 6460//11273 6458//11273
f 6462//11274 6458//11274 6463//11274
f 6464//11275 6447//11275 6446//11275
f 6464//11276 6446//11276 6465//11276
f 6466//11277 6460//11277 6462//11277
f 6463//11278 6458//11278 5128//11278
f 5639//11279 6444//11279 6455//11279
f 6463//11280 5128//11280 5131//11280
f 6449//11281 5141//11281 5123//11281
f 6454//11282 6443//11282 6461//11282
f 5639//11283 5657//11283 6444//11283
f 6467//11284 6464//11284 6465//11284
f 6468//11285 6462//11285 6463//11285
f 6454//11286 6461//11286 5791//11286
f 6467//11287 6465//11287 5746//11287
f 6469//11288 6470//11288 6471//11288
f 6471//11289 6472//11289 5819//11289
f 5139//11290 6469//11290 6473//11290
f 6452//11291 5123//11291 5125//11291
f 6469//11292 5819//11292 6473//11292
f 6471//11293 5819//11293 6469//11293
f 6472//11294 6471//11294 6470//11294
f 6452//11295 6449//11295 5123//11295
f 6472//11296 6470//11296 6474//11296
f 6451//11297 6449//11297 6452//11297
f 6475//11298 6472//11298 6474//11298
f 5135//11299 6456//11299 6442//11299
f 5135//11300 6442//11300 5136//11300
f 5792//11301 6476//11301 6477//11301
f 6478//11302 6474//11302 5138//11302
f 6475//11303 6474//11303 6479//11303
f 6478//11304 6479//11304 6474//11304
f 6480//11305 6478//11305 5138//11305
f 6451//11306 6455//11306 6449//11306
f 6479//11307 6480//11307 6481//11307
f 6482//11308 6480//11308 6483//11308
f 6482//11309 6481//11309 6480//11309
f 6484//11310 5929//11310 6481//11310
f 6481//11311 6482//11311 6484//11311
f 6485//11312 6455//11312 6451//11312
f 6486//11313 6487//11313 6488//11313
f 6489//11314 5929//11314 6487//11314
f 6489//11315 6487//11315 6486//11315
f 6490//11316 6491//11316 6492//11316
f 6486//11317 6493//11317 6489//11317
f 6485//11318 5639//11318 6455//11318
f 6482//11319 6483//11319 6488//11319
f 6491//11320 5744//11320 5746//11320
f 6494//11321 6495//11321 6496//11321
f 6476//11322 5792//11322 5791//11322
f 6476//11323 5791//11323 6497//11323
f 6487//11324 5929//11324 6484//11324
f 5637//11325 5639//11325 6485//11325
f 6487//11326 6484//11326 6482//11326
f 6487//11327 6482//11327 6488//11327
f 6498//11328 6499//11328 6454//11328
f 6498//11329 6454//11329 6453//11329
f 5792//11330 6500//11330 6501//11330
f 5791//11331 6461//11331 6497//11331
f 6488//11332 5137//11332 6486//11332
f 6461//11333 6457//11333 6497//11333
f 6461//11334 6442//11334 6457//11334
f 6457//11335 6476//11335 6497//11335
f 6486//11336 5137//11336 6494//11336
f 6486//11337 6494//11337 6493//11337
f 6502//11338 6489//11338 6493//11338
f 6476//11339 6457//11339 6456//11339
f 6502//11340 6496//11340 6489//11340
f 6502//11341 6493//11341 6494//11341
f 6503//11342 6477//11342 6456//11342
f 5792//11343 6503//11343 6504//11343
f 6504//11344 6500//11344 5792//11344
f 6496//11345 6502//11345 6494//11345
f 6504//11346 6503//11346 6505//11346
f 6500//11347 6504//11347 6505//11347
f 6506//11348 6496//11348 6495//11348
f 6507//11349 5135//11349 5134//11349
f 6507//11350 5134//11350 6508//11350
f 6509//11351 6495//11351 6510//11351
f 6509//11352 6506//11352 6495//11352
f 5129//11353 6452//11353 5125//11353
f 6501//11354 6511//11354 6512//11354
f 6506//11355 6513//11355 5926//11355
f 6506//11356 6509//11356 6513//11356
f 6514//11357 6509//11357 6510//11357
f 6513//11358 6509//11358 6514//11358
f 5786//11359 6501//11359 6515//11359
f 6514//11360 6510//11360 6499//11360
f 6511//11361 6500//11361 6505//11361
f 6516//11362 6508//11362 6517//11362
f 6501//11363 6500//11363 6511//11363
f 6518//11364 5906//11364 6517//11364
f 6498//11365 6514//11365 6499//11365
f 6459//11366 6452//11366 5129//11366
f 6498//11367 6513//11367 6514//11367
f 6519//11368 5731//11368 5744//11368
f 6443//11369 6499//11369 5136//11369
f 6443//11370 6454//11370 6499//11370
f 6459//11371 6450//11371 6452//11371
f 6520//11372 6521//11372 6522//11372
f 6498//11373 6453//11373 6513//11373
f 6523//11374 6450//11374 6459//11374
f 6524//11375 6525//11375 6526//11375
f 6524//11376 6527//11376 6525//11376
f 6528//11377 6516//11377 5786//11377
f 6529//11375 6526//11375 6525//11375
f 6529//11378 6525//11378 6530//11378
f 6531//11379 6508//11379 5134//11379
f 6523//11380 5751//11380 6450//11380
f 6532//11381 6530//11381 6533//11381
f 6534//11382 6535//11382 6536//11382
f 6534//11383 6537//11383 6535//11383
f 6501//11384 5786//11384 5792//11384
f 5130//11385 5127//11385 6538//11385
f 5750//11386 5751//11386 6523//11386
f 6539//11387 6535//11387 6540//11387
f 6541//11388 6542//11388 6543//11388
f 6543//11389 6544//11389 6541//11389
f 6545//11390 6546//11390 6547//11390
f 6545//11391 6547//11391 5903//11391
f 6531//11392 5134//11392 6548//11392
f 6465//11393 6492//11393 6491//11393
f 6465//11394 6446//11394 6492//11394
f 6515//11395 6501//11395 6512//11395
f 5746//11396 6465//11396 6491//11396
f 6519//11397 6490//11397 6549//11397
f 6536//11398 5902//11398 5905//11398
f 6550//11399 5731//11399 6551//11399
f 5126//11400 6552//11400 6553//11400
f 6554//11401 6553//11401 6552//11401
f 6522//11402 5904//11402 5906//11402
f 6555//11403 6556//11403 6552//11403
f 6553//11404 6538//11404 5127//11404
f 6555//11405 6557//11405 6556//11405
f 6553//11406 6558//11406 6538//11406
f 6516//11407 5906//11407 5786//11407
f 6456//11408 6477//11408 6476//11408
f 6517//11409 5906//11409 6516//11409
f 6503//11410 6456//11410 5135//11410
f 6503//11411 5792//11411 6477//11411
f 6558//11412 6553//11412 6559//11412
f 6558//11413 6560//11413 6538//11413
f 6505//11414 6503//11414 5135//11414
f 6558//11415 5900//11415 6550//11415
f 6523//11416 6459//11416 6460//11416
f 6505//11417 5135//11417 6511//11417
f 6559//11418 5900//11418 6558//11418
f 6550//11419 6560//11419 6558//11419
f 6466//11420 6523//11420 6460//11420
f 5900//11421 6559//11421 5898//11421
f 5900//11422 5717//11422 6550//11422
f 6511//11423 5135//11423 6507//11423
f 4751//11424 5131//11424 4739//11424
f 6512//11425 6511//11425 6507//11425
f 6532//11426 6529//11426 6530//11426
f 5707//11427 5898//11427 6554//11427
f 6466//11428 6468//11428 5684//11428
f 6468//11429 6466//11429 6462//11429
f 6561//11430 6515//11430 6512//11430
f 6561//11431 5786//11431 6515//11431
f 6512//11432 6508//11432 6528//11432
f 6512//11433 6507//11433 6508//11433
f 6561//11434 6512//11434 6528//11434
f 6561//11435 6528//11435 5786//11435
f 6528//11436 6508//11436 6516//11436
f 6517//11437 6508//11437 6531//11437
f 4751//11438 6463//11438 5131//11438
f 6533//11439 6525//11439 6527//11439
f 6533//11440 5134//11440 5133//11440
f 6533//11441 6527//11441 5134//11441
f 6518//11442 6517//11442 6531//11442
f 4720//11443 6463//11443 4751//11443
f 6469//11444 5139//11444 6470//11444
f 6479//11445 6478//11445 6480//11445
f 6562//11446 6520//11446 6522//11446
f 6524//11447 6526//11447 5904//11447
f 6536//11448 6535//11448 6539//11448
f 4720//11449 6468//11449 6463//11449
f 6537//11450 6533//11450 5133//11450
f 5731//11451 6519//11451 6551//11451
f 5127//11452 5126//11452 6553//11452
f 5122//11453 6552//11453 5126//11453
f 6563//11454 6555//11454 6552//11454
f 6563//11455 6552//11455 5122//11455
f 4719//11456 6468//11456 4720//11456
f 6564//11457 6555//11457 6563//11457
f 5143//11458 6565//11458 5124//11458
f 6566//11459 5906//11459 6518//11459
f 6518//11460 6531//11460 6548//11460
f 6566//11461 6518//11461 6548//11461
f 6485//11462 6451//11462 6450//11462
f 6562//11463 6548//11463 6520//11463
f 6562//11464 6566//11464 6548//11464
f 6562//11465 5906//11465 6566//11465
f 4586//11466 5897//11466 4725//11466
f 6562//11467 6522//11467 5906//11467
f 5751//11468 6485//11468 6450//11468
f 6527//11469 6521//11469 5134//11469
f 5134//11470 6521//11470 6548//11470
f 6520//11471 6548//11471 6521//11471
f 5897//11472 6468//11472 4719//11472
f 5716//11473 5750//11473 6523//11473
f 5133//11474 6540//11474 6537//11474
f 6521//11475 6527//11475 6524//11475
f 5716//11476 6523//11476 6466//11476
f 5138//11477 6474//11477 6470//11477
f 5715//11478 5716//11478 6466//11478
f 6475//11479 5929//11479 5819//11479
f 6475//11480 5819//11480 6472//11480
f 5897//11481 5684//11481 6468//11481
f 6522//11482 6521//11482 6524//11482
f 6480//11483 5138//11483 6483//11483
f 5684//11484 5715//11484 6466//11484
f 5124//11485 6563//11485 5122//11485
f 5751//11486 5637//11486 6485//11486
f 5902//11487 6536//11487 6541//11487
f 6564//11488 6563//11488 5124//11488
f 4725//11489 5897//11489 4719//11489
f 6524//11490 5904//11490 6522//11490
f 6470//11491 5139//11491 5138//11491
f 6529//11492 5904//11492 6526//11492
f 6529//11493 5905//11493 5904//11493
f 6479//11494 5929//11494 6475//11494
f 6546//11495 5132//11495 6547//11495
f 6567//11496 6564//11496 5124//11496
f 5929//11497 6479//11497 6481//11497
f 6483//11498 5137//11498 6488//11498
f 6567//11499 6555//11499 6564//11499
f 6464//11500 6547//11500 5132//11500
f 6533//11501 6530//11501 6525//11501
f 6447//11502 6464//11502 5132//11502
f 6537//11503 6534//11503 6532//11503
f 6537//11504 6532//11504 6533//11504
f 5905//11505 6529//11505 6532//11505
f 5905//11506 6532//11506 6534//11506
f 5905//11507 6534//11507 6536//11507
f 6537//11508 6540//11508 6535//11508
f 6567//11509 6557//11509 6555//11509
f 5697//11510 5702//11510 6557//11510
f 5697//11511 6557//11511 6567//11511
f 6483//11512 5138//11512 5137//11512
f 6542//11513 6541//11513 6539//11513
f 6542//11514 5133//11514 6546//11514
f 6542//11515 6546//11515 6543//11515
f 6541//11516 6544//11516 5902//11516
f 6546//11517 5133//11517 5132//11517
f 6543//11518 6545//11518 6544//11518
f 6568//11519 5746//11519 5903//11519
f 6545//11520 6543//11520 6546//11520
f 5746//11521 6568//11521 6467//11521
f 6565//11522 6567//11522 5124//11522
f 5137//11523 6510//11523 6494//11523
f 6489//11524 5926//11524 5929//11524
f 6569//11525 6567//11525 6565//11525
f 6542//11526 6540//11526 5133//11526
f 6539//11527 6540//11527 6542//11527
f 6441//11528 6567//11528 6569//11528
f 6441//11529 5697//11529 6567//11529
f 6549//11530 5132//11530 5130//11530
f 6549//11531 6446//11531 5132//11531
f 6496//11532 5926//11532 6489//11532
f 5688//11533 5697//11533 6441//11533
f 6570//11534 5903//11534 6547//11534
f 6541//11535 6536//11535 6539//11535
f 6568//11536 5903//11536 6570//11536
f 6568//11537 6570//11537 6464//11537
f 6568//11538 6464//11538 6467//11538
f 6510//11539 6495//11539 6494//11539
f 5744//11540 6491//11540 6490//11540
f 6571//11541 5143//11541 5140//11541
f 6571//11542 6565//11542 5143//11542
f 6544//11543 5903//11543 5902//11543
f 6571//11544 6569//11544 6565//11544
f 6545//11545 5903//11545 6544//11545
f 6572//11546 6569//11546 6571//11546
f 6572//11547 6441//11547 6569//11547
f 6446//11548 6490//11548 6492//11548
f 5130//11549 6573//11549 6549//11549
f 6510//11550 5137//11550 5136//11550
f 6549//11551 6490//11551 6446//11551
f 6573//11552 5130//11552 6538//11552
f 5744//11553 6490//11553 6519//11553
f 6572//11554 5674//11554 6441//11554
f 6549//11555 6551//11555 6519//11555
f 6549//11556 6573//11556 6551//11556
f 6570//11557 6547//11557 6464//11557
f 6560//11558 6551//11558 6573//11558
f 6560//11559 6573//11559 6538//11559
f 6572//11560 5665//11560 5674//11560
f 5926//11561 6496//11561 6506//11561
f 6550//11562 6551//11562 6560//11562
f 6448//11563 6571//11563 5140//11563
f 6448//11564 5140//11564 5142//11564
f 5136//11565 6499//11565 6510//11565
f 6453//11566 5791//11566 5926//11566
f 6453//11567 5926//11567 6513//11567
f 5717//11568 5731//11568 6550//11568
f 6445//11569 6571//11569 6448//11569
f 6554//11570 5898//11570 6559//11570
f 6553//11571 6554//11571 6559//11571
f 6445//11572 6572//11572 6571//11572
f 6440//11573 6572//11573 6445//11573
f 6554//11574 6556//11574 5707//11574
f 6554//11575 6552//11575 6556//11575
f 6556//11576 5702//11576 5707//11576
f 6556//11577 6557//11577 5702//11577
f 6440//11578 5665//11578 6572//11578
f 5151//11579 5152//11579 6574//11579
f 6575//11580 5819//11580 6432//11580
f 5145//11581 5151//11581 6574//11581
f 6430//11582 6575//11582 6432//11582
f 6575//11583 6473//11583 5819//11583
f 6574//11584 6473//11584 6575//11584
f 6430//11585 6574//11585 6575//11585
f 5152//11586 5139//11586 6473//11586
f 5144//11587 6574//11587 6430//11587
f 5144//11588 5145//11588 6574//11588
f 5152//11589 6473//11589 6574//11589
f 6432//11590 5819//11590 5516//11590
f 5114//11591 6188//11591 4712//11591
f 154//939 5111//939 32//939
f 5114//939 4547//939 4549//939
f 5114//939 4674//939 4547//939
f 5114//939 4524//939 4674//939
f 5114//939 4489//939 4524//939
f 5114//11592 4714//11592 4489//11592
f 5114//11591 4713//11591 4714//11591
f 14//939 16//939 5111//939
f 5114//11592 4711//11592 4713//11592
f 5114//939 4712//939 4711//939
f 5112//11593 3986//11593 3985//11593
f 191//939 5111//939 154//939
f 209//939 14//939 5111//939
f 5113//939 3985//939 4098//939
f 5113//939 5112//939 3985//939
f 24//939 5111//939 191//939
f 6183//939 6188//939 5114//939
f 208//939 209//939 5111//939
f 3978//939 5113//939 4098//939
f 83//939 5111//939 24//939
f 205//939 208//939 5111//939
f 130//939 5111//939 83//939
f 202//939 205//939 5111//939
f 150//939 5111//939 130//939
f 5110//939 5113//939 3978//939
f 195//939 202//939 5111//939
f 175//939 5111//939 150//939
f 175//939 195//939 5111//939
f 6179//939 6183//939 5114//939
f 3977//11594 5110//11594 3978//11594
f 6174//939 6179//939 5114//939
f 4089//11595 5110//11595 3977//11595
f 6173//939 6174//939 5114//939
f 4121//939 5110//939 4089//939
f 6170//939 6173//939 5114//939
f 4145//939 5110//939 4121//939
f 4145//11592 5111//11592 5110//11592
f 6163//939 6170//939 5114//939
f 4163//939 5111//939 4145//939
f 6156//939 6163//939 5114//939
f 4175//939 5111//939 4163//939
f 6147//939 6156//939 5114//939
f 6139//939 6147//939 5114//939
f 3891//939 5111//939 4175//939
f 6135//939 6139//939 5114//939
f 3890//939 5111//939 3891//939
f 6118//939 6135//939 5114//939
f 5039//939 5111//939 3890//939
f 6108//939 6118//939 5114//939
f 5116//11596 4463//11596 4454//11596
f 5116//939 4452//939 4463//939
f 6096//939 6108//939 5114//939
f 5097//939 5111//939 5039//939
f 5112//939 5116//939 4454//939
f 5112//11597 4454//11597 3986//11597
f 6066//939 6096//939 5114//939
f 5089//939 5111//939 5097//939
f 4985//939 5111//939 5089//939
f 6045//939 6066//939 5114//939
f 5115//939 4458//939 4452//939
f 6189//939 6045//939 5114//939
f 5115//939 4452//939 5116//939
f 5078//939 5111//939 4985//939
f 6167//939 6189//939 5114//939
f 5071//939 5111//939 5078//939
f 5115//939 4373//939 4458//939
f 6153//939 6167//939 5114//939
f 6132//939 6153//939 5114//939
f 5012//939 5111//939 5071//939
f 6117//939 6132//939 5114//939
f 4996//939 5111//939 5012//939
f 6071//939 6117//939 5114//939
f 11//11598 5111//11598 4996//11598
f 5115//939 4469//939 4373//939
f 5115//939 4210//939 4469//939
f 73//939 6071//939 5114//939
f 73//939 5114//939 5111//939
f 5114//939 4208//939 4210//939
f 10//11599 5111//11599 11//11599
f 5114//939 4266//939 4208//939
f 5114//939 4210//939 5115//939
f 64//939 73//939 5111//939
f 177//939 5111//939 10//939
f 45//939 64//939 5111//939
f 5114//939 4290//939 4266//939
f 5114//939 4295//939 4290//939
f 37//939 45//939 5111//939
f 5114//939 4491//939 4295//939
f 5114//939 4567//939 4491//939
f 5114//939 4549//939 4567//939
f 32//939 5111//939 177//939
f 22//939 37//939 5111//939
f 16//939 22//939 5111//939
f 5119//11600 5120//11600 5121//11600