o obj1
v 0.114528 0.070898 0.000849
v 0.11494 0.070621 0.000652
v 0.115202 0.070448 0.00013
v 0.113678 0.071448 0.000233
v 0.113994 0.071243 0.000728
v 0.115077 0.070528 -0.000554
v 0.114328 0.071025 -0.000859
v 0.113719 0.07142 -0.000353
v 0.113937 0.071275 -0.000671
v 0.087155 0.076923 -0.002577
v 0.086935 0.076943 -0.001758
v 0.087447 0.076854 -0.002058
v 0.08858 0.076647 0.001758
v 0.088379 0.076701 0.002531
v 0.089143 0.07658 0.002738
v 0.085209 0.077274 -0.000729
v 0.085698 0.077169 0.000137
v 0.086058 0.077105 -0.00123
v 0.086547 0.077 -0.000363
v 0.085345 0.077242 6.5E-05
v 0.085184 0.077279 0.00068
v 0.085934 0.077128 0.001105
v 0.085774 0.077171 0.001719
v 0.090501 0.07633 -0.000871
v 0.089531 0.076474 -0.000305
v 0.090295 0.076356 -9.8E-05
v 0.088137 0.076706 0.000425
v 0.08877 0.076612 0.001791
v 0.089366 0.076501 -0.000453
v 0.08708 0.07691 -0.001597
v 0.086619 0.076985 0.000137
v 0.088043 0.076722 0.000525
v 0.097349 0.07562 0.000997
v 0.098989 0.075578 0.00327
v 0.100036 0.075491 0.000981
v 0.074724 0.080367 -0.005282
v 0.077747 0.079259 -0.003413
v 0.076184 0.080111 -0.008233
v 0.088735 0.077067 -0.008726
v 0.090425 0.076716 -0.008127
v 0.088972 0.077057 -0.009004
v 0.095348 0.075762 -0.001141
v 0.096564 0.075671 -0.000435
v 0.096839 0.075654 -0.000778
v 0.085119 0.078537 -0.014427
v 0.084475 0.078143 -0.010915
v 0.086203 0.07834 -0.014623
v 0.093688 0.076142 -0.006441
v 0.092778 0.076036 -0.001573
v 0.088401 0.077105 -0.00854
v 0.086859 0.07708 0.004882
v 0.085097 0.077389 0.004045
v 0.08725 0.077197 0.007474
v 0.079535 0.078687 -0.000612
v 0.081564 0.078125 0.000513
v 0.079273 0.078764 -0.000858
v 0.078927 0.078866 -0.000992
v 0.083312 0.077705 0.001419
v 0.083931 0.077596 0.002768
v 0.079725 0.078631 -0.000203
v 0.088531 0.077088 0.008589
v 0.088874 0.077058 0.008862
v 0.091083 0.076716 0.008961
v 0.089083 0.077065 0.00926
v 0.079692 0.07864 0.000314
v 0.101456 0.075656 0.0062
v 0.102601 0.075455 0.002462
v 0.085654 0.077447 -0.00688
v 0.088162 0.077142 0.0085
v 0.093355 0.076608 0.01057
v 0.092243 0.077284 0.014193
v 0.094566 0.07687 0.013282
v 0.073806 0.08053 -0.002043
v 0.088042 0.077164 -0.0085
v 0.087805 0.07721 0.00854
v 0.087345 0.077328 -0.008862
v 0.087677 0.077239 -0.008589
v 0.095511 0.075795 0.00325
v 0.082477 0.079003 -0.013638
v 0.07635 0.079658 -0.000993
v 0.087478 0.077289 0.008726
v 0.096513 0.075675 0.000303
v 0.096699 0.075663 0.000638
v 0.096978 0.075645 0.000873
v 0.079487 0.078701 0.000674
v 0.089157 0.077379 0.011876
v 0.087137 0.077408 -0.009299
v 0.091417 0.076276 -0.003725
v 0.090392 0.077602 0.014611
v 0.096473 0.075677 -6.2E-05
v 0.080295 0.07853 0.003456
v 0.087252 0.07736 0.009004
v 0.089538 0.076608 -0.004791
v 0.083061 0.078248 0.009069
v 0.075477 0.079963 -0.00188
v 0.079195 0.078787 0.000902
v 0.087138 0.077402 0.009355
v 0.078897 0.078875 0.000993
v 0.089103 0.077437 0.012162
v 0.092987 0.075999 0.00048
v 0.075939 0.079797 -0.000776
v 0.087833 0.076908 -0.005018
v 0.088919 0.077514 0.012477
v 0.076476 0.079619 0.000999
v 0.076371 0.079698 0.003141
v 0.075706 0.079872 -0.000485
v 0.088537 0.077621 0.01275
v 0.073714 0.080553 0.000303
v 0.075594 0.079909 -0.000126
v 0.08127 0.078727 -0.009412
v 0.097598 0.07594 0.007747
v 0.099452 0.07601 0.009356
v 0.092526 0.07608 0.002119
v 0.075617 0.079902 0.000251
v 0.086157 0.077204 -0.004639
v 0.086266 0.078335 0.014618
v 0.088073 0.077709 0.012796
v 0.084976 0.078211 0.012164
v 0.087197 0.077747 0.012003
v 0.087424 0.077772 0.012438
v 0.087717 0.077755 0.01268
v 0.09767 0.076321 -0.011163
v 0.097502 0.075962 -0.007882
v 0.100217 0.075878 -0.008515
v 0.075827 0.079833 0.000676
v 0.076203 0.079711 0.000936
v 0.088149 0.078004 0.014745
v 0.078933 0.079629 -0.011329
v 0.101252 0.075694 -0.006648
v 0.080395 0.078932 0.009022
v 0.091986 0.077327 -0.014256
v 0.092092 0.076841 -0.011121
v 0.094084 0.076956 -0.013633
v 0.095643 0.076678 -0.012704
v 0.077938 0.079393 0.006473
v 0.084364 0.077519 -0.003399
v 0.074056 0.080484 0.002823
v 0.09166 0.076231 0.00344
v 0.098778 0.075577 -0.003341
v 0.102082 0.075536 -0.004401
v 0.090095 0.077655 -0.014654
v 0.079609 0.078879 -0.006295
v 0.102647 0.075446 -0.002171
v 0.102785 0.075428 -0.000368
v 0.097147 0.07642 0.011679
v 0.083291 0.078859 0.013892
v 0.074741 0.080362 0.005319
v 0.076482 0.080054 0.00857
v 0.078447 0.079724 0.011
v 0.080682 0.07932 0.012623
v 0.100478 0.075476 -0.000741
v 0.088673 0.077586 -0.012678
v 0.088323 0.077664 -0.012795
v 0.088953 0.077502 -0.012435
v 0.089155 0.07739 -0.012002
v 0.100159 0.075487 -0.000936
v 0.099871 0.075493 -0.000999
v 0.100753 0.075466 -0.000346
v 0.08786 0.078056 -0.01473
v 0.100798 0.075465 0.000127
v 0.083447 0.077682 -0.001792
v 0.083109 0.077741 -0.000345
v 0.087857 0.07774 -0.012751
v 0.10068 0.075469 0.000485
v 0.102759 0.075428 0.001068
v 0.090418 0.076452 0.004438
v 0.087391 0.077773 -0.012408
v 0.100436 0.075478 0.000776
v 0.088605 0.076772 0.004986
v 0.097238 0.075628 -0.000981
v 0.0872 0.077744 -0.011966
v 0.089093 0.077065 -0.009345
v 0.074982 0.07958 0.008275
v 0.075842 0.0799 0.008933
v 0.074741 0.080017 0.007273
v 0.07708 0.079575 0.01064
v 0.077084 0.079838 0.010116
v 0.07646 0.079363 0.010263
v 0.078298 0.079527 0.011555
v 0.080092 0.079054 0.013155
v 0.077833 0.079181 0.01166
v 0.082426 0.078793 0.014185
v 0.082669 0.078467 0.014549
v 0.086387 0.077586 0.01558
v 0.087501 0.077867 0.015368
v 0.08494 0.078191 0.015159
v 0.089108 0.077501 0.015435
v 0.089949 0.077614 0.015021
v 0.089466 0.077055 0.015615
v 0.091227 0.077054 0.015222
v 0.091248 0.076624 0.015387
v 0.093432 0.076681 0.014577
v 0.095973 0.076269 0.013324
v 0.093926 0.076244 0.014543
v 0.099547 0.075634 0.010316
v 0.099203 0.075305 0.010946
v 0.100567 0.075434 0.009058
v 0.100513 0.075067 0.009361
v 0.101527 0.074987 0.007784
v 0.101176 0.075529 0.007791
v 0.101907 0.075404 0.006367
v 0.10228 0.074868 0.006243
v 0.102504 0.075241 0.00499
v 0.102873 0.074722 0.004653
v 0.102897 0.075169 0.003631
v 0.103319 0.07469 0.002739
v 0.103241 0.075085 0.001899
v 0.103522 0.074605 0.00114
v 0.103471 0.07488 -4.7E-05
v 0.103125 0.075262 0.001137
v 0.103219 0.075203 -0.000446
v 0.073242 0.080469 0.001372
v 0.073363 0.080532 -0.000332
v 0.072921 0.080305 0.000299
v 0.072642 0.079918 0.000489
v 0.07291 0.080181 0.001726
v 0.073677 0.080502 0.002736
v 0.072995 0.079944 0.003139
v 0.073269 0.080122 0.003787
v 0.074289 0.080392 0.005043
v 0.073384 0.079771 0.004813
v 0.075756 0.080154 0.007994
v 0.074074 0.080258 0.005416
v 0.07495 0.080196 0.007057
v 0.080284 0.07929 0.012841
v 0.085792 0.078331 0.014948
v 0.098193 0.075793 0.011767
v 0.096942 0.076382 0.012245
v 0.098562 0.076017 0.01106
v 0.100102 0.075829 0.009102
v 0.103563 0.074501 -0.00065
v 0.073923 0.079901 0.006027
v 0.082842 0.078875 0.01404
v 0.084321 0.077883 0.01523
v 0.093154 0.077017 0.014329
v 0.09524 0.076692 0.013292
v 0.102086 0.075504 0.005223
v 0.102639 0.0754 0.003427
v 0.079447 0.078716 0.013023
v 0.081634 0.078369 0.014252
v 0.087942 0.077299 0.015682
v 0.095489 0.07594 0.01379
v 0.09696 0.075705 0.012872
v 0.073558 0.080345 0.003774
v 0.101873 0.07485 -0.007171
v 0.100625 0.075445 -0.008946
v 0.101714 0.075229 -0.007182
v 0.100783 0.075031 -0.00898
v 0.099799 0.075248 -0.010263
v 0.099828 0.075705 -0.009867
v 0.098355 0.075908 -0.01148
v 0.098691 0.0761 -0.010646
v 0.094794 0.076625 -0.013807
v 0.096323 0.076188 -0.013135
v 0.093677 0.076521 -0.014545
v 0.092323 0.077123 -0.014665
v 0.092448 0.076582 -0.015053
v 0.090628 0.077208 -0.015293
v 0.090143 0.076906 -0.015555
v 0.088536 0.077717 -0.01533
v 0.088293 0.077338 -0.015661
v 0.08632 0.077977 -0.015365
v 0.086258 0.078228 -0.01505
v 0.081137 0.078589 -0.013966
v 0.084219 0.078063 -0.015148
v 0.082509 0.078148 -0.014645
v 0.081502 0.078984 -0.013714
v 0.083293 0.078533 -0.014642
v 0.079315 0.078909 -0.012858
v 0.078072 0.079281 -0.011744
v 0.078796 0.079435 -0.012021
v 0.076829 0.07964 -0.010316
v 0.077039 0.079213 -0.010946
v 0.075802 0.0798 -0.009059
v 0.075727 0.079437 -0.009362
v 0.074875 0.079667 -0.008022
v 0.075034 0.080126 -0.007447
v 0.074322 0.079765 -0.006996
v 0.073992 0.079964 -0.006025
v 0.073995 0.08026 -0.005267
v 0.073461 0.079938 -0.004816
v 0.073522 0.080349 -0.003632
v 0.073104 0.07997 -0.003559
v 0.073311 0.080438 -0.002206
v 0.072857 0.080031 -0.002158
v 0.073107 0.080408 -0.001059
v 0.072819 0.080165 -0.000844
v 0.103414 0.074803 -0.001726
v 0.103119 0.07521 -0.001922
v 0.102656 0.075395 -0.003353
v 0.103253 0.074609 -0.003138
v 0.103056 0.07487 -0.003788
v 0.102187 0.075473 -0.005054
v 0.102808 0.074662 -0.004876
v 0.102365 0.075199 -0.005592
v 0.096489 0.076476 -0.012526
v 0.089614 0.077704 -0.01498
v 0.077023 0.07985 -0.010066
v 0.076548 0.080009 -0.009157
v 0.101485 0.075515 -0.007091
v 0.098671 0.075354 -0.011459
v 0.096841 0.075688 -0.012973
v 0.083898 0.07866 -0.014482
v 0.079242 0.079514 -0.011984
v 0.074641 0.080348 -0.005855
v 0.073842 0.080477 -0.003427
v 0.080627 0.079312 -0.012755
v 0.094596 0.076084 -0.014252
v 0.086297 0.077571 -0.015587
v 0.102861 0.075178 -0.003775
v 0.061549 0.080575 -0.013159
v 0.061244 0.080833 -0.011818
v 0.062343 0.080632 -0.014153
v 0.060822 0.08041 -0.012143
v 0.060062 0.081066 -0.008311
v 0.059883 0.080819 -0.009089
v 0.059529 0.081108 -0.006651
v 0.059292 0.080821 -0.007286
v 0.059276 0.081143 -0.005483
v 0.058834 0.080898 -0.00507
v 0.059711 0.080433 -0.009433
v 0.059051 0.081198 -0.003854
v 0.058559 0.080942 -0.003047
v 0.059116 0.080583 -0.007255
v 0.058843 0.081208 -0.002165
v 0.058402 0.08095 -0.000981
v 0.05853 0.080626 -0.004414
v 0.061845 0.080207 -0.014294
v 0.062865 0.0803 -0.015643
v 0.058257 0.080699 0.001726
v 0.05824 0.080614 -0.001625
v 0.058779 0.081241 0.001298
v 0.059132 0.081311 -0.000579
v 0.062606 0.079938 -0.015716
v 0.065096 0.08061 -0.015948
v 0.065961 0.080463 -0.016009
v 0.064994 0.080313 -0.016431
v 0.065983 0.079899 -0.016362
v 0.063536 0.080519 -0.015722
v 0.063535 0.080285 -0.016151
v 0.063255 0.079806 -0.016278
v 0.064214 0.080175 -0.016481
v 0.063753 0.079739 -0.016526
v 0.06917 0.081267 -0.006393
v 0.070166 0.080923 -0.008332
v 0.069771 0.081232 -0.008321
v 0.070956 0.080937 -0.01017
v 0.068975 0.0814 -0.006947
v 0.070715 0.0811 -0.010973
v 0.068579 0.080703 0.000107
v 0.068311 0.081291 0.000124
v 0.068528 0.081057 0.001436
v 0.068652 0.081178 -0.003358
v 0.068801 0.08073 -0.002911
v 0.069099 0.081019 -0.005051
v 0.069105 0.080568 -0.004493
v 0.068457 0.0814 -0.003837
v 0.069547 0.080951 -0.006575
v 0.067932 0.081568 -0.00309
v 0.0713 0.080292 -0.010067
v 0.069513 0.080516 -0.005997
v 0.070335 0.080483 -0.008204
v 0.069882 0.080885 0.007476
v 0.068833 0.08128 0.004876
v 0.069454 0.081201 0.007074
v 0.068344 0.081383 0.002501
v 0.068713 0.081033 0.00308
v 0.068013 0.081555 0.002967
v 0.069718 0.081276 0.008693
v 0.070163 0.08113 0.008963
v 0.068771 0.080662 0.002706
v 0.070476 0.080362 0.008474
v 0.069758 0.080459 0.006753
v 0.070513 0.08081 0.008925
v 0.069477 0.080804 0.006086
v 0.070842 0.081059 0.010632
v 0.06896 0.081407 0.006959
v 0.069153 0.080703 0.004739
v 0.071294 0.080277 0.01006
v 0.071172 0.080799 0.01038
v 0.068655 0.081202 0.011433
v 0.068123 0.080989 0.013888
v 0.070549 0.081068 0.011888
v 0.06587 0.081663 0.001183
v 0.066333 0.081526 0.006746
v 0.062 0.081506 0.004421
v 0.063846 0.081254 0.010254
v 0.065736 0.080721 0.015584
v 0.061068 0.080872 0.011375
v 0.063721 0.080518 0.015886
v 0.061961 0.081545 0.000501
v 0.06196 0.081546 -0.000501
v 0.05921 0.08118 0.004864
v 0.064316 0.08164 0.00025
v 0.06477 0.081648 -0.000249
v 0.06318 0.081607 0
v 0.06382 0.081627 0.000738
v 0.064776 0.081646 0.000249
v 0.062784 0.081591 0.000502
v 0.063653 0.081618 0.00135
v 0.059591 0.081102 0.006855
v 0.060164 0.081003 0.008957
v 0.058693 0.08062 0.005344
v 0.058827 0.080923 0.004897
v 0.059217 0.080884 0.006776
v 0.059418 0.080494 0.008465
v 0.059774 0.080776 0.008895
v 0.060285 0.080345 0.011009
v 0.060495 0.080664 0.01095
v 0.061136 0.080207 0.012981
v 0.061179 0.080638 0.012381
v 0.062038 0.080539 0.014043
v 0.062478 0.080005 0.015512
v 0.062937 0.08031 0.015732
v 0.069545 0.080566 -0.013615
v 0.070532 0.080909 -0.012484
v 0.070693 0.080542 -0.012764
v 0.068057 0.080106 -0.014862
v 0.067968 0.080436 -0.01479
v 0.068558 0.080819 -0.014019
v 0.066906 0.080859 -0.014824
v 0.068472 0.081012 -0.013595
v 0.07026 0.081075 -0.012119
v 0.070592 0.080184 -0.013008
v 0.071452 0.080253 -0.010728
v 0.071152 0.080852 -0.011158
v 0.071206 0.080049 -0.012159
v 0.071121 0.080575 -0.012053
v 0.071425 0.080221 -0.011466
v 0.063646 0.081622 -0.001351
v 0.065929 0.081594 -0.005162
v 0.062088 0.081497 -0.004565
v 0.062783 0.08159 -0.0005
v 0.064316 0.08164 -0.00025
v 0.06382 0.081627 -0.000738
v 0.062726 0.081297 -0.008795
v 0.066565 0.081248 -0.011178
v 0.064145 0.080909 -0.013516
v 0.071233 0.080732 0.011458
v 0.071116 0.080279 0.012324
v 0.07141 0.08011 0.011562
v 0.070484 0.080897 0.01256
v 0.070527 0.080613 0.012851
v 0.070576 0.080186 0.013019
v 0.071446 0.080134 0.01068
v 0.069015 0.080426 0.014078
v 0.068492 0.080779 0.014139
v 0.068989 0.080112 0.014188
v 0.066102 0.079939 0.016291
v 0.065222 0.080399 0.016344
v 0.062887 0.079755 0.016046
v 0.065561 0.079777 0.016537
v 0.064639 0.079869 0.016685
v 0.063763 0.079963 0.01649
v 0.109698 0.072472 0.0159
v 0.10852 0.07348 0.014526
v 0.107882 0.073427 0.014532
v 0.109972 0.072615 0.015705
v 0.106835 0.073425 0.01401
v 0.105715 0.074432 0.012762
v 0.105763 0.073968 0.013137
v 0.108542 0.073651 0.01404
v 0.107349 0.074223 0.013175
v 0.107142 0.074035 0.013646
v 0.106229 0.074677 0.012337
v 0.109807 0.072922 0.015069
v 0.111503 0.071141 0.017394
v 0.109642 0.071964 0.016249
v 0.110976 0.070831 0.017398
v 0.111011 0.072134 0.015961
v 0.108564 0.072748 0.015302
v 0.112019 0.071308 0.016952
v 0.105308 0.074754 0.011513
v 0.104796 0.074356 0.011284
v 0.104903 0.074262 0.011874
v 0.105445 0.074813 0.010418
v 0.105104 0.074575 0.010271
v 0.104865 0.074233 0.010219
v 0.1053 0.074105 0.01267
v 0.105797 0.074869 0.01128
v 0.107164 0.074193 0.00587
v 0.10676 0.074484 0.007867
v 0.107775 0.07425 0.00535
v 0.107686 0.074333 0.006809
v 0.105526 0.074004 0.008908
v 0.106308 0.074247 0.007763
v 0.106694 0.073828 0.006094
v 0.107503 0.073555 0.00192
v 0.107728 0.073871 0.002158
v 0.107608 0.073569 0.000234
v 0.108542 0.074106 -0.00322
v 0.1086 0.074106 0.00272
v 0.109189 0.073877 -6.8E-05
v 0.108011 0.073972 -0.000903
v 0.108056 0.074079 0.002496
v 0.107235 0.073708 0.004002
v 0.108319 0.074107 -0.002105
v 0.10772 0.074288 -0.005738
v 0.107666 0.07413 -0.004332
v 0.107389 0.073897 -0.004112
v 0.107819 0.073956 -0.002257
v 0.105724 0.074058 -0.008542
v 0.10622 0.074445 -0.00837
v 0.104952 0.074187 -0.009998
v 0.105261 0.074679 -0.010208
v 0.10752 0.073565 -0.001908
v 0.106725 0.074571 -0.008407
v 0.105436 0.074861 -0.010885
v 0.107151 0.073596 -0.004192
v 0.108868 0.073992 -0.002796
v 0.105797 0.07487 -0.011098
v 0.107681 0.074326 -0.007089
v 0.106503 0.073832 -0.006613
v 0.106949 0.074258 -0.006571
v 0.110227 0.072943 -0.012715
v 0.112499 0.071688 -0.012227
v 0.109791 0.072949 -0.015021
v 0.112594 0.072061 -0.003953
v 0.115241 0.070404 -0.002869
v 0.11473 0.070538 -0.007834
v 0.108104 0.074039 -0.010528
v 0.110054 0.073243 -0.007815
v 0.11954 0.067025 0.000432
v 0.120909 0.065678 0.001333
v 0.120873 0.065717 -0.001298
v 0.108099 0.073883 -0.013665
v 0.120659 0.065836 -0.004199
v 0.111193 0.072875 -0.002204
v 0.11478 0.069986 -0.01379
v 0.117231 0.068166 -0.01283
v 0.115458 0.069251 -0.014856
v 0.119156 0.067306 -0.003582
v 0.106305 0.074664 -0.012259
v 0.117403 0.068847 -0.000291
v 0.11429 0.069977 -0.01585
v 0.116973 0.068785 -0.009357
v 0.120601 0.065795 -0.005361
v 0.119947 0.066218 -0.008542
v 0.117562 0.068621 -0.004536
v 0.115942 0.069923 -0.000221
v 0.115543 0.070202 -0.001141
v 0.119273 0.066733 -0.010272
v 0.111765 0.071645 -0.016198
v 0.11478 0.070718 -0.001616
v 0.113156 0.070513 -0.017061
v 0.11218 0.071116 -0.017184
v 0.113996 0.071238 -0.001583
v 0.11291 0.07191 7E-06
v 0.113045 0.071831 -0.000665
v 0.113401 0.071615 -0.001203
v 0.112326 0.072236 0.003374
v 0.111316 0.070516 0.017581
v 0.112291 0.070873 0.017379
v 0.112482 0.070273 0.017666
v 0.113815 0.069939 0.016892
v 0.113278 0.070426 0.017087
v 0.113674 0.069649 0.017176
v 0.113497 0.069469 0.017312
v 0.112165 0.070068 0.017713
v 0.108769 0.072687 -0.015436
v 0.106971 0.07348 -0.014076
v 0.107873 0.073615 -0.014338
v 0.107961 0.073816 -0.014
v 0.109694 0.07249 -0.015883
v 0.110918 0.071187 -0.017246
v 0.111422 0.071467 -0.017068
v 0.11041 0.072396 -0.015943
v 0.109543 0.071871 -0.016224
v 0.106016 0.074509 -0.012767
v 0.105652 0.073954 -0.013059
v 0.111802 0.070656 -0.01763
v 0.111279 0.070529 -0.017573
v 0.112994 0.070146 -0.017504
v 0.112738 0.069805 -0.017654
v 0.113751 0.069808 -0.01708
v 0.109957 0.073212 0.009932
v 0.111049 0.072931 0.003203
v 0.108002 0.074018 0.01228
v 0.113784 0.071374 0.001487
v 0.11418 0.071052 0.0048
v 0.114374 0.070987 0.001659
v 0.118962 0.067371 0.005689
v 0.120103 0.066126 0.007844
v 0.120671 0.065794 0.004504
v 0.113276 0.071694 0.001058
v 0.113013 0.071849 0.000568
v 0.116439 0.069538 0.003558
v 0.117728 0.068161 0.009569
v 0.112359 0.071871 0.010695
v 0.115041 0.070118 0.01101
v 0.113058 0.071052 0.014779
v 0.114714 0.06971 0.015553
v 0.115451 0.06927 0.014843
v 0.110793 0.072564 0.01365
v 0.116648 0.068574 0.01335
v 0.118068 0.067549 0.011984
v 0.119425 0.066568 0.010262
v 0.115719 0.070079 0.000867
v 0.115172 0.070457 0.001455
v 0.119679 0.065854 0.010201
v 0.119534 0.066361 0.010325
v 0.119096 0.06633 0.011245
v 0.115777 0.068577 0.014914
v 0.115779 0.068905 0.014743
v 0.118095 0.067131 0.012356
v 0.117948 0.067478 -0.012356
v 0.1162 0.068247 -0.014462
v 0.115973 0.068804 -0.014504
v 0.115193 0.069074 -0.015489
v 0.11903 0.066291 -0.011328
v 0.117718 0.067277 -0.01279
v 0.119428 0.066355 -0.0106
v 0.11966 0.065874 -0.010244
v 0.120251 0.06569 -0.007959
v 0.121089 0.065156 0.001271
v 0.121072 0.065281 -0.001454
v 0.120884 0.065368 -0.003989
v 0.120565 0.065336 -0.006345
v 0.120446 0.065737 0.006728
v 0.120755 0.06553 0.00484
v 0.120305 0.065613 0.007731
v 0.120997 0.065428 0.002129
v 0.120879 0.065257 0.004185
v 0.10548 0.074632 -0.012196
v 0.105033 0.074513 -0.011686
v 0.105152 0.074151 -0.012444
v 0.104787 0.074119 -0.011598
v 0.104765 0.074216 -0.010677
v 0.104977 0.074555 -0.010662
v 0.08944 0.076319 -0.028249
v 0.095045 0.075464 -0.026833
v 0.092453 0.075196 -0.029302
v 0.092515 0.076977 -0.023328
v 0.098339 0.075424 -0.023724
v 0.093754 0.076213 -0.025417
v 0.098384 0.075858 -0.021737
v 0.084277 0.078682 -0.021998
v 0.087752 0.077826 -0.0238
v 0.083365 0.07824 -0.02516
v 0.088522 0.078081 -0.020726
v 0.089961 0.077696 -0.02199
v 0.094673 0.07698 -0.019729
v 0.096868 0.076592 -0.018765
v 0.095997 0.076611 -0.020642
v 0.08844 0.075978 -0.029611
v 0.08628 0.078469 -0.020557
v 0.075022 0.079004 -0.024746
v 0.077838 0.077998 -0.027645
v 0.074187 0.078582 -0.026105
v 0.080236 0.078482 -0.025629
v 0.086463 0.076416 -0.029458
v 0.079582 0.079236 -0.02232
v 0.083626 0.078941 -0.020195
v 0.101107 0.074263 -0.02461
v 0.103804 0.073537 -0.023618
v 0.103231 0.073182 -0.025233
v 0.072793 0.078858 -0.025209
v 0.088834 0.077269 -0.025491
v 0.100023 0.073948 -0.026614
v 0.072119 0.079102 -0.024328
v 0.10246 0.074689 -0.021388
v 0.084894 0.077235 -0.027928
v 0.092825 0.077308 -0.020262
v 0.080718 0.079451 -0.019426
v 0.089753 0.077299 -0.024567
v 0.087718 0.077188 -0.026543
v 0.101686 0.075221 -0.019933
v 0.075864 0.079528 -0.022344
v 0.072951 0.07963 -0.022323
v 0.083727 0.076875 -0.029291
v 0.090943 0.077633 -0.020495
v 0.100809 0.075653 -0.018926
v 0.088427 0.077563 -0.024495
v 0.087047 0.077503 -0.025838
v 0.097251 0.07428 -0.028114
v 0.074842 0.080006 -0.019912
v 0.080727 0.077434 -0.028657
v 0.088401 0.077818 -0.023151
v 0.094428 0.074829 -0.028892
v 0.076114 0.0801 -0.018276
v 0.077273 0.080013 -0.017746
v 0.099392 0.076126 -0.017812
v 0.076974 0.079851 -0.017303
v 0.075693 0.079889 -0.017806
v 0.076794 0.079576 -0.017067
v 0.075954 0.079313 -0.017226
v 0.075257 0.079337 -0.01779
v 0.078028 0.079459 -0.017147
v 0.07801 0.079088 -0.016994
v 0.076957 0.079182 -0.016914
v 0.077964 0.079794 -0.017487
v 0.073701 0.079306 -0.019841
v 0.072625 0.079433 -0.021626
v 0.071728 0.078914 -0.022371
v 0.074071 0.079648 -0.019676
v 0.074263 0.079861 -0.019898
v 0.07353 0.07977 -0.021043
v 0.072206 0.079423 -0.022625
v 0.07232 0.078595 -0.025371
v 0.071572 0.078574 -0.024401
v 0.072037 0.078172 -0.025342
v 0.073511 0.078077 -0.026303
v 0.071804 0.079168 -0.023544
v 0.071459 0.078794 -0.023339
v 0.098793 0.073755 -0.027742
v 0.100451 0.073658 -0.026814
v 0.100824 0.073289 -0.026877
v 0.097477 0.073662 -0.02839
v 0.103235 0.072557 -0.025603
v 0.101824 0.072763 -0.026448
v 0.095987 0.07422 -0.028753
v 0.094816 0.074125 -0.029197
v 0.093643 0.074624 -0.029359
v 0.092496 0.074583 -0.029667
v 0.089856 0.07487 -0.030001
v 0.089615 0.075521 -0.029808
v 0.088754 0.075448 -0.029983
v 0.086897 0.075933 -0.029923
v 0.08733 0.075345 -0.030065
v 0.084055 0.076139 -0.029802
v 0.083496 0.076514 -0.029631
v 0.082392 0.076939 -0.029274
v 0.081068 0.076983 -0.029137
v 0.079466 0.077005 -0.02883
v 0.079062 0.077505 -0.028456
v 0.077561 0.077754 -0.027945
v 0.0767 0.077424 -0.027872
v 0.076028 0.077896 -0.027416
v 0.074236 0.078292 -0.026473
v 0.075905 0.078188 -0.027105
v 0.081946 0.076439 -0.029467
v 0.099801 0.073138 -0.027466
v 0.098428 0.076167 -0.017438
v 0.096481 0.076305 -0.018189
v 0.098226 0.075621 -0.017021
v 0.094764 0.076605 -0.018885
v 0.094756 0.076875 -0.019297
v 0.097014 0.076481 -0.01835
v 0.082475 0.078461 -0.01899
v 0.083104 0.078825 -0.019491
v 0.082066 0.078852 -0.019026
v 0.082128 0.079138 -0.019482
v 0.084511 0.078432 -0.019675
v 0.080107 0.078762 -0.018067
v 0.080072 0.079196 -0.018248
v 0.086296 0.077978 -0.019846
v 0.086639 0.07819 -0.020102
v 0.084733 0.07867 -0.020102
v 0.088361 0.077652 -0.019966
v 0.088509 0.077876 -0.020189
v 0.084466 0.078022 -0.019482
v 0.092692 0.077235 -0.019872
v 0.087184 0.077518 -0.019798
v 0.090167 0.077686 -0.020293
v 0.090222 0.077417 -0.019928
v 0.08995 0.077025 -0.019748
v 0.091876 0.077077 -0.019643
v 0.092907 0.076622 -0.019257
v 0.093437 0.076906 -0.019383
v 0.094565 0.076239 -0.018733
v 0.096395 0.075891 -0.017962
v 0.099368 0.075943 -0.017299
v 0.099129 0.075415 -0.016909
v 0.099826 0.075237 -0.017055
v 0.100403 0.075769 -0.017928
v 0.099994 0.075651 -0.017333
v 0.100895 0.075328 -0.017945
v 0.100547 0.075114 -0.017437
v 0.101011 0.074873 -0.017898
v 0.103851 0.073655 -0.02258
v 0.104036 0.073168 -0.023994
v 0.104028 0.073142 -0.022305
v 0.104256 0.072832 -0.023168
v 0.103847 0.072587 -0.024892
v 0.104173 0.072642 -0.024091
v 0.102083 0.074854 -0.019776
v 0.101984 0.074705 -0.0194
v 0.103074 0.073673 -0.020866
v 0.088165 0.078005 0.02216
v 0.087344 0.077947 0.023423
v 0.089084 0.07763 0.023422
v 0.084147 0.077912 0.02606
v 0.080569 0.07826 0.02628
v 0.082542 0.077152 0.028974
v 0.101402 0.075365 0.019704
v 0.096217 0.076476 0.021381
v 0.100233 0.075154 0.022489
v 0.081944 0.079238 0.019752
v 0.077688 0.079955 0.017729
v 0.079007 0.079629 0.019864
v 0.102735 0.074528 0.021616
v 0.100404 0.075835 0.018287
v 0.091698 0.077031 0.02393
v 0.089758 0.077368 0.024122
v 0.085067 0.076675 0.029369
v 0.098802 0.076248 0.017875
v 0.096348 0.076686 0.019128
v 0.079468 0.079203 0.022628
v 0.072306 0.079165 0.024199
v 0.07269 0.078825 0.025265
v 0.074153 0.078593 0.026081
v 0.100513 0.07373 0.026662
v 0.095444 0.07476 0.028464
v 0.096134 0.074531 0.028409
v 0.087948 0.076675 0.02806
v 0.087851 0.076115 0.029592
v 0.088963 0.076921 0.026611
v 0.092524 0.075791 0.027766
v 0.092971 0.076395 0.025457
v 0.097129 0.075697 0.024007
v 0.09949 0.074528 0.025516
v 0.084124 0.078625 0.02259
v 0.073645 0.079789 0.02148
v 0.072362 0.079494 0.022809
v 0.076517 0.079172 0.023912
v 0.092595 0.077354 0.020266
v 0.089567 0.07789 0.020746
v 0.076344 0.078258 0.027055
v 0.089202 0.075874 0.029512
v 0.074885 0.080006 0.019882
v 0.102003 0.073407 0.025945
v 0.087221 0.077244 0.026609
v 0.086556 0.077552 0.025895
v 0.10367 0.073743 0.023193
v 0.103484 0.073231 0.024842
v 0.085087 0.078689 0.020529
v 0.090584 0.075565 0.029509
v 0.087465 0.077609 0.02501
v 0.086625 0.077942 0.024126
v 0.077775 0.077914 0.027813
v 0.078812 0.077787 0.028061
v 0.088129 0.077319 0.025717
v 0.076 0.080102 0.018242
v 0.081188 0.077291 0.028862
v 0.088854 0.077353 0.025004
v 0.089687 0.076973 0.025894
v 0.088187 0.077632 0.024299
v 0.071072 0.076488 0.022978
v 0.071063 0.076693 0.023593
v 0.071507 0.078753 0.02291
v 0.071418 0.078411 0.02397
v 0.071629 0.078498 0.02461
v 0.071774 0.076718 0.025341
v 0.072311 0.078299 0.025552
v 0.070967 0.075144 0.022503
v 0.071882 0.078824 0.022075
v 0.074094 0.079483 0.019435
v 0.075321 0.079808 0.018138
v 0.075375 0.079451 0.017689
v 0.074352 0.079869 0.019745
v 0.073073 0.079398 0.020845
v 0.071956 0.079189 0.02236
v 0.073278 0.079701 0.021205
v 0.078201 0.079558 0.017313
v 0.077016 0.07989 0.01735
v 0.077602 0.079238 0.016937
v 0.076312 0.0798 0.017364
v 0.076008 0.079384 0.017232
v 0.076735 0.079319 0.016963
v 0.078178 0.079062 0.017066
v 0.081056 0.079291 0.019049
v 0.081286 0.079067 0.018835
v 0.079994 0.078879 0.018027
v 0.08387 0.078268 0.019371
v 0.082632 0.078484 0.01904
v 0.082814 0.078931 0.019485
v 0.08149 0.07864 0.018655
v 0.096204 0.076583 0.018648
v 0.096768 0.07603 0.017852
v 0.095382 0.076502 0.018657
v 0.08602 0.077658 0.019705
v 0.08576 0.078073 0.019784
v 0.0877 0.077802 0.019988
v 0.086879 0.078277 0.020335
v 0.085108 0.078531 0.020006
v 0.098196 0.075537 0.017013
v 0.09811 0.076003 0.017313
v 0.098764 0.076144 0.017434
v 0.097052 0.076528 0.018509
v 0.095481 0.076034 0.018359
v 0.093034 0.076991 0.019495
v 0.09279 0.076502 0.019262
v 0.090137 0.077624 0.020146
v 0.090492 0.077062 0.019702
v 0.088956 0.077302 0.01983
v 0.084259 0.078572 0.019725
v 0.100809 0.075486 0.017983
v 0.09995 0.075889 0.017651
v 0.100008 0.075598 0.01729
v 0.100253 0.075073 0.017228
v 0.10105 0.074846 0.017942
v 0.099038 0.075532 0.016915
v 0.071685 0.079079 0.02354
v 0.072923 0.078455 0.025791
v 0.071922 0.078824 0.024671
v 0.102986 0.072847 0.025709
v 0.103779 0.072636 0.02501
v 0.103314 0.072425 0.025532
v 0.104166 0.072517 0.024089
v 0.104033 0.072923 0.024318
v 0.104115 0.073254 0.023399
v 0.103962 0.073491 0.022589
v 0.104239 0.072726 0.023159
v 0.104018 0.073036 0.022292
v 0.102637 0.074596 0.020947
v 0.102634 0.074459 0.020507
v 0.101757 0.075076 0.019391
v 0.102943 0.073929 0.0207
v 0.101957 0.074512 0.019255
v 0.099932 0.073593 0.027213
v 0.097861 0.074044 0.028024
v 0.101783 0.073022 0.026423
v 0.074395 0.07821 0.026605
v 0.075948 0.077996 0.02733
v 0.074351 0.077895 0.026765
v 0.084888 0.07607 0.02988
v 0.085578 0.076378 0.029692
v 0.082058 0.0766 0.029452
v 0.082475 0.076899 0.029309
v 0.078498 0.077447 0.02839
v 0.088802 0.075332 0.030013
v 0.088566 0.075684 0.029875
v 0.086463 0.075858 0.029979
v 0.080637 0.077147 0.028971
v 0.079389 0.076987 0.028809
v 0.093188 0.07448 0.029536
v 0.093011 0.074944 0.029351
v 0.090355 0.075145 0.029891
v 0.095818 0.074103 0.028885
v 0.077015 0.077463 0.027959
v 0.099863 0.073231 0.027425
v 0.097594 0.073644 0.028341
vn 0.5606 0.8281 0.0063
vn 0.5427 0.8399 0.0007
vn 0.5539 0.8326 -0.0028
vn 0.5537 0.8327 -0.0029
vn 0.5437 0.8393 -0.0011
vn 0.5383 0.8427 -0.0003
vn 0.5489 0.8358 -0.0062
vn 0.1852 0.9824 0.0254
vn 0.1639 0.9861 -0.0264
vn 0.1988 0.98 0.0064
vn 0.199 0.98 0.0064
vn 0.2003 0.9797 -0.0061
vn 0.205 0.9786 -0.0149
vn 0.1503 0.9886 0.0069
vn 0.1603 0.987 -0.0065
vn 0.1801 0.9836 0.0051
vn 0.0479 0.9987 -0.0158
vn 0.3054 0.9497 0.0688
vn 0.1662 0.9804 0.1056
vn 0.0706 0.9975 0.0058
vn 0.2015 0.9686 0.1455
vn 0.0995 0.9942 0.0403
vn 0.168 0.9806 0.1008
vn 0.2066 0.9755 -0.0753
vn 0.245 0.9686 0.0415
vn 0.2728 0.9618 0.0233
vn 0.2516 0.9671 -0.0374
vn 0.2616 0.9651 0.01
vn 0.1566 0.9835 -0.0903
vn 0.252 0.967 0.0368
vn 0.1568 0.9827 -0.0988
vn 0.2652 0.9642 0
vn 0.0236 0.9986 -0.0464
vn 0.1719 0.9817 0.0824
vn 0.1555 0.9844 -0.0819
vn 0.1663 0.9815 -0.0947
vn 0.1173 0.9821 -0.1472
vn 0.32 0.9464 0.0431
vn 0.1691 0.9826 0.0774
vn 0.1764 0.9788 -0.1038
vn 0.1825 0.9784 0.0968
vn 0.0626 0.9977 -0.0264
vn 0.2147 0.9655 0.1476
vn 0.1788 0.9795 0.0923
vn 0.2938 0.9558 0.0122
vn 0.177 0.9787 -0.1041
vn 0.0858 0.9962 -0.0114
vn 0.0762 0.997 -0.0158
vn 0.2662 0.9639 -0.0104
vn 0.153 0.9807 -0.1222
vn 0.1796 0.9792 0.0943
vn 0.1087 0.9932 0.0419
vn 0.1429 0.9803 -0.1363
vn 0.0723 0.9974 0.0031
vn 0.1389 0.988 0.0675
vn 0.0731 0.9972 -0.0178
vn 0.2435 0.9695 -0.0283
vn 0.0786 0.9969 -0.0037
vn 0.18 0.9781 -0.1046
vn 0.1356 0.9884 0.0682
vn 0.0875 0.9961 -0.0108
vn 0.2656 0.9639 -0.018
vn 0.2138 0.9736 -0.0799
vn 0.3096 0.9506 0.0222
vn 0.129 0.982 -0.1383
vn 0.2696 0.9628 -0.0192
vn 0.0368 0.9937 -0.1061
vn 0.3179 0.9474 0.036
vn 0.2757 0.961 -0.022
vn 0.1368 0.9805 -0.1409
vn 0.2377 0.9695 -0.0591
vn 0.1806 0.9703 -0.1607
vn 0.1051 0.9944 0.0072
vn 0.2086 0.9735 -0.0936
vn 0.3234 0.9462 0.007
vn 0.1634 0.9837 0.0755
vn 0.1562 0.9765 -0.1483
vn 0.2937 0.9557 -0.0211
vn 0.2874 0.9574 -0.0292
vn 0.319 0.9477 0.0091
vn 0.163 0.9747 -0.1529
vn 0.172 0.9816 0.0828
vn 0.2027 0.9732 0.1086
vn 0.321 0.9471 0.0032
vn 0.3289 0.9443 0.0072
vn 0.2367 0.9628 0.1306
vn 0.0384 0.9954 -0.0873
vn 0.0994 0.995 -0.0113
vn 0.047 0.9967 -0.0661
vn 0.9137 0.4034 -0.0486
vn 0.1875 0.9802 0.0643
vn 0.1723 0.9716 -0.1622
vn 0.1688 0.9715 -0.1665
vn 0.1937 0.9723 -0.1309
vn 0.2243 0.9692 0.1016
vn 0.192 0.9676 -0.1642
vn 0.0569 0.9921 0.1115
vn 0.3238 0.9461 0.0058
vn 0.3202 0.9472 -0.0188
vn 0.1749 0.9843 -0.0223
vn 0.3248 0.9456 -0.0192
vn 0.0823 0.9963 -0.0261
vn 0.1913 0.9692 -0.1553
vn 0.2577 0.9566 0.1361
vn 0.0627 0.9962 -0.0612
vn 0.176 0.9714 -0.1593
vn 0.3235 0.9462 -0.0071
vn 0.0477 0.9963 0.0717
vn 0.2392 0.9681 -0.0742
vn 0.2489 0.9664 -0.0645
vn 0.1293 0.9806 0.1476
vn 0.1896 0.9705 -0.1488
vn 0.3255 0.9453 -0.0201
vn 0.2097 0.9706 -0.1181
vn 0.1013 0.9869 0.1257
vn 0.2886 0.9562 -0.0481
vn 0.2118 0.9756 0.0584
vn 0.0887 0.9897 0.1123
vn 0.0894 0.9896 0.1129
vn 0.3236 0.946 -0.0181
vn 0.1105 0.993 -0.0411
vn 0.0311 0.9978 0.0584
vn 0.048 0.9963 0.0709
vn 0.1391 0.9793 0.1471
vn 0.2579 0.9633 -0.0742
vn 0.1031 0.9915 -0.0798
vn 0.237 0.9683 0.0791
vn 0.0315 0.9995 0.0075
vn 0.2834 0.9534 0.1033
vn 0.0234 0.9991 0.0344
vn 0.0618 0.9916 -0.114
vn 0.2084 0.9651 -0.1585
vn 0.3087 0.9494 -0.0582
vn 0.0965 0.9887 0.1146
vn 0.2837 0.9532 0.1047
vn 0.2362 0.9694 0.0675
vn 0.3264 0.9442 -0.0434
vn 0.2337 0.9632 -0.1331
vn 0.3153 0.9457 -0.0794
vn 0.1086 0.9912 -0.0756
vn 0.1033 0.9914 -0.0797
vn 0.2853 0.9529 -0.1025
vn 0.2631 0.9568 -0.1241
vn 0.2349 0.9629 -0.1331
vn 0.2485 0.9608 -0.1233
vn 0.1646 0.9775 0.1323
vn 0.2852 0.9532 -0.1009
vn 0.0817 0.9904 -0.1116
vn 0.0159 0.9995 0.0286
vn 0.1657 0.9742 0.1532
vn 0.1862 0.9689 0.1628
vn 0.0126 0.9995 0.0302
vn 0.1629 0.975 0.1513
vn 0.0186 0.9998 0.0117
vn 0.0194 0.9995 0.0264
vn 0.1735 0.9819 0.0759
vn 0.0185 0.9998 0.001
vn 0.2515 0.9677 0.0194
vn 0.1069 0.9849 0.1363
vn 0.1732 0.9717 0.1604
vn 0.2541 0.9665 0.0367
vn 0.017 0.9998 -0.0051
vn 0.0193 0.9998 0.0007
vn 0.1183 0.9872 0.1069
vn 0.1159 0.9904 -0.0748
vn 0.1724 0.972 0.1595
vn 0.344 0.9335 0.1015
vn 0.0713 0.9954 0.0643
vn 0.1813 0.9717 0.1516
vn 0.023 0.9997 -0.0123
vn 0.1473 0.9852 -0.088
vn 0.1548 0.9847 -0.0801
vn 0.2373 0.9714 -0.0078
vn 0.0238 0.9995 -0.0185
vn 0.1772 0.9816 -0.0712
vn 0.0515 0.9986 0.0121
vn 0.2542 0.9666 0.0321
vn 0.0883 0.987 -0.1347
vn 0.1907 0.9707 0.1462
vn 0.0685 0.9974 0.0232
vn 0.1442 0.9818 0.1235
vn 0.0827 0.9955 0.0456
vn 0.3024 0.9506 0.0699
vn 0.1779 0.9803 0.0861
vn 0.1972 0.9698 0.1436
vn 0.1914 0.9732 0.1272
vn 0.024 0.9994 -0.0268
vn 0.0696 0.9975 0.01
vn 0.0305 0.9994 -0.0158
vn -0.5875 0.6806 0.4378
vn -0.3555 0.8366 0.4167
vn -0.5414 0.662 0.5183
vn -0.1174 0.9457 0.3032
vn -0.2875 0.857 0.4276
vn -0.3724 0.6894 0.6213
vn -0.2527 0.6316 0.733
vn 0.0077 0.5836 0.812
vn 0.163 0.8167 0.5535
vn 0.1893 0.4941 0.8485
vn 0.3173 0.352 0.8806
vn 0.4522 0.452 0.7689
vn 0.7642 0.2975 0.5722
vn 0.7461 0.3554 0.5631
vn 0.8096 0.2984 0.5055
vn 0.7691 0.4931 0.4067
vn 0.7854 0.5042 0.3591
vn 0.804 0.4764 0.3559
vn 0.8153 0.4984 0.2947
vn 0.8593 0.4272 0.2814
vn 0.8893 0.411 0.2004
vn 0.8622 0.4846 0.1479
vn 0.9178 0.3853 0.0961
vn 0.9004 0.4308 0.0609
vn 0.7805 0.6246 0.0263
vn 0.775 0.6315 0.0225
vn -0.112 0.9933 0.0288
vn -0.7998 0.5985 0.0457
vn -0.1345 0.9907 0.0187
vn 0.0427 0.9989 0.0215
vn -0.7648 0.6262 0.1512
vn 0.0388 0.9985 0.0382
vn 0.0459 0.9983 0.0353
vn -0.8658 0.4355 0.2463
vn 0.0261 0.9974 0.0675
vn -0.2748 0.9441 0.1824
vn -0.2215 0.8393 0.4966
vn -0.1442 0.8309 0.5374
vn -0.0058 0.8441 0.5361
vn 0.0409 0.7493 0.661
vn 0.2192 0.7325 0.6446
vn 0.5186 0.6667 0.5353
vn 0.5177 0.6997 0.4923
vn 0.6187 0.5956 0.5123
vn 0.6857 0.4209 0.5939
vn 0.569 0.7307 0.3772
vn 0.6171 0.6826 0.3915
vn 0.6251 0.6963 0.3528
vn 0.8574 0.464 0.2228
vn -0.9186 0.3769 0.1186
vn 0.4121 0.9111 0.0078
vn 0.46 0.8879 -0.0056
vn 0.975 0.2218 0.0094
vn -0.7724 0.5693 0.2817
vn 0.1077 0.9935 0.0363
vn -0.2144 0.9375 0.274
vn -0.0215 0.9868 0.1605
vn -0.5644 0.5392 0.6251
vn -0.0886 0.9462 0.3112
vn 0.0518 0.9726 0.2265
vn -0.04 0.9146 0.4024
vn -0.1621 0.5197 0.8388
vn 0.0046 0.8645 0.5027
vn 0.1089 0.9681 0.2257
vn -0.0962 0.4034 0.91
vn 0.1496 0.9072 0.3931
vn 0.2653 0.7997 0.5386
vn 0.305 0.7165 0.6274
vn 0.3948 0.7267 0.5621
vn 0.3902 0.7341 0.5557
vn 0.4274 0.7755 0.4647
vn 0.3444 0.9199 0.1876
vn 0.3237 0.9317 0.1651
vn 0.4278 0.8919 0.1463
vn 0.4396 0.8859 0.148
vn 0.4403 0.8859 0.1462
vn 0.5874 0.7931 0.1611
vn 0.3052 0.9513 0.0423
vn 0.5783 0.8052 0.1313
vn 0.6009 0.7884 0.1315
vn 0.6251 0.7757 0.0866
vn 0.4219 0.906 0.0351
vn 0.6235 0.7771 0.0857
vn 0.4086 0.9123 0.0289
vn 0.0819 0.9942 0.0691
vn -0.4484 0.8515 0.2717
vn 0.1567 0.9394 0.3048
vn 0.2331 0.9331 0.2739
vn 0.2468 0.9481 0.2003
vn -0.618 0.5866 0.5234
vn 0.3395 0.9245 0.1734
vn 0.2964 0.9516 0.0815
vn -0.402 0.7143 0.5728
vn -0.4366 0.5564 0.707
vn 0.2781 0.9601 0.03
vn 0.0347 0.98 0.1961
vn -0.3908 0.4264 0.8158
vn -0.2735 0.5948 0.7559
vn 0.0909 0.9813 0.1696
vn -0.102 0.707 0.6998
vn -0.2894 0.2564 0.9222
vn 0.1244 0.9735 0.1917
vn 0.037 0.5052 0.8622
vn 0.086 0.5323 0.8422
vn 0.1105 0.4467 0.8878
vn 0.1534 0.9602 0.2335
vn 0.2032 0.3583 0.9112
vn 0.325 0.2978 0.8976
vn 0.251 0.9601 0.123
vn 0.4588 0.4265 0.7794
vn 0.5381 0.3137 0.7823
vn 0.1835 0.9681 0.1705
vn 0.5739 0.4609 0.6769
vn 0.2095 0.9574 0.1989
vn 0.6588 0.1132 0.7438
vn 0.248 0.9475 0.202
vn 0.2657 0.9505 0.1613
vn -0.4557 0.8901 0.0006
vn -0.6133 0.7873 0.0635
vn -0.5711 0.8117 0.1228
vn -0.3738 0.9225 0.0966
vn -0.6032 0.7885 0.1198
vn -0.2617 0.9583 0.115
vn -0.3228 0.9343 0.1511
vn -0.5886 0.7761 0.2262
vn -0.6463 0.7176 0.2595
vn -0.0988 0.9867 0.1288
vn -0.5711 0.7624 0.3042
vn -0.7141 0.5626 0.4167
vn -0.3986 0.8576 0.325
vn -0.2724 0.922 0.2751
vn 0.8205 0.331 -0.466
vn 0.8176 0.3492 -0.4578
vn 0.7437 0.4101 -0.528
vn 0.528 0.756 -0.3869
vn 0.6869 0.4504 -0.5704
vn 0.4642 0.444 -0.7664
vn 0.359 0.6791 -0.6403
vn 0.3314 0.5994 -0.7286
vn 0.2476 0.3789 -0.8917
vn 0.0852 0.6238 -0.7769
vn 0.1018 0.7874 -0.608
vn -0.2024 0.5831 -0.7868
vn -0.2103 0.6564 -0.7245
vn -0.2845 0.6884 -0.6672
vn -0.3876 0.6532 -0.6504
vn -0.6162 0.5412 -0.5722
vn -0.5794 0.5893 -0.563
vn -0.652 0.5606 -0.5106
vn -0.5654 0.7138 -0.4134
vn -0.6009 0.6974 -0.3905
vn -0.5904 0.7272 -0.35
vn -0.5378 0.7861 -0.3047
vn -0.655 0.7048 -0.2725
vn -0.6767 0.7057 -0.2099
vn -0.6786 0.7201 -0.145
vn -0.6678 0.7292 -0.1497
vn -0.6817 0.7256 -0.0938
vn -0.6584 0.752 -0.033
vn -0.4492 0.8934 0.0063
vn 0.9514 0.3046 -0.0462
vn 0.4569 0.8891 -0.0267
vn 0.4579 0.8886 -0.0264
vn 0.4614 0.8865 -0.0349
vn 0.9328 0.3271 -0.1512
vn 0.3055 0.9514 -0.0389
vn 0.3102 0.9497 -0.0418
vn 0.9624 0.1213 -0.2429
vn 0.2993 0.9532 -0.0439
vn 0.8885 0.3684 -0.2734
vn 0.896 0.2836 -0.3417
vn 0.8678 0.3543 -0.3485
vn 0.4896 0.7296 -0.4775
vn 0.4294 0.766 -0.4783
vn 0.2364 0.8153 -0.5286
vn 0.201 0.7818 -0.5902
vn -0.0464 0.6884 -0.7238
vn -0.0055 0.7813 -0.6241
vn -0.27 0.7311 -0.6265
vn -0.3097 0.8333 -0.4578
vn -0.361 0.7803 -0.5107
vn -0.4999 0.6304 -0.5939
vn -0.3716 0.8332 -0.4096
vn -0.2699 0.9145 -0.3014
vn -0.3052 0.8948 -0.326
vn -0.6348 0.7395 -0.2238
vn 0.991 0.0579 -0.1209
vn -0.669 0.7364 -0.1004
vn -0.8112 0.5848 0.0011
vn 0.4165 0.8979 -0.1426
vn 0.4625 0.8529 -0.2421
vn 0.6919 0.3706 -0.6196
vn 0.4538 0.8108 -0.3697
vn 0.6362 0.336 -0.6945
vn 0.3296 0.8836 -0.3326
vn 0.3092 0.8686 -0.3871
vn 0.2434 0.9332 -0.2643
vn 0.2321 0.9334 -0.2736
vn 0.1483 0.8935 -0.4239
vn 0.1542 0.9535 -0.2591
vn -0.003 0.7904 -0.6126
vn -0.0458 0.8611 -0.5063
vn -0.1385 0.9358 -0.3243
vn -0.0021 0.9846 -0.175
vn -0.0842 0.9863 -0.1417
vn -0.0974 0.9821 -0.161
vn 0.0837 0.9955 -0.0448
vn -0.314 0.9267 -0.2067
vn -0.2923 0.9466 -0.136
vn -0.2523 0.9583 -0.134
vn 0.0482 0.9982 -0.0366
vn -0.3113 0.9445 -0.1048
vn -0.1694 0.9847 -0.0417
vn -0.346 0.9375 -0.0375
vn -0.1684 0.9847 -0.0448
vn -0.0395 0.9992 -0.0114
vn 0.2481 0.9657 -0.0768
vn 0.2708 0.9543 -0.1265
vn 0.7062 0.6517 -0.2767
vn 0.1086 0.9554 -0.2746
vn 0.0093 0.9313 -0.364
vn 0.0055 0.9474 -0.3199
vn -0.1012 0.9091 -0.4042
vn -0.1198 0.8867 -0.4467
vn 0.7733 0.3387 -0.5359
vn -0.0009 0.9849 -0.1732
vn 0.6089 0.4118 -0.678
vn 0.0431 0.9983 -0.039
vn 0.5122 0.2666 -0.8164
vn 0.2529 0.9612 -0.1102
vn 0.4613 0.4639 -0.7563
vn 0.2595 0.954 -0.1499
vn 0.3831 0.2023 -0.9013
vn 0.3038 0.6008 -0.7395
vn 0.158 0.5901 -0.7917
vn 0.1627 0.4864 -0.8585
vn 0.1993 0.9688 -0.1475
vn 0.0232 0.479 -0.8775
vn 0.1792 0.9769 -0.1166
vn -0.0702 0.482 -0.8733
vn -0.2617 0.4204 -0.8688
vn 0.0916 0.9931 -0.0732
vn 0.1498 0.9608 -0.2333
vn 0.1315 0.9628 -0.2361
vn -0.601 0.2578 -0.7565
vn 0.1074 0.9707 -0.2147
vn 0.1391 0.9888 -0.0546
vn 0.0628 0.9874 -0.1449
vn -0.852 0.3741 -0.3663
vn -0.939 0.3385 -0.0616
vn 0.8189 0.5714 -0.0539
vn 0.8212 0.5683 -0.0526
vn 0.8318 0.5404 -0.1267
vn 0.6189 0.7791 -0.0998
vn 0.8358 0.5344 -0.1257
vn 0.5878 0.7992 -0.1253
vn 0.6447 0.7459 -0.1676
vn 0.8203 0.5287 -0.2181
vn 0.4335 0.8916 -0.1311
vn 0.6066 0.7712 -0.1931
vn 0.6794 0.6503 -0.3398
vn 0.5177 0.8172 -0.2534
vn 0.5939 0.745 -0.3038
vn -0.3863 0.8855 -0.258
vn -0.5648 0.7771 -0.2777
vn -0.4627 0.8701 -0.1702
vn -0.5326 0.828 -0.1753
vn -0.5755 0.8042 -0.1485
vn -0.5804 0.8008 -0.1479
vn -0.7774 0.5749 -0.2553
vn -0.554 0.8259 -0.1047
vn -0.5791 0.8095 -0.0962
vn -0.7917 0.5553 -0.2546
vn -0.5519 0.8307 -0.0728
vn -0.5983 0.7998 -0.0486
vn -0.844 0.5048 -0.1815
vn -0.7364 0.6029 -0.3072
vn -0.3976 0.8969 -0.1937
vn -0.5449 0.7574 -0.3597
vn -0.8949 0.4463 -0.0067
vn -0.5344 0.7531 -0.3838
vn -0.5403 0.8413 -0.018
vn -0.2678 0.9634 -0.0142
vn -0.8002 0.5704 -0.1853
vn -0.8789 0.4684 -0.0896
vn -0.7941 0.5956 -0.1208
vn -0.6712 0.575 -0.4678
vn -0.8425 0.5347 -0.0661
vn -0.676 0.6308 -0.3811
vn 0.1052 0.8364 -0.538
vn 0.2737 0.5177 -0.8106
vn -0.3276 0.8913 -0.3134
vn -0.3241 0.8311 -0.452
vn -0.505 0.503 -0.7014
vn -0.5195 0.4899 -0.7
vn -0.1078 0.873 -0.4756
vn -0.1229 0.8562 -0.5018
vn -0.3405 0.4222 -0.8401
vn -0.1157 0.8468 -0.5191
vn -0.3478 0.4511 -0.8219
vn 0.6093 0.7732 0.1759
vn 0.5988 0.7566 0.2627
vn 0.3083 0.9492 0.0625
vn 0.9065 0.4154 -0.0757
vn 0.3588 0.9299 0.0814
vn 0.8638 0.469 0.1838
vn 0.9631 0.2141 0.1631
vn 0.6359 0.7658 0.0959
vn 0.9235 0.3769 0.0713
vn 0.9081 0.4119 0.0757
vn 0.6794 0.7143 0.1679
vn 0.6996 0.7131 0.0455
vn 0.3541 0.9344 0.0387
vn 0.6879 0.6879 0.2313
vn 0.3857 0.9204 0.0642
vn 0.8026 0.4842 0.3483
vn 0.3608 0.9277 0.0955
vn 0.9209 0.3077 0.2394
vn 0.8594 0.4169 0.296
vn 0.8203 0.4265 0.381
vn 0.9262 0.2729 0.2602
vn 0.8767 0.3581 0.3213
vn 0.7137 0.6811 0.1636
vn 0.4189 0.9053 0.0697
vn 0.6821 0.712 -0.167
vn 0.7448 0.6631 -0.0743
vn 0.7671 0.6406 -0.0353
vn 0.4576 0.8892 -0.0042
vn 0.3666 0.9247 -0.1027
vn 0.961 0.256 -0.1046
vn 0.927 0.3697 -0.0628
vn 0.8766 0.3332 -0.3471
vn 0.8808 0.2977 -0.3682
vn 0.935 0.211 -0.2851
vn 0.3713 0.9217 -0.112
vn 0.4041 0.9083 -0.108
vn 0.9273 0.2836 -0.2442
vn 0.8251 0.5128 -0.237
vn 0.4845 0.8709 -0.0826
vn 0.855 0.503 -0.1265
vn 0.9275 0.3273 -0.1806
vn 0.8197 0.5718 -0.0334
vn 0.7852 0.6042 -0.1357
vn 0.8405 0.3482 -0.4151
vn 0.4108 0.9106 -0.0453
vn 0.6305 0.7241 -0.2797
vn 0.7275 0.6243 -0.2845
vn 0.6456 0.7329 -0.2146
vn 0.3997 0.9132 -0.0801
vn 0.8493 0.4512 -0.274
vn 0.0583 0.9971 0.0498
vn 0.0469 0.9942 0.0964
vn 0.0321 0.9992 0.022
vn -0.0333 0.998 0.0537
vn 0.0583 0.9971 0.0497
vn -0.081 0.9888 0.1253
vn -0.084 0.9881 0.1286
vn -0.1 0.9948 0.0186
vn -0.0827 0.9966 0.0011
vn -0.1114 0.9933 0.0304
vn -0.0864 0.9962 0.0107
vn -0.0272 0.9996 -0.01
vn -0.0288 0.9996 -0.0027
vn -0.0132 0.9999 0.0028
vn -0.0177 0.9998 0.0028
vn -0.0564 0.9984 0.0104
vn -0.0199 0.9998 0.0054
vn 0.0429 0.9987 0.0268
vn -0.1067 0.9925 0.0593
vn -0.0435 0.999 0.013
vn -0.0183 0.9995 0.0266
vn -0.0068 0.9974 0.0724
vn -0.0325 0.9933 0.1108
vn -0.0931 0.9931 0.072
vn -0.0934 0.993 0.0725
vn 0.0491 0.9988 0.0015
vn -0.0098 0.9964 0.0843
vn 0.0411 0.998 0.0486
vn -0.0186 0.9995 0.0262
vn -0.0996 0.9909 0.0908
vn -0.7089 0.7048 0.0273
vn -0.8365 0.5363 0.1125
vn -0.6887 0.7213 0.0729
vn -0.5499 0.8313 0.0807
vn -0.779 0.6023 0.1742
vn -0.7599 0.6078 0.2307
vn -0.5239 0.8325 0.18
vn -0.7704 0.562 0.3009
vn -0.7326 0.577 0.3611
vn -0.686 0.6137 0.3908
vn -0.6346 0.6454 0.4251
vn -0.544 0.8289 0.1302
vn -0.8391 0.4996 0.2151
vn -0.1982 0.9612 0.1921
vn -0.7881 0.5375 0.3002
vn -0.5163 0.826 0.2263
vn -0.7471 0.5578 0.3614
vn -0.2972 0.9122 0.282
vn -0.3813 0.89 0.2498
vn -0.7046 0.5723 0.4195
vn -0.5203 0.8437 0.1324
vn -0.5158 0.8376 0.1801
vn -0.4754 0.8508 0.2237
vn -0.4889 0.836 0.2492
vn 0.4573 0.6579 -0.5984
vn 0.5507 0.3143 -0.7733
vn 0.3921 0.6689 -0.6315
vn 0.2562 0.8366 -0.4842
vn 0.1989 0.9387 -0.2814
vn 0.4165 0.703 -0.5765
vn 0.2401 0.9011 -0.3612
vn 0.5359 0.3127 -0.7843
vn 0.4264 0.6372 -0.642
vn 0.4587 0.4839 -0.7453
vn 0.1264 0.906 -0.404
vn 0.2028 0.9062 -0.3712
vn 0.5621 0.3516 -0.7486
vn 0.5576 0.297 -0.7751
vn 0.8487 0.5139 0.125
vn 0.8581 0.485 0.1688
vn 0.8277 0.2353 -0.5095
vn 0.8123 0.1544 -0.5624
vn 0.6613 0.6165 -0.4273
vn 0.3522 0.9223 -0.1593
vn 0.4324 0.8866 -0.1645
vn 0.61 0.7508 -0.2533
vn 0.8707 0.4606 -0.1727
vn 0.9142 0.2159 -0.343
vn 0.5009 0.8651 0.0257
vn 0.9074 0.4171 -0.0509
vn -0.0289 0.9993 -0.0246
vn -0.0503 0.9986 -0.0142
vn -0.0102 0.9999 -0.0134
vn -0.0288 0.9996 0.0027
vn -0.0164 0.9981 0.0586
vn 0.0002 0.9999 -0.0109
vn 0.0238 0.9997 -0.0107
vn -0.0466 0.9943 -0.0957
vn -0.0797 0.9851 -0.1523
vn 0.0272 0.9968 -0.0758
vn 0.0328 0.998 -0.0539
vn -0.0331 0.9981 -0.0522
vn -0.0973 0.9933 -0.0617
vn -0.1039 0.9929 -0.0581
vn -0.0996 0.9842 -0.1466
vn -0.108 0.9927 -0.053
vn 0.0642 0.9968 -0.0466
vn -0.0244 0.9979 -0.06
vn -0.0486 0.9889 -0.1406
vn -0.1094 0.9928 -0.0487
vn 0.0314 0.998 -0.0548
vn -0.1912 0.9811 -0.0293
vn -0.1056 0.9939 -0.0319
vn -0.1043 0.9855 -0.1339
vn -0.0129 0.9942 -0.1072
vn 0.0452 0.9985 -0.0314
vn -0.0336 0.9935 -0.1091
vn -0.0894 0.9901 -0.1082
vn -0.0823 0.9965 -0.0145
vn -0.1041 0.9894 -0.1009
vn -0.0536 0.9985 -0.0136
vn 0.9093 0.3048 0.2833
vn 0.7069 0.5549 0.4385
vn 0.7262 0.3236 0.6066
vn 0.1453 0.989 0.0266
vn 0.5224 0.8341 -0.1772
vn 0.827 0.4226 -0.3709
vn 0.4916 0.864 0.1084
vn 0.6249 0.7806 0.0123
vn 0.936 0.3159 -0.1553
vn 0.9288 0.3692 -0.0305
vn 0.55 0.7952 0.2552
vn 0.9591 0.2793 0.0469
vn 0.7131 0.5765 0.3989
vn 0.4684 0.5815 0.6652
vn 0.4328 0.6756 0.5969
vn 0.5612 0.3593 0.7456
vn 0.5705 0.2277 0.7891
vn 0.376 0.6422 0.668
vn 0.2548 0.8163 0.5184
vn 0.5641 0.2296 0.7931
vn 0.4481 0.5438 0.7096
vn 0.2074 0.8785 0.4305
vn 0.2485 0.8908 0.3804
vn 0.1823 0.9486 0.2587
vn -0.6082 0.4306 0.6668
vn -0.0386 0.929 0.3681
vn 0.2697 0.4154 0.8688
vn 0.1835 0.3802 0.9065
vn -0.1485 0.723 0.6747
vn -0.1068 0.6178 0.779
vn -0.311 0.6889 0.6547
vn -0.4861 0.462 0.7418
vn -0.0593 0.7797 0.6234
vn -0.0002 0.806 0.5919
vn -0.3217 0.5746 0.7526
vn 0.201 0.9215 0.3324
vn 0.1039 0.9068 0.4085
vn -0.0611 0.7987 0.5987
vn -0.0395 0.8859 0.4623
vn 0.2553 0.9086 0.3304
vn -0.215 0.7124 0.668
vn 0.2329 0.8982 0.3728
vn -0.285 0.4961 0.8202
vn 0.3236 0.8823 0.3417
vn -0.3895 0.4912 0.7791
vn -0.2335 0.5688 0.7886
vn 0.0461 0.773 0.6327
vn 0.1963 0.8201 0.5375
vn 0.2943 0.8595 0.418
vn -0.252 0.6036 0.7564
vn -0.2727 0.5658 0.7781
vn -0.4827 0.3212 0.8148
vn 0.0729 0.9145 0.398
vn -0.3817 0.5212 0.7633
vn -0.6592 0.7149 0.2332
vn -0.6042 0.7962 -0.0321
vn -0.574 0.8188 0.0025
vn -0.8053 0.5806 -0.1195
vn -0.5412 0.4937 0.6807
vn -0.1206 0.967 0.2245
vn -0.1936 0.9331 0.3029
vn -0.6151 0.6567 0.4363
vn -0.5626 0.7379 0.3728
vn -0.2171 0.9758 0.0259
vn -0.2484 0.9501 -0.1888
vn 0.105 0.9932 -0.0502
vn -0.6773 0.6613 -0.3225
vn -0.8015 0.3715 -0.4686
vn -0.7142 0.5626 -0.4164
vn -0.4452 0.8352 -0.323
vn -0.3855 0.8688 -0.3108
vn -0.7979 0.6012 -0.0447
vn 0.0691 0.9933 -0.0924
vn 0.3487 0.9372 -0.0035
vn 0.0509 0.9939 -0.0976
vn -0.7744 0.6306 -0.0508
vn -0.5203 0.8537 -0.02
vn -0.0364 0.9989 -0.0311
vn -0.7522 0.6431 -0.1439
vn -0.0237 0.9978 -0.0619
vn -0.4935 0.868 -0.0548
vn -0.1542 0.9853 -0.074
vn -0.6605 0.7202 -0.2123
vn -0.6915 0.6923 -0.2062
vn -0.01 0.9983 -0.0576
vn -0.6718 0.6668 -0.3226
vn -0.4159 0.8841 -0.2131
vn -0.2915 0.9518 0.0957
vn 0.1373 0.9902 0.0268
vn -0.5867 0.8022 0.1108
vn -0.6451 0.6513 0.3997
vn -0.6716 0.6051 0.4277
vn -0.7797 0.6254 0.031
vn -0.2971 0.9543 0.0306
vn -0.5929 0.8019 0.0742
vn -0.1866 0.9599 0.2094
vn -0.7949 0.5912 0.1363
vn -0.3347 0.9421 0.0196
vn 0.0029 1 -0.0001
vn 0.3276 0.9448 0.0014
vn 0.033 0.9945 0.0992
vn -0.2193 0.9469 0.2352
vn 0.1929 0.9803 0.0424
vn -0.6645 0.6624 0.346
vn -0.6481 0.6846 0.3336
vn -0.7183 0.6804 0.1452
vn -0.3157 0.9433 0.1027
vn -0.2254 0.9565 0.1854
vn -0.2542 0.946 0.2011
vn 0.2212 0.975 0.0209
vn -0.6837 0.6945 0.2242
vn -0.7899 0.5529 0.2654
vn -0.5235 0.8246 0.2146
vn -0.1511 0.983 0.1045
vn 0.1474 0.9888 0.0234
vn 0.4964 0.8633 -0.0915
vn 0.54 0.841 -0.0329
vn 0.4251 0.9042 -0.0403
vn 0.701 0.7131 0.0009
vn 0.4202 0.9067 -0.0361
vn 0.3741 0.9268 -0.0314
vn 0.4324 0.8982 -0.0793
vn 0.4207 0.9061 -0.0455
vn 0.6864 0.7269 -0.0208
vn 0.4357 0.9 -0.0132
vn 0.6241 0.7697 -0.1341
vn 0.6958 0.7181 -0.0163
vn 0.3677 0.9288 -0.0465
vn 0.3573 0.9334 -0.034
vn 0.6507 0.7593 -0.0091
vn 0.3261 0.945 -0.025
vn 0.6105 0.778 -0.1485
vn 0.5702 0.8193 -0.0601
vn 0.5788 0.8114 -0.0814
vn 0.6855 0.7256 -0.0594
vn 0.6935 0.7189 -0.0471
vn 0.6424 0.7662 -0.0168
vn 0.5254 0.8497 -0.0443
vn 0.5924 0.8056 -0.0105
vn 0.5858 0.8104 -0.0078
vn 0.6847 0.7271 -0.0503
vn 0.5999 0.7998 -0.0202
vn 0.559 0.8179 -0.1364
vn 0.5607 0.828 -0.0014
vn 0.4673 0.8833 -0.037
vn 0.6544 0.7543 -0.0532
vn 0.6529 0.7556 -0.0541
vn 0.5593 0.8125 -0.1646
vn 0.5331 0.8184 -0.2146
vn 0.5522 0.8337 -0.0059
vn 0.4846 0.8747 -0.0053
vn 0.4391 0.8979 -0.0303
vn 0.4903 0.8704 -0.0448
vn 0.5277 0.8492 -0.0172
vn 0.508 0.8613 -0.0095
vn 0.545 0.8312 -0.1098
vn 0.4965 0.868 -0.0065
vn 0.4896 0.8719 0.0005
vn 0.5909 0.8058 -0.0391
vn 0.505 0.857 -0.1027
vn 0.5379 0.8426 -0.0255
vn 0.3604 0.9324 -0.0272
vn 0.6437 0.7603 -0.0877
vn 0.4679 0.883 -0.0375
vn 0.5957 0.8019 -0.0455
vn 0.6169 0.7815 -0.0935
vn -0.1878 0.3324 0.9243
vn 0.1767 0.4704 0.8646
vn 0.6043 0.3873 0.6963
vn 0.5069 0.3482 0.7885
vn 0.4759 0.7499 0.4596
vn 0.4607 0.2002 0.8647
vn 0.4457 0.4979 0.744
vn 0.2686 0.7554 0.5976
vn -0.019 0.2506 0.9679
vn -0.0102 0.2891 0.9573
vn -0.3053 0.5901 -0.7474
vn 0.2698 0.9167 -0.2948
vn -0.2529 0.5758 -0.7775
vn -0.1107 0.6668 -0.7369
vn 0.0529 0.7928 -0.6071
vn -0.4632 0.348 -0.8151
vn -0.2108 0.6553 -0.7254
vn 0.0653 0.8418 -0.5359
vn 0.0748 0.8476 -0.5253
vn 0.1984 0.8935 -0.403
vn -0.4068 0.4051 -0.8188
vn -0.3406 0.6019 -0.7223
vn -0.302 0.6296 -0.7158
vn -0.0162 0.8605 -0.5093
vn 0.1257 0.9267 -0.3543
vn 0.1727 0.9497 -0.2613
vn 0.4236 0.8604 -0.2832
vn 0.4392 0.8693 -0.2268
vn 0.3319 0.8519 -0.4051
vn -0.0214 0.5625 -0.8265
vn -0.1859 0.3538 -0.9167
vn 0.1651 0.6128 -0.7728
vn 0.4533 0.5983 -0.6607
vn 0.3067 0.5201 -0.7971
vn -0.091 -0.0725 -0.9932
vn 0.2096 0.2567 -0.9435
vn 0.5827 0.5087 -0.6338
vn 0.4928 0.0117 -0.8701
vn 0.4273 0.9036 0.0317
vn 0.3493 0.9361 0.0402
vn 0.5448 0.8384 0.0163
vn 0.3992 0.9161 0.0385
vn 0.5273 0.8494 0.0195
vn 0.6948 0.7176 0.0469
vn 0.5233 0.852 0.0151
vn 0.5039 0.8638 0.0044
vn 0.3491 0.9367 0.0272
vn 0.4969 0.8678 0.0022
vn 0.4299 0.9027 0.0165
vn 0.6301 0.7754 0.0427
vn 0.4779 0.8784 0.0036
vn 0.4494 0.8933 0.0027
vn 0.5422 0.8387 0.051
vn 0.5532 0.8157 0.1689
vn 0.6883 0.7249 0.0279
vn 0.6925 0.721 0.0256
vn 0.5303 0.8333 0.1559
vn 0.6061 0.7937 0.052
vn 0.5743 0.8022 0.1632
vn 0.591 0.7977 0.1199
vn 0.4769 0.8779 0.0416
vn 0.5915 0.7983 0.1132
vn 0.5132 0.8512 0.1098
vn 0.4819 0.8685 0.116
vn 0.5998 0.7924 0.111
vn 0.4453 0.8914 0.0847
vn 0.66 0.7452 0.0956
vn 0.6178 0.781 0.0911
vn 0.3464 0.9375 0.0339
vn 0.6448 0.7641 0.0206
vn 0.6442 0.7582 0.1011
vn 0.6404 0.7677 0.0226
vn 0.5155 0.856 0.0404
vn 0.5727 0.8186 0.0438
vn 0.5254 0.8471 0.0798
vn 0.4737 0.8797 0.0402
vn 0.6837 0.7274 0.0585
vn 0.4103 0.9115 0.0287
vn 0.6692 0.7405 0.0622
vn 0.5393 0.8387 0.0757
vn 0.4416 0.8957 0.0513
vn 0.3882 0.9187 0.0725
vn 0.4389 0.8967 0.0577
vn 0.5763 0.8172 0.0097
vn 0.5929 0.8053 0.0039
vn 0.5643 0.8253 0.0205
vn 0.5564 0.8307 0.0172
vn 0.4757 0.8784 0.0462
vn 0.588 0.8089 0.005
vn 0.891 0.1508 0.4283
vn 0.7642 0.2212 0.6059
vn 0.7717 0.2897 0.5662
vn 0.7286 0.5383 0.4234
vn 0.7849 0.2821 0.5517
vn 0.736 0.5983 0.3167
vn 0.7858 0.4381 0.4367
vn 0.6951 0.622 0.3604
vn 0.7252 0.5674 0.39
vn 0.7998 0.4516 0.3953
vn 0.7915 0.5137 0.3311
vn 0.8083 0.419 0.4137
vn 0.746 0.5801 0.3272
vn 0.7865 0.2783 -0.5513
vn 0.7676 0.1659 -0.6191
vn 0.7884 0.2794 -0.5481
vn 0.746 0.4914 -0.4494
vn 0.6997 0.6008 -0.3866
vn 0.7059 0.5818 -0.4039
vn 0.7402 0.5 -0.4494
vn 0.7987 0.2569 -0.5441
vn 0.7862 0.2828 -0.5495
vn 0.7366 0.5913 -0.3282
vn 0.7587 0.54 -0.3643
vn 0.8734 0.0628 -0.483
vn 0.9302 0.2979 -0.2145
vn 0.8448 0.5042 -0.1791
vn 0.9328 0.2869 -0.218
vn 0.7526 0.6041 -0.2621
vn 0.7715 0.5677 -0.2872
vn 0.8151 0.3318 -0.4748
vn 0.946 0.3241 0.0091
vn 0.9087 0.4175 -0.0064
vn 0.9096 0.4113 -0.0596
vn 0.9017 0.4295 -0.0489
vn 0.9088 0.4139 -0.0531
vn 0.9683 0.2105 -0.1341
vn 0.9651 0.2218 -0.1393
vn 0.917 0.3738 -0.139
vn 0.8706 0.4816 0.1003
vn 0.9036 0.4161 0.1019
vn 0.9508 0.2184 0.2197
vn 0.9449 0.3171 0.0809
vn 0.8824 0.468 0.0491
vn 0.9279 0.3255 0.182
vn 0.9289 0.3281 0.1718
vn 0.9845 0.0907 0.1502
vn 0.9849 0.0842 0.1515
vn 0.9391 0.3419 0.0351
vn 0.8569 0.4933 0.1498
vn 0.9904 0.1207 0.0672
vn 0.9456 0.3254 -0.0026
vn -0.0579 0.9636 -0.261
vn -0.8305 0.4402 -0.3414
vn -0.488 0.6391 -0.5945
vn -0.4879 0.634 -0.5999
vn -0.854 0.5149 -0.0749
vn -0.5754 0.8153 -0.0646
vn -0.8444 0.5314 -0.0675
vn -0.6409 0.6484 -0.4108
vn -0.7436 0.5966 0.3017
vn -0.8261 0.5058 0.2483
vn -0.5208 0.8486 0.0931
vn -0.129 0.9761 -0.1749
vn -0.4296 0.887 -0.1692
vn -0.0536 0.9789 -0.1972
vn 0.2241 0.9153 -0.3347
vn 0.2392 0.949 -0.2052
vn 0.2384 0.9477 -0.2124
vn 0.1471 0.9729 -0.1785
vn 0.1701 0.9798 -0.1047
vn 0.2106 0.9736 -0.0878
vn 0.2049 0.9033 -0.3769
vn 0.1639 0.983 -0.0823
vn 0.022 0.9509 -0.3087
vn 0.0473 0.957 -0.2863
vn 0.2277 0.9598 -0.1643
vn 0.1757 0.9167 -0.3589
vn 0.1057 0.9739 -0.201
vn 0.1638 0.9831 -0.0821
vn 0.1272 0.9766 -0.1733
vn 0.354 0.8794 -0.3184
vn -0.0012 0.9553 -0.2958
vn 0.2076 0.952 -0.2251
vn 0.3503 0.8775 -0.3276
vn -0.0067 0.9624 -0.2716
vn 0.3397 0.9032 -0.2622
vn 0.1642 0.9298 -0.3295
vn 0.2019 0.9742 -0.1007
vn 0.2038 0.9701 -0.132
vn 0.1246 0.9847 -0.1219
vn 0.2002 0.9732 -0.1133
vn 0.3053 0.9189 -0.2499
vn 0.2235 0.9412 -0.2535
vn 0.1966 0.9396 -0.2803
vn 0.2855 0.9391 -0.1914
vn 0.0778 0.9753 -0.2068
vn -0.0039 0.9674 -0.2533
vn 0.167 0.9364 -0.3086
vn 0.133 0.9241 -0.3584
vn 0.1788 0.9809 -0.0762
vn 0.1496 0.9849 -0.0875
vn 0.2901 0.9088 -0.3
vn 0.2739 0.9471 -0.1673
vn 0.1607 0.9647 -0.2086
vn 0.0326 0.9741 -0.2238
vn 0.2882 0.8976 -0.3336
vn 0.1354 0.9464 -0.2931
vn 0.286 0.9348 -0.2107
vn 0.0782 0.9839 -0.1607
vn 0.1033 0.9361 -0.3361
vn 0.19 0.9665 -0.1724
vn 0.0333 0.9832 -0.1795
vn 0.1889 0.9785 -0.0829
vn 0.2721 0.8934 -0.3575
vn 0.0994 0.9451 -0.3112
vn 0.0944 0.987 -0.1298
vn 0.1101 0.9871 -0.1164
vn 0.1552 0.966 -0.2069
vn 0.1163 0.9889 -0.0924
vn 0.2404 0.9609 -0.1374
vn 0.2414 0.9045 -0.3517
vn 0.233 0.9658 -0.1139
vn 0.0742 0.946 -0.3156
vn 0.2883 0.9115 -0.2934
vn 0.2055 0.9384 -0.278
vn 0.2164 0.9307 -0.2949
vn 0.1459 0.9531 -0.2651
vn 0.1161 0.9525 -0.2814
vn 0.1697 0.9775 -0.1254
vn 0.1624 0.9752 -0.15
vn 0.0579 0.971 -0.232
vn 0.2133 0.9729 -0.0891
vn 0.2561 0.9313 -0.259
vn -0.2365 0.7167 0.656
vn -0.3249 0.5941 0.7359
vn -0.5505 0.4556 0.6996
vn 0.0953 0.3744 0.9223
vn 0.1084 0.605 0.7888
vn 0.1047 0.3962 0.9122
vn 0.1673 0.718 0.6756
vn 0.1292 0.9003 0.4156
vn -0.0858 0.9532 0.2899
vn -0.0864 0.9357 0.3421
vn -0.2562 0.2546 0.9325
vn -0.6992 0.5466 0.4608
vn -0.7047 0.5372 0.4635
vn -0.5445 0.7886 0.2856
vn -0.4812 0.8357 0.2647
vn -0.6677 0.5429 0.5094
vn -0.6942 0.499 0.5188
vn -0.5017 0.7986 0.3324
vn -0.2761 0.9448 0.1764
vn -0.2376 0.9626 0.1298
vn -0.1402 0.9891 -0.0443
vn -0.2402 0.9677 0.0763
vn -0.2751 0.9612 0.0198
vn -0.4406 0.8803 0.176
vn -0.5918 0.6743 -0.4417
vn -0.304 0.8325 -0.4631
vn -0.715 0.4419 -0.5417
vn -0.5099 0.2865 -0.8112
vn -0.1938 0.9639 -0.1826
vn -0.6362 0.7266 0.2595
vn -0.2108 0.9633 -0.1664
vn -0.7005 0.7051 0.1106
vn -0.6983 0.708 0.1057
vn -0.6369 0.7034 -0.3155
vn -0.7737 0.5991 -0.2061
vn 0.4302 0.5569 -0.7105
vn 0.344 0.8223 -0.4533
vn 0.3579 0.4868 -0.7968
vn 0.5205 0.4373 -0.7334
vn 0.5186 0.3495 -0.7803
vn 0.473 0.5905 -0.6539
vn 0.3737 0.8338 -0.4062
vn 0.375 0.489 -0.7876
vn 0.3164 0.6539 -0.6872
vn 0.2939 0.4103 -0.8633
vn 0.206 0.5117 -0.8341
vn 0.1539 0.3329 -0.9303
vn 0.2074 0.5116 -0.8338
vn 0.1601 0.3347 -0.9286
vn 0.1966 0.769 -0.6082
vn 0.1067 0.6132 -0.7827
vn 0.1377 0.6228 -0.7702
vn -0.0256 0.2171 -0.9758
vn -0.0095 0.4041 -0.9147
vn 0.0503 0.6674 -0.743
vn 0.0803 0.7273 -0.6817
vn -0.0488 0.711 -0.7015
vn -0.1555 0.5086 -0.8468
vn -0.0548 0.7086 -0.7035
vn -0.2501 0.4648 -0.8494
vn 0.2416 0.2641 -0.9337
vn -0.3312 0.4605 -0.8236
vn -0.2282 0.663 -0.713
vn -0.3444 0.5613 -0.7525
vn 0.3831 0.6917 -0.6122
vn 0.1128 0.7393 -0.6638
vn 0.296 0.5863 -0.7541
vn 0.2686 0.6312 -0.7277
vn 0.0366 0.2603 -0.9648
vn 0.032 0.8201 -0.5713
vn -0.1138 0.268 -0.9567
vn -0.0697 0.5291 -0.8457
vn -0.1151 0.373 -0.9207
vn -0.1769 0.2859 -0.9418
vn -0.2375 0.4268 -0.8726
vn -0.3625 0.3272 -0.8727
vn -0.2384 0.7479 -0.6195
vn 0.0481 0.1227 -0.9913
vn -0.0206 0.9175 -0.3971
vn -0.2273 0.7736 -0.5915
vn 0.4687 0.1865 -0.8635
vn 0.4329 0.3314 -0.8384
vn 0.4085 0.2777 -0.8695
vn 0.3221 0.2693 -0.9076
vn 0.023 0.6775 -0.7352
vn -0.0314 0.8323 -0.5534
vn -0.2136 0.4692 -0.8569
vn -0.0674 0.8041 -0.5906
vn -0.0825 0.8096 -0.5811
vn -0.1823 0.6797 -0.7105
vn -0.1878 0.76 -0.6222
vn -0.2351 0.6437 0.7283
vn -0.077 0.8328 0.5482
vn -0.131 0.8573 0.4978
vn 0.1121 0.9771 0.181
vn 0.0612 0.9693 0.2384
vn 0.3723 0.464 0.8038
vn 0.2195 0.9556 0.1965
vn 0.2647 0.5918 0.7614
vn 0.2884 0.887 0.3606
vn 0.4706 0.3155 0.824
vn 0.4771 0.3713 0.7965
vn 0.4112 0.6873 0.5988
vn 0.223 0.5815 0.7824
vn 0.2054 0.937 0.2826
vn 0.2031 0.8062 0.5557
vn 0.2389 0.9561 0.1699
vn 0.1435 0.6492 0.747
vn 0.4161 0.6209 0.6644
vn 0.3922 0.3815 0.837
vn 0.3722 0.4639 0.8039
vn 0.2194 0.9655 0.1406
vn 0.3413 0.7745 0.5326
vn 0.1882 0.4019 0.8961
vn 0.108 0.9699 0.2185
vn 0.1461 0.6558 0.7406
vn 0.1014 0.2954 0.95
vn 0.0709 0.9694 0.235
vn 0.1303 0.96 0.2476
vn 0.0461 0.8069 0.5889
vn 0.2021 0.931 0.3039
vn 0.2269 0.9 0.3721
vn -0.0607 0.4509 0.8905
vn -0.0822 0.5302 0.8439
vn 0.1383 0.9639 0.2276
vn -0.1484 0.621 0.7696
vn -0.0194 0.8153 0.5787
vn -0.1709 0.4546 0.8741
vn 0.1108 0.9707 0.2132
vn -0.017 0.8357 0.549
vn -0.2548 0.4848 0.8367
vn -0.2523 0.5047 0.8256
vn -0.0959 0.8165 0.5693
vn 0.2624 0.8008 0.5384
vn 0.3 0.3797 0.8751
vn 0.2887 0.7642 0.5768
vn 0.185 0.449 0.8741
vn 0.1692 0.8943 0.4142
vn 0.1853 0.9171 0.3531
vn 0.0697 0.4799 0.8746
vn 0.1285 0.926 0.3551
vn 0.0713 0.6798 0.7299
vn 0.1288 0.807 0.5763
vn 0.0318 0.3986 0.9166
vn 0.1445 0.9405 0.3075
vn 0.0403 0.7496 0.6606
vn -0.0601 0.5636 0.8239
vn -0.0027 0.8276 0.5614
vn 0.075 0.9725 0.2206
vn -0.3343 0.5053 0.7956
vn 0.2947 0.4773 0.8278
vn 0.0252 0.6012 0.7987
vn 0.0332 0.5836 0.8113
vn 0.3478 0.8779 0.3291
vn 0.4002 0.8066 0.4351
vn 0.2621 0.4628 0.8469
vn 0.3356 0.9416 0.0269
vn 0.5794 0.6259 0.5221
vn 0.7449 0.2545 0.6167
vn 0.6023 0.4998 0.6224
vn 0.4849 0.3436 0.8042
vn 0.1707 0.9256 0.3379
vn 0.7906 0.6034 -0.1045
vn 0.9203 0.3758 0.1089
vn 0.6972 0.3682 -0.6151
vn 0.5748 0.7325 -0.3646
vn 0.7342 0.4891 -0.471
vn 0.8765 0.2985 -0.3777
vn 0.9511 0.2741 -0.1426
vn 0.8827 0.4676 -0.0456
vn 0.6245 0.7568 0.1929
vn 0.7916 0.4686 0.3921
vn 0.5538 0.8225 0.1297
vn 0.849 0.2034 0.4877
vn 0.8376 0.3965 0.3758
vn 0.8267 0.4593 0.3249
vn 0.6562 0.7488 0.0936
vn 0.5242 0.8431 -0.12
vn 0.6197 0.7836 0.0432
vn 0.8384 0.1349 0.5281
vn 0.8229 0.2625 0.5038
vn 0.6529 0.7193 0.2373
vn 0.1772 0.9711 0.1599
vn 0.1108 0.945 0.3076
vn 0.2618 0.9478 0.1819
vn 0.1343 0.9886 0.0679
vn 0.3022 0.9325 0.1977
vn 0.2507 0.9577 0.141
vn 0.1856 0.9654 0.1831
vn 0.128 0.9401 0.3158
vn 0.2235 0.9694 0.1018
vn 0.226 0.9686 0.1037
vn 0.1077 0.97 0.218
vn 0.1935 0.9699 0.1477
vn -0.0228 0.9501 0.3111
vn 0.3178 0.8578 0.4039
vn 0.1581 0.924 0.3481
vn 0.1995 0.9335 0.2979
vn 0.2047 0.9365 0.2847
vn 0.2561 0.9219 0.2908
vn 0.2562 0.9219 0.2907
vn 0.2891 0.9209 0.2614
vn 0.1232 0.9837 0.1312
vn 0.1416 0.9395 0.3118
vn 0.3035 0.8875 0.3467
vn 0.1224 0.9724 0.1989
vn 0.0152 0.9729 0.2309
vn 0.0171 0.9612 0.2753
vn 0.1354 0.9848 0.1088
vn 0.1901 0.9757 0.1091
vn 0.2668 0.9178 0.2939
vn 0.1978 0.9703 0.1393
vn 0.0221 0.9597 0.2803
vn 0.2314 0.9514 0.2031
vn 0.1845 0.9191 0.348
vn 0.014 0.973 0.2303
vn 0.0592 0.982 0.1793
vn 0.3422 0.8865 0.3115
vn 0.1969 0.9723 0.1261
vn 0.1527 0.9437 0.2934
vn 0.1602 0.9519 0.261
vn 0.3393 0.8869 0.3136
vn 0.2304 0.9519 0.2022
vn 0.3412 0.8857 0.3147
vn 0.1472 0.9841 0.0996
vn 0.2052 0.915 0.3473
vn 0.1592 0.9611 0.2258
vn 0.1559 0.9642 0.2144
vn 0.1747 0.9433 0.2822
vn 0.0452 0.9536 0.2976
vn 0.0582 0.9458 0.3195
vn 0.1994 0.9205 0.3359
vn 0.1432 0.9697 0.1982
vn 0.1759 0.9497 0.2591
vn 0.2289 0.8997 0.3717
vn 0.0664 0.9821 0.1764
vn 0.2043 0.9735 0.1029
vn 0.16 0.972 0.1718
vn 0.1616 0.9811 0.1063
vn 0.0512 0.9582 0.2814
vn 0.0909 0.9886 0.1199
vn 0.1655 0.9744 0.1524
vn 0.0841 0.9394 0.3323
vn 0.1938 0.9545 0.2268
vn 0.3189 0.9096 0.2664
vn 0.2015 0.9411 0.2715
vn 0.1114 0.9904 0.0823
vn 0.3196 0.9101 0.2637
vn 0.2591 0.9468 0.1908
vn 0.0908 0.9864 0.137
vn 0.1766 0.9679 0.179
vn 0.1871 0.9602 0.2074
vn 0.0691 0.9394 0.3358
vn 0.0874 0.9706 0.2243
vn 0.1982 0.9525 0.2312
vn 0.1706 0.9813 0.0893
vn -0.9796 0.186 -0.0761
vn -0.9785 0.2059 -0.0153
vn -0.7769 0.1837 0.6022
vn -0.9437 0.173 -0.2819
vn -0.9029 0.1791 -0.3908
vn -0.6768 0.5342 -0.5065
vn -0.3528 0.9026 -0.2466
vn -0.5939 0.7066 -0.3847
vn -0.5926 0.7069 -0.3861
vn -0.7248 0.509 -0.4643
vn -0.5703 0.7582 -0.3161
vn -0.4744 0.8659 -0.1585
vn -0.2286 0.9735 -0.0043
vn -0.7673 0.2969 -0.5685
vn -0.234 0.9703 -0.0611
vn -0.5603 0.7619 -0.325
vn -0.21 0.9772 -0.0303
vn -0.7381 0.4448 -0.5072
vn -0.2249 0.9696 -0.0959
vn 0.2145 0.825 -0.5228
vn 0.1502 0.6223 -0.7683
vn -0.1247 0.9238 -0.3619
vn -0.4494 0.5504 -0.7036
vn -0.2709 0.4646 -0.8431
vn 0.3177 0.4105 -0.8547
vn -0.31 0.8598 -0.4057
vn -0.4537 0.6698 -0.5878
vn 0.0221 0.9779 -0.2077
vn -0.0909 0.5892 -0.8029
vn 0.0265 0.5521 -0.8333
vn 0.3578 0.8105 -0.4638
vn 0.4623 0.3776 -0.8023
vn 0.3023 0.6078 -0.7343
vn 0.3285 0.5956 -0.733
vn 0.3754 0.5062 -0.7764
vn 0.328 0.8519 -0.4083
vn -0.0855 0.7884 -0.6092
vn 0.1376 0.2689 -0.9533
vn 0.1815 0.9339 -0.308
vn 0.2275 0.6668 -0.7097
vn -0.3204 0.4704 -0.8223
vn 0.2338 0.3225 -0.9173
vn -0.0924 0.8579 -0.5054
vn -0.2537 0.7002 -0.6673
vn 0.0706 0.9697 -0.2337
vn 0.0089 0.9462 -0.3235
vn 0.113 0.9859 -0.1237
vn -0.1981 0.4967 -0.845
vn -0.1961 0.5 -0.8435
vn -0.0817 0.7439 -0.6632
vn 0.0026 0.9051 -0.4252
vn 0.1001 0.9663 -0.237
vn 0.0282 0.9757 -0.2174
vn 0.1757 0.9509 -0.2547
vn 0.1868 0.9425 -0.2772
vn 0.2249 0.9352 -0.2735
vn -0.0596 0.4536 -0.8892
vn 0.2352 0.9251 -0.2981
vn -0.0481 0.6004 -0.7983
vn 0.1193 0.9226 -0.3669
vn 0.2535 0.9347 -0.2493
vn 0.1188 0.9446 -0.306
vn 0.0968 0.6908 -0.7165
vn 0.099 0.5173 -0.8501
vn 0.2564 0.6913 -0.6755
vn 0.2751 0.6089 -0.744
vn 0.2701 0.5643 -0.7802
vn 0.2937 0.8006 -0.5223
vn -0.3246 0.4587 -0.8272
vn 0.0344 0.6328 -0.7736
vn 0.0925 0.5037 -0.8589
vn 0.1718 0.7572 -0.6301
vn 0.401 0.5116 -0.7599
vn 0.2296 0.6001 -0.7663
vn 0.2992 0.9026 -0.3096
vn 0.4585 0.3539 -0.8152
vn 0.4947 0.8214 -0.2839
vn 0.5179 0.704 -0.4859
vn 0.6351 0.3776 -0.6738
vn 0.6829 0.2996 -0.6663
vn 0.0006 0.6466 -0.7629
vn -0.0957 0.5264 -0.8448
vn 0.2758 0.9541 -0.1167
vn 0.2464 0.9385 -0.2417
vn 0.2715 0.7696 -0.578
vn 0.2217 0.6862 -0.6928
vn 0.3329 0.2637 -0.9053
vn -0.9158 0.3983 0.0522
vn -0.5616 0.8258 -0.0526
vn -0.7608 0.6386 -0.1158
vn -0.8351 0.4334 -0.3388
vn -0.3416 0.9176 0.2034
vn -0.415 0.6475 0.6391
vn -0.3003 0.8722 0.3862
vn -0.4618 0.6574 0.5954
vn -0.6562 0.4847 0.5783
vn -0.4187 0.8628 0.2832
vn -0.7361 0.6102 0.2929
vn -0.8521 0.4774 0.2147
vn 0.647 0.4864 0.5872
vn 0.6772 0.2342 0.6975
vn 0.9223 0.0898 0.3758
vn 0.7245 0.6863 0.0641
vn 0.9572 0.2712 -0.1006
vn 0.9604 0.2251 -0.164
vn 0.6426 0.7082 0.2924
vn 0.6705 0.6767 0.3041
vn 0.9772 0.177 0.1169
vn 0.9611 0.2213 0.1654
vn 0.7293 0.4949 0.4724
vn 0.7263 0.6549 -0.2085
vn 0.8544 0.3534 -0.3808
vn 0.854 0.362 -0.3737
vn 0.7604 0.6187 -0.1975
vn 0.6452 0.764 -0.0067
vn 0.664 0.7474 -0.0216
vn 0.8367 0.3283 -0.4384
vn 0.8161 0.3923 -0.4245
vn 0.8231 0.3391 -0.4555
vn 0.8 0.3934 -0.4529
vn 0.5216 0.8531 0.01
vn 0.5851 0.8068 -0.0818
vn 0.5597 0.8196 -0.1224
vn 0.5762 0.8026 -0.1542
vn 0.3842 0.7156 0.5833
vn 0.4627 0.6129 0.6405
vn 0.4519 0.5812 0.6767
vn -0.233 0.7312 0.6412
vn -0.1933 0.7479 0.635
vn -0.3213 0.4639 0.8256
vn -0.0215 0.5561 0.8308
vn -0.031 0.465 0.8848
vn 0.0526 0.7751 0.6297
vn 0.0547 0.7929 0.6069
vn -0.1651 0.656 0.7365
vn 0.0793 0.4113 0.908
vn 0.1054 0.6124 0.7835
vn 0.0913 0.6476 0.7565
vn -0.1718 0.4604 0.8709
vn -0.086 0.7196 0.689
vn -0.1659 0.3722 0.9132
vn 0.211 0.4299 0.8779
vn 0.203 0.5961 0.7768
vn -0.0392 0.693 0.7199
vn 0.2748 0.4442 0.8528
vn 0.3029 0.6007 0.7399
vn 0.2879 0.7102 0.6424
vn 0.1637 0.726 0.6679
vn -0.3309 0.3649 0.8703
vn -0.2612 0.3225 0.9098
vn 0.3296 0.5836 0.7422
vn 0.1194 0.8176 0.5633
vn 0.4601 0.3816 0.8017
vn 0.2451 0.8306 0.5
vn 0.5143 0.0412 0.8566
vn 0.3342 0.8219 0.4613
vn -0.231 0.7448 0.626
vn -0.1328 0.8066 0.5761
vn -0.1195 0.7996 0.5885
vn -0.0659 0.7493 0.6589
vn -0.0679 0.7454 0.6631
vn -0.0855 0.5234 0.8478
vn 0.0322 0.7959 0.6046
vn 0.5048 0.6438 0.5751
vn -0.4188 0.3726 0.8281
vn 0.0129 0.5003 0.8658
vn -0.3696 0.4611 0.8067
vn 0.1682 0.7203 0.6729
vn 0.1225 0.4342 0.8924
vn 0.176 0.6083 0.774
vn 0.3632 0.4173 0.8331
vn 0.4084 0.4019 0.8196
vn 0.4048 0.3862 0.8288
vn 0.4812 0.5608 0.6738
vn -0.2359 0.5066 0.8293
f 1//1 2//1 3//1
f 4//2 5//2 1//2
f 1//3 3//3 6//3
f 7//4 1//4 6//4
f 8//5 4//5 1//5
f 9//6 1//6 7//6
f 8//7 1//7 9//7
f 10//8 11//8 12//8
f 13//9 14//9 15//9
f 16//10 17//10 18//10
f 18//11 17//11 19//11
f 20//12 21//12 22//12
f 21//13 23//13 22//13
f 24//14 25//14 26//14
f 27//15 28//15 29//15
f 30//16 31//16 32//16
f 33//17 34//17 35//17
f 36//18 37//18 38//18
f 39//19 40//19 41//19
f 42//20 43//20 44//20
f 45//21 46//21 47//21
f 48//22 49//22 42//22
f 39//23 50//23 40//23
f 51//24 52//24 53//24
f 37//25 54//25 55//25
f 56//26 37//26 57//26
f 58//27 55//27 59//27
f 55//28 54//28 60//28
f 61//29 62//29 63//29
f 37//30 56//30 54//30
f 62//31 64//31 63//31
f 65//32 55//32 60//32
f 34//33 66//33 67//33
f 50//34 68//34 40//34
f 53//35 61//35 63//35
f 69//36 61//36 53//36
f 70//37 71//37 72//37
f 73//38 37//38 36//38
f 74//39 68//39 50//39
f 53//40 75//40 69//40
f 76//41 68//41 77//41
f 33//42 78//42 34//42
f 79//43 46//43 45//43
f 77//44 68//44 74//44
f 57//45 37//45 80//45
f 75//46 53//46 81//46
f 82//47 78//47 83//47
f 83//48 78//48 84//48
f 65//49 85//49 55//49
f 64//50 86//50 63//50
f 87//51 68//51 76//51
f 88//52 49//52 48//52
f 63//53 89//53 70//53
f 43//54 42//54 90//54
f 40//55 88//55 48//55
f 84//56 78//56 33//56
f 55//57 91//57 59//57
f 90//58 42//58 82//58
f 81//59 53//59 92//59
f 40//60 93//60 88//60
f 42//61 78//61 82//61
f 85//62 91//62 55//62
f 52//63 94//63 53//63
f 37//64 95//64 80//64
f 86//65 89//65 63//65
f 96//66 91//66 85//66
f 92//67 53//67 97//67
f 37//68 73//68 95//68
f 98//69 91//69 96//69
f 70//70 89//70 71//70
f 59//71 91//71 52//71
f 89//72 86//72 99//72
f 100//73 42//73 49//73
f 94//74 97//74 53//74
f 95//75 101//75 80//75
f 40//76 102//76 93//76
f 103//77 89//77 99//77
f 104//78 105//78 98//78
f 98//79 105//79 91//79
f 95//80 106//80 101//80
f 103//81 107//81 89//81
f 40//82 68//82 102//82
f 46//83 68//83 87//83
f 73//84 108//84 95//84
f 106//85 95//85 109//85
f 79//86 110//86 46//86
f 66//87 111//87 112//87
f 42//88 113//88 78//88
f 34//89 111//89 66//89
f 109//90 95//90 114//90
f 68//91 115//91 102//91
f 107//92 116//92 89//92
f 117//93 116//93 107//93
f 97//94 118//94 119//94
f 110//95 68//95 46//95
f 120//96 118//96 121//96
f 122//97 123//97 124//97
f 95//98 108//98 114//98
f 125//99 105//99 126//99
f 89//100 116//100 127//100
f 126//101 105//101 104//101
f 42//102 100//102 113//102
f 119//103 118//103 120//103
f 79//104 128//104 110//104
f 78//105 111//105 34//105
f 121//106 116//106 117//106
f 114//107 108//107 125//107
f 123//108 129//108 124//108
f 91//109 130//109 52//109
f 52//110 130//110 94//110
f 131//111 132//111 133//111
f 118//112 116//112 121//112
f 125//113 108//113 105//113
f 94//114 118//114 97//114
f 133//115 132//115 134//115
f 105//116 135//116 91//116
f 68//117 136//117 115//117
f 134//118 48//118 122//118
f 122//119 48//119 123//119
f 108//120 137//120 105//120
f 113//121 138//121 78//121
f 129//122 139//122 140//122
f 123//123 139//123 129//123
f 131//124 141//124 132//124
f 91//125 135//125 130//125
f 78//126 70//126 111//126
f 110//127 142//127 68//127
f 143//128 139//128 144//128
f 128//129 38//129 110//129
f 140//130 139//130 143//130
f 111//131 145//131 112//131
f 118//132 146//132 116//132
f 105//133 147//133 135//133
f 134//134 132//134 48//134
f 38//135 142//135 110//135
f 68//136 142//136 136//136
f 147//137 105//137 137//137
f 94//138 146//138 118//138
f 147//139 148//139 135//139
f 138//140 63//140 78//140
f 78//141 63//141 70//141
f 135//142 148//142 130//142
f 149//143 150//143 130//143
f 94//144 150//144 146//144
f 130//145 150//145 94//145
f 141//146 40//146 132//146
f 148//147 149//147 130//147
f 111//148 70//148 145//148
f 139//149 151//149 144//149
f 152//150 141//150 153//150
f 154//151 155//151 141//151
f 156//152 139//152 157//152
f 141//153 152//153 154//153
f 144//154 151//154 158//154
f 156//155 151//155 139//155
f 159//156 47//156 141//156
f 160//157 144//157 158//157
f 161//158 55//158 162//158
f 155//159 40//159 141//159
f 141//160 163//160 153//160
f 142//161 37//161 136//161
f 160//162 164//162 144//162
f 144//163 164//163 165//163
f 132//164 40//164 48//164
f 166//165 63//165 138//165
f 141//166 47//166 163//166
f 136//167 55//167 161//167
f 123//168 48//168 139//168
f 47//169 167//169 163//169
f 168//170 165//170 164//170
f 169//171 53//171 166//171
f 166//172 53//172 63//172
f 162//173 55//173 58//173
f 168//174 35//174 165//174
f 51//175 53//175 169//175
f 157//176 139//176 170//176
f 136//177 37//177 55//177
f 145//178 70//178 72//178
f 167//179 47//179 171//179
f 139//180 42//180 170//180
f 155//181 172//181 40//181
f 48//182 42//182 139//182
f 38//183 37//183 142//183
f 172//184 41//184 40//184
f 47//185 46//185 171//185
f 171//186 46//186 87//186
f 35//187 34//187 165//187
f 42//188 44//188 170//188
f 165//189 34//189 67//189
f 173//190 174//190 175//190
f 174//191 176//191 177//191
f 178//192 176//192 174//192
f 177//193 179//193 149//193
f 177//194 176//194 179//194
f 180//195 179//195 181//195
f 182//196 180//196 183//196
f 184//197 185//197 186//197
f 185//198 187//198 188//198
f 187//199 189//199 190//199
f 191//200 192//200 190//200
f 193//201 192//201 194//201
f 195//202 196//202 197//202
f 197//203 196//203 198//203
f 197//204 198//204 199//204
f 200//205 197//205 199//205
f 200//206 199//206 201//206
f 201//207 199//207 202//207
f 203//208 201//208 202//208
f 203//209 202//209 204//209
f 205//210 204//210 206//210
f 207//211 205//211 206//211
f 207//212 206//212 208//212
f 207//213 208//213 209//213
f 209//214 210//214 207//214
f 210//215 209//215 211//215
f 212//216 108//216 213//216
f 214//217 215//217 216//217
f 212//218 217//218 108//218
f 217//219 137//219 108//219
f 218//220 219//220 216//220
f 137//221 217//221 147//221
f 147//222 217//222 220//222
f 218//223 221//223 219//223
f 147//224 220//224 222//224
f 220//225 223//225 224//225
f 225//226 179//226 180//226
f 225//227 180//227 182//227
f 226//228 182//228 186//228
f 226//229 186//229 185//229
f 187//230 190//230 188//230
f 227//231 228//231 193//231
f 229//232 228//232 227//232
f 229//233 227//233 195//233
f 195//234 227//234 196//234
f 230//235 229//235 195//235
f 230//236 195//236 197//236
f 200//237 230//237 197//237
f 203//238 204//238 205//238
f 216//239 215//239 218//239
f 144//240 165//240 210//240
f 144//241 210//241 211//241
f 209//242 208//242 231//242
f 221//243 232//243 219//243
f 147//244 222//244 148//244
f 222//245 174//245 177//245
f 149//246 222//246 177//246
f 181//247 176//247 178//247
f 225//248 149//248 179//248
f 225//249 233//249 150//249
f 233//250 225//250 182//250
f 234//251 186//251 183//251
f 233//252 182//252 226//252
f 233//253 226//253 146//253
f 234//254 184//254 186//254
f 188//255 226//255 185//255
f 235//256 188//256 190//256
f 235//257 190//257 192//257
f 236//258 192//258 193//258
f 236//259 235//259 192//259
f 228//260 236//260 193//260
f 229//261 145//261 228//261
f 230//262 112//262 229//262
f 66//263 230//263 200//263
f 66//264 200//264 201//264
f 66//265 201//265 237//265
f 201//266 203//266 237//266
f 67//267 66//267 238//267
f 238//268 237//268 203//268
f 238//269 203//269 205//269
f 238//270 205//270 207//270
f 238//271 210//271 67//271
f 207//272 210//272 238//272
f 165//273 67//273 210//273
f 148//274 222//274 149//274
f 223//275 175//275 224//275
f 127//276 226//276 188//276
f 235//277 71//277 188//277
f 236//278 72//278 235//278
f 174//279 173//279 178//279
f 112//280 145//280 229//280
f 66//281 112//281 230//281
f 176//282 181//282 179//282
f 180//283 181//283 239//283
f 237//284 238//284 66//284
f 149//285 225//285 150//285
f 239//286 240//286 180//286
f 183//287 180//287 240//287
f 150//288 233//288 146//288
f 183//289 186//289 182//289
f 234//290 183//290 240//290
f 146//291 226//291 116//291
f 185//292 184//292 241//292
f 187//293 185//293 241//293
f 187//294 241//294 189//294
f 116//295 226//295 127//295
f 189//296 191//296 190//296
f 192//297 191//297 194//297
f 72//298 236//298 228//298
f 194//299 242//299 193//299
f 243//300 193//300 242//300
f 89//301 127//301 188//301
f 227//302 193//302 243//302
f 89//303 188//303 71//303
f 227//304 243//304 196//304
f 72//305 71//305 235//305
f 72//306 228//306 145//306
f 214//307 212//307 213//307
f 214//308 216//308 212//308
f 219//309 212//309 216//309
f 217//310 212//310 244//310
f 219//311 244//311 212//311
f 217//312 244//312 220//312
f 220//313 244//313 223//313
f 219//314 223//314 244//314
f 232//315 223//315 219//315
f 220//316 224//316 222//316
f 232//317 175//317 223//317
f 232//318 173//318 175//318
f 224//319 175//319 174//319
f 224//320 174//320 222//320
f 245//321 246//321 247//321
f 245//322 248//322 246//322
f 249//323 250//323 246//323
f 250//324 251//324 252//324
f 249//325 251//325 250//325
f 253//326 254//326 255//326
f 256//327 253//327 255//327
f 256//328 255//328 257//328
f 258//329 257//329 259//329
f 260//330 261//330 262//330
f 260//331 262//331 263//331
f 264//332 265//332 266//332
f 264//333 267//333 268//333
f 269//334 267//334 264//334
f 270//335 271//335 269//335
f 272//336 273//336 274//336
f 274//337 273//337 275//337
f 274//338 275//338 276//338
f 277//339 274//339 276//339
f 277//340 276//340 278//340
f 277//341 278//341 279//341
f 280//342 277//342 279//342
f 280//343 279//343 281//343
f 282//344 281//344 283//344
f 284//345 282//345 283//345
f 284//346 283//346 285//346
f 286//347 285//347 287//347
f 287//348 214//348 286//348
f 286//349 214//349 213//349
f 209//350 231//350 288//350
f 289//351 144//351 211//351
f 289//352 143//352 144//352
f 290//353 143//353 289//353
f 291//354 292//354 288//354
f 143//355 290//355 140//355
f 140//356 290//356 293//356
f 291//357 294//357 292//357
f 140//358 293//358 129//358
f 294//359 295//359 292//359
f 295//360 294//360 245//360
f 295//361 245//361 247//361
f 296//362 251//362 254//362
f 296//363 254//363 253//363
f 297//364 256//364 258//364
f 297//365 258//365 260//365
f 268//366 262//366 265//366
f 268//367 263//367 262//367
f 271//368 267//368 269//368
f 271//369 272//369 298//369
f 271//370 270//370 272//370
f 272//371 270//371 273//371
f 298//372 272//372 274//372
f 277//373 299//373 298//373
f 277//374 298//374 274//374
f 280//375 281//375 282//375
f 288//376 231//376 291//376
f 284//377 285//377 286//377
f 287//378 215//378 214//378
f 300//379 124//379 129//379
f 124//380 250//380 252//380
f 301//381 251//381 249//381
f 296//382 252//382 251//382
f 301//383 302//383 251//383
f 296//384 253//384 133//384
f 133//385 253//385 256//385
f 133//386 256//386 131//386
f 256//387 297//387 131//387
f 297//388 260//388 263//388
f 297//389 263//389 159//389
f 303//390 263//390 268//390
f 267//391 303//391 268//391
f 298//392 304//392 271//392
f 298//393 128//393 304//393
f 299//394 277//394 38//394
f 305//395 38//395 277//395
f 36//396 38//396 305//396
f 277//397 280//397 305//397
f 306//398 280//398 282//398
f 306//399 305//399 280//399
f 73//400 36//400 306//400
f 306//401 282//401 284//401
f 306//402 284//402 73//402
f 213//403 284//403 286//403
f 213//404 73//404 284//404
f 108//405 73//405 213//405
f 122//406 124//406 252//406
f 122//407 252//407 296//407
f 295//408 247//408 300//408
f 303//409 45//409 263//409
f 79//410 303//410 267//410
f 307//411 79//411 267//411
f 307//412 267//412 271//412
f 304//413 307//413 271//413
f 246//414 248//414 249//414
f 299//415 128//415 298//415
f 254//416 251//416 302//416
f 305//417 306//417 36//417
f 302//418 308//418 254//418
f 134//419 122//419 296//419
f 255//420 254//420 308//420
f 134//421 296//421 133//421
f 257//422 255//422 308//422
f 258//423 256//423 257//423
f 258//424 261//424 260//424
f 258//425 259//425 261//425
f 141//426 131//426 297//426
f 262//427 261//427 309//427
f 297//428 159//428 141//428
f 309//429 265//429 262//429
f 264//430 268//430 265//430
f 38//431 128//431 299//431
f 159//432 263//432 47//432
f 47//433 263//433 45//433
f 270//434 269//434 273//434
f 45//435 303//435 79//435
f 128//436 79//436 307//436
f 128//437 307//437 304//437
f 279//438 278//438 281//438
f 287//439 285//439 215//439
f 288//440 211//440 209//440
f 288//441 289//441 211//441
f 292//442 289//442 288//442
f 290//443 289//443 310//443
f 292//444 310//444 289//444
f 290//445 310//445 293//445
f 293//446 310//446 295//446
f 292//447 295//447 310//447
f 293//448 300//448 129//448
f 293//449 295//449 300//449
f 300//450 247//450 246//450
f 300//451 250//451 124//451
f 300//452 246//452 250//452
f 311//453 312//453 313//453
f 312//454 311//454 314//454
f 315//455 316//455 317//455
f 316//456 318//456 317//456
f 318//457 319//457 317//457
f 320//458 319//458 318//458
f 321//459 318//459 316//459
f 320//460 322//460 319//460
f 323//461 322//461 320//461
f 324//462 318//462 321//462
f 325//463 322//463 323//463
f 326//464 325//464 323//464
f 327//465 320//465 324//465
f 321//466 316//466 314//466
f 314//454 316//454 312//454
f 316//467 315//467 312//467
f 328//468 313//468 329//468
f 330//469 326//469 331//469
f 311//470 313//470 328//470
f 332//471 325//471 326//471
f 332//472 333//472 325//472
f 324//473 320//473 318//473
f 323//474 327//474 331//474
f 327//475 323//475 320//475
f 334//476 328//476 329//476
f 331//477 326//477 323//477
f 314//478 311//478 328//478
f 335//479 336//479 337//479
f 336//480 338//480 337//480
f 339//481 329//481 313//481
f 339//482 340//482 329//482
f 329//483 341//483 334//483
f 340//484 341//484 329//484
f 339//485 337//485 340//485
f 335//486 337//486 339//486
f 340//487 342//487 341//487
f 337//488 342//488 340//488
f 342//489 343//489 341//489
f 344//490 345//490 346//490
f 346//491 345//491 347//491
f 348//492 346//492 349//492
f 350//493 351//493 352//493
f 349//494 346//494 347//494
f 353//495 354//495 355//495
f 355//496 354//496 356//496
f 353//497 355//497 357//497
f 354//498 353//498 350//498
f 350//499 353//499 351//499
f 355//500 358//500 344//500
f 353//501 357//501 351//501
f 351//502 357//502 359//502
f 358//503 345//503 344//503
f 359//504 357//504 348//504
f 345//505 360//505 347//505
f 344//506 346//506 348//506
f 356//507 361//507 355//507
f 358//508 362//508 345//508
f 345//509 362//509 360//509
f 355//510 361//510 358//510
f 358//511 361//511 362//511
f 357//512 355//512 344//512
f 357//513 344//513 348//513
f 363//514 364//514 365//514
f 352//515 366//515 367//515
f 351//516 359//516 366//516
f 366//517 359//517 368//517
f 365//518 369//518 370//518
f 352//519 367//519 371//519
f 350//520 352//520 371//520
f 372//521 373//521 363//521
f 372//522 363//522 374//522
f 373//523 375//523 363//523
f 376//524 370//524 369//524
f 377//525 369//525 365//525
f 375//526 373//526 378//526
f 364//527 375//527 378//527
f 377//528 364//528 368//528
f 364//529 378//529 367//529
f 371//530 367//530 378//530
f 352//531 351//531 366//531
f 367//532 366//532 364//532
f 372//533 374//533 379//533
f 366//534 368//534 364//534
f 374//535 370//535 380//535
f 365//536 374//536 363//536
f 365//537 370//537 374//537
f 377//538 365//538 364//538
f 375//539 364//539 363//539
f 369//540 377//540 381//540
f 382//541 383//541 381//541
f 368//542 384//542 385//542
f 385//543 386//543 387//543
f 369//544 381//544 383//544
f 388//545 389//545 390//545
f 388//546 387//546 389//546
f 386//547 333//547 332//547
f 333//548 391//548 392//548
f 386//549 332//549 393//549
f 391//550 333//550 386//550
f 394//551 395//551 396//551
f 394//552 396//552 397//552
f 395//553 394//553 398//553
f 398//554 384//554 395//554
f 386//555 399//555 391//555
f 384//556 398//556 400//556
f 377//557 368//557 385//557
f 386//558 393//558 401//558
f 386//559 400//559 399//559
f 384//560 400//560 386//560
f 381//561 385//561 387//561
f 382//562 387//562 388//562
f 387//563 401//563 402//563
f 387//564 386//564 401//564
f 368//565 359//565 384//565
f 381//566 387//566 382//566
f 377//567 385//567 381//567
f 385//568 384//568 386//568
f 387//569 402//569 389//569
f 330//570 332//570 326//570
f 403//571 404//571 330//571
f 330//572 404//572 332//572
f 404//573 393//573 332//573
f 404//574 403//574 405//574
f 405//575 406//575 407//575
f 401//576 405//576 407//576
f 407//577 408//577 409//577
f 409//578 410//578 411//578
f 411//579 410//579 412//579
f 412//580 413//580 414//580
f 405//581 393//581 404//581
f 405//582 403//582 406//582
f 389//583 412//583 390//583
f 407//584 406//584 408//584
f 409//585 402//585 407//585
f 409//586 408//586 410//586
f 390//587 412//587 414//587
f 389//588 411//588 412//588
f 412//589 410//589 413//589
f 393//590 405//590 401//590
f 401//591 407//591 402//591
f 402//592 409//592 389//592
f 389//593 409//593 411//593
f 415//594 416//594 417//594
f 418//595 419//595 415//595
f 336//596 420//596 419//596
f 336//597 421//597 420//597
f 416//598 422//598 423//598
f 420//599 416//599 415//599
f 420//600 422//600 416//600
f 338//601 419//601 418//601
f 419//602 420//602 415//602
f 336//603 419//603 338//603
f 335//604 421//604 336//604
f 421//605 422//605 420//605
f 424//606 415//606 417//606
f 418//607 415//607 424//607
f 347//608 425//608 426//608
f 347//609 360//609 425//609
f 427//610 417//610 428//610
f 417//611 427//611 424//611
f 416//612 428//612 417//612
f 423//613 349//613 416//613
f 349//614 426//614 416//614
f 416//615 426//615 428//615
f 426//616 429//616 428//616
f 428//617 429//617 427//617
f 349//618 347//618 426//618
f 426//619 425//619 429//619
f 430//620 431//620 432//620
f 430//621 432//621 433//621
f 395//622 431//622 430//622
f 434//623 435//623 396//623
f 434//624 396//624 395//624
f 384//625 431//625 395//625
f 384//626 359//626 431//626
f 436//627 437//627 438//627
f 438//628 335//628 339//628
f 423//629 422//629 437//629
f 437//630 431//630 423//630
f 431//631 436//631 432//631
f 432//632 436//632 315//632
f 432//633 315//633 317//633
f 313//634 438//634 339//634
f 432//635 317//635 319//635
f 348//636 349//636 423//636
f 431//637 437//637 436//637
f 421//638 335//638 438//638
f 432//639 319//639 322//639
f 348//640 423//640 431//640
f 333//641 322//641 325//641
f 333//642 432//642 322//642
f 438//643 313//643 312//643
f 422//644 421//644 437//644
f 359//645 348//645 431//645
f 437//646 421//646 438//646
f 436//647 438//647 312//647
f 392//648 432//648 333//648
f 436//649 312//649 315//649
f 433//650 432//650 392//650
f 439//651 440//651 441//651
f 442//652 443//652 440//652
f 443//653 444//653 440//653
f 383//654 376//654 369//654
f 376//655 380//655 370//655
f 380//656 379//656 374//656
f 383//657 439//657 376//657
f 376//658 439//658 380//658
f 380//659 445//659 379//659
f 439//660 445//660 380//660
f 383//661 442//661 439//661
f 439//662 441//662 445//662
f 442//663 440//663 439//663
f 446//664 443//664 447//664
f 447//665 443//665 442//665
f 444//666 443//666 446//666
f 448//667 444//667 446//667
f 449//668 447//668 450//668
f 450//669 447//669 388//669
f 448//670 446//670 449//670
f 446//671 447//671 449//671
f 447//672 382//672 388//672
f 382//673 447//673 442//673
f 383//674 382//674 442//674
f 414//675 413//675 451//675
f 390//676 450//676 388//676
f 450//677 452//677 449//677
f 450//678 453//678 452//678
f 390//679 454//679 450//679
f 450//680 454//680 453//680
f 390//681 414//681 454//681
f 414//682 451//682 454//682
f 455//683 456//683 457//683
f 458//684 456//684 455//684
f 459//685 460//685 461//685
f 462//686 463//686 456//686
f 456//687 463//687 464//687
f 457//688 456//688 464//688
f 460//689 464//689 465//689
f 466//690 462//690 456//690
f 457//691 464//691 460//691
f 458//692 466//692 456//692
f 467//693 468//693 469//693
f 458//694 470//694 466//694
f 459//695 471//695 457//695
f 467//696 455//696 468//696
f 467//697 458//697 455//697
f 472//698 458//698 467//698
f 472//699 470//699 458//699
f 455//700 457//700 471//700
f 468//701 455//701 471//701
f 459//702 468//702 471//702
f 464//703 463//703 465//703
f 459//704 457//704 460//704
f 473//705 474//705 475//705
f 473//706 476//706 474//706
f 476//707 477//707 474//707
f 477//708 478//708 474//708
f 460//709 479//709 461//709
f 480//710 473//710 465//710
f 465//711 473//711 460//711
f 460//712 475//712 479//712
f 473//713 475//713 460//713
f 480//714 476//714 473//714
f 481//715 482//715 483//715
f 482//716 484//716 483//716
f 485//717 486//717 487//717
f 478//718 486//718 485//718
f 477//719 486//719 478//719
f 476//720 486//720 477//720
f 476//721 482//721 486//721
f 488//722 489//722 490//722
f 480//723 482//723 476//723
f 491//724 492//724 493//724
f 480//725 484//725 482//725
f 490//726 489//726 494//726
f 489//727 495//727 494//727
f 494//728 495//728 492//728
f 496//729 489//729 488//729
f 495//730 483//730 492//730
f 496//731 495//731 489//731
f 481//732 483//732 495//732
f 487//733 481//733 496//733
f 496//734 481//734 495//734
f 483//735 484//735 492//735
f 487//736 486//736 481//736
f 486//737 482//737 481//737
f 497//738 498//738 499//738
f 491//739 498//739 497//739
f 500//740 501//740 499//740
f 502//741 503//741 504//741
f 504//742 503//742 505//742
f 506//743 490//743 501//743
f 497//744 501//744 494//744
f 490//745 494//745 501//745
f 505//746 507//746 508//746
f 500//747 509//747 506//747
f 494//748 492//748 497//748
f 492//749 491//749 497//749
f 493//750 510//750 491//750
f 507//751 511//751 508//751
f 503//752 507//752 505//752
f 511//753 507//753 512//753
f 513//754 514//754 502//754
f 502//755 514//755 503//755
f 501//756 500//756 506//756
f 499//757 501//757 497//757
f 503//758 498//758 507//758
f 514//759 498//759 503//759
f 507//760 498//760 512//760
f 513//761 500//761 514//761
f 509//762 500//762 513//762
f 500//763 499//763 514//763
f 499//764 498//764 514//764
f 498//765 491//765 512//765
f 515//766 516//766 517//766
f 518//767 519//767 520//767
f 521//768 522//768 515//768
f 523//769 524//769 525//769
f 521//770 510//770 522//770
f 521//771 512//771 510//771
f 526//772 515//772 517//772
f 526//773 521//773 515//773
f 527//774 523//774 525//774
f 510//775 493//775 528//775
f 529//776 530//776 531//776
f 532//777 523//777 527//777
f 533//778 521//778 526//778
f 533//779 512//779 521//779
f 534//780 523//780 532//780
f 511//781 512//781 533//781
f 529//782 531//782 535//782
f 516//783 536//783 529//783
f 516//784 520//784 536//784
f 532//785 527//785 537//785
f 532//786 537//786 538//786
f 539//787 534//787 532//787
f 518//788 520//788 516//788
f 519//789 540//789 534//789
f 519//790 541//790 540//790
f 542//791 532//791 538//791
f 519//792 534//792 539//792
f 543//793 529//793 535//793
f 544//794 541//794 519//794
f 522//795 528//795 518//795
f 542//796 539//796 532//796
f 536//797 539//797 542//797
f 543//798 535//798 545//798
f 543//799 545//799 546//799
f 547//800 544//800 519//800
f 518//801 548//801 549//801
f 510//802 528//802 522//802
f 515//803 518//803 516//803
f 518//804 550//804 547//804
f 549//805 550//805 518//805
f 543//806 516//806 529//806
f 528//807 548//807 518//807
f 528//808 551//808 548//808
f 520//809 519//809 539//809
f 517//810 516//810 543//810
f 518//811 547//811 519//811
f 512//812 491//812 510//812
f 536//813 542//813 530//813
f 522//814 518//814 515//814
f 520//815 539//815 536//815
f 529//816 536//816 530//816
f 467//817 469//817 552//817
f 553//818 467//818 554//818
f 555//819 556//819 557//819
f 556//820 554//820 557//820
f 472//821 553//821 556//821
f 557//822 554//822 558//822
f 553//823 554//823 556//823
f 472//824 467//824 553//824
f 554//825 552//825 559//825
f 554//826 467//826 552//826
f 560//827 561//827 562//827
f 517//828 563//828 526//828
f 560//829 564//829 565//829
f 565//830 564//830 566//830
f 566//831 564//831 567//831
f 568//832 561//832 560//832
f 560//833 562//833 564//833
f 564//834 562//834 567//834
f 562//835 563//835 567//835
f 563//836 517//836 567//836
f 565//837 568//837 560//837
f 569//838 561//838 570//838
f 569//839 562//839 561//839
f 569//840 563//840 562//840
f 533//841 526//841 569//841
f 569//842 526//842 563//842
f 546//843 567//843 543//843
f 543//844 567//844 517//844
f 546//845 566//845 567//845
f 566//846 571//846 565//846
f 571//847 572//847 565//847
f 546//848 571//848 566//848
f 545//849 573//849 546//849
f 546//850 573//850 571//850
f 571//851 574//851 572//851
f 573//852 574//852 571//852
f 575//853 573//853 545//853
f 574//854 573//854 575//854
f 492//855 576//855 577//855
f 578//856 465//856 463//856
f 579//857 580//857 581//857
f 492//858 484//858 576//858
f 551//859 580//859 579//859
f 582//860 583//860 584//860
f 551//861 579//861 585//861
f 551//862 585//862 586//862
f 480//863 465//863 578//863
f 551//864 586//864 548//864
f 493//865 492//865 577//865
f 587//866 588//866 582//866
f 528//867 577//867 551//867
f 493//868 577//868 528//868
f 580//869 589//869 590//869
f 591//870 472//870 556//870
f 523//871 582//871 584//871
f 523//872 584//872 524//872
f 591//873 470//873 472//873
f 587//874 590//874 588//874
f 592//875 591//875 556//875
f 591//876 592//876 593//876
f 551//877 576//877 589//877
f 590//878 591//878 593//878
f 594//879 470//879 591//879
f 594//880 466//880 470//880
f 590//881 593//881 595//881
f 594//882 462//882 466//882
f 588//883 596//883 597//883
f 588//884 590//884 595//884
f 484//885 480//885 578//885
f 534//886 582//886 523//886
f 588//887 595//887 596//887
f 534//888 587//888 582//888
f 551//889 589//889 580//889
f 580//890 590//890 587//890
f 589//891 594//891 591//891
f 577//892 576//892 551//892
f 582//893 597//893 583//893
f 484//894 578//894 576//894
f 582//895 588//895 597//895
f 589//896 591//896 590//896
f 578//897 462//897 594//897
f 463//898 462//898 578//898
f 576//899 578//899 594//899
f 587//900 598//900 599//900
f 534//901 540//901 587//901
f 599//902 580//902 587//902
f 599//903 581//903 580//903
f 589//904 576//904 594//904
f 540//905 598//905 587//905
f 600//906 601//906 602//906
f 557//907 603//907 555//907
f 555//908 603//908 604//908
f 593//909 592//909 604//909
f 603//910 605//910 604//910
f 604//911 596//911 595//911
f 605//912 596//912 604//912
f 556//913 555//913 592//913
f 592//914 555//914 604//914
f 601//915 605//915 602//915
f 597//916 596//916 601//916
f 601//917 596//917 605//917
f 604//918 595//918 593//918
f 606//919 607//919 608//919
f 575//920 609//920 607//920
f 607//921 609//921 608//921
f 575//922 531//922 609//922
f 545//923 531//923 575//923
f 545//924 535//924 531//924
f 609//925 531//925 608//925
f 610//926 611//926 606//926
f 611//927 607//927 606//927
f 530//928 608//928 531//928
f 530//929 606//929 608//929
f 612//930 613//930 610//930
f 614//931 612//931 538//931
f 538//932 612//932 542//932
f 613//933 612//933 614//933
f 530//934 542//934 606//934
f 542//935 612//935 606//935
f 606//936 612//936 610//936
f 615//937 616//937 524//937
f 616//938 525//938 524//938
f 537//939 527//939 617//939
f 616//940 527//940 525//940
f 617//941 527//941 616//941
f 537//942 617//942 618//942
f 618//943 614//943 537//943
f 614//944 538//944 537//944
f 583//945 619//945 584//945
f 584//946 619//946 620//946
f 600//947 621//947 601//947
f 622//948 584//948 623//948
f 584//949 622//949 524//949
f 601//950 621//950 583//950
f 619//951 583//951 621//951
f 621//952 623//952 619//952
f 619//953 623//953 620//953
f 623//954 584//954 620//954
f 583//955 597//955 601//955
f 623//956 615//956 622//956
f 622//957 615//957 524//957
f 533//958 569//958 624//958
f 625//959 626//959 627//959
f 624//960 569//960 626//960
f 569//961 570//961 626//961
f 627//962 628//962 625//962
f 625//963 629//963 508//963
f 628//964 629//964 625//964
f 624//965 626//965 625//965
f 505//966 629//966 504//966
f 629//967 628//967 504//967
f 508//968 629//968 505//968
f 511//969 624//969 508//969
f 624//970 625//970 508//970
f 533//971 624//971 511//971
f 630//972 631//972 632//972
f 633//973 634//973 635//973
f 633//974 636//974 634//974
f 637//975 638//975 639//975
f 637//976 640//976 641//976
f 642//977 643//977 644//977
f 630//978 632//978 645//978
f 646//979 640//979 637//979
f 647//980 648//980 649//980
f 647//981 650//981 648//981
f 644//982 636//982 633//982
f 651//983 630//983 645//983
f 652//984 639//984 650//984
f 653//985 646//985 637//985
f 637//986 639//986 652//986
f 654//987 655//987 656//987
f 647//988 649//988 657//988
f 633//989 635//989 658//989
f 659//990 654//990 656//990
f 647//991 657//991 660//991
f 661//992 655//992 654//992
f 662//993 630//993 651//993
f 663//994 642//994 644//994
f 641//995 644//995 633//995
f 664//996 637//996 652//996
f 663//997 644//997 641//997
f 634//998 661//998 654//998
f 665//999 633//999 658//999
f 666//1000 658//1000 630//1000
f 636//1001 667//1001 661//1001
f 652//1002 650//1002 668//1002
f 669//1003 647//1003 660//1003
f 666//1004 630//1004 662//1004
f 662//1005 651//1005 670//1005
f 671//1006 663//1006 641//1006
f 664//1007 653//1007 637//1007
f 631//1008 654//1008 659//1008
f 672//1009 667//1009 636//1009
f 638//1010 673//1010 674//1010
f 669//1011 668//1011 647//1011
f 631//1012 659//1012 675//1012
f 639//1013 674//1013 666//1013
f 636//1014 661//1014 634//1014
f 676//1015 652//1015 668//1015
f 662//1016 670//1016 677//1016
f 678//1017 633//1017 665//1017
f 676//1018 668//1018 669//1018
f 640//1019 671//1019 641//1019
f 631//1020 675//1020 679//1020
f 641//103 633//103 678//103
f 650//1021 662//1021 677//1021
f 680//1022 652//1022 676//1022
f 680//1023 664//1023 652//1023
f 638//1024 674//1024 639//1024
f 681//1025 664//1025 680//1025
f 644//1026 672//1026 636//1026
f 632//1027 631//1027 679//1027
f 644//1028 682//1028 672//1028
f 650//1029 677//1029 648//1029
f 631//1030 634//1030 654//1030
f 635//1031 630//1031 658//1031
f 635//1032 631//1032 630//1032
f 662//1033 639//1033 666//1033
f 639//1034 662//1034 650//1034
f 637//1035 641//1035 678//1035
f 637//1036 678//1036 638//1036
f 647//1037 668//1037 650//1037
f 643//1038 682//1038 644//1038
f 635//1039 634//1039 631//1039
f 683//1040 684//1040 685//1040
f 684//1041 686//1041 685//1041
f 684//1042 687//1042 686//1042
f 688//1043 685//1043 689//1043
f 683//1044 685//1044 688//1044
f 685//1045 690//1045 689//1045
f 683//1046 688//1046 691//1046
f 681//1047 683//1047 691//1047
f 681//1048 684//1048 683//1048
f 680//1049 684//1049 681//1049
f 685//1050 686//1050 690//1050
f 692//1051 693//1051 694//1051
f 692//1052 695//1052 693//1052
f 696//1053 697//1053 695//1053
f 695//1054 697//1054 693//1054
f 684//1055 695//1055 687//1055
f 687//1056 695//1056 692//1056
f 684//1057 696//1057 695//1057
f 680//1058 696//1058 684//1058
f 680//1059 676//1059 696//1059
f 697//1060 676//1060 669//1060
f 696//1061 676//1061 697//1061
f 698//1062 697//1062 669//1062
f 693//1063 697//1063 698//1063
f 660//1064 699//1064 700//1064
f 657//1065 699//1065 660//1065
f 699//1066 701//1066 700//1066
f 702//1067 701//1067 699//1067
f 669//1068 703//1068 698//1068
f 698//1069 694//1069 693//1069
f 660//1070 703//1070 669//1070
f 703//1071 704//1071 698//1071
f 698//1072 704//1072 694//1072
f 660//1073 700//1073 703//1073
f 703//1074 700//1074 704//1074
f 705//1075 706//1075 707//1075
f 659//1076 706//1076 675//1076
f 705//1077 708//1077 675//1077
f 709//1078 707//1078 656//1078
f 710//1079 707//1079 709//1079
f 707//1080 706//1080 656//1080
f 656//1081 706//1081 659//1081
f 675//1082 708//1082 711//1082
f 679//1083 675//1083 711//1083
f 711//1084 712//1084 713//1084
f 714//1085 632//1085 713//1085
f 715//1086 716//1086 714//1086
f 714//1087 716//1087 632//1087
f 717//1088 716//1088 715//1088
f 716//1089 645//1089 632//1089
f 716//1090 717//1090 645//1090
f 718//1091 645//1091 717//1091
f 719//1092 720//1092 718//1092
f 720//1093 721//1093 718//1093
f 721//1094 670//1094 718//1094
f 718//1095 670//1095 651//1095
f 677//1096 722//1096 723//1096
f 723//1097 724//1097 725//1097
f 723//1098 725//1098 677//1098
f 726//1099 727//1099 728//1099
f 712//1100 714//1100 713//1100
f 728//1101 702//1101 729//1101
f 729//1102 730//1102 728//1102
f 699//1103 729//1103 702//1103
f 706//1104 705//1104 675//1104
f 651//1105 645//1105 718//1105
f 713//1106 679//1106 711//1106
f 632//1107 679//1107 713//1107
f 717//1108 719//1108 718//1108
f 722//1109 677//1109 670//1109
f 720//1110 731//1110 721//1110
f 722//1111 721//1111 723//1111
f 721//1112 731//1112 723//1112
f 731//1113 724//1113 723//1113
f 724//1114 727//1114 726//1114
f 727//1115 702//1115 728//1115
f 699//1116 649//1116 729//1116
f 717//1117 715//1117 719//1117
f 648//1118 730//1118 649//1118
f 657//1119 649//1119 699//1119
f 732//1120 707//1120 710//1120
f 705//1121 707//1121 732//1121
f 708//1122 705//1122 732//1122
f 712//1123 711//1123 708//1123
f 722//1124 670//1124 721//1124
f 725//1125 648//1125 677//1125
f 726//1126 725//1126 724//1126
f 726//1127 648//1127 725//1127
f 726//1128 730//1128 648//1128
f 730//1129 726//1129 728//1129
f 649//1130 730//1130 729//1130
f 733//1131 734//1131 735//1131
f 736//1132 734//1132 737//1132
f 733//1133 738//1133 734//1133
f 682//1134 643//1134 733//1134
f 733//1135 643//1135 738//1135
f 739//1136 740//1136 741//1136
f 664//1137 742//1137 653//1137
f 743//1138 740//1138 739//1138
f 740//1139 653//1139 742//1139
f 689//1140 744//1140 688//1140
f 744//1141 745//1141 688//1141
f 688//1142 745//1142 691//1142
f 743//1143 746//1143 747//1143
f 646//1144 653//1144 748//1144
f 747//1145 748//1145 743//1145
f 691//1146 664//1146 681//1146
f 749//1147 750//1147 747//1147
f 745//1148 742//1148 691//1148
f 744//1149 741//1149 745//1149
f 739//1150 741//1150 744//1150
f 742//1151 664//1151 691//1151
f 745//1152 741//1152 742//1152
f 751//1153 746//1153 743//1153
f 737//1154 663//1154 752//1154
f 746//1155 749//1155 747//1155
f 753//1156 749//1156 746//1156
f 738//1157 643//1157 737//1157
f 671//1158 754//1158 752//1158
f 752//1159 754//1159 755//1159
f 748//1160 653//1160 740//1160
f 747//1161 646//1161 748//1161
f 756//1162 757//1162 755//1162
f 758//1163 759//1163 757//1163
f 663//1164 671//1164 752//1164
f 758//1165 736//1165 759//1165
f 759//1166 737//1166 752//1166
f 760//1167 736//1167 758//1167
f 663//1168 737//1168 642//1168
f 736//1169 737//1169 759//1169
f 760//1170 734//1170 736//1170
f 761//1171 734//1171 760//1171
f 734//1172 738//1172 737//1172
f 740//1173 742//1173 741//1173
f 751//1174 743//1174 739//1174
f 748//1175 740//1175 743//1175
f 751//1176 753//1176 746//1176
f 750//1177 646//1177 747//1177
f 640//1178 646//1178 750//1178
f 756//1179 749//1179 753//1179
f 640//1180 750//1180 754//1180
f 750//1181 749//1181 755//1181
f 755//1182 754//1182 750//1182
f 756//1183 755//1183 749//1183
f 754//1184 671//1184 640//1184
f 757//1185 752//1185 755//1185
f 756//1186 758//1186 757//1186
f 759//1187 752//1187 757//1187
f 643//1188 642//1188 737//1188
f 735//1189 734//1189 761//1189
f 762//1190 763//1190 764//1190
f 733//1191 735//1191 762//1191
f 762//1192 735//1192 763//1192
f 765//1193 682//1193 762//1193
f 762//1194 766//1194 765//1194
f 762//1195 764//1195 766//1195
f 682//1196 765//1196 672//1196
f 765//1197 766//1197 767//1197
f 768//1198 769//1198 767//1198
f 766//1199 768//1199 767//1199
f 766//1200 764//1200 768//1200
f 682//1201 733//1201 762//1201
f 770//1202 771//1202 655//1202
f 770//1203 772//1203 773//1203
f 656//1204 774//1204 709//1204
f 655//1205 771//1205 656//1205
f 771//1206 774//1206 656//1206
f 771//1207 775//1207 774//1207
f 771//1208 773//1208 775//1208
f 770//1209 773//1209 771//1209
f 776//1210 667//1210 765//1210
f 777//1211 776//1211 767//1211
f 667//1212 672//1212 765//1212
f 778//1213 772//1213 777//1213
f 772//1214 776//1214 777//1214
f 770//1215 776//1215 772//1215
f 776//1216 770//1216 667//1216
f 655//1217 661//1217 770//1217
f 770//1218 661//1218 667//1218
f 778//1219 777//1219 769//1219
f 777//1220 767//1220 769//1220
f 767//1221 776//1221 765//1221
f 779//1222 780//1222 781//1222
f 782//1223 783//1223 784//1223
f 785//1224 786//1224 787//1224
f 788//1225 789//1225 790//1225
f 785//1226 787//1226 791//1226
f 792//1227 786//1227 785//1227
f 793//1228 781//1228 794//1228
f 782//1229 784//1229 795//1229
f 796//1230 786//1230 792//1230
f 796//1231 797//1231 786//1231
f 782//1232 798//1232 783//1232
f 779//1233 781//1233 793//1233
f 799//1234 800//1234 801//1234
f 802//1235 803//1235 804//1235
f 805//1236 795//1236 806//1236
f 807//1237 805//1237 808//1237
f 807//1238 808//1238 809//1238
f 808//1239 803//1239 809//1239
f 803//1240 810//1240 809//1240
f 811//1241 787//1241 810//1241
f 812//1242 790//1242 798//1242
f 805//1243 782//1243 795//1243
f 811//1244 803//1244 802//1244
f 812//1245 798//1245 782//1245
f 813//1246 814//1246 799//1246
f 815//1247 799//1247 801//1247
f 788//1248 790//1248 812//1248
f 816//1249 817//1249 779//1249
f 810//1250 803//1250 811//1250
f 786//1251 779//1251 793//1251
f 815//1252 801//1252 818//1252
f 786//1253 793//1253 809//1253
f 805//1254 806//1254 819//1254
f 815//1255 813//1255 799//1255
f 820//1256 813//1256 815//1256
f 811//1257 802//1257 821//1257
f 816//1258 779//1258 786//1258
f 822//1259 782//1259 805//1259
f 822//1260 823//1260 782//1260
f 824//1261 821//1261 825//1261
f 786//1262 809//1262 810//1262
f 824//1263 811//1263 821//1263
f 826//1264 788//1264 812//1264
f 808//1265 819//1265 827//1265
f 828//1266 782//1266 823//1266
f 829//1267 782//1267 828//1267
f 807//1268 822//1268 805//1268
f 783//1269 830//1269 831//1269
f 783//1270 818//1270 830//1270
f 808//1271 805//1271 819//1271
f 829//1272 812//1272 782//1272
f 807//1273 832//1273 822//1273
f 808//1274 827//1274 803//1274
f 798//1275 820//1275 815//1275
f 797//1276 816//1276 786//1276
f 780//1277 812//1277 829//1277
f 826//1278 812//1278 779//1278
f 783//1279 815//1279 818//1279
f 790//1280 833//1280 820//1280
f 779//1281 812//1281 780//1281
f 783//1282 831//1282 834//1282
f 793//1283 835//1283 836//1283
f 787//1284 811//1284 824//1284
f 809//1285 836//1285 807//1285
f 790//1286 789//1286 833//1286
f 791//1287 787//1287 824//1287
f 786//1288 810//1288 787//1288
f 790//1289 820//1289 798//1289
f 781//1290 780//1290 837//1290
f 794//1291 835//1291 793//1291
f 784//1292 783//1292 834//1292
f 798//1293 815//1293 783//1293
f 793//1294 836//1294 809//1294
f 817//1295 826//1295 779//1295
f 838//1296 839//1296 840//1296
f 840//1297 839//1297 841//1297
f 842//1298 843//1298 844//1298
f 840//1299 845//1299 838//1299
f 840//1300 846//1300 845//1300
f 847//1301 848//1301 849//1301
f 848//1302 850//1302 833//1302
f 848//1303 847//1303 850//1303
f 850//1304 847//1304 851//1304
f 852//1305 851//1305 846//1305
f 852//1306 853//1306 851//1306
f 814//1307 853//1307 852//1307
f 814//1308 813//1308 853//1308
f 846//1309 847//1309 849//1309
f 853//1310 820//1310 850//1310
f 853//1311 850//1311 851//1311
f 853//1312 813//1312 820//1312
f 847//1313 846//1313 851//1313
f 820//1314 833//1314 850//1314
f 789//1315 854//1315 855//1315
f 854//1316 856//1316 855//1316
f 855//1317 857//1317 833//1317
f 857//1318 858//1318 849//1318
f 859//1319 858//1319 857//1319
f 860//1320 856//1320 854//1320
f 833//1321 857//1321 848//1321
f 857//1322 849//1322 848//1322
f 833//1323 789//1323 855//1323
f 855//1324 859//1324 857//1324
f 855//1325 856//1325 859//1325
f 854//1326 861//1326 862//1326
f 860//1327 854//1327 863//1327
f 864//1328 865//1328 866//1328
f 865//1329 867//1329 866//1329
f 866//1330 867//1330 862//1330
f 789//1331 861//1331 854//1331
f 868//1332 869//1332 870//1332
f 871//1333 872//1333 873//1333
f 817//1334 874//1334 826//1334
f 872//1335 875//1335 874//1335
f 876//1336 869//1336 877//1336
f 872//1337 871//1337 864//1337
f 877//1338 868//1338 878//1338
f 869//1339 868//1339 877//1339
f 878//1340 879//1340 796//1340
f 868//1341 879//1341 878//1341
f 879//1342 797//1342 796//1342
f 880//1343 881//1343 870//1343
f 882//1344 881//1344 880//1344
f 870//1345 881//1345 868//1345
f 881//1346 816//1346 868//1346
f 868//1347 816//1347 797//1347
f 868//1348 797//1348 879//1348
f 874//1349 817//1349 883//1349
f 874//1350 875//1350 826//1350
f 875//1351 866//1351 826//1351
f 882//1352 884//1352 881//1352
f 826//1353 866//1353 788//1353
f 884//1354 883//1354 881//1354
f 881//1355 883//1355 816//1355
f 866//1356 861//1356 788//1356
f 883//1357 817//1357 816//1357
f 873//1358 874//1358 883//1358
f 885//1359 871//1359 873//1359
f 872//1360 886//1360 875//1360
f 875//1361 886//1361 866//1361
f 866//1362 886//1362 864//1362
f 861//1363 866//1363 862//1363
f 880//1364 870//1364 869//1364
f 884//1365 885//1365 883//1365
f 883//1366 885//1366 873//1366
f 873//1367 872//1367 874//1367
f 867//1368 863//1368 862//1368
f 872//1369 864//1369 886//1369
f 861//1370 789//1370 788//1370
f 863//1371 854//1371 862//1371
f 792//1372 887//1372 888//1372
f 888//1373 887//1373 889//1373
f 887//1374 890//1374 889//1374
f 887//1375 891//1375 890//1375
f 878//1376 892//1376 877//1376
f 892//1377 876//1377 877//1377
f 792//1378 888//1378 796//1378
f 796//1379 888//1379 878//1379
f 888//1380 889//1380 878//1380
f 878//1381 889//1381 892//1381
f 889//1382 890//1382 892//1382
f 893//1383 840//1383 841//1383
f 814//1384 852//1384 893//1384
f 852//1385 840//1385 893//1385
f 852//1386 846//1386 840//1386
f 814//1387 893//1387 799//1387
f 800//1388 844//1388 894//1388
f 799//1389 895//1389 800//1389
f 800//1390 895//1390 844//1390
f 895//1391 842//1391 844//1391
f 799//1392 893//1392 895//1392
f 893//1393 842//1393 895//1393
f 893//1394 841//1394 842//1394
f 825//1395 896//1395 897//1395
f 896//1396 898//1396 897//1396
f 899//1397 900//1397 897//1397
f 824//1398 901//1398 902//1398
f 901//1399 903//1399 902//1399
f 902//1400 903//1400 904//1400
f 824//1401 825//1401 901//1401
f 825//1402 900//1402 901//1402
f 901//1403 899//1403 903//1403
f 900//1404 899//1404 901//1404
f 825//1405 897//1405 900//1405
f 905//1406 906//1406 907//1406
f 904//1407 906//1407 902//1407
f 908//1408 906//1408 904//1408
f 906//1409 905//1409 902//1409
f 902//1410 905//1410 824//1410
f 905//1411 791//1411 824//1411
f 908//1412 909//1412 906//1412
f 906//1413 909//1413 907//1413
f 907//1414 891//1414 887//1414
f 909//1415 891//1415 907//1415
f 791//1416 905//1416 785//1416
f 905//1417 907//1417 785//1417
f 785//1418 907//1418 792//1418
f 907//1419 887//1419 792//1419
f 910//1420 802//1420 911//1420
f 910//1421 912//1421 802//1421
f 802//1422 912//1422 821//1422
f 913//1423 801//1423 894//1423
f 914//1424 801//1424 913//1424
f 914//1425 913//1425 915//1425
f 916//1426 917//1426 918//1426
f 918//1427 917//1427 919//1427
f 917//1428 795//1428 919//1428
f 919//1429 795//1429 784//1429
f 920//1430 830//1430 914//1430
f 921//1431 922//1431 923//1431
f 923//1432 806//1432 917//1432
f 922//1433 806//1433 923//1433
f 924//1434 920//1434 925//1434
f 924//1435 830//1435 920//1435
f 918//1436 924//1436 925//1436
f 926//1437 927//1437 928//1437
f 928//1438 927//1438 827//1438
f 919//1439 834//1439 924//1439
f 926//1440 929//1440 927//1440
f 929//1441 804//1441 927//1441
f 927//1442 804//1442 803//1442
f 827//1443 819//1443 922//1443
f 930//1444 914//1444 915//1444
f 925//1445 920//1445 930//1445
f 929//1446 911//1446 804//1446
f 795//1447 917//1447 806//1447
f 910//1448 931//1448 912//1448
f 827//1449 927//1449 803//1449
f 898//1450 896//1450 912//1450
f 804//1451 911//1451 802//1451
f 801//1452 800//1452 894//1452
f 801//1453 914//1453 818//1453
f 818//1454 914//1454 830//1454
f 924//1455 834//1455 830//1455
f 830//1456 834//1456 831//1456
f 919//1457 924//1457 918//1457
f 834//1458 919//1458 784//1458
f 825//1459 821//1459 896//1459
f 915//1460 894//1460 844//1460
f 917//1461 916//1461 923//1461
f 915//1462 913//1462 894//1462
f 819//1463 806//1463 922//1463
f 928//1464 922//1464 921//1464
f 928//1465 827//1465 922//1465
f 929//1466 932//1466 911//1466
f 911//1467 931//1467 910//1467
f 932//1468 931//1468 911//1468
f 896//1469 821//1469 912//1469
f 920//1470 914//1470 930//1470