o obj1
v -0.046331 -0.194 0.003214
v -0.049679 -0.194 0.003474
v -0.049822 -0.194 5E-05
v -0.046306 -0.194 -0.003199
v -0.049679 -0.194 -0.003474
v -0.046042 -0.194 0.002939
v -0.046025 -0.194 -0.002916
v 0.007513 -0.194 -0.054505
v 0.011396 -0.194 -0.05381
v 0.041948 -0.194 0.035532
v 0.03947 -0.194 0.038253
v 0.036608 -0.194 0.041018
v -0.054412 -0.194 0.008237
v -0.053128 -0.194 0.014271
v 0.015237 -0.194 -0.052865
v 0.018931 -0.194 -0.051651
v -0.051093 -0.194 0.020396
v 0.022272 -0.194 -0.050294
v 0.025872 -0.194 -0.048558
v -0.048391 -0.194 0.026121
v 0.03063 -0.194 -0.04571
v -0.045482 -0.194 0.030905
v 0.034268 -0.194 -0.043025
v -0.042407 -0.194 0.034984
v 0.036498 -0.194 -0.041151
v -0.039903 -0.194 0.037805
v 0.038649 -0.194 -0.039137
v -0.036952 -0.194 0.04071
v 0.041479 -0.194 -0.036148
v -0.033199 -0.194 0.043825
v 0.044107 -0.194 -0.032864
v 0.045795 -0.194 -0.030467
v -0.053574 -0.194 -0.012603
v -0.054649 -0.194 -0.006386
v -0.054961 -0.194 -0.002103
v -0.03016 -0.194 0.045961
v 0.047269 -0.194 -0.028126
v -0.026758 -0.194 0.048043
v -0.054975 -0.194 0.002178
v 0.048903 -0.194 -0.025193
v -0.021251 -0.194 0.050747
v 0.05081 -0.194 -0.021075
v 0.052376 -0.194 -0.016874
v -0.014971 -0.194 0.05294
v 0.053765 -0.194 -0.011622
v -0.05177 -0.194 -0.018632
v -0.009944 -0.194 0.0541
v 0.05419 -0.194 -0.009415
v 0.054555 -0.194 -0.007023
v -0.005348 -0.194 0.054756
v 0.054814 -0.193999 -0.00457
v 0.05496 -0.194 -0.002213
v -0.000949 -0.194 0.055
v 0.054986 -0.194 0.001368
v 0.002436 -0.194 0.054955
v -0.047965 -0.194 -0.026937
v -0.049898 -0.194 -0.023163
v 0.054848 -0.194 0.004172
v 0.006595 -0.194 0.05461
v 0.054482 -0.193999 0.007582
v 0.010451 -0.194 0.054012
v 0.054042 -0.194 0.01022
v -0.040947 -0.194 -0.036755
v -0.044964 -0.194 -0.031736
v 0.053206 -0.194 0.013894
v 0.015865 -0.194 0.05267
v -0.026159 -0.194 -0.048394
v -0.029197 -0.194 -0.046616
v -0.03277 -0.194 -0.044199
v 0.052583 -0.194 0.01608
v -0.036989 -0.194 -0.040732
v 0.000247 -0.194 -0.055001
v -0.004411 -0.194 -0.05486
v 0.051325 -0.194 0.019739
v 0.021039 -0.194 0.050821
v -0.01097 -0.194 -0.053921
v -0.016336 -0.194 -0.052538
v -0.021598 -0.194 -0.05061
v 0.003464 -0.194 -0.054895
v 0.049954 -0.194 0.022961
v 0.026879 -0.194 0.047996
v 0.048681 -0.194 0.025543
v 0.047247 -0.194 0.028101
v 0.044736 -0.194 0.031957
v 0.032163 -0.194 0.044599
v -0.05498 -0.180866 0.001668
v -0.054996 -0.1781 -0.000677
v -0.054829 -0.1822 -0.004396
v -2.4E-05 -0.178857 0.054997
v -0.001851 -0.180444 0.05497
v -0.054485 -0.181877 -0.007538
v -0.003937 -0.178496 0.054861
v -0.054159 -0.182195 -0.009598
v -0.005895 -0.179827 0.054685
v -0.053792 -0.180684 -0.011486
v -0.007429 -0.17838 0.054496
v -0.053171 -0.180332 -0.014086
v -0.009513 -0.179019 0.054173
v -0.052518 -0.184128 -0.016349
v -0.011295 -0.179589 0.053826
v -0.013304 -0.179125 0.05337
v -0.051417 -0.181028 -0.019548
v -0.015561 -0.179431 0.052755
v -0.01815 -0.180602 0.051925
v -0.049956 -0.178693 -0.02301
v -0.04917 -0.180484 -0.024651
v -0.048228 -0.182855 -0.026445
v -0.020841 -0.180978 0.050896
v -0.047177 -0.182521 -0.028282
v -0.022979 -0.180689 0.049965
v -0.045749 -0.180063 -0.030539
v -0.024954 -0.181719 0.049001
v -0.044516 -0.183813 -0.032317
v -0.027966 -0.185167 0.047333
v -0.042992 -0.184053 -0.034309
v -0.031191 -0.182513 0.045278
v -0.041889 -0.180303 -0.035646
v -0.040164 -0.181212 -0.037585
v -0.037791 -0.180809 -0.03997
v -0.032934 -0.182661 0.044025
v -0.034305 -0.18278 0.042964
v -0.035891 -0.182107 0.041653
v -0.035835 -0.180201 -0.041728
v -0.033662 -0.181494 -0.043506
v -0.037644 -0.183351 0.040069
v -0.031525 -0.180794 -0.045072
v -0.039183 -0.182662 0.038564
v -0.040393 -0.182709 0.037298
v -0.041932 -0.182522 0.035562
v -0.030066 -0.182585 -0.046059
v -0.02828 -0.180001 -0.047176
v -0.026793 -0.177453 -0.048032
v -0.043328 -0.183691 0.033835
v -0.02554 -0.181948 -0.048713
v -0.023526 -0.179967 -0.049722
v -0.045076 -0.184325 0.031467
v -0.045986 -0.180736 0.030163
v -0.020243 -0.183161 -0.051143
v -0.017891 -0.180847 -0.052017
v -0.047161 -0.183736 0.028257
v -0.04842 -0.179142 0.026093
v -0.049392 -0.180918 0.024187
v -0.01515 -0.183613 -0.052876
v -0.012132 -0.180678 -0.053653
v -0.050682 -0.184187 0.021317
v -0.051795 -0.17988 0.018503
v -0.009561 -0.177717 -0.054164
v -0.006599 -0.181671 -0.054605
v -0.052651 -0.179922 0.015925
v -0.004354 -0.179151 -0.054831
v -0.002068 -0.180535 -0.054965
v -0.053419 -0.181246 0.013106
v -0.053927 -0.17707 0.010834
v -0.054297 -0.18056 0.008776
v -0.054578 -0.181475 0.00682
v -0.054759 -0.180367 0.005167
v -0.027613 -0.139424 0.049121
v -0.030022 -0.136253 0.047852
v -0.029804 -0.147455 0.04726
v -0.023837 -0.133004 0.051719
v -0.021383 -0.137157 0.052498
v -0.022349 -0.125543 0.053142
v -0.054897 -0.179819 0.003398
v -0.054837 -0.171503 0.004321
v -0.02003 -0.126191 0.054099
v -0.054325 -0.173848 0.008675
v -0.054562 -0.168566 0.00705
v -0.026035 -0.144469 0.049701
v -0.02614 -0.135224 0.05031
v -0.018449 -0.133156 0.054045
v -0.017665 -0.123942 0.055248
v -0.045848 -0.158561 0.030814
v -0.044524 -0.165508 0.03256
v -0.044445 -0.158944 0.032838
v -0.046317 -0.166878 0.02989
v -0.023722 -0.142316 0.051038
v -0.035993 -0.156023 0.042169
v -0.034468 -0.153969 0.043543
v -0.034612 -0.145257 0.043849
v -0.032252 -0.153535 0.045267
v -0.032587 -0.143919 0.045524
v -0.038774 -0.162872 0.039348
v -0.037459 -0.164051 0.040587
v -0.037404 -0.154501 0.040965
v -0.015215 -0.133061 0.055127
v -0.041612 -0.169744 0.036132
v -0.041891 -0.163134 0.03597
v -0.043238 -0.171412 0.03413
v -0.015179 -0.126427 0.055808
v -0.032805 -0.159035 0.044629
v -0.03433 -0.162395 0.043335
v -0.035981 -0.168418 0.041787
v -0.028377 -0.153515 0.047843
v -0.040208 -0.171291 0.037662
v -0.040183 -0.163042 0.037894
v -0.037403 -0.171311 0.040453
v -0.012408 -0.133058 0.055884
v -0.012758 -0.124238 0.056718
v -0.025455 -0.15479 0.049428
v -0.018364 -0.142643 0.053281
v -0.010928 -0.126273 0.056927
v -0.037165 -0.125819 -0.040551
v -0.035425 -0.130275 -0.042076
v -0.037263 -0.133872 -0.040456
v -0.038778 -0.125615 -0.039007
v -0.038846 -0.135792 -0.038937
v -0.009539 -0.133224 0.056472
v -0.035326 -0.1366 -0.04216
v -0.037375 -0.142905 -0.040355
v -0.039378 -0.142924 -0.038404
v -0.008036 -0.126456 0.057441
v -0.022501 -0.148326 0.051222
v -0.035342 -0.14448 -0.042147
v -0.016248 -0.143113 0.053954
v -0.038954 -0.150197 -0.038828
v -0.006522 -0.133034 0.056957
v -0.035411 -0.157973 -0.042089
v -0.037355 -0.150757 -0.040373
v -0.034295 -0.153176 -0.043004
v -0.013875 -0.140549 0.054847
v -0.00477 -0.126342 0.057858
v -0.039383 -0.158416 -0.038399
v -0.020168 -0.148659 0.052191
v -0.037417 -0.161425 -0.040315
v -0.001924 -0.132879 0.057327
v -0.002487 -0.125616 0.058101
v -0.027056 -0.164115 0.048183
v -0.023772 -0.168761 -0.0496
v -0.022137 -0.168807 -0.050354
v -0.013176 -0.145035 0.054691
v -0.010163 -0.140511 0.055702
v -0.017832 -0.152507 0.052831
v -0.005825 -0.137168 0.056638
v -0.003469 -0.1382 0.05675
v -0.02524 -0.168626 -0.048869
v 0.000212 -0.125518 0.058177
v 0.000845 -0.134853 0.057165
v -0.028523 -0.173464 -0.047033
v -0.039001 -0.166385 -0.038782
v -0.032205 -0.169748 -0.044592
v -0.033954 -0.17005 -0.04327
v -0.033121 -0.163056 -0.043913
v -0.007992 -0.140147 0.056099
v -0.01551 -0.152215 0.05359
v -0.052199 -0.133939 -0.017342
v -0.051398 -0.131655 -0.019587
v -0.05199 -0.142678 -0.017946
v -0.05135 -0.145908 -0.019707
v -0.050352 -0.142476 -0.022145
v -0.030368 -0.167974 -0.045858
v -0.022756 -0.156124 0.05069
v -0.038915 -0.172017 0.038987
v -0.035454 -0.167121 -0.042052
v -0.014019 -0.153805 0.053919
v -0.01946 -0.159419 0.051903
v -0.037963 -0.173231 -0.039805
v -0.007167 -0.146173 0.055751
v -0.051998 -0.150427 -0.017924
v -0.004493 -0.143558 0.056228
v -0.001005 -0.14177 0.056553
v -0.01744 -0.160877 0.052563
v -0.025049 -0.170789 0.04908
v -0.024882 -0.163019 0.049393
v -0.051736 -0.159226 -0.01868
v -0.050888 -0.153773 -0.020875
v -0.00863 -0.154011 0.055039
v -0.010315 -0.146103 0.055246
v -0.01064 -0.15335 0.054716
v -0.015277 -0.160827 0.053242
v -0.021942 -0.163481 0.050758
v -0.052338 -0.127554 0.017828
v -0.051993 -0.139736 0.01861
v -0.051571 -0.136374 0.019909
v -0.050261 -0.126463 0.02359
v -0.051031 -0.136409 0.021361
v -0.050503 -0.13541 0.022703
v -0.053166 -0.172925 -0.014108
v -0.053462 -0.165807 -0.012937
v -0.03473 -0.169801 0.042801
v -0.054067 -0.166001 -0.010121
v -0.054273 -0.173359 -0.008931
v -0.054531 -0.167936 -0.007188
v -0.006041 -0.154684 0.05535
v -0.032848 -0.171547 0.044234
v -0.019735 -0.170441 0.051454
v -0.021541 -0.171436 0.050704
v -0.023161 -0.170189 0.050013
v -0.051753 -0.150984 0.019084
v -0.029908 -0.164323 0.046457
v -0.027373 -0.174053 0.047775
v -0.030415 -0.173755 0.045911
v -0.00342 -0.147076 0.056045
v -0.050672 -0.150937 0.021903
v -0.017787 -0.171399 0.052135
v -0.054692 -0.172832 -0.005849
v -0.029421 -0.178805 0.046485
v -0.051142 -0.1584 0.02058
v -0.052053 -0.158408 0.018069
v -0.054954 -0.179763 -0.002294
v -0.054971 -0.16775 -0.001919
v -0.016021 -0.170515 0.052723
v -0.054998 -0.167694 0.000714
v -0.054945 -0.172189 0.002519
v -0.04721 -0.158743 0.028632
v -0.047475 -0.167163 0.027979
v -0.030891 -0.156459 0.046096
v -0.01372 -0.170102 0.053377
v -0.014032 -0.162439 0.053526
v -0.003613 -0.155253 0.055535
v 0.001251 -0.149072 0.056014
v -0.002067 -0.150516 0.055883
v 0.00073 -0.155621 0.055628
v -0.033621 -0.126365 -0.043543
v -0.033177 -0.133535 -0.043873
v -0.011607 -0.162147 0.054111
v -0.00902 -0.164314 0.054524
v -0.009811 -0.170233 0.054222
v -0.011572 -0.170161 0.053878
v -0.006215 -0.162658 0.05498
v -0.032184 -0.157164 -0.044605
v -0.0077 -0.170419 0.054559
v -0.005531 -0.171783 0.054794
v -0.002083 -0.159233 0.055414
v 0.000672 -0.164448 0.055255
v -0.052693 -0.142588 -0.015775
v -0.052902 -0.134921 -0.015045
v -0.002551 -0.167271 0.055116
v -0.003649 -0.162772 0.055191
v 0.000617 -0.17325 0.05505
v -0.002243 -0.173164 0.055007
v -0.052686 -0.150406 -0.0158
v -0.039991 -0.170813 -0.037766
v -0.041781 -0.171016 -0.03577
v -0.040925 -0.160641 -0.036747
v -0.052694 -0.158288 -0.01577
v -0.052745 -0.166295 -0.015604
v -0.053182 -0.126266 0.014826
v -0.052541 -0.136072 0.016948
v -0.051832 -0.169188 -0.018406
v -0.05136 -0.126503 0.020784
v -0.008665 -0.172536 -0.054316
v -0.05234 -0.17444 -0.016907
v -0.047016 -0.159299 -0.028545
v -0.047297 -0.150297 -0.028071
v -0.046977 -0.1421 -0.028609
v -0.05273 -0.149251 0.016075
v -0.045348 -0.171144 -0.031123
v -0.046243 -0.167742 -0.029787
v -0.044354 -0.167445 -0.032525
v -0.047413 -0.170611 -0.027876
v -0.052638 -0.158204 0.016238
v -0.054867 -0.169991 -0.003844
v -0.053135 -0.163034 0.014404
v -0.053045 -0.173207 0.014627
v -0.052144 -0.164414 0.01771
v -0.04868 -0.158394 0.025998
v -0.048669 -0.16593 0.025855
v -0.03265 -0.133096 0.046196
v -0.034742 -0.134874 0.04438
v -0.052375 -0.173575 0.016868
v -0.0311 -0.127444 0.047802
v -0.029274 -0.125955 0.049191
v -0.051161 -0.165773 0.020402
v -0.051399 -0.175373 0.01963
v -0.033737 -0.144208 -0.043438
v -0.045481 -0.173256 0.031031
v -0.046787 -0.175633 0.028977
v -0.032706 -0.15012 -0.044221
v -0.044411 -0.174009 0.032531
v -0.012246 -0.154406 0.05432
v -0.053281 -0.134021 -0.013652
v -0.053458 -0.142756 -0.012954
v -0.053622 -0.131524 -0.012237
v -0.053468 -0.15114 -0.012912
v -0.001988 -0.17392 -0.054965
v -0.053462 -0.158703 -0.012934
v -0.047129 -0.123143 -0.028366
v -0.045662 -0.123841 -0.030665
v -0.047008 -0.132506 -0.028559
v -0.044031 -0.13018 -0.032967
v -0.045017 -0.134891 -0.031604
v -0.049136 -0.157893 -0.024724
v -0.049106 -0.171534 -0.024783
v -0.050199 -0.165859 -0.022484
v -0.043029 -0.1773 -0.034262
v -0.042325 -0.138351 -0.03513
v -0.04327 -0.141634 -0.033959
v -0.053062 -0.134586 0.015134
v -0.050606 -0.177775 -0.021542
v -0.051066 -0.168998 -0.020435
v -0.045668 -0.142028 -0.030656
v -0.053626 -0.139023 0.012705
v -0.053465 -0.1479 0.013296
v -0.001753 -0.127443 -0.054976
v 0.000794 -0.127498 -0.054998
v -0.044522 -0.142341 -0.032294
v -0.019372 -0.127227 -0.05148
v -0.022816 -0.134824 -0.050058
v -0.021985 -0.127143 -0.05042
v -0.045705 -0.151219 -0.0306
v -0.044536 -0.150073 -0.032273
v -0.001877 -0.167018 -0.05497
v -0.045687 -0.158788 -0.030626
v -0.044552 -0.158278 -0.032252
v -0.053725 -0.15881 0.012019
v -0.004584 -0.170478 -0.054814
v -0.004498 -0.127468 -0.05482
v -0.04323 -0.150646 -0.034009
v -0.043215 -0.158893 -0.034031
v -0.050011 -0.167297 0.023089
v -0.049989 -0.158348 0.023311
v -0.032731 -0.164964 0.044483
v -0.022802 -0.142571 -0.050068
v -0.019963 -0.169569 -0.051252
v -0.006783 -0.169995 -0.054582
v -0.006703 -0.127437 -0.054591
v -0.042892 -0.168657 -0.034431
v -0.008834 -0.127456 -0.054291
v -0.04677 -0.126052 0.030583
v -0.046827 -0.132331 0.030185
v -0.045776 -0.127109 0.032156
v -0.044645 -0.127507 0.03384
v -0.046217 -0.136702 0.031006
v -0.030291 -0.138521 -0.04591
v -0.031453 -0.137694 -0.045118
v -0.03085 -0.126625 -0.045539
v -0.048177 -0.133696 0.02772
v -0.043266 -0.132539 0.035502
v -0.043038 -0.126735 0.036139
v -0.011026 -0.172291 -0.053886
v -0.011626 -0.127411 -0.053762
v -0.041001 -0.126897 0.038682
v -0.044695 -0.138081 0.033253
v -0.030914 -0.151126 -0.045496
v -0.012694 -0.170511 -0.053517
v -0.043167 -0.141351 0.035196
v -0.045653 -0.143379 0.03161
v -0.046664 -0.146739 0.029893
v -0.047394 -0.141432 0.028851
v -0.030429 -0.158405 -0.045816
v -0.022989 -0.150366 -0.049978
v -0.044624 -0.145841 0.033028
v -0.014333 -0.127358 -0.053104
v -0.014298 -0.17333 -0.05311
v -0.048052 -0.150712 0.027375
v -0.046447 -0.15363 0.030021
v -0.054103 -0.167457 0.010034
v -0.043094 -0.151316 0.034875
v -0.045075 -0.152476 0.032155
v -0.054297 -0.13002 -0.00879
v -0.053929 -0.130741 -0.010808
v -0.054187 -0.143112 -0.009433
v -0.054071 -0.150755 -0.010095
v -0.015726 -0.174481 -0.052705
v -0.016909 -0.127305 -0.05234
v -0.017993 -0.171345 -0.05198
v -0.050698 -0.175434 0.021392
v -0.02289 -0.158586 -0.050026
v -0.054008 -0.124198 0.011036
v -0.054134 -0.131363 0.010223
v -0.053622 -0.125775 0.012928
v -0.054055 -0.158246 -0.010172
v -0.040044 -0.146504 0.038657
v -0.040115 -0.152481 0.038328
v -0.039552 -0.155482 0.038812
v -0.038399 -0.14582 0.040393
v -0.03657 -0.144813 0.042182
v -0.054205 -0.145145 0.009635
v -0.053963 -0.147767 0.010944
v -0.046268 -0.174461 -0.029741
v -0.054199 -0.158302 0.009542
v -0.031185 -0.163225 0.045639
v -0.028418 -0.126795 -0.047098
v -0.025452 -0.126992 -0.04877
v -0.028054 -0.132368 -0.047307
v -0.025682 -0.132084 -0.048645
v -0.042544 -0.124815 -0.034862
v -0.041509 -0.129648 -0.036087
v -0.0285 -0.140238 -0.047044
v -0.025711 -0.139827 -0.04863
v -0.032654 -0.142205 -0.044259
v -0.028419 -0.149274 -0.047093
v -0.025722 -0.147558 -0.048624
v -0.028448 -0.157482 -0.047076
v -0.025732 -0.155623 -0.048619
v -0.048831 -0.122324 -0.025316
v -0.048156 -0.134268 -0.026573
v -0.048781 -0.139018 -0.025408
v -0.028508 -0.164831 -0.047039
v -0.025662 -0.163688 -0.048655
v -0.05503 -0.134042 -0.000225
v -0.054719 -0.130954 -0.005612
v -0.05485 -0.138281 -0.004191
v -0.054912 -0.127624 -0.003186
v -0.05501 -0.127034 -0.00018
v -0.054504 -0.138423 -0.007393
v -0.054519 -0.146195 -0.007281
v -0.054991 -0.14257 0.001396
v -0.054974 -0.142572 -0.001871
v -0.054799 -0.142564 -0.004749
v -0.044374 -0.17635 -0.032496
v -0.048098 -0.149647 -0.026678
v -0.054877 -0.137022 0.003978
v -0.054454 -0.130263 0.008139
v -0.054893 -0.127084 0.003648
v -0.054711 -0.127362 0.005997
v -0.054617 -0.136802 0.006763
v -0.054518 -0.152577 -0.007294
v -0.021278 -0.176051 -0.050717
v -0.049012 -0.151799 -0.024969
v -0.054991 -0.150352 0.001396
v -0.054848 -0.147034 -0.004193
v -0.054974 -0.150353 -0.001867
v -0.054866 -0.145389 0.004078
v -0.054523 -0.144733 0.007507
v -0.05452 -0.159301 -0.007282
v -0.048167 -0.170163 -0.026552
v -0.049265 -0.127111 0.025784
v -0.049526 -0.138442 0.024838
v -0.048119 -0.12698 0.028104
v -0.054849 -0.155063 -0.004184
v -0.048446 -0.141835 0.026907
v -0.054994 -0.158625 0.001257
v -0.054975 -0.158569 -0.001862
v -0.041615 -0.13168 0.037642
v -0.054826 -0.150344 0.004561
v -0.054587 -0.153071 0.0069
v -0.041521 -0.139343 0.037336
v -0.054868 -0.154807 0.003983
v -0.054854 -0.163123 -0.00409
v -0.05358 -0.168664 0.012548
v -0.054971 -0.12464 0.001813
v -0.032888 -0.127297 0.046464
v -0.041388 -0.14661 0.037147
v -0.036669 -0.135621 0.042631
v -0.043351 -0.160635 0.034238
v -0.041485 -0.153159 0.036762
v -0.049919 -0.17752 0.023126
v -0.047594 -0.177726 0.0276
v -0.040826 -0.134712 -0.036857
v -0.040916 -0.147062 -0.036758
v -0.049818 -0.128761 -0.02332
v -0.041845 -0.154448 -0.035692
v -0.049546 -0.144002 -0.023881
v -0.050137 -0.134768 -0.02262
v -0.050126 -0.150385 -0.022644
v -0.050137 -0.158605 -0.022621
v -0.049467 -0.150689 0.024613
v -0.040041 -0.137134 0.039138
v -0.034861 -0.12719 0.04485
v -0.038353 -0.135146 0.041025
v -0.040137 -0.125305 -0.037611
v -0.050847 -0.132562 -0.020973
v -0.038798 -0.127053 0.041108
v -0.036726 -0.127368 0.043148
v -0.027838 -0.125305 0.050179
v -0.026247 -0.127184 0.050956
v -0.024566 -0.123843 0.052208
v -0.038433 -0.034387 0.09403
v -0.03781 -0.032094 0.098756
v -0.039845 -0.032334 0.093835
v -0.013331 -0.119015 0.057349
v -0.010166 -0.115842 0.058712
v -0.012525 -0.115008 0.058353
v -0.003215 -0.092206 0.067643
v -0.002746 -0.087887 0.069818
v -0.006432 -0.088392 0.069148
v -0.033921 -0.061738 0.072663
v -0.034321 -0.0576 0.075473
v -0.03609 -0.058439 0.072815
v -0.014726 -0.057035 0.090553
v -0.016792 -0.053938 0.092993
v -0.016969 -0.056834 0.089745
v -0.039555 -0.112463 0.042714
v -0.040037 -0.108439 0.043253
v -0.040966 -0.110986 0.041494
v -0.006259 -0.062559 0.087458
v -0.004845 -0.060196 0.08998
v -0.008208 -0.061913 0.087687
v -0.037816 -0.120946 0.042837
v -0.036228 -0.11989 0.044514
v -0.037053 -0.116068 0.044442
v -0.006798 -0.12275 0.058083
v -0.005988 -0.119577 0.058694
v -0.00966 -0.122952 0.057584
v -0.008708 -0.119035 0.058376
v -0.021074 -0.075354 0.072394
v -0.022345 -0.071479 0.074359
v -0.023749 -0.076777 0.070045
v -0.024123 -0.071158 0.07357
v 0.000176 -0.06563 0.085277
v 0.000114 -0.063351 0.087351
v -0.002432 -0.063786 0.086799
v -0.003226 -0.122386 0.058507
v -0.027079 -0.097771 0.057538
v -0.023869 -0.094449 0.060696
v -0.026469 -0.094161 0.059387
v -0.024179 -0.099046 0.058675
v -0.03135 -0.043567 0.093243
v -0.031764 -0.040131 0.097339
v -0.032946 -0.039543 0.09646
v -0.018661 -0.110128 0.057562
v -0.01617 -0.104407 0.060171
v -0.018489 -0.104337 0.059364
v -0.011188 -0.119865 0.057736
v -0.041531 -0.048334 0.073304
v -0.041751 -0.044239 0.076408
v -0.043087 -0.045774 0.072687
v -0.045413 -0.100497 0.038945
v -0.0439 -0.096027 0.042818
v -0.045135 -0.095166 0.041438
v -0.044219 -0.101411 0.040332
v -0.01537 -0.081505 0.070869
v -0.015864 -0.07704 0.073467
v -0.017979 -0.078835 0.071532
v -0.054853 -0.037812 0.049346
v -0.054199 -0.029971 0.054519
v -0.054877 -0.026614 0.053248
v -0.040309 -0.103914 0.044332
v -0.041954 -0.109729 0.040641
v -0.049147 -0.011329 0.08864
v -0.047489 -0.009877 0.097945
v -0.04798 -0.007629 0.097423
v -0.041358 -0.103259 0.043346
v -0.009495 -0.088244 0.068695
v -0.008219 -0.084791 0.070792
v -0.010774 -0.083556 0.070956
v -0.04932 -0.030891 0.069846
v -0.048991 -0.027151 0.073898
v -0.050233 -0.025162 0.071183
v -0.011684 -0.110491 0.059637
v -0.014916 -0.115007 0.057686
v -0.014076 -0.110389 0.059037
v -0.021013 -0.053343 0.091207
v -0.018637 -0.05183 0.094455
v -0.021494 -0.04999 0.094782
v -0.038924 -0.116976 0.042401
v -0.037979 -0.113265 0.044155
v -0.047772 -0.093063 0.038147
v -0.046326 -0.087037 0.043238
v -0.047612 -0.086875 0.041232
v -0.046471 -0.092276 0.040647
v -0.025892 -0.048114 0.093516
v -0.025948 -0.045384 0.096939
v -0.028175 -0.04464 0.095621
v -0.052017 -0.042881 0.055205
v -0.052069 -0.038432 0.057314
v -0.053332 -0.040186 0.052908
v -5E-05 -0.092416 0.067739
v 1.4E-05 -0.088959 0.069416
v -0.011786 -0.059411 0.089184
v -0.009236 -0.057234 0.092202
v -0.012123 -0.057193 0.091378
v -0.008847 -0.059435 0.089995
v -0.04722 -0.036593 0.071235
v -0.048279 -0.030737 0.073124
v -0.048147 -0.035664 0.069571
v -0.029167 -0.093351 0.058032
v -0.028361 -0.087603 0.061223
v -0.030343 -0.087056 0.060134
v -0.05119 -0.0241 0.068393
v -0.050762 -0.020368 0.07285
v -0.051829 -0.019058 0.069234
v -0.045712 -0.040727 0.07149
v -0.046169 -0.035262 0.075012
v -0.033696 -0.040838 0.093548
v -0.034783 -0.037124 0.097
v -0.039554 -0.029586 0.09866
v -0.04112 -0.028454 0.096344
v -0.046763 -0.098476 0.037599
v -0.032408 -0.06221 0.073802
v -0.036153 -0.054518 0.075877
v -0.037688 -0.05314 0.075066
v -0.038445 -0.055551 0.072133
v -0.048978 -0.006195 0.093453
v -0.048722 -0.003076 0.096174
v -0.050212 -0.003655 0.088324
v -0.01323 -0.054489 0.093978
v -0.044327 -0.040913 0.074333
v -0.044515 -0.043187 0.072045
v -0.002031 -0.06151 0.088993
v -0.013211 -0.084851 0.069617
v -0.012959 -0.081632 0.071532
v -0.017731 -0.074434 0.074498
v -0.020895 -0.078391 0.07054
v -0.049854 -0.056091 0.05318
v -0.048792 -0.048912 0.05941
v -0.050153 -0.049529 0.056137
v -0.048701 -0.056726 0.055112
v -0.047706 -0.014454 0.092319
v -0.046471 -0.012062 0.100443
v -0.048181 -0.012383 0.092293
v -0.054834 -0.069803 0.034138
v -0.054056 -0.062632 0.040238
v -0.054829 -0.063629 0.037582
v -0.053581 -0.073176 0.035774
v -0.037956 -0.109502 0.045142
v -0.038665 -0.050154 0.076222
v -0.040239 -0.04769 0.075953
v -0.039835 -0.051736 0.073204
v -0.006345 -0.058939 0.091025
v -0.029785 -0.0425 0.096634
v -0.030264 -0.065121 0.073547
v -0.030236 -0.061832 0.076108
v -0.042307 -0.027788 0.094046
v -0.04242 -0.023726 0.099826
v -0.043278 -0.025586 0.094346
v -0.045439 -0.020695 0.093868
v -0.044631 -0.017736 0.101007
v -0.045808 -0.017504 0.096714
v -0.03188 -0.123612 0.047617
v -0.034697 -0.123868 0.045338
v -0.004631 -0.08731 0.069945
v -0.04267 -0.043372 0.075489
v -0.018822 -0.054057 0.091763
v -0.016436 -0.110313 0.05832
v -0.048932 -0.09172 0.036646
v -0.048822 -0.085452 0.039793
v -0.047321 -0.031881 0.074926
v -0.04477 -0.02325 0.09277
v -0.0441 -0.020654 0.098821
v -0.050001 -0.087527 0.036492
v -0.049902 -0.073361 0.043896
v -0.050712 -0.08085 0.03838
v -0.026722 -0.089863 0.061172
v -0.020089 -0.071891 0.075234
v -0.042789 -0.102378 0.041895
v -0.042346 -0.095337 0.045092
v -0.032255 -0.059026 0.076489
v -0.036037 -0.036767 0.095313
v -0.036591 -0.034595 0.097445
v -0.035423 -0.114509 0.046275
v -0.039215 -0.10454 0.045314
v -0.053049 -0.068903 0.039457
v -0.041931 -0.069842 0.058219
v -0.042036 -0.064636 0.06117
v -0.043412 -0.070871 0.055656
v -0.044147 -0.063256 0.059029
v -0.023605 -0.049589 0.093662
v -0.02411 -0.046696 0.096911
v -0.027346 -0.067067 0.074409
v -0.027305 -0.063759 0.07696
v -0.019003 -0.100907 0.060349
v -0.021389 -0.099422 0.059904
v -0.022099 -0.103779 0.058008
v -0.036372 -0.111018 0.046249
v -0.007777 -0.114905 0.059361
v -0.015036 -0.052432 0.095608
v -0.036342 -0.079204 0.059204
v -0.03675 -0.073034 0.062288
v -0.038697 -0.074864 0.059187
v -0.048826 -0.000149 0.096328
v -0.050006 -0.000493 0.090335
v -0.044892 -0.088294 0.044767
v -0.005072 -0.084615 0.071368
v -0.013564 -0.077075 0.074201
v -0.044833 -0.036715 0.076966
v 2.4E-05 -0.060792 0.089817
v -0.053522 -0.009156 0.06631
v -0.052782 -0.00328 0.073703
v -0.053883 -0.007115 0.065047
v -0.021562 -0.094756 0.061696
v -0.03233 -0.119657 0.047847
v -0.034737 -0.120305 0.045776
v -0.036136 -0.032814 0.101129
v -0.014006 -0.10592 0.060366
v -0.02892 -0.041288 0.099418
v -0.048746 -0.077762 0.043775
v -0.051532 -0.016528 0.072364
v -0.046223 -0.061205 0.056973
v -0.046327 -0.055058 0.060444
v -0.047518 -0.057945 0.056606
v -0.045087 -0.014938 0.102942
v -0.036895 -0.05119 0.077797
v -0.008952 -0.111913 0.059863
v -0.005668 -0.115556 0.059507
v -0.002846 -0.119241 0.05905
v -0.026698 -0.043104 0.099344
v -0.037492 -0.105303 0.046824
v -0.031012 -0.038911 0.100216
v -0.033435 -0.114035 0.048065
v -0.024585 -0.066507 0.076707
v -0.026615 -0.070687 0.072313
v -0.043513 -0.022934 0.097467
v -0.054444 -0.004864 0.062233
v -0.053778 -0.000499 0.068172
v -0.03353 -0.036555 0.099987
v -0.00733 -0.081325 0.072968
v -0.038823 -0.069053 0.06246
v -0.040389 -0.070678 0.059651
v -0.018813 -0.048677 0.098265
v -0.044265 -0.058323 0.061861
v -0.040785 -0.097907 0.045945
v -0.050371 -0.044329 0.05853
v -0.050952 -0.04044 0.05925
v -0.010127 -0.054371 0.095166
v -0.052645 -0.014645 0.068149
v 0.000266 -0.121326 0.058793
v -0.001898 -0.058575 0.091981
v -0.054408 -0.025108 0.055561
v -0.006628 -0.056813 0.093257
v -0.032674 -0.084956 0.059421
v -0.031453 -0.08022 0.062883
v -0.03377 -0.082683 0.059683
v -0.021607 -0.047217 0.098273
v -0.052086 -0.081307 0.035076
v -0.052325 -0.06348 0.044031
v -0.043642 -0.089682 0.045857
v -0.047481 -0.05032 0.061211
v -0.054105 -0.036255 0.052315
v -0.053417 -0.036291 0.05442
v -0.032926 -0.116352 0.047979
v -0.046377 -0.01502 0.097489
v -0.037838 -0.029361 0.103144
v -0.033949 -0.054965 0.07812
v -0.039502 -0.027288 0.102479
v -0.040847 -0.02456 0.103243
v -0.051508 -0.035833 0.060283
v -0.024072 -0.044294 0.100231
v -0.008798 -0.078958 0.074171
v -0.049957 -0.020201 0.076373
v -0.034745 -0.109402 0.048116
v -0.04898 -0.023836 0.076918
v -0.003323 -0.057077 0.093465
v -0.012499 -0.052308 0.096837
v -0.039324 -0.098705 0.047252
v 0.000125 -0.058597 0.092064
v -0.011088 -0.077164 0.074821
v -0.047502 -0.079403 0.045075
v -0.051653 -0.011849 0.075229
v -0.05286 -0.010877 0.06923
v -0.035097 -0.073786 0.063469
v -0.040508 -0.06548 0.062638
v -0.002645 -0.115956 0.059718
v -0.051356 -0.081767 0.036521
v -0.050952 -0.058307 0.049739
v -0.029662 -0.121697 0.049443
v -0.02473 -0.089608 0.062446
v -0.03313 -0.077053 0.063311
v -0.034528 -0.079895 0.060503
v -0.038442 -0.047155 0.079262
v -0.034901 -0.033048 0.103175
v -0.047802 -0.027433 0.077591
v -0.052892 -0.030824 0.058591
v -0.05483 -0.056234 0.041382
v -0.035795 -0.10598 0.048191
v -0.040669 -0.043742 0.078828
v -3E-06 -0.085027 0.071519
v -0.00792 -0.054391 0.095726
v -0.022838 -0.066853 0.077515
v -0.005153 -0.081976 0.072893
v -0.006732 -0.111696 0.060277
v -0.029202 -0.059984 0.078523
v -0.002334 -0.083092 0.072492
v -0.046599 -0.030826 0.077988
v 0.000172 -0.117592 0.05947
v -0.016442 -0.049058 0.099156
v -0.018744 -0.095783 0.06247
v -0.027918 -0.03966 0.103101
v -0.043297 -0.03802 0.079196
v -0.030823 -0.117059 0.049417
v -0.031063 -0.056534 0.079786
v -0.033054 -0.109493 0.049485
v -0.016247 -0.099888 0.06174
v -0.022008 -0.044757 0.101357
v -0.046182 -0.078852 0.047446
v -0.05312 -0.059261 0.04433
v -0.029857 -0.037984 0.103282
v -0.04671 -0.006911 0.103811
v -0.00862 -0.108853 0.060737
v -0.029058 -0.082883 0.06321
v -0.053386 -0.027678 0.058336
v -0.03429 -0.052453 0.079968
v -0.032022 -0.03613 0.103094
v -0.032041 -0.03378 0.107001
v -0.026608 -0.040643 0.103104
v -0.05042 -0.016036 0.078
v -0.048684 -0.068682 0.048623
v -0.005414 -0.054007 0.096678
v -0.04703 -0.004555 0.103613
v -0.010723 -0.104498 0.061635
v -0.041465 -0.021148 0.106867
v -0.045649 -0.009277 0.10667
v -0.052182 -0.032664 0.059935
v -0.021122 -0.067112 0.078281
v -0.012041 -0.10119 0.062472
v -0.010008 -0.052183 0.097855
v -0.02613 -0.084856 0.064032
v -0.042035 -0.020176 0.106582
v -0.014538 -0.07222 0.077259
v -0.037051 -0.099776 0.049138
v -0.013433 -0.050089 0.099273
v -0.043396 -0.016822 0.106844
v -0.030645 -0.113893 0.050208
v -0.018789 -0.069589 0.077531
v -0.040159 -0.093888 0.048271
v -0.045327 -0.03241 0.079959
v -0.039905 -0.024175 0.106581
v -0.019609 -0.045223 0.102506
v -4.9E-05 -0.056075 0.094806
v -0.041442 -0.040695 0.080389
v -0.004323 -0.11206 0.060475
v -0.025972 -0.123055 0.05154
v -0.024221 -0.04159 0.104163
v -0.022346 -0.089995 0.063495
v -0.042081 -0.088296 0.048478
v -0.042738 -0.018633 0.106585
v -0.037001 -0.047117 0.081435
v -0.02519 -0.061994 0.079949
v -0.042196 -0.059721 0.064048
v -0.002312 -0.054901 0.096029
v -0.02704 -0.119739 0.051403
v -0.044781 -0.012634 0.106869
v -0.050827 -0.013642 0.078107
v -0.028717 -0.116314 0.050982
v -0.027136 -0.059921 0.080276
v -0.053027 0.00046 0.073335
v -0.016368 -0.070956 0.077538
v -0.038454 -0.026492 0.106526
v -0.013907 -0.099978 0.062431
v -0.0054 -0.108555 0.061307
v -0.036269 -0.02924 0.106864
v -0.033416 -0.032411 0.106991
v -0.030844 -0.110041 0.051009
v -0.045251 -0.010866 0.106846
v -0.04889 -0.042878 0.062839
v -0.001659 -0.111977 0.060689
v -0.046557 -0.001951 0.106588
v -0.047691 0.000628 0.101693
v -0.012525 -0.049026 0.101057
v -0.017493 -0.045589 0.103376
v -0.01519 -0.047318 0.102193
v -0.033868 -0.105249 0.050087
v -0.038816 -0.044528 0.081225
v -0.0407 -0.022735 0.106671
v -0.006677 -0.051086 0.100086
v -0.00556 -0.078344 0.07511
v -0.054977 -0.117442 0.001415
v -0.055009 -0.111715 -4.7E-05
v -0.034553 -0.031093 0.107115
v -0.044721 -0.079408 0.049307
v -0.045068 -0.052301 0.064394
v -0.054914 -0.119799 0.002984
v -0.012659 -0.073462 0.076962
v -0.007841 -0.104367 0.062234
v -2.4E-05 -0.113415 0.060399
v -0.004022 -0.052705 0.098474
v -0.003346 -0.078851 0.075029
v -0.04949 -0.040494 0.062904
v -0.029091 -0.079498 0.065064
v -0.054739 -0.121692 0.005581
v -0.044083 -0.014858 0.106897
v -0.04374 -0.01579 0.106947
v -0.043304 -0.034181 0.083232
v -0.015912 -0.095972 0.063406
v -0.03076 -0.034976 0.106979
v -0.038901 -0.065206 0.064789
v -0.028662 -0.036681 0.107054
v -0.051722 -0.004412 0.079585
v -0.044371 -0.01396 0.106909
v -0.035295 -0.100453 0.050489
v -0.009801 -0.049478 0.101416
v -0.054596 -0.122355 0.006998
v -0.054799 -0.118286 0.004974
v -0.00841 -0.075947 0.076246
v -0.034831 -0.049633 0.081965
v -0.028382 -0.057528 0.081369
v -0.04624 -0.050116 0.063721
v -7.8E-05 -0.081506 0.073576
v -0.039987 -0.090121 0.050087
v -0.027053 -0.037836 0.107135
v 0.000306 -0.053889 0.097348
v -0.054909 -0.110949 0.004562
v -0.031423 -0.053593 0.082116
v -0.002022 -0.052644 0.098758
v -0.023479 -0.062371 0.08078
v -0.043432 -0.080818 0.050347
v -0.04635 -0.003951 0.106891
v -0.037895 -0.094941 0.050207
v -0.054328 -0.121981 0.009141
v -0.051345 -0.00696 0.080313
v -0.042066 -0.036806 0.083155
v -0.054777 -0.110335 0.007196
v -0.021721 -0.041299 0.106903
v -0.046885 -0.025845 0.082264
v -0.036711 -0.067398 0.065826
v -0.025299 -0.039078 0.107083
v -0.047805 -0.044235 0.064401
v -0.046004 -0.007297 0.106647
v -0.054626 -0.111453 0.008545
v -0.054207 -0.01961 0.058418
v -0.054959 -0.105635 0.008148
v -0.049034 -0.019275 0.081146
v -0.048282 -0.02223 0.081157
v -0.023153 -0.040232 0.107323
v -0.053768 -0.05272 0.045931
v -0.013162 -0.046476 0.104383
v -0.054405 -0.114958 0.009507
v -0.019525 -0.089995 0.064772
v -0.046164 -0.005471 0.106975
v -0.046436 -0.002504 0.106939
v -0.02358 -0.085303 0.065225
v -0.047452 -0.072118 0.048928
v -0.040697 -0.060583 0.065546
v -0.019132 -0.042353 0.107256
v -0.054907 -0.015806 0.056346
v -0.000136 -0.052322 0.099265
v -0.01687 -0.067591 0.079927
v -0.046505 0.000489 0.106943
v -0.018591 -0.092654 0.063902
v -0.004421 -0.05024 0.101617
v -0.018833 -0.06525 0.080959
v -0.014584 -0.044472 0.106741
v -0.054 -0.117383 0.011796
v -0.011205 -0.046742 0.104809
v -0.033443 -0.100885 0.051897
v -0.008313 -0.047803 0.104185
v -0.009112 -0.073451 0.077876
v -0.031631 -0.074233 0.066252
v -0.04304 -0.054489 0.066284
v -0.016553 -0.043523 0.107135
v 0.000381 -0.110539 0.06113
v -0.02109 -0.063876 0.080955
v -0.005404 -0.048506 0.103849
v -0.000481 -0.050651 0.101404
v -0.053558 -0.118552 0.013934
v -0.039193 -0.042233 0.082949
v -0.031862 -0.106001 0.051421
v -0.0048 -0.105468 0.062307
v -0.012712 -0.044613 0.107402
v -0.010725 -0.045189 0.107324
v -0.035502 -0.046953 0.083758
v -0.05426 -0.110954 0.011895
v -0.006124 -0.045898 0.107517
v -0.005421 -0.075699 0.076908
v -0.003384 -0.048012 0.104825
v -0.054655 -0.105182 0.011734
v -0.053166 -0.119784 0.015487
v -0.013547 -0.096001 0.064111
v -0.00822 -0.045712 0.107329
v -0.000793 -0.048071 0.104936
v -0.053858 -0.112144 0.013959
v -0.004233 -0.046121 0.107517
v -0.00173 -0.046331 0.107442
v -0.049994 -0.036123 0.064315
v 0.000664 -0.046595 0.107089
v -0.024073 -0.118354 0.053305
v -8E-05 -0.078112 0.075724
v -0.052546 -0.121327 0.017649
v -0.045895 -0.027761 0.083346
v -0.040006 -0.085531 0.052194
v -0.053409 -0.113297 0.015864
v -0.026089 -0.11445 0.052976
v -0.03909 -0.061975 0.066687
v -0.002089 -0.108244 0.061687
v -0.041934 -0.081085 0.052123
v -0.032731 -0.050074 0.084099
v -0.033289 -0.071337 0.066643
v -0.011269 -0.070068 0.079876
v -0.040606 -0.039089 0.083714
v -0.054326 -0.104057 0.014694
v -0.027957 -0.110869 0.052718
v -0.054929 -0.099767 0.013234
v -0.037717 -0.091149 0.051996
v -0.03557 -0.095919 0.051994
v -0.035031 -0.068165 0.067051
v -0.032051 -0.101846 0.052645
v -0.051818 -0.123286 0.01975
v -0.025853 -0.05812 0.082898
v -0.054039 -0.104945 0.015893
v -0.052849 -0.114744 0.017797
v -0.013852 -0.068907 0.080028
v -0.029902 -0.105265 0.05305
v -0.020766 -0.087127 0.065668
v -0.054674 -0.100012 0.01493
v -0.021646 -0.120642 0.054083
v -0.05373 -0.10641 0.016809
v -0.052673 -0.025819 0.061837
v -0.04923 -0.016922 0.082705
v -0.028753 -0.054491 0.08389
v -0.052153 -0.116177 0.019923
v -0.051059 -0.032993 0.063208
v -0.053313 -0.107547 0.018221
v -0.02616 -0.080162 0.066611
v -0.046646 -0.0452 0.066211
v -0.007973 -0.099768 0.063858
v -0.029225 -0.075011 0.067641
v -0.053264 -0.021025 0.061871
v -0.052713 -0.108801 0.020102
v -0.050881 -0.12311 0.022409
v -0.022014 -0.061074 0.082849
v -0.054902 -0.092905 0.018677
v -0.044161 -0.029708 0.086232
v -0.051318 -0.117836 0.022071
v -0.043921 -0.052067 0.066521
v -0.037063 -0.043491 0.085149
v -0.023848 -0.114581 0.054163
v -0.011077 -0.095826 0.064812
v -0.053446 -0.044376 0.05069
v -0.054839 -0.046867 0.045666
v 0.000124 -0.107486 0.062003
v -0.005376 -0.102801 0.063122
v -0.054267 -0.098404 0.018329
v -0.051982 -0.109776 0.022194
v -0.002192 -0.075533 0.077364
v -0.014743 -0.091194 0.065911
v -0.050501 -0.119314 0.023945
v -0.008606 -0.071247 0.079616
v -0.030357 -0.102092 0.05379
v -0.053679 -0.099879 0.020188
v -0.047651 -0.021535 0.08437
v -0.00547 -0.07333 0.07859
v -0.023336 -0.058695 0.084193
v -0.031376 -0.050541 0.085174
v -0.051492 -0.111435 0.023143
v -0.046112 -0.068967 0.052771
v -0.041054 -0.056209 0.068065
v -0.053085 -0.100528 0.022195
v -0.019609 -0.121027 0.054901
v -0.014381 -0.065622 0.082523
v -0.049602 -0.120611 0.025824
v -0.050861 -0.111682 0.024779
v -0.050193 -0.009071 0.085188
v -0.033585 -0.047464 0.085786
v -0.048475 -0.120393 0.028229
v -0.051332 -0.05036 0.053045
v -0.035358 -0.091423 0.054081
v -0.051416 -0.000241 0.082813
v -0.052545 -0.102703 0.023076
v -0.038806 -0.039609 0.086557
v -0.016789 -0.090525 0.065559
v -0.000193 -0.104555 0.062933
v -0.027571 -0.107139 0.053999
v -0.048666 -0.124024 0.02732
v -0.042298 -0.033898 0.085991
v -0.038486 -0.086194 0.053499
v -0.008825 -0.095745 0.065313
v -0.050132 -0.11524 0.025688
v -0.019611 -0.061348 0.083984
v -0.054463 -0.092274 0.021268
v -0.032715 -0.096921 0.053986
v -0.051397 -0.028144 0.065038
v -0.051436 -0.002217 0.08211
v -0.025292 -0.109199 0.054721
v -0.036936 -0.063924 0.067895
v -0.020756 -0.084384 0.067124
v -0.026424 -0.055123 0.085312
v -0.053417 -0.095937 0.023335
v -0.016278 -0.064421 0.082828
v -0.049863 -0.111003 0.027409
v -0.048993 -0.114278 0.028406
v -0.047552 -0.123401 0.029526
v -0.04906 -0.036644 0.066484
v -0.029351 -0.051364 0.086467
v -0.051752 -0.103516 0.025142
v -0.002721 -0.102545 0.063474
v -0.050814 -0.104865 0.027138
v -0.04469 -0.048552 0.06767
v 1.2E-05 -0.07445 0.078245
v -0.047212 -0.06523 0.053049
v -0.054878 -0.085823 0.023891
v -0.002713 -0.072011 0.079875
v -0.047883 -0.114473 0.030558
v -0.005919 -0.070004 0.081047
v -0.022871 -0.081391 0.067772
v -0.011976 -0.065764 0.083197
v -0.04063 -0.036456 0.086672
v -0.053535 -0.016501 0.062777
v -0.052843 -0.094218 0.026135
v -0.01783 -0.087386 0.066743
v -0.054126 -0.088894 0.024782
v -0.035365 -0.043504 0.087728
v -0.052235 -0.095568 0.027274
v -0.044694 -0.070019 0.054325
v -0.042636 -0.031545 0.088053
v -0.031849 -0.069236 0.069282
v -0.026313 -0.075688 0.069208
v -0.053706 -0.013483 0.063313
v -0.05448 -0.010888 0.060075
v -0.021637 -0.115064 0.055125
v -0.00429 -0.099626 0.064403
v -0.046756 -0.116752 0.032037
v -0.009457 -0.067635 0.082294
v -0.049532 -0.106434 0.02955
v -0.040465 -0.054872 0.06987
v -0.027188 -0.10357 0.055358
v -0.023063 -0.109539 0.05579
v -0.047847 -0.040043 0.067156
v -0.051555 -0.096755 0.028566
v -0.023875 -0.055801 0.086632
v -0.045504 -0.024694 0.088328
v -0.012116 -0.091976 0.066277
v -0.006662 -0.095868 0.065613
v -0.04041 -0.080054 0.054468
v -0.031409 -0.04817 0.087686
v -0.037118 -0.040745 0.088192
v -0.036567 -0.085458 0.055749
v -0.044899 -0.122219 0.034041
v -0.045689 -0.117774 0.033574
v -0.033397 -0.066394 0.069824
v -0.033359 -0.092835 0.055156
v -0.035709 -0.063046 0.069845
v -0.01684 -0.061667 0.085047
v -0.050918 -0.097465 0.029841
v -0.038122 -0.059773 0.069405
v -0.0536 -0.086422 0.028102
v -0.052538 -0.020794 0.065076
v -0.051984 -0.024696 0.065016
v -0.046332 -0.021729 0.08917
v -0.048501 -0.107755 0.031226
v -0.01958 -0.115486 0.055922
v -0.044844 -0.045863 0.069343
v -0.050249 -0.098425 0.030982
v -0.033041 -0.04557 0.088616
v -0.043841 -0.124503 0.035277
v -0.042824 -0.049938 0.069893
v -0.029993 -0.097748 0.055657
v -0.027151 -0.051926 0.087973
v 9E-06 -0.102021 0.063796
v -0.047363 -0.109889 0.032689
v -0.039639 -0.035656 0.089781
v -0.021009 -0.05709 0.087239
v -0.047437 -0.018368 0.088967
v -0.050214 -0.029788 0.067846
v -0.016365 -0.11917 0.056415
v -0.02787 -0.100676 0.055948
v -0.015562 -0.086098 0.068211
v -0.03875 -0.080812 0.055914
v -0.049256 -0.101813 0.031782
v -0.054929 -0.00671 0.058521
v -0.050555 -0.005661 0.085465
v -8E-06 -0.071498 0.08044
v -0.029498 -0.069966 0.070721
v -0.046587 -0.040629 0.069622
v -0.029606 -0.049076 0.088678
v -0.04326 -0.120857 0.036574
v -0.044178 -0.026251 0.090614
v -0.031298 -0.093398 0.056515
v -0.052512 -0.088039 0.0304
v -0.015459 -0.122956 0.056124
v -0.041222 -0.032335 0.090553
v -0.017838 -0.083333 0.068915
v -0.004686 -0.096323 0.065677
v -0.046119 -0.110102 0.034727
v -0.05485 -0.077679 0.029337
v -0.013884 -0.062022 0.08593
v -0.020812 -0.109919 0.056732
v -0.009025 -0.091963 0.066969
v -0.041362 -0.051463 0.071098
v -0.035198 -0.086819 0.056363
v -0.044185 -0.116808 0.036029
v -0.042369 -0.12164 0.037602
v -0.04807 -0.100453 0.034562
v -0.043118 -0.028983 0.090094
v -0.017383 -0.115686 0.05672
v -8.6E-05 -0.098743 0.065026
v -0.02506 -0.052426 0.089237
v -0.024596 -0.103483 0.056851
v -0.020008 -0.081141 0.069282
v -0.053999 -0.080124 0.030586
v -0.017466 -0.059007 0.087316
v -0.006783 -0.066723 0.083617
v -0.041158 -0.074742 0.056447
v -0.044983 -0.111044 0.036219
v -0.002715 -0.068648 0.082548
v -0.049076 -0.09728 0.033945
v -0.033723 -0.042997 0.090762
v -0.041546 -0.122988 0.038443
v -0.047047 -0.10417 0.035047
v -0.012573 -0.088258 0.06798
v -0.03751 -0.037286 0.091876
v -0.04262 -0.116159 0.038262
v -0.051157 -0.089435 0.033078
v -0.002903 -0.097003 0.065555
v -0.008921 -0.064722 0.084932
v -0.030508 -0.046626 0.090504
v -0.040148 -0.124843 0.039865
v -0.043658 -0.112137 0.037819
v -0.02802 -0.048354 0.091144
v -0.014262 -0.059811 0.087901
v -0.052975 -0.081423 0.03276
v -0.035585 -0.039635 0.092161
v -0.045158 -0.105796 0.037518
v -0.032434 -0.088397 0.057923
v -0.019121 -0.056574 0.088888
v -0.002813 -0.066214 0.084598
v -0.011041 -0.06198 0.086894
v -0.022871 -0.053366 0.089901
v -0.040629 -0.117458 0.040417
v 0.000118 -0.06817 0.083103
v -0.039509 -0.12091 0.041093
v -0.005773 -0.064584 0.085666
v -0.054386 0.000629 0.064135
v -0.05492 0.001787 0.060228
v -0.041471 -0.11582 0.039765
v -0.005887 -0.091777 0.067555
v -8.8E-05 -0.095399 0.066401
v -0.02572 -0.050068 0.091332
v -0.037775 -0.124815 0.042383
v -0.04318 -0.107255 0.039813
v -0.042702 -0.018204 0.107176
v -0.043596 -0.015678 0.107358
v -0.042942 -0.016704 0.107777
v -0.043495 -0.015182 0.107793
v -0.045706 -0.006173 0.107718
v -0.045565 -0.007934 0.107514
v -0.045244 -0.007487 0.108066
v -0.045929 -0.006892 0.107103
v -0.04636 -0.001144 0.107273
v -0.044285 -0.013291 0.10753
v -0.044101 -0.012765 0.107995
v -0.046073 0.000696 0.107797
v -0.046073 -0.001669 0.107752
v -0.020595 -0.041495 0.107463
v -0.024509 -0.039177 0.10761
v -0.022674 -0.039909 0.10802
v -0.044579 -0.012107 0.107601
v -0.045141 -0.010583 0.107292
v -0.025753 -0.038252 0.107752
v -0.044784 -0.010736 0.10782
v -0.02761 -0.036963 0.10771
v -0.02863 -0.036117 0.107779
v -0.030502 -0.034719 0.107594
v -0.02999 -0.034419 0.108315
v -0.045613 -0.008845 0.107042
v -0.045199 -0.009218 0.107702
v -0.032269 -0.032912 0.107768
v -0.045938 -0.005203 0.107545
v 0.001078 -0.046245 0.107583
v -0.033387 -0.031728 0.107804
v -0.034512 -0.030449 0.10785
v -0.045896 -0.004236 0.107769
v -0.035599 -0.029841 0.107159
v -0.046227 -0.003214 0.107352
v -0.009653 -0.045015 0.107854
v -0.035865 -0.02902 0.107691
v -0.035978 -0.028399 0.108096
v -0.037026 -0.028063 0.107132
v -0.014704 -0.043864 0.107568
v -0.037154 -0.027381 0.10766
v -0.017181 -0.042635 0.107937
v -0.037908 -0.026321 0.107672
v -0.038325 -0.026347 0.107007
v -0.040462 -0.022743 0.107196
v -0.039221 -0.024846 0.107177
v -0.039608 -0.023473 0.10782
v -0.040356 -0.022323 0.10771
v -0.04143 -0.02063 0.107444
v -0.020042 -0.04117 0.108154
v -0.042127 -0.019646 0.107018
v -0.038789 -0.02476 0.107855
v -0.040145 -0.022127 0.108085
v -0.041334 -0.020253 0.107842
v -0.042052 -0.018824 0.107782
v -0.030635 -0.008332 0.120311
v -0.033172 -0.006839 0.118929
v -0.032102 -0.011652 0.11874
v -0.034407 0.01944 0.114543
v -0.035616 0.022398 0.112161
v -0.036811 0.019299 0.112665
v -0.02339 0.018548 0.12146
v -0.027642 0.016085 0.120177
v -0.025351 0.015041 0.121661
v -0.011782 -0.014542 0.126426
v -0.015527 -0.01439 0.125548
v -0.014603 -0.017341 0.124963
v -0.002248 0.023766 0.124452
v -0.006181 0.024356 0.123895
v -0.005973 0.021799 0.124994
v -0.007253 0.017158 0.126448
v -0.005772 0.01931 0.125927
v -0.009679 0.019245 0.125406
v -0.037599 0.001196 0.116148
v -0.035617 0.003752 0.117533
v -0.037463 0.00457 0.116049
v -0.025352 -0.02685 0.116684
v -0.027372 -0.024885 0.116649
v -0.02769 -0.028525 0.114342
v -0.029403 -0.031322 0.111278
v -0.03036 -0.028031 0.112893
v -0.031871 -0.029922 0.110497
v -0.016962 0.00666 0.126573
v -0.016967 0.010972 0.12591
v -0.019462 0.008619 0.125514
v -0.009679 -0.010313 0.127718
v -0.012621 -0.011671 0.126893
v -0.027526 -0.005275 0.122466
v -0.030636 -0.005746 0.120667
v -0.018393 -0.022381 0.121945
v -0.018398 -0.019017 0.123262
v -0.021217 -0.02068 0.121576
v -0.034403 -0.009771 0.11757
v -0.035018 -0.012488 0.116502
v -0.012406 0.030165 0.119755
v -0.013552 0.031569 0.118595
v -0.015188 0.027962 0.12027
v -0.02052 -0.023734 0.12055
v -0.035619 -0.01608 0.114923
v -0.03798 -0.012655 0.114086
v -0.037978 -0.015451 0.113191
v -0.039604 0.012109 0.112816
v -0.040245 0.01552 0.111094
v -0.041909 0.013731 0.110073
v -0.027542 0.012743 0.121165
v -0.007666 0.015063 0.126984
v -0.011154 0.016311 0.12606
v -0.018386 0.039963 0.110198
v -0.016585 0.042883 0.107905
v -0.019354 0.041731 0.107885
v -0.020708 0.037297 0.111583
v -0.023969 0.037375 0.109737
v -0.02261 0.035158 0.11243
v -0.033167 0.004529 0.119191
v -0.033171 0.007667 0.118808
v -0.035568 0.006822 0.117237
v -0.032493 0.022947 0.114321
v -0.040196 -0.004945 0.113662
v -0.0403 -0.000982 0.113833
v -0.042415 -0.002584 0.111754
v -0.003735 -0.007431 0.128831
v -0.003739 -0.004419 0.12913
v -0.006717 -0.005903 0.12874
v -0.006714 -0.008896 0.128365
v -0.008202 -0.012565 0.127502
v -0.042411 0.011209 0.11032
v -0.043905 0.006009 0.109841
v -0.043447 0.008879 0.109795
v -0.045511 0.007188 0.107797
v -0.009681 0.031389 0.119618
v -0.009678 0.034495 0.117525
v -0.012619 0.034169 0.117074
v -0.039651 -0.018521 0.110455
v -0.040862 -0.017067 0.109878
v 0.000753 0.024282 0.124266
v -0.002249 0.026522 0.123177
v -0.018397 0.022603 0.121848
v -0.019811 0.024371 0.120523
v -0.02122 0.021549 0.121221
v -0.009678 0.012754 0.127233
v -0.013249 0.012684 0.126548
v -0.000752 -0.005067 0.129191
v -0.001278 -0.002008 0.129369
v -0.014079 0.008205 0.127161
v -0.030635 0.026216 0.11382
v -0.033171 0.02542 0.112445
v -0.030469 0.006952 0.12062
v -0.030833 0.01077 0.119741
v -0.03749 0.016071 0.113404
v -0.038995 -0.002501 0.114923
v -0.023389 -0.028561 0.116707
v -0.023135 -0.024884 0.118864
v -0.045935 0.003933 0.107762
v -0.014766 0.041829 0.109794
v -0.040001 -0.014149 0.111826
v -0.040863 -0.006912 0.112789
v -0.043911 -0.006029 0.109837
v -0.002248 0.039142 0.11481
v -0.001494 0.041817 0.112401
v -0.005228 0.03955 0.114207
v -0.002252 0.020952 0.125584
v -0.027542 0.027631 0.114982
v -0.030636 0.028427 0.112436
v -0.027641 0.030525 0.113039
v -0.015791 -0.020312 0.123621
v -0.023504 -0.00546 0.12435
v -0.025354 -0.001258 0.123776
v -0.028027 -0.008569 0.121756
v -0.028031 0.010118 0.121476
v -0.005226 -0.011894 0.127986
v -0.01262 0.027232 0.121363
v -0.016968 0.026072 0.120707
v -0.028863 -0.010513 0.120947
v -0.014065 0.043734 0.107959
v -0.02102 0.039004 0.109835
v -0.026695 -0.032219 0.112389
v -0.036811 -0.018569 0.112983
v 0.000749 0.021465 0.12543
v -0.011364 -0.018564 0.125315
v -0.036812 -0.000496 0.116776
v -0.011153 0.010504 0.12742
v -0.000761 0.044341 0.109796
v 0.0013 0.045888 0.108006
v -0.001179 0.04601 0.107836
v -0.019812 -0.026713 0.119337
v -0.025301 -0.031491 0.113762
v -0.018393 0.001567 0.126497
v -0.019244 0.004695 0.126049
v -0.021218 0.002241 0.125484
v -0.041345 0.007194 0.112279
v -0.002779 -0.010481 0.128427
v -0.022847 -0.000937 0.124889
v -0.009679 -0.016151 0.126376
v -0.01262 -0.021625 0.123939
v -0.016966 -0.025207 0.121138
v -0.024678 0.033249 0.112828
v -0.025351 0.029972 0.114767
v -0.021916 0.015794 0.122986
v -0.000754 -0.008111 0.128854
v -0.034407 0.00073 0.118551
v -0.015525 0.004517 0.127188
v -0.019296 -0.000681 0.126222
v -0.005972 0.037417 0.115926
v -0.027444 -0.034054 0.110473
v -0.006717 0.034122 0.118291
v -0.00766 0.037377 0.115729
v -0.005972 -0.015036 0.127192
v -0.029341 0.024298 0.115746
v -0.015524 0.024278 0.122029
v -0.014664 -0.024409 0.122223
v -0.019813 0.019083 0.122725
v -0.040199 0.008511 0.113115
v -0.024778 -0.008452 0.123405
v -0.032995 -0.016384 0.116764
v -0.035016 0.016124 0.115374
v -0.025351 0.011719 0.122505
v -0.022207 -0.031661 0.11528
v -0.044973 0.00184 0.109064
v -0.015526 0.039431 0.111861
v -0.019812 0.035279 0.113693
v -0.00815 -0.017686 0.126168
v -0.01981 -0.029821 0.117544
v -0.031184 0.020606 0.116344
v -0.003096 0.017278 0.126796
v -0.043355 -0.009518 0.109751
v 0.000968 0.039934 0.114165
v -0.010796 0.006904 0.128035
v -0.017684 -0.028 0.119439
v -0.016446 0.037667 0.113107
v -0.021218 0.032688 0.115012
v 0.001493 -0.011061 0.128371
v -0.030635 0.004011 0.120833
v -0.009682 -0.02183 0.124457
v -0.036807 0.01311 0.114923
v -0.002181 -0.01413 0.127689
v -0.002248 0.036793 0.116736
v -0.021218 -0.004135 0.125376
v -0.028695 -0.014058 0.120197
v -0.022608 0.030635 0.115764
v -0.026698 0.026139 0.116339
v -0.028029 0.007474 0.121922
v 0.000636 0.01779 0.126713
v -0.031916 0.001385 0.120193
v -0.011162 0.042761 0.109965
v -0.012593 0.044206 0.107919
v -0.01049 0.044736 0.107945
v -0.003098 0.034378 0.118489
v -0.030177 -0.016022 0.11873
v -0.016055 0.02162 0.123027
v -0.006718 0.012108 0.127789
v -0.015527 0.001588 0.127343
v -0.036808 -0.003485 0.116647
v -0.023222 -0.035443 0.111881
v 0.001487 0.037505 0.116214
v -0.009681 0.028149 0.121497
v 0.00075 -0.014542 0.127613
v -0.008201 0.009109 0.128144
v -0.00523 -0.019191 0.126014
v -0.012618 0.003825 0.127942
v -0.022609 0.012653 0.123521
v -0.013735 -0.027837 0.12075
v -0.042941 0.003539 0.111151
v -0.003739 -0.016334 0.127021
v -0.006174 -0.021197 0.125203
v -0.038127 -0.00662 0.115252
v -0.010885 -0.026184 0.122293
v -0.037979 -0.021916 0.110352
v -0.041337 -0.009196 0.111887
v -0.00586 0.031716 0.120008
v -0.018395 -0.002767 0.12645
v -0.017225 -0.0324 0.116881
v -0.037975 0.010008 0.114751
v -0.020706 -0.034396 0.113987
v -0.026697 -0.012016 0.121773
v -0.025204 -0.036642 0.109652
v -0.034405 -0.019823 0.114377
v -0.015526 -0.029256 0.119429
v -0.01981 -0.032797 0.115565
v -0.023302 0.027863 0.117161
v -0.027637 0.02173 0.118029
v -0.031911 0.017723 0.117013
v -0.01262 0.023213 0.123281
v -0.016445 0.019395 0.123755
v -0.025351 0.009019 0.123031
v -0.012619 0.040453 0.111864
v -0.002888 0.012872 0.127953
v -0.016055 0.035937 0.114684
v -0.001275 -0.017881 0.126674
v -0.005765 -0.023459 0.124333
v -0.018595 0.016823 0.123909
v -0.034404 -0.003013 0.118459
v -0.018396 0.033857 0.115384
v -0.008199 -0.025353 0.123162
v -0.026029 0.023564 0.118057
v -0.031233 -0.018755 0.117082
v -0.033847 0.014222 0.116862
v -0.013349 -0.031742 0.118542
v -0.022613 -0.038184 0.109763
v -0.015271 -0.002452 0.127393
v -0.001481 -0.020373 0.125832
v -0.019015 -0.006267 0.12598
v -0.011102 -0.030392 0.119937
v -0.023988 -0.01163 0.123155
v -0.02803 0.004809 0.122233
v -0.019017 -0.037001 0.112639
v -0.035617 -0.022233 0.112246
v -0.035622 0.01039 0.116549
v -0.012618 0.000859 0.128061
v -0.021221 -0.009779 0.124676
v -0.008196 0.043151 0.110272
v -0.008605 0.04513 0.107949
v -0.000752 0.014628 0.127593
v -0.032892 -0.002695 0.119517
v -0.005231 0.009909 0.128354
v -0.008203 -0.028039 0.121809
v 0.000753 0.034858 0.118226
v -0.016389 -0.035985 0.114527
v -0.043554 0.000347 0.110648
v -0.009894 0.025801 0.122657
v -0.005228 -0.026182 0.123136
v -0.022609 0.009901 0.124092
v -0.014077 -0.034383 0.116508
v -0.001485 -0.023217 0.124721
v -0.019299 -0.038972 0.110727
v -0.038035 0.007155 0.115245
v -0.041341 -0.011862 0.111223
v -0.007073 0.02804 0.121977
v -0.005985 0.045605 0.107881
v -0.019814 0.012902 0.124557
v -0.019814 0.030625 0.117034
v -0.023989 0.025532 0.118106
v -0.02481 -0.014475 0.122087
v -0.035458 -0.006309 0.117393
v -0.03987 0.003773 0.114082
v -0.042551 -0.013336 0.109529
v -0.009679 0.002367 0.128577
v -0.007459 -0.031031 0.120217
v -0.012028 0.038124 0.114142
v -0.025352 0.006296 0.123418
v -0.004687 -0.028316 0.122099
v -0.029339 0.018254 0.118447
v -0.028823 0.001009 0.122022
v -0.001484 -0.026002 0.123466
v -0.007602 0.004925 0.128729
v -0.01056 -0.034589 0.11728
v -0.009678 0.040288 0.112784
v -0.032451 -0.02237 0.114644
v -0.036199 -0.024938 0.110235
v -0.03064 0.014892 0.118794
v -0.012084 -0.002013 0.128151
v -0.014909 -0.039865 0.111693
v -0.044702 -0.002533 0.109326
v -0.008199 -0.033813 0.118279
v -0.012406 -0.036666 0.115232
v -0.013551 -0.0379 0.113893
v 0.000752 0.011214 0.128347
v -0.015004 0.017439 0.124825
v -0.004693 0.006872 0.128835
v -0.016109 0.033305 0.116639
v -0.026208 -0.017377 0.120505
v -0.003737 -0.030235 0.121092
v -0.001717 0.009356 0.128656
v -0.039121 -0.010161 0.11373
v -0.016978 -0.041062 0.109701
v -0.000736 -0.028496 0.1222
v -0.016249 -0.006806 0.126769
v -0.012618 0.01976 0.124635
v -0.016967 0.014519 0.125095
v -0.028202 -0.019201 0.118749
v -0.033171 0.011389 0.118084
v -0.041453 0.001462 0.11274
v -0.021217 -0.013254 0.12394
v 0.000752 0.032334 0.119936
v -0.005229 -0.034004 0.118554
v -0.004484 0.043601 0.110369
v -0.009678 -0.037278 0.1154
v -0.009681 0.022747 0.124084
v -0.022614 0.006426 0.124615
v -0.026695 0.002145 0.123094
v -0.026205 0.019514 0.119728
v -0.030641 -0.002495 0.120932
v -0.002843 -0.033115 0.11936
v -0.009678 -0.000629 0.128621
v -0.018395 -0.009943 0.125645
v -0.000739 -0.03115 0.120677
v -0.002938 0.030782 0.120835
v -0.005973 -0.036705 0.116491
v -0.010883 -0.040794 0.112036
v -0.020519 0.026967 0.118919
v -0.013861 -0.042446 0.109454
v -0.012619 -0.004326 0.127907
v -0.008202 -0.039143 0.114118
v -0.003566 0.045545 0.108277
v 0.001503 -0.034879 0.118209
v -0.011735 0.036787 0.115328
v -0.024537 0.003318 0.124064
v -0.016966 0.030501 0.1182
v -0.029344 -0.022319 0.116738
v -0.032893 -0.025546 0.112589
v -0.036808 -0.009416 0.115829
v -0.001323 -0.036276 0.117178
v -0.010391 -0.04348 0.109413
v -0.005972 0.001348 0.129105
v -0.007602 -0.041746 0.111816
v -0.018394 0.028409 0.118941
v -0.005231 -0.039934 0.113875
v -0.02261 0.023916 0.119566
v -0.002471 -0.038064 0.115712
v -0.000966 -0.044784 0.109294
v -0.003736 0.004663 0.129112
v -0.035434 0.026922 0.109626
v -0.036049 0.028357 0.108044
v -0.03681 0.027371 0.108037
v -0.021918 -0.016252 0.122848
v -0.03763 0.026249 0.108043
v -0.006182 0.041128 0.112642
v 0.000736 -0.039389 0.114647
v -0.024679 -0.020486 0.120123
v -0.033132 0.030161 0.109286
v -0.034076 0.030848 0.107924
v -0.035657 0.029099 0.107849
v -0.024172 0.021409 0.119966
v -0.004992 0.026751 0.122881
v -0.002248 -0.04065 0.113463
v -0.017878 -0.012862 0.125223
v -0.006692 -0.044074 0.10954
v -0.003737 -0.043272 0.110791
v -0.026699 -0.021684 0.118559
v 0.000732 -0.041645 0.112576
v -0.032052 0.032815 0.108051
v -0.036322 0.024329 0.110491
v -0.038614 0.021431 0.110012
v -0.040308 0.021962 0.108
v -0.041515 0.019642 0.10799
v -0.014979 -0.009846 0.12668
v -0.000753 -0.043072 0.111152
v 0.000753 0.029725 0.121515
v -0.039265 0.023638 0.108093
v -0.030279 0.031514 0.110509
v -0.014079 0.015433 0.125652
v -0.012389 -0.007656 0.127618
v -0.041311 0.017184 0.109352
v -0.04267 0.017022 0.107961
v -0.034153 -0.027798 0.110147
v -0.000733 0.006392 0.129065
v -0.002251 0.029208 0.121764
v -0.008834 -0.004309 0.128612
v -0.029549 0.035038 0.108093
v -0.033167 0.028085 0.110748
v -0.022103 -0.018644 0.121981
v -0.028029 -0.001898 0.122418
v -0.030635 -0.025467 0.114254
v -0.026121 0.035845 0.109797
v -0.027576 0.036607 0.108089
v -0.00583 -0.00168 0.12911
v -0.043637 0.014922 0.107739
v -0.028029 0.033555 0.110472
v -0.039122 0.018508 0.110937
v -0.026017 0.037736 0.108104
v -0.018394 -0.015572 0.124351
v -0.001302 0.003446 0.129304
v -0.02322 0.039534 0.108083
v -0.04435 0.012654 0.107729
v -0.009892 -0.007719 0.128079
v -0.002245 0.000146 0.129368
v 0.001492 0.02729 0.122826
v -0.044705 0.011069 0.107824
v 0.000743 0.001359 0.129392
v -0.045109 0.009512 0.107756
v -0.021168 0.040639 0.108103
v 0.014077 -0.033784 0.116939
v 0.011885 -0.031915 0.118806
v 0.011154 -0.035355 0.11658
v 0.024854 -0.000526 0.124017
v 0.026701 0.002834 0.123066
v 0.023987 0.001499 0.12438
v 0.022054 -0.005782 0.124912
v 0.022608 -0.002691 0.124917
v 0.019017 -0.003564 0.126214
v 0.018393 -0.010653 0.125515
v 0.019106 -0.007418 0.125805
v 0.015867 -0.008943 0.126579
v 0.016442 0.00676 0.12672
v 0.014079 0.008205 0.127153
v 0.014076 0.004546 0.127557
v 0.012617 -0.016002 0.12584
v 0.014076 -0.013048 0.126254
v 0.010618 -0.01331 0.126948
v 0.036968 -0.006751 0.116175
v 0.036816 -0.002305 0.116728
v 0.03422 -0.006983 0.118197
v 0.003519 0.016212 0.127066
v 0.00246 0.019107 0.126227
v 0.033171 -0.011191 0.11813
v 0.031911 -0.008853 0.11943
v 0.030651 -0.010885 0.119825
v 0.022077 0.034445 0.113294
v 0.024006 0.036926 0.110137
v 0.021218 0.037135 0.111465
v 0.006933 -0.004022 0.128869
v 0.006183 -0.00134 0.129081
v 0.002976 -0.004019 0.12921
v 0.019813 0.031813 0.116248
v 0.01981 0.034141 0.114579
v 0.016151 0.032405 0.117254
v 0.002837 -0.007026 0.128937
v 0.021218 -0.026471 0.118886
v 0.022053 -0.023568 0.119985
v 0.019318 -0.02358 0.121094
v 0.040184 0.015486 0.111174
v 0.037843 0.015953 0.113131
v 0.037978 0.013403 0.113862
v 0.018394 -0.026938 0.119757
v 0.0267 0.017464 0.120221
v 0.023988 0.019175 0.120945
v 0.02399 0.015879 0.122062
v 0.00968 0.023433 0.123784
v 0.011888 0.026312 0.122007
v 0.008205 0.026255 0.122735
v 0.028736 0.000921 0.122078
v 0.029343 0.005389 0.121457
v 0.0082 -0.040812 0.112598
v 0.008203 -0.037425 0.115577
v 0.004694 -0.039998 0.113873
v 0.00225 0.013623 0.127798
v 0.041338 7.9E-05 0.112872
v 0.042414 0.003829 0.111661
v 0.040244 0.002333 0.113833
v 0.039124 -0.003935 0.114713
v 0.039121 -0.001064 0.114868
v 0.016965 -0.012872 0.1255
v 0.013568 -0.009458 0.127096
v 0.018393 0.029657 0.118204
v 0.015022 0.028908 0.119798
v 0.009148 -0.015499 0.12665
v 0.009679 -0.018299 0.125722
v 0.0082 -0.023296 0.124086
v 0.0082 -0.020499 0.125196
v 0.005008 -0.021685 0.125122
v 0.005226 -0.024123 0.124093
v 0.010419 -0.001746 0.12848
v 0.009678 0.001617 0.128602
v 0.027367 -0.018733 0.119408
v 0.028762 -0.015715 0.119668
v 0.024922 -0.015704 0.121682
v 0.042388 0.013786 0.109556
v 0.040754 0.01814 0.109518
v 0.016463 -0.03038 0.118462
v 0.005832 0.018253 0.126273
v 0.03335 0.021744 0.114289
v 0.031911 0.025275 0.113465
v 0.029933 0.02346 0.115813
v 0.028201 0.019403 0.11867
v 0.030162 0.021175 0.116748
v 0.026206 0.021408 0.11895
v 0.00972 -0.038443 0.114423
v 0.002827 -0.044208 0.109862
v 0.043467 0.001104 0.110737
v 0.04416 0.006037 0.109561
v 0.021745 0.01204 0.124026
v 0.018594 0.013343 0.124866
v 0.017501 0.010228 0.125892
v 0.0082 0.019318 0.125617
v 0.006718 0.022904 0.124453
v 0.004275 0.021633 0.125213
v 0.013209 0.001318 0.127929
v 0.011364 0.004218 0.128169
v 0.023987 -0.018309 0.12126
v 0.023989 -0.020905 0.120267
v 0.002022 -0.02989 0.121383
v 0.002234 -0.02757 0.122648
v 0.034405 0.006308 0.118151
v 0.031911 0.009689 0.119275
v 0.031732 0.006207 0.119952
v 0.034404 0.009376 0.117648
v 0.030635 0.002719 0.120917
v 0.021221 0.016208 0.123141
v 0.0267 0.035032 0.110123
v 0.027446 0.036842 0.107968
v 0.006719 -0.006649 0.128661
v 0.006719 -0.026123 0.123011
v 0.002471 -0.024514 0.124117
v 0.004371 -0.042137 0.111893
v 0.010418 0.020416 0.124861
v 0.043573 0.015368 0.10763
v 0.00337 -0.046433 0.107172
v 0.034413 0.025525 0.111404
v 0.039693 0.011613 0.112869
v 0.045224 0.002378 0.108733
v 0.045855 0.004222 0.107845
v 0.025352 0.033332 0.112355
v 0.025575 -0.004346 0.123517
v 0.012619 0.022534 0.123561
v 0.01981 -0.029212 0.117916
v 0.013491 -0.01904 0.124689
v 0.041984 -0.002636 0.11218
v 0.036347 0.010865 0.115889
v 0.01442 0.024682 0.122159
v 0.026033 -0.022758 0.118447
v 0.014803 -0.036322 0.114806
v 0.016965 0.004482 0.126784
v 0.023165 0.030731 0.115433
v 0.015525 -0.016512 0.12496
v 0.011428 -0.02206 0.124033
v 0.017683 0.026939 0.120021
v 0.029994 -0.013214 0.119661
v 0.005818 0.01376 0.127529
v 0.01759 -0.032704 0.116537
v 0.02122 0.028539 0.117728
v 0.012618 -0.038628 0.113533
v 0.019811 0.007966 0.125478
v 0.0082 -0.042943 0.110477
v 0.036224 -0.010986 0.115958
v 0.005228 -0.009665 0.128403
v 0.00523 -0.028864 0.121743
v 0.031914 -0.015092 0.11791
v 0.024051 -0.026506 0.11756
v 0.03142 0.018517 0.11705
v 0.036812 0.007266 0.116217
v 0.011152 -0.040479 0.112248
v 0.026696 0.014217 0.121219
v 0.006463 -0.044392 0.10922
v 0.021218 -0.009779 0.124669
v 0.006718 0.015043 0.127102
v 0.017873 -0.015005 0.124687
v 0.009679 -0.005113 0.128403
v 0.029343 0.01638 0.119103
v 0.00596 -0.045939 0.107511
v 0.025354 0.011719 0.122511
v 0.028593 -0.00293 0.122083
v 0.029902 0.033005 0.109602
v 0.029686 0.035119 0.1079
v 0.02535 0.031118 0.113987
v 0.016966 0.024108 0.12166
v 0.002246 -0.032186 0.119986
v 0.038987 0.024558 0.107785
v 0.03785 0.026126 0.107898
v 0.036577 0.024944 0.109888
v 0.036373 0.022142 0.111662
v 0.038239 -0.008403 0.114866
v 0.003737 0.010675 0.128334
v 0.028029 0.032514 0.111302
v 0.040793 -0.005183 0.113077
v 0.002792 0.008235 0.128783
v 0.044388 0.012428 0.107767
v 0.034414 -0.014604 0.116338
v 0.031444 -0.017569 0.117386
v 0.033168 0.003253 0.119289
v 0.022925 -0.028849 0.116749
v 0.023303 0.00882 0.123994
v 0.00968 0.016383 0.12631
v 0.039696 -0.007551 0.113747
v 0.029341 -0.020514 0.117543
v 0.021222 -0.031344 0.115955
v 0.038995 0.008407 0.114208
v 0.044431 -0.001379 0.109688
v 0.046093 -0.001029 0.107749
v 0.046191 0.000989 0.107614
v 0.024673 -0.008503 0.123439
v 0.020011 -0.013004 0.124451
v 0.016966 0.001576 0.126937
v 0.016108 0.021267 0.123154
v 0.003738 -0.013401 0.127774
v 0.011153 -0.042592 0.110145
v 0.035618 0.02076 0.112979
v 0.031534 0.033492 0.107881
v 0.020611 0.005168 0.125529
v 0.018399 -0.035396 0.114217
v 0.012618 0.019061 0.124881
v 0.005229 -0.031473 0.120214
v 0.02122 0.025426 0.119431
v 0.042409 -0.005787 0.111434
v 0.0082 -0.028042 0.121808
v 0.01349 -0.00322 0.127791
v 0.009681 -0.008092 0.128068
v 0.043017 0.010422 0.109901
v 0.02803 0.030356 0.112893
v 0.02422 0.027009 0.117199
v 0.032708 0.000764 0.1197
v 0.030138 0.013631 0.119469
v 0.019815 0.023073 0.121129
v 0.016388 -0.038765 0.112159
v 0.006717 0.010623 0.128078
v 0.016153 -0.001265 0.127191
v 0.012085 -0.025157 0.122523
v 0.002232 0.005376 0.129128
v 0.027367 -0.026079 0.115996
v 0.008199 -0.010351 0.127938
v 0.014316 -0.04132 0.110483
v 0.008687 -0.04553 0.107467
v 0.039112 0.021605 0.109421
v 0.031914 0.015902 0.11765
v 0.010112 0.012792 0.127162
v 0.028861 -0.022984 0.116715
v 0.022848 -0.012756 0.123409
v 0.018396 -0.017647 0.123719
v 0.014073 -0.022857 0.123064
v 0.046023 -0.002571 0.107761
v 0.012618 0.015522 0.125974
v 0.003184 -0.016178 0.127104
v 0.036809 0.004293 0.11658
v 0.032453 -0.020638 0.11546
v 0.035173 0.018674 0.114276
v 0.010979 -0.044978 0.10754
v 0.01557 -0.020009 0.123786
v 0.041346 -0.009178 0.111897
v 0.004796 -0.034605 0.118192
v 0.014805 0.017848 0.12475
v 0.041223 0.009114 0.112019
v 0.035619 0.001938 0.117645
v 0.031912 -0.001187 0.120194
v 0.039919 0.023001 0.107789
v 0.028028 -0.006578 0.122043
v 0.0267 0.027896 0.115322
v 0.037509 -0.01456 0.113913
v 0.02535 -0.029215 0.115259
v 0.011151 -0.027152 0.121732
v 0.021462 -0.035002 0.113156
v 0.002283 0.044049 0.110059
v 0.044442 -0.004512 0.109444
v 0.003812 0.045792 0.107948
v 0.01262 -0.005808 0.127778
v 0.006088 0.006968 0.128704
v 0.039121 -0.011297 0.113453
v 0.002462 0.042155 0.112008
v 0.005972 0.043571 0.110211
v 0.023679 -0.032172 0.114162
v 0.006007 0.045607 0.107873
v 0.028689 0.011025 0.120939
v 0.008069 0.045246 0.107929
v 0.020343 0.000835 0.125859
v 0.035021 -0.018801 0.114349
v 0.00523 0.041222 0.11267
v 0.006717 -0.013341 0.12752
v 0.00437 0.039085 0.114721
v 0.002247 -0.018484 0.126445
v 0.010243 0.042953 0.110023
v 0.038127 0.019127 0.111589
v 0.010036 0.044878 0.107895
v 0.021216 -0.015985 0.123202
v 0.034887 0.01642 0.115375
v 0.009141 -0.029856 0.120643
v 0.030636 0.030038 0.111325
v 0.045872 -0.00432 0.107792
v 0.039125 0.005251 0.114579
v 0.0082 0.041529 0.111908
v 0.012767 0.044158 0.10793
v 0.041147 0.020672 0.107842
v 0.019814 -0.037826 0.111535
v 0.032906 0.032104 0.107919
v 0.030636 -0.024336 0.114878
v 0.002235 -0.037729 0.115994
v 0.045069 0.009925 0.107695
v 0.014337 -0.043673 0.107943
v 0.036808 -0.016341 0.113863
v 0.008201 0.039326 0.113957
v 0.003736 0.003152 0.129211
v 0.018393 -0.020371 0.122757
v 0.004484 0.035171 0.11781
v 0.016945 -0.041133 0.109643
v 0.023988 0.023666 0.119041
v 0.018398 0.019238 0.123183
v 0.023223 0.004218 0.124579
v 0.014049 0.041788 0.110092
v 0.028838 -0.028183 0.113834
v 0.026036 -0.012421 0.122027
v 0.016964 -0.022553 0.122351
v 0.011153 0.040111 0.112593
v 0.007073 0.036268 0.116671
v 0.022612 0.021996 0.120437
v 0.027366 -0.030685 0.113096
v 0.008199 -0.031936 0.119527
v 0.026699 0.008228 0.1225
v 0.043443 -0.008748 0.109832
v 0.009683 0.009074 0.127923
v 0.040244 -0.013214 0.111883
v 0.031916 -0.004394 0.120021
v 0.033011 -0.02335 0.113719
v 0.030348 -0.006155 0.120803
v 0.033634 0.028998 0.109741
v 0.02803 -0.009892 0.121527
v 0.00428 0.032909 0.119392
v 0.029342 0.027175 0.114116
v 0.016825 0.042806 0.107905
v 0.017537 -0.042891 0.107474
v 0.045685 -0.005721 0.107842
v 0.009679 0.036888 0.115713
v 0.024678 -0.03417 0.112106
v 0.040793 0.00591 0.112984
v 0.019767 -0.03985 0.109644
v 0.026206 0.006183 0.123029
v 0.034413 -0.002392 0.118503
v 0.011888 0.037631 0.114594
v 0.015526 0.013918 0.125667
v 0.014079 0.039143 0.112627
v 0.042462 0.007496 0.111109
v 0.002228 -0.000693 0.129366
v 0.034198 0.030785 0.107864
v 0.031444 0.027576 0.112414
v 0.017505 0.040434 0.110128
v 0.015527 -0.00574 0.127079
v 0.027543 0.025383 0.116274
v 0.031913 -0.026755 0.112591
v 0.011153 -0.011003 0.127327
v 0.021222 -0.019354 0.122088
v 0.003738 0.030446 0.120967
v 0.006716 -0.016985 0.12656
v 0.017682 0.016145 0.124429
v 0.002247 -0.021345 0.125436
v 0.03798 -0.018204 0.112124
v 0.014077 0.01185 0.126516
v 0.012273 0.010783 0.127145
v 0.023075 -0.038037 0.109657
v 0.00968 0.034499 0.117522
v 0.021218 0.01957 0.122002
v 0.015731 -0.025027 0.121611
v 0.04518 -0.008936 0.107822
v 0.007351 0.03215 0.119537
v 0.042386 -0.013105 0.109786
v 0.005229 -0.019191 0.126014
v 0.035617 -0.021691 0.112523
v 0.045537 0.00789 0.107614
v 0.033172 0.012604 0.117782
v 0.038109 0.001559 0.11571
v 0.020051 -0.041317 0.10799
v 0.040388 -0.017115 0.110337
v 0.015003 -0.027451 0.120605
v 0.033455 -0.026424 0.111615
v 0.005229 -0.037631 0.115832
v 0.005862 0.001566 0.129115
v 0.035517 0.029229 0.107883
v 0.026698 0.023723 0.117607
v 0.019792 0.041516 0.107887
v 0.028027 -0.032869 0.111025
v 0.044514 -0.010804 0.108126
v 0.030636 -0.029877 0.111441
v 0.013552 -0.029553 0.119833
v 0.0082 -0.034428 0.117848
v 0.010622 0.006878 0.128065
v 0.008201 0.004634 0.128666
v 0.023772 -0.039504 0.107762
v 0.006181 0.029078 0.121525
v 0.017824 0.038651 0.111684
v 0.012966 0.035577 0.11594
v 0.035616 -0.024358 0.111073
v 0.027334 -0.034908 0.109818
v 0.038613 -0.021226 0.110119
v 0.015525 0.036669 0.114272
v 0.037095 -0.023521 0.110268
v 0.026053 -0.038004 0.107797
v 0.029342 0.008011 0.121119
v 0.043952 -0.013677 0.107848
v 0.005229 0.026403 0.123028
v 0.021194 0.039213 0.109545
v 0.022086 0.04046 0.107748
v 0.030636 -0.031964 0.109874
v 0.011783 0.032381 0.118531
v 0.033153 -0.029463 0.109788
v 0.035616 0.013934 0.115622
v 0.042315 -0.017315 0.108234
v 0.003739 0.024396 0.124094
v 0.035456 -0.02676 0.109715
v 0.02809 -0.036537 0.107777
v 0.043351 -0.015471 0.107849
v 0.029612 -0.035468 0.107611
v 0.009682 0.029462 0.120765
v 0.031026 -0.033933 0.107918
v 0.033502 -0.031412 0.107989
v 0.042099 -0.018677 0.107804
v 0.04104 -0.020876 0.107826
v 0.040493 -0.021973 0.107791
v 0.038034 -0.026094 0.107718
v 0.039168 -0.02409 0.107904
v 0.034951 -0.029868 0.107915
v 0.036485 -0.028024 0.107872
v 0.016101 0.034131 0.116051
v 0.018394 0.036132 0.113617
v 0.024321 0.039004 0.107931
v 0.012617 0.029822 0.119912
v 0.042502 0.017904 0.107731
v 0.036678 0.027793 0.107859
v 0.000995 0.054925 0.064874
v -0.00178 0.054958 0.064479
v 0.000956 0.053958 0.070851
v -0.047658 0.003297 0.10139
v -0.047679 0.006048 0.100133
v -0.04906 0.005452 0.093943
v -0.036052 0.029396 0.106861
v -0.034614 0.031087 0.106834
v -0.036962 0.030616 0.100459
v -0.024505 0.046138 0.080048
v -0.022899 0.044571 0.090819
v -0.022584 0.047156 0.079899
v -0.014053 0.050365 0.080118
v -0.011884 0.050926 0.08011
v -0.012915 0.052379 0.070904
v -0.032364 0.038228 0.090705
v -0.028831 0.038776 0.098996
v -0.030403 0.039804 0.090732
v -0.031211 0.03689 0.098945
v -0.005126 0.053713 0.070897
v -0.002205 0.053922 0.070859
v -0.004056 0.054778 0.064901
v -0.046622 0.018628 0.090061
v -0.0458 0.020478 0.090257
v -0.04784 0.020332 0.080895
v -0.034891 0.033019 0.100233
v -0.032887 0.032948 0.106748
v -0.033099 0.035212 0.098905
v -0.020981 0.045549 0.090658
v -0.019472 0.047953 0.082743
v -0.047732 0.008329 0.098334
v -0.047215 0.010932 0.098337
v -0.049545 0.00854 0.089509
v -0.009596 0.051471 0.079855
v -0.010256 0.052957 0.070921
v -0.049013 0.011223 0.089587
v -0.039323 0.038338 0.064461
v -0.036949 0.038865 0.072194
v -0.037644 0.039992 0.064543
v -0.03891 0.037145 0.071153
v -0.031018 0.034709 0.106753
v -0.029363 0.041363 0.08769
v -0.018826 0.046433 0.090963
v -0.043534 0.028503 0.08071
v -0.043152 0.031678 0.072462
v -0.044442 0.029941 0.072091
v -0.007845 0.053377 0.070915
v -0.026456 0.040444 0.098973
v -0.027385 0.041978 0.090643
v -0.04642 0.002971 0.106902
v -0.044738 0.022733 0.090201
v -0.046346 0.023575 0.080819
v -0.006651 0.052037 0.079329
v -0.041684 0.030982 0.081261
v -0.041527 0.033412 0.073871
v -0.02957 0.035952 0.106736
v -0.03551 0.039932 0.07331
v -0.03557 0.041842 0.06467
v -0.046278 0.004635 0.106934
v -0.016085 0.047491 0.090844
v -0.01671 0.049535 0.080106
v -0.046469 0.01368 0.098458
v -0.048244 0.01406 0.089793
v -0.023811 0.042054 0.099056
v -0.025191 0.043273 0.090932
v -0.027862 0.037319 0.106682
v -0.003914 0.052469 0.078516
v -0.045906 0.00769 0.106852
v -0.033887 0.041653 0.071894
v -0.01354 0.048291 0.090853
v -0.043416 0.025127 0.090302
v -0.044967 0.026063 0.080996
v -0.001055 0.052589 0.07862
v -0.025667 0.038855 0.106706
v -0.032861 0.044028 0.064648
v -0.04525 0.015976 0.100558
v -0.047432 0.016586 0.089842
v -0.020949 0.043568 0.099017
v -0.045348 0.010577 0.10678
v -0.010425 0.049112 0.090691
v -0.031936 0.043518 0.070294
v -0.008453 0.050373 0.086417
v -0.023127 0.040443 0.10666
v -0.018259 0.044774 0.099032
v -0.041898 0.027542 0.090406
v -0.006489 0.050657 0.086498
v -0.00469 0.050902 0.08627
v -0.038309 0.036409 0.076435
v -0.038572 0.034179 0.08338
v -0.040443 0.035005 0.07283
v -0.044512 0.01906 0.098593
v -0.002886 0.05108 0.086082
v -0.015586 0.045785 0.099013
v -0.020419 0.041852 0.10674
v -0.030536 0.044023 0.072648
v -0.030015 0.045994 0.06478
v -0.044646 0.013219 0.106789
v -0.000541 0.051161 0.086064
v -0.039608 0.032193 0.085895
v -0.013132 0.046557 0.099016
v -0.017605 0.043124 0.106724
v -0.028518 0.045737 0.070852
v -0.04068 0.030198 0.087793
v -0.00739 0.048398 0.096504
v -0.03689 0.035346 0.085712
v -0.01013 0.047311 0.099032
v -0.054101 0.00319 0.065904
v -0.054807 0.004532 0.060215
v -0.005549 0.048681 0.096336
v -0.053642 0.006974 0.067123
v -0.015188 0.044117 0.106394
v -0.054531 0.006662 0.061065
v -0.027634 0.047465 0.064809
v -0.000986 0.049601 0.093562
v -0.003609 0.048833 0.096499
v -0.054141 0.009286 0.061503
v -0.013647 0.044504 0.106809
v -0.053115 0.009194 0.068622
v -0.043086 0.022036 0.098659
v -0.035495 0.037678 0.082257
v -0.052684 0.011701 0.068514
v -0.011434 0.045148 0.106733
v -0.053752 0.011633 0.061314
v -0.026102 0.047163 0.070879
v -0.008807 0.045743 0.10671
v -0.053149 0.014119 0.061718
v -0.05193 0.001366 0.079899
v -0.000977 0.047905 0.101116
v -0.05191 0.014745 0.068823
v -0.025163 0.04882 0.064857
v -0.031705 0.041504 0.079942
v -0.006109 0.046189 0.106661
v -0.043201 0.017378 0.106757
v -0.003703 0.046517 0.106362
v -0.052356 0.016617 0.062513
v -0.05205 0.003794 0.07875
v -0.052567 0.006372 0.074398
v -0.053257 0.004274 0.07121
v -0.04384 0.015617 0.106856
v -0.033458 0.039493 0.082323
v -0.041812 0.024335 0.09872
v -0.051664 0.008799 0.077917
v -0.051024 0.017654 0.068892
v -0.001306 0.046512 0.106845
v 0.000877 0.046568 0.106704
v -0.023225 0.048666 0.07086
v -0.039539 0.028904 0.095938
v -0.051349 0.019506 0.062869
v -0.042459 0.019042 0.106874
v -0.050459 0.001401 0.08804
v -0.051115 0.00594 0.083127
v -0.05065 0.003654 0.086584
v -0.049294 0.003086 0.09371
v -0.05126 0.01089 0.078068
v -0.050324 0.020244 0.067465
v -0.022082 0.050299 0.064851
v -0.03883 0.031314 0.091621
v -0.037758 0.033001 0.090341
v -0.050872 0.012528 0.078227
v -0.050247 0.022339 0.062726
v -0.04035 0.026652 0.098793
v -0.028604 0.043743 0.079831
v -0.050328 0.014529 0.078411
v -0.04949 0.019939 0.072972
v -0.048887 0.021729 0.072231
v -0.020269 0.050164 0.069819
v -0.041427 0.021189 0.106871
v -0.047939 0.023917 0.071897
v -0.049151 0.024663 0.062925
v -0.026302 0.045102 0.080186
v -0.03433 0.036477 0.09066
v -0.049532 0.017084 0.078443
v -0.019242 0.05153 0.064296
v -0.035807 0.034131 0.09361
v -0.048203 0.026333 0.063583
v -0.046745 0.026238 0.071837
v -0.040033 0.023748 0.106804
v -0.01849 0.050309 0.072805
v -0.016875 0.052275 0.064903
v -0.047235 0.028176 0.063173
v -0.016163 0.051441 0.070974
v -0.045728 0.027993 0.071853
v -0.045882 0.03019 0.063927
v -0.020568 0.04911 0.074737
v -0.038622 0.025957 0.106841
v -0.013413 0.053261 0.064926
v -0.044165 0.032647 0.064111
v -0.037243 0.027924 0.106768
v -0.011048 0.053872 0.064451
v -0.042651 0.034709 0.063751
v -0.008174 0.054317 0.064893
v -0.040891 0.036664 0.06438
v -0.005481 0.054722 0.06442
v -0.044074 -0.123642 -0.032869
v -0.050426 -0.121221 -0.021997
v -0.051824 -0.120023 -0.018439
v -0.053013 -0.118569 -0.014708
v -0.053985 -0.116834 -0.010563
v -0.054573 -0.11513 -0.006915
v -0.05481 -0.113059 -0.004264
v -0.027564 0.047619 0.063823
v -0.023263 0.049852 0.06385
v 0.001212 -0.126495 -0.054921
v -0.001511 -0.126488 -0.054908
v -0.004342 -0.126479 -0.054759
v -0.054922 -0.109354 0.001854
v -0.054914 -0.104999 0.007393
v -0.015158 0.052881 0.063913
v -0.007682 -0.126449 -0.054377
v -0.010432 -0.126442 -0.053914
v -0.008339 0.054375 0.063918
v -0.054894 -0.10012 0.011653
v -0.013653 -0.126345 -0.053174
v -0.054898 -0.092817 0.017654
v -0.0162 -0.126347 -0.052455
v -0.054903 -0.084518 0.023702
v 0.000967 0.055003 0.063911
v -0.01984 -0.126254 -0.051194
v -0.054915 -0.077746 0.028292
v -0.024077 -0.126084 -0.049337
v -0.054906 -0.066658 0.034946
v -0.026953 -0.125898 -0.047825
v -0.029606 -0.125665 -0.046234
v -0.054891 -0.056196 0.040396
v -0.032232 -0.125484 -0.044471
v -0.054897 -0.045864 0.045172
v -0.03546 -0.12507 -0.041965
v -0.054928 -0.035333 0.049302
v -0.038363 -0.124619 -0.039338
v -0.054952 -0.02815 0.05177
v -0.040301 -0.123975 -0.037311
v -0.054969 -0.021597 0.053816
v -0.041865 -0.123744 -0.035573
v -0.054984 -0.015173 0.055574
v -0.055006 0.000946 0.059023
v -0.045995 -0.122594 -0.03006
v -0.047742 -0.12181 -0.027176
v -0.054446 0.00786 0.060255
v -0.048984 -0.120859 -0.024798
v -0.050179 -0.120238 -0.022327
v -0.051725 0.018754 0.061748
v -0.051375 -0.11933 -0.019439
v -0.052387 -0.118255 -0.016532
v -0.053091 -0.117203 -0.01406
v -0.053783 -0.116029 -0.011178
v -0.044976 0.03168 0.063014
v -0.054378 -0.114469 -0.007777
v -0.04012 0.037649 0.063454
v -0.0371 0.040613 0.063564
v -0.034685 0.042691 0.063674
v -0.031727 0.044943 0.063765
v -0.054833 -0.112069 -0.003144
v 0.050685 0.021386 0.0005
v 0.048905 0.025197 0.0005
v 0.049375 0.0242 0.062936
v -0.004924 0.054793 0.0005
v -0.009608 0.054173 0.0005
v -0.055002 0.001107 0.0005
v -0.054991 -0.001304 0.013228
v 0.050718 0.021295 0.062038
v 0.052176 0.017454 0.061634
v 0.052093 0.017681 0.0005
v -0.054803 0.004722 0.0005
v 0.000297 0.055024 0.0005
v 0.053034 0.014592 0.0005
v 0.05322 0.013838 0.061701
v -0.054373 0.008373 0.0005
v 0.054005 0.010546 0.0005
v 0.053833 0.011195 0.061355
v -0.053623 0.012269 0.0005
v 0.054442 0.007888 0.060259
v 0.00416 0.054831 0.064484
v -0.052755 0.015584 0.0005
v 0.054692 0.005897 0.0005
v 0.004937 0.054786 0.0005
v 0.054838 0.004097 0.060218
v -0.051675 0.018861 0.0005
v 0.006642 0.05459 0.064432
v 0.054973 0.002087 0.0005
v 0.009607 0.054182 0.0005
v 0.054995 0.00126 0.059138
v 0.010008 0.054088 0.063915
v -0.050385 0.022072 0.0005
v 0.054991 0.000997 0.005498
v 0.054983 -0.001637 0.013029
v 0.013448 0.053344 0.063897
v 0.054992 -0.00115 0.0005
v 0.055 0 0.002505
v 0.054992 -0.000997 0.005498
v -0.048904 0.025187 0.0005
v 0.014173 0.053152 0.0005
v 0.016478 0.052464 0.06445
v -0.046965 0.028651 0.0005
v 0.018171 0.05193 0.0005
v 0.02023 0.051156 0.063921
v -0.044636 0.032155 0.0005
v 0.021805 0.0505 0.0005
v 0.024638 0.049196 0.063864
v -0.042523 0.034892 0.0005
v 0.024934 0.049036 0.0005
v -0.040096 0.037668 0.0005
v 0.028224 0.047217 0.0005
v 0.028211 0.047204 0.064311
v -0.037316 0.040416 0.0005
v 0.031168 0.04533 0.063768
v 0.031129 0.045353 0.0005
v -0.033947 0.043302 0.0005
v 0.03427 0.043037 0.0005
v 0.033636 0.043498 0.064271
v 0.035847 0.041701 0.064175
v -0.030098 0.046047 0.0005
v 0.037631 0.040132 0.0005
v 0.0394 0.038409 0.06343
v -0.026031 0.048475 0.0005
v 0.040423 0.03731 0.0005
v 0.043024 0.034292 0.063266
v 0.04321 0.034058 0.0005
v -0.022071 0.050386 0.0005
v -0.01888 0.051667 0.0005
v 0.045812 0.030457 0.062912
v 0.046353 0.02965 0.0005
v -0.014718 0.053017 0.0005
v 0.04798 0.02691 0.062629
v -0.000644 -0.055828 0.00496
v -0.001896 -0.056287 0.005847
v -0.003416 -0.055754 0.005084
v -0.012877 -0.054891 0.00645
v -0.009341 -0.055896 0.006768
v -0.011835 -0.055564 0.007043
v -0.010115 -0.056184 0.007305
v -0.011497 -0.054974 0.006037
v -0.008687 -0.055547 0.006052
v -0.005481 -0.055786 0.005579
v -0.003556 -0.056295 0.006061
v -0.006665 -0.05616 0.006465
v -0.004976 -0.055361 0.004475
v -0.005239 -0.055096 0.003664
v -0.025851 -0.05533 0.010407
v -0.026583 -0.056584 0.010645
v -0.028483 -0.053838 0.010724
v -0.012183 -0.056082 0.007699
v -0.021948 -0.054384 0.009163
v -0.019039 -0.056206 0.009301
v -0.021921 -0.055243 0.009544
v -0.015505 -0.054958 0.007514
v -0.014778 -0.055862 0.008146
v 0.000393 -0.055516 0.004241
v -0.002434 -0.055425 0.004126
v -0.019088 -0.054058 0.007955
v -0.016531 -0.05553 0.008347
v -0.019339 -0.055036 0.00879
v -0.022254 -0.056064 0.009868
v -0.025289 -0.054468 0.010101
v -0.014401 -0.054766 0.00689
v -0.016704 -0.054811 0.007788
v -0.020229 -0.054188 0.008484
v -0.024655 -0.053716 0.009673
v -0.001664 -0.055173 0.003125
v 0.000842 -0.055245 0.003378
v -0.00386 -0.055099 0.003151
v -0.017091 -0.053802 0.006723
v -0.000881 -0.055062 0.002398
v -0.015101 -0.053715 0.005359
v -0.019595 -0.053352 0.007395
v -0.024434 -0.052851 0.009146
v -0.022411 -0.053356 0.008684
v -0.021338 -0.053154 0.008045
v -0.007129 -0.055065 0.004365
v -0.026952 -0.053245 0.010189
v -0.029788 -0.051959 0.010686
v -0.028338 -0.052084 0.010231
v -0.009431 -0.054935 0.005043
v -0.012354 -0.05429 0.004955
v -0.001925 -0.054974 0.0005
v 0.000972 -0.054995 0.0005
v -0.000708 -0.055005 0.001694
v -0.016551 -0.053693 0.006232
v -0.013393 -0.053813 0.004214
v -0.009701 -0.054619 0.00426
v -0.008424 -0.054559 0.003047
v -0.018041 -0.052849 0.00555
v -0.025096 -0.051818 0.008686
v -0.02343 -0.052124 0.008075
v -0.026759 -0.051768 0.00946
v -0.008901 -0.054343 0.001897
v -0.006197 -0.054713 0.00197
v -0.022673 -0.051951 0.007405
v -0.028593 -0.051486 0.010087
v -0.019919 -0.052674 0.006641
v -0.003936 -0.054916 0.001886
v -0.016496 -0.053103 0.00485
v -0.005655 -0.054722 0.0005
v -0.033206 -0.04976 0.011238
v -0.031216 -0.049683 0.010423
v -0.011648 -0.05402 0.003386
v -0.017321 -0.052515 0.003671
v -0.027921 -0.050122 0.008885
v -0.025556 -0.050945 0.008119
v -0.011232 -0.053915 0.002117
v -0.019238 -0.052039 0.004537
v -0.028388 -0.050805 0.009651
v -0.012206 -0.053632 0.0005
v -0.009454 -0.054191 0.0005
v -0.021641 -0.051417 0.005537
v -0.030491 -0.049397 0.009896
v -0.02951 -0.049514 0.009405
v -0.020742 -0.051533 0.00482
v -0.013515 -0.053381 0.002024
v -0.014826 -0.052974 0.0005
v -0.033604 -0.049149 0.011194
v -0.035536 -0.048791 0.011901
v -0.034486 -0.048246 0.01123
v -0.033908 -0.04767 0.010654
v -0.02531 -0.050553 0.007419
v -0.016605 -0.052475 0.001549
v -0.016634 -0.052549 0.002444
v -0.014912 -0.053204 0.003354
v -0.021034 -0.052039 0.006347
v -0.029755 -0.048712 0.008847
v -0.027706 -0.049603 0.00818
v -0.022811 -0.050518 0.004471
v -0.022684 -0.051393 0.006559
v -0.036957 -0.047479 0.012192
v -0.017631 -0.052103 0.0005
v -0.035305 -0.04668 0.010893
v -0.036852 -0.046463 0.011734
v -0.025117 -0.049379 0.004479
v -0.025186 -0.049653 0.005478
v -0.019187 -0.051602 0.001959
v -0.032563 -0.047592 0.009807
v -0.032453 -0.046845 0.008998
v -0.020013 -0.051236 0.0005
v -0.024512 -0.050465 0.006556
v -0.036729 -0.045476 0.011121
v -0.030056 -0.048021 0.00829
v -0.027057 -0.048367 0.004721
v -0.021551 -0.050663 0.001941
v -0.028099 -0.048817 0.007448
v -0.038985 -0.044167 0.012063
v -0.022877 -0.050027 0.0005
v -0.035049 -0.045815 0.010044
v -0.033988 -0.04705 0.010284
v -0.0271 -0.048684 0.005869
v -0.020933 -0.051095 0.003254
v -0.024197 -0.049427 0.001549
v -0.023967 -0.049669 0.002936
v -0.033819 -0.045748 0.008924
v -0.03345 -0.045516 0.008203
v -0.026298 -0.049539 0.006716
v -0.02839 -0.047329 0.003511
v -0.035114 -0.045136 0.009463
v -0.030359 -0.046382 0.005092
v -0.035149 -0.044246 0.008361
v -0.036236 -0.044126 0.009509
v -0.037286 -0.044366 0.010784
v -0.026643 -0.048136 0.0005
v -0.026 -0.048618 0.002917
v -0.040196 -0.042823 0.012289
v -0.027046 -0.047943 0.001841
v -0.028516 -0.048091 0.006595
v -1.3E-05 -0.063082 0.009402
v 0.003171 -0.063389 0.00939
v -0.000866 -0.063879 0.009354
v -0.037786 -0.042673 0.009684
v -0.038034 -0.043062 0.010392
v -0.001363 -0.062643 0.009402
v 0.001375 -0.062507 0.009391
v -0.030471 -0.045987 0.003452
v -0.040982 -0.041413 0.012124
v -0.039519 -0.04227 0.011269
v 0.001313 -0.061591 0.009282
v -0.033081 -0.045378 0.007455
v -0.001287 -0.061182 0.009205
v -0.032543 -0.044545 0.00344
v -0.003404 -0.061575 0.009315
v -0.004851 -0.062343 0.009414
v -0.033377 -0.044082 0.00435
v -0.032951 -0.044774 0.005782
v -0.02961 -0.046353 0.0005
v -0.029855 -0.046241 0.001926
v -0.039563 -0.040632 0.009557
v -0.040473 -0.040724 0.010949
v -0.031899 -0.044815 0.0005
v -0.042836 -0.039128 0.012556
v -0.042206 -0.0388 0.011375
v -0.035893 -0.042169 0.004908
v -0.031389 -0.046192 0.006654
v -0.032608 -0.044338 0.001783
v -0.041817 -0.038469 0.010351
v -0.035268 -0.042569 0.004322
v -0.043926 -0.037303 0.012516
v -0.041678 -0.037635 0.00873
v -0.034519 -0.042815 0.000502
v -0.03752 -0.040635 0.004664
v -0.035295 -0.042292 0.002568
v -0.04541 -0.035127 0.012904
v -0.044144 -0.036014 0.011472
v -0.036752 -0.040929 0.0005
v -0.039299 -0.039011 0.005227
v -0.038836 -0.039169 0.003529
v -0.043658 -0.035614 0.009847
v -0.045996 -0.033113 0.011717
v -0.03735 -0.040447 0.002276
v -0.038816 -0.03897 0.0005
v -0.033939 -0.044333 0.006629
v -0.047189 -0.032293 0.013564
v -0.041927 -0.036099 0.005199
v -0.039312 -0.03857 0.002602
v -0.040934 -0.036862 0.002967
v -0.04746 -0.030278 0.011501
v -0.042617 -0.034899 0.002919
v -0.048219 -0.029975 0.013405
v -0.051803 -0.019938 0.011618
v -0.050527 -0.022979 0.010044
v -0.051075 -0.022405 0.012418
v -0.035974 -0.042983 0.007378
v -0.052821 -0.015853 0.008653
v -0.053142 -0.015608 0.012954
v -0.053854 -0.012606 0.014058
v -0.05354 -0.013067 0.009127
v -0.054157 -0.010578 0.013384
v -0.052662 -0.015909 0.0005
v -0.053453 -0.013105 0.005898
v -0.053464 -0.012926 0.0005
v -0.054978 -0.001638 0.0005
v -0.054852 -0.004144 0.0005
v -0.054944 -0.00262 0.006158
v -0.014114 -0.061102 0.009672
v -0.011936 -0.061198 0.009577
v -0.011494 -0.062591 0.009543
v -0.00831 -0.060762 0.009367
v -0.005163 -0.060419 0.009138
v -0.00514 -0.061206 0.009311
v -0.007739 -0.06156 0.009435
v -0.036251 -0.043228 0.00831
v -0.013794 -0.059704 0.009547
v -0.017383 -0.059489 0.009798
v -0.007268 -0.059049 0.00884
v -0.003692 -0.059902 0.008898
v -0.00977 -0.059315 0.009144
v -0.01056 -0.060046 0.009381
v -0.009214 -0.05852 0.008815
v -0.035896 -0.042652 0.006463
v -0.005099 -0.058828 0.008531
v -0.003379 -0.058354 0.008087
v -0.000788 -0.058745 0.008188
v -0.002132 -0.0593 0.008547
v -0.037748 -0.041801 0.008363
v -0.000893 -0.05784 0.007529
v -0.037977 -0.041074 0.007376
v -0.011334 -0.057988 0.008823
v -0.009957 -0.057563 0.008405
v -0.006393 -0.058035 0.008219
v -0.013949 -0.057866 0.009101
v -0.012623 -0.059058 0.009326
v -0.005758 -0.057404 0.007664
v -0.019682 -0.057848 0.009845
v -0.020637 -0.05889 0.010049
v -0.003462 -0.057401 0.007344
v -0.000842 -0.057089 0.006804
v -0.037907 -0.040774 0.006443
v -0.016539 -0.057392 0.009296
v -0.015755 -0.058457 0.009495
v -0.013761 -0.057258 0.008814
v -0.016493 -0.056561 0.008952
v -0.023131 -0.056646 0.01013
v -0.023465 -0.057516 0.010274
v -0.009304 -0.056654 0.0076
v -0.009564 -0.057125 0.008047
v -0.003307 -0.056782 0.006661
v -0.005647 -0.056766 0.007023
v -0.012535 -0.056718 0.008284
v -0.01971 -0.056907 0.009648
v -0.039705 -0.039692 0.008269
v -0.039927 -0.038866 0.006956
v -0.007278 -0.055663 0.00583
v -0.031883 -0.051382 0.011187
v -0.029561 -0.054392 0.01101
v -0.041917 -0.036948 0.007897
v -0.041309 -0.03713 0.006403
v -0.04358 -0.034849 0.008008
v -0.04533 -0.033234 0.010119
v -0.042756 -0.035512 0.006828
v -0.052116 -0.017981 0.007049
v -0.05276 -0.015635 0.003915
v -0.008402 -0.062367 0.009482
v -0.040844 -0.036849 0.0005
v -0.045098 -0.032678 0.008018
v -0.046639 -0.031093 0.010218
v -0.044092 -0.033635 0.006458
v -0.043766 -0.033665 0.004641
v -0.042913 -0.034411 0.0005
v -0.046258 -0.030869 0.008056
v -0.048454 -0.028465 0.011874
v -0.045689 -0.031199 0.005976
v -0.048142 -0.028068 0.009556
v -0.044555 -0.032422 0.003443
v -0.047181 -0.02918 0.007633
v -0.044953 -0.031779 0.00247
v -0.044828 -0.031885 0.0005
v -0.049277 -0.026843 0.012226
v -0.048448 -0.027048 0.008253
v -0.047327 -0.0285 0.005736
v -0.04661 -0.029316 0.002997
v -0.049873 -0.025162 0.011611
v -0.050447 -0.024404 0.013067
v -0.049169 -0.025505 0.007964
v -0.046831 -0.028857 0.0005
v -0.048941 -0.025474 0.005454
v -0.05029 -0.022838 0.006995
v -0.048037 -0.026903 0.003103
v -0.051631 -0.019542 0.007778
v -0.050033 -0.02295 0.003477
v -0.048522 -0.025915 0.0005
v -0.049151 -0.02478 0.003024
v -0.05267 -0.018728 0.016033
v -0.050763 -0.021236 0.002731
v -0.050188 -0.022529 0.0005
v -0.051474 -0.019376 0.000501
v -0.053922 -0.011029 0.007071
v -0.054382 -0.008693 0.011598
v -0.054055 -0.010192 0.0005
v -0.054316 -0.008772 0.006721
v -0.054861 -0.00405 0.009436
v -0.05478 -0.005223 0.012389
v -0.054929 -0.003444 0.015705
v -0.054629 -0.006749 0.012023
v -0.054459 -0.007765 0.004179
v -0.054638 -0.006457 0.007376
v -0.054596 -0.006699 0.0005
v -0.054836 -0.004297 0.004375
v -0.004361 -0.063471 0.009391
v 0.000317 -0.059875 0.008769
v -0.01704 -0.060727 0.009813
v 0.000589 -0.058993 0.008329
v 0.00136 -0.05786 0.00755
v -0.000613 -0.056458 0.006015
v -0.049828 -0.082277 0.013081
v -0.050932 -0.084497 0.013262
v -0.050863 -0.080399 0.01571
v -0.051173 -0.072169 0.02069
v -0.050122 -0.070065 0.020025
v -0.050868 -0.074311 0.019085
v -0.044447 -0.075021 0.01218
v -0.045037 -0.078397 0.010784
v -0.045891 -0.077139 0.012132
v -0.04312 -0.076973 0.010367
v -0.053823 -0.025431 0.040786
v -0.053407 -0.025328 0.03692
v -0.053491 -0.028873 0.039713
v -0.047602 -0.033502 0.015996
v -0.046077 -0.036393 0.015387
v -0.046563 -0.036774 0.016778
v -0.051382 -0.077301 0.018338
v -0.051758 -0.082467 0.015958
v -0.052215 -0.080384 0.018119
v -0.038984 -0.077062 0.008398
v -0.039348 -0.079455 0.00707
v -0.041019 -0.078283 0.008528
v -0.033336 -0.080938 0.004074
v -0.036996 -0.080649 0.005374
v -0.032767 -0.078849 0.005431
v -0.04992 -0.030367 0.020073
v -0.048785 -0.033068 0.019076
v -0.049576 -0.033332 0.022222
v -0.050432 -0.032022 0.024411
v -0.042269 -0.078205 0.009197
v -0.041266 -0.075278 0.01029
v -0.05467 -0.021403 0.049075
v -0.054697 -0.026249 0.049609
v -0.049681 -0.078715 0.015025
v -0.03617 -0.079052 0.006207
v -0.039189 -0.081249 0.00578
v -0.048875 -0.030605 0.01631
v -0.037337 -0.076677 0.008022
v -0.030309 -0.079506 0.004431
v -0.028393 -0.079981 0.003667
v -0.051594 -0.02685 0.024186
v -0.050731 -0.029213 0.022445
v -0.042817 -0.073909 0.011735
v -0.052273 -0.025639 0.02741
v -0.051405 -0.030325 0.027582
v -0.052147 -0.028641 0.030224
v -0.026546 -0.080859 0.00256
v -0.026007 -0.082002 0.001391
v -0.03189 -0.082492 0.002417
v -0.034396 -0.077037 0.006965
v -0.04845 -0.078482 0.013736
v -0.048714 -0.082604 0.011516
v -0.038682 -0.074445 0.009634
v -0.027288 -0.08379 -0.00012
v -0.029644 -0.083526 0.000849
v -0.022006 -0.081525 0.00093
v -0.047612 -0.079738 0.012147
v -0.048113 -0.083481 0.010264
v -0.041732 -0.073013 0.011567
v -0.051271 -0.024942 0.018529
v -0.045655 -0.070827 0.014885
v -0.045483 -0.073189 0.013769
v -0.046951 -0.072915 0.015087
v -0.047119 -0.069515 0.016679
v -0.050256 -0.075692 0.017455
v -0.0402 -0.073051 0.010852
v -0.021862 -0.080255 0.002167
v -0.045833 -0.068862 0.015798
v -0.054508 -0.03147 0.047383
v -0.052709 -0.024495 0.029507
v -0.052201 -0.024069 0.023989
v -0.054454 -0.035136 0.046411
v -0.047019 -0.077053 0.0131
v -0.049807 -0.028279 0.016548
v -0.036925 -0.074404 0.009077
v -0.034014 -0.075043 0.007965
v -0.050485 -0.065911 0.022543
v -0.049413 -0.063706 0.021802
v -0.043426 -0.069464 0.01386
v -0.044186 -0.072282 0.013254
v -0.052831 -0.022621 0.027508
v -0.042784 -0.071271 0.01282
v -0.040479 -0.071371 0.011654
v -0.05394 -0.032151 0.043464
v -0.052544 -0.021839 0.022513
v -0.03048 -0.075792 0.006844
v -0.028444 -0.076845 0.00587
v -0.038387 -0.072502 0.010392
v -0.016291 -0.080043 0.001406
v -0.034611 -0.073405 0.008901
v -0.054232 -0.028261 0.045324
v -0.052652 -0.065289 0.027515
v -0.05313 -0.062739 0.030334
v -0.052254 -0.056411 0.031199
v -0.041154 -0.069018 0.012802
v -0.023962 -0.078229 0.00421
v -0.024774 -0.077109 0.005117
v -0.021486 -0.078832 0.003352
v -0.036348 -0.071353 0.010203
v -0.032611 -0.070598 0.009584
v -0.031304 -0.073478 0.008164
v -0.050636 -0.026166 0.017037
v -0.046336 -0.066003 0.017244
v -0.048174 -0.067978 0.018387
v -0.017885 -0.078509 0.0031
v -0.027288 -0.072648 0.007896
v -0.051853 -0.023067 0.018916
v -0.043128 -0.067117 0.014474
v -0.041759 -0.067196 0.01367
v -0.044757 -0.067585 0.015409
v -0.049469 -0.060984 0.02303
v -0.034365 -0.070039 0.010156
v -0.03849 -0.069878 0.011412
v -0.035899 -0.067949 0.011195
v -0.019598 -0.077081 0.004459
v -0.050533 -0.061824 0.024542
v -0.02622 -0.073922 0.007164
v -0.02971 -0.071445 0.008743
v -0.053027 -0.018474 0.019514
v -0.038884 -0.06739 0.012333
v -0.040138 -0.066704 0.013033
v -0.018775 -0.075555 0.005413
v -0.053412 -0.017889 0.02398
v -0.041899 -0.06408 0.014577
v -0.054266 -0.024135 0.044744
v -0.043259 -0.064039 0.015419
v -0.044191 -0.063298 0.016281
v -0.048087 -0.063448 0.020056
v -0.046164 -0.06071 0.018761
v -0.046751 -0.063576 0.01847
v -0.018652 -0.074286 0.00619
v -0.022331 -0.073864 0.006763
v -0.024461 -0.070601 0.008395
v -0.020842 -0.071833 0.007596
v -0.053496 -0.059201 0.033501
v -0.052816 -0.054163 0.033873
v -0.010799 -0.075959 0.004472
v -0.010865 -0.077057 0.00359
v -0.014941 -0.0768 0.004178
v -0.042535 -0.061347 0.015576
v -0.054082 -0.01248 0.018674
v -0.049936 -0.057522 0.025296
v -0.046825 -0.060011 0.019709
v 0.000117 -0.079565 0.000532
v 0.000532 -0.080735 -0.000971
v -0.00295 -0.080336 -0.000379
v -0.030815 -0.068023 0.010054
v -0.033671 -0.067444 0.010767
v -0.031768 -0.065755 0.01077
v -0.04773 -0.057912 0.021548
v -0.016372 -0.072077 0.00719
v -0.048838 -0.057059 0.023527
v -0.047486 -0.054901 0.022088
v -0.037538 -0.064112 0.0126
v -0.039869 -0.063532 0.013654
v -0.013659 -0.074104 0.005925
v -0.011175 -0.074755 0.005357
v -0.046746 -0.057109 0.020472
v -0.045655 -0.05759 0.019081
v -0.024393 -0.069358 0.008829
v -0.01698 -0.070192 0.008029
v -0.043721 -0.060179 0.016667
v -0.045126 -0.062655 0.017215
v -0.04432 -0.058415 0.017561
v -0.047195 -0.084464 0.008629
v -0.045764 -0.084204 0.007518
v -0.046417 -0.088072 0.005098
v -0.047917 -0.086741 0.007696
v -0.043942 -0.08559 0.005035
v -0.045114 -0.086547 0.005163
v -0.044567 -0.083279 0.007263
v -0.052609 -0.077679 0.020513
v -0.052926 -0.082854 0.018131
v -0.053379 -0.079292 0.021453
v -0.038562 -0.062019 0.013357
v -0.046985 -0.082302 0.009923
v -0.041512 -0.086121 0.003036
v -0.038901 -0.087377 0.000512
v -0.040765 -0.088513 0.000463
v -0.045717 -0.082249 0.008867
v -0.037472 -0.060424 0.013135
v -0.043203 -0.083048 0.006504
v -0.028612 -0.067945 0.00973
v -0.029174 -0.065298 0.010406
v -0.035565 -0.06354 0.012067
v -0.017334 -0.068407 0.008645
v -0.020056 -0.067183 0.009126
v -0.05381 -0.075361 0.025106
v -0.054221 -0.075825 0.026275
v -0.05407 -0.071033 0.0286
v -0.052209 -0.075114 0.021108
v -0.033336 -0.062319 0.011651
v -0.033957 -0.065133 0.011351
v -0.024113 -0.065486 0.009784
v -0.026133 -0.064447 0.010169
v -0.024733 -0.067436 0.00942
v -0.052959 -0.075248 0.022742
v -0.035455 -0.060398 0.012434
v -0.046289 -0.054726 0.020496
v -0.045316 -0.080373 0.009785
v -0.046811 -0.080218 0.01111
v -0.043844 -0.055411 0.01768
v -0.039509 -0.060137 0.014055
v -0.054606 -0.076003 0.027802
v -0.05448 -0.068565 0.031761
v -0.008344 -0.072771 0.006444
v -0.010419 -0.071507 0.00717
v -0.0022 -0.071598 0.006927
v -0.041652 -0.058017 0.01556
v -0.040452 -0.058606 0.014749
v -0.018917 -0.065302 0.009461
v -0.013191 -0.068909 0.008334
v -0.042045 -0.080599 0.007564
v -0.048851 -0.05373 0.024641
v -0.047148 -0.052307 0.022181
v -0.021545 -0.063636 0.009865
v -0.012667 -0.067275 0.008806
v -0.03644 -0.05908 0.01287
v -0.010371 -0.069915 0.00787
v -0.005638 -0.068244 0.008373
v -0.025612 -0.06273 0.010329
v -0.029672 -0.063505 0.010778
v -0.043613 -0.080092 0.008809
v -0.052058 -0.070529 0.023252
v -0.030272 -0.061818 0.011076
v -0.031869 -0.059147 0.011584
v -0.028684 -0.059627 0.01097
v -0.038276 -0.057512 0.013728
v -0.03596 -0.057076 0.012795
v -0.012488 -0.065466 0.00921
v -0.033903 -0.058558 0.012103
v -0.042429 -0.056733 0.016302
v -0.042205 -0.053911 0.016429
v -0.054867 -0.011156 0.049142
v -0.054956 -0.008199 0.05324
v -0.054959 -0.004532 0.045121
v -0.044801 -0.054311 0.018822
v -0.043266 -0.05386 0.017349
v -0.039554 -0.056157 0.014474
v -0.053038 -0.067945 0.027073
v -0.052234 -0.066552 0.025779
v -0.048213 -0.050352 0.02428
v -0.048936 -0.051981 0.025291
v -0.051613 -0.071583 0.021797
v -0.044807 -0.051545 0.019171
v -0.045953 -0.052075 0.020531
v -0.036028 -0.083403 0.002903
v -0.033921 -0.08406 0.001625
v -0.017951 -0.062631 0.009773
v -0.054923 -0.004247 0.030844
v -0.047408 -0.049474 0.022981
v -0.046254 -0.049551 0.021166
v -0.047939 -0.091951 0.003333
v -0.047923 -0.094337 0.000948
v -0.049205 -0.094801 0.00222
v -0.053705 -0.0682 0.028992
v -0.053475 -0.073587 0.025113
v -0.048804 -0.092034 0.004348
v -0.04791 -0.089996 0.005069
v -0.033853 -0.055651 0.012124
v -0.046459 -0.089982 0.003521
v -0.046762 -0.09235 0.001623
v -0.037862 -0.054847 0.013635
v -0.036735 -0.054777 0.013121
v -0.04553 -0.091013 0.001683
v -0.044124 -0.09189 -0.000469
v -0.045819 -0.092969 -1.1E-05
v -0.045449 -0.050348 0.020012
v -0.031081 -0.084962 -0.000167
v -0.043983 -0.051471 0.018246
v -0.048563 -0.048285 0.02518
v -0.031879 -0.056167 0.011604
v -0.021024 -0.061551 0.010029
v -0.034955 -0.054647 0.012444
v -0.044595 -0.088841 0.002861
v -0.01325 -0.06359 0.009498
v -0.042152 -0.090334 -0.000436
v -0.043582 -0.088532 0.002338
v -0.008513 -0.066119 0.009007
v -0.006297 -0.064642 0.009259
v -0.024764 -0.059569 0.010443
v -0.029976 -0.057713 0.011233
v -0.036389 -0.052765 0.012897
v -0.054632 -0.082883 0.0235
v -0.04231 -0.088261 0.001688
v -0.038073 -0.051974 0.013671
v -0.036038 -0.051507 0.012626
v -0.053556 -0.038907 0.041109
v -0.054101 -0.044502 0.042216
v -0.05428 -0.042437 0.043633
v -0.052359 -0.041175 0.03595
v -0.047352 -0.04673 0.022922
v -0.048468 -0.046187 0.025073
v -0.047957 -0.043946 0.023733
v -0.039359 -0.05117 0.014369
v -0.037922 -0.049943 0.013339
v -0.054238 -0.08204 0.022448
v -0.049207 -0.042495 0.026346
v -0.049325 -0.04456 0.026908
v -0.050295 -0.042921 0.029328
v -0.044443 -0.046793 0.018456
v -0.043183 -0.047476 0.0171
v -0.043294 -0.049769 0.017496
v -0.05395 -0.064295 0.032171
v -0.033814 -0.051875 0.011842
v -0.035218 -0.050176 0.012069
v -0.032358 -0.053447 0.011578
v -0.042853 -0.085185 0.004626
v -0.039634 -0.048939 0.014246
v -0.041037 -0.049195 0.015359
v -0.040302 -0.04719 0.014326
v -0.04613 -0.045537 0.020659
v -0.044459 -0.044949 0.017989
v -0.045928 -0.046844 0.020547
v -0.043208 -0.045451 0.01658
v -0.037016 -0.048806 0.012609
v -0.04977 -0.0398 0.027154
v -0.048667 -0.040488 0.024358
v -0.050538 -0.041272 0.029857
v -0.047497 -0.041915 0.022152
v -0.046937 -0.043225 0.021477
v -0.038619 -0.048412 0.013455
v -0.051025 -0.068026 0.022483
v -0.038741 -0.046228 0.012829
v -0.039544 -0.047006 0.013686
v -0.046084 -0.042172 0.01947
v -0.04323 -0.043671 0.015904
v -0.042241 -0.045008 0.015347
v -0.041139 -0.044871 0.014187
v -0.046326 -0.039893 0.018694
v -0.044977 -0.041155 0.017024
v -0.045117 -0.043493 0.01844
v -0.043517 -0.041918 0.015327
v -0.042378 -0.04254 0.01431
v -0.04921 -0.03798 0.024651
v -0.050478 -0.036323 0.027952
v -0.049629 -0.035723 0.024542
v -0.044117 -0.043215 0.016843
v -0.02169 -0.082807 -0.00058
v -0.047685 -0.039131 0.021185
v -0.048459 -0.036525 0.021397
v -0.042986 -0.040363 0.013652
v -0.043924 -0.039674 0.014433
v -0.040903 -0.084382 0.004148
v -0.045135 -0.039314 0.016055
v -0.050548 -0.033789 0.026568
v -0.051723 -0.03261 0.031123
v -0.052639 -0.030033 0.03457
v -0.051459 -0.065056 0.024814
v -0.052595 -0.026058 0.030642
v -0.052973 -0.026482 0.034193
v -0.054724 -0.018337 0.049337
v -0.054539 -0.017381 0.044976
v -0.053667 -0.020284 0.033924
v -0.0542 -0.017734 0.038652
v -0.053946 -0.01586 0.028987
v -0.054624 -0.01203 0.040007
v -0.054564 -0.011084 0.034299
v -0.05433 -0.012212 0.02784
v -0.054732 -0.006936 0.019593
v -0.038625 -0.08566 0.001963
v -0.054806 -0.006339 0.026199
v -0.049244 -0.074411 0.01677
v -0.036619 -0.087876 -0.001095
v -0.054682 -0.10724 0.002887
v -0.054637 -0.10856 0.000567
v -0.054297 -0.105021 0.003462
v -0.054655 -0.104882 0.005625
v -0.052455 -0.100972 0.001703
v -0.051244 -0.099324 0.000779
v -0.051564 -0.101098 -0.000729
v -0.017 -0.081937 -0.000636
v -0.051483 -0.097582 0.00326
v -0.036531 -0.085428 0.001278
v -0.034782 -0.086634 -0.000587
v -0.050321 -0.096569 0.002136
v -0.049899 -0.097583 0.000272
v -0.041028 -0.082197 0.00591
v -0.049258 -0.068581 0.019481
v -0.050602 -0.094942 0.004299
v -0.050789 -0.093899 0.005614
v -0.049758 -0.093497 0.00433
v -0.049517 -0.07169 0.018431
v -0.048558 -0.07144 0.017361
v -0.03829 -0.083156 0.003938
v -0.048623 -0.096672 -0.000714
v -0.049554 -0.089907 0.007233
v -0.050344 -0.089829 0.008474
v -0.051296 -0.059864 0.027066
v -0.047183 -0.09539 -0.00116
v -0.048813 -0.090238 0.005939
v -0.024946 -0.075654 0.006062
v -0.054025 -0.105273 0.001738
v -0.028775 -0.069933 0.009152
v -0.054104 -0.106911 -0.000242
v -0.013561 -0.072983 0.006559
v -0.054652 -0.102574 0.008087
v -0.046342 -0.044359 0.020721
v -0.048273 -0.074521 0.015604
v -0.054062 -0.102742 0.005055
v -0.05351 -0.10519 -0.000369
v -0.053503 -0.102317 0.003343
v -0.041166 -0.061085 0.014777
v -0.011493 -0.079461 0.001359
v -0.011489 -0.078131 0.002699
v -0.05428 -0.10042 0.008363
v -0.054453 -0.062701 0.035088
v -0.049049 -0.086225 0.009428
v -0.05369 -0.099595 0.006946
v -0.037362 -0.066927 0.011903
v -0.052258 -0.102725 -0.001117
v -0.0529 -0.103441 -0.000141
v -0.053028 -0.099981 0.004454
v -0.053657 -0.083104 0.019838
v -0.007151 -0.07791 0.002574
v -0.054363 -0.09585 0.012815
v -0.054625 -0.096034 0.01374
v -0.053806 -0.057562 0.035453
v -0.053928 -0.09689 0.010282
v -0.013281 -0.081491 -0.000772
v -0.054051 -0.052336 0.038908
v -0.052541 -0.049971 0.034739
v -0.052101 -0.098108 0.004061
v -0.05285 -0.096973 0.007036
v -0.005828 -0.076468 0.003801
v -0.002201 -0.077359 0.002897
v -0.05324 -0.095898 0.009071
v -0.010151 -0.080409 0.000114
v -0.052376 -0.096644 0.006183
v -0.053825 -0.048476 0.039693
v -0.053601 -0.093226 0.012388
v -0.05402 -0.094089 0.013002
v -0.051369 -0.05135 0.030909
v -0.051234 -0.055162 0.029108
v -0.006505 -0.079188 0.001204
v -0.00571 -0.080182 -2.9E-05
v -0.005218 -0.073955 0.005623
v -0.003808 -0.075145 0.004767
v 1.8E-05 -0.078622 0.001608
v -0.054552 -0.089497 0.018502
v 0.002317 -0.073273 0.005991
v 0.001747 -0.074725 0.005038
v -0.050334 -0.054854 0.027174
v -0.003294 -0.069741 0.007787
v -0.051432 -0.094239 0.00647
v -0.054161 -0.088643 0.017652
v -0.052131 -0.091867 0.009939
v -0.052959 -0.091068 0.012441
v -0.050222 -0.049712 0.028547
v -0.049354 -0.049238 0.026715
v -0.050205 -0.052886 0.027593
v -0.04097 -0.055355 0.015407
v -0.051797 -0.092926 0.008348
v 3.7E-05 -0.075923 0.004132
v -0.052378 -0.090309 0.011723
v -0.025879 -0.061714 0.010456
v 0.001158 -0.069544 0.007851
v -0.051184 -0.049108 0.031087
v -0.053618 -0.087579 0.016717
v -0.042906 -0.052445 0.017121
v -0.00261 -0.066849 0.00876
v -0.051007 -0.090011 0.009386
v -0.051205 -0.047139 0.031613
v -0.052273 -0.046336 0.03493
v -0.053281 -0.044107 0.039043
v -0.052806 -0.086896 0.015152
v -0.054371 -0.037584 0.045422
v -0.044659 -0.048791 0.018989
v -0.049623 -0.046824 0.027606
v -0.050591 -0.045891 0.030123
v -0.041787 -0.050563 0.016124
v -0.042153 -0.048557 0.016241
v -0.040875 -0.051407 0.015442
v -0.041589 -0.046809 0.01532
v -0.051812 -0.08581 0.013876
v -0.051372 -0.088193 0.011405
v -0.003469 -0.078361 0.00195
v -0.03995 -0.053602 0.014812
v -0.051916 -0.036704 0.033816
v -0.051069 -0.03801 0.030861
v -0.051946 -0.03927 0.034369
v -0.052805 -0.035606 0.037561
v -0.051971 -0.04381 0.034425
v -0.052245 -0.033675 0.034278
v -0.053215 -0.032277 0.038997
v -0.05345 -0.034709 0.040707
v -0.000493 -0.065262 0.00912
v -0.051253 -0.04315 0.032175
v -0.041074 -0.042939 0.013161
v -0.05128 -0.035385 0.030651
v -0.047036 -0.038682 0.019384
v -0.050095 -0.085954 0.011004
v -0.047804 -0.035728 0.018837
v -0.044826 -0.037881 0.014405
v -0.045949 -0.035564 0.014342
v -0.054025 -0.020946 0.039791
v -0.053239 -0.021632 0.030474
v -0.054807 -0.009467 0.043258
v -0.054431 -0.009661 0.017592
v 0.002487 -0.066761 0.008779
v -0.046478 -0.111562 -0.0238
v -0.046931 -0.109711 -0.021409
v -0.045109 -0.110435 -0.02475
v -0.051314 -0.109683 -0.013439
v -0.050322 -0.110014 -0.015847
v -0.050767 -0.111488 -0.016264
v -0.016771 -0.083245 -0.002418
v -0.046834 -0.09935 -0.00689
v -0.045641 -0.096732 -0.004718
v -0.045313 -0.098189 -0.007162
v -0.027906 -0.117697 -0.044333
v -0.026463 -0.115579 -0.043935
v -0.023897 -0.117263 -0.046088
v -0.014699 -0.084066 -0.004159
v -0.012169 -0.082754 -0.002722
v -0.010047 -0.083492 -0.004274
v -0.042591 -0.097048 -0.008518
v -0.04134 -0.096504 -0.008933
v -0.043426 -0.100129 -0.01264
v -0.002185 -0.086369 -0.01153
v -0.00029 -0.087211 -0.013517
v -0.002105 -0.087764 -0.014622
v -0.041641 -0.099398 -0.013501
v -0.012163 -0.084681 -0.005824
v -0.008985 -0.084595 -0.006415
v -0.044851 -0.108778 -0.023447
v -0.043726 -0.110602 -0.026763
v -0.052321 -0.109415 -0.010696
v -0.051969 -0.11143 -0.013471
v -0.022448 -0.101696 -0.033531
v -0.020558 -0.102427 -0.035407
v -0.025219 -0.103003 -0.03385
v -0.011996 -0.108225 -0.04491
v -0.010119 -0.106905 -0.04426
v -0.009648 -0.109085 -0.046274
v -0.05382 -0.110486 -0.00687
v -0.053188 -0.110098 -0.008808
v -0.053736 -0.111928 -0.008572
v -0.030015 -0.102473 -0.030192
v -0.026109 -0.099962 -0.028837
v -0.026204 -0.101454 -0.031132
v -0.029844 -0.101116 -0.028198
v -0.004124 -0.086969 -0.012603
v -0.003953 -0.084886 -0.007941
v -0.042075 -0.109793 -0.028035
v -0.040058 -0.10981 -0.030305
v -0.040808 -0.111922 -0.031319
v -0.010038 -0.081401 -0.001174
v -0.008894 -0.082362 -0.002675
v -0.015884 -0.123185 -0.051724
v -0.013744 -0.121026 -0.051673
v -0.014051 -0.123879 -0.052474
v -0.006484 -0.08435 -0.006441
v -0.00677 -0.085814 -0.009431
v -0.036912 -0.100545 -0.020796
v -0.037615 -0.097651 -0.014563
v -0.03472 -0.09968 -0.021385
v -0.035735 -0.111982 -0.036104
v -0.033695 -0.110882 -0.036802
v -0.034117 -0.113467 -0.038274
v -0.006382 -0.082841 -0.003756
v -0.004222 -0.111482 -0.048918
v -0.001866 -0.111344 -0.048992
v -0.003718 -0.113791 -0.050392
v 0.000154 -0.085697 -0.010125
v -0.001347 -0.112949 -0.05003
v -0.001806 -0.08471 -0.007764
v 0.001115 -0.113284 -0.050232
v -0.001076 -0.11453 -0.050928
v -0.039063 -0.110652 -0.032078
v -0.032866 -0.100182 -0.024085
v -0.03024 -0.098041 -0.022227
v -0.030886 -0.100028 -0.025486
v -0.019692 -0.105131 -0.038958
v -0.018031 -0.103589 -0.037946
v -0.015231 -0.104864 -0.040493
v -0.016474 -0.106356 -0.041554
v -0.014276 -0.106431 -0.042494
v -0.002834 -0.083784 -0.005809
v -0.03969 -0.097142 -0.011605
v -0.039002 -0.100011 -0.017559
v -0.006933 -0.111385 -0.048513
v -0.004428 -0.109667 -0.047612
v -0.007194 -0.109237 -0.046899
v -0.032106 -0.112669 -0.039065
v -0.033468 -0.114444 -0.039305
v -0.037928 -0.112281 -0.034439
v -0.036708 -0.110308 -0.034006
v -0.020246 -0.118458 -0.048313
v -0.023541 -0.119237 -0.04721
v -0.00775 -0.107524 -0.045368
v -0.027086 -0.098894 -0.026324
v -0.050084 -0.108241 -0.014485
v -0.049004 -0.109784 -0.018095
v -0.01219 -0.106528 -0.043295
v 2.7E-05 -0.084438 -0.007212
v -0.0439 -0.095817 -0.005405
v -0.043898 -0.097644 -0.008027
v -0.022567 -0.100459 -0.031678
v -0.043606 -0.108553 -0.024853
v -0.048311 -0.108452 -0.017874
v -0.046849 -0.108212 -0.01993
v -0.029768 -0.113854 -0.041196
v -0.031708 -0.114818 -0.040648
v -0.006375 -0.08153 -0.001764
v -0.002514 -0.082547 -0.003625
v -0.048297 -0.097729 -0.002488
v -0.035122 -0.096664 -0.015056
v -0.033291 -0.096405 -0.016204
v -0.011256 -0.105487 -0.042538
v -0.018074 -0.122364 -0.050719
v -0.017632 -0.119682 -0.049887
v -0.015867 -0.12099 -0.051
v -0.000736 -0.08284 -0.004189
v -0.021483 -0.115443 -0.046215
v -0.021425 -0.103942 -0.036855
v -0.020466 -0.120687 -0.049174
v -7.6E-05 -0.083529 -0.005421
v -0.002355 -0.081292 -0.001713
v -0.030094 -0.111958 -0.039751
v -0.046866 -0.096796 -0.003285
v -0.045299 -0.094849 -0.002697
v -0.020261 -0.116725 -0.047452
v -0.051224 -0.10789 -0.011685
v -1E-05 -0.081972 -0.002771
v -0.006914 -0.12486 -0.054183
v -0.03905 -0.122124 -0.038138
v -0.037247 -0.123599 -0.040153
v -0.036146 -0.122282 -0.040752
v -0.033907 -0.123349 -0.042775
v -0.041136 -0.121425 -0.035835
v -0.039647 -0.119721 -0.036812
v -0.036127 -0.11965 -0.039883
v -0.037544 -0.121358 -0.039301
v -0.051248 -0.112708 -0.016164
v -0.050154 -0.113114 -0.018755
v -0.050941 -0.114409 -0.017996
v -0.043824 -0.113301 -0.028834
v -0.042864 -0.111764 -0.028839
v -0.041518 -0.113308 -0.031571
v -0.049372 -0.111903 -0.019316
v -0.027539 -0.113005 -0.041806
v -0.028843 -0.115812 -0.042839
v 0.001243 -0.111686 -0.04924
v -0.048202 -0.111036 -0.02062
v -0.040165 -0.108152 -0.028534
v -0.05434 -0.111415 -0.005458
v -0.053856 -0.109049 -0.005032
v -0.013445 -0.103294 -0.03932
v -0.037948 -0.108765 -0.031452
v -0.054592 -0.110122 -0.002434
v -0.011188 -0.104217 -0.041148
v -0.05339 -0.107595 -0.00493
v -0.05288 -0.108112 -0.00751
v -0.049978 -0.106847 -0.01301
v -0.050561 -0.106101 -0.010815
v -0.037757 -0.10683 -0.029563
v -0.034639 -0.109744 -0.035218
v -0.053894 -0.108088 -0.003441
v -0.052252 -0.107984 -0.009221
v -0.052313 -0.106464 -0.006935
v -0.004633 -0.107836 -0.046105
v -0.03389 -0.108546 -0.034716
v -0.036089 -0.108357 -0.032774
v -0.034833 -0.106277 -0.03159
v -0.051634 -0.107151 -0.009786
v -0.05152 -0.105761 -0.008079
v -0.050562 -0.104718 -0.008729
v -0.041576 -0.10453 -0.022214
v -0.04203 -0.106129 -0.023915
v -0.043309 -0.105394 -0.021283
v -0.033339 -0.106643 -0.033169
v -0.032621 -0.10482 -0.031526
v -0.011254 -0.124437 -0.053311
v -0.052915 -0.106718 -0.005357
v -0.052265 -0.104445 -0.003735
v -0.042079 -0.107958 -0.026104
v -0.041849 -0.094871 -0.006074
v -0.024899 -0.114113 -0.04381
v -0.000858 -0.110143 -0.048188
v -0.039641 -0.09528 -0.008597
v -0.011005 -0.122212 -0.052756
v -0.00801 -0.105411 -0.043267
v -0.017095 -0.10163 -0.035833
v -0.018043 -0.100724 -0.034191
v -0.002039 -0.108636 -0.046988
v -0.028084 -0.097292 -0.022461
v -0.023425 -0.099229 -0.029221
v -0.048508 -0.107187 -0.016062
v -0.037778 -0.095054 -0.009806
v -0.043264 -0.093835 -0.003447
v -0.015559 -0.102596 -0.037699
v -0.01444 -0.11861 -0.050529
v -0.008751 -0.122577 -0.053325
v -0.007211 -0.106454 -0.044467
v -0.031604 -0.110232 -0.037603
v -0.045529 -0.10697 -0.020373
v -0.016805 -0.116692 -0.048828
v -0.004983 -0.106304 -0.044663
v -0.04412 -0.106815 -0.022132
v -0.047064 -0.106426 -0.017412
v -0.019074 -0.099689 -0.032183
v -0.035903 -0.094391 -0.010221
v -0.0249 -0.097049 -0.024311
v -0.025198 -0.112184 -0.04239
v -0.020455 -0.098515 -0.029623
v -0.039645 -0.093983 -0.00666
v -0.011737 -0.119483 -0.051657
v -0.002259 -0.106798 -0.045388
v -0.007825 -0.103656 -0.041343
v -0.011221 -0.1021 -0.038504
v 0.00077 -0.10863 -0.047025
v -0.022454 -0.097614 -0.026936
v -0.048547 -0.105875 -0.014288
v -0.041432 -0.093044 -0.003995
v -0.014662 -0.100621 -0.035343
v -0.02872 -0.110605 -0.039502
v -0.030225 -0.093936 -0.0138
v -0.004098 -0.105008 -0.043464
v -0.041003 -0.106954 -0.026193
v -0.005646 -0.122596 -0.053797
v -0.003639 -0.124461 -0.054434
v -0.033245 -0.094264 -0.012105
v -0.015642 -0.098989 -0.032513
v -0.03679 -0.092995 -0.007371
v -0.02101 -0.112847 -0.044803
v -0.000181 -0.106729 -0.045388
v -0.039322 -0.092204 -0.004499
v -0.025605 -0.095759 -0.021162
v -0.04201 -0.091645 -0.00193
v -0.009545 -0.119899 -0.052313
v -0.012537 -0.100272 -0.035535
v -0.029242 -0.108928 -0.037848
v -0.031425 -0.108305 -0.036083
v -0.007944 -0.102397 -0.039724
v -0.049637 -0.104755 -0.010716
v -0.005324 -0.103364 -0.041435
v -0.04588 -0.104874 -0.017018
v -0.047226 -0.104287 -0.01414
v -0.014575 -0.115991 -0.049258
v -0.039686 -0.105567 -0.025921
v -0.001587 -0.10512 -0.043765
v -0.017058 -0.097801 -0.029976
v -0.044422 -0.121452 -0.031935
v -0.042877 -0.121761 -0.033945
v -0.033195 -0.09309 -0.010054
v -0.017918 -0.11399 -0.046887
v -0.026068 -0.109925 -0.040299
v -0.006243 -0.121259 -0.053329
v -0.008078 -0.100877 -0.037591
v -0.047159 -0.120403 -0.027708
v -0.036879 -0.091406 -0.005081
v -0.018939 -0.096846 -0.027412
v -0.045872 -0.121265 -0.029885
v -0.010499 -0.099976 -0.035672
v -0.002862 -0.103473 -0.041859
v -0.048567 -0.104401 -0.012106
v -0.012372 -0.116904 -0.05038
v -0.052882 -0.104721 -0.002096
v -0.039789 -0.090301 -0.00195
v -0.020297 -0.095815 -0.024729
v -0.03152 -0.107045 -0.034818
v -0.043567 -0.104196 -0.019191
v 0.000483 -0.10523 -0.043916
v -0.021597 -0.110774 -0.043067
v -0.027873 -0.093221 -0.014144
v -0.005259 -0.101563 -0.039086
v -0.043075 -0.119823 -0.033114
v -0.021998 -0.094646 -0.021315
v -0.007586 -0.11946 -0.052519
v -0.045544 -0.118666 -0.029482
v -0.048061 -0.119004 -0.02574
v -0.011558 -0.098383 -0.03289
v -0.03324 -0.091872 -0.008033
v -0.000809 -0.125099 -0.054684
v 0.000158 -0.103896 -0.042465
v -0.044145 -0.118294 -0.031206
v -0.010085 -0.1175 -0.051234
v -0.041548 -0.119307 -0.034694
v -0.013526 -0.097235 -0.030364
v -0.050627 -0.118194 -0.020642
v -0.049277 -0.117645 -0.023058
v -0.04702 -0.118318 -0.027152
v -0.037488 -0.089389 -0.00229
v -0.015528 -0.096135 -0.027663
v -0.036773 -0.105429 -0.028772
v -0.02918 -0.09188 -0.010681
v -0.031486 -0.123406 -0.044452
v -0.003396 -0.101588 -0.039346
v -0.025328 -0.092534 -0.014563
v -0.051535 -0.102921 -0.003378
v -0.034672 -0.121628 -0.041705
v -0.002584 -0.122724 -0.054085
v -0.001481 -0.102619 -0.040883
v -0.00405 -0.120864 -0.053445
v -0.027449 -0.124275 -0.047119
v -0.038243 -0.104356 -0.02577
v -0.000766 -0.122729 -0.054151
v -0.008041 -0.098422 -0.033797
v -0.034104 -0.090559 -0.005578
v 0.000812 -0.102825 -0.04116
v 0.001502 -0.124771 -0.054609
v -0.038307 -0.118828 -0.037723
v -0.014042 -0.113388 -0.047976
v -0.029683 -0.123686 -0.045661
v -0.012815 -0.114917 -0.049242
v -0.016671 -0.094522 -0.024069
v -0.051527 -0.116881 -0.018064
v -0.035961 -0.089545 -0.003293
v -0.048467 -0.116511 -0.023947
v -0.039393 -0.103594 -0.023356
v -0.033795 -0.120683 -0.042022
v -0.042802 -0.117196 -0.032372
v -0.004522 -0.100086 -0.036987
v -0.017708 -0.111775 -0.045516
v -0.032261 -0.120452 -0.042981
v -0.048505 -0.101418 -0.007444
v 0.000899 -0.101335 -0.039159
v -0.047062 -0.116585 -0.026284
v -0.024599 -0.107398 -0.038896
v -0.027693 -0.107082 -0.037014
v -0.001714 -0.100833 -0.03838
v -0.018639 -0.093713 -0.021387
v -0.02913 -0.090686 -0.008629
v -0.045306 -0.103108 -0.015099
v -0.040851 -0.117989 -0.034897
v -0.044908 -0.116348 -0.029293
v -0.050516 -0.102278 -0.004848
v -0.031373 -0.090283 -0.006705
v -0.005295 -0.118168 -0.052353
v -0.029602 -0.12161 -0.045045
v -0.008054 -0.117054 -0.051453
v -0.010692 -0.114959 -0.049861
v -0.010487 -0.096062 -0.02924
v -0.021625 -0.091482 -0.014826
v -0.024083 -0.124643 -0.048942
v -0.041436 -0.102554 -0.019263
v -0.00461 -0.09815 -0.033883
v -0.034696 -0.104345 -0.02921
v -0.031014 -0.105455 -0.0334
v -0.034065 -0.08848 -0.002941
v -0.012506 -0.095016 -0.02673
v -0.039677 -0.116684 -0.035491
v -0.043257 -0.102633 -0.017096
v -0.036205 -0.103839 -0.027095
v -0.031438 -0.089413 -0.005412
v -0.050468 -0.116231 -0.020032
v -0.020389 -0.108422 -0.041741
v -0.014398 -0.094037 -0.024131
v -0.034486 -0.118666 -0.040734
v -0.052577 -0.1155 -0.014699
v -0.049722 -0.115203 -0.020942
v -0.02508 -0.090314 -0.010385
v -0.036969 -0.117789 -0.038433
v -0.027896 -0.10583 -0.035657
v -0.001323 -0.120687 -0.053544
v -0.007867 -0.096442 -0.030501
v -0.045929 -0.115135 -0.027171
v -0.014335 -0.112058 -0.047022
v -0.042091 -0.116224 -0.03271
v -0.000248 -0.09903 -0.035569
v -0.026386 -0.122649 -0.047178
v -0.03158 -0.088488 -0.004092
v -0.018041 -0.109879 -0.043974
v -0.051708 -0.115504 -0.016905
v -0.049539 -0.101447 -0.005576
v -0.020604 -0.124465 -0.050416
v -0.04307 -0.114993 -0.030877
v -0.016412 -0.092203 -0.019405
v -0.047715 -0.114634 -0.024115
v -0.03081 -0.119314 -0.04343
v -0.053252 -0.114233 -0.011967
v -0.039358 -0.102117 -0.020956
v -0.032856 -0.103712 -0.029857
v -0.014475 -0.11076 -0.046071
v -0.008689 -0.114882 -0.050271
v -0.026999 -0.088725 -0.006622
v -0.002406 -0.118983 -0.052911
v -0.032175 -0.087069 -0.002085
v -0.046488 -0.100214 -0.008708
v -0.044908 -0.114392 -0.028137
v -0.007873 -0.094353 -0.02679
v -0.03792 -0.115325 -0.036403
v -0.048869 -0.114134 -0.021839
v -0.005091 -0.095409 -0.029156
v -0.021442 -0.089946 -0.011823
v -0.028431 -0.119798 -0.045008
v -0.035582 -0.116718 -0.039027
v -0.041316 -0.115024 -0.032887
v -0.010186 -0.093341 -0.024288
v -0.002579 -0.096578 -0.031418
v -0.024167 -0.105969 -0.037735
v -0.012096 -0.092418 -0.021811
v -0.005946 -0.115561 -0.051087
v -0.034694 -0.102823 -0.026945
v -0.032818 -0.117671 -0.041436
v -0.044933 -0.100784 -0.011781
v -0.052163 -0.113465 -0.014538
v -0.012697 -0.090822 -0.018264
v -0.029755 -0.103634 -0.031975
v -0.011313 -0.112267 -0.048115
v 0.000292 -0.0975 -0.033046
v -0.037067 -0.102324 -0.02379
v -0.021106 -0.12294 -0.049732
v -0.023017 -0.121721 -0.04847
v -0.027124 -0.104189 -0.034261
v -0.050527 -0.100535 -0.002297
v -0.048009 -0.113031 -0.02255
v -0.02769 -0.086342 -0.002955
v -0.046901 -0.113296 -0.024512
v -0.026914 -0.087295 -0.004549
v -0.018455 -0.089479 -0.0125
v -0.039513 -0.114972 -0.034706
v -0.02142 -0.088832 -0.009714
v -0.023281 -0.087863 -0.00709
v -0.033785 -0.116066 -0.039995
v -0.000243 -0.11837 -0.052729
v -0.015828 -0.109159 -0.04432
v -0.017279 -0.124771 -0.051719
v -0.028446 -0.085371 -0.001498
v -0.048445 -0.099482 -0.004617
v -0.024383 -0.104751 -0.036348
v -0.053894 -0.113554 -0.009247
v -0.016078 -0.08892 -0.012562
v -0.036417 -0.11429 -0.03707
v -0.020122 -0.106545 -0.040182
v -0.009188 -0.112128 -0.048565
v -0.040128 -0.100747 -0.017643
v -0.025726 -0.12019 -0.046578
v -0.035035 -0.101553 -0.024513
v 0.000164 -0.095293 -0.029281
v -0.002312 -0.094669 -0.028097
v -0.007499 -0.091698 -0.021809
v -0.003078 -0.116328 -0.051743
v -0.032699 -0.102031 -0.027434
v -0.004158 -0.093241 -0.025348
v -0.030882 -0.116679 -0.042163
v -0.023222 -0.086516 -0.005014
v -0.00974 -0.090776 -0.019287
v -0.049548 -0.099659 -0.002987
v -0.006403 -0.113572 -0.049953
v -0.045172 -0.112085 -0.026102
v -0.018842 -0.086681 -0.007079
v -0.016564 -0.107753 -0.042821
v -0.012589 -0.087791 -0.011776
v -0.01824 -0.087642 -0.009024
v -0.023324 -0.085389 -0.003368
v -0.039125 -0.113374 -0.034062
v -0.025079 -0.084427 -0.001518
v -0.00491 -0.091445 -0.021822
v -0.047152 -0.098743 -0.005539
v -0.013938 -0.108648 -0.044617
v -0.001072 -0.092626 -0.02443
v -0.011637 -0.110088 -0.046503
v -0.052788 -0.111695 -0.011501
v -0.00118 -0.11615 -0.051744
v -0.003112 -0.091346 -0.021856
v -0.019176 -0.085758 -0.005425
v -0.015592 -0.08711 -0.009146
v -0.007179 -0.08979 -0.017999
v -0.009704 -0.086573 -0.010228
v -0.021117 -0.083889 -0.002088
v -0.01929 -0.08473 -0.003823
v 0.000885 -0.11563 -0.051505
v -0.012307 -0.086187 -0.008583
v -0.004525 -0.088933 -0.016793
v -0.00687 -0.088066 -0.014399
v -0.015097 -0.085416 -0.006233
v -0.000716 -0.089984 -0.019319
v -0.002573 -0.089439 -0.018091
v 0.000578 -0.091203 -0.021722
v -0.017234 0.043 0.107358
v -0.011406 0.044869 0.107403
v -0.01373 0.044212 0.10741
v -0.009142 0.045388 0.107395
v -0.004205 0.046287 0.10699
v -0.006313 0.045913 0.107294
v -0.004658 0.046022 0.107463
v -0.002527 0.046262 0.107321
v -0.03648 0.02817 0.107746
v -0.037624 0.027027 0.107364
v -0.037722 0.026611 0.107642
v -0.036014 0.029106 0.107386
v -0.003295 0.045913 0.107835
v -0.046217 0.003449 0.107344
v -0.045948 0.00595 0.107369
v -0.045603 0.008217 0.107367
v -0.045106 0.010667 0.107335
v -0.044434 0.013131 0.107372
v -0.043642 0.015557 0.107372
v -0.046308 0.001205 0.107378
v -0.038995 0.024207 0.108012
v -0.039066 0.024562 0.107674
v -0.039947 0.023317 0.107507
v -0.042836 0.017459 0.107514
v -0.042071 0.019412 0.107357
v -0.041004 0.021453 0.107467
v -0.03915 0.024777 0.107336
v 0.000184 0.046303 0.107387
v -0.03436 0.031039 0.107387
v -0.032622 0.032857 0.107387
v -0.030747 0.034517 0.107538
v -0.028813 0.036147 0.107537
v -0.0263 0.038117 0.107377
v -0.022888 0.040205 0.10748
v -0.020124 0.041739 0.107318
v 0.054895 -0.003485 0.0005
v 0 -0.050498 0.0005
v -1.7E-05 -0.051819 0.0005
v 0.003511 -0.054894 0.0005
v 0.054703 -0.005732 0.0005
v 0.007075 -0.054557 0.0005
v 0.054379 -0.008299 0.0005
v 0.010541 -0.053986 0.0005
v 0.05371 -0.011883 0.0005
v 0.013547 -0.053315 0.0005
v 0.052952 -0.014874 0.0005
v 0.016594 -0.052445 0.0005
v 0.052017 -0.017902 0.0005
v 0.019826 -0.051315 0.0005
v -0.014287 -0.049991 0.0005
v 0.050807 -0.021077 0.0005
v 0.023703 -0.049647 0.0005
v 0.049685 -0.023601 0.0005
v 0.048401 -0.026135 0.0005
v 0.026981 -0.047935 0.0005
v 0.046772 -0.028956 0.0005
v 0.030105 -0.046047 0.0005
v -0.014237 -0.049993 0.0005
v 0.044854 -0.031843 0.0005
v 0.033565 -0.043587 0.0005
v 0.043075 -0.034208 0.0005
v 0.036244 -0.041376 0.0005
v 0.041367 -0.036254 0.0005
v 0.037867 -0.039882 0.000501
v 0.039402 -0.038383 0.0005
v -0.00015 -0.051962 0.0005
v -0.001351 -0.052107 0.0005
v -0.00149 -0.052284 0.0005
v -0.000196 -0.05199 0.0005
v -0.000184 -0.051975 0.000648
v -0.01428 -0.049989 0.000695
v 0.022429 -0.1798 -0.050226
v 0.025135 -0.182192 -0.048929
v 0.017531 -0.181954 0.052125
v 0.015352 -0.181931 0.052811
v 0.027954 -0.181346 -0.04737
v 0.013481 -0.181612 0.053317
v 0.029636 -0.18226 -0.046336
v 0.011489 -0.181729 0.053784
v 0.009491 -0.183168 0.054174
v 0.031048 -0.182878 -0.045401
v 0.032305 -0.18138 -0.044518
v 0.007147 -0.181073 0.054534
v 0.034427 -0.181155 -0.0429
v 0.005077 -0.178487 0.054769
v 0.036191 -0.179474 -0.041419
v 0.038082 -0.180333 -0.039691
v 0.002327 -0.18123 0.054957
v 0.014543 -0.182222 -0.053045
v 0.016021 -0.176314 -0.052614
v 0.017505 -0.180251 -0.052142
v 0.019855 -0.182329 -0.051299
v 0.039476 -0.183188 -0.038299
v 0.055 -0.191995 0
v 0.041265 -0.181267 -0.036371
v 0.054993 -0.189002 -0.000998
v 0.042714 -0.180298 -0.034653
v 0.054994 -0.189002 0.000997
v 0.0441 -0.181696 -0.032877
v 0.045842 -0.180742 -0.030396
v 0.046804 -0.178003 -0.028889
v 0.047899 -0.179914 -0.027041
v 0.049006 -0.17881 -0.024978
v 0.050029 -0.181851 -0.022855
v 0.050734 -0.181786 -0.021244
v 0.051351 -0.180144 -0.019707
v 0.052139 -0.181671 -0.017523
v 0.052582 -0.187968 -0.01616
v 0.052985 -0.180041 -0.014774
v 0.053392 -0.188476 -0.013216
v 0.054002 -0.18218 -0.010459
v 0.054493 -0.186459 -0.007472
v 0.054461 -0.180436 -0.007723
v 0.054766 -0.182912 -0.005105
v 0.053829 -0.191636 0.011278
v 0.054909 -0.180308 -0.003198
v 0.055003 -0.181229 -0.000671
v 0.054967 -0.181554 0.001971
v 0.054891 -0.180747 0.003504
v 0.054724 -0.179872 0.005536
v 0.054329 -0.180477 0.00861
v 0.053976 -0.179652 0.010563
v 0.053484 -0.182462 0.012826
v 0.052965 -0.180264 0.014826
v 0.052586 -0.175886 0.016157
v 0.051988 -0.183567 0.017923
v 0.050985 -0.180802 0.020624
v 0.05028 -0.184428 0.022245
v 0.049118 -0.183655 0.024712
v 0.047756 -0.184517 0.027233
v 0.046336 -0.184269 0.02958
v 0.044628 -0.183692 0.03212
v 0.042774 -0.180433 0.034571
v 0.041479 -0.183495 0.036075
v 0.040119 -0.1836 0.037585
v 0.038553 -0.182811 0.039192
v 0.037114 -0.18285 0.04056
v 0.035688 -0.181599 0.041826
v 0.002105 -0.180585 -0.054964
v 0.034058 -0.183468 0.04315
v 0.003806 -0.175136 -0.05487
v 0.032556 -0.183001 0.0443
v 0.005463 -0.173855 -0.054729
v 0.007066 -0.184046 -0.054547
v 0.030721 -0.182614 0.045594
v 0.008893 -0.17403 -0.054278
v 0.029034 -0.183035 0.046688
v 0.010184 -0.176854 -0.054049
v 0.026706 -0.186745 0.048055
v 0.012281 -0.180928 -0.053617
v 0.024863 -0.182762 0.04904
v 0.022801 -0.182857 0.050037
v 0.020995 -0.182338 0.050822
v 0.019404 -0.182169 0.051455
v 0.006221 0.046139 0.106761
v 0.008323 0.045573 0.107333
v 0.008254 0.045829 0.106735
v 0.006035 0.045905 0.107386
v 0.025902 0.038303 0.10751
v 0.027338 0.037379 0.107368
v 0.026927 0.037949 0.106825
v 0.024546 0.039491 0.106919
v 0.003303 0.046343 0.107072
v 0.024131 0.039505 0.107412
v 0.004841 0.046377 0.106506
v 0.02202 0.041014 0.106783
v 0.021354 0.041088 0.107387
v 0.020276 0.04185 0.106911
v 0.019132 0.042181 0.107369
v 0.046235 0.003018 0.107372
v 0.046322 0.004303 0.106898
v 0.046451 0.002507 0.106896
v 0.046004 0.005516 0.10737
v 0.046046 0.006582 0.106927
v 0.011257 0.044928 0.107358
v 0.013682 0.044512 0.106759
v 0.011702 0.045072 0.106756
v 0.045428 0.009997 0.106968
v 0.010336 0.045416 0.10673
v 0.044633 0.012445 0.107365
v 0.04292 0.017574 0.107281
v 0.042248 0.019526 0.106835
v 0.041938 0.019708 0.10735
v 0.043596 0.016471 0.106608
v 0.040774 0.021997 0.10736
v 0.040238 0.023257 0.107022
v 0.039315 0.024482 0.107383
v 0.038989 0.025313 0.106965
v 0.039286 0.025033 0.106643
v 0.037837 0.02667 0.107426
v 0.046513 0.000324 0.106902
v 0.037851 0.026891 0.107108
v 0.036379 0.028659 0.107377
v 0.035295 0.029959 0.1074
v 0.035762 0.029753 0.106846
v 0.03407 0.031352 0.107395
v 0.045934 0.007625 0.106773
v 0.034666 0.031022 0.106849
v 0.032779 0.032686 0.107404
v 0.030616 0.034977 0.106947
v 0.031956 0.033831 0.106789
v 0.030188 0.035542 0.106422
v 0.033264 0.0325 0.106887
v 0.028895 0.036465 0.106838
v 0.031468 0.033943 0.107416
v 0.044771 0.0128 0.106784
v 0.044123 0.01484 0.106811
v 0.030012 0.035239 0.107411
v 0.028712 0.036309 0.1074
v 0.02551 0.039039 0.106435
v 0.023634 0.040216 0.106385
v 0.019593 0.042356 0.106343
v 0.018259 0.042844 0.106717
v 0.041063 0.021916 0.106806
v 0.013395 0.044348 0.107339
v 0.009803 0.045202 0.107474
v 0.036779 0.028575 0.106668
v 0.037948 0.027004 0.106649
v 0.016031 0.043456 0.107356
v 0.016253 0.04364 0.106735
v 0.032872 -0.032489 0.107578
v 0.03264 -0.03316 0.107046
v 0.034039 -0.03175 0.106992
v 0.045033 -0.010524 0.107513
v 0.03168 -0.034039 0.10712
v 0.044562 -0.012222 0.107576
v 0.044232 -0.014111 0.107138
v 0.044185 -0.01484 0.106578
v 0.044886 -0.012485 0.106644
v 0.030607 -0.034781 0.107406
v 0.029842 -0.035781 0.106958
v 0.046434 -0.001262 0.10711
v 0.042924 -0.017035 0.107618
v 0.043853 -0.015108 0.107244
v 0.043141 -0.017443 0.106899
v 0.04245 -0.018479 0.107403
v 0.042488 -0.018997 0.106873
v 0.045451 -0.009665 0.107026
v 0.045664 -0.009139 0.106709
v 0.045437 -0.009033 0.107363
v 0.044779 -0.012273 0.107141
v 0.041637 -0.020322 0.107366
v 0.040671 -0.022641 0.106893
v 0.041624 -0.020957 0.106699
v 0.040018 -0.023155 0.107529
v 0.039804 -0.023864 0.107214
v 0.039373 -0.024862 0.106862
v 0.038696 -0.025292 0.107539
v 0.037537 -0.027021 0.107506
v 0.046229 -0.00365 0.107272
v 0.046435 -0.00248 0.106939
v 0.037373 -0.027757 0.106929
v 0.036294 -0.028761 0.107418
v 0.035871 -0.029702 0.106916
v 0.045902 -0.006066 0.107415
v 0.046292 -0.004528 0.10691
v 0.045972 -0.007086 0.106897
v 0.034769 -0.030606 0.107404
v 0.028376 -0.036859 0.107126
v 0.027011 -0.037896 0.107103
v 0.024795 -0.039388 0.107106
v 0.045205 -0.011183 0.10671
v 0.022076 -0.04092 0.107217
v 0.019328 -0.042279 0.107235
v 0.016034 -0.043644 0.107231
v 0.013392 -0.044496 0.107278
v 0.03847 -0.026206 0.106916
v 0.045526 -0.007345 0.107727
v 0.054448 -0.108219 -0.000252
v 0.054748 -0.109147 0.00057
v 0.054897 -0.111029 -0.001263
v 0.002922 -0.103926 -0.042374
v 0.002703 -0.10539 -0.043985
v 0.014277 -0.09662 -0.029035
v 0.017073 -0.098333 -0.03088
v 0.01462 -0.098819 -0.032604
v 0.025831 -0.092496 -0.014136
v 0.029924 -0.094559 -0.015309
v 0.027092 -0.097142 -0.022928
v 0.017887 -0.09663 -0.027534
v 0.020509 -0.098561 -0.029682
v 0.005943 -0.102161 -0.039804
v 0.006114 -0.103431 -0.041403
v 0.002899 -0.102909 -0.04115
v 0.048063 -0.105875 -0.015106
v 0.048681 -0.106791 -0.01529
v 0.046439 -0.107221 -0.01937
v 0.036823 -0.091038 -0.004628
v 0.038826 -0.090806 -0.003119
v 0.038741 -0.092814 -0.005701
v 0.039411 -0.088623 -0.000435
v 0.040796 -0.089029 -1.5E-05
v 0.040652 -0.091458 -0.002674
v 0.042046 -0.106035 -0.023775
v 0.044293 -0.107693 -0.022977
v 0.042002 -0.107804 -0.026025
v 0.016132 -0.115591 -0.048503
v 0.020164 -0.117499 -0.047888
v 0.018893 -0.118895 -0.049059
v 0.015793 -0.117302 -0.049493
v 0.017519 -0.094809 -0.02423
v 0.022272 -0.096329 -0.024585
v 0.022372 -0.097628 -0.027015
v 0.050114 -0.105666 -0.011123
v 0.051114 -0.106555 -0.010222
v 0.050964 -0.107831 -0.012209
v 0.007913 -0.121324 -0.053099
v 0.009887 -0.124466 -0.0536
v 0.007264 -0.123667 -0.05385
v 0.010596 -0.121858 -0.052748
v 0.003072 -0.101652 -0.039468
v 0.02278 -0.113375 -0.044337
v 0.025019 -0.114985 -0.044291
v 0.02025 -0.114923 -0.046457
v 0.034767 -0.090412 -0.00501
v 0.036678 -0.092874 -0.007265
v 0.023356 -0.111676 -0.042905
v 0.027885 -0.113002 -0.04163
v 0.008084 -0.099672 -0.035779
v 0.008843 -0.101928 -0.038894
v 0.005973 -0.101116 -0.038334
v 0.019379 -0.093835 -0.021226
v 0.023894 -0.095224 -0.021272
v 0.044126 -0.105779 -0.020744
v 0.045003 -0.106743 -0.020822
v 0.026674 -0.110947 -0.040783
v 0.029846 -0.111736 -0.03974
v 0.049628 -0.10722 -0.014141
v 0.029404 -0.091157 -0.009235
v 0.032658 -0.094437 -0.012859
v 0.029439 -0.092906 -0.012406
v 0.03258 -0.092586 -0.009622
v 0.046443 -0.105489 -0.017068
v 0.011755 -0.096373 -0.029436
v 0.011901 -0.098422 -0.032849
v 0.033153 -0.091596 -0.007661
v 0.037349 -0.089195 -0.002158
v 0.028595 -0.109953 -0.039048
v 0.031789 -0.110269 -0.037522
v 0.005051 -0.122639 -0.053875
v 0.006926 -0.12644 -0.054485
v 0.004317 -0.126265 -0.054731
v 0.053859 -0.106374 -0.000656
v 0.054143 -0.108828 -0.003322
v 0.05177 -0.105854 -0.007558
v 0.051853 -0.107498 -0.009674
v 0.005109 -0.099456 -0.035925
v 0.009094 -0.097346 -0.031797
v 0.011705 -0.100285 -0.03581
v 0.038091 -0.106517 -0.028834
v 0.039368 -0.108194 -0.029436
v 0.036405 -0.107306 -0.031392
v 0.032189 -0.089767 -0.005512
v 0.033057 -0.107993 -0.034764
v 0.034797 -0.107635 -0.033113
v 0.035073 -0.109222 -0.034432
v 0.002873 -0.099886 -0.036838
v 0.048949 -0.104362 -0.011393
v 0.022942 -0.091655 -0.014337
v 0.050983 -0.105106 -0.008366
v 0.053516 -0.107997 -0.005057
v 0.011983 -0.117218 -0.050644
v 0.015335 -0.118887 -0.050359
v 0.014615 -0.120479 -0.051224
v 0.034979 -0.0884 -0.002433
v 0.031212 -0.108468 -0.036355
v 0.010008 -0.117853 -0.05141
v 0.010044 -0.119449 -0.052051
v 0.037142 -0.087397 -0.000369
v 0.006186 -0.097186 -0.032078
v 0.053149 -0.104801 -0.001224
v 0.05291 -0.107064 -0.00595
v 0.013843 -0.093954 -0.024203
v 0.044292 -0.104423 -0.018561
v 0.047471 -0.104009 -0.013317
v 0.016262 -0.11348 -0.047228
v 0.041758 -0.10462 -0.022134
v 0.028597 -0.108013 -0.037401
v 0.020632 -0.09102 -0.014459
v 0.025632 -0.090682 -0.010752
v 0.050112 -0.104385 -0.009167
v 0.037896 -0.105241 -0.027397
v 0.040023 -0.106788 -0.027106
v 0.002989 -0.123017 -0.054136
v 0.018744 -0.11243 -0.045531
v 0.032697 -0.087924 -0.002887
v 0.03516 -0.086647 -0.000453
v 0.052403 -0.103916 -0.002471
v 0.027639 -0.08851 -0.005977
v 0.023436 -0.109831 -0.041475
v 0.016326 -0.092187 -0.019411
v 0.007925 -0.094378 -0.026834
v 0.002889 -0.096745 -0.031681
v 0.011123 -0.093491 -0.024286
v 0.025411 -0.089051 -0.007986
v 0.05247 -0.106628 -0.006733
v 0.045648 -0.10353 -0.015298
v 0.03547 -0.106023 -0.030742
v 0.031784 -0.106149 -0.033699
v 0.032961 -0.085979 -0.000573
v 0.021442 -0.089503 -0.010964
v 0.001409 -0.122154 -0.053987
v 0.042824 -0.103174 -0.018549
v 0.029734 -0.087258 -0.003281
v 0.023832 -0.108082 -0.039859
v 0.003677 -0.120608 -0.053395
v 0.040042 -0.1052 -0.024996
v 0.026192 -0.086673 -0.00401
v 0.039085 -0.103869 -0.024132
v 0.050852 -0.102408 -0.004275
v 0.051654 -0.103286 -0.00364
v 0.028795 -0.106174 -0.035518
v 0.013409 -0.091469 -0.019308
v 0.018865 -0.110737 -0.044271
v 0.004985 -0.095488 -0.029308
v 0.035491 -0.104682 -0.028965
v 0.009743 -0.115483 -0.050363
v 0.018098 -0.089433 -0.012596
v 0.021261 -0.08796 -0.008225
v 0.028314 -0.084821 -0.000928
v 0.046345 -0.121096 -0.029146
v 0.047104 -0.122165 -0.028279
v 0.045626 -0.122497 -0.030562
v 0.050049 -0.102224 -0.005777
v 0.043977 -0.121802 -0.032595
v 0.044579 -0.123612 -0.032213
v 0.042002 -0.123685 -0.03542
v 0.039469 -0.122425 -0.037822
v 0.039554 -0.124451 -0.038151
v 0.036447 -0.123191 -0.04075
v 0.03773 -0.124518 -0.03991
v 0.034404 -0.125301 -0.042842
v 0.006017 -0.119756 -0.052856
v 0.02737 -0.085839 -0.002434
v 0.023148 -0.087127 -0.005986
v 0.042204 -0.121936 -0.034787
v 0.046858 -0.119945 -0.028022
v 0.007591 -0.091711 -0.02182
v 0.010714 -0.090918 -0.019241
v 0.002231 -0.093807 -0.026564
v 0.041227 -0.102294 -0.019072
v 0.025296 -0.106887 -0.038079
v 0.048853 -0.121212 -0.025146
v 0.013038 -0.114998 -0.049225
v 0.016005 -0.08894 -0.012638
v 0.045111 -0.119904 -0.03053
v 0.030908 -0.084109 0.000661
v 0.032933 -0.123158 -0.04342
v 0.030617 -0.125631 -0.045588
v 0.004738 -0.092745 -0.024344
v 0.0364 -0.103525 -0.026413
v 0.050063 -0.118803 -0.022045
v 0.050995 -0.1197 -0.020451
v 0.048244 -0.119447 -0.025612
v 0.012148 -0.113354 -0.048565
v 0.043326 -0.119853 -0.032818
v 0.052101 -0.10228 -0.000959
v 0.004289 -0.118395 -0.052535
v 0.015994 -0.111226 -0.045823
v 0.019165 -0.109016 -0.042787
v 0.034281 -0.123455 -0.042519
v 0.029596 -0.105045 -0.033806
v 0.048824 -0.101241 -0.006601
v 0.001773 -0.119375 -0.053078
v 0.013133 -0.088212 -0.012432
v 0.044045 -0.118326 -0.031346
v 0.046888 -0.100301 -0.008264
v 0.041944 -0.120742 -0.034734
v 0.04697 -0.117821 -0.027009
v 0.016761 -0.087215 -0.008875
v 0.049217 -0.11755 -0.023124
v 0.02211 -0.085571 -0.004056
v 0.006994 -0.117696 -0.051919
v 0.040026 -0.120692 -0.036768
v 0.037388 -0.121189 -0.039381
v 0.041188 -0.119459 -0.035139
v 0.024696 -0.084281 -0.001462
v 0.034517 -0.103096 -0.027539
v 0.037988 -0.102516 -0.023149
v 0.033016 -0.103951 -0.030069
v 0.043417 -0.100113 -0.012623
v 0.044934 -0.101213 -0.01249
v 0.019786 -0.086106 -0.005733
v 0.04528 -0.117446 -0.02932
v 0.051139 -0.100823 -0.001363
v 0.030107 -0.123313 -0.045293
v 0.028151 -0.12568 -0.047109
v 0.008099 -0.089135 -0.016361
v 0.052018 -0.11711 -0.016998
v 0.05227 -0.118403 -0.016891
v 0.00241 -0.091269 -0.021769
v 0.004867 -0.116017 -0.051443
v 0.050005 -0.100291 -0.002987
v 0.01053 -0.088045 -0.013132
v 0.037656 -0.119556 -0.038592
v 0.042506 -0.117746 -0.032967
v 0.004425 -0.090112 -0.019245
v 0.035033 -0.120938 -0.041204
v 0.050503 -0.116217 -0.019976
v 0.021366 -0.083403 -0.001397
v 0.039447 -0.101312 -0.019434
v 0.032363 -0.121211 -0.043187
v 0.030637 -0.103641 -0.031402
v 0.025066 -0.082607 0.000532
v 0.047217 -0.099117 -0.005987
v 0.016682 -0.085915 -0.006577
v 0.015321 -0.109581 -0.04486
v 0.024285 -0.104739 -0.036389
v 0.009147 -0.11317 -0.04922
v 0.047449 -0.116195 -0.025466
v 0.005891 -0.088562 -0.015741
v 0.045816 -0.099798 -0.008983
v 0.019286 -0.107468 -0.041397
v 0.011344 -0.111673 -0.047716
v 0.01319 -0.110831 -0.046571
v 0.021939 -0.082181 0.00021
v 0.002675 -0.117073 -0.052106
v 0.020053 -0.084469 -0.003191
v 0.013134 -0.086043 -0.007991
v 0.048838 -0.099315 -0.003733
v 0.035429 -0.101703 -0.024388
v 0.016641 -0.084639 -0.004499
v 0.053152 -0.117206 -0.013881
v 0.046193 -0.115577 -0.027047
v 0.026546 -0.104084 -0.034446
v 0.00722 -0.115564 -0.050891
v 0.043651 -0.116507 -0.030999
v 0.040931 -0.117286 -0.034498
v 0.039858 -0.118316 -0.03605
v 0.052334 -0.100863 0.001516
v 0.022052 -0.106033 -0.038818
v 0.028885 -0.121471 -0.045408
v 0.028166 -0.103477 -0.032757
v 0.010592 -0.086314 -0.009394
v 0.042063 -0.116155 -0.032706
v 0.037888 -0.117665 -0.037602
v 0.032728 -0.102352 -0.027936
v 0.032786 -0.119145 -0.042123
v 0.002027 -0.088745 -0.016716
v 0.016664 -0.083552 -0.002879
v 0.025411 -0.122756 -0.047707
v 0.027568 -0.123369 -0.04678
v 0.026485 -0.125798 -0.048058
v 0.047855 -0.114548 -0.023848
v 0.049205 -0.1155 -0.022086
v 0.037108 -0.100632 -0.020759
v 0.016373 -0.107745 -0.042894
v 0.004195 -0.087769 -0.014354
v 0.01902 -0.081456 0.000378
v 0.016674 -0.082609 -0.001573
v 0.05107 -0.11463 -0.017853
v 0.051981 -0.115488 -0.016238
v 0.006831 -0.0857 -0.009177
v 0.044683 -0.115047 -0.028849
v 0.013132 -0.084159 -0.004679
v 0.002881 -0.115183 -0.051194
v 0.035498 -0.118965 -0.040108
v 0.010474 -0.085028 -0.006891
v 0.022067 -0.124109 -0.049696
v 0.023953 -0.12462 -0.048995
v 0.023336 -0.126171 -0.049705
v 0.05297 -0.115005 -0.013293
v 0.006337 -0.113703 -0.050042
v 0.020218 -0.12627 -0.051042
v 0.039138 -0.115451 -0.035359
v 0.033116 -0.100278 -0.024041
v 0.042823 -0.114755 -0.031036
v 0.028824 -0.102113 -0.030461
v 0.01041 -0.083827 -0.004748
v 0.053865 -0.115807 -0.010751
v 0.040679 -0.115011 -0.033548
v 0.035148 -0.099866 -0.021318
v 0.010462 -0.109771 -0.046595
v 0.002235 -0.086698 -0.012281
v 0.012669 -0.082515 -0.002271
v 0.013448 -0.108513 -0.04468
v 0.044259 -0.098426 -0.008841
v 0.041269 -0.099083 -0.013361
v 0.013748 -0.081355 -0.000546
v 0.050659 -0.098648 0.00039
v 0.029573 -0.119695 -0.044319
v 0.018092 -0.106038 -0.040569
v 0.048913 -0.11391 -0.021615
v 0.035211 -0.117171 -0.039528
v 0.038841 -0.099743 -0.017232
v 0.006604 -0.084288 -0.006309
v 0.050369 -0.113631 -0.018676
v 0.00355 -0.084637 -0.007448
v 0.037476 -0.115505 -0.036886
v 0.049647 -0.097616 -0.000214
v 0.00875 -0.11078 -0.047748
v 0.030354 -0.101149 -0.027862
v 0.009836 -0.082199 -0.002291
v 0.003509 -0.113403 -0.050177
v 0.020201 -0.123362 -0.050238
v 0.018553 -0.126221 -0.051659
v 0.023315 -0.103127 -0.03497
v 0.053393 -0.113925 -0.011301
v 0.006517 -0.082835 -0.003737
v 0.001737 -0.084627 -0.007591
v 0.05185 -0.113061 -0.015039
v 0.019948 -0.1036 -0.037133
v 0.019776 -0.104757 -0.038516
v 0.010261 -0.080971 -0.000575
v 0.045137 -0.097392 -0.006239
v 0.049616 -0.112652 -0.019445
v 0.033962 -0.116605 -0.040146
v 0.026596 -0.120057 -0.046084
v 0.047649 -0.0971 -0.002622
v 0.044181 -0.113065 -0.028192
v 0.048382 -0.112521 -0.021538
v 0.002892 -0.08371 -0.005663
v 0.006524 -0.08157 -0.001812
v 0.009813 -0.10811 -0.045427
v 0.028182 -0.100629 -0.028567
v 0.031265 -0.117054 -0.042125
v 0.002663 -0.082595 -0.003691
v 0.048699 -0.096783 -0.000724
v 0.041369 -0.113332 -0.031745
v 0.030206 -0.099821 -0.025667
v 0.006058 -0.080215 -4.9E-05
v 0.046531 -0.096566 -0.003423
v 0.043024 -0.113688 -0.030083
v 0.006142 -0.110103 -0.047729
v 0.006669 -0.112188 -0.049077
v 0.024952 -0.101093 -0.031332
v 0.024869 -0.10233 -0.033134
v 0.003962 -0.111128 -0.048715
v 0.035336 -0.114419 -0.037975
v 0.002394 -0.081085 -0.001407
v 0.039817 -0.112911 -0.033079
v 0.042188 -0.097426 -0.009553
v 0.050781 -0.111869 -0.016537
v 0.037196 -0.097485 -0.014667
v 0.052616 -0.112506 -0.012625
v 0.017419 -0.124171 -0.051514
v 0.015076 -0.126387 -0.052796
v 0.053918 -0.112859 -0.008616
v 0.054438 -0.11472 -0.007643
v 0.047351 -0.11183 -0.022677
v 0.039363 -0.097843 -0.013194
v 0.027066 -0.117587 -0.044713
v 0.029498 -0.118046 -0.043628
v 0.019996 -0.102299 -0.035497
v 0.042818 -0.096233 -0.0071
v 0.037267 -0.113534 -0.035881
v 0.010975 -0.106498 -0.043637
v 0.013808 -0.106973 -0.043182
v 0.022101 -0.121359 -0.048745
v 0.046016 -0.113523 -0.025998
v 0.042589 -0.111946 -0.029326
v 0.045072 -0.112009 -0.026177
v 0.045968 -0.110908 -0.023971
v 0.01666 -0.103896 -0.038846
v 0.016584 -0.105522 -0.040663
v 0.022316 -0.119684 -0.047968
v 0.044195 -0.110466 -0.026035
v 0.029422 -0.115984 -0.042626
v 0.049657 -0.111059 -0.018082
v 0.048109 -0.110501 -0.020293
v 0.049212 -0.11009 -0.018012
v 0.032507 -0.114988 -0.040253
v 0.008616 -0.109176 -0.046578
v 0.046478 -0.109348 -0.021727
v 0.041949 -0.109384 -0.027781
v 0.03124 -0.112652 -0.039579
v 0.033498 -0.113729 -0.038855
v 0.052335 -0.110483 -0.01171
v 0.051489 -0.1107 -0.01399
v 0.051716 -0.109082 -0.011872
v 0.030349 -0.114137 -0.041037
v 0.041219 -0.110783 -0.029922
v 0.04398 -0.109238 -0.025101
v 0.048296 -0.109043 -0.018534
v 0.047842 -0.108108 -0.018261
v 0.054466 -0.111268 -0.004671
v 0.053759 -0.110581 -0.007238
v 0.053999 -0.109355 -0.004748
v 0.049555 -0.108674 -0.015946
v 0.05053 -0.109586 -0.015021
v 0.053134 -0.109458 -0.008282
v 0.053241 -0.111362 -0.009827
v 0.039355 -0.109927 -0.031153
v 0.039054 -0.111197 -0.032532
v 0.040509 -0.096681 -0.01004
v 0.02051 -0.101276 -0.033885
v 0.052481 -0.10855 -0.009273
v 0.0184 -0.121221 -0.050202
v 0.032979 -0.097636 -0.018972
v 0.047653 -0.094594 0.000344
v 0.014062 -0.124058 -0.052518
v 0.030073 -0.098058 -0.022402
v 0.014436 -0.12224 -0.051876
v 0.033521 -0.109682 -0.035973
v 0.046342 -0.095092 -0.001821
v 0.044784 -0.095415 -0.003937
v 0.037478 -0.109075 -0.032206
v 0.035207 -0.096699 -0.015041
v 0.014388 -0.103913 -0.039733
v 0.013677 -0.105491 -0.041746
v 0.02492 -0.099634 -0.029032
v 0.033489 -0.106794 -0.033213
v 0.005455 -0.10808 -0.046223
v 0.033342 -0.105181 -0.031441
v 0.00368 -0.108877 -0.04707
v 0.008819 -0.106841 -0.044514
v 0.001968 -0.110264 -0.048232
v 0.009014 -0.10495 -0.042553
v 0.011183 -0.104949 -0.041967
v 0.016977 -0.102173 -0.036609
v 0.013892 -0.102222 -0.037806
v 0.014577 -0.100572 -0.035301
v 0.016834 -0.100327 -0.034096
v 0.009472 -0.103311 -0.04053
v 0.011373 -0.102013 -0.038328
v 0.02654 -0.098709 -0.026348
v 0.024434 -0.118059 -0.046236
v 0.036883 -0.112286 -0.035381
v 0.054783 -0.112704 -0.004147
v 0.020538 -0.100009 -0.032011
v 0.043569 -0.094785 -0.004351
v 0.038726 -0.0955 -0.009734
v 0.040241 -0.09514 -0.007866
v 0.012542 -0.126323 -0.053445
v 0.005888 -0.10657 -0.044804
v 0.046093 -0.092584 0.000684
v 0.042243 -0.094178 -0.004774
v 0.011776 -0.103451 -0.040049
v 0.04437 -0.093471 -0.002013
v 0.034812 -0.111499 -0.036462
v 0.03596 -0.094965 -0.011194
v 0.009006 -0.126447 -0.054171
v 0.027684 -0.114726 -0.042821
v 0.005827 -0.104525 -0.042711
v 0.040544 -0.093483 -0.005253
v 0.002255 -0.10703 -0.045595
v 0.022907 -0.116386 -0.046084
v 0.044404 -0.091802 -0.000145
v 0.036447 -0.110492 -0.034382
v 0.033164 -0.111456 -0.037552
v 0.036028 -0.093866 -0.009286
v 0.042366 -0.092138 -0.002191
v 0.004836 -0.105631 -0.044011
v 0.042465 -0.090338 -0.000204
v 0.008304 0.054285 0.064998
v 0.010971 0.053822 0.064889
v 0.054916 -0.096949 0.015551
v 0.054958 -0.105434 0.008324
v 0.054908 -0.102671 0.009535
v 0.054895 -0.095079 0.015839
v 0.054888 -0.090589 0.020435
v 0.003236 -0.127478 -0.054909
v 0.054901 -0.087408 0.021673
v 0.054871 -0.08485 0.024552
v 0.006264 -0.127432 -0.054649
v 0.054907 -0.08057 0.026371
v 0.054848 -0.076304 0.030202
v 0.054913 -0.075758 0.029541
v 0.008798 -0.127441 -0.054294
v 0.054835 -0.068727 0.034762
v 0.01139 -0.127404 -0.053812
v 0.0549 -0.063684 0.036608
v 0.014715 -0.127361 -0.053006
v 0.05483 -0.059154 0.039918
v 0.018078 -0.127277 -0.05195
v 0.05489 -0.050726 0.043038
v 0.021131 -0.127163 -0.050788
v 0.054835 -0.050385 0.04411
v 0.054905 -0.042447 0.046605
v 0.054842 -0.043786 0.046979
v 0.023802 -0.127064 -0.049583
v 0.025766 -0.126995 -0.048597
v 0.028024 -0.126818 -0.04733
v 0.054933 -0.033637 0.049917
v 0.054859 -0.03412 0.050689
v 0.030308 -0.126634 -0.045901
v 0.054955 -0.025596 0.052618
v 0.054878 -0.02648 0.053287
v 0.0327 -0.126384 -0.044231
v 0.034803 -0.126149 -0.042595
v 0.054988 -0.012837 0.056216
v 0.036763 -0.125863 -0.040911
v 0.05491 -0.015737 0.056365
v 0.038702 -0.125862 -0.039094
v 0.054926 -0.007235 0.058423
v 0.040997 -0.125071 -0.036676
v 0.054926 0.001013 0.060147
v 0.042894 -0.124748 -0.034438
v 0.046097 -0.123626 -0.030011
v 0.054563 0.006372 0.061023
v 0.054254 0.00858 0.061427
v 0.047608 -0.123013 -0.027554
v 0.048697 -0.122309 -0.025567
v 0.052378 0.016547 0.062495
v 0.04956 -0.121777 -0.023864
v 0.051544 0.018983 0.062792
v 0.051195 -0.120556 -0.020118
v 0.050412 0.021783 0.063241
v 0.052545 -0.119163 -0.016276
v 0.048034 0.026639 0.063603
v 0.046588 0.029095 0.063807
v 0.053217 -0.118214 -0.013897
v 0.045298 0.031066 0.063937
v 0.053972 -0.116874 -0.010632
v 0.043648 0.033333 0.06417
v 0.041784 0.035629 0.064372
v 0.039689 0.037962 0.064454
v 0.054791 -0.11406 -0.004809
v 0.037667 0.039972 0.064534
v 0.054938 -0.113026 -0.002677
v 0.055003 -0.111282 0.000614
v 0.0322 0.044455 0.064988
v 0.030008 0.046 0.064773
v 0.026457 0.048132 0.064818
v 0.024087 0.049361 0.064846
v 0.054919 -0.107052 0.005085
v 0.021566 0.050513 0.064881
v 0.018874 0.05158 0.064885
v 0.013673 0.053195 0.064902
v 0.05231 -0.019711 0.015141
v 0.052376 -0.021209 0.019304
v 0.05185 -0.024226 0.021336
v 0.039279 -0.078404 0.007705
v 0.036839 -0.076758 0.007817
v 0.038909 -0.076162 0.008848
v 0.03746 -0.078787 0.006796
v 0.030508 -0.082261 0.002264
v 0.028158 -0.080933 0.002851
v 0.030191 -0.080154 0.003921
v 0.023302 -0.080292 0.002403
v 0.027957 -0.082759 0.001137
v 0.024823 -0.079082 0.0037
v 0.03655 -0.07419 0.009059
v 0.03991 -0.074895 0.009878
v 0.052242 -0.083795 0.016042
v 0.052499 -0.076965 0.020682
v 0.053023 -0.084376 0.017376
v 0.034366 -0.076881 0.007059
v 0.033481 -0.073903 0.008416
v 0.05284 -0.0238 0.029697
v 0.053277 -0.021051 0.02991
v 0.053008 -0.025948 0.034033
v 0.053572 -0.02108 0.033757
v 0.035311 -0.071311 0.009933
v 0.037699 -0.07186 0.010425
v 0.020176 -0.078161 0.003712
v 0.025566 -0.077459 0.005004
v 0.019457 -0.075816 0.00532
v 0.04424 -0.068127 0.014852
v 0.044852 -0.065789 0.016052
v 0.045991 -0.068468 0.016047
v 0.053046 -0.046325 0.037581
v 0.05424 -0.045595 0.042401
v 0.053754 -0.047038 0.039951
v 0.032364 -0.070857 0.009444
v 0.052631 -0.022567 0.025242
v 0.024804 -0.075164 0.006339
v 0.034453 -0.069947 0.010206
v 0.044415 -0.062712 0.016605
v 0.042538 -0.062112 0.015409
v 0.043069 -0.065867 0.014794
v 0.016704 -0.077242 0.004003
v 0.014821 -0.075373 0.005185
v 0.039072 -0.065366 0.012915
v 0.041033 -0.064166 0.014074
v 0.041164 -0.066793 0.01348
v 0.054418 -0.039988 0.044996
v 0.015115 -0.072412 0.00695
v 0.019393 -0.073838 0.006501
v 0.017031 -0.074383 0.005997
v 0.047013 -0.06149 0.019455
v 0.045264 -0.059376 0.018226
v 0.046571 -0.058806 0.019778
v 0.045706 -0.061838 0.017971
v 0.041692 -0.059078 0.015436
v 0.043129 -0.059822 0.016292
v 0.019891 -0.071018 0.007876
v 0.015475 -0.068905 0.008414
v 0.021618 -0.069034 0.00871
v 0.053711 -0.04315 0.040963
v 0.01871 -0.067021 0.009089
v 0.050049 -0.084041 0.012242
v 0.048403 -0.081257 0.012018
v 0.049823 -0.080417 0.014215
v 0.011195 -0.066613 0.008944
v 0.011569 -0.067932 0.008596
v 0.016723 -0.065056 0.00941
v 0.008805 -0.064667 0.009277
v 0.004911 -0.06864 0.008234
v 0.043401 -0.046815 0.017187
v 0.041921 -0.045957 0.015384
v 0.043163 -0.045063 0.01639
v 0.042105 -0.047985 0.016089
v 0.04073 -0.047606 0.014779
v 0.051703 -0.076377 0.019433
v 0.040751 -0.045994 0.014299
v 0.054065 -0.019203 0.03835
v 0.053596 -0.022703 0.036238
v 0.053789 -0.017922 0.031207
v 0.050069 -0.040435 0.028254
v 0.050522 -0.038025 0.028907
v 0.051216 -0.03989 0.031833
v 0.052331 -0.038285 0.035791
v 0.051575 -0.0384 0.032859
v 0.051712 -0.035456 0.032528
v 0.053464 -0.079857 0.021345
v 0.052725 -0.0734 0.023218
v 0.05336 -0.074609 0.024183
v 0.042105 -0.042985 0.014259
v 0.043244 -0.04308 0.01563
v 0.047583 -0.038866 0.020774
v 0.047337 -0.037098 0.018855
v 0.048223 -0.037429 0.021432
v 0.048421 -0.035409 0.02033
v 0.050776 -0.023081 0.01213
v 0.05111 -0.024968 0.017538
v 0.050319 -0.025242 0.013896
v 0.043242 -0.041058 0.014439
v 0.051517 -0.021139 0.012505
v 0.054147 -0.081446 0.02251
v 0.053987 -0.074412 0.026265
v 0.053584 -0.017051 0.024683
v 0.05118 -0.081925 0.015293
v 0.051019 -0.077358 0.017694
v 0.054298 -0.014694 0.035106
v 0.054822 -0.012857 0.049037
v 0.054504 -0.015282 0.041831
v 0.0549 -0.00721 0.045442
v 0.053114 -0.016098 0.014001
v 0.052908 -0.020541 0.023719
v 0.053343 -0.017016 0.01975
v 0.054748 -0.009339 0.038273
v 0.054922 -0.003858 0.020323
v 0.054668 -0.008779 0.02984
v 0.048558 -0.077491 0.014403
v 0.047642 -0.079044 0.012587
v 0.053212 -0.040733 0.039363
v 0.05433 -0.009026 0.01143
v 0.054275 -0.01083 0.017228
v 0.053969 -0.012045 0.014413
v 0.049702 -0.07646 0.016285
v 0.05495 -0.003761 0.036276
v 0.054507 -0.009373 0.019546
v 0.054627 -0.006795 0.012099
v 0.004409 -0.065491 0.009096
v 0.054728 -0.007261 0.022247
v 0.054821 -0.004742 0.012372
v 0.004482 -0.063996 0.009338
v 0.05455 -0.082225 0.023578
v 0.053897 -0.083782 0.020148
v 0.05098 -0.073577 0.019642
v 0.040866 -0.086989 0.001913
v 0.03919 -0.086186 0.001753
v 0.041343 -0.080697 0.00715
v 0.043242 -0.082072 0.007241
v 0.042355 -0.083893 0.00534
v 0.053991 -0.07046 0.028665
v 0.054509 -0.0729 0.029267
v 0.053535 -0.037681 0.041086
v 0.046959 -0.080797 0.010887
v 0.046389 -0.076998 0.012599
v 0.042403 -0.080047 0.008136
v 0.053433 -0.071097 0.026399
v 0.043531 -0.080004 0.008816
v 0.038823 -0.084151 0.003354
v 0.036693 -0.081933 0.004312
v 0.038604 -0.081597 0.005271
v 0.049171 -0.041087 0.025905
v 0.050343 -0.042254 0.029404
v 0.040505 -0.083173 0.004915
v 0.039287 -0.08018 0.006544
v 0.033797 -0.084432 0.001239
v 0.033598 -0.082799 0.002648
v 0.036139 -0.083525 0.002837
v 0.049703 -0.073439 0.017822
v 0.04939 -0.039325 0.025855
v 0.051755 -0.072013 0.021843
v 0.041631 -0.078013 0.008982
v 0.043301 -0.077039 0.010443
v 0.042137 -0.076403 0.010146
v 0.048457 -0.07347 0.01632
v 0.051931 -0.068444 0.024071
v 0.049435 -0.068352 0.019824
v 0.036524 -0.079909 0.005747
v 0.050461 -0.068919 0.021098
v 0.047666 -0.074811 0.014863
v 0.046255 -0.074723 0.013639
v 0.032679 -0.080481 0.004249
v 0.033627 -0.079272 0.00536
v 0.050995 -0.068542 0.022188
v 0.052476 -0.067479 0.025858
v 0.05312 -0.066191 0.028323
v 0.048418 -0.032299 0.01699
v 0.049066 -0.033151 0.020151
v 0.047175 -0.0719 0.015724
v 0.048941 -0.030707 0.016681
v 0.049773 -0.031623 0.02111
v 0.029471 -0.078054 0.00527
v 0.049973 -0.029209 0.018663
v 0.029615 -0.076703 0.006152
v 0.052575 -0.062726 0.028711
v 0.039808 -0.072363 0.01099
v 0.042286 -0.072084 0.012227
v 0.042275 -0.074079 0.011359
v 0.047896 -0.068366 0.017925
v 0.039822 -0.070166 0.011826
v 0.045379 -0.071486 0.014413
v 0.018354 -0.079632 0.002132
v 0.044056 -0.071758 0.01339
v 0.041698 -0.069882 0.012769
v 0.043292 -0.069109 0.013926
v 0.053116 -0.059411 0.032152
v 0.053769 -0.063467 0.032005
v 0.054623 -0.018233 0.047179
v 0.054926 -0.012828 0.053575
v 0.027964 -0.074956 0.006873
v 0.031225 -0.075484 0.007158
v 0.030482 -0.072537 0.008439
v 0.012249 -0.078742 0.002187
v 0.01409 -0.080017 0.001085
v 0.051632 -0.056283 0.029596
v 0.052777 -0.054846 0.033462
v 0.053629 -0.056585 0.035379
v 0.054985 -0.003529 0.051727
v 0.039857 -0.067488 0.012698
v 0.03603 -0.068604 0.011049
v 0.037306 -0.068107 0.011569
v 0.038368 -0.069302 0.011574
v 0.013038 -0.07794 0.003017
v 0.053813 -0.050835 0.038719
v 0.05428 -0.058314 0.036843
v 0.029655 -0.069739 0.009346
v 0.007172 -0.079299 0.001123
v 0.009885 -0.079194 0.001478
v 0.048976 -0.061849 0.021899
v 0.047206 -0.055998 0.021401
v 0.048767 -0.059312 0.022573
v 0.010993 -0.076717 0.00389
v 0.04664 -0.057125 0.020336
v 0.047998 -0.064438 0.019566
v 0.048563 -0.063143 0.020805
v 0.036989 -0.066145 0.011975
v 0.045465 -0.089182 0.00331
v 0.043737 -0.089779 0.001307
v 0.044163 -0.088446 0.002847
v 0.006608 -0.076784 0.003582
v 0.011725 -0.07596 0.004529
v 0.032645 -0.068376 0.010289
v 0.042055 -0.088247 0.001525
v 0.045152 -0.05696 0.018704
v 0.042584 -0.086191 0.003621
v 0.04455 -0.085995 0.005158
v 0.03099 -0.066949 0.01036
v 0.025823 -0.069828 0.008828
v 0.049515 -0.056397 0.024957
v 0.050822 -0.057624 0.027064
v 0.050776 -0.062292 0.024793
v 0.040281 -0.085172 0.00318
v 0.021845 -0.07284 0.007223
v 0.014682 -0.070522 0.007786
v 0.036477 -0.085531 0.001157
v 0.035247 -0.064125 0.011876
v 0.033686 -0.06511 0.011293
v 0.007384 -0.074743 0.00518
v 0.044144 -0.059523 0.01717
v 0.039987 -0.060391 0.01425
v 0.039592 -0.062475 0.013711
v 0.009678 -0.072867 0.006437
v 0.024351 -0.067532 0.009358
v 0.027769 -0.067594 0.009709
v 0.054586 -0.106147 0.00369
v 0.051403 -0.04994 0.031431
v 0.051652 -0.052912 0.031072
v 0.052886 -0.050549 0.03564
v 0.054334 -0.106319 0.001951
v 0.054649 -0.104607 0.005922
v 0.034458 -0.061546 0.012025
v 0.037086 -0.062993 0.01264
v 0.048259 -0.055394 0.023138
v 0.054578 -0.101225 0.008952
v 0.003944 -0.071871 0.006814
v 0.053809 -0.104226 0.002182
v 0.009179 -0.071463 0.007152
v 0.041638 -0.05674 0.015723
v 0.04376 -0.057277 0.017284
v 0.05412 -0.10377 0.00411
v 0.044815 -0.075447 0.012223
v 0.045258 -0.078468 0.01089
v 0.035733 -0.060252 0.012531
v 0.04686 -0.053159 0.021595
v 0.054424 -0.06467 0.033821
v 0.039837 -0.057276 0.014538
v 0.040328 -0.059367 0.014571
v 0.006128 -0.070125 0.007673
v 0.054076 -0.100968 0.006997
v 0.036699 -0.058391 0.013016
v 0.037944 -0.059937 0.013376
v 0.053184 -0.102888 0.001539
v 0.038214 -0.058143 0.013655
v 0.053628 -0.100979 0.00532
v 0.021239 -0.063478 0.009864
v 0.026475 -0.064202 0.010242
v 0.023917 -0.065575 0.009754
v 0.031738 -0.06204 0.011328
v 0.030383 -0.059627 0.011261
v 0.03306 -0.059207 0.011854
v 0.020558 -0.065427 0.009537
v 0.053158 -0.100643 0.004132
v 0.048116 -0.051633 0.023888
v 0.047307 -0.050745 0.02268
v 0.043793 -0.054841 0.017736
v 0.045138 -0.05405 0.019242
v 0.042378 -0.055268 0.016438
v 0.054366 -0.09739 0.011475
v 0.054647 -0.096434 0.013519
v 0.045924 -0.052009 0.0205
v 0.027602 -0.058931 0.010829
v 0.027429 -0.061803 0.010652
v 0.035661 -0.057337 0.012691
v 0.053225 -0.098463 0.006624
v 0.053866 -0.095251 0.011524
v 0.025009 -0.061488 0.010383
v 0.04634 -0.065231 0.017513
v 0.043765 -0.052482 0.017948
v 0.029844 -0.057184 0.011195
v 0.053553 -0.096825 0.009149
v 0.0403 -0.054619 0.015002
v 0.041281 -0.05328 0.015747
v 0.052493 -0.096191 0.006887
v 0.052293 -0.098482 0.004119
v 0.051451 -0.098996 0.001617
v 0.052764 -0.093237 0.010208
v 0.051877 -0.095925 0.005784
v 0.051201 -0.096885 0.003412
v 0.051 -0.09463 0.005293
v 0.049198 -0.095099 0.001881
v 0.050153 -0.095353 0.003127
v 0.045763 -0.049481 0.020462
v 0.046923 -0.048998 0.022207
v 0.049471 -0.093214 0.004162
v 0.049792 -0.090929 0.00671
v 0.048059 -0.092196 0.003254
v 0.054121 -0.093288 0.013989
v 0.015441 -0.060872 0.009731
v 0.018608 -0.062594 0.009798
v 0.011534 -0.06278 0.009528
v 0.048921 -0.089823 0.006447
v 0.019128 -0.059408 0.009942
v 0.020888 -0.061087 0.010039
v 0.032169 -0.056229 0.011674
v 0.046623 -0.090878 0.00288
v 0.040985 -0.050968 0.015496
v 0.04232 -0.052753 0.016608
v 0.04795 -0.089115 0.005879
v 0.046673 -0.088872 0.00469
v 0.01496 -0.063732 0.00952
v 0.042911 -0.049895 0.017123
v 0.049134 -0.049459 0.026183
v 0.048876 -0.047244 0.025905
v 0.049856 -0.045487 0.02825
v 0.048749 -0.044913 0.025587
v 0.021935 -0.058287 0.010145
v 0.052438 -0.093951 0.008814
v 0.048901 -0.08653 0.009007
v 0.044719 -0.050933 0.019079
v 0.044143 -0.04884 0.018367
v 0.024986 -0.059265 0.010477
v 0.047405 -0.084533 0.008794
v 0.025749 -0.056637 0.010517
v 0.031896 -0.053777 0.011478
v 0.046356 -0.086361 0.006388
v 0.054433 -0.089544 0.018009
v 0.041906 -0.050266 0.016215
v 0.051484 -0.062448 0.026195
v 0.034207 -0.055434 0.012224
v 0.045823 -0.046624 0.020375
v 0.047226 -0.047149 0.022724
v 0.035204 -0.052074 0.012349
v 0.03705 -0.0535 0.013235
v 0.035721 -0.054426 0.012713
v 0.027935 -0.054582 0.010713
v 0.044928 -0.047284 0.019192
v 0.048587 -0.08445 0.010113
v 0.037429 -0.051687 0.013306
v 0.046172 -0.045136 0.020657
v 0.046343 -0.083715 0.008379
v 0.029995 -0.052971 0.010953
v 0.037566 -0.049453 0.013065
v 0.038964 -0.050441 0.014035
v 0.03904 -0.052642 0.014253
v 0.04071 -0.049339 0.015115
v 0.044886 -0.085088 0.006133
v 0.054392 -0.034749 0.046088
v 0.038732 -0.048728 0.013587
v 0.031214 -0.051676 0.011057
v 0.053033 -0.091331 0.012419
v 0.033838 -0.066948 0.010927
v 0.03411 -0.051583 0.011895
v 0.048102 -0.045042 0.024197
v 0.04728 -0.044336 0.02244
v 0.048284 -0.042765 0.024187
v 0.032569 -0.050517 0.011221
v 0.046953 -0.042861 0.021377
v 0.005051 -0.0773 0.003046
v 0.051957 -0.042947 0.034476
v 0.045511 -0.083293 0.007981
v 0.054691 -0.08936 0.01922
v 0.044609 -0.044733 0.01813
v 0.039409 -0.047009 0.013575
v 0.034823 -0.049296 0.01173
v 0.036239 -0.049209 0.012338
v 0.050664 -0.053913 0.028282
v 0.046237 -0.042103 0.019715
v 0.053527 -0.090155 0.014557
v 0.049798 -0.061457 0.023388
v 0.053312 -0.035284 0.040035
v 0.05402 -0.033085 0.043895
v 0.045131 -0.043019 0.018233
v 0.037437 -0.047665 0.012513
v 0.047658 -0.040848 0.022054
v 0.038296 -0.045514 0.012239
v 0.044526 -0.082791 0.007587
v 0.054164 -0.089114 0.017313
v 0.036796 -0.046587 0.011761
v 0.035621 -0.047647 0.011556
v 0.049552 -0.052832 0.026251
v 0.05279 -0.035 0.037381
v 0.046002 -0.080668 0.010142
v 0.044552 -0.041775 0.016737
v 0.048604 -0.0389 0.023424
v 0.051865 -0.091298 0.009879
v 0.054616 -0.030706 0.048279
v 0.045312 -0.040478 0.017191
v 0.044838 -0.080382 0.009441
v 0.028364 -0.065743 0.010208
v 0.039672 -0.045295 0.013128
v 0.040821 -0.044056 0.013512
v 0.030082 -0.064553 0.010685
v 0.038907 -0.043858 0.011818
v 0.046631 -0.040494 0.019638
v 0.046385 -0.039089 0.018254
v 0.049726 -0.037076 0.025764
v 0.049491 -0.035691 0.024009
v 0.040942 -0.041999 0.012482
v 0.050095 -0.051647 0.027731
v 0.051137 -0.090709 0.00903
v 0.052739 -0.032345 0.036316
v 0.053735 -0.029981 0.041744
v 0.043896 -0.039413 0.014176
v 0.054354 -0.026708 0.04623
v 0.050639 -0.035067 0.027854
v 0.05157 -0.031616 0.029684
v 0.043916 -0.037618 0.012765
v 0.041539 -0.040335 0.011927
v 0.03062 -0.062812 0.01103
v 0.045193 -0.037993 0.01512
v 0.04649 -0.036781 0.01662
v 0.052454 -0.029472 0.033074
v 0.051983 -0.029556 0.030182
v 0.049819 -0.033111 0.022913
v 0.050796 -0.03195 0.026048
v 0.054043 -0.026528 0.043291
v 0.047691 -0.033898 0.016731
v 0.046839 -0.034168 0.014826
v 0.053619 -0.026069 0.039323
v 0.045638 -0.035068 0.013282
v 0.050451 -0.090353 0.008187
v 0.046715 -0.032809 0.013054
v 0.053117 -0.028724 0.036919
v 0.052124 -0.027225 0.028373
v 0.054792 -0.021804 0.050908
v 0.054347 -0.020759 0.04412
v 0.053546 -0.084985 0.01832
v 0.051255 -0.028077 0.023855
v 0.050491 -0.049073 0.029328
v 0.048278 -0.029862 0.013409
v 0.050633 -0.028862 0.021464
v 0.052162 -0.025163 0.025709
v 0.051876 -0.047573 0.033437
v 0.052213 -0.087626 0.013401
v 0.054062 -0.02268 0.041686
v 0.049634 -0.027577 0.014763
v 0.052563 -0.044007 0.036419
v 0.051614 -0.088554 0.011571
v 0.050974 -0.046466 0.031074
v 0.043987 -0.074142 0.012309
v 0.054127 -0.014043 0.027716
v 0.052469 -0.017912 0.012197
v 0.053267 -0.014946 0.01251
v 0.048163 -0.048721 0.024381
v 0.040468 -0.051885 0.015165
v 0.050343 -0.087505 0.01025
v 0.051185 -0.043148 0.03196
v 0.036963 -0.056093 0.013217
v 0.038486 -0.055565 0.013935
v 0.051357 -0.08523 0.013454
v 0.026733 -0.072553 0.007881
v 0.024388 -0.071031 0.008243
v 0.003939 -0.078158 0.002173
v 0.012324 -0.055882 0.007531
v 0.012062 -0.055542 0.007075
v 0.014925 -0.05494 0.007292
v 0.025153 -0.055335 0.010268
v 0.026178 -0.054344 0.010275
v 0.002663 -0.055233 0.003492
v 0.022426 -0.054807 0.0095
v 0.024775 -0.053469 0.009597
v 0.011045 -0.055424 0.006606
v 0.013843 -0.054623 0.006432
v 0.004401 -0.055131 0.00351
v 0.002675 -0.055528 0.004439
v 0.012959 -0.05442 0.005611
v 0.017393 -0.054837 0.008045
v 0.019747 -0.05388 0.008046
v 0.017319 -0.055365 0.008431
v 0.015867 -0.054217 0.006725
v 0.020205 -0.054348 0.008601
v 0.005367 -0.055405 0.004682
v 0.003768 -0.055831 0.005302
v 0.02603 -0.05352 0.010004
v 0.015174 -0.055322 0.007782
v 0.01856 -0.053834 0.007479
v 0.006535 -0.055988 0.006186
v 0.009041 -0.055019 0.005087
v 0.008987 -0.055462 0.006002
v 0.008274 -0.05486 0.004264
v 0.005848 -0.055706 0.005519
v 0.021567 -0.054424 0.009073
v 0.025032 -0.052718 0.009292
v 0.005955 -0.055018 0.003691
v 0.028916 -0.052684 0.010605
v 0.027826 -0.052144 0.010071
v 0.021699 -0.052998 0.008065
v 0.02299 -0.053295 0.008853
v 0.010789 -0.05451 0.004625
v 0.001826 -0.055099 0.002715
v 0.001294 -0.055011 0.001913
v 0.015666 -0.053784 0.005897
v 0.004423 -0.054943 0.002484
v 0.023155 -0.052626 0.008414
v 0.00905 -0.054541 0.003448
v 0.021264 -0.05261 0.007388
v 0.013577 -0.053969 0.004907
v 0.013558 -0.053772 0.004239
v 0.019741 -0.052869 0.006813
v 0.00802 -0.054509 0.002308
v 0.006325 -0.054704 0.001995
v 0.030603 -0.050911 0.010663
v 0.029209 -0.051054 0.010163
v 0.01911 -0.052867 0.0064
v 0.011587 -0.053864 0.002237
v 0.017937 -0.052722 0.005169
v 0.016156 -0.053107 0.00455
v 0.031197 -0.049781 0.010463
v 0.003501 -0.054928 0.001671
v 0.024472 -0.051031 0.007411
v 0.027808 -0.050356 0.009001
v 0.025418 -0.051676 0.008744
v 0.026052 -0.05064 0.008126
v 0.01113 -0.053903 0.001613
v 0.033006 -0.049473 0.011069
v 0.020008 -0.051678 0.004255
v 0.013021 -0.053709 0.003377
v 0.030322 -0.049469 0.009852
v 0.024187 -0.051662 0.008022
v 0.020499 -0.051762 0.005204
v 0.033596 -0.048576 0.010964
v 0.034194 -0.047541 0.01073
v 0.030882 -0.048592 0.00955
v 0.01421 -0.053204 0.00204
v 0.016617 -0.052467 0.001592
v 0.01677 -0.052569 0.002977
v 0.028117 -0.049679 0.008588
v 0.022065 -0.051566 0.006325
v 0.023125 -0.0512 0.006592
v 0.02379 -0.049874 0.003651
v 0.018738 -0.051749 0.001574
v 0.033881 -0.047153 0.010293
v 0.023417 -0.050416 0.005096
v 0.032251 -0.047373 0.009401
v 0.020169 -0.051232 0.002002
v 0.031058 -0.047395 0.008418
v 0.025388 -0.049443 0.005228
v 0.018397 -0.05207 0.003283
v 0.035679 -0.046315 0.0109
v 0.02786 -0.048976 0.007445
v 0.02529 -0.050039 0.006556
v 0.027246 -0.048228 0.004626
v 0.027928 -0.048048 0.005448
v 0.026948 -0.04819 0.003577
v 0.036673 -0.045336 0.010978
v 0.022302 -0.050332 0.001928
v 0.028279 -0.049125 0.008083
v 0.023755 -0.049638 0.001537
v 0.025515 -0.048887 0.002962
v 0.034985 -0.044789 0.008921
v 0.033311 -0.045932 0.008649
v 0.034433 -0.044733 0.008174
v 0.021193 -0.050984 0.003269
v 0.025788 -0.04861 0.001498
v 0.029585 -0.046739 0.00446
v 0.027781 -0.048548 0.006552
v 0.036724 -0.04359 0.009446
v 0.036393 -0.044513 0.010072
v 0.035265 -0.045512 0.009968
v 0.0311 -0.045871 0.005071
v 0.027219 -0.047839 0.001921
v 0.03792 -0.043227 0.010428
v 0.036021 -0.043461 0.008345
v 0.038429 -0.043533 0.011193
v 0.032143 -0.046064 0.007494
v 0.031526 -0.045276 0.00348
v 0.029458 -0.046483 0.00159
v 0.029006 -0.046861 0.002873
v 0.039612 -0.041959 0.0111
v 0.039079 -0.041763 0.010275
v 0.037507 -0.041926 0.008146
v 0.038421 -0.041701 0.009295
v 0.033229 -0.044259 0.004679
v 0.031078 -0.045423 0.00192
v 0.035247 -0.042584 0.004283
v 0.034661 -0.043483 0.005907
v 0.004352 -0.061953 0.009382
v 0.030913 -0.046473 0.006541
v 0.040567 -0.039512 0.00963
v 0.041074 -0.039833 0.01082
v 0.033424 -0.043715 0.001473
v 0.03363 -0.043653 0.002773
v 0.04259 -0.037868 0.010935
v 0.037062 -0.041103 0.004804
v 0.004731 -0.06102 0.009259
v 0.044179 -0.036333 0.011931
v 0.037471 -0.04046 0.003388
v 0.042506 -0.037005 0.009499
v 0.034664 -0.04411 0.007404
v 0.035893 -0.041746 0.002322
v 0.044489 -0.034989 0.010825
v 0.040068 -0.037877 0.003414
v 0.039226 -0.039021 0.004961
v 0.037169 -0.040589 0.001903
v 0.043533 -0.03516 0.008602
v 0.045963 -0.033056 0.011547
v 0.033484 -0.044612 0.006471
v 0.039336 -0.038546 0.002557
v 0.044823 -0.033467 0.008957
v 0.041038 -0.037065 0.004937
v 0.041737 -0.035948 0.002968
v 0.047188 -0.030737 0.011418
v 0.046299 -0.031628 0.010121
v 0.042913 -0.035001 0.00574
v 0.048163 -0.028946 0.011625
v 0.051686 -0.018915 0.003982
v 0.05076 -0.021261 0.002957
v 0.053496 -0.013424 0.010184
v 0.05397 -0.011081 0.010301
v 0.053425 -0.013298 0.006652
v 0.053862 -0.011239 0.004747
v 0.054909 -0.003254 0.005225
v 0.054734 -0.00551 0.006603
v 0.054524 -0.007352 0.006616
v 0.035868 -0.042786 0.006761
v 0.008658 -0.061667 0.009467
v 0.006294 -0.062902 0.009434
v 0.007003 -0.061262 0.009378
v 0.011889 -0.061883 0.009581
v 0.002461 -0.060356 0.009001
v 0.012721 -0.060374 0.009555
v 0.008708 -0.060407 0.009331
v 0.005095 -0.060283 0.009099
v 0.004853 -0.059487 0.008806
v 0.016502 -0.05935 0.009715
v 0.008529 -0.059544 0.009115
v 0.037625 -0.041303 0.007108
v 0.004927 -0.058473 0.008316
v 0.006641 -0.05871 0.008624
v 0.009302 -0.058577 0.008845
v 0.009531 -0.057661 0.008398
v 0.020833 -0.057439 0.009925
v 0.016533 -0.058241 0.009531
v 0.011376 -0.058785 0.009133
v 0.013379 -0.057539 0.008891
v 0.004544 -0.057848 0.007848
v 0.004782 -0.057138 0.007274
v 0.002563 -0.058646 0.008208
v 0.007464 -0.056981 0.007564
v 0.008181 -0.057374 0.008009
v 0.016044 -0.0567 0.008936
v 0.018456 -0.05666 0.009352
v 0.014211 -0.058188 0.009241
v 0.039052 -0.040368 0.008221
v 0.024646 -0.05624 0.010322
v 0.000983 -0.057164 0.0069
v 0.00357 -0.056683 0.006574
v 0.002905 -0.057228 0.007106
v 0.007258 -0.056301 0.006788
v 0.038075 -0.040531 0.006227
v 0.039616 -0.039187 0.00693
v 0.008777 -0.056252 0.007073
v 0.018376 -0.05582 0.008982
v 0.014271 -0.056021 0.008137
v 0.003547 -0.056231 0.005949
v 0.00145 -0.056353 0.005913
v 0.021856 -0.05556 0.009645
v 0.040497 -0.038808 0.008279
v 0.041588 -0.036956 0.006886
v 0.027803 -0.051146 0.009562
v 0.042144 -0.03685 0.008297
v 0.040398 -0.03819 0.006483
v 0.033792 -0.046228 0.009446
v 0.042459 -0.035847 0.006721
v 0.012822 -0.059384 0.009409
v 0.013208 -0.056778 0.008447
v 0.020541 -0.056946 0.009789
v 0.044099 -0.033801 0.007051
v 0.0526 -0.016151 0.003563
v 0.045699 -0.031767 0.008051
v 0.047043 -0.029821 0.008855
v 0.044665 -0.032651 0.005736
v 0.043245 -0.034125 0.003138
v 0.047959 -0.028067 0.008594
v 0.049116 -0.026974 0.01175
v 0.046267 -0.030352 0.006232
v 0.044096 -0.032984 0.002862
v 0.045747 -0.030656 0.003027
v 0.049281 -0.025625 0.009236
v 0.047335 -0.028514 0.00585
v 0.050044 -0.02475 0.011609
v 0.049025 -0.025516 0.006703
v 0.047345 -0.028102 0.003008
v 0.050628 -0.022596 0.009555
v 0.049669 -0.024098 0.006326
v 0.048459 -0.026109 0.002973
v 0.050776 -0.021616 0.006742
v 0.051646 -0.020066 0.010467
v 0.049524 -0.024021 0.002996
v 0.051938 -0.018633 0.007701
v 0.052557 -0.016605 0.007307
v 0.054264 -0.009054 0.005422
v 0.011292 -0.056705 0.008038
v 0.010356 -0.056432 0.007608
v 0.00177 -0.055875 0.005116
v 0.046592 0.014253 0.097191
v 0.047498 0.010847 0.097156
v 0.048654 0.010911 0.091633
v 0.04826 0.013766 0.090088
v 0.051981 0.01154 0.073058
v 0.052555 0.008743 0.07264
v 0.052992 0.010749 0.067689
v 0.047531 0.002067 0.102248
v 0.048922 0.0052 0.094751
v 0.013458 0.049532 0.085122
v 0.015494 0.049941 0.080068
v 0.012919 0.051993 0.073102
v 0.049605 0.012606 0.08492
v 0.049777 0.009761 0.087218
v 0.050852 0.010618 0.08061
v 0.037714 0.038537 0.070463
v 0.032675 0.036414 0.096189
v 0.03398 0.041455 0.072421
v 0.032297 0.042208 0.074975
v 0.027406 0.041659 0.091879
v 0.028284 0.038669 0.100841
v 0.029003 0.040846 0.090708
v 0.049178 0.008122 0.091628
v 0.034305 0.03295 0.10232
v 0.016928 0.047327 0.090261
v 0.019943 0.046561 0.088237
v 0.020492 0.048057 0.080176
v 0.017987 0.049087 0.080063
v 0.047681 0.005852 0.100222
v 0.035821 0.040319 0.070464
v 0.010948 0.050153 0.085156
v 0.010532 0.052357 0.074071
v 0.007072 0.051809 0.080285
v 0.008076 0.052605 0.075119
v 0.006307 0.053584 0.070896
v 0.003719 0.053814 0.070992
v 0.042453 0.029255 0.08323
v 0.045271 0.028106 0.073754
v 0.043224 0.030473 0.076073
v 0.043865 0.027112 0.08317
v 0.025429 0.041104 0.098967
v 0.024738 0.04358 0.090779
v 0.030443 0.038533 0.095389
v 0.047527 0.016199 0.089991
v 0.003884 0.052449 0.078632
v 0.019263 0.045056 0.096097
v 0.022039 0.045016 0.090777
v 0.022412 0.042896 0.098795
v 0.047827 0.007875 0.098243
v 0.040907 0.031462 0.083006
v 0.041375 0.033616 0.073812
v 0.001539 0.052637 0.078272
v 0.044588 0.023595 0.088899
v 0.045667 0.020894 0.089996
v 0.046785 0.021619 0.083254
v 0.046027 0.012305 0.102069
v 0.03746 0.036382 0.079854
v 0.039975 0.036534 0.069044
v 0.045505 0.017688 0.096715
v 0.046557 0.018173 0.091191
v 0.0146 0.046712 0.096472
v 0.039541 0.032961 0.083674
v 0.043107 0.025418 0.090868
v 0.045204 0.024979 0.082717
v 0.008369 0.04999 0.088387
v 0.004023 0.050961 0.086288
v 0.006121 0.050764 0.086188
v 0.01663 0.044955 0.100934
v 0.044561 0.019844 0.096893
v 0.012489 0.047436 0.096002
v 0.03535 0.038506 0.07967
v 0.03854 0.034455 0.082545
v 0.039692 0.035553 0.073985
v 0.001668 0.051247 0.085505
v 0.010443 0.047826 0.09651
v 0.043822 0.021717 0.09629
v 0.029482 0.045071 0.071066
v 0.041581 0.027902 0.090721
v 0.007647 0.048503 0.09584
v 0.005061 0.048742 0.096319
v 0.002184 0.049589 0.093446
v 0.026572 0.046892 0.070937
v 0.054094 0.001869 0.066188
v 0.054156 -0.000206 0.065597
v 0.007944 0.046927 0.102484
v 0.053767 0.004354 0.067799
v 0.053615 0.007275 0.067095
v 0.044287 0.018125 0.101132
v 0.002 0.047847 0.101236
v 0.052387 0.001386 0.077253
v 0.052308 -0.000338 0.077594
v 0.041801 0.024157 0.099195
v 0.052296 0.003802 0.07734
v 0.052505 0.013339 0.067302
v 0.023704 0.048442 0.070769
v 0.040646 0.026907 0.097026
v 0.052103 0.00618 0.077348
v 0.05125 0.013492 0.074746
v 0.030213 0.042649 0.079765
v 0.039886 0.030568 0.08983
v 0.051644 0.016101 0.068063
v 0.050091 0.020092 0.069201
v 0.048537 0.023594 0.069463
v 0.048543 0.021696 0.074134
v 0.050469 0.00139 0.08799
v 0.05066 0.003655 0.08653
v 0.0493 0.003071 0.093685
v 0.032973 0.039041 0.085705
v 0.048932 0.019906 0.076078
v 0.044038 0.032204 0.066354
v 0.050402 0.006516 0.086552
v 0.028512 0.043742 0.080102
v 0.048697 0.000315 0.096968
v 0.043336 0.031668 0.071637
v 0.045303 0.029267 0.070028
v 0.047599 0.019851 0.08301
v 0.048701 0.017861 0.081381
v 0.042366 0.033999 0.067876
v 0.021201 0.049521 0.071185
v 0.050382 -0.000209 0.088424
v 0.031191 0.040663 0.085009
v 0.050472 0.018109 0.071236
v 0.038984 0.028768 0.098378
v 0.038065 0.026857 0.106606
v 0.051307 0.00826 0.08037
v 0.025763 0.04546 0.080011
v 0.034707 0.036846 0.08805
v 0.036569 0.034988 0.088076
v 0.037736 0.030772 0.097249
v 0.04333 0.01984 0.101984
v 0.018541 0.050621 0.070996
v 0.042697 0.021414 0.101503
v 0.038177 0.03272 0.089686
v 0.047127 0.026261 0.069742
v 0.036343 0.032959 0.095538
v 0.015967 0.051497 0.070999
v 0.022906 0.047001 0.079886
v 0.034395 0.034745 0.096342
v 0.050568 0.01579 0.075018
v 0.047526 0.023566 0.074941
v 0.048943 0.015287 0.084496
v 0.046545 0.022996 0.081237
v 0.046362 0.025752 0.07509
v 0.047231 -0.001678 0.103604
v 0.039847 -0.065864 0.063228
v 0.040982 -0.070299 0.05915
v 0.041978 -0.064635 0.06125
v 0.018554 -0.045017 0.103519
v 0.038944 -0.104611 0.04558
v 0.038059 -0.110214 0.044842
v 0.039959 -0.109232 0.043112
v 0.035447 -0.050417 0.0804
v 0.034962 -0.053914 0.077839
v 0.036754 -0.053096 0.076324
v 0.037244 -0.050273 0.07814
v 0.031762 -0.123255 0.047747
v 0.033946 -0.126172 0.045707
v 0.032933 -0.120978 0.047154
v 0.022915 -0.066831 0.077488
v 0.024456 -0.068822 0.075044
v 0.024833 -0.065404 0.077413
v 0.009615 -0.110394 0.060115
v 0.012284 -0.111914 0.059143
v 0.012406 -0.108858 0.059918
v 0.047287 -0.027504 0.079197
v 0.048212 -0.02935 0.074537
v 0.048624 -0.025898 0.076281
v 0.003022 -0.050075 0.102011
v 0.002781 -0.052363 0.099054
v 0.052729 -0.03156 0.058761
v 0.054089 -0.035879 0.052517
v 0.053736 -0.03092 0.055734
v 0.013414 -0.046271 0.104574
v 0.016303 -0.044798 0.105298
v 0.007953 -0.047981 0.104035
v 0.009769 -0.049418 0.101506
v 0.011087 -0.046582 0.105082
v 0.006408 -0.047953 0.104437
v 0.006473 -0.050332 0.101139
v 0.024736 -0.089619 0.062437
v 0.024936 -0.094266 0.060204
v 0.026497 -0.093951 0.059447
v 0.027293 -0.089115 0.061189
v 0.043711 -0.037599 0.078699
v 0.045424 -0.037163 0.075164
v 0.045674 -0.033778 0.077665
v 0.041402 -0.097668 0.045323
v 0.043034 -0.103348 0.041261
v 0.043143 -0.099546 0.042456
v 0.048748 -0.078583 0.043354
v 0.04883 -0.08592 0.039556
v 0.050074 -0.084699 0.037755
v 0.050024 -0.075232 0.042687
v 0.038293 -0.045619 0.080961
v 0.039329 -0.048336 0.076812
v 0.039759 -0.044818 0.079362
v 0.040932 -0.045583 0.076662
v 0.041229 -0.04286 0.078656
v 0.002952 -0.048169 0.104668
v 0.053743 -0.067419 0.038511
v 0.048565 -0.048946 0.059871
v 0.05007 -0.049241 0.05648
v 0.051111 -0.046997 0.055315
v 0.02777 -0.084503 0.063191
v 0.029539 -0.088583 0.059963
v 0.029456 -0.0841 0.062267
v 0.012221 -0.074713 0.07619
v 0.010736 -0.0791 0.073658
v 0.014068 -0.078794 0.072959
v 0.033865 -0.115513 0.047392
v 0.034612 -0.120479 0.045857
v 0.036332 -0.119456 0.044493
v 0.036853 -0.116701 0.044532
v 0.026513 -0.0622 0.078827
v 0.026627 -0.06607 0.075656
v 0.017044 -0.069816 0.078115
v 0.01654 -0.07453 0.074901
v 0.019091 -0.071887 0.075699
v 0.040528 -0.106796 0.043176
v 0.040994 -0.103016 0.04386
v 0.011757 -0.104512 0.061392
v 0.015102 -0.108903 0.059152
v 0.01399 -0.1045 0.060808
v 0.003852 -0.122488 0.058439
v 0.004981 -0.081737 0.073055
v 0.008697 -0.083504 0.071424
v 0.008235 -0.079041 0.074224
v 0.053327 -0.038761 0.053569
v 0.051916 -0.040469 0.05669
v 0.052561 -0.041311 0.054532
v 0.052264 -0.035115 0.058438
v 0.045775 -0.084591 0.045224
v 0.047404 -0.091825 0.039313
v 0.047237 -0.083869 0.043298
v 0.045967 -0.092907 0.041139
v 0.044171 -0.112015 0.03714
v 0.044913 -0.115964 0.035159
v 0.045561 -0.110677 0.035447
v 0.006663 -0.111684 0.060289
v 0.007453 -0.115628 0.059247
v 0.043707 -0.107184 0.039131
v 0.045151 -0.105826 0.037506
v 0.0373 -0.047174 0.080956
v 0.042116 -0.038996 0.080726
v 0.04252 -0.041989 0.077028
v 0.044811 -0.101033 0.039634
v 0.035851 -0.111219 0.046681
v 0.037658 -0.114611 0.044179
v 0.043379 -0.095562 0.043712
v 0.027555 -0.059719 0.080119
v 0.02916 -0.061006 0.07769
v 0.019046 -0.067362 0.079137
v 0.021884 -0.069386 0.076135
v 0.002385 -0.114984 0.059933
v 0.002971 -0.118564 0.059161
v 0.005821 -0.118945 0.058822
v 0.044281 -0.09319 0.043471
v 0.042135 -0.0926 0.04651
v 0.004967 -0.115485 0.059605
v 0.030487 -0.056835 0.080079
v 0.032714 -0.058124 0.076752
v 0.033323 -0.053735 0.079895
v 0.053245 -0.002378 0.071101
v 0.020557 -0.095423 0.061873
v 0.020345 -0.101093 0.059725
v 0.021442 -0.099423 0.059871
v 0.039257 -0.071311 0.060608
v 0.001764 -0.081039 0.073774
v 0.003156 -0.084409 0.071688
v 0.030748 -0.060498 0.076702
v 0.046194 -0.02998 0.080042
v 0.047174 -0.031087 0.076094
v 0.022876 -0.090561 0.062959
v 0.023095 -0.094636 0.061018
v 0.009888 -0.074718 0.076775
v 0.050053 -0.04152 0.060892
v 0.051038 -0.040282 0.059115
v 0.036938 -0.106986 0.046844
v 0.023344 -0.063318 0.08009
v 0.020961 -0.092143 0.06313
v 0.047799 -0.02473 0.080334
v 0.049415 -0.022906 0.076084
v 0.029551 -0.122172 0.049447
v 0.032875 -0.127686 0.046439
v 0.031089 -0.128686 0.047696
v 0.039826 -0.098426 0.046815
v 0.030897 -0.118575 0.049074
v 0.040502 -0.040502 0.082374
v 0.015584 -0.099262 0.06219
v 0.018369 -0.10428 0.059423
v 0.017893 -0.099794 0.061195
v 0.016132 -0.104425 0.060171
v 0.051407 -0.007215 0.079824
v 0.052183 -0.010814 0.073065
v 0.052385 -0.004967 0.075372
v 0.020537 -0.065031 0.080274
v 0.005168 -0.078711 0.074921
v 0.053817 -0.060226 0.042092
v 0.03135 -0.078919 0.063709
v 0.033287 -0.083012 0.059907
v 0.034226 -0.077935 0.061879
v 0.031355 -0.083572 0.061158
v 0.045421 -0.052114 0.063897
v 0.046065 -0.059148 0.058415
v 0.047195 -0.056018 0.058324
v 0.046799 -0.050825 0.062204
v 0.048681 -0.053183 0.057152
v 0.044222 -0.034187 0.08097
v 0.031174 -0.114939 0.049594
v 0.033289 -0.111649 0.048744
v 0.044039 -0.085577 0.047223
v 0.029628 -0.126998 0.048869
v 0.01491 -0.069967 0.078818
v 0.014377 -0.074653 0.07558
v 0.017576 -0.095867 0.062873
v 0.006848 -0.108701 0.061071
v 0.053358 -0.008332 0.067753
v 0.003908 -0.10996 0.061054
v 0.031773 -0.053438 0.08188
v 0.034996 -0.106657 0.048694
v 0.052947 -0.027888 0.059809
v 0.054038 -0.027036 0.056208
v 0.009909 -0.104477 0.06181
v 0.025699 -0.084935 0.064242
v 0.042133 -0.059704 0.064149
v 0.044383 -0.063157 0.058739
v 0.044121 -0.058453 0.061996
v 0.02773 -0.122655 0.050553
v 0.049817 -0.015177 0.081696
v 0.050639 -0.018009 0.075321
v 0.051557 -0.015657 0.072854
v 0.038297 -0.099121 0.048154
v 0.006093 -0.075779 0.076768
v 0.036413 -0.103106 0.048561
v 0.037864 -0.066938 0.064859
v 0.03769 -0.072072 0.061886
v 0.048901 -0.042885 0.062816
v 0.035475 -0.071707 0.06438
v 0.035515 -0.075831 0.061876
v 0.035993 -0.046945 0.083071
v 0.033956 -0.050162 0.082544
v 0.012917 -0.09925 0.06298
v 0.033388 -0.073748 0.065055
v 0.027297 -0.126796 0.050376
v 0.052482 -0.061163 0.044869
v 0.052954 -0.07029 0.038946
v 0.025827 -0.058733 0.082348
v 0.042815 -0.03492 0.083581
v 0.007927 -0.104398 0.062208
v 0.012784 -0.070053 0.079453
v 0.043906 -0.031806 0.084402
v 0.002072 -0.07676 0.076513
v 0.029898 -0.054173 0.083105
v 0.027905 -0.055599 0.083567
v 0.040735 -0.091898 0.048451
v 0.047314 -0.074572 0.047859
v 0.043994 -0.053215 0.065602
v 0.025931 -0.125039 0.051345
v 0.049468 -0.020632 0.077982
v 0.050641 -0.020743 0.07303
v 0.031427 -0.074637 0.066169
v 0.028598 -0.079625 0.065337
v 0.050208 -0.035897 0.063875
v 0.051361 -0.011894 0.076741
v 0.052177 -0.071274 0.040247
v 0.031032 -0.110227 0.050814
v 0.045945 -0.026829 0.084253
v 0.038356 -0.042697 0.083894
v 0.042263 -0.086411 0.049112
v 0.04484 -0.029727 0.084242
v 0.054404 -0.022712 0.056424
v 0.054562 -0.017105 0.057646
v 0.032725 -0.107238 0.050382
v 0.029268 -0.116655 0.050554
v 0.039578 -0.094147 0.048791
v 0.023725 -0.085314 0.065141
v 0.040047 -0.060982 0.066145
v 0.046387 -0.077028 0.04807
v 0.024158 -0.059085 0.083244
v 0.047563 -0.02159 0.08464
v 0.048725 -0.068822 0.048482
v 0.050478 -0.012824 0.08059
v 0.007595 -0.072269 0.079022
v 0.016138 -0.06553 0.081923
v 0.010482 -0.070089 0.080064
v 0.032385 -0.050139 0.084439
v 0.041164 -0.036132 0.085906
v 0.010548 -0.100017 0.063264
v 0.051147 -0.033941 0.062384
v 0.027318 -0.117404 0.051655
v 0.034567 -0.047106 0.084877
v 0.014204 -0.095409 0.06419
v 0.021353 -0.061081 0.083253
v 0.047276 -0.046809 0.063859
v 0.051706 -0.030594 0.062573
v 0.035633 -0.067841 0.066664
v 0.025768 -0.12157 0.051868
v 0.00546 -0.104232 0.062615
v 0.021214 -0.087769 0.065128
v 0.040869 -0.086071 0.050951
v 0.033229 -0.048071 0.085578
v 0.017916 -0.091419 0.06473
v 0.017881 -0.06428 0.082243
v 0.037916 -0.092688 0.05111
v 0.054143 -0.05205 0.045253
v 0.030894 -0.050731 0.085506
v 0.050816 -0.053602 0.052497
v 0.05129 -0.081251 0.036942
v 0.039345 -0.039058 0.08618
v 0.035801 -0.096366 0.051607
v 0.014042 -0.065647 0.082621
v 0.050803 -0.081148 0.038031
v 0.00519 -0.072161 0.079483
v 0.036558 -0.04378 0.085609
v 0.048624 -0.017649 0.084688
v 0.051386 -0.002367 0.082343
v 0.039399 -0.089687 0.050911
v 0.034056 -0.100935 0.051373
v 0.035711 -0.100287 0.050182
v 0.025953 -0.055263 0.085556
v 0.023739 -0.122012 0.052889
v 0.027971 -0.113193 0.052141
v 0.05296 -0.051359 0.048653
v 0.037509 -0.041201 0.087008
v 0.042398 -0.054187 0.067485
v 0.002902 -0.104013 0.062945
v 0.024581 -0.118526 0.053007
v 0.044859 -0.077389 0.050159
v 0.042607 -0.031256 0.088473
v 0.046231 -0.024293 0.086346
v 0.029608 -0.074896 0.067419
v 0.050416 -0.00921 0.083872
v 0.053143 -0.022361 0.061753
v 0.053716 -0.017337 0.061547
v 0.002694 -0.071975 0.079903
v 0.049991 -0.058467 0.051625
v 0.047359 -0.043562 0.065841
v 0.054915 -0.124548 0.00317
v 0.054995 -0.126668 0.00101
v 0.054967 -0.12092 0.001867
v 0.025734 -0.080231 0.066826
v 0.050814 -0.004465 0.084678
v 0.011572 -0.066848 0.082411
v 0.038109 -0.062053 0.067814
v 0.017878 -0.061511 0.084709
v 0.029042 -0.051351 0.086785
v 0.035287 -0.043385 0.087989
v 0.023473 -0.125412 0.052608
v 0.030776 -0.106295 0.052125
v 0.054918 -0.112462 0.003602
v 0.02186 -0.057029 0.086759
v 0.041895 -0.032916 0.088166
v 0.02403 -0.055686 0.086625
v 0.029324 -0.108207 0.05255
v 0.007313 -0.099181 0.064175
v 0.032183 -0.101614 0.052622
v 0.054768 -0.115533 0.005697
v 0.015027 -0.091265 0.065787
v 0.049106 -0.037186 0.065998
v 0.008307 -0.067836 0.082375
v 0.054493 -0.116207 0.00855
v 0.033602 -0.06865 0.068102
v 0.05444 -0.012412 0.059826
v 0.054799 -0.125124 0.004939
v 0.043524 -0.029068 0.088843
v 0.026207 -0.11439 0.05292
v 0.04684 -0.067808 0.052256
v 0.01021 -0.096016 0.064926
v 0.031405 -0.048195 0.087657
v 0.021157 -0.12085 0.054272
v 0.021274 -0.08431 0.066921
v 0.044612 -0.047018 0.068905
v 0.054814 -0.109106 0.007468
v 0.027938 -0.075325 0.068352
v 0.027835 -0.108601 0.053394
v 0.053851 -0.117923 0.012524
v 0.054238 -0.125258 0.009654
v 0.05461 -0.125243 0.006896
v 0.054108 -0.11622 0.011339
v 0.024408 -0.114633 0.053856
v 0.040281 -0.056995 0.068596
v 0.014936 -0.061764 0.085769
v 0.0546 -0.11062 0.009181
v 0.035619 -0.092705 0.053294
v 0.043482 -0.078926 0.051253
v 0.026207 -0.05255 0.088152
v 0.049158 -0.010027 0.089746
v 0.018434 -0.085914 0.067269
v 0.054132 -0.111684 0.012551
v 0.019964 -0.059256 0.08574
v 0.053854 -0.124123 0.011855
v 0.032621 -0.045764 0.088939
v 0.02118 -0.125462 0.05368
v 0.0535 -0.118356 0.014245
v 0.022822 -0.081021 0.06801
v 0.021883 -0.118075 0.054416
v 0.045604 -0.04465 0.068724
v 0.0543 -0.107451 0.013175
v 0.005925 -0.067768 0.082862
v 0.026323 -0.108979 0.054199
v 0.030341 -0.102142 0.053779
v 0.053108 -0.119491 0.015776
v 0.053474 -0.12512 0.013624
v 0.05477 -0.10377 0.011607
v 0.011577 -0.064113 0.084771
v 0.040163 -0.033842 0.091
v 0.052219 -0.024293 0.064372
v 0.012908 -0.091973 0.066072
v 0.044383 -0.026058 0.090237
v 0.052527 -0.120861 0.01778
v 0.004909 -0.099677 0.064311
v 0.052888 -0.12582 0.015985
v 0.037622 -0.038523 0.090043
v 0.053572 -0.111447 0.015646
v 0.033745 -0.096196 0.053437
v 0.031719 -0.069267 0.069376
v 0.029864 -0.047739 0.089912
v 0.054512 -0.104692 0.013124
v 0.035905 -0.063032 0.069642
v 0.019034 -0.121101 0.055119
v 0.016394 -0.087938 0.066981
v 0.039266 -0.08509 0.053214
v 0.038914 -0.036634 0.09
v 0.045114 -0.069469 0.054017
v 0.05303 -0.11414 0.017264
v 0.027606 -0.050272 0.089358
v 0.052047 -0.126113 0.018803
v 0.047291 -0.039106 0.069122
v 0.041855 -0.079262 0.053167
v 0.05384 -0.10571 0.016573
v 0.051586 -0.122336 0.020574
v 0.003504 -0.067619 0.083306
v 0.051955 -0.049342 0.052098
v 0.051079 -0.126782 0.021528
v 0.035985 -0.039962 0.091079
v 0.019333 -0.12598 0.054399
v 0.052129 -0.115937 0.020054
v 0.019075 -0.057269 0.088197
v 0.025884 -0.075762 0.069428
v 0.054624 -0.099208 0.015815
v 0.028698 -0.102564 0.054743
v 0.049462 -0.006605 0.090716
v 0.034016 -0.042733 0.090647
v 0.045674 -0.022241 0.090982
v 0.024617 -0.109446 0.055017
v 0.0513 -0.116599 0.022367
v 0.052819 -0.109655 0.019439
v 0.037692 -0.086413 0.054199
v 0.054201 -0.100951 0.017161
v 0.009152 -0.063688 0.085798
v 0.047682 -0.011226 0.095818
v 0.053392 -0.104242 0.01926
v 0.022248 -0.114325 0.055008
v 0.002247 -0.098753 0.064907
v 0.048097 -0.037256 0.068527
v 0.050024 -0.120963 0.024821
v 0.024205 -0.052695 0.089622
v 0.031845 -0.097249 0.054515
v 0.006972 -0.09526 0.065832
v 0.009797 -0.091983 0.066808
v 0.04122 -0.030959 0.092445
v 0.047244 -0.017378 0.090931
v 0.017603 -0.124048 0.055257
v 0.051796 -0.109779 0.022784
v 0.050792 -0.119074 0.023234
v 0.038496 -0.056648 0.071213
v 0.050225 -0.12615 0.023682
v 0.02614 -0.050282 0.090706
v 0.035603 -0.08793 0.055458
v 0.053795 -0.09844 0.020461
v 0.032604 -0.042978 0.092329
v 0.04371 -0.070568 0.055416
v 0.052855 -0.103226 0.021757
v 0.01557 -0.058826 0.088353
v 0.053849 -0.011252 0.063519
v 0.039666 -0.080413 0.05513
v 0.012498 -0.06046 0.087897
v 0.029877 -0.069843 0.070498
v 0.039173 -0.034006 0.092976
v 0.033446 -0.091507 0.055665
v 0.054244 -0.095489 0.020215
v 0.050162 -0.029994 0.067877
v 0.022559 -0.053048 0.090473
v 0.041334 -0.052176 0.07059
v 0.036597 -0.036804 0.094218
v 0.051397 -0.025771 0.06652
v 0.049854 -0.115825 0.026172
v 0.004477 -0.094993 0.066256
v 0.006628 -0.064627 0.085477
v 0.02262 -0.109642 0.055977
v 0.048666 -0.120455 0.02784
v 0.049429 -0.126622 0.025464
v 0.012219 -0.088676 0.067854
v 0.052216 -0.019439 0.067257
v 0.050303 -0.112752 0.025872
v 0.045282 -0.041117 0.072105
v 0.047515 -0.014086 0.09359
v 0.051781 -0.104815 0.024541
v 0.050884 -0.110255 0.025152
v 0.033917 -0.063847 0.071117
v 0.026669 -0.103068 0.055827
v 0.046272 -0.018768 0.093206
v 0.022895 -0.078024 0.069761
v 0.017246 -0.056711 0.089743
v 0.038108 -0.034844 0.09405
v 0.048204 -0.126806 0.027948
v 0.048151 -0.122852 0.028494
v 0.053345 -0.097944 0.022515
v 0.042702 -0.049415 0.0705
v 0.043309 -0.02661 0.092816
v 0.019694 -0.081804 0.069039
v 0.034985 -0.039124 0.093829
v 0.013898 -0.086119 0.068718
v 0.027649 -0.047597 0.092449
v 0.018977 -0.115546 0.05615
v 0.014633 -0.12298 0.056376
v 0.015097 -0.12637 0.05584
v 0.019592 -0.112744 0.056531
v 0.052302 -0.101162 0.024482
v 0.048844 -0.116089 0.028313
v 0.040198 -0.053074 0.071603
v 0.046395 -0.126945 0.031177
v 0.030731 -0.044579 0.092737
v 0.048654 -0.058095 0.054438
v 0.047876 -0.061401 0.054022
v 0.029987 -0.097759 0.055654
v 0.016659 -0.119754 0.056213
v 0.003953 -0.064571 0.085926
v 0.019229 -0.05395 0.091659
v 0.054364 -0.087749 0.024633
v 0.049327 -0.002342 0.093405
v 0.046252 -0.039749 0.071052
v 0.053611 -0.091615 0.025057
v 0.044369 -0.022011 0.095902
v 0.052781 -0.094869 0.025998
v 0.045892 -0.123184 0.0324
v 0.016684 -0.083426 0.069299
v 0.054212 -0.006579 0.063181
v 0.050655 -0.026953 0.068361
v 0.023762 -0.050514 0.092465
v 0.028229 -0.070295 0.071443
v 0.031596 -0.092708 0.056585
v 0.05062 -0.105147 0.027504
v 0.049065 -0.031991 0.069789
v 0.048975 -0.109962 0.029622
v 0.006757 -0.062089 0.087811
v 0.046895 -0.116529 0.031868
v 0.050729 -0.100324 0.029113
v 0.010096 -0.06003 0.089062
v 0.047083 -0.120951 0.030714
v 0.03622 -0.059008 0.072236
v 0.049477 -0.104673 0.030276
v 0.020299 -0.10962 0.057038
v 0.052593 -0.015946 0.067608
v 0.047362 -0.11394 0.031637
v 0.040176 -0.030066 0.09635
v 0.051605 -0.098934 0.027476
v 0.006747 -0.091383 0.067619
v 0.02471 -0.103446 0.056801
v 0.032057 -0.064513 0.072412
v 0.014539 -0.057043 0.090621
v 0.052179 -0.093643 0.028395
v 0.028781 -0.044512 0.095103
v 0.03763 -0.081351 0.056788
v 0.016802 -0.115621 0.056937
v 0.04526 -0.020372 0.094989
v 0.027767 -0.098303 0.056909
v 0.04215 -0.07165 0.056888
v 0.03365 -0.039726 0.095136
v 0.045375 -0.118754 0.033911
v 0.020854 -0.051856 0.093008
v 0.053051 -0.013543 0.066694
v 0.001945 -0.094829 0.066557
v 0.019798 -0.078659 0.070871
v 0.041192 -0.026891 0.098516
v 0.044551 -0.126462 0.034057
v 0.013841 -0.11964 0.057111
v 0.048968 -0.004299 0.094458
v 0.009301 -0.088226 0.068743
v 0.024054 -0.073628 0.071917
v 0.030469 -0.042336 0.096
v 0.039024 -0.031173 0.09746
v 0.053901 -0.082612 0.029405
v 0.025261 -0.04733 0.095049
v 0.042856 -0.123221 0.036774
v 0.042665 -0.127043 0.036607
v 0.051298 -0.09466 0.030214
v 0.004893 -0.0618 0.088389
v 0.049164 -0.098292 0.033348
v 0.012223 -0.057178 0.091356
v 0.026197 -0.07075 0.072547
v 0.043286 -0.120106 0.036676
v 0.027369 -0.044949 0.09607
v 0.046936 -0.109361 0.03359
v 0.048219 -0.108105 0.031662
v 0.012269 -0.124529 0.056804
v 0.040752 -0.073782 0.057442
v 0.029715 -0.093214 0.057713
v 0.053363 -0.08521 0.02952
v 0.042328 -0.047105 0.072976
v 0.042383 -0.025517 0.097204
v 0.022916 -0.10373 0.057627
v 0.043505 -0.022733 0.097801
v 0.015754 -0.054479 0.092895
v 0.036033 -0.035401 0.09731
v 0.031727 -0.040566 0.096795
v 0.045575 -0.014989 0.100891
v 0.04411 -0.042167 0.073675
v 0.052739 -0.084877 0.031476
v 0.050241 -0.093858 0.032999
v 0.014353 -0.115768 0.05769
v 0.001906 -0.062236 0.088303
v 0.048114 -0.032764 0.071935
v 0.034035 -0.037254 0.098087
v 0.006817 -0.059456 0.090426
v 0.051334 -0.021329 0.069753
v 0.033718 -0.087217 0.057446
v 0.019084 -0.051734 0.094284
v 0.047902 -0.103223 0.033874
v 0.030251 -0.065111 0.073556
v 0.052104 -0.085649 0.032708
v 0.023166 -0.047835 0.096211
v 0.021681 -0.074025 0.07296
v 0.033165 -0.060769 0.074197
v 0.035351 -0.082259 0.058509
v 0.038012 -0.031852 0.098706
v 0.00938 -0.057213 0.09219
v 0.041272 -0.123754 0.03868
v 0.016172 -0.111832 0.058039
v 0.01696 -0.052294 0.094819
v 0.02804 -0.093615 0.058648
v 0.004199 -0.089056 0.069069
v 0.051217 -0.089466 0.032918
v 0.011137 -0.083558 0.070871
v 0.017384 -0.078876 0.071741
v 0.042784 -0.11688 0.037926
v 0.047022 -0.008401 0.101336
v 0.040804 -0.127097 0.038888
v 0.046116 -0.013124 0.100817
v 0.046577 -0.104581 0.035689
v 0.036439 -0.056057 0.074279
v 0.038952 -0.051895 0.074341
v 0.038482 -0.076189 0.058695
v 0.008824 -0.121344 0.057961
v 0.010467 -0.126483 0.056997
v 0.024364 -0.098677 0.058727
v 0.040542 -0.049068 0.074298
v 0.020919 -0.105383 0.058028
v 0.012529 -0.054782 0.093909
v 0.010824 -0.119874 0.057817
v 0.002711 -0.059781 0.09066
v 0.042635 -0.044388 0.07469
v 0.001741 -0.091416 0.068129
v 0.013959 -0.081779 0.071166
v 0.04764 -0.098794 0.035997
v 0.020812 -0.04922 0.09624
v 0.012475 -0.115845 0.058186
v 0.047407 -0.006755 0.100729
v 0.028629 -0.065589 0.074521
v 0.03946 -0.126637 0.040438
v 0.049448 -0.026635 0.072773
v 0.031424 -0.088077 0.05885
v 0.042695 -0.112923 0.038899
v 0.006677 -0.086047 0.070341
v 0.029912 -0.040466 0.099382
v 0.046909 -0.034434 0.073825
v 0.047511 -0.004706 0.101352
v 0.03155 -0.038418 0.100188
v 0.040558 -0.119074 0.040211
v 0.017829 -0.108691 0.058284
v 0.040768 -0.116411 0.040475
v 0.00646 -0.057205 0.092854
v 0.037141 -0.031452 0.101238
v 0.053825 -0.074158 0.03455
v 0.014985 -0.052179 0.095939
v 0.024689 -0.044454 0.099444
v 0.028186 -0.041916 0.099392
v 0.035821 -0.032885 0.101639
v 0.046289 -0.09981 0.037855
v 0.048953 -0.092002 0.03648
v 0.034525 -0.057384 0.075421
v 0.039187 -0.121315 0.041362
v 0.018876 -0.048637 0.098272
v 0.00679 -0.122788 0.058077
v 0.008015 -0.126941 0.057387
v 0.034074 -0.034488 0.102324
v 0.001558 -0.088209 0.069731
v 0.03962 -0.02726 0.102215
v 0.032549 -0.036231 0.102072
v 0.021323 -0.046751 0.099108
v 0.026297 -0.042562 0.100553
v 0.009676 -0.054738 0.094871
v 0.018775 -0.075573 0.073302
v 0.044388 -0.016987 0.102961
v 0.03808 -0.12173 0.04245
v 0.00368 -0.057072 0.093427
v 0.038323 -0.028717 0.103056
v 0.009929 -0.11582 0.058767
v 0.041541 -0.023206 0.103375
v 0.015887 -0.049984 0.098271
v 0.040439 -0.112783 0.041673
v 0.028487 -0.039594 0.102521
v 0.042166 -0.107756 0.040959
v 0.012524 -0.052799 0.096225
v 0.030503 -0.037649 0.102916
v 0.007271 -0.054733 0.095477
v 0.037572 -0.125792 0.042462
v 0.04607 -0.010861 0.103398
v 0.010573 -0.05246 0.097322
v 0.005073 -0.125967 0.057872
v 0.008194 -0.052717 0.097681
v 0.001764 -0.055594 0.095253
v 0.026494 -0.040291 0.10379
v 0.004565 -0.054955 0.095706
v 0.024458 -0.042052 0.103185
v 0.016668 -0.047202 0.101554
v 0.036627 -0.126887 0.043275
v 0.020695 -0.045358 0.101526
v 0.012115 -0.049352 0.100771
v 0.022512 -0.042887 0.103708
v 0.002658 -0.125687 0.058084
v 0.03511 -0.12627 0.0447
v 0.005466 -0.052812 0.098132
v 0.014458 -0.047596 0.102166
v 0.020496 -0.043574 0.104323
v 0.055002 -0.168278 -0.000271
v 0.054547 -0.126913 -0.007105
v 0.054124 -0.127382 -0.009784
v 0.053684 -0.127195 -0.011984
v 0.052169 -0.126531 -0.017434
v 0.050157 -0.127926 -0.022576
v 0.044744 -0.174638 -0.031985
v 0.046013 -0.171766 -0.03014
v 0.014346 -0.155118 0.053759
v 0.011882 -0.151451 0.054567
v 0.012273 -0.157247 0.054163
v 0.047522 -0.172017 -0.027695
v 0.027165 -0.14447 0.049067
v 0.026576 -0.152534 0.048945
v 0.029594 -0.148446 0.047334
v 0.048488 -0.171536 -0.025967
v 0.021136 -0.142741 0.052183
v 0.022443 -0.134907 0.052223
v 0.019411 -0.134958 0.053511
v 0.034287 -0.171242 -0.04301
v 0.031636 -0.169555 -0.044996
v 0.050152 -0.168459 -0.022589
v 0.049526 -0.171337 -0.023926
v 0.051074 -0.172463 -0.020424
v 0.008755 -0.178027 0.054308
v 0.032509 -0.153508 0.045089
v 0.035511 -0.156161 0.042584
v 0.035467 -0.149642 0.042914
v 0.012662 -0.13559 0.05557
v 0.015604 -0.135115 0.05482
v 0.018199 -0.145767 0.053121
v 0.012646 -0.174249 -0.05353
v 0.014097 -0.169106 -0.053168
v 0.010533 -0.132911 0.056315
v 0.047501 -0.131444 0.02905
v 0.018652 -0.172674 -0.051743
v 0.016212 -0.167908 -0.052568
v 0.0241 -0.14457 0.050709
v 0.045787 -0.130832 0.03195
v 0.036034 -0.168993 -0.041558
v 0.048052 -0.136477 0.027846
v 0.049293 -0.136183 0.025404
v 0.050614 -0.13846 0.02236
v 0.051677 -0.142579 0.019492
v 0.052167 -0.134785 0.018188
v 0.05149 -0.134862 0.020189
v 0.015452 -0.144276 0.054123
v 0.022836 -0.153547 0.050779
v 0.050549 -0.145584 0.02233
v 0.045934 -0.136739 0.031457
v 0.048333 -0.143305 0.027072
v 0.028812 -0.161882 0.047238
v 0.032028 -0.144167 0.045915
v 0.007447 -0.136048 0.056542
v 0.04927 -0.145842 0.025149
v 0.051504 -0.153694 0.019723
v 0.052337 -0.150186 0.017359
v 0.050321 -0.152889 0.022681
v 0.049106 -0.152978 0.025287
v 0.047985 -0.150101 0.027513
v 0.05275 -0.161532 0.01582
v 0.053134 -0.151713 0.014565
v 0.051801 -0.162092 0.018742
v 0.037823 -0.169756 -0.039935
v 0.005154 -0.136073 0.056805
v 0.053762 -0.15844 0.011826
v 0.053952 -0.168118 0.010811
v 0.053539 -0.168678 0.012735
v 0.019279 -0.153039 0.052289
v 0.011579 -0.14437 0.055106
v 0.050784 -0.162944 0.021381
v 0.0439 -0.174572 0.033205
v 0.042472 -0.171044 0.03509
v 0.051862 -0.174378 0.018396
v 0.010256 -0.138991 0.055812
v 0.003726 -0.132455 0.057285
v 0.032232 -0.170558 0.044701
v 0.034835 -0.169164 0.042748
v 0.032887 -0.162971 0.044431
v 0.030114 -0.165313 0.046313
v 0.030021 -0.173311 0.046172
v 0.0397 -0.167807 -0.038072
v 0.025579 -0.158289 0.049204
v 0.026994 -0.174208 0.047997
v 0.023996 -0.17543 0.049531
v 0.041186 -0.1717 0.036581
v 0.022777 -0.163336 0.050384
v 0.041796 -0.171992 -0.035755
v 0.016489 -0.153838 0.0532
v 0.042814 -0.16848 -0.034531
v 0.054414 -0.171477 0.008112
v 0.003243 -0.138252 0.056759
v 0.034639 -0.135006 0.044465
v 0.006613 -0.142715 0.056075
v 0.009155 -0.146661 0.055411
v 0.039727 -0.170224 0.038193
v 0.03863 -0.172612 0.039262
v 0.02076 -0.163498 0.051243
v 0.037715 -0.139783 0.041387
v 0.038673 -0.144872 0.040169
v 0.039704 -0.137125 0.03951
v 0.018853 -0.160217 0.052102
v 0.043484 -0.170219 -0.033689
v 0.043152 -0.15471 0.034683
v 0.044125 -0.148825 0.033612
v 0.043128 -0.14768 0.034968
v 0.02499 -0.164863 0.049275
v 0.053226 -0.173085 0.013945
v 0.039468 -0.151643 0.039048
v 0.040061 -0.14511 0.038703
v 0.050809 -0.172367 0.021173
v 0.049699 -0.163207 0.023834
v 0.037919 -0.154742 0.040462
v 0.037159 -0.15079 0.041343
v 0.045317 -0.158321 0.031607
v 0.044937 -0.151208 0.032387
v 0.043835 -0.16099 0.033601
v 0.040984 -0.158439 0.037152
v 0.039942 -0.159087 0.038263
v 0.041522 -0.151421 0.036792
v 0.049911 -0.173966 0.023192
v 0.052994 -0.171943 -0.014741
v 0.048857 -0.171068 0.025391
v 0.049241 -0.176926 0.024555
v 0.037034 -0.171121 0.040795
v 0.047705 -0.174675 0.027457
v 0.048498 -0.165113 0.026198
v 0.047369 -0.167013 0.028164
v 0.046354 -0.16726 0.029822
v 0.042341 -0.161952 0.035468
v 0.036607 -0.162577 0.041403
v 0.038365 -0.163685 0.039735
v 0.017165 -0.163283 0.052574
v 0.046176 -0.175027 0.029955
v 0.053524 -0.174178 -0.012657
v 0.006414 -0.149098 0.055646
v 0.003718 -0.146846 0.056044
v 0.044867 -0.17505 0.031886
v 0.012096 -0.175177 0.053687
v 0.013098 -0.166006 0.053639
v 0.011217 -0.17008 0.053953
v 0.03479 -0.175926 0.042646
v 0.020664 -0.170128 -0.050977
v 0.02339 -0.172262 -0.049785
v 0.002133 -0.14364 0.056365
v 0.008385 -0.158397 0.054843
v 0.010517 -0.158106 0.054496
v 0.015402 -0.165297 0.053045
v 0.054713 -0.16796 -0.005676
v 0.005899 -0.157823 0.055203
v 0.003698 -0.154867 0.055547
v 0.051849 -0.173022 -0.018349
v 0.038696 -0.130086 0.041009
v 0.020874 -0.174015 0.050952
v 0.052411 -0.168854 -0.016681
v 0.054981 -0.17028 0.001554
v 0.054908 -0.172233 0.003234
v 0.054739 -0.168313 0.005443
v 0.009484 -0.168651 0.054311
v 0.036524 -0.133426 0.04291
v 0.043408 -0.135712 0.035149
v 0.044225 -0.141514 0.033768
v 0.017746 -0.17421 0.05211
v 0.041535 -0.142544 0.037159
v 0.041694 -0.135674 0.037322
v 0.007475 -0.166365 0.05469
v 0.004946 -0.167654 0.054934
v 0.053969 -0.170031 -0.010633
v 0.002979 -0.161534 0.055277
v 0.015005 -0.173743 0.052969
v 0.044676 -0.166397 0.032323
v 0.054387 -0.169102 -0.008211
v 0.041206 -0.165404 0.036707
v 0.002513 -0.167246 0.055116
v 0.002879 -0.174132 0.054956
v 0.025253 -0.16874 -0.048862
v 0.054868 -0.173067 -0.003832
v 0.02887 -0.172766 -0.046819
v 0.02696 -0.173401 -0.04794
v 0.033129 -0.17226 -0.043904
v 0.054965 -0.171117 -0.00206
v 0.001966 -0.173369 -0.054968
v 0.010938 -0.170357 -0.053904
v 0.035438 -0.142689 0.043304
v 0.033177 -0.136362 0.045554
v 0.03352 -0.144129 0.04479
v 0.046483 -0.157378 0.029859
v 0.04749 -0.158824 0.028141
v 0.030274 -0.169862 -0.045922
v 0.006909 -0.173302 0.054616
v 0.040712 -0.175376 -0.03698
v 0.007024 -0.174452 -0.054551
v 0.029471 -0.135045 0.048301
v 0.045362 -0.143191 0.032055
v 0.044412 -0.13198 0.033946
v 0.048391 -0.158391 0.026539
v 0.0465 -0.15045 0.030038
v 0.046663 -0.142304 0.030058
v 0.026795 -0.135222 0.049947
v 0.02433 -0.134921 0.051299
v 0.0545 -0.191967 0
v 0.0545 -0.189011 0.000985
v 0.0545 -0.189011 -0.000985
v 0.0545 0 0.002533
v 0.0545 -0.000985 0.005489
v 0.0545 0.000985 0.005489
vn 0 -1 -0
vn 0.0001 -1 0.0002
vn 0 -1 0.0001
vn 0 -1 -0.0001
vn 0.0003 -1 -0
vn 0 -1 -0.0002
vn -1 -0.0001 0.0069
vn -1 -0.0019 -0.0033
vn -0.9974 -0.003 -0.0725
vn -0.0153 0.0012 0.9999
vn -0.9941 0.0032 -0.1086
vn -0.0553 -0.0017 0.9985
vn -0.0538 -0.0014 0.9986
vn -0.9877 -0.0014 -0.1562
vn -0.9854 -0.0054 -0.1704
vn -0.0905 0.0015 0.9959
vn -0.9817 -0.0001 -0.1906
vn -0.1415 -0.0024 0.9899
vn -0.1218 0.0003 0.9926
vn -0.9728 0.0035 -0.2318
vn -0.153 -0.0005 0.9882
vn -0.9614 -0.0015 -0.275
vn -0.958 -0.0063 -0.2867
vn -0.1917 0.0007 0.9815
vn -0.2249 -0.0026 0.9744
vn -0.2219 -0.0034 0.9751
vn -0.9464 0.003 -0.323
vn -0.2634 0.0016 0.9647
vn -0.305 -0.0003 0.9523
vn -0.9242 -0.0018 -0.3819
vn -0.9215 0.0003 -0.3884
vn -0.3296 -0.0067 0.9441
vn -0.9013 0.0009 -0.4332
vn -0.8901 -0.0022 -0.4558
vn -0.8855 -0.0003 -0.4646
vn -0.3573 0.0006 0.934
vn -0.8681 0.0015 -0.4964
vn -0.399 0.0021 0.917
vn -0.8478 -0.0039 -0.5303
vn -0.8443 -0.0015 -0.5358
vn -0.4407 -0.0053 0.8976
vn -0.4369 -0.0039 0.8995
vn -0.8185 0.0032 -0.5745
vn -0.4875 0.0035 0.8731
vn -0.7942 0.0003 -0.6077
vn -0.5221 -0.0029 0.8529
vn -0.5363 0.0021 0.844
vn -0.7808 -0.0068 -0.6248
vn -0.7697 -0.0012 -0.6384
vn -0.7466 0.0026 -0.6653
vn -0.575 -0.003 0.8182
vn -0.7088 -0.0024 -0.7054
vn -0.5834 -0.0007 0.8122
vn -0.6121 0.0003 0.7908
vn -0.6386 -0.004 0.7695
vn -0.6383 -0.0039 0.7698
vn -0.6689 0.0023 -0.7434
vn -0.6348 -0.0024 -0.7726
vn -0.634 -0.0028 -0.7733
vn -0.6707 0.0011 0.7418
vn -0.7016 -0.0027 0.7125
vn -0.5919 0.0025 -0.806
vn -0.6999 -0.0035 0.7143
vn -0.5603 -0.002 -0.8283
vn -0.7229 -0.0004 0.691
vn -0.7487 -0.0028 0.6629
vn -0.562 -0.0024 -0.8271
vn -0.7478 -0.0025 0.6639
vn -0.5312 0.0009 -0.8472
vn -0.5051 -0.0014 -0.8631
vn -0.4989 -0.0002 -0.8667
vn -0.7778 0.0006 0.6285
vn -0.4744 0.0011 -0.8803
vn -0.7985 -0.0042 0.602
vn -0.4476 -0.0007 -0.8942
vn -0.8044 -0.0007 0.5941
vn -0.437 -0.0032 -0.8995
vn -0.8188 0.001 0.5741
vn -0.3937 0.004 -0.9192
vn -0.3459 -0.0029 -0.9383
vn -0.8544 -0.0057 0.5196
vn -0.8493 -0.0027 0.5279
vn -0.344 -0.0035 -0.939
vn -0.8649 -0.0007 0.5019
vn -0.8905 -0.0009 0.455
vn -0.2966 0.0027 -0.955
vn -0.9044 -0.0061 0.4267
vn -0.2497 -0.0031 -0.9683
vn -0.2473 -0.0021 -0.9689
vn -0.9119 -0.0004 0.4103
vn -0.9279 0.0038 0.3728
vn -0.1977 0.0025 -0.9803
vn -0.1416 -0.0047 -0.9899
vn -0.1497 -0.0018 -0.9887
vn -0.949 -0.0049 0.3152
vn -0.1026 0.0023 -0.9947
vn -0.0574 0.0022 -0.9983
vn -0.0303 -0.0026 -0.9995
vn -0.9651 0.0019 0.262
vn -0.9769 -0.0028 0.2135
vn -0.9781 -0.0039 0.2082
vn -0.9847 0.0014 0.1745
vn -0.99 0.0028 0.1409
vn -0.9941 -0.0009 0.1086
vn -0.9957 -0.0045 0.0925
vn -0.998 0.0021 0.0625
vn -0.5212 -0.0552 0.8517
vn -0.4303 -0.0856 0.8986
vn -0.997 -0.0014 0.0771
vn -0.3999 -0.0839 0.9127
vn -0.9901 -0.0013 0.1403
vn -0.5132 -0.0622 0.856
vn -0.3655 -0.0901 0.9265
vn -0.3649 -0.09 0.9267
vn -0.8232 -0.0142 0.5676
vn -0.8262 -0.0159 0.5632
vn -0.4544 -0.0637 0.8885
vn -0.4706 -0.0701 0.8795
vn -0.6405 -0.0375 0.767
vn -0.5663 -0.0417 0.8231
vn -0.6966 -0.0244 0.717
vn -0.3132 -0.0968 0.9447
vn -0.7692 -0.0168 0.6388
vn -0.3084 -0.0955 0.9464
vn -0.6648 -0.0258 0.7465
vn -0.41 -0.0716 0.9093
vn -0.6101 -0.0306 0.7918
vn -0.6079 -0.0295 0.7935
vn -0.6349 -0.0244 0.7722
vn -0.6712 -0.0235 0.7409
vn -0.5417 -0.0467 0.8393
vn -0.7449 -0.0164 0.667
vn -0.6634 -0.0188 0.748
vn -0.2591 -0.0973 0.961
vn -0.2686 -0.1013 0.9579
vn -0.4879 -0.0526 0.8713
vn -0.4931 -0.0506 0.8685
vn -0.3801 -0.0776 0.9217
vn -0.2224 -0.1006 0.9698
vn -0.6601 -0.0007 -0.7512
vn -0.6916 -0.0003 -0.7223
vn -0.2055 -0.1048 0.973
vn -0.6606 -0.0003 -0.7507
vn -0.465 -0.0495 0.8839
vn -0.6925 -0 -0.7214
vn -0.3142 -0.079 0.9461
vn -0.6927 0.0004 -0.7212
vn -0.6977 -0.0016 -0.7164
vn -0.1804 -0.1001 0.9785
vn -0.4222 -0.0581 0.9046
vn -0.6613 0.0001 -0.7501
vn -0.3175 -0.0777 0.9451
vn -0.4304 -0.0599 0.9007
vn -0.6977 0.0012 -0.7164
vn -0.1512 -0.1072 0.9827
vn -0.6614 0.0002 -0.75
vn -0.6339 -0.0001 -0.7734
vn -0.2702 -0.0842 0.9591
vn -0.6948 -0 -0.7192
vn -0.1225 -0.1009 0.9873
vn -0.695 -0.0013 -0.719
vn -0.3908 -0.0658 0.9181
vn -0.2594 -0.0824 0.9622
vn -0.3554 -0.0625 0.9326
vn -0.698 0.0002 -0.7161
vn -0.0702 -0.1111 0.9913
vn -0.4875 -0.0327 0.8725
vn -0.4189 0.0008 -0.908
vn -0.2234 -0.0687 0.9723
vn -0.2227 -0.0907 0.9706
vn -0.3572 -0.0618 0.932
vn -0.7725 -0.009 0.6349
vn -0.1317 -0.0984 0.9864
vn -0.0922 -0.1027 0.9904
vn -0.4482 -0 -0.8939
vn -0.4459 -0.0004 -0.8951
vn -0.2048 -0.0854 0.9751
vn -0.024 -0.1078 0.9939
vn -0.0197 -0.1091 0.9938
vn -0.4995 0.0003 -0.8663
vn -0.6973 0.001 -0.7167
vn -0.3143 -0.0602 0.9474
vn -0.6028 -0.0015 -0.7979
vn -0.4761 0.0005 -0.8794
vn -0.1643 -0.0897 0.9823
vn -0.7744 -0.0095 0.6326
vn -0.3028 -0.0626 0.951
vn -0.942 0.0006 -0.3356
vn -0.9401 -0.0003 -0.3409
vn -0.9254 0.0001 -0.379
vn -0.5682 0.0008 -0.8229
vn -0.4419 -0.0466 0.8958
vn -0.2684 -0.0602 0.9614
vn -0.2777 -0.0767 0.9576
vn -0.7184 -0.0105 0.6955
vn -0.0371 -0.097 0.9946
vn -0.7414 -0.0093 0.671
vn -0.7491 -0.0108 0.6624
vn -0.6613 0.0007 -0.7501
vn -0.2741 -0.0581 0.96
vn -0.529 -0.0012 -0.8486
vn -0.3887 -0.05 0.92
vn -0.3893 -0.0502 0.9197
vn -0.6724 -0.001 -0.7402
vn -0.1406 -0.0763 0.9871
vn -0.94 -0 -0.3412
vn -0.0952 -0.0835 0.9919
vn -0.004 -0.0872 0.9962
vn -0.3356 -0.0472 0.9408
vn -0.3399 -0.046 0.9393
vn -0.7227 -0.0092 0.6911
vn -0.0829 -0.0811 0.9933
vn -0.6731 -0.0101 0.7395
vn -0.4762 -0.0251 0.879
vn -0.4716 -0.0366 0.8811
vn -0.9409 0.0011 -0.3386
vn -0.6656 -0.0117 0.7462
vn -0.932 -0.001 -0.3625
vn -0.1787 -0.0638 0.9818
vn -0.4372 -0.0343 0.8987
vn -0.3051 -0.0448 0.9513
vn -0.2984 -0.0465 0.9533
vn -0.6941 -0.0091 0.7199
vn -0.1592 -0.0598 0.9854
vn -0.1661 -0.0795 0.9829
vn -0.426 -0.0387 0.9039
vn -0.9463 -0.006 0.3232
vn -0.9276 -0.0119 0.3733
vn -0.3739 -0.0328 0.9269
vn -0.9716 -0.0015 -0.2367
vn -0.6373 -0.0112 0.7705
vn -0.6402 -0.0118 0.7681
vn -0.262 -0.046 0.964
vn -0.988 0.0026 -0.1545
vn -0.1086 -0.0698 0.9916
vn -0.1343 -0.0593 0.9892
vn -0.6115 -0.0101 0.7912
vn -0.3716 -0.0251 0.9281
vn -0.4096 -0.0269 0.9118
vn -0.9373 -0.008 0.3484
vn -0.9459 -0.0066 0.3244
vn -0.5167 -0.0187 0.856
vn -0.5239 -0.0212 0.8515
vn -0.3803 -0.0282 0.9245
vn -0.0608 -0.0701 0.9957
vn -0.9337 -0.0097 0.358
vn -0.3427 -0.0298 0.939
vn -0.994 -0.0024 -0.1091
vn -0.5828 -0.0108 0.8126
vn -0.5727 -0.0085 0.8197
vn -0.523 -0.006 0.8523
vn -0.9337 -0.0046 0.358
vn -0.94 -0.0085 0.341
vn -0.9997 -0.0006 -0.0256
vn -0.3033 -0.0288 0.9525
vn -0.3283 -0.0276 0.9442
vn -1 -0.001 0.0059
vn -0.9995 0.0009 0.0315
vn -0.9981 -0.002 0.0608
vn -0.5459 -0.0122 0.8378
vn -0.9989 0.002 0.0465
vn -0.2989 -0.0281 0.9539
vn -0.8478 -0.011 0.5302
vn -0.8544 -0.0134 0.5194
vn -0.5764 -0.0369 0.8163
vn -0.2681 -0.0296 0.9629
vn -0.72 -0.0164 0.6938
vn -0.2604 -0.0317 0.965
vn -0.6937 -0.0178 0.7201
vn -0.0896 -0.06 0.9942
vn -0.5231 -0.006 0.8523
vn -0.0141 -0.0576 0.9982
vn -0.4399 -0.0117 0.898
vn -0.6272 -0.003 -0.7789
vn -0.1913 -0.0418 0.9806
vn -0.4783 -0.0105 0.8781
vn -0.3995 -0.0111 0.9167
vn -0.1929 -0.0295 0.9808
vn -0.1303 -0.0431 0.9905
vn -0.1348 -0.0444 0.9899
vn -0.4342 -0.0103 0.9008
vn -0.6607 -0.0003 -0.7507
vn -0.1788 -0.0263 0.9835
vn -0.3792 -0.0092 0.9253
vn -0.3362 -0.0146 0.9417
vn -0.4004 -0.0109 0.9163
vn -0.6621 -0.0002 -0.7494
vn -0.602 0.0019 -0.7985
vn -0.1456 -0.0258 0.989
vn -0.1261 -0.0297 0.9916
vn -0.6624 0.0001 -0.7492
vn -0.0219 -0.0422 0.9989
vn -0.3107 -0.0127 0.9504
vn -0.3564 -0.0072 0.9343
vn -0.5362 0.0005 -0.8441
vn -0.5602 -0.0002 -0.8284
vn -0.2713 -0.0106 0.9624
vn -0.2616 -0.0127 0.9651
vn -0.9564 0.0018 -0.292
vn -0.3011 -0.0098 0.9535
vn -0.2274 -0.0112 0.9737
vn -0.9513 -0.0015 -0.3082
vn -0.2237 -0.0119 0.9746
vn -0.1922 -0.011 0.9813
vn -0.0603 -0.0314 0.9977
vn -0.1879 -0.0118 0.9821
vn -0.5911 -0.0013 -0.8066
vn -0.0228 -0.023 0.9995
vn -0.0741 -0.0222 0.997
vn -0.0156 -0.0192 0.9997
vn -0.9513 0.0001 -0.3083
vn -0.7444 -0.0014 -0.6678
vn -0.9498 -0.0002 -0.3128
vn -0.9513 -0.0018 -0.3083
vn -0.9499 -0.0004 -0.3127
vn -0.9632 -0.0048 0.2688
vn -0.9506 0.0006 -0.3105
vn -0.9373 -0.0109 0.3484
vn -0.9485 -0.0078 0.3165
vn -0.1511 -0.0029 -0.9885
vn -0.9547 -0.008 0.2973
vn -0.9499 0.0027 -0.3125
vn -0.9656 0.0026 -0.2601
vn -0.9777 0.0012 -0.21
vn -0.8603 0.0001 -0.5098
vn -0.9537 -0.0063 0.3007
vn -0.9451 -0.0014 -0.3268
vn -0.8235 0.0063 -0.5673
vn -0.852 -0.0011 -0.5235
vn -0.9523 -0.0075 0.3049
vn -0.9908 0.0026 -0.1351
vn -0.991 -0.0041 -0.134
vn -0.9527 -0.003 0.3039
vn -0.9518 -0.0042 0.3067
vn -0.9961 0.0009 -0.0884
vn -0.9982 0.0004 -0.0598
vn -0.9986 -0.0007 -0.053
vn -0.9582 -0.0022 0.2862
vn -0.8737 -0.0105 0.4863
vn -0.8741 -0.0102 0.4857
vn -0.6292 -0.0518 0.7755
vn -0.9582 -0.0021 0.2861
vn -0.5753 -0.0361 0.8171
vn -0.5344 -0.0446 0.8441
vn -0.5702 -0.065 0.8189
vn -0.9485 -0.0052 0.3166
vn -0.6917 -0.0186 0.722
vn -0.94 -0.0037 0.3413
vn -0.9372 -0.0049 0.3488
vn -0.7014 -0.0106 0.7127
vn -0.6177 -0.0479 0.7849
vn -0.609 -0.0379 0.7922
vn -0.62 -0.0425 0.7834
vn -0.6239 0.0007 -0.7815
vn -0.624 0.0009 -0.7814
vn -0.6269 -0.0001 -0.7791
vn -0.8281 -0.0083 0.5605
vn -0.627 0.0013 -0.779
vn -0.8408 -0.0061 0.5414
vn -0.607 -0.0007 -0.7947
vn -0.7997 -0.0086 0.6004
vn -0.6268 -0.0028 -0.7792
vn -0.6267 0.003 -0.7792
vn -0.6233 -0.0002 -0.782
vn -0.2165 -0.0735 0.9735
vn -0.1594 -0.076 0.9843
vn -0.2209 -0.0644 0.9732
vn -0.2125 -0.0618 0.9752
vn -0.0537 -0.0921 0.9943
vn -0.0476 -0.088 0.995
vn -0.227 -0.0199 0.9737
vn -0.4376 -0.0204 0.8989
vn -0.4247 -0.0273 0.9049
vn -0.9718 0.0009 -0.2357
vn -0.9652 -0.0013 -0.2615
vn -0.0574 -0.069 0.996
vn -0.9651 -0.0014 -0.2617
vn -0.2077 -0.0504 0.9769
vn -0.2659 -0.0362 0.9633
vn -0.2368 -0.0511 0.9702
vn -0.0569 -0.0693 0.996
vn -0.0063 -0.0755 0.9971
vn -0.2299 -0.0416 0.9723
vn -0.174 -0.0485 0.9836
vn -0.0367 -0.0614 0.9974
vn -0.0608 -0.0535 0.9967
vn -0.6304 -0.0001 -0.7762
vn -0.2315 -0.0283 0.9724
vn -0.6031 0.001 -0.7977
vn -0.2278 -0.0294 0.9733
vn -0.007 -0.0537 0.9985
vn -0.0396 -0.0454 0.9982
vn -0.0862 -0.0451 0.9953
vn -0.7104 -0.0026 -0.7038
vn -0.0839 -0.0444 0.9955
vn -0.6687 0.0011 -0.7436
vn -0.0831 -0.0266 0.9962
vn -0.0673 -0.0331 0.9972
vn -0.0111 -0.0364 0.9993
vn -0.6332 -0.0007 -0.774
vn -0.15 -0.0105 0.9886
vn -0.0673 -0.0061 0.9977
vn -0.1291 -0.0076 0.9916
vn -0.0153 -0.0079 0.9999
vn -0.9652 -0.0002 -0.2614
vn -0.9652 -0.0001 -0.2616
vn -0.0095 -0.0056 0.9999
vn -0.7089 -0.0006 -0.7053
vn -0.0139 0.0003 -0.9999
vn -0.0582 0.0008 -0.9983
vn -0.9652 0 -0.2614
vn -0.9653 0 -0.2613
vn -0.843 0.0002 -0.5379
vn -0.8133 0.002 -0.5819
vn -0.9034 -0.0001 -0.4289
vn -0.9653 0.0007 -0.2612
vn -0.7806 -0.0085 -0.625
vn -0.7931 0.0162 -0.6088
vn -0.9026 0.0006 -0.4305
vn -0.7814 0.0021 -0.624
vn -0.8061 -0.0024 -0.5917
vn -0.962 -0.0038 0.2729
vn -0.9146 -0.0007 -0.4044
vn -0.9213 0.0008 -0.3888
vn -0.9657 0.0001 -0.2597
vn -0.8245 -0 -0.5659
vn -0.8424 0.0001 -0.5389
vn -0.8427 -0 -0.5384
vn -0.9731 -0.0024 0.2304
vn -0.0087 0.0001 -1
vn -0.8194 -0.0015 -0.5733
vn -0.9621 -0.0043 0.2726
vn -0.9674 -0.0057 0.2531
vn -0.3759 -0.003 -0.9267
vn -0.8198 -0.0002 -0.5727
vn -0.9177 -0.0147 -0.397
vn -0.0157 -0.0001 -0.9999
vn -0.9727 0 -0.2322
vn -0.8428 -0.0001 -0.5382
vn -0.9836 -0.0017 -0.1803
vn -0.9819 0.0016 -0.1893
vn -0.9877 -0.001 -0.1563
vn -0.9671 -0.0024 0.2546
vn -0.8199 0 -0.5725
vn -0.9724 -0.0041 0.2333
vn -0.8427 -0.0001 -0.5383
vn -0.9619 -0.0049 0.2733
vn -0.0576 0 -0.9983
vn -0.0567 -0 -0.9984
vn -0.7993 0.0001 -0.6009
vn -0.8978 -0.0096 0.4404
vn -0.8989 -0.0087 0.438
vn -0.6469 -0.0294 0.762
vn -0.6112 -0.0271 0.791
vn -0.6433 -0.0204 0.7654
vn -0.3823 0.0004 -0.924
vn -0.382 0.0004 -0.9241
vn -0.1034 -0 -0.9946
vn -0.1051 0.0001 -0.9945
vn -0.7939 -0.0013 -0.6081
vn -0.823 -0.0022 -0.568
vn -0.843 0.0019 -0.538
vn -0.1398 0.0001 -0.9902
vn -0.1392 0 -0.9903
vn -0.8526 -0.0254 0.522
vn -0.8331 -0.0279 0.5525
vn -0.8561 -0.0225 0.5163
vn -0.5631 -0.0008 -0.8264
vn -0.87 -0.029 0.4923
vn -0.8142 -0.0318 0.5798
vn -0.1862 0.0002 -0.9825
vn -0.1794 -0.0001 -0.9838
vn -0.781 -0.0378 0.6233
vn -0.8351 -0.0266 0.5495
vn -0.8101 -0.0287 0.5855
vn -0.5624 0.0007 -0.8269
vn -0.2159 -0.0002 -0.9764
vn -0.8093 -0.0294 0.5867
vn -0.8335 -0.0205 0.5522
vn -0.8499 -0.0134 0.5268
vn -0.8533 -0.025 0.5208
vn -0.5689 -0.0017 -0.8224
vn -0.3946 -0.0012 -0.9189
vn -0.8283 -0.0238 0.5598
vn -0.2362 0.0003 -0.9717
vn -0.568 0.0001 -0.823
vn -0.8056 -0.0245 0.592
vn -0.5676 -0 -0.8233
vn -0.2457 -0 -0.9693
vn -0.8635 -0.0179 0.504
vn -0.9843 -0.0033 0.1764
vn -0.8051 -0.025 0.5927
vn -0.8427 -0.0213 0.538
vn -0.8241 -0.0184 0.5662
vn -0.8371 -0.0162 0.5468
vn -0.9837 0.0006 -0.1797
vn -0.9775 -0.0006 -0.2111
vn -0.9778 -0.0009 -0.2096
vn -0.2842 0.0003 -0.9588
vn -0.2733 -0.0001 -0.9619
vn -0.7092 -0.0005 -0.705
vn -0.7933 0.0007 -0.6089
vn -0.3048 -0.0003 -0.9524
vn -0.7445 0.0007 -0.6676
vn -0.7472 -0.0002 -0.6645
vn -0.7699 -0.0003 -0.6382
vn -0.3298 0.0004 -0.944
vn -0.9779 0.0001 -0.2092
vn -0.8376 -0.0141 0.546
vn -0.8032 -0.0236 0.5952
vn -0.8049 -0.0158 0.5932
vn -0.3468 -0.0002 -0.9379
vn -0.8475 -0.0178 0.5305
vn -0.9292 -0.0067 0.3695
vn -0.8237 -0.0204 0.5667
vn -0.3839 0.0008 -0.9234
vn -0.9807 -0.0049 0.1955
vn -0.7341 -0.0285 0.6784
vn -0.9777 -0.0002 -0.2099
vn -0.9718 -0.0054 0.2356
vn -0.9743 -0.0035 0.2251
vn -0.7 -0.0332 0.7134
vn -0.69 -0.0314 0.7232
vn -0.6705 -0.0353 0.7411
vn -0.6526 -0.0344 0.757
vn -0.9355 -0.0007 -0.3532
vn -0.9842 -0.0025 0.177
vn -0.9807 -0.0016 0.1957
vn -0.8513 0.001 -0.5247
vn -0.9777 0.0002 -0.21
vn -0.7169 -0.0248 0.6968
vn -0.9777 0.0001 -0.2101
vn -0.7027 -0.0223 0.7111
vn -0.9595 -0.0027 -0.2817
vn -0.8169 -0.0128 0.5766
vn -0.9783 -0.004 0.2071
vn -0.9453 -0.0017 -0.3262
vn -0.3814 0.0016 -0.9244
vn -0.9338 -0.0074 0.3578
vn -0.8376 -0.0121 0.5462
vn -0.9591 -0.0001 -0.283
vn -0.9601 0.0016 -0.2797
vn -0.8167 -0.0119 0.5769
vn -0.7174 -0.0174 0.6964
vn -0.8263 -0.0048 0.5632
vn -0.9823 -0.0029 0.1875
vn -0.9783 -0.0009 0.2073
vn -0.8032 -0.0096 0.5956
vn -0.1528 -0.0872 0.9844
vn -0.1144 -0.0956 0.9888
vn -0.9212 -0.0074 0.3891
vn -0.9208 -0.0071 0.3901
vn -0.583 -0.0295 0.812
vn -0.5791 -0.0273 0.8148
vn -0.1588 -0.0132 0.9872
vn -0.115 -0.0117 0.9933
vn -0.0602 -0.0083 0.9982
vn -0.0829 -0.0097 0.9965
vn -0.0577 0.0001 -0.9983
vn -0.491 0.0006 -0.8712
vn -0.4383 0.0051 -0.8988
vn -0.4298 -0.0027 -0.9029
vn -0.4914 0.0009 -0.8709
vn -0.7629 0.0005 -0.6465
vn -0.5033 -0.0004 -0.8641
vn -0.5396 -0.0001 -0.8419
vn -0.5343 0.0012 -0.8453
vn -0.7861 -0.0005 -0.6181
vn -0.5845 0.001 -0.8114
vn -0.5836 0.0012 -0.812
vn -0.4912 -0.0014 -0.8711
vn -0.1053 -0.0009 -0.9944
vn -0.4428 0.0003 -0.8966
vn -0.4423 -0.0001 -0.8969
vn -0.1792 0.0021 -0.9838
vn -0.4944 0.0001 -0.8692
vn -0.1394 -0.0002 -0.9902
vn -0.1005 0.0004 -0.9949
vn -0.5841 0.0009 -0.8117
vn -0.6032 -0.0009 -0.7976
vn -0.4944 0.0003 -0.8692
vn -0.4435 0.0002 -0.8963
vn -0.4431 -0.0001 -0.8965
vn -0.4936 0 -0.8697
vn -0.5352 -0.0002 -0.8447
vn -0.5807 -0.0004 -0.8141
vn -0.5799 -0.0002 -0.8147
vn -0.6042 0.0001 -0.7968
vn -0.5388 -0.001 -0.8424
vn -0.4936 -0.0001 -0.8697
vn -0.494 0.0001 -0.8695
vn -0.4436 -0.0001 -0.8962
vn -0.4437 -0 -0.8962
vn -0.5371 0.0014 -0.8435
vn -0.5394 0.0001 -0.8421
vn -0.881 -0 -0.4731
vn -0.5792 0.0016 -0.8152
vn -0.606 -0.0015 -0.7955
vn -0.193 -0.0018 -0.9812
vn -0.4938 -0.0004 -0.8696
vn -0.4382 -0.0034 -0.8989
vn -0.4435 0.0001 -0.8963
vn -0.4936 -0.0004 -0.8697
vn -0.4185 0.0132 -0.9081
vn -0.4458 0.0006 -0.8951
vn -0.5367 0.0001 -0.8438
vn -0.5363 0.0003 -0.844
vn -0.5949 0.0002 -0.8038
vn -0.9985 0.0075 -0.0534
vn -0.9989 -0.0398 -0.0248
vn -0.9984 0.0032 -0.0558
vn -0.9914 0.0026 -0.1308
vn -0.9942 -0.003 -0.1074
vn -0.9885 -0.0009 -0.1514
vn -0.9883 -0.0002 -0.1528
vn -0.9996 0.0262 -0.0052
vn -0.2478 -0.0015 -0.9688
vn -0.9942 0.0022 -0.1076
vn -0.9939 0.0004 -0.1104
vn -0.8657 -0.0001 -0.5005
vn -0.9981 -0.004 -0.0609
vn -0.7957 -0.0002 -0.6057
vn -0.8653 0.0001 -0.5013
vn -0.8809 -0.0001 -0.4733
vn -0.7712 0.0004 -0.6366
vn -0.9951 0.0017 0.0984
vn -0.9967 -0.0345 0.073
vn -0.9957 0.0054 0.0924
vn -0.9879 -0.0017 -0.1548
vn -0.9875 0.0001 -0.1575
vn -0.8156 -0.0001 -0.5786
vn -0.8318 -0.0006 -0.5551
vn -0.8668 0.001 -0.4987
vn -0.3997 -0.0033 -0.9166
vn -0.8525 -0.0003 -0.5227
vn -0.8816 -0.0003 -0.4719
vn -0.8174 -0.001 -0.5761
vn -0.9989 -0.0459 0.0038
vn -0.9997 0.0239 -0.007
vn -0.9994 0.0346 -0.0051
vn -0.9943 -0.0023 -0.1065
vn -0.9997 -0.0256 -0.0052
vn -0.9981 0.0034 -0.0609
vn -0.7955 0.0006 -0.606
vn -0.8339 0.0013 -0.5519
vn -0.9815 -0.003 0.1916
vn -0.9989 -0.0008 0.0459
vn -0.995 -0.0025 0.1
vn -0.9957 -0.0002 0.0929
vn -0.8813 -0.001 -0.4726
vn -0.8672 -0.0008 -0.498
vn -0.8199 0.0018 -0.5725
vn -0.9875 0 -0.1576
vn -0.9891 -0.0012 0.1475
vn -0.9886 -0.0019 0.1508
vn -0.9927 -0.0005 0.1204
vn -0.9944 -0 -0.1058
vn -0.8832 0.0001 -0.4689
vn -0.8834 0.0001 -0.4687
vn -0.8688 0.0012 -0.4952
vn -0.9873 -0.0004 -0.1588
vn -0.8947 -0.0166 0.4463
vn -0.8442 -0.0019 -0.5361
vn -0.8751 -0.0201 0.4836
vn -0.8715 -0.0231 0.4899
vn -0.9992 -0.0391 0.0056
vn -0.9995 0.0296 -0.008
vn -0.869 -0.0004 -0.4948
vn -0.868 -0.0001 -0.4966
vn -0.9997 -0.0242 -0.0051
vn -0.8775 -0.0188 0.4791
vn -0.8644 -0.014 0.5026
vn -0.9985 0 -0.0543
vn -0.9995 0.0323 -0.0056
vn -0.9944 0.0001 -0.1057
vn -0.9874 0.0005 -0.1585
vn -0.8852 0.0003 -0.4652
vn -0.8832 -0.0006 -0.4691
vn -0.7846 -0.034 0.6191
vn -0.9986 -0.003 0.0521
vn -0.9948 0.0002 0.102
vn -0.9951 0.0016 0.0992
vn -0.9017 0 -0.4324
vn -0.878 -0.0138 0.4784
vn -0.8625 -0.0193 0.5057
vn -0.9356 0.0013 -0.3531
vn -0.7845 -0.0344 0.6191
vn -0.9885 0.0022 0.1513
vn -0.9877 -0.0004 -0.1564
vn -0.9259 -0.0008 -0.3777
vn -0.9986 0.0028 0.0521
vn -0.9952 -0.0032 0.0981
vn -0.9994 0.0354 -0.0035
vn -0.9996 -0.0284 -0.0015
vn -0.9997 0.0203 -0.0109
vn -0.9945 -0.0006 -0.1048
vn -0.9997 -0.0234 -0.0066
vn -0.9996 0.0022 -0.0281
vn -0.9946 0.0002 -0.1038
vn -0.9949 -0.0016 -0.101
vn -0.9985 0.0001 -0.0539
vn -0.9839 -0.0017 0.1785
vn -0.9791 -0.001 0.2032
vn -0.9891 -0.0015 0.1474
vn -0.9999 0.0028 0.016
vn -0.9527 -0.0038 0.3038
vn -0.9766 0.0013 0.215
vn -0.9589 -0.0091 0.2836
vn -0.9782 0.0089 0.2077
vn -0.9828 -0.0351 0.181
vn -0.9991 -0.0002 0.0426
vn -0.9403 -0.0058 0.3403
vn -0.94 -0.0062 0.341
vn -0.86 -0.0104 0.5102
vn -0.9994 -0.0014 0.0354
vn -0.5466 -0.0299 0.8369
vn -0.5584 -0.0317 0.829
vn -0.5155 -0.0368 0.8561
vn -0.6009 -0.0615 0.7969
vn -0.9701 -0.0032 0.2426
vn -0.7781 -0.0305 0.6274
vn -0.6083 -0.0243 0.7934
vn -0.874 -0.0157 0.4857
vn -0.5844 -0.0202 0.8112
vn -0.5774 -0.0163 0.8163
vn -0.6165 -0.0187 0.7872
vn -0.5567 -0.0289 0.8302
vn -0.5886 -0.0674 0.8056
vn -0.4664 -0.0215 0.8843
vn -0.545 -0.0128 0.8383
vn -0.6615 -0.0466 0.7485
vn -0.6536 -0.044 0.7556
vn -0.476 -0.0096 0.8794
vn -0.7988 -0.0191 0.6013
vn -0.9582 -0.0009 0.2862
vn -0.9202 -0.004 0.3915
vn -0.949 -0.0056 0.3152
vn -0.7702 -0.0193 0.6375
vn -0.747 -0.0224 0.6644
vn -0.7793 -0.0213 0.6263
vn -0.9152 -0.0068 0.403
vn -0.8548 -0.0083 0.5189
vn -0.7964 -0.0127 0.6046
vn -0.7995 -0.0144 0.6005
vn -0.7746 -0.0145 0.6322
vn -0.8738 -0.0075 0.4861
vn -0.9292 -0.0048 0.3695
vn -0.9144 -0.0051 0.4048
vn -0.8566 -0.0088 0.5158
vn -0.7473 -0.0152 0.6643
vn -0.9079 -0.0097 0.4192
vn -0.1602 -0.0289 0.9867
vn -0.7533 -0.0017 -0.6577
vn -0.7553 0.0002 -0.6554
vn -0.3815 0.0011 -0.9244
vn -0.7997 0.0023 -0.6004
vn -0.2448 -0.0006 -0.9696
vn -0.2145 0.0012 -0.9767
vn -0.3038 0.0004 -0.9527
vn -0.8961 -0.0002 -0.4439
vn -0.274 0.0008 -0.9617
vn -0.7549 0.0004 -0.6559
vn -0.7992 -0.0001 -0.6011
vn -0.8192 0.0001 -0.5735
vn -0.799 -0.0001 -0.6013
vn -0.3 -0.001 -0.9539
vn -0.4668 -0.0016 -0.8843
vn -0.4972 0.0016 -0.8677
vn -0.4938 0.0003 -0.8696
vn -0.8947 0.0004 -0.4466
vn -0.9074 -0.0007 -0.4203
vn -0.9073 -0.0007 -0.4205
vn -0.7536 0 -0.6574
vn -0.8199 0.0001 -0.5726
vn -0.7719 0.0002 -0.6357
vn -0.9996 -0.0011 0.0266
vn -0.9068 0.0008 -0.4215
vn -0.9021 -0.0016 -0.4315
vn -0.8952 0.0008 -0.4456
vn -0.999 0.0006 0.0451
vn -0.7531 0.0002 -0.6579
vn -0.7716 0 -0.6361
vn -0.769 0.0008 -0.6393
vn -0.7992 0.0006 -0.601
vn -0.8198 -0.0006 -0.5727
vn -0.9982 -0.0007 0.0603
vn -0.9015 0.001 -0.4328
vn -0.903 -0.0001 -0.4296
vn -0.903 -0.0004 -0.4297
vn -0.9953 -0.0006 0.0966
vn -0.995 0.0002 0.1001
vn -0.8961 -0.0177 0.4435
vn -0.9938 -0.0005 0.1113
vn -0.8961 -0.0146 0.4436
vn -0.9905 -0.0031 0.1372
vn -0.9883 -0.0013 0.1526
vn -0.89 -0.0155 0.4557
vn -0.8948 -0.0126 0.4463
vn -0.7505 -0.0356 0.6599
vn -0.8989 -0.0131 0.4379
vn -0.8901 -0.009 0.4557
vn -0.9997 0.0001 -0.0264
vn -0.6341 -0.057 0.7711
vn -0.6239 -0.0616 0.779
vn -0.7518 -0.0336 0.6585
vn -0.7262 -0.035 0.6865
vn -0.6873 -0.04 0.7253
vn -0.6957 -0.0425 0.7171
vn -0.7727 -0.0261 0.6342
vn -0.977 -0.0031 0.213
vn -0.9692 -0.0015 0.2461
vn -0.7454 -0.0309 0.6659
vn -0.9972 -0.0327 0.0674
vn -0.7731 -0.0258 0.6337
vn -0.9838 -0.0014 0.1791
vn -0.7178 -0.0381 0.6952
vn -0.9897 -0.002 0.1431
vn -0.9642 -0.0053 0.2651
vn -0.7202 -0.0275 0.6933
vn -0.7456 -0.0277 0.6658
vn -0.7463 -0.028 0.665
vn -0.8984 -0.0065 0.4392
vn -0.9016 -0.0046 0.4325
vn -0.7452 -0.0326 0.6661
vn -0.7386 -0.0202 0.6739
vn -0.8735 -0.0077 0.4868
vn -0.8876 -0.0084 0.4605
vn -0.7971 -0.016 0.6036
vn -0.8538 -0.013 0.5205
vn -0.8488 -0.0034 0.5287
vn -0.873 -0.0096 0.4876
vn -0.7445 0.001 -0.6676
vn -0.7165 0 -0.6976
vn -0.7136 0.0008 -0.7006
vn -0.7324 -0.0009 -0.6808
vn -0.7305 -0.0002 -0.6829
vn -0.7787 0.0001 -0.6274
vn -0.347 -0.0004 -0.9379
vn -0.9172 0.0023 -0.3984
vn -0.3484 -0.0001 -0.9374
vn -0.7732 -0.0009 -0.6342
vn -0.3783 0.0004 -0.9257
vn -0.402 -0.0017 -0.9156
vn -0.7309 -0 -0.6825
vn -0.7307 0 -0.6827
vn -0.7077 0 -0.7065
vn -0.5364 0.0004 -0.8439
vn -0.93 -0.0031 -0.3675
vn -0.9179 0.001 -0.3969
vn -0.7147 -0.0006 -0.6994
vn -0.9261 0.0016 -0.3773
vn -0.7317 0.0011 -0.6817
vn -0.9177 -0.0011 -0.3973
vn -0.9185 0.0001 -0.3954
vn -0.9332 0.0005 -0.3593
vn -0.9182 0.0004 -0.3961
vn -0.9206 -0.0005 -0.3905
vn -0.931 -0.0097 0.365
vn -0.9169 -0.0147 0.3988
vn -0.9119 -0.0132 0.4101
vn -0.9954 0.0064 -0.0961
vn -0.9999 0.0012 -0.0105
vn -0.9284 -0.0091 0.3716
vn -0.915 -0.0108 0.4034
vn -0.9132 -0.0119 0.4073
vn -0.0205 -0.0005 -0.9998
vn -0.7409 -0.0397 0.6704
vn -0.7621 -0.0427 0.646
vn -0.0574 0.0004 -0.9984
vn -0.7043 -0.046 0.7084
vn -0.9134 -0.0068 0.4069
vn -0.9211 -0.0109 0.3891
vn -0.7196 -0.0467 0.6928
vn -0.6965 -0.0496 0.7158
vn -0.5358 -0.0705 0.8414
vn -0.5432 -0.0713 0.8366
vn -0.5083 -0.0757 0.8578
vn -0.4921 -0.0728 0.8675
vn -0.6603 -0.0515 0.7493
vn -0.6702 -0.0556 0.7401
vn -0.9983 -0.0003 -0.0589
vn -0.4653 -0.0771 0.8818
vn -0.4811 -0.0849 0.8725
vn -0.5771 -0.0543 0.8148
vn -0.995 0.0008 0.0995
vn -0.9941 -0.0007 0.1087
vn -0.5779 -0.0539 0.8143
vn -0.4403 -0.0828 0.894
vn -0.7869 -0.508 0.3502
vn -0.2152 -0.1964 0.9566
vn -0.1024 -0.4385 0.8929
vn -0.6633 -0.4633 0.5877
vn -0.2952 -0.705 0.6449
vn -0.7426 -0.1755 0.6463
vn -0.1416 -0.6815 0.718
vn -0.6768 -0.1325 0.7242
vn -0.1599 -0.1471 0.9761
vn -0.1462 -0.1619 0.9759
vn -0.394 -0.5152 0.7611
vn -0.4248 -0.5012 0.7539
vn -0.0451 -0.6731 0.7382
vn -0.103 -0.1362 0.9853
vn -0.1219 -0.1141 0.986
vn -0.4523 -0.3446 0.8226
vn -0.4664 -0.3294 0.8209
vn -0.6441 -0.6169 0.4523
vn -0.3235 -0.2724 0.9062
vn -0.1012 -0.697 0.7099
vn -0.1867 -0.1867 0.9645
vn -0.8077 -0.3831 0.4481
vn -0.7916 -0.2245 0.5683
vn -0.805 -0.2087 0.5553
vn -0.3107 -0.5035 0.8062
vn -0.96 -0.094 0.2637
vn -0.7412 -0.1976 0.6416
vn -0.9662 -0.1651 0.1979
vn -0.735 -0.2027 0.647
vn -0.1691 -0.4652 0.8689
vn -0.9381 -0.2132 0.273
vn -0.2623 -0.2185 0.9399
vn -0.2463 -0.2306 0.9414
vn -0.3812 -0.6994 0.6046
vn -0.6923 -0.1565 0.7044
vn -0.827 -0.2336 0.5113
vn -0.8331 -0.2265 0.5047
vn -0.5319 -0.6663 0.5227
vn -0.9277 -0.1687 0.3331
vn -0.0561 -0.435 0.8987
vn -0.2042 -0.7039 0.6803
vn -0.1924 -0.7115 0.6758
vn -0.897 -0.274 0.3468
vn -0.5238 -0.3561 0.7738
vn -0.961 -0.1596 0.226
vn -0.8858 -0.3015 0.3529
vn -0.6651 -0.6035 0.4398
vn -0.8186 -0.4764 0.3207
vn -0.8106 -0.2272 0.5397
vn -0.6179 -0.4817 0.6214
vn -0.6993 -0.4531 0.5529
vn -0.9775 -0.0874 0.192
vn -0.2885 -0.7039 0.6491
vn -0.8342 -0.3556 0.4216
vn -0.0669 -0.6865 0.724
vn -0.2065 -0.4884 0.8479
vn -0.3454 -0.5111 0.7871
vn -0.8838 -0.2251 0.4101
vn -0.8654 -0.2492 0.4348
vn -0.3576 -0.5019 0.7876
vn -0.9538 -0.2161 0.2086
vn -0.9218 -0.1883 0.3389
vn -0.9253 -0.1825 0.3325
vn -0.7112 -0.1743 0.681
vn -0.7482 -0.4224 0.5116
vn -0.7094 -0.1764 0.6824
vn -0.0388 -0.6901 0.7227
vn -0.1518 -0.6945 0.7033
vn -0.1111 -0.7105 0.6949
vn -0.5984 -0.6426 0.4785
vn -0.5923 -0.4919 0.6381
vn -0.8645 -0.419 0.2776
vn -0.9192 -0.316 0.235
vn -0.6341 -0.0674 0.7703
vn -0.6222 -0.0835 0.7784
vn -0.091 -0.4884 0.8679
vn -0.8083 -0.3821 0.4479
vn -0.3304 -0.7159 0.6151
vn -0.3304 -0.2688 0.9048
vn -0.8446 -0.2283 0.4843
vn -0.911 -0.2663 0.315
vn -0.1513 -0.4717 0.8687
vn -0.9058 -0.3438 0.2477
vn -0.8833 -0.2123 0.418
vn -0.735 -0.4401 0.5158
vn -0.5025 -0.3566 0.7876
vn -0.2485 -0.7224 0.6453
vn -0.39 -0.515 0.7633
vn -0.7832 -0.2155 0.5833
vn -0.7697 -0.2295 0.5957
vn -0.6315 -0.4822 0.6072
vn -0.2248 -0.2276 0.9474
vn -0.7088 -0.5779 0.4045
vn -0.6815 -0.1336 0.7196
vn -0.9484 -0.1922 0.252
vn -0.7796 -0.4044 0.4783
vn -0.7155 -0.2025 0.6686
vn -0.0613 -0.1381 0.9885
vn -0.9156 -0.1911 0.3539
vn -0.7498 -0.3378 0.569
vn -0.7697 -0.3191 0.5529
vn -0.8294 -0.3571 0.4296
vn -0.4801 -0.6908 0.5406
vn -0.483 -0.6884 0.5411
vn -0.5384 -0.5103 0.6706
vn -0.9036 -0.3498 0.2472
vn -0.9198 -0.2483 0.3038
vn -0.3635 -0.3212 0.8745
vn -0.8389 -0.4529 0.3019
vn -0.6945 -0.1575 0.702
vn -0.7131 -0.2041 0.6707
vn -0.1884 -0.1874 0.9641
vn -0.2839 -0.7362 0.6144
vn -0.6765 -0.3646 0.6398
vn -0.9796 -0.0451 0.1956
vn -0.8135 -0.23 0.5341
vn -0.134 -0.4659 0.8746
vn -0.6596 -0.4692 0.5872
vn -0.269 -0.5065 0.8192
vn -0.8515 -0.3483 0.3919
vn -0.8763 -0.3106 0.3682
vn -0.0454 -0.6941 0.7185
vn -0.9844 -0.0758 0.1588
vn -0.417 -0.3394 0.8431
vn -0.4117 -0.3434 0.8442
vn -0.4865 -0.3709 0.791
vn -0.6332 -0.1014 0.7673
vn -0.7234 -0.5824 0.3709
vn -0.6011 -0.084 0.7947
vn -0.2759 -0.2762 0.9206
vn -0.5844 -0.6618 0.4696
vn -0.1412 -0.7133 0.6865
vn -0.8645 -0.2244 0.4498
vn -0.9606 -0.1645 0.2241
vn -0.0428 -0.4457 0.8942
vn -0.8371 -0.2797 0.4701
vn -0.7762 -0.5266 0.3467
vn -0.9202 -0.3126 0.2354
vn -0.7267 -0.4414 0.5263
vn -0.1936 -0.2203 0.956
vn -0.1501 -0.1845 0.9713
vn -0.1005 -0.1576 0.9824
vn -0.0937 -0.1651 0.9818
vn -0.5241 -0.6937 0.494
vn -0.6943 -0.2001 0.6913
vn -0.6213 -0.6497 0.4381
vn -0.1001 -0.4772 0.8731
vn -0.6417 -0.1502 0.7521
vn -0.6614 -0.1323 0.7382
vn -0.4599 -0.5275 0.7143
vn -0.4873 -0.5091 0.7095
vn -0.8759 -0.3983 0.2723
vn -0.9871 -0.0541 0.1505
vn -0.9869 -0.0573 0.1509
vn -0.6749 -0.1834 0.7148
vn -0.6833 -0.609 0.4027
vn -0.1817 -0.4891 0.8531
vn -0.2889 -0.5239 0.8013
vn -0.7138 -0.3554 0.6035
vn -0.3957 -0.7164 0.5746
vn -0.8889 -0.2942 0.3512
vn -0.8133 -0.2965 0.5006
vn -0.8057 -0.3093 0.5051
vn -0.9559 -0.2068 0.2087
vn -0.7579 -0.2175 0.615
vn -0.7389 -0.2395 0.6299
vn -0.9099 -0.2028 0.362
vn -0.8532 -0.2369 0.4646
vn -0.196 -0.734 0.6502
vn -0.9715 -0.1308 0.1979
vn -0.2233 -0.7216 0.6553
vn -0.0407 -0.1336 0.9902
vn -0.0856 -0.7088 0.7002
vn -0.0225 -0.1451 0.9892
vn -0.2524 -0.5138 0.82
vn -0.6581 -0.1734 0.7327
vn -0.9614 -0.0965 0.2578
vn -0.1544 -0.7251 0.6711
vn -0.3192 -0.7128 0.6246
vn -0.639 -0.6359 0.4328
vn -0.5947 -0.3688 0.7144
vn -0.4479 -0.7011 0.5548
vn -0.4291 -0.714 0.5532
vn -0.8986 -0.2065 0.387
vn -0.5849 -0.5066 0.6334
vn -0.3384 -0.5373 0.7725
vn -0.7791 -0.2508 0.5745
vn -0.7927 -0.2368 0.5617
vn -0.5401 -0.6807 0.495
vn -0.85 -0.2693 0.4528
vn -0.9442 -0.1216 0.3062
vn -0.6005 -0.1614 0.7832
vn -0.6184 -0.1157 0.7773
vn -0.945 -0.2456 0.216
vn -0.6884 -0.6027 0.4036
vn -0.2879 -0.2689 0.9191
vn -0.782 -0.5314 0.3259
vn -0.6732 -0.4747 0.567
vn -0.8129 -0.494 0.3083
vn -0.8161 -0.4889 0.3081
vn -0.0321 -0.7123 0.7012
vn -0.5644 -0.0752 0.8221
vn -0.9322 -0.2837 0.2249
vn -0.9215 -0.189 0.3394
vn -0.9377 -0.1435 0.3166
vn -0.1296 -0.2022 0.9707
vn -0.4932 -0.7021 0.5136
vn -0.7028 -0.4664 0.5371
vn -0.6356 -0.6369 0.4364
vn -0.5783 -0.6668 0.47
vn -0.2149 -0.496 0.8413
vn -0.9563 -0.1843 0.2271
vn -0.6624 -0.1746 0.7285
vn -0.9425 -0.2151 0.2557
vn -0.6233 -0.143 0.7688
vn -0.1173 -0.714 0.6902
vn -0.2678 -0.7318 0.6267
vn -0.7375 -0.2187 0.639
vn -0.717 -0.2409 0.6541
vn -0.8 -0.248 0.5463
vn -0.0363 -0.714 0.6992
vn -0.2257 -0.5145 0.8272
vn -0.8457 -0.2341 0.4795
vn -0.9779 -0.1075 0.1794
vn -0.171 -0.228 0.9585
vn -0.6457 -0.3752 0.6651
vn -0.534 -0.5167 0.6693
vn -0.7322 -0.3518 0.5831
vn -0.7422 -0.3418 0.5764
vn -0.6351 -0.501 0.5879
vn -0.7499 -0.5545 0.3607
vn -0.9376 -0.2324 0.2587
vn -0.0935 -0.1902 0.9773
vn -0.7854 -0.5256 0.3269
vn -0.8983 -0.2039 0.3893
vn -0.8853 -0.2182 0.4107
vn -0.5792 -0.1005 0.809
vn -0.4692 -0.3621 0.8054
vn -0.6242 -0.3719 0.6871
vn -0.7606 -0.4335 0.4832
vn -0.7106 -0.6048 0.3596
vn -0.9099 -0.2811 0.3051
vn -0.06 -0.7307 0.6801
vn -0.9282 -0.2448 0.2802
vn -0.38 -0.7303 0.5678
vn -0.9521 -0.1222 0.2802
vn -0.4394 -0.7254 0.5298
vn -0.9267 -0.1719 0.3342
vn -0.5686 -0.3848 0.7271
vn -0.7999 -0.2929 0.5237
vn -0.68 -0.1946 0.7069
vn -0.6632 -0.2139 0.7172
vn -0.7993 -0.4081 0.441
vn -0.0547 -0.471 0.8804
vn -0.1443 -0.7432 0.6533
vn -0.4206 -0.5414 0.728
vn -0.4398 -0.5318 0.7237
vn -0.1736 -0.7338 0.6568
vn -0.1289 -0.499 0.8569
vn -0.1214 -0.5053 0.8544
vn -0.1573 -0.2232 0.962
vn -0.8836 -0.2259 0.4102
vn -0.4744 -0.5338 0.7
vn -0.8508 -0.4426 0.2834
vn -0.5827 -0.5055 0.6363
vn -0.7605 -0.2551 0.5972
vn -0.0936 -0.4767 0.8741
vn -0.5719 -0.1124 0.8126
vn -0.0879 -0.4793 0.8732
vn -0.1008 -0.7268 0.6795
vn -0.9006 -0.2991 0.3155
vn -0.6298 -0.386 0.6741
vn -0.0263 -0.179 0.9835
vn -0.1528 -0.5214 0.8395
vn -0.0472 -0.1646 0.9852
vn -0.3128 -0.747 0.5866
vn -0.3394 -0.7323 0.5904
vn -0.3637 -0.3458 0.865
vn -0.2111 -0.7504 0.6264
vn -0.5535 -0.6956 0.4581
vn -0.837 -0.2799 0.4702
vn -0.7196 -0.231 0.6549
vn -0.8551 -0.3455 0.3867
vn -0.1822 -0.5323 0.8267
vn -0.5902 -0.1381 0.7953
vn -0.6206 -0.5011 0.6031
vn -0.0902 -0.1932 0.977
vn -0.6339 -0.1818 0.7518
vn -0.3361 -0.3062 0.8906
vn -0.6241 -0.1902 0.7578
vn -0.4474 -0.7266 0.5215
vn -0.8194 -0.2526 0.5146
vn -0.8247 -0.2471 0.5087
vn -0.9206 -0.176 0.3486
vn -0.9105 -0.1918 0.3664
vn -0.0371 -0.4842 0.8742
vn -0.6011 -0.6735 0.4301
vn -0.9642 -0.1619 0.2099
vn -0.2071 -0.2478 0.9464
vn -0.4919 -0.7033 0.5132
vn -0.5345 -0.3887 0.7505
vn -0.9518 -0.1271 0.2791
vn -0.6882 -0.4714 0.5515
vn -0.6658 -0.4986 0.555
vn -0.6448 -0.6501 0.402
vn -0.9709 -0.1428 0.1924
vn -0.6804 -0.6205 0.39
vn -0.5294 -0.7039 0.4735
vn -0.4499 -0.3734 0.8113
vn -0.9643 -0.1676 0.205
vn -0.8575 -0.2378 0.4562
vn -0.1357 -0.7419 0.6566
vn -0.9745 -0.0966 0.2023
vn -0.9726 -0.1108 0.2043
vn -0.7249 -0.4632 0.5099
vn -0.7426 -0.5707 0.3506
vn -0.708 -0.364 0.6052
vn -0.2415 -0.2732 0.9311
vn -0.2454 -0.2708 0.9308
vn -0.9399 -0.2558 0.2263
vn -0.6383 -0.2122 0.74
vn -0.8476 -0.4508 0.2799
vn -0.956 -0.1993 0.2153
vn -0.9421 -0.1414 0.3041
vn -0.4093 -0.5435 0.7328
vn -0.387 -0.5538 0.7373
vn -0.3724 -0.3388 0.864
vn -0.2843 -0.289 0.9141
vn -0.8275 -0.3878 0.406
vn -0.5693 -0.3987 0.719
vn -0.1011 -0.7514 0.6521
vn -0.2164 -0.7527 0.6218
vn -0.5036 -0.3829 0.7745
vn -0.8717 -0.4117 0.2659
vn -0.3103 -0.5335 0.7868
vn -0.5565 -0.6933 0.4579
vn -0.9342 -0.1638 0.317
vn -0.7601 -0.4345 0.4831
vn -0.6687 -0.3758 0.6415
vn -0.6969 -0.2289 0.6796
vn -0.2801 -0.7485 0.601
vn -0.6843 -0.2414 0.6881
vn -0.9043 -0.3489 0.246
vn -0.8363 -0.2456 0.4903
vn -0.5961 -0.1605 0.7867
vn -0.3203 -0.3155 0.8932
vn -0.6312 -0.666 0.3975
vn -0.5417 -0.5394 0.6447
vn -0.3581 -0.5503 0.7543
vn -0.7433 -0.2445 0.6227
vn -0.5858 -0.1422 0.7979
vn -0.8928 -0.3075 0.3291
vn -0.8747 -0.3403 0.345
vn -0.8241 -0.4874 0.2888
vn -0.3896 -0.7485 0.5366
vn -0.4018 -0.7406 0.5386
vn -0.0562 -0.7291 0.6821
vn -0.8248 -0.389 0.4104
vn -0.0356 -0.7367 0.6753
vn -0.1337 -0.2162 0.9671
vn -0.1152 -0.2376 0.9645
vn -0.9268 -0.2512 0.2793
vn -0.6083 -0.6667 0.4308
vn -0.5988 -0.3942 0.6971
vn -0.5172 -0.0859 0.8515
vn -0.0284 -0.1976 0.9799
vn -0.0981 -0.2302 0.9682
vn -0.252 -0.7616 0.5971
vn -0.905 -0.1972 0.377
vn -0.4913 -0.7263 0.4807
vn -0.4237 -0.3737 0.8251
vn -0.7654 -0.2553 0.5907
vn -0.4997 -0.7192 0.4828
vn -0.8777 -0.4003 0.2634
vn -0.8627 -0.4259 0.2728
vn -0.9064 -0.2848 0.3119
vn -0.7353 -0.4621 0.4958
vn -0.1662 -0.7613 0.6267
vn -0.4934 -0.5502 0.6737
vn -0.7818 -0.3245 0.5324
vn -0.7701 -0.3408 0.5393
vn -0.5781 -0.5367 0.6146
vn -0.5937 -0.1637 0.7878
vn -0.0761 -0.7452 0.6625
vn -0.5473 -0.0989 0.831
vn -0.9399 -0.2576 0.2242
vn -0.9714 -0.1417 0.1906
vn -0.524 -0.395 0.7546
vn -0.261 -0.5515 0.7923
vn -0.8976 -0.362 0.2517
vn -0.8891 -0.3802 0.2549
vn -0.9542 -0.1947 0.2271
vn -0.5597 -0.1355 0.8175
vn -0.0755 -0.5006 0.8624
vn -0.5352 -0.5386 0.6507
vn -0.987 -0.0497 0.1527
vn -0.314 -0.552 0.7725
vn -0.7902 -0.426 0.4406
vn -0.9614 -0.172 0.2146
vn -0.7876 -0.5331 0.309
vn -0.2795 -0.3191 0.9055
vn -0.212 -0.7616 0.6124
vn -0.1538 -0.2484 0.9564
vn -0.1452 -0.2571 0.9554
vn -0.8841 -0.2177 0.4134
vn -0.7523 -0.5668 0.3358
vn -0.711 -0.6041 0.36
vn -0.6577 -0.6584 0.3658
vn -0.589 -0.1956 0.7841
vn -0.7567 -0.5599 0.3374
vn -0.9422 -0.2474 0.2258
vn -0.8926 -0.2337 0.3856
vn -0.0716 -0.2197 0.9729
vn -0.9771 -0.0295 0.2109
vn -0.977 -0.0457 0.2081
vn -0.41 -0.3807 0.8288
vn -0.3478 -0.5564 0.7546
vn -0.9718 -0.1147 0.2061
vn -0.2344 -0.7781 0.5828
vn -0.3567 -0.756 0.5489
vn -0.3296 -0.768 0.5491
vn -0.2877 -0.7751 0.5625
vn -0.6428 -0.2135 0.7357
vn -0.7727 -0.4469 0.4508
vn -0.8526 -0.4451 0.2737
vn -0.8304 -0.4762 0.2893
vn -0.168 -0.7619 0.6255
vn -0.146 -0.5186 0.8425
vn -0.719 -0.2608 0.6443
vn -0.9998 0.0002 0.0191
vn -0.9998 -0.0002 0.0212
vn -0.0374 -0.7545 0.6552
vn -0.6854 -0.6264 0.3712
vn -0.8017 -0.2596 0.5384
vn -0.7951 -0.2662 0.5449
vn -0.4694 -0.0928 0.8781
vn -0.821 -0.3109 0.4788
vn -0.999 0.0011 0.0443
vn -0.5294 -0.1091 0.8413
vn -0.8027 -0.5105 0.3085
vn -0.238 -0.5514 0.7996
vn -0.9633 -0.173 0.2053
vn -0.4392 -0.748 0.4976
vn -0.7078 -0.606 0.3631
vn -0.1829 -0.2843 0.9411
vn -0.1872 -0.2816 0.9411
vn -0.0411 -0.2186 0.9749
vn -0.0906 -0.7717 0.6296
vn -0.9991 0.0015 0.0427
vn -0.4573 -0.3997 0.7944
vn -0.1231 -0.5107 0.8509
vn -0.9102 -0.2027 0.3612
vn -0.5502 -0.4053 0.7301
vn -0.9976 0.0034 0.0697
vn -0.5915 -0.1931 0.7829
vn -0.9146 -0.3232 0.2431
vn -0.8705 -0.3445 0.3516
vn -0.3149 -0.3493 0.8825
vn -0.3164 -0.3483 0.8824
vn -0.117 -0.7751 0.6209
vn -0.997 0.0007 0.0772
vn -0.9758 -0.0618 0.2096
vn -0.2752 -0.5692 0.7748
vn -0.6156 -0.6782 0.4014
vn -0.6213 -0.6728 0.4017
vn -0.7213 -0.3693 0.586
vn -0.2914 -0.7734 0.563
vn -0.5803 -0.6953 0.424
vn -0.9836 -0.0798 0.1619
vn -0.6205 -0.2255 0.7511
vn -0.5471 -0.1741 0.8188
vn -0.2177 -0.3202 0.922
vn -0.9233 -0.2995 0.2404
vn -0.6491 -0.2491 0.7188
vn -0.2071 -0.7732 0.5994
vn -0.6649 -0.2346 0.7091
vn -0.9948 0.0026 0.1017
vn -0.8662 -0.2322 0.4425
vn -0.998 -0.0064 0.0625
vn -0.1906 -0.5404 0.8196
vn -0.9515 -0.2138 0.2212
vn -0.6954 -0.4887 0.5268
vn -0.6839 -0.5046 0.527
vn -0.2458 -0.7726 0.5853
vn -0.2413 -0.3403 0.9088
vn -0.5677 -0.5352 0.6255
vn -0.8515 -0.2791 0.4439
vn -0.9124 -0.3284 0.2445
vn -0.0594 -0.5046 0.8613
vn -0.7252 -0.2761 0.6307
vn -0.7322 -0.2684 0.626
vn -0.4856 -0.1207 0.8658
vn -0.5381 -0.7187 0.4404
vn -0.9183 -0.3151 0.2395
vn -0.038 -0.755 0.6546
vn -0.9998 0 0.0218
vn -0.6214 -0.5319 0.5753
vn -0.6363 -0.5113 0.5777
vn -0.0672 -0.7653 0.6402
vn -0.435 -0.5701 0.697
vn -0.7839 -0.2657 0.5611
vn -0.4586 -0.5582 0.6914
vn -0.5694 -0.7045 0.4237
vn -0.9301 -0.2806 0.237
vn -0.9743 -0.0681 0.2148
vn -0.0942 -0.5434 0.8342
vn -0.6946 -0.262 0.67
vn -0.9922 -0.0021 0.1245
vn -0.9766 -0.1222 0.1768
vn -0.8303 -0.4053 0.3826
vn -0.487 -0.3989 0.777
vn -0.9985 -0.0153 0.0533
vn -0.2206 -0.5568 0.8008
vn -0.9993 -0.0022 0.0372
vn -0.9928 0.0006 0.12
vn -0.5176 -0.15 0.8423
vn -0.4491 -0.7476 0.4893
vn -0.915 -0.2918 0.2786
vn -0.1464 -0.7836 0.6038
vn -0.6856 -0.3836 0.6187
vn -0.4961 -0.7372 0.4586
vn -0.5087 -0.7365 0.4458
vn -0.5396 -0.7176 0.4402
vn -0.8828 -0.2428 0.402
vn -0.9614 -0.1698 0.2164
vn -0.9956 -0.0258 0.0901
vn -0.4839 -0.5598 0.6727
vn -0.9605 -0.0998 0.2598
vn -0.9993 -0.0271 0.0263
vn -0.9979 -0.0081 0.0638
vn -0.9884 0.0002 0.1519
vn -0.0246 -0.769 0.6388
vn -0.9486 -0.2211 0.2263
vn -0.0891 -0.7723 0.6289
vn -0.9327 -0.2584 0.2515
vn -0.9598 -0.0976 0.2631
vn -0.9869 -0.0045 0.1614
vn -0.3902 -0.7721 0.5016
vn -0.0884 -0.527 0.8453
vn -0.457 -0.7507 0.4771
vn -0.8503 -0.3821 0.3619
vn -0.9207 -0.1738 0.3493
vn -0.1186 -0.2637 0.9573
vn -0.2697 -0.7884 0.5528
vn -0.9961 -0.0019 0.088
vn -0.0294 -0.2301 0.9727
vn -0.7691 -0.279 0.575
vn -0.3812 -0.3811 0.8423
vn -0.9692 -0.1133 0.2188
vn -0.9223 -0.1872 0.338
vn -0.9695 -0.1062 0.2208
vn -0.9666 -0.1251 0.2238
vn -0.9708 -0.0654 0.2307
vn -0.4452 -0.3986 0.8018
vn -0.4316 -0.7667 0.4753
vn -0.8377 -0.2508 0.4851
vn -0.7552 -0.3493 0.5547
vn -0.7418 -0.3633 0.5637
vn -0.3835 -0.7729 0.5055
vn -0.9751 -0.0636 0.2126
vn -0.0362 -0.7778 0.6275
vn -0.3291 -0.5789 0.7461
vn -0.9754 -0.0115 0.22
vn -0.3694 -0.3716 0.8517
vn -0.9952 -0.0073 0.0972
vn -0.1142 -0.7887 0.6041
vn -0.9815 -0.0944 0.1668
vn -0.3785 -0.5761 0.7244
vn -0.9968 -0.0509 0.0615
vn -0.3154 -0.7849 0.5333
vn -0.3462 -0.7872 0.5104
vn -0.9886 -0.0248 0.1484
vn -0.9922 -0.0011 0.1243
vn -0.892 -0.2351 0.386
vn -0.2068 -0.8016 0.5609
vn -0.2302 -0.7931 0.564
vn -0.6225 -0.2517 0.741
vn -0.6316 -0.2439 0.736
vn -0.9934 -0.0325 0.1103
vn -0.1677 -0.801 0.5747
vn -0.2061 -0.5539 0.8066
vn -0.2457 -0.8066 0.5376
vn -0.5934 -0.408 0.6938
vn -0.0623 -0.7892 0.611
vn -0.8067 -0.3173 0.4986
vn -0.2861 -0.8077 0.5155
vn -0.3335 -0.7885 0.5168
vn -0.9887 -0.0155 0.1488
vn -0.0395 -0.2409 0.9697
vn -0.4035 -0.5805 0.7073
vn -0.4134 -0.5741 0.7068
vn -0.6867 -0.2691 0.6753
vn -0.125 -0.7981 0.5894
vn -0.0944 -0.8059 0.5844
vn -0.03 -0.79 0.6124
vn -0.0483 -0.7842 0.6186
vn -0.9812 -0.0203 0.1919
vn -0.7692 -0.4596 0.4439
vn -0.7911 -0.4255 0.4393
vn -0.5964 -0.2237 0.7709
vn -0.142 -0.2801 0.9494
vn -0.1696 -0.8002 0.5752
vn -0.1291 -0.2937 0.9471
vn -0.8665 -0.2672 0.4216
vn -0.2141 -0.8124 0.5424
vn -0.7078 -0.5066 0.4923
vn -0.5237 -0.5644 0.6381
vn -0.7499 -0.2847 0.5971
vn -0.7307 -0.4723 0.4929
vn -0.2268 -0.8133 0.5358
vn -0.25 -0.8069 0.5352
vn -0.9931 -0.0317 0.1132
vn -0.134 -0.8199 0.5567
vn -0.1339 -0.5524 0.8228
vn -0.1369 -0.5502 0.8238
vn -0.0867 -0.8049 0.587
vn -0.0532 -0.8121 0.5811
vn -0.3471 -0.3997 0.8484
vn -0.1842 -0.8203 0.5415
vn -0.9962 -0.0432 0.0758
vn -0.9752 -0.0344 0.2185
vn -0.2773 -0.3525 0.8938
vn -0.2708 -0.3571 0.8939
vn -0.9811 -0.0078 0.1932
vn -0.1231 -0.8246 0.5522
vn -0.9171 -0.1781 0.3566
vn -0.0434 -0.8086 0.5868
vn -0.9856 -0.0589 0.1583
vn -0.1717 -0.8179 0.5492
vn -0.9894 -0.0315 0.1415
vn -0.0741 -0.8195 0.5682
vn -0.0972 -0.8284 0.5516
vn -0.8289 -0.2988 0.4729
vn -0.0524 -0.8247 0.5631
vn -0.9398 -0.2383 0.245
vn -0.9241 -0.1864 0.3336
vn -0.6824 -0.3885 0.6192
vn -0.0427 -0.828 0.5591
vn -0.0072 -0.8226 0.5686
vn -0.4941 -0.1237 0.8606
vn -0.0622 -0.5234 0.8498
vn -0.0303 -0.5345 0.8446
vn -0.9942 -0.0568 0.0912
vn -0.9743 -0.0032 0.2252
vn -0.8913 -0.333 0.3076
vn -0.9068 -0.3033 0.2927
vn -0.9669 -0.0344 0.253
vn -0.4222 -0.4093 0.8088
vn -0.5903 -0.2277 0.7744
vn -0.8313 -0.4035 0.3823
vn -0.1677 -0.5716 0.8032
vn -0.9224 -0.2726 0.2736
vn -0.7286 -0.2882 0.6213
vn -0.9825 -0.0391 0.182
vn -0.8145 -0.2669 0.5152
vn -0.5253 -0.1545 0.8368
vn -0.7153 -0.3847 0.5835
vn -0.7292 -0.37 0.5757
vn -0.9788 -0.0549 0.1973
vn -0.0866 -0.2552 0.963
vn -0.7534 -0.2843 0.5929
vn -0.6622 -0.5136 0.5457
vn -0.6224 -0.407 0.6685
vn -0.9651 -0.0247 0.2608
vn -0.2522 -0.5688 0.7828
vn -0.9809 -0.0971 0.1685
vn -0.3128 -0.3824 0.8694
vn -0.8117 -0.4193 0.4066
vn -0.9875 -0.075 0.1384
vn -0.9915 -0.0568 0.1168
vn -0.554 -0.1817 0.8124
vn -0.9927 -0.0761 0.0935
vn -0.6894 -0.2888 0.6643
vn -0.6957 -0.2797 0.6617
vn -0.6559 -0.2703 0.7048
vn -0.6519 -0.3999 0.6443
vn -0.59 -0.2597 0.7645
vn -0.9511 -0.0229 0.3081
vn -0.5057 -0.5756 0.6426
vn -0.9811 -0.0806 0.1756
vn -0.9698 -0.0595 0.2365
vn -0.9757 -0.0376 0.216
vn -0.284 -0.5795 0.7639
vn -0.5718 -0.2245 0.7891
vn -0.2797 -0.5833 0.7626
vn -0.5408 -0.1977 0.8176
vn -0.3137 -0.5906 0.7435
vn -0.3938 -0.4074 0.824
vn -0.9869 -0.0875 0.1357
vn -0.4535 -0.1049 0.8851
vn -0.9782 -0.0887 0.1876
vn -0.9856 -0.0572 0.1592
vn -0.956 -0.129 0.2634
vn -0.9457 -0.0305 0.3237
vn -0.9463 -0.2296 0.2275
vn -0.6307 -0.5454 0.5521
vn -0.9067 -0.2207 0.3595
vn -0.583 -0.5472 0.6006
vn -0.8338 -0.2556 0.4894
vn -0.5644 -0.567 0.6
vn -0.9604 -0.0639 0.2713
vn -0.9672 -0.0372 0.2511
vn -0.9378 -0.1658 0.305
vn -0.9793 -0.0626 0.1927
vn -0.9722 -0.0864 0.2175
vn -0.4965 -0.4204 0.7594
vn -0.985 -0.0932 0.145
vn -0.4961 -0.4209 0.7594
vn -0.3612 -0.5919 0.7206
vn -0.484 -0.1295 0.8654
vn -0.8469 -0.2944 0.4428
vn -0.8701 -0.2644 0.416
vn -0.205 -0.3162 0.9263
vn -0.0693 -0.265 0.9618
vn -0.7818 -0.3474 0.5178
vn -0.6462 -0.4046 0.647
vn -0.1997 -0.5899 0.7824
vn -0.5519 -0.4213 0.7197
vn -0.5369 -0.4322 0.7245
vn -0.9695 -0.0842 0.2303
vn -0.9643 -0.0864 0.2502
vn -0.9422 -0.0267 0.3339
vn -0.4269 -0.5987 0.6777
vn -0.5995 -0.2513 0.7599
vn -0.9858 -0.1019 0.1334
vn -0.6506 -0.2747 0.708
vn -0.9707 -0.0672 0.2309
vn -0.8902 -0.3342 0.3094
vn -0.9547 -0.0381 0.2951
vn -0.9464 -0.0674 0.3159
vn -0.7865 -0.4551 0.4175
vn -0.811 -0.3418 0.4748
vn -0.93 -0.0434 0.365
vn -0.744 -0.4843 0.4603
vn -0.7534 -0.4695 0.4605
vn -0.4688 -0.1733 0.8661
vn -0.4753 -0.168 0.8636
vn -0.2308 -0.3609 0.9036
vn -0.5199 -0.564 0.6416
vn -0.2473 -0.3497 0.9037
vn -0.9299 -0.1536 0.3341
vn -0.0128 -0.2761 0.9611
vn -0.928 -0.157 0.338
vn -0.0476 -0.263 0.9636
vn -0.1371 -0.3163 0.9387
vn -0.9823 -0.094 0.1622
vn -0.961 -0.0693 0.2679
vn -0.9525 -0.0908 0.2905
vn -0.0959 -0.5501 0.8296
vn -0.0877 -0.557 0.8259
vn -0.3103 -0.3807 0.8711
vn -0.9326 -0.0656 0.3549
vn -0.9414 -0.0413 0.3346
vn -0.9601 -0.1876 0.2074
vn -0.5751 -0.4239 0.6997
vn -0.1808 -0.5835 0.7918
vn -0.5666 -0.2566 0.783
vn -0.9783 -0.0891 0.187
vn -0.9275 -0.2837 0.2436
vn -0.4987 -0.1993 0.8436
vn -0.719 -0.3018 0.6261
vn -0.9817 -0.0956 0.1647
vn -0.1311 -0.5755 0.8072
vn -0.14 -0.5686 0.8106
vn -0.473 -0.5834 0.6602
vn -0.9619 -0.1143 0.2484
vn -0.4529 -0.5971 0.6621
vn -0.628 -0.5459 0.5547
vn -0.1776 -0.3321 0.9264
vn -0.9407 -0.0908 0.3269
vn -0.3742 -0.4202 0.8267
vn -0.8216 -0.2658 0.5043
vn -0.2233 -0.5974 0.7702
vn -0.775 -0.3499 0.5262
vn -0.9697 -0.1143 0.216
vn -0.9725 -0.09 0.2148
vn -0.3893 -0.1195 0.9133
vn -0.2898 -0.6081 0.7391
vn -0.9173 -0.0671 0.3924
vn -0.9261 -0.0391 0.3752
vn -0.9333 -0.1034 0.344
vn -0.9466 -0.0684 0.3151
vn -0.9764 -0.123 0.1774
vn -0.6834 -0.5164 0.5161
vn -0.9142 -0.0393 0.4034
vn -0.5563 -0.2636 0.7881
vn -0.4206 -0.1414 0.8962
vn -0.9618 -0.1198 0.2461
vn -0.8895 -0.2111 0.4053
vn -0.6573 -0.2914 0.695
vn -0.9853 -0.0484 0.1639
vn -0.6512 -0.2987 0.6976
vn -0.9648 -0.0933 0.2457
vn -0.7877 -0.4551 0.4153
vn -0.3237 -0.3952 0.8597
vn -0.0835 -0.2802 0.9563
vn -0.071 -0.295 0.9528
vn -0.2866 -0.4255 0.8584
vn -0.5431 -0.222 0.8098
vn -0.5274 -0.2439 0.8138
vn -0.8654 -0.0783 0.4949
vn -0.8763 -0.2262 0.4253
vn -0.8434 -0.4082 0.3494
vn -0.9015 -0.0622 0.4284
vn -0.6935 -0.3029 0.6536
vn -0.8945 -0.0476 0.4445
vn -0.1898 -0.3637 0.912
vn -0.9238 -0.0946 0.3709
vn -0.9328 -0.0669 0.354
vn -0.3967 -0.6002 0.6946
vn -0.6095 -0.4209 0.6719
vn -0.9788 -0.1133 0.1709
vn -0.971 -0.1352 0.1974
vn -0.6221 -0.2726 0.734
vn -0.6135 -0.2823 0.7375
vn -0.2668 -0.3954 0.8789
vn -0.9531 -0.125 0.2755
vn -0.9505 -0.1388 0.2781
vn -0.9457 -0.157 0.2846
vn -0.9843 -0.0619 0.1655
vn -0.7037 -0.5143 0.4902
vn -0.0479 -0.5634 0.8248
vn -0.6487 -0.5514 0.5246
vn -0.504 -0.2024 0.8396
vn -0.6944 -0.3943 0.602
vn -0.689 -0.4032 0.6022
vn -0.4047 -0.1081 0.908
vn -0.9703 -0.1291 0.2044
vn -0.7543 -0.3728 0.5404
vn -0.8638 -0.3842 0.326
vn -0.4128 -0.611 0.6755
vn -0.9584 -0.12 0.2591
vn -0.4045 -0.4276 0.8084
vn -0.9011 -0.1971 0.3862
vn -0.5337 -0.5778 0.6175
vn -0.5131 -0.5955 0.6181
vn -0.9594 -0.1342 0.248
vn -0.3358 -0.6011 0.7252
vn -0.9226 -0.0935 0.3742
vn -0.918 -0.0708 0.3902
vn -0.9058 -0.0946 0.4131
vn -0.887 -0.0421 0.4598
vn -0.9145 -0.2159 0.3421
vn -0.5951 -0.5641 0.5724
vn -0.5765 -0.5825 0.573
vn -0.9418 -0.1261 0.3117
vn -0.0955 -0.3096 0.9461
vn -0.0314 -0.3054 0.9517
vn -0.9529 -0.0999 0.2864
vn -0.9614 -0.1298 0.2427
vn -0.7484 -0.4958 0.4406
vn -0.9431 -0.0964 0.3184
vn -0.9225 -0.1963 0.3323
vn -0.8369 -0.3098 0.4512
vn -0.843 -0.2969 0.4485
vn -0.0514 -0.5654 0.8232
vn -0.9711 -0.1513 0.1846
vn -0.6901 -0.3061 0.6558
vn -0.3745 -0.6137 0.6951
vn -0.8383 -0.2581 0.4802
vn -0.9694 -0.1434 0.1991
vn -0.1017 -0.5771 0.8103
vn -0.0833 -0.5868 0.8055
vn -0.8881 -0.0977 0.4492
vn -0.1818 -0.3682 0.9118
vn -0.8998 -0.0789 0.4291
vn -0.9328 -0.1121 0.3425
vn -0.1485 -0.5915 0.7925
vn -0.1345 -0.6005 0.7882
vn -0.9283 -0.13 0.3483
vn -0.8675 -0.0588 0.4939
vn -0.44 -0.4346 0.7858
vn -0.2469 -0.6111 0.7521
vn -0.4434 -0.4313 0.7857
vn -0.8824 -0.07 0.4653
vn -0.342 -0.117 0.9324
vn -0.8194 -0.4315 0.3773
vn -0.1247 -0.3335 0.9345
vn -0.851 -0.2468 0.4635
vn -0.9771 -0.0704 0.2008
vn -0.9502 -0.1381 0.2794
vn -0.3451 -0.4127 0.843
vn -0.9621 -0.1444 0.2312
vn -0.783 -0.4678 0.41
vn -0.2748 -0.6207 0.7343
vn -0.7181 -0.5129 0.4705
vn -0.9368 -0.1589 0.3118
vn -0.9522 -0.1231 0.2795
vn -0.796 -0.2827 0.5352
vn -0.7933 -0.2852 0.5379
vn -0.8354 -0.4252 0.3482
vn -0.8608 -0.3868 0.3308
vn -0.9359 -0.1795 0.303
vn -0.9016 -0.1125 0.4177
vn -0.5992 -0.4341 0.6727
vn -0.5025 -0.4418 0.7431
vn -0.4945 -0.4489 0.7443
vn -0.9804 -0.0576 0.1883
vn -0.4382 -0.1643 0.8837
vn -0.1253 -0.3339 0.9342
vn -0.8824 -0.0701 0.4652
vn -0.1968 -0.6134 0.7648
vn -0.4249 -0.1765 0.8879
vn -0.9195 -0.1101 0.3773
vn -0.9082 -0.1313 0.3974
vn -0.7335 -0.3912 0.5559
vn -0.7726 -0.363 0.5208
vn -0.2336 -0.6177 0.7509
vn -0.5312 -0.2509 0.8092
vn -0.4493 -0.2195 0.866
vn -0.4674 -0.2048 0.86
vn -0.8977 -0.2362 0.3719
vn -0.9417 -0.1297 0.3103
vn -0.9265 -0.1601 0.3405
vn -0.8844 -0.2625 0.386
vn -0.945 -0.1544 0.2883
vn -0.4876 -0.6021 0.6323
vn -0.4665 -0.6192 0.6317
vn -0.9093 -0.3187 0.2676
vn -0.2405 -0.3922 0.8879
vn -0.1484 -0.3639 0.9195
vn -0.7307 -0.3071 0.6098
vn -0.6426 -0.553 0.5303
vn -0.621 -0.5742 0.5336
vn -0.9296 -0.1446 0.339
vn -0.7529 -0.4952 0.4334
vn -0.6714 -0.3086 0.6738
vn -0.0623 -0.3314 0.9414
vn -0.8575 -0.0439 0.5126
vn -0.0374 -0.5839 0.811
vn -0.8136 -0.2774 0.511
vn -0.8466 -0.0964 0.5235
vn -0.8709 -0.0624 0.4874
vn -0.4829 -0.2394 0.8423
vn -0.3253 -0.4264 0.844
vn -0.6311 -0.4294 0.646
vn -0.6107 -0.3094 0.7289
vn -0.6146 -0.3052 0.7275
vn -0.5987 -0.2846 0.7487
vn -0.679 -0.4075 0.6107
vn -0.3947 -0.6084 0.6885
vn -0.6728 -0.5468 0.4984
vn -0.9418 -0.2389 0.2367
vn -0.8637 -0.1074 0.4925
vn -0.3123 -0.6338 0.7077
vn -0.3425 -0.6175 0.7081
vn -0.9152 -0.1495 0.3742
vn -0.7 -0.4121 0.5832
vn -0.9495 -0.1603 0.2697
vn -0.9662 -0.1208 0.2277
vn -0.9695 -0.1027 0.2227
vn -0.9514 -0.1604 0.2628
vn -0.9275 -0.2837 0.2435
vn -0.8886 -0.1402 0.4367
vn -0.8141 -0.3334 0.4755
vn -0.9689 -0.1592 0.1895
vn -0.966 -0.1729 0.192
vn -0.3861 -0.1687 0.9069
vn -0.1863 -0.6192 0.7628
vn -0.9773 -0.0898 0.192
vn -0.957 -0.2074 0.2029
vn -0.9308 -0.151 0.333
vn -0.5911 -0.5906 0.5494
vn -0.8505 -0.3121 0.4234
vn -0.9042 -0.1577 0.397
vn -0.0844 -0.5994 0.796
vn -0.8186 -0.4333 0.3771
vn -0.8308 -0.09 0.5493
vn -0.6753 -0.5465 0.4954
vn -0.8196 -0.0722 0.5684
vn -0.834 -0.0398 0.5503
vn -0.0904 -0.3458 0.934
vn -0.8951 -0.2459 0.3719
vn -0.8089 -0.3414 0.4788
vn -0.1335 -0.6104 0.7808
vn -0.5629 -0.287 0.7751
vn -0.9102 -0.1505 0.3859
vn -0.5853 -0.4477 0.676
vn -0.7756 -0.2958 0.5576
vn -0.553 -0.5903 0.588
vn -0.7748 -0.2965 0.5583
vn -0.5265 -0.6114 0.5908
vn -0.6516 -0.4281 0.6262
vn -0.0507 -0.3182 0.9467
vn -0.2241 -0.3988 0.8892
vn -0.8875 -0.1075 0.448
vn -0.8697 -0.139 0.4736
vn -0.8077 -0.064 0.5861
vn -0.7961 -0.4742 0.376
vn -0.4154 -0.6346 0.6517
vn -0.9401 -0.2588 0.222
vn -0.3923 -0.4509 0.8017
vn -0.9399 -0.1759 0.2927
vn -0.358 -0.1285 0.9248
vn -0.5419 -0.2638 0.798
vn -0.31 -0.4239 0.851
vn -0.4439 -0.4626 0.7674
vn -0.7013 -0.3169 0.6386
vn -0.6473 -0.3241 0.6899
vn -0.8865 -0.1572 0.4352
vn -0.715 -0.3965 0.5759
vn -0.9552 -0.1621 0.2476
vn -0.8663 -0.2392 0.4386
vn -0.7098 -0.5292 0.4649
vn -0.9847 -0.0428 0.1692
vn -0.9785 -0.1177 0.1691
vn -0.0543 -0.5961 0.8011
vn -0.3941 -0.1646 0.9042
vn -0.5511 -0.4564 0.6986
vn -0.564 -0.446 0.6949
vn -0.8829 -0.2641 0.3883
vn -0.8688 -0.2889 0.4022
vn -0.5959 -0.5913 0.5433
vn -0.8712 -0.1221 0.4755
vn -0.5649 -0.2853 0.7743
vn -0.9759 -0.0904 0.1984
vn -0.8192 -0.0717 0.569
vn -0.8858 -0.3659 0.2854
vn -0.9447 -0.1247 0.3032
vn -0.9258 -0.2899 0.2427
vn -0.5808 -0.3074 0.7538
vn -0.6742 -0.4149 0.611
vn -0.9315 -0.1714 0.3208
vn -0.323 -0.1116 0.9398
vn -0.8252 -0.4456 0.3472
vn -0.3503 -0.4381 0.8279
vn -0.3423 -0.4443 0.8279
vn -0.9613 -0.1905 0.1992
vn -0.5108 -0.2857 0.8108
vn -0.116 -0.3749 0.9198
vn -0.1219 -0.37 0.921
vn -0.8527 -0.1235 0.5076
vn -0.776 -0.3588 0.5188
vn -0.9552 -0.1621 0.2475
vn -0.2902 -0.6355 0.7155
vn -0.2882 -0.6369 0.715
vn -0.9493 -0.2247 0.2199
vn -0.9053 -0.3289 0.2687
vn -0.4279 -0.2063 0.88
vn -0.4079 -0.2224 0.8855
vn -0.1994 -0.395 0.8968
vn -0.7875 -0.3597 0.5006
vn -0.6342 -0.5807 0.5104
vn -0.6365 -0.3246 0.6996
vn -0.8328 -0.0907 0.5461
vn -0.9279 -0.2057 0.3111
vn -0.9374 -0.136 0.3205
vn -0.8065 -0.0628 0.5879
vn -0.8746 -0.1675 0.455
vn -0.8895 -0.1455 0.4331
vn -0.8594 -0.4077 0.3085
vn -0.2881 -0.4321 0.8546
vn -0.8141 -0.3334 0.4754
vn -0.35 -0.168 0.9216
vn -0.3308 -0.1778 0.9268
vn -0.0428 -0.3521 0.935
vn -0.0688 -0.3359 0.9394
vn -0.9374 -0.1623 0.3081
vn -0.4817 -0.6352 0.6037
vn -0.5105 -0.6156 0.6003
vn -0.491 -0.2512 0.8342
vn -0.4743 -0.2682 0.8385
vn -0.3861 -0.4476 0.8066
vn -0.8403 -0.4205 0.3421
vn -0.4463 -0.4606 0.7672
vn -0.9564 -0.1397 0.2566
vn -0.9401 -0.1786 0.2904
vn -0.3602 -0.6383 0.6803
vn -0.9028 -0.2535 0.3473
vn -0.1581 -0.6344 0.7567
vn -0.6938 -0.3229 0.6438
vn -0.4214 -0.629 0.6533
vn -0.6256 -0.436 0.647
vn -0.7446 -0.3131 0.5895
vn -0.8499 -0.1131 0.5147
vn -0.1029 -0.619 0.7786
vn -0.7495 -0.3079 0.5861
vn -0.8285 -0.1399 0.5423
vn -0.8944 -0.3461 0.2833
vn -0.8939 -0.1636 0.4173
vn -0.2625 -0.1085 0.9588
vn -0.866 -0.3942 0.3078
vn -0.6812 -0.5669 0.4632
vn -0.7729 -0.0792 0.6295
vn -0.7995 -0.4687 0.3757
vn -0.8562 -0.1721 0.4871
vn -0.8722 -0.1446 0.4673
vn -0.9465 -0.1685 0.2753
vn -0.2487 -0.4286 0.8686
vn -0.3078 -0.146 0.9402
vn -0.7299 -0.5353 0.425
vn -0.7807 -0.0708 0.6209
vn -0.1849 -0.4025 0.8965
vn -0.8109 -0.097 0.5771
vn -0.7982 -0.1121 0.5919
vn -0.9264 -0.1597 0.3409
vn -0.9124 -0.1851 0.3651
vn -0.7684 -0.3859 0.5105
vn -0.5222 -0.2994 0.7986
vn -0.7864 -0.0919 0.6109
vn -0.0583 -0.3756 0.9249
vn -0.2447 -0.4314 0.8684
vn -0.2056 -0.6359 0.7439
vn -0.3998 -0.4652 0.7898
vn -0.3348 -0.656 0.6764
vn -0.7482 -0.5216 0.4102
vn -0.7725 -0.491 0.4027
vn -0.6282 -0.5799 0.5188
vn -0.7526 -0.0648 0.6553
vn -0.5642 -0.3194 0.7613
vn -0.8284 -0.2735 0.4889
vn -0.8485 -0.2533 0.4646
vn -0.8075 -0.1404 0.573
vn -0.2405 -0.6495 0.7213
vn -0.8251 -0.1185 0.5524
vn -0.0766 -0.3669 0.9271
vn -0.7392 -0.4045 0.5385
vn -0.5423 -0.6278 0.5584
vn -0.584 -0.5968 0.5503
vn -0.9116 -0.2374 0.3356
vn -0.9308 -0.2022 0.3047
vn -0.9161 -0.173 0.3616
vn -0.9807 -0.084 0.1767
vn -0.9816 -0.0744 0.176
vn -0.2861 -0.6645 0.6903
vn -0.9318 -0.178 0.3163
vn -0.3698 -0.2225 0.9021
vn -0.3902 -0.2076 0.897
vn -0.8679 -0.1854 0.4609
vn -0.7218 -0.5388 0.4344
vn -0.5196 -0.2973 0.801
vn -0.9542 -0.2162 0.2067
vn -0.927 -0.187 0.3252
vn -0.2889 -0.4526 0.8436
vn -0.2847 -0.141 0.9482
vn -0.791 -0.1087 0.6021
vn -0.6602 -0.3342 0.6726
vn -0.8518 -0.1376 0.5055
vn -0.8337 -0.1706 0.5253
vn -0.874 -0.2833 0.3948
vn -0.8489 -0.3195 0.421
vn -0.6145 -0.3211 0.7206
vn -0.9541 -0.1609 0.2527
vn -0.5946 -0.6096 0.5243
vn -0.3762 -0.6695 0.6405
vn -0.6908 -0.4313 0.5803
vn -0.898 -0.2581 0.3563
vn -0.8785 -0.2897 0.38
vn -0.8922 -0.1915 0.4091
vn -0.9065 -0.1738 0.3848
vn -0.1089 -0.6306 0.7684
vn -0.0839 -0.6438 0.7606
vn -0.1859 -0.6628 0.7254
vn -0.2357 -0.6487 0.7236
vn -0.4611 -0.638 0.6167
vn -0.4499 -0.2543 0.8561
vn -0.4309 -0.2687 0.8615
vn -0.6798 -0.5689 0.4628
vn -0.7405 -0.077 0.6676
vn -0.8139 -0.3398 0.4713
vn -0.7808 -0.0912 0.6181
vn -0.982 -0.0544 0.1807
vn -0.9129 -0.1923 0.3599
vn -0.334 -0.4675 0.8185
vn -0.1481 -0.6488 0.7464
vn -0.0455 -0.6216 0.782
vn -0.0479 -0.623 0.7808
vn -0.987 -0.049 0.1532
vn -0.9144 -0.1794 0.3629
vn -0.8586 -0.1734 0.4824
vn -0.7599 -0.0779 0.6454
vn -0.5805 -0.3402 0.7398
vn -0.7916 -0.1387 0.5951
vn -0.9819 -0.0778 0.1725
vn -0.719 -0.3293 0.612
vn -0.891 -0.3675 0.2667
vn -0.3749 -0.483 0.7913
vn -0.5142 -0.467 0.7194
vn -0.4997 -0.4786 0.722
vn -0.1459 -0.6475 0.748
vn -0.9914 -0.0247 0.1282
vn -0.6452 -0.4494 0.6179
vn -0.8315 -0.1594 0.5322
vn -0.292 -0.6597 0.6925
vn -0.6016 -0.3378 0.7239
vn -0.7777 -0.1101 0.619
vn -0.2779 -0.1451 0.9496
vn -0.5455 -0.3167 0.776
vn -0.1484 -0.401 0.904
vn -0.1446 -0.4035 0.9035
vn -0.1955 -0.4329 0.88
vn -0.2024 -0.4284 0.8806
vn -0.888 -0.1821 0.4222
vn -0.871 -0.2056 0.4461
vn -0.227 -0.1049 0.9682
vn -0.9684 -0.1035 0.2269
vn -0.1199 -0.3926 0.9118
vn -0.8309 -0.4498 0.3276
vn -0.8656 -0.4014 0.2992
vn -0.4272 -0.6574 0.6208
vn -0.9034 -0.1934 0.3828
vn -0.0611 -0.3795 0.9232
vn -0.7433 -0.1122 0.6595
vn -0.9124 -0.1871 0.3641
vn -0.8977 -0.2117 0.3865
vn -0.5197 -0.6345 0.5722
vn -0.5016 -0.6488 0.5723
vn -0.9756 -0.1187 0.1848
vn -0.8942 -0.2077 0.3966
vn -0.6207 -0.611 0.4914
vn -0.6508 -0.5806 0.4892
vn -0.7261 -0.0584 0.6851
vn -0.317 -0.1743 0.9323
vn -0.8147 -0.4682 0.3421
vn -0.9879 -0.0412 0.1494
vn -0.9395 -0.1769 0.2933
vn -0.6001 -0.4526 0.6596
vn -0.8756 -0.3929 0.2811
vn -0.749 -0.1262 0.6505
vn -0.9136 -0.3245 0.2449
vn -0.8256 -0.3494 0.443
vn -0.7403 -0.1105 0.6631
vn -0.8235 -0.2791 0.4938
vn -0.3448 -0.6634 0.6641
vn -0.5368 -0.2882 0.793
vn -0.5682 -0.6159 0.5457
vn -0.3307 -0.2239 0.9168
vn -0.3506 -0.21 0.9127
vn -0.983 -0.0686 0.1701
vn -0.9864 -0.0502 0.1565
vn -0.7912 -0.1385 0.5957
vn -0.187 -0.6632 0.7247
vn -0.9451 -0.2477 0.2134
vn -0.5138 -0.331 0.7915
vn -0.8498 -0.319 0.4195
vn -0.4277 -0.6574 0.6205
vn -0.7671 -0.5217 0.3734
vn -0.2649 -0.4572 0.849
vn -0.824 -0.1969 0.5312
vn -0.835 -0.1802 0.52
vn -0.7973 -0.1699 0.5791
vn -0.8097 -0.1523 0.5667
vn -0.9 -0.3484 0.262
vn -0.23 -0.1415 0.9629
vn -0.9723 -0.1178 0.2019
vn -0.7566 -0.3246 0.5676
vn -0.7701 -0.3856 0.5082
vn -0.1523 -0.4316 0.8891
vn -0.0961 -0.4119 0.9061
vn -0.0409 -0.6445 0.7635
vn -0.7091 -0.3317 0.6222
vn -0.7013 -0.3388 0.6272
vn -0.9067 -0.2426 0.345
vn -0.9242 -0.1617 0.346
vn -0.098 -0.6639 0.7414
vn -0.5616 -0.4813 0.673
vn -0.7054 -0.0789 0.7044
vn -0.0913 -0.4024 0.9109
vn -0.8552 -0.2084 0.4746
vn -0.9581 -0.1398 0.25
vn -0.8696 -0.1866 0.4572
vn -0.873 -0.2329 0.4285
vn -0.8732 -0.2064 0.4416
vn -0.9271 -0.1868 0.325
vn -0.8885 -0.207 0.4096
vn -0.3104 -0.4664 0.8283
vn -0.6722 -0.3393 0.658
vn -0.6214 -0.4577 0.6359
vn -0.771 -0.1415 0.6209
vn -0.7528 -0.1585 0.6388
vn -0.7244 -0.0878 0.6837
vn -0.715 -0.0997 0.6919
vn -0.9775 -0.0986 0.1865
vn -0.6929 -0.428 0.5802
vn -0.6413 -0.3333 0.6911
vn -0.1394 -0.6748 0.7248
vn -0.1388 -0.6752 0.7245
vn -0.7912 -0.3804 0.4789
vn -0.3718 -0.6751 0.6372
vn -0.781 -0.502 0.3715
vn -0.4099 -0.2671 0.8721
vn -0.3483 -0.4794 0.8055
vn -0.9397 -0.1886 0.2852
vn -0.9819 -0.052 0.1822
vn -0.1394 -0.4399 0.8872
vn -0.6407 -0.6038 0.4742
vn -0.4606 -0.3049 0.8336
vn -0.8026 -0.1908 0.5651
vn -0.4692 -0.2976 0.8314
vn -0.347 -0.4805 0.8055
vn -0.9771 -0.0895 0.1929
vn -0.844 -0.4385 0.3088
vn -0.8562 -0.4187 0.3025
vn -0.7694 -0.1756 0.6141
vn -0.4635 -0.6688 0.5813
vn -0.8834 -0.2122 0.4178
vn -0.4113 -0.4925 0.767
vn -0.5303 -0.6521 0.5417
vn -0.3016 -0.6791 0.6692
vn -0.2937 -0.6853 0.6664
vn -0.8278 -0.2739 0.4896
vn -0.8439 -0.2041 0.4961
vn -0.8388 -0.2098 0.5024
vn -0.2545 -0.6675 0.6998
vn -0.2252 -0.6839 0.694
vn -0.6905 -0.5684 0.4473
vn -0.6435 -0.4517 0.618
vn -0.7328 -0.5523 0.3975
vn -0.1808 -0.1088 0.9775
vn -0.1613 -0.1319 0.9781
vn -0.281 -0.1797 0.9427
vn -0.2635 -0.1966 0.9444
vn -0.1985 -0.154 0.9679
vn -0.2101 -0.1446 0.9669
vn -0.9598 -0.1602 0.2304
vn -0.3807 -0.6759 0.6311
vn -0.942 -0.1392 0.3053
vn -0.7552 -0.1328 0.6419
vn -0.7356 -0.1586 0.6586
vn -0.0457 -0.6488 0.7596
vn -0.5406 -0.3395 0.7697
vn -0.8031 -0.2925 0.5192
vn -0.7969 -0.3001 0.5242
vn -0.7364 -0.4178 0.5321
vn -0.6939 -0.0911 0.7143
vn -0.5806 -0.4847 0.6542
vn -0.5753 -0.6392 0.5103
vn -0.5932 -0.6215 0.5116
vn -0.8268 -0.346 0.4435
vn -0.8678 -0.4091 0.2821
vn -0.4903 -0.6515 0.579
vn -0.4527 -0.4953 0.7415
vn -0.4649 -0.4872 0.7393
vn -0.3747 -0.2633 0.889
vn -0.0412 -0.4085 0.9118
vn -0.5005 -0.326 0.802
vn -0.0543 -0.4015 0.9143
vn -0.9442 -0.2493 0.2153
vn -0.7976 -0.3701 0.4764
vn -0.3037 -0.2162 0.9279
vn -0.9102 -0.1995 0.3629
vn -0.2898 -0.2258 0.9301
vn -0.6812 -0.0615 0.7295
vn -0.9489 -0.1872 0.2541
vn -0.4151 -0.6811 0.6031
vn -0.7989 -0.1808 0.5736
vn -0.7824 -0.2089 0.5867
vn -0.2302 -0.4559 0.8597
vn -0.9813 -0.0798 0.1754
vn -0.7668 -0.397 0.5043
vn -0.0948 -0.6604 0.7449
vn -0.8067 -0.4842 0.3388
vn -0.3383 -0.6904 0.6395
vn -0.9896 -0.0374 0.1386
vn -0.7322 -0.3308 0.5954
vn -0.9118 -0.1979 0.3598
vn -0.9289 -0.2919 0.2278
vn -0.2403 -0.1708 0.9555
vn -0.5942 -0.3686 0.7148
vn -0.6047 -0.3531 0.714
vn -0.7319 -0.1485 0.6651
vn -0.5624 -0.3544 0.7471
vn -0.9461 -0.1198 0.301
vn -0.0383 -0.6678 0.7434
vn -0.2475 -0.4811 0.841
vn -0.2562 -0.4761 0.8412
vn -0.6555 -0.6128 0.4415
vn -0.4389 -0.6841 0.5825
vn -0.9103 -0.1897 0.3679
vn -0.7018 -0.1288 0.7007
vn -0.714 -0.1156 0.6906
vn -0.9691 -0.1534 0.1933
vn -0.9709 -0.1425 0.1924
vn -0.6683 -0.0756 0.74
vn -0.8576 -0.328 0.3962
vn -0.8714 -0.2938 0.393
vn -0.921 -0.2438 0.304
vn -0.6713 -0.1065 0.7335
vn -0.5561 -0.3641 0.7471
vn -0.8928 -0.3655 0.2634
vn -0.1784 -0.695 0.6965
vn -0.1994 -0.6836 0.7021
vn -0.5303 -0.4881 0.6932
vn -0.9138 -0.3242 0.2449
vn -0.7624 -0.5244 0.3792
vn -0.7197 -0.5711 0.3947
vn -0.2566 -0.6895 0.6773
vn -0.2351 -0.7014 0.6729
vn -0.3694 -0.2661 0.8903
vn -0.2904 -0.4879 0.8232
vn -0.8265 -0.2026 0.5252
vn -0.3441 -0.6913 0.6354
vn -0.7046 -0.4438 0.5537
vn -0.6867 -0.5925 0.4212
vn -0.7149 -0.5651 0.4117
vn -0.4717 -0.6753 0.567
vn -0.0888 -0.6719 0.7353
vn -0.4178 -0.3115 0.8535
vn -0.43 -0.3004 0.8514
vn -0.856 -0.2128 0.4712
vn -0.1976 -0.4691 0.8608
vn -0.0996 -0.4367 0.8941
vn -0.5206 -0.6659 0.5344
vn -0.8901 -0.2208 0.3986
vn -0.7356 -0.4178 0.5333
vn -0.5799 -0.6613 0.4758
vn -0.968 -0.1254 0.2173
vn -0.376 -0.3075 0.8741
vn -0.707 -0.1468 0.6918
vn -0.7803 -0.403 0.4783
vn -0.6621 -0.3567 0.6591
vn -0.6586 -0.0991 0.7459
vn -0.7038 -0.3528 0.6165
vn -0.9618 -0.1867 0.2005
vn -0.9761 -0.1098 0.1878
vn -0.6124 -0.3718 0.6977
vn -0.6299 -0.3581 0.6892
vn -0.9801 -0.0572 0.1903
vn -0.8853 -0.3838 0.2626
vn -0.9253 -0.1575 0.3449
vn -0.9301 -0.2173 0.296
vn -0.7752 -0.1815 0.605
vn -0.7563 -0.2046 0.6214
vn -0.3815 -0.6991 0.6047
vn -0.9313 -0.2843 0.2275
vn -0.7552 -0.163 0.6349
vn -0.7764 -0.3163 0.5451
vn -0.7452 -0.556 0.368
vn -0.5106 -0.5057 0.6954
vn -0.8525 -0.3307 0.4048
vn -0.8609 -0.3258 0.3907
vn -0.7997 -0.296 0.5223
vn -0.8718 -0.2998 0.3874
vn -0.8665 -0.2835 0.4109
vn -0.8073 -0.1315 0.5753
vn -0.8775 -0.1241 0.4633
vn -0.9546 -0.0195 0.2973
vn -0.8787 -0.2598 0.4004
vn -0.7752 -0.243 0.583
vn -0.8623 -0.01 0.5063
vn -0.397 -0.7444 0.5369
vn -0.4083 -0.6877 0.6003
vn -0.4458 -0.718 0.5345
vn -0.8778 -0.2393 0.4149
vn -0.7875 -0.2292 0.5722
vn -0.4556 -0.6976 0.553
vn -0.8764 -0.242 0.4164
vn -0.8987 -0.2339 0.371
vn -0.4773 -0.696 0.5364
vn -0.7782 -0.2107 0.5917
vn -0.4814 -0.6751 0.5591
vn -0.8375 -0.2059 0.5062
vn -0.5118 -0.6757 0.5305
vn -0.5152 -0.6652 0.5405
vn -0.5398 -0.6526 0.5318
vn -0.5541 -0.6595 0.508
vn -0.5107 -0.6029 0.6129
vn -0.9274 -0.197 0.318
vn -0.9147 -0.1981 0.3523
vn -0.8382 -0.1897 0.5114
vn -0.8754 -0.1732 0.4512
vn -0.8761 -0.1843 0.4455
vn -0.9445 -0.1659 0.2837
vn -0.7488 -0.155 0.6445
vn -0.941 -0.1615 0.2974
vn -0.8012 -0.143 0.5811
vn -0.5828 -0.6334 0.5091
vn -0.9033 -0.1586 0.3986
vn -0.5813 -0.6191 0.5279
vn -0.6094 -0.6088 0.5079
vn -0.9525 -0.1329 0.274
vn -0.9041 -0.1125 0.4123
vn -0.0042 -0.8131 0.582
vn -0.8762 -0.1261 0.4652
vn -0.6122 -0.5945 0.5214
vn -0.6241 -0.5871 0.5156
vn -0.6252 -0.5686 0.5346
vn -0.9105 -0.0888 0.4038
vn -0.8201 -0.095 0.5642
vn -0.6443 -0.5562 0.5248
vn -0.705 -0.6017 0.3756
vn -0.9139 -0.0946 0.3949
vn -0.1252 -0.7483 0.6515
vn -0.6446 -0.5517 0.5293
vn -0.8644 -0.0775 0.4968
vn -0.6086 -0.5087 0.609
vn -0.1655 -0.7875 0.5937
vn -0.192 -0.7486 0.6347
vn -0.932 -0.0673 0.356
vn -0.6932 -0.5364 0.4814
vn -0.684 -0.5491 0.4802
vn -0.2539 -0.7966 0.5487
vn -0.9199 -0.0441 0.3898
vn -0.7587 -0.5625 0.3286
vn -0.8425 -0.0545 0.5359
vn -0.6795 -0.5249 0.5126
vn -0.2737 -0.7935 0.5435
vn -0.8746 -0.0376 0.4833
vn -0.953 -0.0239 0.3021
vn -0.6453 -0.4967 0.5804
vn -0.2794 -0.7448 0.606
vn -0.7096 -0.51 0.4862
vn -0.7548 -0.545 0.365
vn -0.7193 -0.5104 0.4713
vn -0.7441 -0.4439 0.4993
vn -0.3123 -0.7488 0.5847
vn -0.7673 -0.4093 0.4937
vn -0.3199 -0.7165 0.6199
vn -0.8064 -0.3721 0.4596
vn -0.3355 -0.7196 0.608
vn -0.6273 -0.4532 0.6333
vn -0.3841 -0.7763 0.4999
vn -0.3646 -0.695 0.6197
vn -0.8208 -0.2734 0.5015
vn -0.3825 -0.709 0.5925
vn -0.7299 -0.4895 0.4771
vn -0.4016 -0.6406 0.6545
vn -0.7185 -0.4662 0.5162
vn -0.7925 -0.5049 0.342
vn -0.7947 -0.4727 0.3809
vn -0.8077 -0.4681 0.3584
vn -0.5317 -0.5792 0.6179
vn -0.7431 -0.4343 0.5091
vn -0.6965 -0.3955 0.5988
vn -0.8203 -0.4407 0.3645
vn -0.8034 -0.4178 0.4242
vn -0.7822 -0.5077 0.3611
vn -0.7108 -0.3742 0.5956
vn -0.7442 -0.3867 0.5446
vn -0.7272 -0.4486 0.5195
vn -0.8185 -0.4017 0.4108
vn -0.8557 -0.4088 0.3173
vn -0.8682 -0.396 0.2991
vn -0.7678 -0.363 0.5279
vn -0.7966 -0.3644 0.4823
vn -0.8642 -0.3808 0.329
vn -0.8759 -0.3635 0.3172
vn -0.7926 -0.3318 0.5115
vn -0.8634 -0.2798 0.4197
vn -0.8153 -0.323 0.4806
vn -0.5405 -0.1527 0.8274
vn -0.5902 0.3461 0.7293
vn -0.4253 0.2868 0.8584
vn -0.2306 -0.258 0.9382
vn -0.0717 0.3891 0.9184
vn -0.1305 0.3172 0.9393
vn -0.6127 0.0479 0.7889
vn -0.4506 -0.4495 0.7713
vn -0.5044 -0.4942 0.7081
vn -0.2871 0.1453 0.9468
vn -0.1743 -0.2073 0.9626
vn -0.4835 -0.1197 0.8671
vn -0.3233 -0.3454 0.881
vn -0.5632 -0.1888 0.8044
vn -0.2383 0.4961 0.8349
vn -0.335 -0.3678 0.8675
vn -0.6153 -0.2406 0.7507
vn -0.675 0.2275 0.7019
vn -0.6069 -0.2325 0.76
vn -0.4477 0.2413 0.861
vn -0.1538 0.2732 0.9496
vn -0.2943 0.6958 0.6551
vn -0.3789 0.6116 0.6946
vn -0.5696 0.0986 0.8159
vn -0.5771 0.0874 0.812
vn -0.5728 0.3592 0.7368
vn -0.4834 -0.4949 0.7221
vn -0.6808 -0.0493 0.7308
vn -0.0809 -0.0988 0.9918
vn -0.0935 -0.1237 0.9879
vn -0.1749 -0.207 0.9626
vn -0.6863 0.2046 0.6979
vn -0.7423 0.1292 0.6575
vn -0.186 0.5492 0.8148
vn -0.1904 0.5457 0.8161
vn -0.6886 -0.3135 0.6539
vn -0.0162 0.4198 0.9075
vn -0.3336 0.38 0.8627
vn -0.1875 0.2366 0.9533
vn -0.0341 -0.064 0.9974
vn -0.2721 0.146 0.9511
vn -0.5308 0.4149 0.739
vn -0.5248 0.1431 0.8391
vn -0.6514 0.2408 0.7195
vn -0.6468 -0.0085 0.7626
vn -0.3966 -0.4439 0.8035
vn -0.7568 0.0917 0.6472
vn -0.2842 0.6943 0.6612
vn -0.6528 -0.2738 0.7063
vn -0.5377 -0.5283 0.6571
vn -0.7058 -0.085 0.7033
vn -0.6608 -0.2723 0.6995
vn -0.056 0.6769 0.7339
vn -0.0619 0.3727 0.9259
vn -0.4894 0.4626 0.7393
vn -0.482 0.4771 0.7349
vn -0.1282 -0.1776 0.9757
vn -0.2959 -0.3486 0.8893
vn -0.4263 -0.4784 0.7677
vn -0.4257 -0.0641 0.9026
vn -0.4894 -0.1121 0.8648
vn -0.4841 0.1912 0.8539
vn -0.6735 -0.0494 0.7375
vn -0.1647 0.2466 0.955
vn -0.5163 -0.5389 0.6656
vn -0.0416 -0.099 0.9942
vn -0.1177 -0.182 0.9762
vn -0.2241 0.481 0.8476
vn -0.2995 0.4073 0.8628
vn -0.513 -0.1713 0.8411
vn -0.2562 0.7178 0.6474
vn -0.3299 0.6454 0.6889
vn -0.4658 -0.5083 0.7244
vn -0.6396 -0.2871 0.7131
vn -0.6874 -0.3174 0.6533
vn -0.0086 0.3817 0.9242
vn -0.2078 -0.2804 0.9371
vn -0.6403 -0.0128 0.7681
vn -0.1883 0.2031 0.9609
vn -0.5988 0.2965 0.744
vn -0.0071 0.7605 0.6493
vn -0.3519 -0.4235 0.8347
vn -0.4233 -0.4899 0.7621
vn -0.6973 -0.0798 0.7123
vn -0.3274 0.046 0.9438
vn -0.7003 0.1542 0.697
vn -0.0777 -0.1548 0.9849
vn -0.3998 -0.051 0.9152
vn -0.0818 -0.165 0.9829
vn -0.1944 0.5261 0.8279
vn -0.1578 -0.236 0.9589
vn -0.2262 -0.3243 0.9185
vn -0.3093 -0.4022 0.8617
vn -0.4291 0.5235 0.7361
vn -0.3978 0.2724 0.8761
vn -0.4543 -0.5088 0.7312
vn -0.0699 0.345 0.936
vn -0.5164 -0.5388 0.6656
vn -0.0329 -0.1099 0.9934
vn -0.5354 0.1014 0.8385
vn -0.1917 -0.2798 0.9407
vn -0.2202 0.1722 0.9601
vn -0.5996 0.018 0.8001
vn -0.2884 0.0805 0.9541
vn -0.5983 0.0303 0.8007
vn -0.3516 0.005 0.9361
vn -0.4896 -0.1469 0.8595
vn -0.0673 0.6402 0.7652
vn -0.4665 -0.5407 0.7
vn -0.1319 0.5892 0.7972
vn -0.4477 0.4879 0.7493
vn -0.1376 -0.2446 0.9598
vn -0.6155 -0.2796 0.7368
vn -0.5156 0.4084 0.7532
vn -0.2906 0.405 0.8669
vn -0.2219 -0.3227 0.9201
vn -0.2779 -0.3908 0.8775
vn -0.271 -0.377 0.8857
vn -0.3647 -0.4522 0.8139
vn -0.3581 0.3287 0.8739
vn -0.6943 0.1583 0.7021
vn -0.6849 0.1722 0.708
vn -0.495 0.1498 0.8559
vn -0.4919 -0.5513 0.6739
vn -0.4456 -0.1235 0.8867
vn -0.3153 -0.4212 0.8504
vn -0.5755 -0.2465 0.7798
vn -0.0406 -0.1437 0.9888
vn -0.1082 -0.2193 0.9696
vn -0.0161 0.3734 0.9275
vn -0.5987 0.2965 0.744
vn -0.253 0.1064 0.9616
vn -0.4475 0.1868 0.8745
vn -0.3335 0.0186 0.9426
vn -0.714 0.1252 0.6889
vn -0.4024 -0.505 0.7636
vn -0.7471 0.0681 0.6613
vn -0.2723 0.6763 0.6845
vn -0.3514 0.5975 0.7208
vn -0.5702 0.048 0.8201
vn -0.1319 -0.2612 0.9562
vn -0.4843 0.4353 0.7589
vn -0.3539 -0.4676 0.81
vn -0.5501 0.3483 0.759
vn -0.0598 0.325 0.9438
vn -0.7449 -0.1548 0.649
vn -0.7357 -0.1338 0.664
vn -0.017 0.6718 0.7405
vn -0.107 0.5956 0.7961
vn -0.2003 0.1459 0.9688
vn -0.1686 -0.2956 0.9403
vn -0.2898 0.0578 0.9553
vn -0.244 -0.3728 0.8953
vn -0.2506 0.4355 0.8646
vn -0.3045 -0.4368 0.8464
vn -0.3258 0.3498 0.8783
vn -0.4258 -0.1027 0.899
vn -0.3081 0.6361 0.7074
vn -0.3752 0.5606 0.7383
vn -0.0101 -0.1692 0.9855
vn -0.5496 -0.2315 0.8027
vn -0.5287 0.0908 0.8439
vn -0.1862 -0.3384 0.9224
vn -0.5114 0.3801 0.7707
vn -0.3249 -0.4728 0.8191
vn -0.0882 0.2913 0.9526
vn -0.6368 0.2305 0.7357
vn -0.0567 -0.2066 0.9768
vn -0.0619 0.6328 0.7718
vn -0.1425 0.5532 0.8208
vn -0.3824 -0.0544 0.9224
vn -0.3601 -0.5 0.7876
vn -0.5022 -0.2017 0.8409
vn -0.3575 0.2988 0.8848
vn -0.4001 0.5261 0.7504
vn -0.473 0.4314 0.7683
vn -0.4309 0.2224 0.8746
vn -0.4899 0.1448 0.8597
vn -0.158 -0.3264 0.9319
vn -0.0078 0.33 0.944
vn -0.5577 0.0425 0.8289
vn -0.772 0.04 0.6344
vn -0.2137 0.7211 0.659
vn -0.1924 0.733 0.6525
vn -0.086 0.5937 0.8001
vn -0.2169 0.7175 0.662
vn -0.2891 0.6483 0.7044
vn -0.5352 -0.2375 0.8106
vn -0.3584 0.5707 0.7389
vn -0.2448 0.4357 0.8661
vn -0.3033 0.3434 0.8889
vn -0.4729 -0.5867 0.6574
vn -0.0729 -0.228 0.9709
vn -0.1335 0.2206 0.9662
vn -0.6067 0.2476 0.7554
vn -0.283 0.0506 0.9578
vn -0.3489 -0.0351 0.9365
vn -0.6282 -0.0345 0.7773
vn -0.4144 -0.5596 0.7177
vn -0.4224 -0.5666 0.7075
vn -0.3119 0.6169 0.7226
vn -0.0052 0.644 0.765
vn -0.3865 0.5365 0.7501
vn -0.6711 -0.3408 0.6584
vn -0.1893 0.4826 0.8551
vn -0.088 0.2631 0.9607
vn -0.1787 0.4936 0.8511
vn -0.0045 -0.2117 0.9773
vn -0.0144 -0.2003 0.9796
vn -0.153 0.1809 0.9715
vn -0.098 -0.2876 0.9527
vn -0.2282 0.0968 0.9688
vn -0.3947 0.2382 0.8874
vn -0.405 0.2254 0.8861
vn -0.2539 -0.4389 0.8619
vn -0.2646 -0.4508 0.8525
vn -0.3907 -0.5551 0.7343
vn -0.4404 -0.1767 0.8802
vn -0.5352 0.0559 0.8429
vn -0.7409 0.0652 0.6685
vn -0.5149 -0.2286 0.8262
vn -0.0683 -0.2451 0.9671
vn -0.138 -0.334 0.9324
vn -0.6452 -0.0751 0.7603
vn -0.2048 -0.4003 0.8932
vn -0.6303 -0.3318 0.7019
vn -0.0227 0.3178 0.9479
vn -0.7088 -0.1268 0.6939
vn -0.711 -0.1305 0.6909
vn -0.072 0.6025 0.7949
vn -0.1312 0.5446 0.8284
vn -0.0938 -0.287 0.9533
vn -0.3374 -0.0425 0.9404
vn -0.2935 -0.503 0.8129
vn -0.2803 0.3861 0.8788
vn -0.6554 0.1696 0.736
vn -0.3834 -0.5583 0.7357
vn -0.4692 -0.204 0.8592
vn -0.709 0.0938 0.6989
vn -0.4526 -0.6006 0.6591
vn -0.4528 -0.5998 0.6598
vn -0.1177 -0.3243 0.9386
vn -0.5907 -0.3008 0.7488
vn -0.1861 -0.3954 0.8995
vn -0.662 -0.3463 0.6647
vn -0.2631 -0.4586 0.8488
vn -0.3399 -0.5208 0.7831
vn -0.1423 0.1854 0.9723
vn -0.424 0.4682 0.7753
vn -0.4244 0.4661 0.7763
vn -0.2189 0.1002 0.9706
vn -0.283 -0.0038 0.9591
vn -0.4918 0.3729 0.7868
vn -0.2206 -0.4347 0.8731
vn -0.5607 0.2968 0.773
vn -0.2893 -0.5033 0.8142
vn -0.5475 0.3176 0.7742
vn -0.351 -0.5507 0.7573
vn -0.2254 0.4196 0.8793
vn -0.3035 0.3438 0.8886
vn -0.4232 -0.5855 0.6914
vn -0.4501 0.1483 0.8806
vn -0.4408 0.1714 0.8811
vn -0.2383 0.6763 0.697
vn -0.3211 -0.5244 0.7886
vn -0.0813 0.2496 0.9649
vn -0.0884 0.2355 0.9678
vn -0.3005 0.6047 0.7376
vn -0.1683 0.15 0.9743
vn -0.2393 0.0512 0.9696
vn -0.443 -0.6169 0.6505
vn -0.0122 -0.2641 0.9644
vn -0.6375 -0.0729 0.767
vn -0.4476 -0.1616 0.8795
vn -0.0127 0.634 0.7732
vn -0.634 0.1971 0.7478
vn -0.5711 -0.2969 0.7653
vn -0.0575 -0.305 0.9506
vn -0.1273 -0.376 0.9178
vn -0.3382 0.2874 0.8961
vn -0.5972 -0.0355 0.8013
vn -0.3336 0.5652 0.7545
vn -0.1672 -0.4012 0.9006
vn -0.4002 0.4902 0.7743
vn -0.5869 -0.0203 0.8094
vn -0.465 0.3954 0.7921
vn -0.4604 0.4067 0.789
vn -0.5245 -0.2819 0.8034
vn -0.033 -0.2687 0.9627
vn -0.5931 0.2374 0.7693
vn -0.2608 -0.5187 0.8142
vn -0.3951 -0.6151 0.6823
vn -0.2871 -0.0189 0.9577
vn -0.2818 -0.0058 0.9594
vn -0.2128 0.6973 0.6845
vn -0.0535 -0.3156 0.9474
vn -0.1337 -0.3908 0.9107
vn -0.356 -0.1048 0.9286
vn -0.1921 -0.472 0.8604
vn -0.4273 -0.1759 0.8868
vn -0.4853 0.1014 0.8685
vn -0.4929 0.0904 0.8654
vn -0.3517 -0.6 0.7186
vn -0.5552 0.2733 0.7855
vn -0.6152 -0.3432 0.7097
vn -0.6153 0.1891 0.7652
vn -0.2254 -0.4964 0.8383
vn -0.2965 -0.5816 0.7575
vn -0.2304 0.0389 0.9723
vn -0.0849 0.5587 0.825
vn -0.2437 0.3833 0.8909
vn -0.3762 -0.1297 0.9174
vn -0.3041 0.3085 0.9013
vn -0.1646 0.7322 0.6609
vn -0.1561 0.738 0.6565
vn -0.301 0.5907 0.7487
vn -0.4063 -0.636 0.6561
vn -0.0643 -0.348 0.9353
vn -0.0439 0.2519 0.9668
vn -0.0164 0.2745 0.9614
vn -0.5704 -0.0205 0.8211
vn -0.2225 -0.4965 0.839
vn -0.1157 0.1729 0.9781
vn -0.3254 -0.0692 0.943
vn -0.1481 -0.4448 0.8833
vn -0.0043 0.606 0.7955
vn -0.3057 -0.5714 0.7616
vn -0.7291 0.0324 0.6837
vn -0.1798 0.449 0.8753
vn -0.3099 -0.5877 0.7474
vn -0.1086 -0.4178 0.902
vn -0.598 -0.3408 0.7254
vn -0.6483 -0.3874 0.6555
vn -0.4038 0.1747 0.898
vn -0.3965 0.1865 0.8989
vn -0.2496 -0.5469 0.7991
vn -0.4029 -0.6434 0.6509
vn -0.0633 -0.3682 0.9276
vn -0.0609 -0.3631 0.9298
vn -0.3577 -0.1193 0.9262
vn -0.5896 0.2093 0.7801
vn -0.659 -0.107 0.7445
vn -0.3516 -0.6201 0.7013
vn -0.6471 0.1433 0.7488
vn -0.7034 -0.1711 0.6899
vn -0.3564 -0.6236 0.6958
vn -0.5549 -0.3086 0.7726
vn -0.1723 -0.4745 0.8632
vn -0.7491 -0.013 0.6623
vn -0.1303 0.5012 0.8554
vn -0.1371 0.4969 0.8569
vn -0.0809 0.1962 0.9772
vn -0.118 0.7454 0.6561
vn -0.2405 -0.003 0.9707
vn -0.3562 0.2327 0.905
vn -0.1168 -0.4467 0.887
vn -0.3512 0.5224 0.777
vn -0.4173 0.4443 0.7927
vn -0.4267 0.4225 0.7996
vn -0.268 -0.5718 0.7754
vn -0.4454 -0.2317 0.8648
vn -0.5492 -0.007 0.8357
vn -0.6169 -0.0883 0.7821
vn -0.6623 0.1053 0.7418
vn -0.7274 -0.1913 0.659
vn -0.725 -0.1866 0.663
vn -0.1752 0.074 0.9818
vn -0.1525 -0.4935 0.8563
vn -0.2374 0.64 0.7308
vn -0.2292 0.6504 0.7242
vn -0.45 0.1035 0.887
vn -0.1087 -0.4567 0.883
vn -0.4408 0.1266 0.8886
vn -0.5111 0.3144 0.7999
vn -0.5053 0.0366 0.8622
vn -0.0594 -0.41 0.9101
vn -0.6447 -0.3923 0.6561
vn -0.0604 -0.4115 0.9094
vn -0.1409 0.1173 0.983
vn -0.2089 -0.5601 0.8017
vn -0.6914 0.0802 0.718
vn -0.35 -0.6597 0.6651
vn -0.2807 -0.0789 0.9565
vn -0.3504 -0.6598 0.6647
vn -0.0187 0.5917 0.8059
vn -0.1983 0.4221 0.8846
vn -0.4203 -0.2102 0.8827
vn -0.1806 0.6903 0.7006
vn -0.3258 0.5393 0.7765
vn -0.3312 0.2531 0.909
vn -0.5431 -0.336 0.7695
vn -0.6082 -0.3851 0.6941
vn -0.1098 -0.488 0.8659
vn -0.1829 -0.5426 0.8198
vn -0.5375 0.2629 0.8012
vn -0.1663 0.0763 0.9831
vn -0.2298 -0.0121 0.9732
vn -0.6633 0.105 0.7409
vn -0.5916 -0.0706 0.8031
vn -0.3865 -0.1673 0.907
vn -0.2751 -0.6333 0.7234
vn -0.7135 -0.1893 0.6746
vn -0.7563 -0.0077 0.6542
vn -0.1578 -0.5359 0.8294
vn -0.1698 -0.5427 0.8226
vn -0.5727 -0.3623 0.7354
vn -0.238 -0.6043 0.7604
vn -0.2379 -0.6005 0.7634
vn -0.6349 -0.3996 0.6612
vn -0.0092 0.2118 0.9773
vn -0.283 0.2916 0.9137
vn -0.117 0.1211 0.9857
vn -0.1066 0.1372 0.9848
vn -0.2821 0.5757 0.7674
vn -0.3592 0.49 0.7943
vn -0.1921 0.0392 0.9806
vn -0.2642 -0.6326 0.7281
vn -0.4853 0.0528 0.8727
vn -0.4889 0.3363 0.8049
vn -0.0572 -0.4481 0.8922
vn -0.2063 -0.5879 0.7822
vn -0.6155 0.1471 0.7743
vn -0.4689 -0.2735 0.8399
vn -0.287 -0.6453 0.708
vn -0.0954 -0.4994 0.8611
vn -0.0564 0.1776 0.9825
vn -0.6695 -0.1483 0.7278
vn -0.3132 -0.6756 0.6674
vn -0.1639 0.6972 0.6979
vn -0.0437 -0.4627 0.8854
vn -0.2388 0.6243 0.7438
vn -0.2868 -0.0725 0.9553
vn -0.2316 0.3549 0.9057
vn -0.2415 0.3396 0.9091
vn -0.3033 0.5354 0.7883
vn -0.3145 0.2491 0.916
vn -0.4931 -0.3016 0.816
vn -0.5111 0.2816 0.8121
vn -0.5779 0.203 0.7905
vn -0.287 -0.6598 0.6945
vn -0.6916 0.0556 0.7202
vn -0.3054 -0.6931 0.653
vn -0.3703 -0.1928 0.9087
vn -0.0443 -0.4816 0.8753
vn -0.0133 0.5607 0.8279
vn -0.7479 -0.0066 0.6638
vn -0.1121 -0.5478 0.8291
vn -0.1072 0.7416 0.6622
vn -0.183 -0.6029 0.7765
vn -0.1802 0.4058 0.896
vn -0.4449 -0.2537 0.8589
vn -0.19 0.6615 0.7254
vn -0.3956 0.1371 0.9081
vn -0.6266 -0.4301 0.6499
vn -0.4022 0.1291 0.9064
vn -0.4702 0.0492 0.8812
vn -0.4674 0.3277 0.821
vn -0.5311 -0.0132 0.8472
vn -0.0839 -0.5323 0.8424
vn -0.1799 0.0145 0.9836
vn -0.0851 -0.5343 0.841
vn -0.3283 -0.1406 0.934
vn -0.6549 -0.1359 0.7434
vn -0.032 -0.4974 0.8669
vn -0.1888 -0.6364 0.7479
vn -0.4711 -0.2878 0.8338
vn -0.7123 0.0264 0.7014
vn -0.0633 0.5433 0.8372
vn -0.1438 0.449 0.8819
vn -0.1388 -0.596 0.7909
vn -0.0619 0.1455 0.9874
vn -0.1399 -0.5978 0.7894
vn -0.2135 -0.6595 0.7208
vn -0.2815 0.2742 0.9195
vn -0.3561 0.1899 0.915
vn -0.3521 0.4815 0.8026
vn -0.0425 -0.5243 0.8505
vn -0.1121 -0.5836 0.8042
vn -0.1846 -0.6457 0.7409
vn -0.2529 -0.6905 0.6777
vn -0.261 -0.7055 0.6589
vn -0.6103 0.1411 0.7795
vn -0.6737 -0.1779 0.7173
vn -0.7261 -0.2359 0.6458
vn -0.0876 0.4927 0.8658
vn -0.2244 -0.0508 0.9732
vn -0.1759 -0.6484 0.7407
vn -0.089 0.7487 0.6569
vn -0.2964 -0.1362 0.9453
vn -0.3853 -0.2249 0.895
vn -0.2413 0.3231 0.9151
vn -0.0041 -0.5536 0.8327
vn -0.2334 0.6163 0.7521
vn -0.4399 0.0689 0.8954
vn -0.2572 -0.7137 0.6515
vn -0.3009 0.5326 0.7911
vn -0.5194 -0.3505 0.7793
vn -0.4378 0.0744 0.896
vn -0.5788 -0.4027 0.7091
vn -0.5665 -0.3908 0.7255
vn -0.3737 0.4409 0.8161
vn -0.5092 -0.0035 0.8606
vn -0.1285 -0.6289 0.7668
vn -0.0197 0.1896 0.9817
vn -0.2178 -0.6885 0.6918
vn -0.569 -0.0827 0.8182
vn -0.1891 -0.0043 0.9819
vn -0.6388 -0.1457 0.7555
vn -0.2206 -0.7297 0.6472
vn -0.0252 0.5454 0.8378
vn -0.0553 -0.5852 0.809
vn -0.0635 -0.5948 0.8014
vn -0.2013 -0.703 0.6821
vn -0.1288 0.0454 0.9906
vn -0.1471 -0.674 0.7239
vn -0.0156 -0.5732 0.8193
vn -0.3354 0.4818 0.8095
vn -0.1083 -0.6407 0.7601
vn -0.4044 0.3988 0.8231
vn -0.0607 -0.6091 0.7907
vn -0.5367 0.2229 0.8138
vn -0.2093 -0.7285 0.6522
vn -0.1922 -0.7432 0.6408
vn -0.4912 -0.3378 0.8029
vn -0.0087 -0.7659 0.6429
vn -0.6482 0.0917 0.7559
vn -0.6182 -0.4413 0.6504
vn -0.1287 0.4331 0.8921
vn -0.0926 0.0842 0.9921
vn -0.1194 -0.673 0.73
vn -0.1403 0.4109 0.9008
vn -0.2459 -0.0832 0.9657
vn -0.0775 -0.6383 0.7659
vn -0.3442 0.1777 0.9219
vn -0.6027 0.4604 0.6518
vn -0.3808 -0.2365 0.8939
vn -0.1582 -0.7046 0.6918
vn -0.609 0.4488 0.654
vn -0.1375 0.6926 0.7081
vn -0.004 -0.6323 0.7747
vn -0.4434 -0.321 0.8369
vn -0.5604 -0.0792 0.8244
vn -0.5776 0.494 0.6499
vn -0.6114 -0.1275 0.781
vn -0.4288 0.3631 0.8272
vn -0.4908 0.2752 0.8266
vn -0.6632 -0.1981 0.7217
vn -0.5785 0.4796 0.6598
vn -0.0795 0.4831 0.8719
vn -0.0543 -0.6579 0.7511
vn -0.3316 -0.1958 0.9229
vn -0.6159 0.1065 0.7806
vn -0.3282 -0.1917 0.925
vn -0.1389 -0.7197 0.6803
vn -0.4022 -0.2811 0.8713
vn -0.0861 -0.6965 0.7123
vn -0.4734 -0.3484 0.809
vn -0.0066 -0.6762 0.7367
vn -0.0213 -0.6571 0.7535
vn -0.2972 0.2138 0.9306
vn -0.0674 -0.6931 0.7177
vn -0.1411 -0.738 0.6599
vn -0.1273 -0.754 0.6445
vn -0.7281 -0.0243 0.6851
vn -0.5515 0.5257 0.6477
vn -0.6109 0.4306 0.6643
vn -0.0989 -0.7153 0.6918
vn -0.6707 0.3462 0.656
vn -0.1372 0.0146 0.9904
vn -0.2316 0.5925 0.7715
vn -0.2408 0.5819 0.7768
vn -0.31 0.4983 0.8097
vn -0.2833 -0.1461 0.9478
vn -0.0387 -0.7024 0.7108
vn -0.5777 0.48 0.6602
vn -0.0191 -0.6965 0.7173
vn -0.3704 0.4286 0.8241
vn -0.0775 -0.7464 0.661
vn -0.0882 -0.7518 0.6535
vn -0.0093 0.5178 0.8554
vn -0.6347 0.3918 0.6661
vn -0.1175 0.4359 0.8923
vn -0.1926 0.3581 0.9136
vn -0.0329 -0.7329 0.6796
vn -0.5335 0.5254 0.6629
vn -0.0442 -0.7579 0.6509
vn -0.2621 0.262 0.9288
vn -0.0526 -0.7495 0.66
vn -0.0942 0.0615 0.9937
vn -0.2346 -0.1003 0.9669
vn -0.4024 0.0874 0.9113
vn -0.6323 0.4084 0.6583
vn -0.2397 -0.1283 0.9623
vn -0.7663 -0.0485 0.6406
vn -0.1043 0.7109 0.6955
vn -0.6997 0.3013 0.6479
vn -0.4456 -0.3332 0.8309
vn -0.6613 -0.1992 0.7232
vn -0.5744 -0.4322 0.6952
vn -0.045 0.105 0.9935
vn -0.4056 0.3849 0.8291
vn -0.0428 0.1229 0.9915
vn -0.0763 0.482 0.8729
vn -0.4624 0.3028 0.8333
vn -0.1823 -0.0614 0.9813
vn -0.5266 0.2138 0.8228
vn -0.5054 0.5567 0.6592
vn -0.5741 0.478 0.6648
vn -0.401 -0.2846 0.8708
vn -0.4042 -0.3048 0.8624
vn -0.3601 0.1392 0.9225
vn -0.7041 -0.0055 0.7101
vn -0.4918 -0.0156 0.8706
vn -0.5333 -0.4061 0.7421
vn -0.5983 -0.4484 0.664
vn -0.7508 -0.0739 0.6564
vn -0.6587 0.3736 0.6532
vn -0.4667 0.5885 0.6602
vn -0.1272 -0.0044 0.9919
vn -0.2803 -0.1857 0.9418
vn -0.8473 0.5294 -0.0432
vn -0.4303 0.3577 0.8288
vn -0.7066 0.2556 0.6599
vn -0.4958 0.5586 0.6649
vn -0.3188 0.1816 0.9303
vn -0.1685 -0.0411 0.9848
vn -0.6678 0.3277 0.6683
vn -0.674 0.3147 0.6683
vn -0.6288 -0.1796 0.7566
vn -0.448 0.6098 0.6538
vn -0.509 -0.3947 0.7649
vn -0.1614 0.6443 0.7475
vn -0.166 0.634 0.7553
vn -0.6907 -0.2232 0.6878
vn -0.015 0.5034 0.8639
vn -0.1804 0.3473 0.9202
vn -0.1816 -0.0977 0.9785
vn -0.3249 -0.2328 0.9167
vn -0.3384 -0.2511 0.9069
vn -0.4672 0.5849 0.663
vn -0.5779 0.1461 0.8029
vn -0.5695 0.157 0.8069
vn -0.53 0.4943 0.689
vn -0.5263 -0.0698 0.8474
vn -0.4603 -0.3815 0.8016
vn -0.5389 -0.0826 0.8383
vn -0.5942 -0.1405 0.792
vn -0.0595 0.038 0.9975
vn -0.6975 -0.0086 0.7165
vn -0.135 -0.0334 0.9903
vn -0.7064 -0.2584 0.659
vn -0.7082 0.2597 0.6565
vn -0.0563 0.4646 0.8837
vn -0.0273 0.7581 0.6516
vn -0.0442 0.7414 0.6697
vn -0.4205 0.6179 0.6644
vn -0.1268 0.3831 0.915
vn -0.4066 0.6401 0.6518
vn -0.2158 0.2854 0.9338
vn -0.2124 0.2947 0.9317
vn -0.2587 0.5291 0.8081
vn -0.617 0.3735 0.6927
vn -0.4928 -0.4054 0.77
vn -0.7248 0.2251 0.6511
vn -0.6141 -0.19 0.766
vn -0.6417 0.0484 0.7655
vn -0.5787 0.4293 0.6934
vn -0.5696 0.4421 0.6929
vn -0.6925 0.2604 0.6728
vn -0.0348 0.0872 0.9956
vn -0.1284 0.6599 0.7403
vn -0.1833 -0.0959 0.9784
vn -0.4505 0.0014 0.8928
vn -0.4522 -0.0019 0.8919
vn -0.3539 0.4198 0.8358
vn -0.5279 0.4928 0.6918
vn -0.5739 -0.1335 0.808
vn -0.5222 -0.443 0.7287
vn -0.0588 0.0363 0.9976
vn -0.6908 -0.2495 0.6786
vn -0.0081 0.4721 0.8815
vn -0.1914 0.3042 0.9332
vn -0.2862 -0.2435 0.9267
vn -0.261 0.2161 0.9409
vn -0.6641 0.021 0.7474
vn -0.2539 0.2295 0.9396
vn -0.5384 -0.4624 0.7045
vn -0.2363 0.5524 0.7994
vn -0.6696 0.2877 0.6848
vn -0.3782 0.3709 0.8482
vn -0.5942 -0.1742 0.7852
vn -0.7267 0.2021 0.6566
vn -0.7238 0.2081 0.6579
vn -0.3803 -0.337 0.8613
vn -0.7076 -0.2639 0.6554
vn -0.1382 0.3498 0.9266
vn -0.5748 -0.4901 0.6553
vn -0.6349 0.3314 0.6979
vn -0.3418 0.1083 0.9335
vn -0.4177 0.0175 0.9084
vn -0.2625 -0.2035 0.9432
vn -0.3386 -0.2974 0.8927
vn -0.4834 -0.0595 0.8734
vn -0.3293 -0.2844 0.9004
vn -0.4914 -0.0715 0.868
vn -0.1253 0.6595 0.7412
vn -0.186 0.5877 0.7874
vn -0.536 0.4541 0.7118
vn -0.409 0.3323 0.8499
vn -0.0711 -0.0018 0.9975
vn -0.212 -0.1618 0.9638
vn -0.5422 0.1605 0.8248
vn -0.6006 0.0861 0.7949
vn -0.4253 -0.3961 0.8137
vn -0.6601 0.0204 0.7509
vn -0.3739 0.0674 0.925
vn -0.4135 -0.3817 0.8266
vn -0.4889 -0.4495 0.7477
vn -0.4791 -0.4397 0.7597
vn -0.7573 -0.0927 0.6464
vn -0.7506 -0.0906 0.6545
vn -0.0662 0.6995 0.7116
vn -0.6177 0.3524 0.7031
vn -0.2451 -0.2066 0.9472
vn -0.0126 0.4653 0.885
vn -0.277 0.4831 0.8306
vn -0.354 0.3873 0.8513
vn -0.427 0.291 0.8562
vn -0.377 0.642 0.6677
vn -0.4827 0.2351 0.8436
vn -0.4373 0.5696 0.696
vn -0.4942 0.2167 0.8419
vn -0.0179 0.0247 0.9995
vn -0.1084 -0.0641 0.992
vn -0.4074 0.0153 0.9131
vn -0.5791 0.4017 0.7094
vn -0.1834 -0.1503 0.9715
vn -0.1959 -0.1633 0.9669
vn -0.3381 -0.3232 0.8839
vn -0.5269 -0.1162 0.8419
vn -0.7392 0.1633 0.6534
vn -0.7272 -0.0646 0.6834
vn -0.6427 -0.2338 0.7295
vn -0.1639 0.6019 0.7815
vn -0.7039 -0.2942 0.6465
vn -0.0588 -0.0259 0.9979
vn -0.0625 0.419 0.9058
vn -0.1421 -0.1095 0.9838
vn -0.0659 0.4164 0.9068
vn -0.1299 0.3386 0.9319
vn -0.3107 0.4449 0.84
vn -0.4725 0.5335 0.7015
vn -0.2824 -0.289 0.9147
vn -0.3149 0.4352 0.8435
vn -0.5307 0.4496 0.7185
vn -0.2059 0.2464 0.947
vn -0.2744 -0.2687 0.9233
vn -0.3812 0.3441 0.8581
vn -0.3583 0.0738 0.9307
vn -0.649 0.2811 0.707
vn -0.5632 -0.4963 0.6607
vn -0.0971 -0.0666 0.993
vn -0.3627 0.662 0.6559
vn -0.5446 -0.1535 0.8245
vn -0.2313 -0.2215 0.9473
vn -0.4938 0.5008 0.7109
vn -0.38 -0.3753 0.8454
vn -0.377 -0.371 0.8487
vn -0.0375 0.7229 0.6899
vn -0.1567 0.2893 0.9443
vn -0.1036 0.6458 0.7564
vn -0.0069 -0.0026 1
vn -0.2518 0.4994 0.829
vn -0.3124 0.1113 0.9434
vn -0.7297 0.1754 0.6609
vn -0.3863 0.0254 0.922
vn -0.4419 -0.0531 0.8955
vn -0.3711 0.6305 0.6817
vn -0.4491 0.5432 0.7094
vn -0.5689 0.3922 0.7228
vn -0.6348 0.2971 0.7133
vn -0.0596 -0.0379 0.9975
vn -0.0043 0.4328 0.9015
vn -0.1341 -0.1231 0.9833
vn -0.1429 -0.148 0.9786
vn -0.2759 -0.3018 0.9126
vn -0.2446 0.1758 0.9536
vn -0.7456 0.1403 0.6515
vn -0.3353 0.6706 0.6616
vn -0.063 0.6833 0.7274
vn -0.3296 0.6784 0.6566
vn -0.4207 -0.4183 0.805
vn -0.4083 0.5881 0.6981
vn -0.4039 0.5957 0.6942
vn -0.2841 0.4614 0.8405
vn -0.5553 -0.5114 0.6558
vn 0.2036 -0.5619 0.8018
vn 0.4274 0.0208 0.9038
vn 0.3528 -0.065 0.9334
vn 0.296 -0.15 0.9433
vn 0.2418 0.1062 0.9645
vn 0.2082 -0.2359 0.9492
vn 0.5951 -0.0791 0.7998
vn 0.0434 0.2926 0.9552
vn 0.5354 -0.1714 0.8271
vn 0.3802 0.6 0.7039
vn 0.0857 -0.0547 0.9948
vn 0.3026 0.5557 0.7743
vn 0.0213 -0.1458 0.9891
vn 0.3428 -0.4175 0.8416
vn 0.6503 0.2409 0.7204
vn 0.3305 -0.426 0.8422
vn 0.4145 0.2923 0.8618
vn 0.1696 0.4201 0.8915
vn 0.4787 0.0567 0.8761
vn 0.1188 -0.6559 0.7455
vn 0.0206 0.2594 0.9655
vn 0.696 0.0319 0.7173
vn 0.6406 -0.0407 0.7668
vn 0.2553 -0.1892 0.9482
vn 0.2589 -0.1855 0.9479
vn 0.2742 0.5063 0.8176
vn 0.1799 -0.2785 0.9434
vn 0.1147 -0.3664 0.9233
vn 0.1073 -0.3786 0.9193
vn 0.1399 -0.005 0.9902
vn 0.4455 -0.2791 0.8507
vn 0.6955 0.2668 0.6671
vn 0.2391 -0.5313 0.8128
vn 0.0629 0.2989 0.9522
vn 0.5316 0.3919 0.7509
vn 0.4706 0.3553 0.8077
vn 0.1713 -0.6166 0.7684
vn 0.0155 -0.7515 0.6595
vn 0.7376 0.0568 0.6729
vn 0.3255 0.1908 0.9261
vn 0.2645 0.1468 0.9531
vn 0.5587 -0.1523 0.8153
vn 0.1089 0.3472 0.9315
vn 0.1052 0.3414 0.934
vn 0.1903 0.04 0.9809
vn 0.0249 0.2609 0.965
vn 0.4231 -0.3235 0.8464
vn 0.0174 -0.4796 0.8773
vn 0.3033 0.5228 0.7967
vn 0.1274 -0.6552 0.7447
vn 0.5505 0.132 0.8244
vn 0.5533 0.1349 0.822
vn 0.7008 0.0291 0.7127
vn 0.4815 0.0561 0.8746
vn 0.3771 0.2376 0.8952
vn 0.0062 0.2182 0.9759
vn 0.433 0.6108 0.6629
vn 0.3569 0.5447 0.7589
vn 0.2741 -0.1829 0.9442
vn 0.0798 -0.0937 0.9924
vn 0.0694 -0.4341 0.8982
vn 0.0682 -0.4366 0.8971
vn 0.0855 -0.0857 0.9927
vn 0.1038 -0.684 0.7221
vn 0.1429 0.3635 0.9206
vn 0.7048 0.2702 0.656
vn 0.0524 -0.7643 0.6427
vn 0.138 0.3568 0.9239
vn 0.5594 0.3977 0.7272
vn 0.6567 0.231 0.7179
vn 0.7316 0.0591 0.6791
vn 0.7438 0.0658 0.6652
vn 0.6251 -0.0752 0.7769
vn 0.4012 0.585 0.7049
vn 0.4069 -0.0426 0.9125
vn 0.1918 0.4048 0.8941
vn 0.3018 -0.4794 0.8241
vn 0.2135 0.0552 0.9754
vn 0.1365 -0.0401 0.9898
vn 0.1954 -0.2979 0.9344
vn 0.6765 -0.0267 0.736
vn 0.6725 -0.0391 0.739
vn 0.6337 0.1915 0.7495
vn 0.5263 0.3668 0.7672
vn 0.2368 0.4479 0.8622
vn 0.5131 0.0753 0.855
vn 0.4322 -0.3424 0.8342
vn 0.444 0.0095 0.896
vn 0.2214 -0.5894 0.7769
vn 0.259 0.0868 0.962
vn 0.4152 0.5851 0.6966
vn 0.3598 0.5425 0.7591
vn 0.24 -0.25 0.938
vn 0.1877 0.0059 0.9822
vn 0.171 -0.3364 0.9261
vn 0.2857 0.4799 0.8295
vn 0.0053 -0.4977 0.8673
vn 0.2083 0.4062 0.8897
vn 0.5285 -0.207 0.8233
vn 0.3998 -0.3787 0.8347
vn 0.0639 0.2426 0.968
vn 0.3305 -0.461 0.8236
vn 0.2577 -0.5393 0.8017
vn 0.3332 0.5036 0.7971
vn 0.1935 -0.6208 0.7597
vn 0.3002 0.1338 0.9444
vn 0.1129 -0.701 0.7042
vn 0.2561 0.4433 0.859
vn 0.1824 0.3698 0.911
vn 0.5794 -0.1572 0.7997
vn 0.0826 -0.1253 0.9887
vn 0.0736 -0.4515 0.8892
vn 0.5088 -0.2484 0.8243
vn 0.3802 -0.4213 0.8234
vn 0.3097 -0.5131 0.8005
vn 0.495 0.3259 0.8055
vn 0.5984 0.1491 0.7872
vn 0.1615 -0.6651 0.7291
vn 0.4313 0.2646 0.8626
vn 0.083 -0.7287 0.6798
vn 0.3925 -0.0721 0.9169
vn 0.3272 -0.1559 0.932
vn 0.0843 0.2606 0.9618
vn 0.2624 -0.2394 0.9348
vn 0.259 -0.2455 0.9342
vn 0.0886 0.2721 0.9582
vn 0.187 -0.3287 0.9257
vn 0.1459 -0.0549 0.9878
vn 0.1147 -0.4051 0.907
vn 0.3549 0.5075 0.7852
vn 0.0495 -0.1549 0.9867
vn 0.2065 -0.6157 0.7604
vn 0.4728 0.2974 0.8295
vn 0.0612 -0.7631 0.6434
vn 0.7106 -0.0103 0.7035
vn 0.3941 0.2255 0.891
vn 0.4515 -0.0156 0.8922
vn 0.4419 -0.0339 0.8964
vn 0.5943 -0.145 0.7911
vn 0.5328 -0.2178 0.8178
vn 0.334 0.1716 0.9268
vn 0.4683 0.5827 0.6642
vn 0.4769 0.5848 0.6562
vn 0.3944 0.5426 0.7417
vn 0.3972 0.5447 0.7387
vn 0.4002 -0.4061 0.8215
vn 0.2312 -0.2859 0.93
vn 0.2654 -0.5746 0.7742
vn 0.1546 -0.3644 0.9183
vn 0.2662 0.4316 0.8619
vn 0.1834 -0.6544 0.7336
vn 0.1029 -0.7191 0.6873
vn 0.0179 -0.5185 0.8549
vn 0.6352 0.4136 0.6522
vn 0.5748 0.3881 0.7204
vn 0.6463 -0.1023 0.7562
vn 0.0399 0.198 0.9794
vn 0.4455 0.5618 0.6971
vn 0.3531 -0.13 0.9265
vn 0.0777 -0.7506 0.6562
vn 0.0562 -0.4816 0.8746
vn 0.6767 -0.058 0.734
vn 0.0099 0.1514 0.9884
vn 0.0068 0.1391 0.9903
vn 0.7314 0.2323 0.6412
vn 0.5497 -0.2226 0.8052
vn 0.5887 0.1309 0.7977
vn 0.491 -0.2974 0.8188
vn 0.5292 0.0677 0.8458
vn 0.4936 0.3031 0.8151
vn 0.3573 -0.4691 0.8076
vn 0.4161 0.2314 0.8794
vn 0.3522 0.1612 0.9219
vn 0.1319 0.2904 0.9478
vn 0.1273 0.281 0.9512
vn 0.6425 -0.1014 0.7596
vn 0.0657 0.2103 0.9754
vn 0.4683 0.5653 0.679
vn 0.1323 -0.089 0.9872
vn 0.4591 -0.3474 0.8177
vn 0.6816 0.2192 0.6982
vn 0.3229 0.4663 0.8236
vn 0.5956 0.3984 0.6975
vn 0.3209 -0.5174 0.7933
vn 0.638 0.1745 0.75
vn 0.5352 0.3412 0.7728
vn 0.7588 0.0065 0.6513
vn 0.7485 0.0106 0.6631
vn 0.7597 0.005 0.6502
vn 0.3761 -0.1342 0.9168
vn 0.0345 0.1678 0.9852
vn 0.3105 -0.2062 0.9279
vn 0.5764 -0.2053 0.7909
vn 0.2589 0.0509 0.9646
vn 0.2522 0.0438 0.9667
vn 0.5091 -0.2695 0.8174
vn 0.3721 -0.4581 0.8072
vn 0.2422 0.3797 0.8928
vn 0.0018 -0.5512 0.8344
vn 0.0313 -0.2189 0.9752
vn 0.1677 0.3059 0.9372
vn 0.1614 -0.6962 0.6994
vn 0.7173 -0.0157 0.6966
vn 0.5801 0.3729 0.7242
vn 0.6601 -0.0948 0.7452
vn 0.5546 0.084 0.8279
vn 0.6105 -0.1472 0.7782
vn 0.5092 0.5707 0.6442
vn 0.4918 -0.3078 0.8145
vn 0.3102 0.1061 0.9447
vn 0.3074 0.0975 0.9466
vn 0.3549 -0.4948 0.7932
vn 0.2749 -0.5789 0.7677
vn 0.206 0.3475 0.9148
vn 0.065 -0.5043 0.8611
vn 0.0577 -0.5149 0.8553
vn 0.3318 0.4525 0.8277
vn 0.4027 -0.1045 0.9093
vn 0.2605 0.3864 0.8848
vn 0.3345 -0.1877 0.9235
vn 0.1787 0.3034 0.9359
vn 0.6968 -0.0747 0.7133
vn 0.1095 -0.4658 0.8781
vn 0.2115 -0.0167 0.9772
vn 0.1431 -0.1105 0.9835
vn 0.6916 0.2004 0.694
vn 0.4454 0.5314 0.7206
vn 0.4454 0.5313 0.7206
vn 0.6256 0.1506 0.7655
vn 0.0627 -0.19 0.9798
vn 0.385 0.4824 0.7868
vn 0.5139 0.011 0.8578
vn 0.4617 0.247 0.852
vn 0.3104 0.4162 0.8546
vn 0.2438 -0.6356 0.7325
vn 0.2317 0.3455 0.9094
vn 0.4724 0.2585 0.8426
vn 0.3944 0.1818 0.9008
vn 0.3089 -0.2208 0.9251
vn 0.5497 -0.2714 0.7901
vn 0.0873 0.1961 0.9767
vn 0.2543 0.0136 0.967
vn 0.1571 -0.422 0.8929
vn 0.0063 0.0794 0.9968
vn 0.019 0.1161 0.9931
vn 0.169 -0.4028 0.8996
vn 0.4311 -0.4174 0.8
vn 0.1892 -0.0643 0.9798
vn 0.1206 -0.1435 0.9823
vn 0.2195 -0.6676 0.7114
vn 0.1409 -0.7395 0.6583
vn 0.1235 -0.7537 0.6455
vn 0.6289 0.3829 0.6767
vn 0.6394 0.3931 0.6608
vn 0.5112 0.2827 0.8116
vn 0.1335 0.2271 0.9647
vn 0.4657 -0.3611 0.8079
vn 0.1455 0.245 0.9585
vn 0.3531 -0.1941 0.9152
vn 0.2859 -0.2793 0.9167
vn 0.3307 -0.5571 0.7618
vn 0.2266 -0.352 0.9082
vn 0.2304 -0.0154 0.973
vn 0.7617 -0.0292 0.6473
vn 0.3215 0.4205 0.8484
vn 0.1921 0.2897 0.9376
vn 0.0137 -0.2787 0.9603
vn 0.5998 0.0962 0.7943
vn 0.5167 -0.3268 0.7913
vn 0.454 -0.4039 0.7942
vn 0.5341 0.0407 0.8445
vn 0.5532 0.3253 0.7669
vn 0.2361 -0.6596 0.7136
vn 0.1564 -0.7364 0.6582
vn 0.1615 -0.7331 0.6607
vn 0.2565 -0.3048 0.9172
vn 0.6884 -0.1161 0.716
vn 0.363 0.1208 0.9239
vn 0.0509 -0.5599 0.827
vn 0.2398 0.3342 0.9115
vn 0.6907 0.1849 0.6992
vn 0.1282 -0.1404 0.9818
vn 0.5806 0.0673 0.8114
vn 0.2794 -0.6165 0.7361
vn 0.0872 0.1474 0.9852
vn 0.2036 -0.6907 0.6939
vn 0.5138 0.0074 0.8579
vn 0.5015 -0.0175 0.865
vn 0.6484 0.3897 0.654
vn 0.4585 -0.0807 0.885
vn 0.4117 0.4833 0.7726
vn 0.4181 0.4916 0.7639
vn 0.6034 -0.2214 0.7661
vn 0.3863 -0.1722 0.9062
vn 0.4103 -0.468 0.7827
vn 0.2306 -0.3511 0.9075
vn 0.1546 -0.4362 0.8865
vn 0.1578 -0.4272 0.8903
vn 0.3348 -0.5586 0.7588
vn 0.2157 0.2883 0.933
vn 0.0143 0.7482 0.6633
vn 0.1294 0.2069 0.9698
vn 0.7552 -0.0482 0.6537
vn 0.686 -0.1171 0.7182
vn 0.0442 0.7546 0.6547
vn 0.1915 -0.0691 0.9791
vn 0.0084 0.717 0.697
vn 0.6658 0.1596 0.7289
vn 0.0647 0.1071 0.9921
vn 0.6332 -0.1751 0.754
vn 0.008 0.7173 0.6967
vn 0.0404 -0.2418 0.9695
vn 0.5089 -0.3607 0.7816
vn 0.0692 0.7443 0.6643
vn 0.3884 -0.5096 0.7678
vn 0.5766 0.3393 0.7433
vn 0.0856 0.7508 0.6549
vn 0.0125 0.6925 0.7213
vn 0.4521 0.2061 0.8678
vn 0.2747 -0.303 0.9126
vn 0.719 -0.0667 0.6918
vn 0.7252 -0.0509 0.6866
vn 0.0646 0.7184 0.6926
vn 0.1814 0.2477 0.9517
vn 0.1129 0.7486 0.6534
vn 0.3162 0.0525 0.9473
vn 0.5533 -0.3047 0.7753
vn 0.5606 -0.287 0.7767
vn 0.0672 -0.5478 0.8339
vn 0.3138 0.05 0.9482
vn 0.4268 -0.4577 0.78
vn 0.4454 0.4955 0.7457
vn 0.0717 0.7105 0.7001
vn 0.3711 0.4454 0.8148
vn 0.5858 0.0692 0.8075
vn 0.0872 -0.1992 0.9761
vn 0.0498 0.6786 0.7328
vn 0.658 -0.1587 0.7361
vn 0.2988 0.3718 0.8789
vn 0.0143 -0.2802 0.9598
vn 0.1355 0.7351 0.6643
vn 0.6154 0.3408 0.7107
vn 0.1499 0.7404 0.6552
vn 0.3319 -0.2472 0.9104
vn 0.5577 0.3053 0.7718
vn 0.0539 0.6799 0.7313
vn 0.0827 0.1545 0.9845
vn 0.3944 -0.5071 0.7664
vn 0.1173 -0.493 0.8621
vn 0.1137 -0.5021 0.8573
vn 0.0174 0.0592 0.9981
vn 0.4925 0.525 0.6941
vn 0.4864 0.5186 0.7032
vn 0.7581 -0.0539 0.6499
vn 0.6392 0.1155 0.7603
vn 0.6277 -0.2042 0.7512
vn 0.5683 0.0307 0.8223
vn 0.108 0.7025 0.7034
vn 0.0379 0.6489 0.7599
vn 0.1862 0.7376 0.6491
vn 0.3625 -0.5512 0.7515
vn 0.4356 -0.1113 0.8932
vn 0.6695 0.3675 0.6455
vn 0.3021 -0.6217 0.7226
vn 0.1336 0.7157 0.6855
vn 0.6631 -0.1591 0.7314
vn 0.529 0.5404 0.6544
vn 0.4716 0.2195 0.8541
vn 0.4839 -0.4131 0.7715
vn 0.0136 -0.6115 0.7912
vn 0.7399 0.1828 0.6474
vn 0.7258 0.203 0.6572
vn 0.2166 -0.7153 0.6644
vn 0.2046 -0.7286 0.6536
vn 0.1815 -0.1098 0.9772
vn 0.1087 -0.1904 0.9757
vn 0.5867 -0.2759 0.7613
vn 0.5983 -0.2567 0.759
vn 0.1053 0.666 0.7384
vn 0.1168 0.6764 0.7272
vn 0.6332 0.3517 0.6895
vn 0.3532 -0.2364 0.9052
vn 0.027 0.0557 0.9981
vn 0.288 -0.3192 0.9029
vn 0.3288 -0.6071 0.7234
vn 0.0392 0.5979 0.8006
vn 0.2684 -0.6711 0.6911
vn 0.2099 -0.3922 0.8956
vn 0.3853 0.4247 0.8192
vn 0.5112 0.2571 0.8201
vn 0.3065 0.3589 0.8816
vn 0.375 0.1105 0.9204
vn 0.2078 0.7182 0.6641
vn 0.5141 -0.374 0.7719
vn 0.4494 -0.4678 0.761
vn 0.0657 0.6194 0.7823
vn 0.0872 -0.2499 0.9643
vn 0.4072 -0.181 0.8952
vn 0.3243 -0.2681 0.9071
vn 0.0066 -0.3205 0.9472
vn 0.259 -0.3629 0.8951
vn 0.1553 0.6728 0.7233
vn 0.1682 0.6902 0.7038
vn 0.61 0.3206 0.7247
vn 0.0815 0.619 0.7812
vn 0.3609 0.3946 0.845
vn 0.5511 0.2841 0.7846
vn 0.2718 0.3201 0.9075
vn 0.4233 -0.5156 0.745
vn 0.1176 -0.5101 0.8521
vn 0.4207 0.1592 0.8931
vn 0.709 -0.1276 0.6936
vn 0.1459 0.1822 0.9724
vn 0.6284 0.0934 0.7723
vn 0.6484 -0.2175 0.7296
vn 0.1276 0.1462 0.981
vn 0.5121 -0.0455 0.8577
vn 0.5281 -0.3789 0.7599
vn 0.5046 -0.0669 0.8608
vn 0.0732 0.0868 0.9935
vn 0.1122 0.6361 0.7634
vn 0.5331 0.5197 0.6677
vn 0.5312 0.5181 0.6703
vn 0.4467 -0.1373 0.8841
vn 0.036 0.5603 0.8275
vn 0.0437 0.57 0.8205
vn 0.4694 0.4789 0.7419
vn 0.2602 -0.7073 0.6573
vn 0.2447 0.7224 0.6468
vn 0.2689 -0.7111 0.6497
vn 0.7583 -0.078 0.6472
vn 0.1646 -0.4713 0.8665
vn 0.1991 0.6916 0.6943
vn 0.0009 -0.6304 0.7763
vn 0.45 -0.4856 0.7495
vn 0.1309 0.6306 0.765
vn 0.3845 -0.5617 0.7326
vn 0.6741 0.1287 0.7273
vn 0.3054 -0.6537 0.6924
vn 0.6627 0.1141 0.7402
vn 0.4012 0.1086 0.9095
vn 0.3 -0.6606 0.6882
vn 0.7297 -0.1102 0.6748
vn 0.5548 -0.0159 0.8319
vn 0.6764 -0.187 0.7124
vn 0.4814 -0.0842 0.8724
vn 0.1971 -0.1306 0.9717
vn 0.4899 -0.4343 0.7559
vn 0.4268 -0.5361 0.7283
vn 0.3705 0.3969 0.8398
vn 0.1702 0.6487 0.7417
vn 0.2807 -0.3501 0.8937
vn 0.165 0.6405 0.7501
vn 0.2435 0.2625 0.9337
vn 0.2159 0.6768 0.7038
vn 0.449 0.1702 0.8772
vn 0.706 0.1518 0.6917
vn 0.0046 -0.0095 0.9999
vn 0.7413 -0.1142 0.6613
vn 0.5524 0.5145 0.6558
vn 0.4941 0.4821 0.7235
vn 0.2668 0.6987 0.6638
vn 0.3038 -0.0018 0.9527
vn 0.4941 0.482 0.7236
vn 0.2349 -0.0837 0.9684
vn 0.4349 0.4427 0.7842
vn 0.504 -0.4378 0.7445
vn 0.165 -0.164 0.9725
vn 0.3377 -0.295 0.8938
vn 0.0319 0.5176 0.855
vn 0.0904 -0.2537 0.9631
vn 0.0436 0.5313 0.8461
vn 0.2804 0.302 0.9111
vn 0.0134 -0.3325 0.943
vn 0.106 -0.5497 0.8286
vn 0.6113 -0.2995 0.7325
vn 0.2063 0.2135 0.9549
vn 0.2082 0.2233 0.9522
vn 0.687 0.1235 0.7161
vn 0.5764 0.0014 0.8171
vn 0.3636 -0.6142 0.7004
vn 0.2069 0.6507 0.7306
vn 0.4183 0.1314 0.8987
vn 0.1476 0.597 0.7886
vn 0.4345 -0.1678 0.8849
vn 0.3571 0.0489 0.9328
vn 0.5324 -0.4159 0.7373
vn 0.3266 0.3496 0.8781
vn 0.2351 -0.4105 0.881
vn 0.2602 0.2644 0.9287
vn 0.1436 -0.2066 0.9678
vn 0.7455 -0.1212 0.6554
vn 0.1146 0.5727 0.8117
vn 0.101 0.5642 0.8195
vn 0.6918 -0.1912 0.6963
vn 0.1736 0.1782 0.9686
vn 0.0666 -0.2991 0.9519
vn 0.6382 -0.2713 0.7205
vn 0.6578 0.3307 0.6767
vn 0.5682 -0.3584 0.7408
vn 0.5717 -0.3507 0.7417
vn 0.7404 0.1439 0.6566
vn 0.5319 0.2355 0.8134
vn 0.3842 -0.6024 0.6996
vn 0.0475 0.0215 0.9986
vn 0.6171 0.0436 0.7857
vn 0.3039 -0.6979 0.6485
vn 0.3107 -0.6841 0.6599
vn 0.5448 -0.0444 0.8374
vn 0.0893 0.5224 0.848
vn 0.2615 -0.0607 0.9633
vn 0.2268 0.2299 0.9464
vn 0.1238 0.5725 0.8105
vn 0.3503 -0.6436 0.6805
vn 0.1895 -0.1511 0.9702
vn 0.7086 -0.1793 0.6824
vn 0.649 -0.2661 0.7127
vn 0.119 -0.2529 0.9602
vn 0.6543 -0.2576 0.711
vn 0.219 -0.4468 0.8674
vn 0.2554 0.6704 0.6967
vn 0.5484 -0.4169 0.7249
vn 0.0626 -0.6024 0.7957
vn 0.0548 -0.6091 0.7912
vn 0.0981 0.0713 0.9926
vn 0.5776 0.4975 0.6472
vn 0.429 0.4228 0.7983
vn 0.0436 0.4838 0.8741
vn 0.4184 0.4159 0.8074
vn 0.3514 0.3565 0.8657
vn 0.3066 0.6963 0.649
vn 0.4414 -0.5434 0.7141
vn 0.3107 -0.017 0.9504
vn 0.4073 -0.2309 0.8836
vn 0.7194 -0.1818 0.6704
vn 0.74 -0.1574 0.654
vn 0.3243 -0.3153 0.8919
vn 0.609 -0.3301 0.7212
vn 0.259 -0.3931 0.8823
vn 0.2349 -0.1194 0.9647
vn 0.1572 -0.1956 0.968
vn 0.4865 -0.4978 0.718
vn 0.19 -0.485 0.8536
vn 0.1123 -0.5555 0.8239
vn 0.3624 -0.6656 0.6524
vn 0.141 0.1114 0.9837
vn 0.3646 -0.6666 0.6502
vn 0.1411 0.1236 0.9823
vn 0.0806 -0.2903 0.9535
vn 0.0581 0.0174 0.9982
vn 0.004 -0.3638 0.9315
vn 0.6688 0.3355 0.6634
vn 0.5342 0.4823 0.6943
vn 0.6383 0.0594 0.7675
vn 0.6077 0.2842 0.7416
vn 0.6167 0.2985 0.7284
vn 0.5617 0.246 0.7899
vn 0.4696 0.446 0.762
vn 0.0637 0.4724 0.8791
vn 0.2636 0.6606 0.703
vn 0.6845 -0.2466 0.686
vn 0.1828 0.5934 0.7839
vn 0.5775 -0.3901 0.7172
vn 0.5686 -0.4072 0.7148
vn 0.3836 -0.2507 0.8888
vn 0.5099 -0.4734 0.7183
vn 0.1884 0.6055 0.7732
vn 0.4437 -0.5636 0.6968
vn 0.2335 -0.4316 0.8713
vn 0.2768 -0.0628 0.9589
vn 0.1666 -0.5235 0.8356
vn 0.6202 -0.3393 0.7072
vn 0.097 0.0714 0.9927
vn 0.2294 0.6148 0.7546
vn 0.4846 -0.5201 0.7033
vn 0.1431 -0.227 0.9633
vn 0.232 0.6291 0.7419
vn 0.4176 -0.6034 0.6794
vn 0.7296 0.1383 0.6698
vn 0.0573 -0.332 0.9415
vn 0.5993 -0.3825 0.7032
vn 0.0941 0.5155 0.8517
vn 0.4115 -0.6411 0.6478
vn 0.4676 0.1533 0.8705
vn 0.4858 -0.1341 0.8637
vn 0.7306 -0.2061 0.651
vn 0.2152 -0.4642 0.8592
vn 0.6169 -0.3626 0.6986
vn 0.0643 0.4712 0.8797
vn 0.328 0.6751 0.6608
vn 0.3518 0.6783 0.6451
vn 0.4895 -0.5235 0.6974
vn 0.2658 0.6367 0.7238
vn 0.0108 -0.0564 0.9984
vn 0.0171 -0.0429 0.9989
vn 0.4239 -0.6115 0.6681
vn 0.1953 0.573 0.796
vn 0.648 0.0544 0.7597
vn 0.6534 -0.3187 0.6867
vn 0.5942 -0.0061 0.8043
vn 0.536 -0.4763 0.697
vn 0.5644 0.2439 0.7886
vn 0.7002 -0.2572 0.666
vn 0.0361 0.4244 0.9047
vn 0.5113 0.1886 0.8384
vn 0.5831 -0.4289 0.69
vn 0.4465 -0.6112 0.6535
vn 0.3701 0.0361 0.9283
vn 0.1579 0.548 0.8214
vn 0.1894 -0.5009 0.8445
vn 0.5417 -0.4721 0.6955
vn 0.4894 -0.5616 0.6672
vn 0.0469 -0.6544 0.7547
vn 0.7031 -0.2562 0.6634
vn 0.7192 -0.2403 0.6519
vn 0.2438 -0.1241 0.9619
vn 0.7396 0.1419 0.6579
vn 0.7011 0.0971 0.7064
vn 0.5293 -0.5093 0.6785
vn 0.4063 0.3655 0.8375
vn 0.4838 -0.5877 0.6485
vn 0.3377 0.3024 0.8914
vn 0.3228 0.2883 0.9015
vn 0.0154 -0.3833 0.9235
vn 0.1304 0.5033 0.8542
vn 0.055 0.4362 0.8982
vn 0.3738 -0.2906 0.8808
vn 0.3824 -0.2801 0.8805
vn 0.3246 0.6542 0.6831
vn 0.4909 -0.5632 0.6647
vn 0.4886 -0.5802 0.6516
vn 0.3093 -0.3659 0.8777
vn 0.1952 0.146 0.9698
vn 0.422 0.0725 0.9037
vn 0.5375 -0.518 0.6654
vn 0.1633 -0.5515 0.818
vn 0.6843 -0.3162 0.6571
vn 0.5672 -0.4651 0.6797
vn 0.681 -0.3213 0.658
vn 0.6735 -0.3261 0.6633
vn 0.6685 -0.3547 0.6537
vn 0.631 -0.4177 0.6537
vn 0.5127 0.4406 0.7369
vn 0.6059 -0.4217 0.6746
vn 0.6746 0.0709 0.7348
vn 0.5673 -0.5014 0.6532
vn 0.6578 -0.3769 0.6521
vn 0.6177 -0.444 0.6491
vn 0.3772 0.3391 0.8618
vn 0.6138 0.0027 0.7894
vn 0.5324 -0.5412 0.6509
vn 0.6463 -0.3846 0.6591
vn 0.5802 -0.4767 0.6603
vn 0.2463 0.5932 0.7664
vn 0.5891 -0.4746 0.6541
vn 0.1627 0.5232 0.8366
vn 0.0646 -0.3411 0.9378
vn 0.6203 -0.4262 0.6584
vn 0.4999 -0.1447 0.8539
vn 0.6574 0.2921 0.6946
vn 0.7778 0.036 0.6274
vn 0.5262 0.1959 0.8275
vn 0.288 -0.4035 0.8685
vn 0.4675 0.1138 0.8766
vn 0.283 0.6234 0.7289
vn 0.0622 -0.6447 0.7619
vn 0.5529 0.4574 0.6964
vn 0.4892 0.4255 0.7613
vn 0.4253 0.3849 0.8191
vn 0.539 -0.1089 0.8353
vn 0.3315 0.6424 0.6909
vn 0.2869 0.2381 0.9279
vn 0.3344 -0.3561 0.8726
vn 0.2005 0.1436 0.9691
vn 0.1095 0.4569 0.8828
vn 0.5046 0.1599 0.8484
vn 0.1114 -0.5999 0.7923
vn 0.1095 -0.6014 0.7914
vn 0.0468 -0.6755 0.7358
vn 0.038 -0.6819 0.7305
vn 0.0389 0.3815 0.9235
vn 0.0712 -0.0038 0.9975
vn 0.0666 -0.0317 0.9973
vn 0.0387 0.3814 0.9236
vn 0.3781 0.6621 0.647
vn 0.6819 0.0683 0.7283
vn 0.47 0.3948 0.7894
vn 0.23 0.5601 0.7959
vn 0.4064 0.3501 0.844
vn 0.5005 -0.1446 0.8536
vn 0.2668 0.2003 0.9427
vn 0.0046 -0.4107 0.9117
vn 0.6099 0.2535 0.7508
vn 0.283 0.5928 0.754
vn 0.1715 -0.5605 0.8102
vn 0.7141 0.095 0.6936
vn 0.4152 0.0502 0.9084
vn 0.5042 0.4238 0.7524
vn 0.1375 0.4718 0.8709
vn 0.3455 -0.0285 0.938
vn 0.3235 0.621 0.7139
vn 0.2831 -0.1184 0.9518
vn 0.5632 -0.0785 0.8226
vn 0.2943 -0.0939 0.9511
vn 0.3771 0.2975 0.8771
vn 0.2073 -0.2053 0.9565
vn 0.2156 -0.1938 0.9571
vn 0.1405 -0.2873 0.9475
vn 0.2345 0.1674 0.9576
vn 0.1813 0.5121 0.8396
vn 0.0581 -0.3802 0.9231
vn 0.2798 -0.4384 0.8541
vn 0.2939 -0.4221 0.8576
vn 0.6476 0.2852 0.7066
vn 0.1655 0.0846 0.9826
vn 0.3844 0.6441 0.6614
vn 0.0103 -0.1099 0.9939
vn 0.4678 0.1133 0.8765
vn 0.0206 -0.0913 0.9956
vn 0.2293 0.5611 0.7954
vn 0.538 -0.1136 0.8353
vn 0.4721 -0.2028 0.8579
vn 0.096 0.4104 0.9069
vn 0.2835 0.2088 0.936
vn 0.0139 0.3294 0.9441
vn 0.1208 -0.3144 0.9416
vn 0.6989 0.3163 0.6415
vn 0.1325 0.044 0.9902
vn 0.7614 0.1064 0.6395
vn 0.5823 0.2072 0.7861
vn 0.6299 -0.0061 0.7766
vn 0.5914 0.4671 0.6573
vn 0.5166 0.1378 0.8451
vn 0.4742 0.3643 0.8015
vn 0.3386 0.6006 0.7243
vn 0.3766 -0.0054 0.9264
vn 0.3767 -0.0049 0.9263
vn 0.4501 -0.2429 0.8593
vn 0.3832 -0.3298 0.8628
vn 0.3272 0.2487 0.9117
vn 0.2528 0.1666 0.9531
vn 0.1094 0.4146 0.9034
vn 0.1507 -0.5967 0.7882
vn 0.0412 0.3468 0.937
vn 0.0153 -0.4342 0.9007
vn 0.0226 -0.7182 0.6955
vn 0.3711 0.6326 0.6798
vn 0.2995 0.5791 0.7582
vn 0.6141 0.2474 0.7495
vn 0.237 0.52 0.8206
vn 0.5533 0.1773 0.8139
vn 0.1653 0.46 0.8724
vn 0.4809 -0.1958 0.8546
vn 0.3772 0.2975 0.8771
vn 0.3514 -0.3616 0.8635
vn 0.0835 0.3879 0.9179
vn 0.1625 0.0587 0.985
vn 0.1281 -0.3113 0.9416
vn 0.0625 -0.3835 0.9214
vn 0.6577 0.0121 0.7532
vn 0.5941 -0.0783 0.8006
vn 0.5454 0.4373 0.715
vn 0.4657 -0.2271 0.8553
vn 0.3355 0.5923 0.7325
vn 0.4623 0.0782 0.8833
vn 0.43 0.3251 0.8422
vn 0.2563 -0.4842 0.8366
vn 0.3352 -0.0916 0.9377
vn 0.1918 0.4735 0.8596
vn 0.1095 -0.6484 0.7534
vn 0.215 0.1069 0.9707
vn 0.0351 -0.713 0.7003
vn 0.2081 0.0961 0.9734
vn 0.185 -0.2532 0.9496
vn 0.1059 -0.3431 0.9333
vn 0.1332 0.0031 0.9911
vn 0.3068 0.5502 0.7766
vn 0.7057 0.2726 0.6539
vn 0.6107 0.4448 0.6551
vn 0.5917 0.4536 0.6665
vn 0.59 0.4524 0.6687
vn 0.5767 0.1869 0.7953
vn 0.2364 0.5205 0.8205
vn 0.3659 -0.3568 0.8595
vn 0.5024 0.1109 0.8575
vn 0.4678 0.3746 0.8006
vn 0.2368 -0.5231 0.8187
vn 0.4264 0.6273 0.6517
vn 0.34 0.2361 0.9103
vn 0.0105 -0.7357 0.6772
vn 0.6674 0.0063 0.7447
vn 0.2177 0.4667 0.8572
vn 0.0063 -0.4512 0.8924
vn 0.1319 0.4053 0.9046
vn 0.6141 0.2125 0.7601
vn 0.0703 0.3279 0.9421
vn 0.4308 -0.2931 0.8535
vn 0.2803 -0.4718 0.836
vn 0.4437 0.3246 0.8353
vn -0.011 0.9871 0.1596
vn -0.974 0.0879 0.2089
vn -0.7406 0.6328 0.226
vn -0.4476 0.873 0.1938
vn -0.246 0.9528 0.1779
vn -0.6141 0.7604 0.2114
vn -0.6101 0.7641 0.2095
vn -0.0682 0.9843 0.1626
vn -0.9044 0.3816 0.191
vn -0.7284 0.6488 0.2203
vn -0.6866 0.6933 0.2187
vn -0.4326 0.88 0.1959
vn -0.4058 0.8932 0.1939
vn -0.9607 0.1903 0.202
vn -0.2102 0.9618 0.1755
vn -0.9614 0.1848 0.2037
vn -0.2096 0.962 0.1753
vn -0.049 0.9864 0.157
vn -0.6961 0.6984 0.1661
vn -0.6986 0.6957 0.1671
vn -0.7088 0.6685 0.2253
vn -0.6689 0.7092 0.2228
vn -0.5762 0.7904 0.2079
vn -0.3959 0.8969 0.1969
vn -0.8079 0.5615 0.1788
vn -0.1684 0.9703 0.1738
vn -0.6508 0.727 0.2191
vn -0.5623 0.7999 0.21
vn -0.5607 0.8011 0.2096
vn -0.9746 0.0374 0.221
vn -0.9745 0.0372 0.2211
vn -0.887 0.4223 0.1866
vn -0.8901 0.4144 0.1897
vn -0.1552 0.9719 0.1768
vn -0.786 0.5921 0.1779
vn -0.6335 0.741 0.2226
vn -0.1199 0.9777 0.1726
vn -0.6677 0.7253 0.1675
vn -0.6618 0.731 0.1661
vn -0.9717 0.0783 0.2228
vn -0.3456 0.9175 0.1967
vn -0.3408 0.9197 0.1948
vn -0.9483 0.2422 0.2049
vn -0.9472 0.2483 0.2029
vn -0.5172 0.8292 0.2121
vn -0.5132 0.8321 0.2104
vn -0.6055 0.7649 0.2196
vn -0.6087 0.762 0.2211
vn -0.8072 0.5624 0.1791
vn -0.102 0.9791 0.1762
vn -0.9644 0.1496 0.2179
vn -0.068 0.9829 0.1714
vn -0.6437 0.7463 0.1694
vn -0.2947 0.9355 0.1951
vn -0.2934 0.9359 0.1948
vn -0.9713 0.0926 0.2192
vn -0.8641 0.4657 0.1908
vn -0.8627 0.4687 0.1899
vn -0.4741 0.8554 0.2088
vn -0.0479 0.9832 0.1759
vn -0.5591 0.799 0.2213
vn -0.5605 0.7979 0.2219
vn -0.9665 0.124 0.2248
vn -0.6187 0.7683 0.1642
vn -0.011 0.9852 0.1708
vn -0.9296 0.3072 0.2039
vn -0.9327 0.2956 0.2068
vn -0.4543 0.8648 0.2138
vn -0.9569 0.1903 0.2194
vn -0.957 0.1896 0.2196
vn -0.245 0.9494 0.1966
vn -0.2403 0.9509 0.1951
vn -0.605 0.778 0.1693
vn -0.4304 0.8779 0.2098
vn -0.1527 0.97 0.1889
vn -0.514 0.8284 0.2227
vn -0.5121 0.8298 0.2219
vn -0.2069 0.9591 0.193
vn -0.3965 0.8933 0.2116
vn -0.4007 0.8911 0.2128
vn -0.8363 0.5135 0.192
vn -0.8348 0.5164 0.191
vn -0.1089 0.9757 0.1903
vn -0.7002 0.6919 0.1762
vn -0.0983 0.9773 0.1876
vn -0.7531 0.6319 0.1831
vn -0.9139 0.3498 0.2061
vn -0.9164 0.3411 0.2094
vn -0.0765 0.9788 0.1901
vn -0.3444 0.9145 0.2123
vn -0.3439 0.9147 0.2121
vn -0.4532 0.8631 0.2229
vn -0.4549 0.862 0.2236
vn -0.5659 0.8078 0.1649
vn -0.5694 0.8052 0.1659
vn -0.0482 0.9812 0.1867
vn -0.9438 0.2466 0.2202
vn -0.9432 0.2499 0.2191
vn -0.0327 0.9811 0.1905
vn -0.7358 0.6524 0.1816
vn -0.7691 0.6119 0.1848
vn -0.2937 0.932 0.2126
vn -0.3997 0.8887 0.2246
vn -0.9025 0.3793 0.204
vn -0.4004 0.8883 0.2249
vn -0.546 0.8205 0.1694
vn -0.8066 0.5593 0.1912
vn -0.807 0.5586 0.1915
vn -0.1688 0.9638 0.2065
vn -0.7216 0.6666 0.1867
vn -0.1482 0.9675 0.2051
vn -0.2384 0.9475 0.213
vn -0.2388 0.9474 0.2132
vn -0.9903 0.0414 0.1326
vn -0.1304 0.9696 0.2072
vn -0.1066 0.9728 0.2055
vn -0.9873 0.0746 0.1401
vn -0.3434 0.912 0.2246
vn -0.7562 0.6279 0.1844
vn -0.3438 0.9117 0.2248
vn -0.9874 0.0713 0.1412
vn -0.5199 0.8384 0.1637
vn -0.0326 0.9789 0.2017
vn -0.0747 0.9759 0.2053
vn -0.9827 0.1233 0.1379
vn -0.9305 0.2931 0.2198
vn -0.0937 0.9739 0.2069
vn -0.1835 0.9595 0.2137
vn -0.2939 0.9288 0.2258
vn -0.2928 0.9292 0.2255
vn -0.0544 0.9768 0.2069
vn -0.9803 0.1362 0.143
vn -0.8839 0.419 0.2079
vn -0.8831 0.421 0.2072
vn -0.697 0.6925 0.1859
vn -0.9744 0.1738 0.1426
vn -0.6923 0.6982 0.1824
vn -0.2649 0.9366 0.2293
vn -0.9745 0.1727 0.143
vn -0.5024 0.8479 0.169
vn -0.2382 0.9448 0.225
vn -0.2128 0.9495 0.2306
vn -0.9671 0.2115 0.1415
vn -0.6727 0.7172 0.1818
vn -0.9859 -0.0131 0.1667
vn -0.0403 0.9749 0.219
vn -0.1723 0.9589 0.2255
vn -0.9621 0.2294 0.1476
vn -0.4767 0.8638 0.1633
vn -0.6003 0.7799 0.1772
vn -0.1548 0.9611 0.2285
vn -0.908 0.3568 0.2194
vn -0.1281 0.9656 0.2261
vn -0.1038 0.9681 0.228
vn -0.9554 0.2579 0.1439
vn -0.095 0.9693 0.2267
vn -0.9838 0.0767 0.1623
vn -0.9865 0.0273 0.1612
vn -0.9255 0.3049 0.2246
vn -0.9867 0.0297 0.1598
vn -0.0566 0.9721 0.2277
vn -0.6572 0.7306 0.1852
vn -0.8581 0.4702 0.2064
vn -0.9794 0.1257 0.1582
vn -0.8599 0.4664 0.2077
vn -0.9781 0.1378 0.1559
vn -0.9466 0.2848 0.1512
vn -0.0451 0.9713 0.2335
vn -0.0093 0.9718 0.2356
vn -0.9901 0.0139 0.1394
vn -0.586 0.7903 0.179
vn -0.9892 -0.011 0.1459
vn -0.4554 0.874 0.1694
vn -0.984 0.091 0.1529
vn -0.7998 0.5654 0.2018
vn -0.9397 0.3093 0.1458
vn -0.8959 0.3842 0.223
vn -0.9829 -0.0121 0.1837
vn -0.9821 0.086 0.1676
vn -0.981 0.0395 0.1898
vn -0.9717 0.1741 0.1595
vn -0.9714 0.1761 0.1591
vn -0.6366 0.7495 0.1814
vn -0.9293 0.3358 0.1534
vn -0.9788 0.0231 0.2037
vn -0.9776 0.0358 0.2073
vn -0.427 0.8899 0.1607
vn -0.7519 0.6287 0.1986
vn -0.9121 0.3434 0.2238
vn -0.9636 0.2128 0.1616
vn -0.984 0.0076 0.1778
vn -0.9892 0.009 0.1462
vn -0.9784 0.1196 0.1686
vn -0.988 0.0253 0.1521
vn -0.9871 0.074 0.142
vn -0.6233 0.7602 0.1831
vn -0.9194 0.3651 0.1465
vn -0.8304 0.5174 0.2069
vn -0.8322 0.514 0.2081
vn -0.5405 0.8224 0.1774
vn -0.9565 0.2456 0.1575
vn -0.96 0.2272 0.1636
vn -0.9274 0.3385 0.1592
vn -0.9103 0.3838 0.1549
vn -0.3976 0.9018 0.1695
vn -0.8814 0.4175 0.2212
vn -0.8793 0.4229 0.219
vn -0.9836 0.0314 0.1776
vn -0.9837 0.0346 0.1765
vn -0.8986 0.4103 0.1555
vn -0.5204 0.8347 0.1803
vn -0.6867 0.7002 0.1953
vn -0.8978 0.4123 0.1549
vn -0.7769 0.5998 0.1915
vn -0.7465 0.6362 0.195
vn -0.7281 0.6568 0.1963
vn -0.982 0.0673 0.1768
vn -0.7727 0.6032 0.1975
vn -0.7788 0.5934 0.2033
vn -0.5674 0.8022 0.1861
vn -0.9446 0.2839 0.1645
vn -0.9428 0.2914 0.1622
vn -0.3663 0.9169 0.1585
vn -0.721 0.6632 0.2008
vn -0.884 0.4407 0.156
vn -0.5018 0.8467 0.1768
vn -0.8066 0.5535 0.2076
vn -0.9137 0.3739 0.1591
vn -0.8761 0.4549 0.1599
vn -0.5752 0.7967 0.1857
vn -0.8553 0.4682 0.2221
vn -0.8541 0.4708 0.2211
vn -0.334 0.9284 0.1627
vn -0.3488 0.9229 0.1632
vn -0.656 0.7289 0.1957
vn -0.6549 0.7301 0.1952
vn -0.9296 0.3298 0.1649
vn -0.481 0.8581 0.1797
vn -0.7695 0.6031 0.2102
vn -0.8594 0.4864 0.1573
vn -0.3228 0.9318 0.1658
vn -0.973 0.1432 0.181
vn -0.9811 -0 0.1933
vn -0.4546 0.8727 0.178
vn -0.4502 0.8753 0.1763
vn -0.8548 0.494 0.1588
vn -0.846 0.5093 0.1576
vn -0.3978 0.9018 0.1692
vn -0.3658 0.9143 0.1738
vn -0.9804 0.0169 0.1963
vn -0.8277 0.5152 0.2223
vn -0.8237 0.5229 0.2192
vn -0.6135 0.7653 0.1946
vn -0.616 0.7631 0.1956
vn -0.9675 0.1736 0.1837
vn -0.9657 0.1864 0.1807
vn -0.6944 0.6908 0.2015
vn -0.7465 0.6321 0.2077
vn -0.8323 0.5298 0.163
vn -0.2706 0.949 0.162
vn -0.2713 0.9487 0.1625
vn -0.9779 0.0877 0.1898
vn -0.9783 0.0777 0.1923
vn -0.4101 0.8944 0.1785
vn -0.921 0.3482 0.1746
vn -0.8148 0.557 0.1607
vn -0.7296 0.6507 0.2103
vn -0.1933 0.9616 0.1946
vn -0.7305 0.6497 0.2105
vn -0.9607 0.2102 0.1813
vn -0.597 0.7783 0.1946
vn -0.7952 0.5652 0.2196
vn -0.7302 0.6603 0.1753
vn -0.7954 0.5649 0.2198
vn -0.8085 0.5652 0.1637
vn -0.148 0.9705 0.1902
vn -0.8936 0.4135 0.1747
vn -0.9101 0.3775 0.1708
vn -0.9742 0.1206 0.1905
vn -0.5443 0.816 0.1946
vn -0.9526 0.2421 0.1844
vn -0.952 0.2447 0.1839
vn -0.2161 0.9627 0.1626
vn -0.2107 0.9644 0.1598
vn -0.7759 0.592 0.2181
vn -0.5206 0.8314 0.1944
vn -0.7812 0.6024 0.164
vn -0.7829 0.6 0.1646
vn -0.6901 0.692 0.2118
vn -0.6869 0.6959 0.2093
vn -0.7644 0.6046 0.224
vn -0.8739 0.4541 0.1735
vn -0.1752 0.9712 0.1612
vn -0.1689 0.9729 0.1582
vn -0.3985 0.8984 0.1845
vn -0.8927 0.4152 0.1753
vn -0.3153 0.9326 0.1758
vn -0.9369 0.2974 0.1838
vn -0.5173 0.8332 0.1953
vn -0.9389 0.2898 0.1856
vn -0.7586 0.6306 0.1639
vn -0.762 0.6262 0.1649
vn -0.2942 0.9389 0.1784
vn -0.8525 0.4925 0.175
vn -0.6531 0.7277 0.2096
vn -0.6521 0.7287 0.2091
vn -0.9217 0.341 0.1847
vn -0.3592 0.9154 0.1816
vn -0.1202 0.9798 0.1595
vn -0.1195 0.98 0.1592
vn -0.7344 0.6576 0.168
vn -0.9756 0.0762 0.2058
vn -0.9694 0.1378 0.2031
vn -0.9694 0.1386 0.2025
vn -0.4759 0.8575 0.1952
vn -0.4785 0.8559 0.1959
vn -0.9199 0.345 0.1863
vn -0.2698 0.9471 0.1737
vn -0.866 0.4677 0.1771
vn -0.8312 0.5275 0.1756
vn -0.8393 0.5136 0.1784
vn -0.3511 0.9183 0.183
vn -0.7241 0.6699 0.1641
vn -0.0922 0.9831 0.1581
vn -0.6441 0.0101 -0.7648
vn -0.7517 0.0062 -0.6595
vn -0.7923 0.004 -0.6102
vn -0.8113 0.0035 -0.5847
vn -0.8654 -0.0009 -0.501
vn -0.873 0.002 -0.4877
vn -0.9009 0.0035 -0.4341
vn -0.9143 -0.0026 -0.4051
vn -0.9291 0.0011 -0.3698
vn -0.9305 0.002 -0.3664
vn -0.9414 -0.0012 -0.3373
vn -0.9526 0.0017 -0.3042
vn -0.9562 -0.0004 -0.2928
vn -0.9652 -0.0012 -0.2616
vn -0.9719 0.0007 -0.2355
vn -0.9734 0.002 -0.2291
vn -0.9777 -0.0003 -0.21
vn -0.9838 -0.0008 -0.1792
vn -0.9871 0.0019 -0.1598
vn -0.9912 -0.0017 -0.1321
vn -0.9967 0.001 -0.0806
vn -0.9959 0.0018 -0.0904
vn -0.9995 0.0003 -0.0327
vn -0.9988 0.0034 -0.0484
vn -0.4797 0.8716 0.1013
vn -0.4607 0.8866 0.0398
vn -0.0069 0.0796 -0.9968
vn -0.0045 0.0721 -0.9974
vn -0.4302 0.8963 0.1074
vn -0.3891 0.9199 0.0483
vn -0.0522 0.0841 -0.9951
vn -0.9955 0.0792 -0.0526
vn -0.0572 0.0709 -0.9958
vn -0.9989 0.0373 -0.0279
vn -0.3102 0.9496 0.0441
vn -0.1021 0.0778 -0.9917
vn -0.2729 0.9555 0.1124
vn -0.1119 0.1026 -0.9884
vn -0.2403 0.9694 0.051
vn -0.1394 0.0751 -0.9874
vn -0.1649 0.1048 -0.9807
vn -0.1655 0.9824 0.0869
vn -0.999 0.0321 -0.0322
vn -0.9991 0.0299 -0.0287
vn -0.1846 0.0736 -0.9801
vn -0.1342 0.9876 0.0819
vn -0.2191 0.1178 -0.9686
vn -1 0.003 -0.0042
vn -0.9993 0.026 -0.0278
vn -0.0648 0.995 0.0756
vn -0.2336 0.09 -0.9682
vn -0.27 0.1153 -0.9559
vn -1 0.0063 -0.0039
vn -0.2812 0.0941 -0.955
vn -0.9996 -0.0161 0.0211
vn 0.0004 0.9968 0.0804
vn -0.3218 0.1262 -0.9383
vn -0.3241 0.12 -0.9384
vn -0.9996 -0.0161 0.0212
vn -0.9971 -0.0395 0.0644
vn -0.3716 0.0928 -0.9237
vn -0.3913 0.1548 -0.9072
vn -0.4255 0.0812 -0.9013
vn -0.9972 -0.0372 0.0642
vn -0.9968 -0.0404 0.0687
vn -0.4541 0.1377 -0.8803
vn -0.996 -0.0429 0.0784
vn -0.4847 0.087 -0.8703
vn -0.5019 0.1269 -0.8556
vn -0.9968 -0.0368 0.0714
vn -0.9977 -0.0302 0.0607
vn -0.5337 0.0827 -0.8416
vn -0.5486 0.1114 -0.8286
vn -0.9977 -0.0286 0.0607
vn -0.9978 -0.0286 0.0605
vn -0.58 0.0584 -0.8125
vn -0.6003 0.1123 -0.7918
vn -0.9974 -0.029 0.0666
vn -0.9976 -0.0272 0.0632
vn -0.6432 0.0191 -0.7654
vn -0.6598 0.0946 -0.7454
vn -0.9968 -0.0288 0.0739
vn -0.9961 -0.0311 0.0828
vn -0.6879 0.0454 -0.7244
vn -0.7097 0.0702 -0.701
vn -0.9965 -0.0271 0.0787
vn -0.7084 0.061 -0.7032
vn -0.738 0.0602 -0.6721
vn -0.9956 -0.0282 0.0889
vn -0.9965 -0.0242 0.0797
vn -0.7487 0.0351 -0.662
vn -0.9964 -0.0219 0.0816
vn -0.7715 0.0691 -0.6325
vn -0.9982 -0.0139 0.0587
vn -0.8122 0.0646 -0.5798
vn -0.9965 -0.0154 0.0821
vn -0.8365 0.0419 -0.5464
vn -0.9982 0.0413 0.0426
vn -0.8408 0.0898 -0.5338
vn -0.9928 0.1069 0.0539
vn -0.8698 0.0812 -0.4867
vn -0.8674 0.0436 -0.4957
vn -0.9871 0.1317 0.0912
vn -0.9847 0.167 0.0503
vn -0.8906 0.0725 -0.449
vn -0.8906 0.066 -0.4499
vn -0.9555 0.2933 0.0326
vn -0.9096 0.0919 -0.4053
vn -0.9431 0.3155 0.105
vn -0.9235 0.0509 -0.3801
vn -0.9287 0.3647 0.0672
vn -0.93 0.0889 -0.3567
vn -0.9471 0.0418 -0.3181
vn -0.878 0.4748 0.0608
vn -0.9465 0.0926 -0.3091
vn -0.9634 0.068 -0.2592
vn -0.8381 0.5428 0.0539
vn -0.8189 0.5638 0.1074
vn -0.9672 0.0523 -0.2487
vn -0.7991 0.5979 0.0628
vn -0.9743 0.0843 -0.2091
vn -0.982 0.0512 -0.1821
vn -0.7524 0.6549 0.0708
vn -0.7281 0.6761 0.1134
vn -0.7018 0.7089 0.0701
vn -0.7004 0.7111 0.0622
vn -0.984 0.0864 -0.1555
vn -0.6655 0.7397 0.0997
vn -0.6525 0.755 0.0646
vn -0.624 0.7742 0.1064
vn -0.6059 0.7943 0.0449
vn -0.997 0.0462 -0.0619
vn -0.9936 0.0906 -0.0668
vn -0.5684 0.8148 0.1144
vn -0.5406 0.8403 0.0413
vn -0.5241 0.8465 0.0942
vn 0.906 0.4232 -0.0001
vn -0.1313 0.9913 -0.0005
vn -0.1204 0.9927 0.0001
vn -1 -0.0049 -0.0001
vn 0.9349 0.3548 0
vn 0.9348 0.3552 0
vn -0.9985 0.0555 0.0001
vn -0.9985 0.0549 0.0001
vn -0.0638 0.998 0.0006
vn -0.0441 0.999 -0.0004
vn 0.9566 0.2914 -0.0002
vn -0.9942 0.1077 0.0003
vn 0.9608 0.2773 0.0005
vn -0.9931 0.117 -0.0002
vn 0.9723 0.2335 -0.0001
vn -0.0161 0.9999 0.0005
vn -0.9835 0.1808 0.0004
vn 0.9741 0.2261 0.0003
vn -0.982 0.189 -0.0001
vn 0.9835 0.1808 0.0009
vn -0.9719 0.2356 0.0004
vn 0.0538 0.9986 -0.0002
vn -0.9673 0.2535 -0.0002
vn 0.9893 0.1462 -0.0007
vn 0.0511 0.9987 -0.0001
vn 0.9946 0.1039 0.0007
vn -0.9559 0.2936 0.0009
vn -0.9498 0.313 -0.0002
vn 0.0968 0.9953 0.0005
vn 0.9973 0.0734 -0.0002
vn 0.1283 0.9917 -0.0004
vn 0.9985 0.0549 0.0004
vn 0.1475 0.9891 0.0005
vn -0.928 0.3725 -0.0001
vn 0.9999 0.016 -0.0001
vn -0.9245 0.3812 0.0004
vn 1 -0.003 -0.0001
vn 0.2114 0.9774 0.0001
vn 1 0.0059 -0.0075
vn 1 0.0008 0.0013
vn 0.9999 0.0121 -0.001
vn -0.9031 0.4295 0.0002
vn -0.9045 0.4264 -0
vn 0.2201 0.9755 -0.0004
vn -0.8778 0.479 0.0005
vn 0.2789 0.9603 0.0003
vn -0.8725 0.4886 -0.0001
vn 0.2923 0.9563 -0.0002
vn -0.8405 0.5419 0.0005
vn 0.3292 0.9443 0.0008
vn -0.8328 0.5535 -0.0003
vn 0.3662 0.9305 -0.0005
vn 0.4063 0.9138 0.0006
vn -0.7934 0.6087 0.0003
vn -0.7916 0.611 0.0002
vn 0.4237 0.9058 -0.0003
vn -0.7578 0.6525 0.0004
vn -0.7528 0.6582 -0.0001
vn 0.484 0.8751 0
vn 0.4871 0.8734 0.0003
vn -0.703 0.7112 -0.0001
vn -0.7006 0.7136 0.0002
vn 0.5354 0.8446 0.0003
vn 0.54 0.8417 -0
vn -0.6506 0.7594 -0.0002
vn -0.6522 0.7581 -0.0003
vn 0.5958 0.8031 0.0001
vn 0.5934 0.8049 -0.0001
vn -0.6056 0.7957 0.0006
vn 0.6308 0.7759 0.0007
vn -0.5807 0.8141 -0.0007
vn 0.654 0.7565 -0.0003
vn 0.6798 0.7334 0.001
vn -0.5407 0.8412 0.0008
vn -0.5125 0.8587 -0.0008
vn 0.7109 0.7033 -0.0007
vn -0.4609 0.8874 0.0008
vn 0.7506 0.6608 0.0007
vn 0.7592 0.6508 -0.0002
vn -0.4347 0.9006 -0.0006
vn -0.385 0.9229 0.0005
vn -0.3725 0.928 -0.0001
vn 0.8088 0.588 0.0002
vn 0.8142 0.5806 -0.0004
vn -0.3143 0.9493 -0.0001
vn -0.3086 0.9512 0.0003
vn 0.8533 0.5214 0.0007
vn 0.8677 0.4971 -0.0008
vn -0.2343 0.9722 0.0005
vn -0.2206 0.9754 -0.0004
vn 0.889 0.4579 0.0006
vn -0.1826 0.9832 0.0005
vn 0.9077 0.4196 0.0001
vn -0.0457 -0.8595 -0.509
vn -0.1703 -0.7866 -0.5935
vn -0.1704 -0.7452 -0.6447
vn -0.1639 -0.819 -0.5498
vn -0.1049 -0.8637 -0.493
vn -0.1022 -0.8601 -0.4998
vn -0.1975 -0.8496 -0.489
vn -0.1359 -0.954 -0.2672
vn -0.1683 -0.0882 -0.9818
vn -0.1622 -0.7304 -0.6635
vn -0.2094 -0.4022 -0.8913
vn -0.1817 -0.657 -0.7317
vn -0.0125 -0.9107 -0.413
vn -0.2267 -0.598 -0.7688
vn -0.2188 -0.2795 -0.9349
vn -0.2213 -0.8148 -0.5358
vn -0.1843 -0.7211 -0.6678
vn -0.0481 -0.9285 -0.3682
vn -0.2417 -0.6787 -0.6935
vn -0.2242 -0.1926 -0.9553
vn -0.251 -0.6309 -0.7341
vn -0.2875 -0.578 -0.7637
vn -0.2273 -0.3294 -0.9164
vn 0.0026 -0.9545 -0.2983
vn -0.2202 -0.7527 -0.6205
vn -0.0206 -0.9656 -0.2591
vn -0.0356 -0.9623 -0.2698
vn -0.2273 -0.7427 -0.6299
vn -0.0119 -0.9864 -0.1638
vn -0.2003 -0.8428 -0.4996
vn -0.2701 -0.71 -0.6503
vn -0.2425 -0.6694 -0.7022
vn -0.2715 -0.4497 -0.8509
vn -0.3057 -0.6308 -0.7132
vn -0.1173 -0.9547 -0.2735
vn -0.0796 -0.9745 -0.2096
vn -0.2668 -0.2964 -0.917
vn -0.3082 -0.336 -0.89
vn -0.2546 -0.1957 -0.947
vn -0.2744 -0.61 -0.7433
vn -0.18 -0.8945 -0.4091
vn -0.184 -0.89 -0.4172
vn -0.0073 -0.9998 -0.0182
vn -0.2608 -0.874 -0.4101
vn -0.2267 -0.7969 -0.5599
vn -0.1995 -0.9306 -0.3069
vn -0.3129 -0.718 -0.6217
vn -0.2895 -0.7783 -0.5572
vn -0.1948 -0.9261 -0.3232
vn -0.1118 -0.9595 -0.2585
vn -0.2652 -0.2835 -0.9216
vn -0.2693 -0.834 -0.4815
vn -0.2798 -0.8521 -0.4423
vn -0.3139 -0.5468 -0.7762
vn -0.3659 -0.6377 -0.6778
vn -0.3163 -0.4338 -0.8436
vn -0.2422 -0.8951 -0.3743
vn -0.1312 -0.9828 -0.1303
vn -0.1375 -0.98 -0.1438
vn -0.3186 -0.696 -0.6436
vn -0.3216 -0.4391 -0.8389
vn -0.3508 -0.358 -0.8653
vn -0.3137 -0.6165 -0.7222
vn -0.2908 -0.7708 -0.5668
vn -0.3079 -0.3448 -0.8867
vn -0.0933 -0.9862 -0.137
vn -0.0695 -0.9808 -0.1824
vn -0.235 -0.9333 -0.2714
vn -0.2745 -0.9021 -0.3329
vn -0.2874 -0.9081 -0.3047
vn -0.0674 -0.9977 -0.0089
vn -0.0305 -0.9944 -0.1013
vn -0.3451 -0.3391 -0.8751
vn -0.3332 -0.2931 -0.8961
vn -0.1847 -0.9527 -0.2415
vn -0.2674 -0.9237 -0.2742
vn -0.3619 -0.718 -0.5946
vn -0.4291 -0.64 -0.6374
vn -0.1891 -0.9763 -0.1051
vn -0.304 -0.8863 -0.3492
vn -0.3883 -0.4114 -0.8246
vn -0.3048 -0.8021 -0.5135
vn -0.3094 -0.8654 -0.3942
vn -0.2069 -0.9585 -0.196
vn -0.1992 -0.9796 -0.0275
vn -0.3296 -0.9164 -0.2271
vn -0.3524 -0.8885 -0.2938
vn -0.3983 -0.4562 -0.7957
vn -0.4387 -0.5212 -0.732
vn -0.1856 -0.9808 -0.0601
vn -0.0901 -0.9956 -0.0274
vn -0.3545 -0.8853 -0.3008
vn -0.2266 -0.9734 -0.0341
vn -0.2432 -0.9687 -0.0491
vn -0.1382 -0.9894 -0.0452
vn -0.3766 -0.3078 -0.8737
vn -0.3312 -0.8366 -0.4363
vn -0.1341 -0.9895 -0.0543
vn -0.389 -0.4266 -0.8165
vn -0.3753 -0.7018 -0.6055
vn -0.2677 -0.9596 -0.0869
vn -0.1775 -0.9743 -0.1386
vn -0.2321 -0.9389 -0.254
vn -0.3663 -0.6348 -0.6804
vn -0.3777 -0.3342 -0.8635
vn -0.3887 -0.8482 -0.3598
vn -0.4747 -0.6336 -0.6109
vn -0.4464 -0.5983 -0.6654
vn -0.3581 -0.8569 -0.3708
vn -0.3719 -0.8694 -0.3253
vn -0.3399 -0.7679 -0.543
vn -0.3571 -0.7816 -0.5114
vn -0.2787 -0.9602 -0.0163
vn -0.4193 -0.2613 -0.8694
vn -0.4136 -0.7249 -0.5509
vn -0.2195 -0.9638 -0.1516
vn -0.379 -0.8422 -0.3835
vn -0.2962 -0.9539 -0.0489
vn -0.4202 -0.3955 -0.8167
vn -0.2394 -0.963 -0.1239
vn -0.4299 -0.3335 -0.8391
vn -0.4785 -0.4166 -0.773
vn -0.4258 -0.8646 -0.2669
vn -0.4284 -0.8654 -0.26
vn -0.3316 -0.9394 -0.0872
vn -0.4636 -0.619 -0.634
vn -0.2908 -0.9443 -0.1542
vn -0.3419 -0.9388 -0.0423
vn -0.3232 -0.9461 -0.0198
vn -0.3797 -0.8491 -0.3673
vn -0.4166 -0.7812 -0.465
vn -0.3903 -0.7707 -0.5037
vn -0.4781 -0.4193 -0.7717
vn -0.2748 -0.9476 -0.1631
vn -0.4293 -0.66 -0.6165
vn -0.4922 -0.6663 -0.5602
vn -0.4715 -0.8415 -0.2637
vn -0.4529 -0.7007 -0.5513
vn -0.3689 -0.9291 -0.0246
vn -0.4526 -0.7181 -0.5287
vn -0.4044 -0.8258 -0.3931
vn -0.5394 -0.3945 -0.7439
vn -0.3882 -0.9203 -0.0488
vn -0.4923 -0.6054 -0.6254
vn -0.4425 -0.522 -0.7292
vn -0.4775 -0.8422 -0.2503
vn -0.2893 -0.9476 -0.1357
vn -0.4212 -0.8312 -0.3629
vn -0.3321 -0.9137 -0.234
vn -0.4105 -0.9074 -0.0896
vn -0.5284 -0.6911 -0.4932
vn -0.437 -0.7597 -0.4816
vn -0.4724 -0.8552 -0.2134
vn -0.4217 -0.9067 -0.012
vn -0.5312 -0.5796 -0.618
vn -0.318 -0.9358 -0.1521
vn -0.5014 -0.7102 -0.4941
vn -0.5196 -0.8184 -0.2452
vn -0.5485 -0.6722 -0.4974
vn -0.5605 -0.597 -0.5739
vn -0.4809 -0.7653 -0.4279
vn -0.4482 -0.8923 -0.0536
vn -0.4571 -0.886 -0.0781
vn -0.3524 -0.9292 -0.111
vn -0.58 -0.4038 -0.7075
vn -0.5218 -0.8404 -0.1464
vn -0.4676 -0.8787 -0.0963
vn -0.4798 -0.77 -0.4205
vn -0.4791 -0.8185 -0.3171
vn -0.4517 -0.8048 -0.3851
vn 0.0019 0.0575 -0.9983
vn -0.4768 -0.6683 -0.571
vn -0.3841 -0.909 -0.1618
vn -0.3651 -0.9217 -0.1311
vn -0.4629 -0.8863 -0.012
vn -0.6095 -0.5854 -0.5346
vn -0.0033 -0.0105 -0.9999
vn -0.5312 -0.8313 -0.1637
vn -0.6294 -0.4268 -0.6493
vn 0.0021 -0.1184 -0.993
vn -0.4995 -0.7225 -0.478
vn -0.4007 -0.8955 -0.1937
vn -0.5034 -0.7986 -0.3299
vn 0.0084 -0.1341 -0.9909
vn -0.5638 -0.8109 -0.1566
vn -0.0271 -0.1322 -0.9908
vn -0.0125 -0.1048 -0.9944
vn -0.5559 -0.801 -0.2223
vn -0.5147 -0.8568 -0.0318
vn -0.4376 -0.8848 -0.16
vn -0.4144 -0.9043 -0.1022
vn -0.5188 -0.8547 -0.0215
vn -0.6527 -0.5975 -0.4658
vn -0.5819 -0.8036 -0.1245
vn -0.498 -0.8098 -0.3102
vn -0.5239 -0.758 -0.3887
vn -0.4944 -0.6882 -0.531
vn -0.5574 -0.8297 -0.0302
vn -0.451 -0.8759 -0.1716
vn -0.6899 -0.453 -0.5646
vn -0.6919 -0.5098 -0.5112
vn -0.6203 -0.7624 -0.1844
vn -0.5282 -0.789 -0.3138
vn -0.537 -0.7415 -0.4022
vn -0.5684 -0.8227 -0.0074
vn -0.6884 -0.539 -0.4853
vn -0.6181 -0.7751 -0.1312
vn -0.5368 -0.8039 -0.2559
vn -0.7309 -0.448 -0.5148
vn -0.7079 -0.6016 -0.3702
vn -0.6065 -0.7941 -0.0391
vn -0.4964 -0.8573 -0.1368
vn -0.6554 -0.7273 -0.2036
vn -0.6108 -0.7912 -0.0292
vn -0.5584 -0.7835 -0.2727
vn -0.7865 -0.4632 -0.4085
vn -0.6444 -0.7631 -0.049
vn -0.6899 -0.7137 -0.1215
vn -0.7537 -0.5496 -0.3604
vn -0.7586 -0.5506 -0.3484
vn -0.4873 -0.8703 -0.0719
vn -0.7857 -0.4676 -0.4051
vn -0.6662 -0.7455 -0.022
vn -0.6879 -0.725 -0.0349
vn -0.5415 -0.7481 -0.3835
vn -0.8301 -0.4421 -0.3397
vn -0.7346 -0.6643 -0.1382
vn -0.5695 -0.7109 -0.4126
vn -0.6934 -0.7201 -0.0263
vn -0.726 -0.6818 -0.09
vn -0.8272 -0.4525 -0.3332
vn -0.7528 -0.6484 -0.1134
vn -0.8695 -0.4057 -0.2818
vn -0.9368 -0.3214 -0.1384
vn -0.5681 -0.7827 -0.2543
vn -0.5705 -0.703 -0.4246
vn -0.976 -0.2093 -0.0608
vn -0.9691 -0.2435 -0.0389
vn -0.9855 -0.1629 -0.0475
vn -0.9657 -0.2595 -0.0066
vn -0.9987 -0.0502 -0.0026
vn -0.0431 0.0106 -0.999
vn -0.5179 -0.8491 -0.1043
vn -0.0474 -0.2153 -0.9754
vn -0.0327 -0.1076 -0.9937
vn -0.6224 -0.6916 -0.3664
vn -0.5386 -0.8389 -0.0782
vn -0.0739 -0.0717 -0.9947
vn -0.054 -0.2908 -0.9553
vn -0.6019 -0.7372 -0.307
vn -0.0606 -0.2478 -0.9669
vn -0.0786 -0.3337 -0.9394
vn -0.6025 -0.7326 -0.3166
vn -0.0857 -0.4203 -0.9033
vn -0.0376 -0.4765 -0.8783
vn -0.6482 -0.6669 -0.3676
vn -0.5856 -0.7579 -0.2877
vn -0.0579 -0.5918 -0.804
vn -0.6705 -0.6103 -0.4218
vn -0.6461 -0.6782 -0.3501
vn -0.0861 -0.3288 -0.9405
vn -0.092 -0.3819 -0.9196
vn -0.107 -0.4607 -0.8811
vn -0.1153 -0.3596 -0.9259
vn -0.5694 -0.8182 -0.0799
vn -0.0861 -0.2763 -0.9572
vn -0.5631 -0.8214 -0.091
vn -0.0982 -0.5996 -0.7943
vn -0.0967 -0.4977 -0.8619
vn -0.121 -0.4689 -0.8749
vn -0.0957 -0.1062 -0.9897
vn -0.0659 -0.691 -0.7198
vn -0.6477 -0.697 -0.3076
vn -0.1209 -0.2677 -0.9559
vn -0.1154 -0.395 -0.9114
vn -0.6222 -0.7474 -0.2329
vn -0.1446 -0.3858 -0.9112
vn -0.1221 -0.117 -0.9856
vn -0.6634 -0.6964 -0.2737
vn -0.1232 -0.6464 -0.753
vn -0.052 -0.734 -0.6772
vn -0.1105 -0.7237 -0.6812
vn -0.1649 -0.4745 -0.8647
vn -0.1523 -0.3167 -0.9362
vn -0.1765 -0.3678 -0.913
vn -0.1333 -0.6905 -0.7109
vn -0.6661 -0.6354 -0.3906
vn -0.7122 -0.5426 -0.4453
vn -0.5981 -0.7878 -0.1473
vn -0.1274 -0.7362 -0.6647
vn -0.6871 -0.6518 -0.321
vn -0.1845 -0.7308 -0.6572
vn -0.1041 -0.7628 -0.6382
vn -0.035 -0.9894 -0.141
vn -0.0748 -0.789 -0.6098
vn -0.6642 -0.7137 -0.2225
vn -0.6563 -0.7276 -0.1995
vn -0.6856 -0.6628 -0.3011
vn -0.1814 -0.4323 -0.8833
vn -0.0589 -0.8698 -0.4898
vn -0.6197 -0.7767 -0.113
vn -0.0184 -0.9852 -0.1706
vn -0.6176 -0.7831 -0.0736
vn -0.1427 -0.8316 -0.5367
vn -0.1311 -0.8383 -0.5292
vn 0.0434 -0.9966 -0.0699
vn -0.151 -0.8441 -0.5145
vn -0.2334 -0.4388 -0.8677
vn -0.6967 -0.6661 -0.2664
vn -0.2432 -0.4978 -0.8325
vn -0.2908 -0.5804 -0.7606
vn -0.0792 -0.9177 -0.3892
vn -0.7121 -0.602 -0.3612
vn -0.2322 -0.2477 -0.9406
vn -0.7364 -0.4963 -0.4597
vn -0.264 -0.3983 -0.8785
vn -0.1049 -0.9111 -0.3985
vn -0.6557 -0.7473 -0.1078
vn -0.6945 -0.6897 -0.2049
vn -0.3109 -0.5131 -0.8
vn -0.2064 -0.1022 -0.9731
vn -0.2826 -0.2149 -0.9349
vn -0.657 -0.7465 -0.1055
vn -0.7239 -0.6325 -0.2755
vn -0.7429 -0.5013 -0.4436
vn -0.3628 -0.5631 -0.7425
vn -0.2791 -0.1982 -0.9396
vn -0.7318 -0.6137 -0.2964
vn -0.3505 -0.4281 -0.833
vn -0.3713 -0.5291 -0.763
vn -0.4074 -0.5442 -0.7334
vn -0.3525 -0.2932 -0.8887
vn -0.4322 -0.5168 -0.739
vn -0.3542 -0.3104 -0.8821
vn -0.6991 -0.6875 -0.1963
vn -0.6979 -0.7084 -0.1054
vn -0.4623 -0.5966 -0.656
vn -0.4299 -0.5294 -0.7314
vn -0.4451 -0.5458 -0.7099
vn -0.4033 -0.4478 -0.798
vn -0.4218 -0.5038 -0.7538
vn -0.4754 -0.495 -0.7273
vn -0.4734 -0.5418 -0.6945
vn -0.4915 -0.6508 -0.5787
vn -0.7582 -0.5928 -0.2716
vn -0.5358 -0.5055 -0.6763
vn -0.7288 -0.6494 -0.2171
vn -0.54 -0.4811 -0.6906
vn -0.5653 -0.5669 -0.5993
vn -0.5614 -0.4856 -0.67
vn -0.5323 -0.6669 -0.5215
vn -0.7308 -0.6491 -0.211
vn -0.7279 -0.6587 -0.1907
vn -0.6053 -0.5261 -0.5974
vn -0.59 -0.4779 -0.6508
vn -0.7602 -0.5879 -0.2767
vn -0.5822 -0.6539 -0.4832
vn -0.5923 -0.636 -0.4947
vn -0.6224 -0.5296 -0.5763
vn -0.627 -0.6419 -0.4414
vn -0.635 -0.6218 -0.4585
vn -0.6473 -0.5496 -0.5281
vn -0.6222 -0.5073 -0.5962
vn -0.6368 -0.5122 -0.5764
vn -0.8147 -0.4948 -0.3024
vn -0.7826 -0.5087 -0.3589
vn -0.7728 -0.6018 -0.2016
vn -0.9595 -0.2761 -0.0558
vn -0.6965 -0.7103 -0.102
vn -0.9658 -0.259 -0.0069
vn -1 -0.0087 0.0046
vn -0.0435 -0.1153 -0.9924
vn -0.0363 -0.0288 -0.9989
vn -0.1067 -0.1216 -0.9868
vn -0.7546 -0.6138 -0.232
vn -0.1774 -0.2942 -0.9391
vn -0.2203 -0.5001 -0.8375
vn -0.1421 -0.8896 -0.4341
vn -0.1531 -0.927 -0.3424
vn -0.125 -0.8752 -0.4674
vn -0.1486 -0.9337 -0.3257
vn -0.1584 -0.9638 -0.2144
vn -0.7223 -0.6905 -0.0387
vn -0.7305 -0.6798 -0.0649
vn -0.7563 -0.6353 -0.1561
vn -0.8044 -0.5357 -0.2568
vn -0.7972 -0.5561 -0.2352
vn -0.728 -0.6849 -0.03
vn -0.8514 -0.459 -0.2537
vn -0.8188 -0.4865 -0.3047
vn -0.7768 -0.5941 -0.2087
vn -0.7767 -0.6165 -0.1292
vn -0.7831 -0.5938 -0.1847
vn -0.8074 -0.5635 -0.1747
vn -0.7583 -0.6511 -0.0309
vn -0.8359 -0.5007 -0.2248
vn -0.7855 -0.613 -0.0848
vn -0.762 -0.6466 -0.0373
vn -0.8267 -0.5259 -0.2001
vn -0.8652 -0.4172 -0.2783
vn -0.8074 -0.5636 -0.1746
vn -0.8159 -0.5617 -0.1371
vn -0.8469 -0.4739 -0.2413
vn -0.8344 -0.532 -0.1439
vn -0.8765 -0.4408 -0.1934
vn -0.7938 -0.5999 -0.0998
vn -0.8686 -0.4677 -0.1637
vn -0.8376 -0.5082 -0.2002
vn -0.8063 -0.5864 -0.0777
vn -0.8504 -0.5034 -0.1529
vn -0.7931 -0.6046 -0.0747
vn -0.7986 -0.6014 -0.0237
vn -0.7968 -0.604 -0.0183
vn -0.8917 -0.4107 -0.1903
vn -0.8683 -0.4685 -0.1631
vn -0.8435 -0.523 -0.1227
vn -0.8722 -0.463 -0.158
vn -0.8234 -0.5588 -0.0987
vn -0.8321 -0.5541 -0.0254
vn -0.9104 -0.3816 -0.1597
vn -0.9076 -0.3841 -0.1694
vn -0.8502 -0.5221 -0.0672
vn -0.8681 -0.4847 -0.1071
vn -0.8887 -0.4396 -0.1302
vn -0.8866 -0.4406 -0.1407
vn -0.8319 -0.5544 -0.0231
vn -0.8336 -0.5516 -0.0273
vn -0.8758 -0.4752 -0.0853
vn -0.9199 -0.3479 -0.181
vn -0.9113 -0.3954 -0.1147
vn -0.9067 -0.4127 -0.0873
vn -0.9219 -0.3595 -0.1442
vn -0.9062 -0.4133 -0.0896
vn -0.8597 -0.5053 -0.0747
vn -0.8609 -0.5086 -0.0169
vn -0.8792 -0.4737 -0.0503
vn -0.934 -0.346 -0.0887
vn -0.9297 -0.3597 -0.0787
vn -0.9294 -0.3649 -0.0563
vn -0.8668 -0.4979 -0.0277
vn -0.8832 -0.4654 -0.0568
vn -0.8853 -0.4648 -0.0117
vn -0.9001 -0.4333 -0.0462
vn -0.9584 -0.2602 -0.1171
vn -0.9459 -0.3196 -0.0554
vn -0.9047 -0.4229 -0.0526
vn -0.8969 -0.4415 -0.0251
vn -0.9589 -0.2746 -0.0712
vn -0.949 -0.3129 -0.0391
vn -0.9021 -0.4313 -0.0139
vn -0.916 -0.4004 -0.0231
vn -0.9545 -0.2969 -0.026
vn -0.9187 -0.3949 -0.0079
vn -0.9258 -0.3774 -0.0198
vn -0.9291 -0.3697 -0.0123
vn -0.969 -0.2461 -0.0238
vn -0.9688 -0.2469 -0.0234
vn -0.9532 -0.301 -0.0293
vn -0.9459 -0.3244 -0.0011
vn -0.9785 -0.2051 -0.0218
vn -0.9893 -0.1435 -0.0266
vn -0.976 -0.2175 -0.0052
vn -0.978 -0.2073 -0.0241
vn -0.985 -0.1726 -0.002
vn -0.997 -0.0769 -0.0034
vn -0.9774 -0.2112 -0.0071
vn -0.9993 -0.0376 -0.0072
vn -0.9847 -0.1738 -0.0105
vn -0.9923 -0.1232 -0.0114
vn -0.9878 -0.1554 -0.0061
vn -0.9907 -0.1357 -0.0066
vn -0.9987 -0.0514 0.0028
vn -0.9952 -0.0979 -0.0042
vn -0.9905 -0.1378 0.001
vn -0.9882 -0.1533 -0.0075
vn -0.9963 -0.0862 -0.0071
vn -0.9973 -0.0687 -0.0276
vn -0.9935 -0.1134 0.0042
vn -0.995 -0.0996 0.0002
vn -0.9981 -0.062 -0.0018
vn -0.995 -0.0994 0
vn -0.9979 -0.0655 0.0015
vn -0.9998 -0.0202 -0.003
vn -0.0019 0.0194 -0.9998
vn -0.0203 0.0079 -0.9998
vn -0.0178 -0.095 -0.9953
vn 0.0019 0.0057 -1
vn -0.0032 0.0629 -0.998
vn -0.0188 -0.0432 -0.9989
vn -0.0339 -0.099 -0.9945
vn -0.021 0.0177 -0.9996
vn -0.0192 0.0119 -0.9997
vn -0.0287 -0.2838 -0.9584
vn -0.0481 0.0019 -0.9988
vn -0.0469 -0.078 -0.9959
vn -0.0433 -0.117 -0.9922
vn -0.0434 -0.2152 -0.9756
vn -0.0182 -0.1781 -0.9838
vn -0.0453 -0.3126 -0.9488
vn -0.0517 -0.0263 -0.9983
vn -0.055 -0.1538 -0.9866
vn -0.0613 -0.0958 -0.9935
vn -0.0221 -0.4417 -0.8969
vn -0.0254 -0.4533 -0.891
vn -0.0823 -0.2255 -0.9708
vn -0.0718 -0.2039 -0.9763
vn -0.0086 -0.5281 -0.8491
vn -0.057 -0.3882 -0.9198
vn -0.0795 -0.3271 -0.9416
vn -0.0787 -0.1648 -0.9832
vn -0.0778 -0.5169 -0.8525
vn -0.087 -0.1778 -0.9802
vn -0.0831 -0.035 -0.9959
vn -0.0485 -0.6169 -0.7855
vn -0.0896 -0.4886 -0.8679
vn 0.0003 -0.6949 -0.7192
vn -0.1087 -0.2997 -0.9478
vn -0.1173 -0.563 -0.8181
vn -0.1079 -0.6173 -0.7793
vn -0.1271 -0.2718 -0.9539
vn -0.1163 -0.4794 -0.8699
vn -0.1236 -0.5822 -0.8036
vn -0.1197 -0.0841 -0.9892
vn -0.1466 -0.6246 -0.7671
vn -0.1407 -0.5475 -0.8249
vn -0.1476 -0.5016 -0.8524
vn -0.1391 -0.2069 -0.9684
vn -0.1371 -0.3721 -0.918
vn -0.1521 -0.2069 -0.9665
vn -0.1517 -0.2063 -0.9667
vn -0.0982 -0.6965 -0.7108
vn -0.1121 -0.7936 -0.598
vn -0.1845 -0.6082 -0.772
vn -0.1602 -0.5519 -0.8184
vn -0.1487 -0.1064 -0.9831
vn -0.0475 -0.8583 -0.511
vn -0.152 -0.6348 -0.7576
vn -0.0647 -0.7987 -0.5982
vn -0.0214 -0.7777 -0.6283
vn -0.1453 -0.7912 -0.594
vn -0.192 -0.5023 -0.8431
vn -0.1649 -0.7125 -0.682
vn -0.1486 -0.1001 -0.9838
vn -0.1792 -0.1662 -0.9697
vn -0.1879 -0.2172 -0.9579
vn -0.2054 -0.6309 -0.7482
vn -0.1794 -0.2967 -0.938
vn -0.041 -0.9313 -0.3618
vn -0.7683 0.3379 -0.5437
vn -0.8279 0.256 -0.4991
vn -0.5597 0.3983 -0.7267
vn -0.4721 0.406 -0.7825
vn -0.9922 -0.0617 -0.1085
vn -0.8445 -0.3625 -0.3943
vn -0.8605 0.2635 -0.4359
vn -0.3477 0.4947 -0.7964
vn -0.2335 0.5735 -0.7852
vn -0.9213 -0.2925 -0.2563
vn -0.9416 -0.2623 -0.2113
vn -0.4031 0.4382 -0.8034
vn -0.998 -0.0014 -0.063
vn -0.7769 0.326 -0.5386
vn -0.2961 0.5578 -0.7754
vn -0.8873 -0.3585 -0.2901
vn -0.2833 0.5432 -0.7904
vn -0.3015 0.4972 -0.8136
vn -0.177 0.5733 -0.8
vn -0.8128 0.2915 -0.5044
vn -0.9594 -0.223 -0.1728
vn -0.4365 0.4422 -0.7835
vn -0.4835 0.3964 -0.7804
vn -0.9237 -0.3006 -0.2374
vn -0.3275 0.4579 -0.8264
vn -0.4049 0.406 -0.8193
vn -0.9705 -0.1853 -0.1543
vn -0.1821 0.6599 -0.729
vn -0.1678 0.6165 -0.7692
vn -0.2204 0.5071 -0.8332
vn -0.7214 0.3635 -0.5894
vn -0.3505 0.4329 -0.8305
vn -0.1974 0.7113 -0.6746
vn -0.1635 0.7023 -0.6928
vn -0.687 0.3979 -0.608
vn -0.4348 0.3726 -0.8198
vn -0.9406 -0.2862 -0.1825
vn -0.6043 0.3039 -0.7365
vn -0.6128 0.3102 -0.7268
vn -0.8127 0.2916 -0.5045
vn -0.7062 0.3614 -0.6089
vn -0.3807 0.3934 -0.8368
vn -0.6482 0.3928 -0.6524
vn -0.7659 0.3078 -0.5644
vn -0.1475 0.6724 -0.7253
vn -0.1635 0.6979 -0.6973
vn -0.8811 -0.3879 -0.2707
vn -0.6348 0.2777 -0.7211
vn -0.3409 0.3801 -0.8598
vn -0.9904 0.0419 -0.132
vn -0.9777 -0.1822 -0.1041
vn -0.9868 0.0278 -0.1597
vn -0.6633 0.376 -0.6471
vn -0.9121 -0.3424 -0.2257
vn -0.2332 0.4439 -0.8652
vn -0.8305 0.2338 -0.5056
vn -0.5314 0.3125 -0.7874
vn -0.9793 -0.1741 -0.1037
vn -0.4914 0.3364 -0.8033
vn -0.4187 0.3497 -0.8381
vn -0.3902 0.3431 -0.8544
vn -0.9887 0.0246 -0.1476
vn -0.4091 0.3568 -0.8399
vn -0.974 -0.2084 -0.0886
vn -0.4758 0.3056 -0.8247
vn -0.1931 0.527 -0.8277
vn -0.994 0.0104 -0.1085
vn -0.1469 0.5034 -0.8515
vn -0.3308 0.3613 -0.8718
vn -0.2869 0.3855 -0.877
vn -0.3351 0.386 -0.8594
vn -0.1228 0.6997 -0.7038
vn -0.2448 0.4124 -0.8775
vn -0.9898 -0.0062 -0.1424
vn -0.9337 0.1721 -0.3139
vn -0.4506 0.3196 -0.8335
vn -0.4204 0.2975 -0.8572
vn -0.1249 0.568 -0.8135
vn -0.1224 0.6109 -0.7822
vn -0.2252 0.3788 -0.8977
vn -0.1869 0.4354 -0.8807
vn -0.9221 -0.3461 -0.1733
vn -0.9442 -0.2819 -0.1703
vn -0.6971 0.2628 -0.6671
vn -0.1109 0.6529 -0.7493
vn -0.9934 0.0126 -0.1136
vn -0.1515 0.4484 -0.8809
vn -0.9533 -0.2669 -0.1414
vn -0.9352 -0.3231 -0.145
vn -0.9635 -0.2481 -0.1002
vn -0.4744 0.2787 -0.835
vn -0.537 0.2767 -0.7969
vn -0.4488 0.2582 -0.8555
vn -0.9588 -0.2587 -0.1175
vn -0.8202 0.2214 -0.5275
vn -0.2128 0.2875 -0.9339
vn -0.3015 0.3032 -0.904
vn -0.1059 0.5782 -0.809
vn -0.1096 0.6131 -0.7824
vn -0.8511 0.2226 -0.4754
vn -0.1164 0.4193 -0.9004
vn -0.1377 0.3696 -0.9189
vn -0.9701 -0.228 -0.0826
vn -0.3646 0.2496 -0.8971
vn -0.1068 0.5679 -0.8162
vn -0.9794 -0.1932 -0.0592
vn -0.4839 0.2244 -0.8459
vn -0.995 -0.0219 -0.0976
vn -0.5518 0.2355 -0.8001
vn -0.5332 0.2277 -0.8148
vn -0.7381 0.2162 -0.6391
vn -0.4166 0.2367 -0.8778
vn -0.5073 0.2333 -0.8296
vn -0.9761 -0.205 -0.0724
vn -0.9943 -0.0228 -0.1039
vn -0.0718 0.5257 -0.8476
vn -0.0874 0.3483 -0.9333
vn -0.9347 0.15 -0.3223
vn -0.9959 -0.0044 -0.09
vn -0.0722 0.6271 -0.7756
vn -0.5136 0.1866 -0.8375
vn -0.9858 -0.1618 -0.0441
vn -0.8502 0.2029 -0.4857
vn -0.7276 0.2008 -0.656
vn -0.0147 0.7869 -0.617
vn -0.1942 0.2203 -0.9559
vn -0.7564 0.2152 -0.6177
vn -0.0597 0.4161 -0.9074
vn -0.0811 0.4795 -0.8738
vn -0.8551 0.1979 -0.4791
vn -0.8291 0.1633 -0.5347
vn -0.3558 0.2201 -0.9082
vn -0.0606 0.5147 -0.8552
vn -0.9668 -0.2202 -0.1294
vn -0.7397 0.1902 -0.6455
vn -0.9549 -0.2719 -0.1191
vn -0.0642 0.3323 -0.941
vn -0.0665 0.3978 -0.9151
vn -0.6269 0.1883 -0.756
vn -0.7356 0.1867 -0.6512
vn -0.6868 0.184 -0.7031
vn -0.5864 0.4985 -0.6385
vn -0.6498 0.4555 -0.6085
vn -0.7883 0.1767 -0.5894
vn -0.5041 0.525 -0.6858
vn -0.9058 0.2217 -0.361
vn -0.3771 0.1464 -0.9146
vn -0.5965 0.454 -0.6619
vn -0.9688 -0.2219 -0.1102
vn -0.3638 0.6272 -0.6887
vn -0.5753 0.4737 -0.6668
vn -0.3889 0.1392 -0.9107
vn -0.4772 0.5397 -0.6935
vn -0.1493 0.2147 -0.9652
vn -0.2964 0.1424 -0.9444
vn -0.0669 0.3136 -0.9472
vn -0.0588 0.249 -0.9667
vn -0.9493 0.161 -0.27
vn -0.8828 0.2325 -0.4081
vn -0.9731 -0.2145 -0.0839
vn -0.265 0.16 -0.9509
vn -0.787 0.1703 -0.593
vn -0.1156 0.1393 -0.9835
vn -0.1106 0.2237 -0.9684
vn -0.1059 0.2152 -0.9708
vn -0.8915 0.2297 -0.3904
vn -0.2457 0.1211 -0.9618
vn -0.7976 0.1586 -0.5819
vn -0.5686 0.4425 -0.6934
vn -0.7053 0.1393 -0.6951
vn -0.391 0.1407 -0.9096
vn -0.5812 0.4548 -0.6748
vn -0.9743 0.1184 -0.1914
vn -0.0724 0.2056 -0.976
vn -0.0208 0.4721 -0.8813
vn -0.5846 0.1515 -0.797
vn -0.5101 0.1314 -0.85
vn -0.0683 0.2148 -0.9743
vn -0.0322 0.3204 -0.9467
vn -0.4791 0.5295 -0.7001
vn -0.8335 0.1724 -0.525
vn -0.8486 0.1289 -0.5131
vn -0.3271 0.1211 -0.9372
vn -0.096 0.176 -0.9797
vn -0.8619 0.2399 -0.4467
vn -0.0377 0.2915 -0.9558
vn -0.8033 0.2707 -0.5305
vn -0.3282 0.066 -0.9423
vn -0.0267 0.3565 -0.9339
vn -0.1121 0.1262 -0.9857
vn -0.1392 0.1641 -0.9766
vn -0.5723 0.433 -0.6964
vn -0.4364 0.495 -0.7513
vn -0.9637 0.1405 -0.2269
vn -0.9615 0.1416 -0.2354
vn -0.0369 0.2882 -0.9569
vn -0.551 0.4064 -0.7288
vn -0.8944 0.2133 -0.393
vn -0.177 0.0809 -0.9809
vn -0.1951 0.0696 -0.9783
vn -0.8151 0.2685 -0.5133
vn -0.4016 0.075 -0.9127
vn -0.3822 0.0573 -0.9223
vn -0.3571 0.0907 -0.9296
vn -0.0332 0.1946 -0.9803
vn -0.0394 0.2215 -0.9744
vn -0.3044 0.0859 -0.9487
vn -0.6528 0.086 -0.7526
vn -0.2238 0.083 -0.9711
vn -0.2883 0.0713 -0.9549
vn -0.9998 -0.0188 -0.0081
vn -0.7048 0.1137 -0.7003
vn -0.4505 0.0649 -0.8904
vn -0.9141 0.1995 -0.3531
vn -0.8895 0.1208 -0.4407
vn -0.2958 0.0354 -0.9546
vn -0.4319 0.5028 -0.7488
vn -0.8707 0.2316 -0.4338
vn -0.8542 0.2347 -0.4639
vn -0.7771 0.0772 -0.6247
vn -0.2292 0.6588 -0.7165
vn -0.0642 0.1387 -0.9882
vn -0.999 -0.0435 -0.0034
vn -0.8662 0.0603 -0.496
vn -0.8399 0.0745 -0.5376
vn -0.4 0.4494 -0.7988
vn -0.6924 0.5078 -0.5126
vn -0.9366 0.1776 -0.3021
vn -0.6826 0.4909 -0.5414
vn -0.3111 0.0121 -0.9503
vn -0.6351 0.5309 -0.561
vn -0.4143 -0.0107 -0.9101
vn -0.3777 0.0263 -0.9255
vn -0.5397 0.5955 -0.5951
vn -0.8125 0.0631 -0.5795
vn -0.9562 0.1572 -0.2468
vn -0.4162 0.4581 -0.7855
vn -0.2115 0.6965 -0.6857
vn -0.6478 0.5112 -0.5649
vn -0.7475 0.0816 -0.6592
vn -0.6068 0.514 -0.6063
vn -0.8678 0.0674 -0.4922
vn -0.2457 0.0057 -0.9693
vn -0.051 0.0907 -0.9946
vn -0.2232 0.6064 -0.7632
vn -0.3565 0.0122 -0.9342
vn -0.5639 0.5679 -0.5996
vn -0.035 0.1378 -0.9898
vn -0.0319 0.1274 -0.9913
vn -0.3533 0.4885 -0.7978
vn -0.6213 0.4913 -0.6104
vn -0.5832 0.5248 -0.62
vn -0.7708 0.0339 -0.6362
vn -0.8921 0.2134 -0.3982
vn -0.2518 0.0112 -0.9677
vn -0.5065 0.5801 -0.638
vn -0.4744 0.6149 -0.63
vn -0.0182 0.1945 -0.9807
vn -0.1333 0.0029 -0.9911
vn -0.2057 0.6938 -0.6901
vn -0.1762 0.0165 -0.9842
vn -0.5511 0.5257 -0.6481
vn -0.4131 -0.0306 -0.9102
vn -0.9752 0.12 -0.1862
vn -0.4128 0.6362 -0.6518
vn -0.458 0.6188 -0.6382
vn -0.1556 -0.0467 -0.9867
vn -0.4433 -0.0689 -0.8937
vn -0.9775 0.055 -0.2038
vn -0.9685 0.046 -0.2449
vn -0.8922 -0.0637 -0.4471
vn -0.5224 -0.0995 -0.8469
vn -0.9635 0.1423 -0.2267
vn -0.9367 -0.0413 -0.3477
vn -0.7493 -0.0772 -0.6577
vn -0.9579 0.1429 -0.2492
vn -0.3523 -0.1677 -0.9208
vn -0.2179 0.5378 -0.8144
vn -0.2933 -0.1124 -0.9494
vn -0.5099 0.5465 -0.6644
vn -0.4656 0.5663 -0.6801
vn -0.5887 -0.1891 -0.7859
vn -0.5175 0.5449 -0.6597
vn -0.5654 0.5108 -0.6477
vn -0.8363 -0.0833 -0.5419
vn -0.5376 0.5106 -0.6711
vn -0.3283 -0.2392 -0.9138
vn -0.2927 -0.1146 -0.9493
vn -0.4676 0.566 -0.679
vn -0.766 -0.1688 -0.6202
vn -0.4401 0.5904 -0.6766
vn -0.421 -0.2045 -0.8837
vn -0.4301 -0.2195 -0.8757
vn -0.3411 -0.1906 -0.9205
vn -0.9338 -0.0912 -0.346
vn -0.9414 -0.1 -0.322
vn -0.8827 -0.1477 -0.4462
vn -0.4988 -0.24 -0.8329
vn -0.8729 0.2276 -0.4316
vn -0.2334 0.5154 -0.8245
vn -0.2857 0.4893 -0.824
vn -0.1804 0.6826 -0.7082
vn -0.856 0.2308 -0.4626
vn -0.411 0.5907 -0.6944
vn -0.4153 -0.2562 -0.8729
vn -0.58 -0.2545 -0.7739
vn -0.8811 -0.1449 -0.4503
vn -0.7137 -0.2564 -0.6518
vn -0.5053 -0.3104 -0.8052
vn -0.9129 0.1925 -0.3599
vn -0.5812 -0.2528 -0.7735
vn -0.949 0.1673 -0.2674
vn -0.5017 -0.3528 -0.7898
vn -0.8372 -0.2536 -0.4846
vn -0.8424 -0.2413 -0.4818
vn -0.8706 0.2488 -0.4245
vn -0.7222 -0.3202 -0.6131
vn -0.9455 -0.1235 -0.3012
vn -0.9448 -0.1881 -0.2684
vn -0.7615 -0.3119 -0.5683
vn -0.7865 -0.2797 -0.5506
vn -0.547 0.3502 -0.7604
vn -0.1824 0.7303 -0.6583
vn -0.9221 -0.1586 -0.3531
vn -0.9147 -0.2454 -0.321
vn -0.7229 -0.3767 -0.5793
vn -0.7824 -0.3477 -0.5166
vn -0.4129 0.5889 -0.6948
vn -0.4667 0.361 -0.8074
vn -0.4642 0.5406 -0.7016
vn -0.7884 -0.3384 -0.5137
vn -0.5272 0.491 -0.6935
vn -0.828 -0.3378 -0.4475
vn -0.8403 -0.3075 -0.4464
vn -1 0.0008 -0.0099
vn -0.3968 0.5891 -0.7039
vn -0.7157 -0.4395 -0.5428
vn -0.7411 -0.3934 -0.5441
vn -0.9633 -0.1801 -0.1992
vn -0.9779 -0.1397 -0.1554
vn -0.895 0.2102 -0.3933
vn -0.981 -0.1506 -0.1224
vn -0.9792 -0.1609 -0.1234
vn -0.9168 0.2045 -0.3429
vn -0.8592 -0.4242 -0.2861
vn -0.9988 0.0104 -0.0469
vn -0.9979 -0.0124 -0.0635
vn -0.9061 -0.3555 -0.2293
vn -0.9987 -0.0211 -0.0471
vn -0.9919 -0.1169 -0.0488
vn -0.9974 -0.0689 -0.0218
vn -0.9944 -0.1038 -0.0179
vn -1 -0.0044 -0.0016
vn -0.9853 -0.1651 -0.044
vn -0.9978 -0.0629 -0.0209
vn -0.3121 0.6417 -0.7006
vn -0.998 -0.0624 -0.0056
vn -0.7678 0.3061 -0.5628
vn -0.3461 0.6371 -0.6887
vn -0.525 0.4935 -0.6935
vn -0.5203 0.3724 -0.7685
vn -1 -0.0089 0.0001
vn -0.5914 0.3602 -0.7215
vn -0.5855 0.3588 -0.727
vn -0.9794 0.1666 -0.1139
vn -0.962 0.2117 -0.1725
vn -0.1844 0.6316 -0.753
vn -0.8395 0.4316 -0.3301
vn -0.1451 0.739 -0.6579
vn -0.8358 0.4083 -0.367
vn -0.1406 0.7499 -0.6465
vn -0.2668 0.6758 -0.6871
vn -0.2966 0.6702 -0.6803
vn -0.7706 0.4703 -0.4301
vn -0.7908 0.4626 -0.4008
vn -0.4073 0.5591 -0.7222
vn -0.7835 0.2466 -0.5703
vn -0.7926 0.4334 -0.4289
vn -0.7893 0.2433 -0.5637
vn -0.8231 0.2501 -0.5099
vn -0.7735 0.4383 -0.4578
vn -0.1755 0.4681 -0.8661
vn -0.4152 0.5612 -0.716
vn -0.7505 0.4943 -0.4387
vn -0.769 0.4588 -0.445
vn -0.2966 0.4458 -0.8446
vn -0.4969 0.465 -0.7327
vn -0.8375 0.2278 -0.4967
vn -0.1747 0.5693 -0.8033
vn -0.7274 0.4821 -0.4884
vn -0.7481 0.2634 -0.6091
vn -0.3434 0.6095 -0.7145
vn -0.7894 0.2543 -0.5587
vn -0.7538 0.2656 -0.601
vn -0.8673 0.2105 -0.4511
vn -0.2811 0.4364 -0.8547
vn -0.3017 0.6411 -0.7057
vn -0.2702 0.6183 -0.738
vn -0.4081 0.5182 -0.7516
vn -0.3523 0.3271 -0.8768
vn -0.6803 0.5492 -0.4853
vn -0.7857 0.4254 -0.4492
vn -0.1785 0.5619 -0.8077
vn -0.3286 0.5715 -0.752
vn -0.868 0.2218 -0.4442
vn -0.7285 0.4809 -0.4879
vn -0.6755 0.5086 -0.5339
vn -0.5514 0.3232 -0.7691
vn -0.8593 0.2322 -0.4558
vn -0.7467 0.4351 -0.5031
vn -0.7439 0.4453 -0.4983
vn -0.2466 0.4718 -0.8465
vn -0.1632 0.6008 -0.7826
vn -0.1316 0.5413 -0.8304
vn -0.3492 0.576 -0.7391
vn -0.5363 0.2774 -0.7971
vn -0.6094 0.2882 -0.7386
vn -0.9067 0.1957 -0.3737
vn -0.156 0.6303 -0.7605
vn -0.62 0.593 -0.5138
vn -0.9106 0.1975 -0.3631
vn -0.1467 0.6554 -0.7409
vn -0.7114 0.4659 -0.5262
vn -0.2302 0.3749 -0.898
vn -0.7066 0.4672 -0.5314
vn -0.6317 0.2585 -0.7308
vn -0.2949 0.3794 -0.877
vn -0.6154 0.551 -0.5636
vn -0.9723 0.1819 -0.1467
vn -0.9766 0.1697 -0.1319
vn -0.8925 0.2027 -0.403
vn -0.6212 0.5519 -0.5563
vn -0.876 0.2147 -0.4318
vn -0.187 0.4356 -0.8805
vn -0.2266 0.6773 -0.7
vn -0.2642 0.6779 -0.686
vn -0.1132 0.473 -0.8738
vn -0.2744 0.3391 -0.8998
vn -0.153 0.4951 -0.8553
vn -0.9698 0.2032 -0.1346
vn -0.1341 0.5285 -0.8383
vn -0.1252 0.674 -0.728
vn -0.1184 0.6189 -0.7765
vn -0.0968 0.534 -0.8399
vn -0.5988 0.2751 -0.7522
vn -0.1753 0.2936 -0.9397
vn -0.2163 0.2784 -0.9358
vn -0.1235 0.3928 -0.9113
vn -0.9518 0.2437 -0.1862
vn -0.3521 0.3268 -0.877
vn -0.6692 0.4908 -0.5579
vn -0.8267 0.2174 -0.519
vn -0.1144 0.3252 -0.9387
vn -0.1127 0.3332 -0.9361
vn -0.553 0.1956 -0.8099
vn -0.5828 0.1859 -0.7911
vn -0.5735 0.5557 -0.6018
vn -0.9714 0.1228 -0.2034
vn -0.5958 0.5745 -0.5612
vn -0.6894 0.1879 -0.6996
vn -0.6158 0.1795 -0.7672
vn -0.6818 0.2334 -0.6933
vn -0.9598 0.2341 -0.1551
vn -0.8157 0.1997 -0.5429
vn -0.3761 0.2685 -0.8868
vn -0.6424 0.1613 -0.7492
vn -0.5673 0.1263 -0.8138
vn -0.6766 0.4616 -0.5737
vn -0.0477 0.4669 -0.883
vn -0.9804 0.1441 -0.1342
vn -0.1954 0.361 -0.9118
vn -0.1536 0.3801 -0.9121
vn -0.2405 0.6431 -0.727
vn -0.038 0.4501 -0.8922
vn -0.4991 0.4491 -0.7411
vn -0.7572 0.1469 -0.6365
vn -0.6973 0.1259 -0.7057
vn -0.2932 -0.0171 -0.9559
vn -0.2997 0.586 -0.7529
vn -0.369 0.5447 -0.7531
vn -0.2207 -0.0378 -0.9746
vn -0.3293 0.5318 -0.7802
vn -0.8113 -0.1958 -0.551
vn -0.8531 -0.1264 -0.5062
vn -0.4221 0.2716 -0.8649
vn -0.7609 -0.2386 -0.6033
vn -0.7667 -0.2419 -0.5947
vn -0.4944 0.4468 -0.7456
vn -0.8293 -0.2007 -0.5216
vn -0.8767 -0.1569 -0.4548
vn -0.7127 0.325 -0.6217
vn -0.5608 0.5681 -0.6023
vn -0.8147 -0.1993 -0.5446
vn -0.7117 0.3248 -0.6229
vn -0.9601 0.2198 -0.1727
vn -0.9279 0.3048 -0.2148
vn -0.0848 0.6317 -0.7706
vn -0.7904 -0.2819 -0.5438
vn -0.9934 -0.112 -0.0236
vn -0.9729 0.1541 -0.1721
vn -0.9343 0.264 -0.2397
vn -0.9444 0.2692 -0.1887
vn -0.4666 0.1525 -0.8712
vn -0.4451 0.1677 -0.8796
vn -0.0393 0.4951 -0.8679
vn -0.7451 0.2915 -0.5999
vn -0.2231 0.6064 -0.7632
vn -0.2846 0.5829 -0.7611
vn -0.7652 0.2826 -0.5784
vn -0.5214 0.1833 -0.8334
vn -0.0991 0.4852 -0.8688
vn -0.6486 0.3481 -0.6768
vn -0.2207 0.2996 -0.9282
vn -0.2137 0.6466 -0.7323
vn -0.7568 0.2836 -0.5889
vn -0.097 0.4828 -0.8704
vn -0.0858 0.7074 -0.7015
vn -0.0912 0.694 -0.7142
vn -0.9553 0.2087 -0.2093
vn -0.9657 0.1898 -0.177
vn -0.9342 0.2829 -0.2172
vn -0.665 0.3322 -0.6689
vn -0.9724 0.1186 -0.2011
vn -0.6283 0.2338 -0.742
vn -0.6128 0.215 -0.7604
vn -0.6742 0.2377 -0.6992
vn -0.6997 0.4156 -0.5812
vn -0.7216 0.2916 -0.628
vn -0.2424 0.2835 -0.9278
vn -0.6292 0.4572 -0.6286
vn -0.9363 0.2555 -0.241
vn -0.7936 0.2055 -0.5726
vn -0.0736 0.6194 -0.7816
vn -0.0858 0.6651 -0.7418
vn -0.9595 0.1518 -0.2371
vn -0.6599 0.3254 -0.6772
vn -0.6717 0.4158 -0.6131
vn -0.0989 0.4318 -0.8965
vn -0.8919 0.3584 -0.2758
vn -0.2693 0.2573 -0.9281
vn -0.3384 0.2788 -0.8987
vn -0.9358 0.2562 -0.2422
vn -0.9257 0.189 -0.3277
vn -0.1647 0.3516 -0.9215
vn -0.8758 0.38 -0.2976
vn -0.6925 0.2745 -0.6672
vn -0.9045 0.3475 -0.2472
vn -0.8857 0.1965 -0.4206
vn -0.6814 0.2825 -0.6751
vn -0.9018 0.321 -0.2893
vn -0.9391 0.1899 -0.2866
vn -0.0563 0.7089 -0.7031
vn -0.0837 0.5603 -0.824
vn -0.8375 0.4358 -0.3296
vn -0.9683 0.1701 -0.1828
vn -0.3876 0.2085 -0.8979
vn -0.0968 0.4378 -0.8939
vn -0.1553 0.281 -0.947
vn -0.0681 0.5895 -0.8049
vn -0.669 0.2096 -0.7131
vn -0.4508 0.208 -0.8681
vn -0.895 0.3265 -0.3039
vn -0.9639 0.1687 -0.2058
vn -0.6458 0.4372 -0.6259
vn -0.9498 0.1486 -0.2753
vn -0.9433 0.2171 -0.2511
vn -0.7523 0.2404 -0.6134
vn -0.9669 0.1893 -0.1712
vn -0.9551 0.1823 -0.2336
vn -0.0598 0.579 -0.8132
vn -0.0523 0.4563 -0.8883
vn -0.9347 0.1816 -0.3056
vn -0.3238 0.2082 -0.9229
vn -0.1491 0.2873 -0.9462
vn -0.1134 0.7479 -0.6541
vn -0.9478 0.1436 -0.2847
vn -0.9385 0.2322 -0.2555
vn -0.9532 0.1199 -0.2774
vn -0.0641 0.4961 -0.8659
vn -0.8755 0.367 -0.3144
vn -0.909 0.301 -0.2882
vn -0.9368 0.1776 -0.3016
vn -0.731 0.2482 -0.6357
vn -0.6357 0.4215 -0.6467
vn -0.0246 0.6606 -0.7503
vn -0.0986 0.7604 -0.6419
vn -0.6144 0.4187 -0.6687
vn -0.9149 0.279 -0.2917
vn -0.1077 0.2856 -0.9523
vn -0.0751 0.7526 -0.6542
vn -0.2481 0.1777 -0.9523
vn -0.3112 0.2099 -0.9269
vn -0.8694 0.3504 -0.3484
vn -0.9621 0.1139 -0.2477
vn -0.9653 0.1053 -0.2392
vn -0.8321 0.4101 -0.3733
vn -0.0521 0.5361 -0.8425
vn -0.9388 0.1708 -0.2993
vn -0.9386 0.2311 -0.2561
vn -0.9204 0.2142 -0.327
vn -0.9203 0.1402 -0.3653
vn -0.1124 0.2736 -0.9553
vn -0.953 0.1131 -0.2812
vn -0.8959 0.2982 -0.3292
vn -0.0617 0.7608 -0.646
vn -0.0623 0.3889 -0.9192
vn -0.5765 0.4073 -0.7083
vn -0.6393 0.3786 -0.6693
vn -0.0596 0.7578 -0.6497
vn -0.0551 0.6561 -0.7526
vn -0.8653 0.3533 -0.3556
vn -0.0753 0.2806 -0.9569
vn -0.3789 0.1482 -0.9135
vn -0.0608 0.7156 -0.6958
vn -0.0419 0.5832 -0.8113
vn -0.0303 0.5603 -0.8277
vn -0.2134 0.1502 -0.9653
vn -0.0643 0.5254 -0.8484
vn -0.963 0.1157 -0.2435
vn -0.5189 0.1402 -0.8432
vn -0.9217 0.1647 -0.3513
vn -0.9365 0.1457 -0.319
vn -0.934 0.13 -0.3326
vn -0.4536 0.121 -0.8829
vn -0.0162 0.7514 -0.6597
vn -0.0306 0.5134 -0.8576
vn -0.9702 0.1495 -0.1905
vn -0.0293 0.8092 -0.5868
vn -0.0092 0.5513 -0.8343
vn -0.0366 0.3325 -0.9424
vn -0.2303 0.2112 -0.9499
vn -0.2791 0.2437 -0.9288
vn -0.1643 0.1566 -0.9739
vn -0.1766 0.1681 -0.9698
vn -0.7522 0.1505 -0.6416
vn -0.0477 0.6721 -0.7389
vn -0.9022 0.1818 -0.3911
vn -0.9153 0.259 -0.3083
vn -0.192 0.2177 -0.9569
vn -0.0405 0.6287 -0.7766
vn -0.0224 0.409 -0.9123
vn -0.0408 0.6271 -0.7779
vn -0.0013 0.4852 -0.8744
vn -0.8491 0.3772 -0.3699
vn -0.1996 0.1009 -0.9747
vn -0.9503 0.1902 -0.2466
vn -0.8801 0.1786 -0.4399
vn -0.0207 0.4029 -0.915
vn -0.9594 0.1426 -0.2433
vn -0.8866 0.3166 -0.3371
vn -0.1748 0.229 -0.9576
vn -0.4671 0.1102 -0.8773
vn -0.627 0.1298 -0.7681
vn -0.9053 0.2772 -0.3218
vn -0.7997 0.1252 -0.5872
vn -0.9549 0.1835 -0.2333
vn -0.9086 0.0748 -0.4109
vn -0.8889 0.1277 -0.44
vn -0.5284 0.0866 -0.8446
vn -0.8335 0.4004 -0.3808
vn -0.7996 0.4109 -0.4379
vn -0.0864 0.1188 -0.9892
vn -0.8411 0.352 -0.4107
vn -0.8712 0.3411 -0.353
vn -0.0664 0.1354 -0.9886
vn -0.0203 0.6698 -0.7422
vn -0.59 0.1049 -0.8006
vn -0.9118 0.1416 -0.3854
vn -0.9048 0.1555 -0.3965
vn -0.5115 0.0913 -0.8544
vn -0.8816 0.1767 -0.4376
vn -0.8568 0.1606 -0.4899
vn -0.0305 0.5135 -0.8575
vn -0.8723 0.3129 -0.3758
vn -0.8813 0.1048 -0.4607
vn -0.041 0.3951 -0.9177
vn -0.0106 0.6 -0.7999
vn -0.8447 0.1033 -0.5252
vn -0.9372 0.1731 -0.3028
vn -0.9454 0.1682 -0.2793
vn -0.1408 0.0542 -0.9886
vn -0.0389 0.4031 -0.9143
vn -0.9447 0.159 -0.2868
vn -0.0194 0.3381 -0.9409
vn -0.0042 0.5812 -0.8137
vn -0.0074 0.6097 -0.7926
vn -0.8579 0.3223 -0.4002
vn -0.8258 0.3742 -0.4219
vn -0.7561 0.1044 -0.6461
vn -0.0139 0.2193 -0.9756
vn -0.8123 0.1105 -0.5726
vn -0.0054 0.4174 -0.9087
vn -0.881 0.1529 -0.4478
vn -0.7236 0.5078 -0.4675
vn -0.6508 0.082 -0.7548
vn -0.9402 0.103 -0.3248
vn -0.8886 0.1215 -0.4423
vn -0.5765 0.0827 -0.8129
vn -0.9669 0.1189 -0.2257
vn -0.9314 0.2205 -0.2895
vn -0.4696 0.0421 -0.8818
vn -0.1882 0.0081 -0.9821
vn -0.9222 0.1053 -0.3722
vn -0.6946 0.0603 -0.7169
vn -0.6996 0.057 -0.7122
vn -0.1339 0.0635 -0.989
vn -0.9394 0.2118 -0.2696
vn -0.8051 0.0433 -0.5916
vn -0.9606 0.1381 -0.2411
vn -0.9461 0.1581 -0.2827
vn -0.0138 0.219 -0.9756
vn -0.972 0.138 -0.1903
vn -0.9237 0.2313 -0.3054
vn -0.9208 0.1079 -0.3747
vn -0.9586 0.1384 -0.2488
vn -0.826 0.3739 -0.4218
vn -0.9405 0.0783 -0.3307
vn -0.9421 0.0865 -0.324
vn -0.958 0.085 -0.274
vn -0.8835 0.0083 -0.4684
vn -0.9577 0.0779 -0.2771
vn -0.8857 0.0165 -0.464
vn -0.1867 0.006 -0.9824
vn -0.0889 0.0401 -0.9952
vn -0.091 -0.0242 -0.9956
vn -0.0212 0.0814 -0.9965
vn -0.0491 0.0447 -0.9978
vn -0.0647 0.0521 -0.9965
vn -0.0573 0.0159 -0.9982
vn -0.8981 0.2658 -0.3503
vn -0.0219 0.0825 -0.9963
vn -0.9621 0.157 -0.2231
vn -0.0118 0.1471 -0.9891
vn -0.0986 0.0219 -0.9949
vn -0.3526 -0.0438 -0.9348
vn -0.2679 -0.0564 -0.9618
vn -0.1263 0.0897 -0.9879
vn -0.8436 0.006 -0.537
vn -0.1415 0.1229 -0.9823
vn -0.0201 0.2833 -0.9588
vn -0.124 -0.0203 -0.9921
vn -0.8579 -0.0141 -0.5136
vn -0.8019 0.3997 -0.4441
vn -0.7746 0.41 -0.4815
vn -0.9777 0.0562 -0.2021
vn -0.9852 0.0427 -0.166
vn -0.7466 -0.0039 -0.6653
vn -0.7934 0.0024 -0.6087
vn -0.8258 0.374 -0.4221
vn -0.7376 0.0011 -0.6753
vn -0.4254 -0.02 -0.9048
vn -0.8879 0.2732 -0.3701
vn -0.811 0.0271 -0.5845
vn -0.909 -0.0086 -0.4166
vn -0.0172 0.3018 -0.9532
vn -0.9867 0.031 -0.1594
vn -0.7992 -0.0409 -0.5996
vn -0.2016 -0.1115 -0.9731
vn -0.9295 -0.006 -0.3687
vn -0.6438 -0.0731 -0.7617
vn -0.2139 -0.047 -0.9757
vn -0.9158 -0.0304 -0.4004
vn -0.9241 0.0893 -0.3715
vn -0.0907 0.1003 -0.9908
vn -0.5152 -0.1104 -0.8499
vn -0.8445 -0.1241 -0.5211
vn -0.8561 -0.0892 -0.509
vn -0.8128 -0.0664 -0.5787
vn -0.7632 -0.0882 -0.6402
vn -0.5618 -0.1145 -0.8193
vn -0.6113 -0.0744 -0.7879
vn -0.7133 -0.1326 -0.6882
vn -0.0905 0.0994 -0.9909
vn -0.2385 -0.1276 -0.9627
vn -0.6534 0.0436 -0.7557
vn -0.8709 0.2969 -0.3916
vn -0.8831 -0.0563 -0.4658
vn -0.9077 0.0524 -0.4163
vn -0.9127 -0.0581 -0.4045
vn -0.0025 0.3612 -0.9325
vn -0.5426 -0.1846 -0.8195
vn -0.9598 0.1617 -0.2293
vn -0.4302 -0.1094 -0.8961
vn -0.8449 0.3394 -0.4134
vn -0.028 0.7245 -0.6887
vn -0.0487 0.7618 -0.6459
vn -0.5391 0.0278 -0.8418
vn -0.6614 -0.1374 -0.7373
vn -0.9377 0.051 -0.3437
vn -0.7624 -0.165 -0.6257
vn -0.0103 0.7416 -0.6708
vn -0.4912 -0.1584 -0.8565
vn -0.9378 -0.0271 -0.3461
vn -0.5291 -0.2133 -0.8213
vn -0.6347 -0.19 -0.749
vn -0.9199 -0.1215 -0.3727
vn -0.4706 0.0437 -0.8813
vn -0.8788 -0.1619 -0.449
vn -0.9062 -0.1124 -0.4077
vn -0.6043 -0.1956 -0.7724
vn -0.8979 0.0389 -0.4384
vn -0.9226 0.0674 -0.3798
vn -0.0179 0.6988 -0.7151
vn -0.7433 -0.175 -0.6457
vn -0.6788 -0.2351 -0.6957
vn -0.0328 0.7083 -0.7052
vn -0.9116 0.0204 -0.4105
vn -0.9016 0.0577 -0.4286
vn -0.9654 -0.0441 -0.257
vn -0.5878 0.0683 -0.8061
vn -0.9685 0.0469 -0.2444
vn -0.9508 -0.0614 -0.3037
vn -0.5858 -0.2575 -0.7684
vn -0.5026 -0.0262 -0.8641
vn -0.9747 -0.0361 -0.2206
vn -0.6898 -0.2393 -0.6833
vn -0.6712 0.0067 -0.7413
vn -0.8121 0.3531 -0.4646
vn -0.9472 0.0499 -0.3168
vn -0.4844 -0.2662 -0.8334
vn -0.9612 0.0612 -0.2689
vn -0.7263 -0.0088 -0.6874
vn -0.6502 0.0463 -0.7583
vn -0.5819 -0.0116 -0.8132
vn -0.668 -0.3195 -0.6721
vn -0.4951 -0.0375 -0.868
vn -0.95 0.1855 -0.2512
vn -0.9386 0.1914 -0.2871
vn -0.7397 -0.2952 -0.6048
vn -0.975 -0.0741 -0.2096
vn -0.9308 -0.1635 -0.327
vn -0.5767 -0.0084 -0.8169
vn -0.987 -0.0169 -0.1598
vn -0.8594 0.3005 -0.4138
vn -0.8841 -0.2054 -0.4197
vn -0.0116 0.2359 -0.9717
vn -0.9129 -0.1875 -0.3626
vn -0.9548 0.0304 -0.2958
vn -0.9536 -0.1322 -0.2705
vn -0.6058 -0.4339 -0.6668
vn -0.6051 -0.3572 -0.7115
vn -0.587 -0.3421 -0.7338
vn -0.9621 0.0156 -0.2721
vn -0.9628 -0.0973 -0.2522
vn -0.6233 -0.0427 -0.7808
vn -0.006 0.1222 -0.9925
vn -0.9319 0.0111 -0.3625
vn -0.8743 -0.2917 -0.3879
vn -0.971 0.0762 -0.2264
vn -0.0049 0.1751 -0.9845
vn -0.9004 0.2403 -0.3626
vn -0.6117 -0.4195 -0.6708
vn -0.9297 0.2052 -0.3058
vn -0.7976 0.3695 -0.4768
vn -0.7385 -0.3609 -0.5696
vn -0.6561 -0.4128 -0.6317
vn -0.9349 0.0387 -0.3529
vn -0.6731 -0.3878 -0.6297
vn -0.9625 -0.1115 -0.2472
vn -0.7665 -0.372 -0.5235
vn -0.9484 -0.1717 -0.2665
vn -0.827 0.3239 -0.4596
vn -0.9352 -0.1878 -0.3001
vn -0.9002 -0.2937 -0.3215
vn -0.8446 -0.3623 -0.3942
vn -0.8764 -0.2987 -0.3778
vn -0.8768 -0.298 -0.3774
vn -0.9501 -0.2143 -0.2265
vn -0.9263 -0.2517 -0.2804
vn -0.9697 0.136 -0.203
vn -0.6411 -0.0757 -0.7637
vn -0.9464 -0.214 -0.2421
vn -0.784 0.3739 -0.4955
vn 0.0022 0.1088 -0.9941
vn -0.0059 0.1656 -0.9862
vn -0.8203 0.3317 -0.4659
vn -0.8689 -0.3578 -0.3422
vn -0.7577 -0.4287 -0.4921
vn -0.7752 -0.3976 -0.4909
vn -0.8119 -0.4048 -0.4206
vn -0.8095 -0.4038 -0.4263
vn -0.9619 -0.0177 -0.2727
vn -0.9728 -0.1449 -0.1807
vn -0.9051 0.2379 -0.3524
vn -0.3037 -0.0298 -0.9523
vn -0.948 0.0094 -0.318
vn -0.9834 -0.1082 -0.1459
vn -0.6958 -0.0893 -0.7127
vn -0.8074 -0.4075 -0.4266
vn -0.6887 -0.0837 -0.7202
vn -0.8603 -0.383 -0.3365
vn -0.8097 -0.4074 -0.4224
vn -0.7584 0.4072 -0.5089
vn -0.3629 -0.0527 -0.9303
vn -0.2753 -0.0945 -0.9567
vn -0.9739 0.0028 -0.2271
vn -0.7208 0.4497 -0.5274
vn -0.9806 -0.0221 -0.1949
vn -0.959 -0.223 -0.1749
vn -0.9463 -0.0364 -0.3211
vn -0.9477 -0.2444 -0.2052
vn -0.8583 0.2811 -0.4293
vn -0.3459 -0.1044 -0.9324
vn -0.955 -0.0029 -0.2967
vn -0.9609 -0.0744 -0.2668
vn -0.4331 -0.1138 -0.8941
vn -0.9672 0.0847 -0.2393
vn -0.7803 0.3525 -0.5167
vn -0.9814 -0.1514 -0.1176
vn -0.9822 0.0067 -0.1878
vn -0.9666 -0.0032 -0.2563
vn -0.8041 -0.1524 -0.5746
vn -0.9709 0.0723 -0.2282
vn -0.7271 0.4075 -0.5525
vn -0.9969 -0.0379 -0.069
vn -0.9989 -0.0139 -0.0455
vn -0.9804 -0.1572 -0.1183
vn -0.6863 0.4395 -0.5795
vn -0.9847 0.0356 -0.1707
vn -0.9733 -0.1851 -0.1354
vn -0.968 -0.2199 -0.1212
vn -0.9874 -0.1152 -0.1081
vn -0.8889 0.2543 -0.3811
vn -0.9966 -0.0377 -0.0728
vn -0.9938 -0.0648 -0.0901
vn -0.8898 -0.3608 -0.2793
vn -0.8492 -0.4009 -0.3436
vn -0.6373 -0.2732 -0.7205
vn -0.9588 -0.2481 -0.1384
vn -0.9917 -0.0688 -0.1086
vn -0.9848 -0.0017 -0.1735
vn -0.925 -0.3133 -0.2151
vn -0.911 -0.3414 -0.2313
vn -0.9962 -0.0717 -0.0494
vn -0.944 -0.2833 -0.1691
vn -0.983 -0.1426 -0.1159
vn -0.9903 -0.1143 -0.0784
vn -0.9845 -0.1536 -0.0842
vn -0.9931 -0.0936 -0.0712
vn -0.9945 -0.0788 -0.0696
vn -0.9284 -0.3211 -0.187
vn -0.8466 0.2824 -0.4512
vn -0.9673 -0.0963 -0.2345
vn -0.9993 -0.0207 -0.0311
vn -0.8682 -0.2398 -0.4344
vn -0.9998 -0.0026 -0.0198
vn -0.679 -0.3261 -0.6577
vn -0.999 -0.0385 -0.0212
vn -0.9793 -0.1838 -0.085
vn -0.9793 -0.1934 -0.0592
vn -0.9813 -0.1771 -0.0759
vn -0.9896 -0.1344 -0.051
vn -0.988 -0.1387 -0.0686
vn -0.9968 -0.0622 -0.05
vn -0.016 0.2994 -0.954
vn -0.9957 -0.0821 -0.0421
vn -0.9938 -0.1099 -0.0168
vn -0.9989 -0.0394 -0.0254
vn -0.9719 -0.1208 -0.2018
vn -0.9717 -0.0714 -0.2251
vn -0.981 -0.0388 -0.1902
vn -0.7835 0.3478 -0.5149
vn -0.9862 -0.0468 -0.1588
vn -0.9861 -0.1611 -0.0398
vn -0.974 0.0803 -0.2118
vn -0.9984 -0.0543 -0.0136
vn -0.981 -0.039 -0.1899
vn -0.9981 -0.0607 -0.0057
vn -0.9996 -0.0242 -0.0171
vn -0.9772 -0.09 -0.1923
vn -0.9085 0.2174 -0.3568
vn -0.8944 -0.2345 -0.3809
vn -0.991 -0.1318 -0.023
vn -0.9996 -0.0295 -0.0031
vn -0.9986 -0.053 -0.0012
vn -0.9804 -0.0919 -0.1741
vn -0.9987 -0.0506 -0.0023
vn -0.995 -0.0989 -0.0148
vn -0.9915 -0.0125 -0.1295
vn -0.9884 -0.1486 -0.0321
vn -0.8307 0.3038 -0.4665
vn -0.9901 -0.1363 -0.0349
vn -0.9951 -0.098 -0.016
vn -0.9924 -0.1197 -0.0275
vn -0.9871 -0.0481 -0.1528
vn -0.9953 -0.0951 -0.0159
vn -0.9995 -0.0308 -0.0012
vn -0.7753 -0.3976 -0.4907
vn -0.8038 -0.3662 -0.4688
vn -0.9544 -0.163 -0.2502
vn -0.9682 -0.1615 -0.191
vn -0.7357 0.3882 -0.555
vn -0.9978 -0.0663 -0.0091
vn -0.9856 -0.0893 -0.1433
vn -0.9026 -0.3053 -0.3035
vn -0.9881 -0.1051 -0.1125
vn -0.9028 0.2128 -0.3737
vn -0.8103 0.3106 -0.4969
vn -0.9906 -0.0565 -0.1246
vn -0.9952 0.0269 -0.0941
vn -0.7126 0.3836 -0.5874
vn -0.8484 0.2619 -0.4601
vn -0.0002 0.2215 -0.9752
vn -0.9401 0.1782 -0.2907
vn -0.9244 0.1872 -0.3324
vn -0.9311 -0.2597 -0.2561
vn -0.9469 0.1604 -0.2788
vn -0.897 -0.3015 -0.3231
vn -0.8119 0.2585 -0.5234
vn -0.7305 0.4659 -0.4993
vn -0.8417 0.3661 -0.397
vn -0.1168 0.7932 -0.5977
vn -0.5869 0.6584 -0.4713
vn -0.4012 0.4258 -0.811
vn -0.1158 0.8263 -0.5513
vn -0.4783 0.7471 -0.4616
vn -0.0271 0.9109 -0.4118
vn -0.513 0.7399 -0.4351
vn -0.1161 0.8582 -0.5
vn -0.6873 0.5123 -0.5149
vn -0.8737 0.3341 -0.3535
vn -0.2894 0.7568 -0.5861
vn -0.1954 0.6425 -0.7409
vn -0.9348 0.2469 -0.2554
vn -0.337 0.7958 -0.5032
vn -0.3322 0.7927 -0.5112
vn -0.0581 0.9122 -0.4055
vn -0.6434 0.5048 -0.5756
vn -0.0943 0.8104 -0.5782
vn -0.0932 0.8437 -0.5287
vn -0.2675 0.2869 -0.9199
vn -0.0666 0.8986 -0.4336
vn -0.4284 0.8001 -0.4199
vn -0.5064 0.4876 -0.7112
vn -0.0848 0.8679 -0.4895
vn -0.0904 0.8697 -0.4852
vn -0.0572 0.5282 -0.8472
vn -0.0189 0.914 -0.4053
vn -0.0584 0.5289 -0.8467
vn -0.0424 0.9158 -0.3993
vn -0.0042 0.4935 -0.8697
vn -0.6265 0.5068 -0.5922
vn -0.3683 0.8245 -0.4296
vn -0.0725 0.8386 -0.54
vn -0.2658 0.7128 -0.6491
vn -0.2627 0.6949 -0.6694
vn -0.7098 0.5006 -0.4956
vn -0.0649 0.8999 -0.4312
vn -0.4214 0.7969 -0.4328
vn -0.0978 0.7843 -0.6126
vn -0.1012 0.5737 -0.8128
vn -0.088 0.807 -0.5839
vn -0.1151 0.5877 -0.8008
vn -0.4779 0.4672 -0.7439
vn -0.0218 0.9157 -0.4013
vn -0.5669 0.4954 -0.6581
vn -0.375 0.4061 -0.8333
vn -0.1547 0.6301 -0.761
vn -0.3455 0.8175 -0.4608
vn -0.7965 0.4319 -0.4231
vn -0.0371 0.8955 -0.4435
vn -0.2152 0.6601 -0.7197
vn -0.0161 0.9175 -0.3973
vn -0.5541 0.6827 -0.4763
vn -0.3065 0.7823 -0.5422
vn -0.6786 0.5216 -0.5171
vn -0.296 0.7797 -0.5518
vn -0.7333 0.4975 -0.4633
vn -0.7537 0.4684 -0.4609
vn -0.4494 0.4744 -0.757
vn -0.077 0.8329 -0.548
vn -0.0498 0.8715 -0.4878
vn -0.051 0.8722 -0.4866
vn -0.6641 0.5825 -0.4687
vn -0.0634 0.8178 -0.572
vn -0.4046 0.8153 -0.4143
vn -0.8206 0.4133 -0.3948
vn -0.3828 0.8249 -0.416
vn -0.2281 0.6982 -0.6786
vn -0.0042 0.903 -0.4297
vn -0.3175 0.3284 -0.8896
vn -0.0678 0.8004 -0.5957
vn -0.0124 0.8708 -0.4915
vn -0.4448 0.7695 -0.4583
vn -0.382 0.4501 -0.8071
vn -0.06 0.7883 -0.6124
vn -0.274 0.7417 -0.6122
vn -0.3474 0.3673 -0.8628
vn -0.5492 0.6834 -0.4811
vn -0.0186 0.891 -0.4535
vn -0.0452 0.8369 -0.5455
vn -0.0424 0.8346 -0.5492
vn -0.5901 0.5038 -0.6309
vn -0.0112 0.8702 -0.4927
vn -0.4326 0.498 -0.7516
vn -0.6027 0.6321 -0.4871
vn -0.0395 0.7964 -0.6034
vn -0.373 0.4103 -0.8322
vn -0.853 0.3862 -0.351
vn -0.03 0.8061 -0.591
vn -0.1778 0.6469 -0.7416
vn -0.0216 0.8577 -0.5136
vn -0.2836 0.3027 -0.9099
vn -0.3791 0.8263 -0.4165
vn -0.1624 0.197 -0.9669
vn -0.0048 0.8362 -0.5484
vn -0.0145 0.826 -0.5634
vn -0.0063 0.8115 -0.5843
vn -0.6739 0.1612 -0.721
vn -0.6084 0.186 -0.7715
vn -0.7046 0.1682 -0.6894
vn -0.6923 0.2092 -0.6906
vn -0.6551 0.5584 -0.5089
vn -0.6116 0.2519 -0.75
vn -0.5492 0.6557 -0.5181
vn -0.8659 0.2858 -0.4106
vn -0.8592 0.3052 -0.4108
vn -0.6903 0.4289 -0.5827
vn -0.8363 0.3415 -0.4288
vn -0.3958 0.4735 -0.7869
vn -0.4057 0.4757 -0.7805
vn -0.2972 0.8062 -0.5116
vn -0.7127 0.443 -0.5439
vn -0.7689 0.4715 -0.4318
vn -0.6726 0.4512 -0.5866
vn -0.0076 0.5414 -0.8407
vn -0.7984 0.3986 -0.4513
vn -0.0591 0.5788 -0.8133
vn -0.6694 0.4943 -0.5546
vn -0.4116 0.4314 -0.8028
vn -0.7609 0.4518 -0.4658
vn -0.6204 0.5535 -0.5556
vn -0.2002 0.6874 -0.6982
vn -0.9526 0.2304 -0.1989
vn -0.2364 0.7396 -0.6302
vn -0.5925 0.5464 -0.5919
vn -0.9817 0.1596 -0.1041
vn -0.9258 0.2888 -0.244
vn -0.222 0.7135 -0.6645
vn -0.2355 0.7231 -0.6493
vn -0.9185 0.3113 -0.2439
vn -0.92 0.3041 -0.2473
vn -0.796 0.4764 -0.3734
vn -0.5697 0.6023 -0.5592
vn -0.5325 0.5238 -0.6648
vn -0.5921 0.5702 -0.5695
vn -0.9555 0.251 -0.1551
vn -0.9549 0.2435 -0.1698
vn -0.8695 0.4003 -0.2893
vn -0.1023 0.6253 -0.7737
vn -0.706 0.5167 -0.4843
vn -0.9266 0.3116 -0.2103
vn -0.5919 0.6287 -0.5043
vn -0.4801 0.6347 -0.6056
vn -0.8044 0.4856 -0.3423
vn -0.7882 0.5129 -0.3401
vn -0.8974 0.3302 -0.2925
vn -0.5826 0.6641 -0.4685
vn -0.4384 0.6907 -0.575
vn -0.1716 0.2187 -0.9606
vn -0.3328 0.8143 -0.4756
vn -0.9715 0.1777 -0.1571
vn -0.8634 0.4325 -0.2598
vn -0.6496 0.5383 -0.5368
vn -0.6632 0.5417 -0.5164
vn -0.4917 0.7142 -0.4981
vn -0.507 0.7144 -0.4823
vn -0.378 0.4706 -0.7972
vn -0.0523 0.5856 -0.8089
vn -0.4807 0.4918 -0.726
vn -0.9575 0.2275 -0.1772
vn -0.4558 0.7603 -0.4629
vn -0.2291 0.2594 -0.9382
vn -0.1525 0.6873 -0.7101
vn -0.2488 0.7628 -0.5969
vn -0.2578 0.7839 -0.5648
vn -0.8212 0.4196 -0.3868
vn -0.0491 0.5981 -0.7999
vn -0.3368 0.8322 -0.4405
vn -0.5779 0.5434 -0.609
vn -0.3441 0.8326 -0.4341
vn -0.2939 0.8097 -0.508
vn -0.1154 0.6409 -0.7589
vn -0.7572 0.4942 -0.4271
vn -0.4382 0.7826 -0.4421
vn -0.887 0.3515 -0.2994
vn -0.1717 0.7019 -0.6913
vn -0.8501 0.3973 -0.3456
vn -0.5267 0.677 -0.5141
vn -0.3789 0.8258 -0.4177
vn -0.2357 0.7423 -0.6272
vn -0.4796 0.7226 -0.4979
vn -0.0047 0.5591 -0.8291
vn -0.2499 0.7793 -0.5747
vn -0.7976 0.4661 -0.383
vn -0.2971 0.3536 -0.8869
vn -0.171 0.2231 -0.9597
vn -0.1726 0.6838 -0.709
vn -0.2469 0.7628 -0.5977
vn -0.5143 0.5213 -0.681
vn -0.442 0.5265 -0.7263
vn -0.1101 0.1733 -0.9787
vn -0.2786 0.3444 -0.8965
vn -0.0693 0.6293 -0.7741
vn -0.854 0.3954 -0.338
vn -0.6818 0.5549 -0.4767
vn -0.2216 0.7327 -0.6435
vn -0.372 0.436 -0.8195
vn -0.5576 0.5623 -0.6106
vn -0.3309 0.3951 -0.857
vn -0.6044 0.5929 -0.5322
vn -0.6256 0.5648 -0.5382
vn -0.4354 0.5272 -0.7297
vn -0.1073 0.6683 -0.7361
vn -0.1098 0.6719 -0.7325
vn -0.6571 0.5729 -0.4899
vn -0.5261 0.567 -0.6338
vn -0.714 0.5409 -0.4445
vn -0.2427 0.2862 -0.9269
vn -0.709 0.5399 -0.4537
vn -0.2549 0.7965 -0.5483
vn -0.2579 0.7985 -0.5439
vn -0.9783 0.1774 -0.107
vn -0.4913 0.6869 -0.5356
vn -0.7557 0.5023 -0.4202
vn -0.1655 0.732 -0.6609
vn -0.404 0.7808 -0.4765
vn -0.4043 0.8008 -0.4418
vn -0.3848 0.8046 -0.4523
vn -0.3154 0.845 -0.4319
vn -0.4077 0.4995 -0.7644
vn -0.3699 0.4953 -0.786
vn -0.1967 0.2577 -0.946
vn -0.2658 0.8217 -0.5042
vn -0.4347 0.7466 -0.5036
vn -0.4383 0.7465 -0.5007
vn -0.2307 0.3099 -0.9224
vn -0.0564 0.6517 -0.7564
vn -0.1609 0.7368 -0.6567
vn -0.1994 0.7783 -0.5953
vn -0.0119 0.617 -0.7869
vn -0.897 0.3643 -0.2503
vn -0.5494 0.6307 -0.548
vn -0.2922 0.8339 -0.4682
vn -0.2946 0.8349 -0.4649
vn -0.7346 0.5375 -0.414
vn -0.465 0.709 -0.5302
vn -0.2098 0.7872 -0.5799
vn -0.4087 0.5495 -0.7288
vn -0.3397 0.4162 -0.8435
vn -0.3732 0.5207 -0.7679
vn -0.4044 0.5219 -0.751
vn -0.5086 0.5837 -0.6329
vn -0.6855 0.5651 -0.4592
vn -0.6649 0.5705 -0.4821
vn -0.3562 0.8403 -0.4087
vn -0.109 0.7132 -0.6924
vn -0.1854 0.766 -0.6155
vn -0.5251 0.635 -0.5665
vn -0.6336 0.6007 -0.4876
vn -0.6242 0.5997 -0.5008
vn -0.456 0.5715 -0.6823
vn -0.0731 0.6746 -0.7345
vn -0.1085 0.714 -0.6917
vn -0.6038 0.6007 -0.524
vn -0.1444 0.2442 -0.9589
vn -0.0984 0.1912 -0.9766
vn -0.8058 0.4722 -0.3574
vn -0.3061 0.392 -0.8675
vn -0.2925 0.8417 -0.4538
vn -0.255 0.8195 -0.5132
vn -0.9602 0.2416 -0.1402
vn -0.3542 0.823 -0.4441
vn -0.218 0.8174 -0.5332
vn -0.7027 0.5644 -0.4332
vn -0.4094 0.7718 -0.4865
vn -0.392 0.7641 -0.5124
vn -0.3628 0.4953 -0.7893
vn -0.8772 0.3965 -0.2708
vn -0.0622 0.7004 -0.7111
vn -0.0218 0.6549 -0.7554
vn -0.0116 0.6493 -0.7605
vn -0.4343 0.7262 -0.533
vn -0.4187 0.722 -0.5508
vn -0.8518 0.4324 -0.2958
vn -0.8421 0.4385 -0.314
vn -0.3086 0.854 -0.4189
vn -0.4735 0.6685 -0.5735
vn -0.1097 0.7395 -0.6641
vn -0.2166 0.7963 -0.5649
vn -0.2659 0.8369 -0.4784
vn -0.1876 0.2979 -0.936
vn -0.1826 0.7867 -0.5898
vn -0.1975 0.7932 -0.576
vn -0.394 0.5804 -0.7126
vn -0.4424 0.5803 -0.6837
vn -0.4385 0.5781 -0.6881
vn -0.1644 0.7728 -0.6129
vn -0.1604 0.7696 -0.6181
vn -0.6132 0.613 -0.4983
vn -0.7481 0.542 -0.3829
vn -0.1105 0.7387 -0.6649
vn -0.6514 0.6109 -0.45
vn -0.262 0.3505 -0.8992
vn -0.6752 0.6016 -0.4267
vn -0.2943 0.405 -0.8657
vn -0.463 0.6685 -0.582
vn -0.5616 0.6374 -0.5276
vn -0.2171 0.3143 -0.9242
vn -0.7312 0.5547 -0.3971
vn -0.0533 0.7052 -0.707
vn -0.2187 0.8312 -0.5112
vn -0.2275 0.8329 -0.5045
vn -0.7964 0.1252 -0.5917
vn -0.766 0.1266 -0.6302
vn -0.3624 0.8126 -0.4564
vn -0.7745 0.1395 -0.6171
vn -0.3824 0.8208 -0.4244
vn -0.5426 0.6137 -0.5736
vn -0.3851 0.7759 -0.4997
vn -0.6371 0.6219 -0.4553
vn -0.3516 0.4959 -0.794
vn -0.3329 0.4558 -0.8255
vn -0.3425 0.4625 -0.8178
vn -0.3782 0.5462 -0.7474
vn -0.3664 0.5442 -0.7547
vn -0.2093 0.8139 -0.542
vn -0.1432 0.2691 -0.9524
vn -0.1434 0.8016 -0.5804
vn -0.4885 0.6322 -0.6014
vn -0.8296 0.14 -0.5406
vn -0.6123 0.6327 -0.4742
vn -0.9344 0.31 -0.1754
vn -0.6555 0.1217 -0.7453
vn -0.3749 0.7424 -0.5552
vn -0.3922 0.7485 -0.5347
vn -0.6903 0.1503 -0.7078
vn -0.2488 0.8473 -0.4692
vn -0.0513 0.1758 -0.9831
vn -0.8007 0.1503 -0.5799
vn -0.1557 0.8088 -0.5671
vn -0.0233 0.6998 -0.7139
vn -0.8248 0.1481 -0.5457
vn -0.0797 0.7506 -0.6559
vn -0.71 0.5804 -0.3987
vn -0.1017 0.2221 -0.9697
vn -0.5168 0.6374 -0.5715
vn -0.2492 0.3795 -0.891
vn -0.8984 0.3785 -0.2227
vn -0.592 0.1627 -0.7894
vn -0.4159 0.6904 -0.5919
vn -0.4236 0.6907 -0.5861
vn -0.2699 0.8584 -0.4363
vn -0.6601 0.6134 -0.4337
vn -0.4245 0.6257 -0.6544
vn -0.571 0.6335 -0.5221
vn -0.7402 0.1588 -0.6534
vn -0.9207 0.3349 -0.2006
vn -0.8472 0.1602 -0.5065
vn -0.6163 0.6421 -0.4559
vn -0.0144 0.7039 -0.7102
vn -0.3682 0.5336 -0.7614
vn -0.3499 0.5196 -0.7795
vn -0.6252 0.1769 -0.7602
vn -0.7246 0.1518 -0.6723
vn -0.3388 0.8484 -0.4067
vn -0.3194 0.8521 -0.4146
vn -0.3342 0.837 -0.4334
vn -0.1141 0.7898 -0.6027
vn -0.0969 0.7823 -0.6153
vn -0.7648 0.1862 -0.6168
vn -0.2842 0.8632 -0.4172
vn -0.0474 0.7401 -0.6708
vn -0.579 0.6475 -0.4954
vn -0.161 0.3029 -0.9393
vn -0.167 0.3047 -0.9377
vn -0.4845 0.632 -0.6049
vn -0.7933 0.19 -0.5784
vn -0.8469 0.1648 -0.5056
vn -0.8981 0.379 -0.2232
vn -0.3985 0.5905 -0.7018
vn -0.184 0.8308 -0.5253
vn -0.1721 0.8263 -0.5363
vn -0.6588 0.1892 -0.7281
vn -0.3533 0.7979 -0.4884
vn -0.3446 0.7963 -0.4971
vn -0.7558 0.5457 -0.3618
vn -0.2279 0.8458 -0.4823
vn -0.64 0.1973 -0.7426
vn -0.642 0.6286 -0.439
vn -0.6801 0.6045 -0.4147
vn -0.0458 0.1815 -0.9823
vn -0.1497 0.8089 -0.5686
vn -0.8111 0.1884 -0.5537
vn -0.0042 0.1612 -0.9869
vn -0.2701 0.8617 -0.4296
vn -0.0287 0.747 -0.6643
vn -0.7736 0.2063 -0.5991
vn -0.2034 0.3631 -0.9093
vn -0.738 0.2032 -0.6435
vn -0.7363 0.2016 -0.6459
vn -0.1905 0.844 -0.5014
vn -0.8966 0.1478 -0.4175
vn -0.8692 0.1719 -0.4637
vn -0.2745 0.4084 -0.8706
vn -0.4091 0.6661 -0.6236
vn -0.1123 0.8058 -0.5815
vn -0.8665 0.4295 -0.2543
vn -0.8322 0.1937 -0.5195
vn -0.2485 0.8553 -0.4547
vn -0.4331 0.6407 -0.634
vn -0.3701 0.7105 -0.5985
vn -0.0104 0.7352 -0.6778
vn -0.2129 0.8542 -0.4744
vn -0.5062 0.6654 -0.5486
vn -0.336 0.8343 -0.4372
vn -0.7813 0.2048 -0.5896
vn -0.3211 0.8252 -0.4646
vn -0.5366 0.2001 -0.8198
vn -0.0697 0.7907 -0.6082
vn -0.0739 0.7923 -0.6057
vn -0.3742 0.7109 -0.5955
vn -0.3003 0.8597 -0.4132
vn -0.3175 0.8571 -0.4056
vn -0.8335 0.4718 -0.2876
vn -0.814 0.1995 -0.5455
vn -0.838 0.4671 -0.282
vn -0.5959 0.2159 -0.7735
vn -0.0809 0.2434 -0.9665
vn -0.5539 0.2062 -0.8066
vn -0.0213 0.7669 -0.6414
vn -0.1019 0.2875 -0.9523
vn -0.7023 0.227 -0.6747
vn -0.5364 0.668 -0.5158
vn -0.1566 0.8302 -0.535
vn -0.4876 0.2185 -0.8453
vn -0.5244 0.6873 -0.5026
vn -0.0347 0.2172 -0.9755
vn -0.0364 0.2199 -0.9749
vn -0.1165 0.8344 -0.5388
vn -0.4215 0.6388 -0.6437
vn -0.3439 0.7722 -0.5343
vn -0.3326 0.7686 -0.5464
vn -0.0068 0.7745 -0.6325
vn 0.0007 0.2194 -0.9756
vn -0.2332 0.3845 -0.8932
vn -0.6669 0.2393 -0.7057
vn -0.6494 0.2374 -0.7225
vn -0.1722 0.8393 -0.5157
vn -0.3057 0.4692 -0.8285
vn -0.3074 0.4702 -0.8273
vn -0.52 0.2185 -0.8257
vn -0.2585 0.4362 -0.8619
vn -0.0609 0.7921 -0.6074
vn -0.2136 0.8641 -0.4557
vn -0.2268 0.8651 -0.4474
vn -0.3586 0.556 -0.7498
vn -0.9142 0.1536 -0.3751
vn -0.3186 0.7338 -0.6
vn -0.8638 0.1938 -0.465
vn -0.8374 0.1993 -0.5089
vn -0.6022 0.2541 -0.7569
vn -0.561 0.6858 -0.4636
vn -0.5475 0.6778 -0.4908
vn -0.5539 0.2479 -0.7948
vn -0.7436 0.2523 -0.6192
vn -0.1788 0.3698 -0.9117
vn -0.1903 0.852 -0.4878
vn -0.0907 0.8292 -0.5516
vn -0.3378 0.5182 -0.7857
vn -0.8756 0.1783 -0.4489
vn -0.5467 0.254 -0.7979
vn -0.6959 0.6091 -0.3805
vn -0.3851 0.6602 -0.6448
vn -0.0001 0.802 -0.5974
vn -0.0792 0.2682 -0.9601
vn -0.3304 0.7337 -0.5938
vn -0.2848 0.8659 -0.4113
vn -0.7996 0.2536 -0.5444
vn -0.3674 0.6057 -0.7058
vn -0.3586 0.5967 -0.7179
vn -0.3754 0.6242 -0.6851
vn -0.03 0.8123 -0.5824
vn -0.2507 0.8708 -0.423
vn -0.4902 0.2245 -0.8422
vn -0.9007 0.1686 -0.4003
vn -0.3064 0.8124 -0.4961
vn -0.321 0.8219 -0.4705
vn -0.0668 0.8269 -0.5584
vn -0.6038 0.6684 -0.4343
vn -0.6921 0.2623 -0.6725
vn -0.1271 0.8391 -0.5289
vn -0.0943 0.8362 -0.5402
vn -0.7766 0.2598 -0.5739
vn -0.7901 0.5236 -0.3187
vn -0.7883 0.525 -0.3208
vn -0.2988 0.7937 -0.5299
vn -0.3192 0.837 -0.4446
vn -0.1195 0.3322 -0.9356
vn -0.7356 0.2539 -0.628
vn -0.5089 0.2633 -0.8195
vn -0.2317 0.8712 -0.4327
vn -0.1792 0.3694 -0.9118
vn -0.3598 0.6627 -0.6568
vn -0.7943 0.2626 -0.5478
vn -0.9078 0.3471 -0.2354
vn -0.8309 0.2293 -0.5069
vn -0.8333 0.2315 -0.502
vn -0.218 0.4231 -0.8795
vn -0.1443 0.8536 -0.5005
vn -0.2761 0.8701 -0.4083
vn -0.4404 0.2356 -0.8663
vn -0.5504 0.6935 -0.4649
vn -0.5778 0.6905 -0.4351
vn -0.5401 0.2498 -0.8037
vn -0.3055 0.7957 -0.523
vn -0.6182 0.6619 -0.424
vn -0.0801 0.8448 -0.5291
vn -0.4767 0.6956 -0.5375
vn -0.407 0.6765 -0.6138
vn -0.0174 0.8131 -0.5818
vn -0.3122 0.7482 -0.5854
vn -0.1714 0.8616 -0.4777
vn -0.0541 0.8304 -0.5546
vn -0.6691 0.2908 -0.6839
vn -0.58 0.6917 -0.4304
vn -0.343 0.6957 -0.6311
vn -0.6592 0.6374 -0.399
vn -0.1213 0.8533 -0.5071
vn -0.476 0.2674 -0.8378
vn -0.3083 0.6925 -0.6523
vn -0.8711 0.4073 -0.2745
vn -0.8766 0.4032 -0.2625
vn -0.5034 0.7055 -0.4988
vn -0.303 0.7837 -0.5423
vn -0.4418 0.2407 -0.8642
vn -0.8888 0.2002 -0.4123
vn -0.3418 0.5886 -0.7326
vn -0.1978 0.8693 -0.453
vn -0.5712 0.2878 -0.7687
vn -0.5826 0.2859 -0.7608
vn -0.1087 0.3296 -0.9379
vn -0.9173 0.1747 -0.3579
vn -0.8602 0.2137 -0.4631
vn -0.872 0.2198 -0.4374
vn -0.3009 0.8495 -0.4335
vn -0.2927 0.8493 -0.4394
vn -0.61 0.2789 -0.7417
vn -0.6321 0.278 -0.7233
vn -0.3709 0.6443 -0.6689
vn -0.3776 0.6519 -0.6576
vn -0.9304 0.1564 -0.3316
vn -0.5141 0.2705 -0.814
vn -0.0534 0.2873 -0.9564
vn -0.1198 0.8538 -0.5065
vn -0.7899 0.2851 -0.5429
vn -0.3053 0.5097 -0.8044
vn -0.2791 0.4695 -0.8376
vn -0.48 0.7119 -0.5127
vn -0.3111 0.5212 -0.7947
vn -0.7058 0.2912 -0.6458
vn -0.7188 0.2822 -0.6353
vn -0.6634 0.2929 -0.6886
vn -0.2433 0.4408 -0.864
vn -0.1463 0.377 -0.9146
vn 0.0005 0.8416 -0.5401
vn -0.4135 0.6939 -0.5895
vn -0.4387 0.2556 -0.8615
vn -0.034 0.2764 -0.9604
vn -0.272 0.7576 -0.5934
vn -0.2944 0.7676 -0.5693
vn -0.3437 0.5554 -0.7572
vn -0.3337 0.548 -0.767
vn -0.2872 0.7194 -0.6324
vn -0.9145 0.1835 -0.3606
vn -0.8291 0.4683 -0.3055
vn -0.1541 0.862 -0.4829
vn -0.7445 0.5691 -0.3491
vn -0.7391 0.5727 -0.3546
vn -0.5359 0.6976 -0.4756
vn -0.468 0.2755 -0.8397
vn -0.3833 0.2258 -0.8956
vn -0.3612 0.6182 -0.6981
vn -0.7401 0.3011 -0.6013
vn -0.7539 0.3037 -0.5826
vn -0.3424 0.6005 -0.7226
vn -0.1803 0.8699 -0.459
vn -0.0371 0.8475 -0.5295
vn -0.2178 0.8787 -0.4248
vn -0.818 0.2827 -0.5009
vn -0.4949 0.3104 -0.8116
vn -0.945 0.1527 -0.2893
vn -0.5233 0.7192 -0.457
vn -0.5377 0.7216 -0.4361
vn -0.0806 0.8563 -0.5101
vn -0.8884 0.2218 -0.402
vn -0.0326 0.8489 -0.5275
vn -0.2986 0.7049 -0.6434
vn -0.3889 0.2421 -0.8889
vn -0.2833 0.8319 -0.4772
vn -0.8464 0.4345 -0.308
vn -0.6876 0.3227 -0.6504
vn -0.4534 0.7118 -0.5364
vn -0.438 0.71 -0.5514
vn -0.3045 0.5414 -0.7837
vn -0.2518 0.8755 -0.4124
vn -0.1888 0.4262 -0.8847
vn -0.1967 0.4292 -0.8815
vn -0.282 0.8186 -0.5004
vn -0.055 0.3168 -0.9469
vn -0.2789 0.7431 -0.6082
vn -0.6177 0.6672 -0.4164
vn -0.7643 0.3281 -0.5551
vn -0.109 0.8661 -0.4878
vn -0.7283 0.322 -0.6049
vn -0.6307 0.3336 -0.7006
vn -0.625 0.3347 -0.7052
vn -0.8361 0.264 -0.4808
vn -0.8545 0.2561 -0.452
vn -0.0747 0.8593 -0.506
vn -0.8873 0.2216 -0.4044
vn -0.2752 0.8626 -0.4245
vn -0.2611 0.8588 -0.4408
vn -0.4538 0.3104 -0.8353
vn -0.6989 0.6074 -0.3776
vn -0.5818 0.3259 -0.7452
vn -0.5736 0.3262 -0.7513
vn -0.68 0.3443 -0.6473
vn -0.1341 0.8719 -0.4709
vn -0.7986 0.3075 -0.5174
vn -0.0849 0.34 -0.9366
vn -0.5569 0.703 -0.4422
vn -0.029 0.8534 -0.5205
vn -0.3439 0.6525 -0.6753
vn -0.2488 0.7241 -0.6433
vn -0.2717 0.7922 -0.5465
vn -0.1639 0.8779 -0.45
vn -0.131 0.4064 -0.9043
vn -0.9364 0.1668 -0.3087
vn -0.4492 0.7418 -0.4979
vn -0.5242 0.3232 -0.7879
vn -0.536 0.3253 -0.779
vn -0.1284 0.8724 -0.4715
vn -0.5715 0.706 -0.4183
vn -0.5554 0.7091 -0.4344
vn -0.2894 0.82 -0.4938
vn -0.9089 0.2131 -0.3584
vn -0.1966 0.8823 -0.4278
vn -0.1999 0.8825 -0.4256
vn -0.388 0.7193 -0.5762
vn -0.2351 0.4903 -0.8393
vn -0.2453 0.4939 -0.8342
vn -0.017 0.8566 -0.5157
vn -0.4898 0.737 -0.4657
vn -0.054 0.8614 -0.5051
vn -0.3873 0.268 -0.8821
vn -0.4895 0.7371 -0.4659
vn -0.4112 0.2897 -0.8643
vn -0.3624 0.6817 -0.6356
vn -0.3751 0.6966 -0.6116
vn -0.2517 0.7197 -0.6471
vn -0.1601 0.8783 -0.4506
vn -0.859 0.2659 -0.4375
vn -0.87 0.2595 -0.4193
vn -0.8012 0.4925 -0.34
vn -0.8086 0.3078 -0.5015
vn -0.8383 0.2946 -0.4588
vn -0.2406 0.7574 -0.607
vn -0.791 0.3282 -0.5163
vn -0.476 0.3244 -0.8174
vn -0.2705 0.7975 -0.5393
vn -0.2553 0.7788 -0.5729
vn -0.251 0.8759 -0.4121
vn -0.7462 0.3507 -0.5659
vn -0.7292 0.3482 -0.5891
vn -0.5802 0.6963 -0.4226
vn -0.6673 0.3623 -0.6508
vn -0.2637 0.8541 -0.4483
vn -0.0862 0.8681 -0.4889
vn -0.6997 0.3616 -0.6162
vn -0.255 0.8373 -0.4835
vn -0.3358 0.5876 -0.7362
vn -0.5902 0.3652 -0.7199
vn -0.3948 0.2852 -0.8734
vn -0.5405 0.3618 -0.7596
vn -0.017 0.3387 -0.9407
vn -0.799 0.3388 -0.4968
vn -0.1556 0.4366 -0.8861
vn -0.3045 0.5682 -0.7645
vn -0.3096 0.5702 -0.7609
vn -0.1885 0.8833 -0.4293
vn -0.4911 0.7451 -0.4513
vn -0.3147 0.2161 -0.9243
vn -0.2415 0.7453 -0.6214
vn -0.2499 0.8373 -0.4863
vn -0.2223 0.7169 -0.6608
vn -0.7132 0.5852 -0.3859
vn -0.3357 0.667 -0.6652
vn -0.3464 0.6775 -0.6489
vn -0.6578 0.6386 -0.3993
vn -0.95 0.1646 -0.2654
vn -0.843 0.2962 -0.449
vn -0.6374 0.3707 -0.6754
vn -0.2543 0.7704 -0.5846
vn -0.2313 0.8815 -0.4117
vn -0.2186 0.8827 -0.416
vn -0.581 0.3802 -0.7197
vn -0.963 0.1377 -0.2316
vn -0.3229 0.6315 -0.705
vn -0.1926 0.4912 -0.8495
vn -0.692 0.3862 -0.6099
vn -0.7662 0.3623 -0.5308
vn -0.5056 0.7495 -0.4274
vn -0.4398 0.3226 -0.8382
vn -0.2339 0.8713 -0.4314
vn -0.4539 0.7592 -0.4665
vn -0.254 0.8009 -0.5423
vn -0.0096 0.8625 -0.506
vn -0.8918 0.2471 -0.379
vn -0.0423 0.8677 -0.4953
vn -0.889 0.2482 -0.3849
vn -0.1132 0.8803 -0.4607
vn -0.0682 0.3872 -0.9194
vn -0.4331 0.7534 -0.4948
vn -0.4228 0.7524 -0.5051
vn -0.7962 0.4944 -0.3487
vn -0.0757 0.8744 -0.4793
vn -0.5795 0.6878 -0.4371
vn -0.521 0.3583 -0.7747
vn -0.4812 0.35 -0.8037
vn -0.3919 0.7401 -0.5466
vn -0.2385 0.8177 -0.524
vn -0.1446 0.8856 -0.4413
vn -0.7471 0.5458 -0.3793
vn -0.7507 0.544 -0.3749
vn -0.5365 0.3615 -0.7626
vn -0.8297 0.3259 -0.4533
vn -0.1449 0.4647 -0.8735
vn -0.3647 0.7171 -0.5939
vn -0.257 0.5252 -0.8112
vn -0.2109 0.4973 -0.8415
vn -0.1336 0.8866 -0.4428
vn -0.921 0.213 -0.3263
vn -0.7562 0.382 -0.5313
vn -0.7433 0.3926 -0.5416
vn -0.5329 0.734 -0.4209
vn -0.084 0.882 -0.4638
vn -0.2255 0.8511 -0.4741
vn -0.019 0.8675 -0.4971
vn -0.0475 0.873 -0.4854
vn -0.4633 0.7572 -0.4605
vn -0.394 0.7668 -0.5067
vn -0.8183 0.3399 -0.4634
vn -0.1666 0.4972 -0.8515
vn -0.1619 0.8894 -0.4276
vn -0.3122 0.6115 -0.7271
vn -0.2038 0.8883 -0.4116
vn -0.1934 0.8882 -0.4168
vn -0.2355 0.8652 -0.4427
vn -0.2244 0.8627 -0.4533
vn -0.4718 0.7707 -0.4283
vn -0.4147 0.3193 -0.8521
vn -0.3888 0.7452 -0.5417
vn -0.238 0.7946 -0.5586
vn -0.2257 0.7837 -0.5786
vn -0.6171 0.4185 -0.6663
vn -0.0957 0.4154 -0.9046
vn -0.4586 0.3737 -0.8063
vn -0.2163 0.7267 -0.652
vn -0.3328 0.253 -0.9084
vn -0.0349 0.395 -0.918
vn -0.216 0.7574 -0.6162
vn -0.6999 0.4014 -0.5908
vn -0.467 0.7707 -0.4336
vn -0.6536 0.4106 -0.6358
vn -0.0883 0.8799 -0.467
vn -0.459 0.3748 -0.8055
vn -0.6562 0.6289 -0.417
vn -0.6397 0.6336 -0.4352
vn -0.3127 0.6116 -0.7267
vn -0.2237 0.7617 -0.6081
vn -0.2786 0.5917 -0.7565
vn -0.6984 0.5879 -0.4082
vn -0.5433 0.4056 -0.7351
vn -0.0327 0.8778 -0.478
vn -0.2496 0.5516 -0.7959
vn -0.2519 0.5542 -0.7934
vn -0.808 0.4591 -0.3692
vn -0.2122 0.8484 -0.4849
vn -0.7776 0.3917 -0.4918
vn -0.2175 0.8215 -0.5271
vn -0.8 0.3754 -0.4681
vn -0.9193 0.2269 -0.3215
vn -0.2161 0.8687 -0.4457
vn -0.0373 0.3922 -0.9191
vn -0.4509 0.7774 -0.4385
vn -0.2834 0.2395 -0.9286
vn -0.3825 0.7787 -0.4973
vn -0.0108 0.8751 -0.4839
vn -0.3303 0.267 -0.9053
vn -0.0572 0.8846 -0.4627
vn -0.3384 0.6969 -0.6323
vn -0.2071 0.7246 -0.6573
vn -0.2081 0.8357 -0.5082
vn -0.4682 0.7722 -0.4296
vn -0.5999 0.6755 -0.4288
vn -0.2651 0.2235 -0.938
vn -0.7827 0.495 -0.3774
vn -0.6508 0.4145 -0.6361
vn -0.1965 0.8777 -0.437
vn -0.5343 0.4181 -0.7346
vn -0.124 0.8914 -0.436
vn -0.0821 0.452 -0.8882
vn -0.4252 0.3715 -0.8253
vn -0.6048 0.4306 -0.67
vn -0.3198 0.6736 -0.6663
vn -0.3111 0.6541 -0.6895
vn -0.3706 0.3212 -0.8715
vn -0.2849 0.2474 -0.9261
vn -0.5045 0.7496 -0.4284
vn -0.1511 0.5179 -0.842
vn -0.4861 0.4033 -0.7753
vn -0.496 0.4051 -0.768
vn -0.4289 0.7935 -0.4317
vn -0.7513 0.5169 -0.4103
vn -0.3972 0.3471 -0.8496
vn -0.3404 0.7456 -0.5729
vn -0.0367 0.883 -0.468
vn -0.94 0.2047 -0.273
vn -0.1577 0.896 -0.4151
vn -0.1841 0.7516 -0.6334
vn -0.2065 0.5619 -0.801
vn -0.1915 0.7847 -0.5896
vn -0.423 0.7843 -0.4539
vn -0.7563 0.3978 -0.5194
vn -0.4046 0.7861 -0.4673
vn -0.1948 0.8038 -0.5622
vn -0.2076 0.8164 -0.5389
vn 0.0033 0.4069 -0.9135
vn -0.0895 0.8935 -0.44
vn -0.3109 0.6331 -0.7089
vn -0.1896 0.884 -0.4273
vn -0.1717 0.8805 -0.4419
vn -0.7782 0.3962 -0.4873
vn -0.1939 0.8543 -0.4822
vn -0.8866 0.2784 -0.3695
vn -0.6409 0.4424 -0.6273
vn -0.7079 0.4459 -0.5478
vn -0.9026 0.2643 -0.3398
vn -0.9327 0.2224 -0.284
vn -0.3454 0.2869 -0.8935
vn -0.0889 0.8937 -0.4397
vn -0.1043 0.4744 -0.8741
vn -0.1926 0.7612 -0.6192
vn -0.155 0.896 -0.4161
vn -0.1947 0.7864 -0.5862
vn -0.5453 0.7109 -0.4441
vn -0.5367 0.4171 -0.7335
vn -0.1394 0.8985 -0.4163
vn -0.1354 0.8981 -0.4184
vn -0.1853 0.8628 -0.4704
vn -0.2572 0.599 -0.7583
vn -0.9726 0.1482 -0.1789
vn -0.1713 0.8453 -0.5062
vn -0.2445 0.5913 -0.7685
vn -0.5976 0.4335 -0.6745
vn -0.44 0.413 -0.7974
vn -0.0205 0.8887 -0.458
vn -0.7194 0.5481 -0.4267
vn -0.729 0.4501 -0.5158
vn -0.1962 0.5706 -0.7974
vn -0.8703 0.312 -0.3811
vn -0.3017 0.6926 -0.6552
vn -0.3077 0.6973 -0.6474
vn -0.0574 0.8948 -0.4427
vn -0.825 0.3697 -0.4275
vn -0.6609 0.6073 -0.4409
vn -0.2962 0.6521 -0.6978
vn -0.7578 0.4384 -0.4833
vn -0.0516 0.459 -0.8869
vn -0.0429 0.4513 -0.8913
vn -0.063 0.8939 -0.4438
vn -0.2849 0.64 -0.7136
vn -0.2637 0.6358 -0.7254
vn -0.3181 0.7235 -0.6127
vn -0.5561 0.7066 -0.4376
vn -0.4923 0.4205 -0.7621
vn -0.1627 0.8097 -0.5638
vn -0.0141 0.8886 -0.4584
vn -0.9625 0.1718 -0.2101
vn -0.1615 0.8647 -0.4756
vn -0.3475 0.3174 -0.8823
vn -0.3397 0.7649 -0.5474
vn -0.3353 0.761 -0.5554
vn -0.1589 0.8257 -0.5413
vn -0.1724 0.8405 -0.5137
vn -0.7201 0.5472 -0.4266
vn -0.0341 0.8935 -0.4477
vn -0.9287 0.2418 -0.2812
vn -0.5943 0.6767 -0.4346
vn -0.0988 0.9008 -0.4228
vn -0.3147 0.2736 -0.9089
vn -0.1582 0.807 -0.569
vn -0.3879 0.7987 -0.4601
vn -0.65 0.6082 -0.4555
vn -0.6233 0.4651 -0.6286
vn -0.1712 0.5759 -0.7994
vn -0.1425 0.8894 -0.4343
vn -0.8106 0.3916 -0.4355
vn -0.5354 0.4558 -0.711
vn -0.2138 0.2 -0.9562
vn -0.1617 0.7853 -0.5976
vn -0.1512 0.7751 -0.6135
vn -0.29 0.675 -0.6784
vn -0.2367 0.2298 -0.944
vn -0.4401 0.4414 -0.782
vn -0.8642 0.331 -0.3789
vn -0.5823 0.647 -0.4922
vn -0.4098 0.3938 -0.8228
vn -0.4043 0.3911 -0.8268
vn -0.1235 0.9047 -0.4077
vn -0.9591 0.1829 -0.216
vn -0.0898 0.9052 -0.4155
vn -0.0508 0.902 -0.4287
vn -0.2782 0.6551 -0.7024
vn -0.0403 0.4885 -0.8717
vn -0.3386 0.3293 -0.8814
vn -0.4771 0.7693 -0.4248
vn -0.3713 0.3565 -0.8573
vn -0.3822 0.3653 -0.8488
vn -0.1383 0.8421 -0.5213
vn -0.153 0.8707 -0.4674
vn -0.5769 0.4545 -0.6787
vn -0.1071 0.5286 -0.8421
vn -0.0963 0.5205 -0.8484
vn -0.4181 0.7974 -0.4352
vn -0.7135 0.46 -0.5285
vn -0.5049 0.7373 -0.4489
vn -0.6184 0.4759 -0.6253
vn -0.3806 0.7984 -0.4666
vn -0.9736 0.1604 -0.1624
vn -0.8944 0.3003 -0.3316
vn -0.1672 0.5791 -0.7979
vn -0.0216 0.9015 -0.4323
vn -0.1426 0.8893 -0.4345
vn -0.01 0.45 -0.893
vn -0.2197 0.6093 -0.7619
vn -0.6239 0.6474 -0.4377
vn -0.0618 0.9061 -0.4186
vn -0.6529 0.4952 -0.5731
vn -0.4451 0.792 -0.418
vn -0.1113 0.8747 -0.4717
vn -0.27 0.6972 -0.664
vn -0.1247 0.8319 -0.5408
vn -0.2794 0.719 -0.6364
vn -0.0998 0.9098 -0.4029
vn -0.0822 0.9083 -0.4101
vn -0.473 0.4641 -0.7489
vn -0.9045 0.2943 -0.3088
vn -0.0133 0.9025 -0.4304
vn -0.1185 0.8593 -0.4975
vn -0.9547 0.202 -0.2183
vn -0.2457 0.6507 -0.7185
vn -0.2498 0.6523 -0.7156
vn -0.6508 0.5849 -0.4841
vn -0.2952 0.7336 -0.6121
vn -0.3053 0.7433 -0.5952
vn -0.3024 0.301 -0.9044
vn -0.0921 0.8909 -0.4448
vn -0.1158 0.8964 -0.4278
vn -0.5956 0.6437 -0.4805
vn -0.0538 0.9096 -0.412
vn -0.446 0.4423 -0.7781
vn -0.1243 0.7992 -0.5881
vn -0.4724 0.7714 -0.4264
vn -0.3245 0.7701 0.5492
vn -0.3152 0.883 0.3477
vn -0.2304 0.8203 0.5234
vn -0.3117 0.8711 0.3795
vn -0.3104 0.8821 0.3543
vn -0.2848 0.8111 0.5109
vn -0.2853 0.8024 0.5242
vn -0.1886 0.8308 0.5237
vn -0.1108 0.924 0.3661
vn -0.101 0.9058 0.4115
vn -0.0726 0.8979 0.4342
vn -0.1543 0.9064 0.3933
vn -0.1463 0.9236 0.3544
vn -0.6306 0.4822 0.6081
vn -0.684 0.5104 0.5212
vn -0.6542 0.4826 0.5823
vn -0.138 0.8429 0.5201
vn -0.1385 0.8398 0.525
vn -0.6935 0.5316 0.4863
vn -0.666 0.5319 0.523
vn -0.6299 0.4914 0.6014
vn -0.0363 0.7795 0.6254
vn -0.2419 0.8002 0.5488
vn -0.9084 0.0933 0.4077
vn -0.2096 0.8063 0.5532
vn -0.8574 0.1312 0.4977
vn -0.855 0.1797 0.4864
vn -0.1726 0.8184 0.5481
vn -0.8347 0.2172 0.506
vn -0.8407 0.2219 0.4939
vn -0.0965 0.9568 0.2742
vn -0.8108 0.2527 0.5279
vn -0.059 0.9514 0.3022
vn -0.0554 0.9352 0.3496
vn -0.8325 0.2716 0.4828
vn -0.9116 0.0018 0.4111
vn -0.874 -0.0024 0.4859
vn -0.6982 0.4157 0.5828
vn -0.7666 0.2926 0.5716
vn -0.7956 0.2978 0.5275
vn -0.115 0.062 0.9914
vn -0.9226 0.0381 0.3838
vn -0.9346 0.0434 0.353
vn -0.8427 0.3622 0.3984
vn -0.8508 0.0426 0.5237
vn -0.8494 0.0421 0.5261
vn -0.8394 0.4039 0.3638
vn -0.9334 0.0726 0.3514
vn -0.8206 0.4072 0.401
vn -0.7929 0.501 0.3469
vn -0.8706 0.0885 0.484
vn -0.9334 0.123 0.3371
vn -0.8277 0.1019 0.5519
vn -0.7591 0.5101 0.4044
vn -0.9091 0.1389 0.3927
vn -0.7259 0.4838 0.4888
vn -0.7312 0.4902 0.4744
vn -0.8266 0.1523 0.5417
vn -0.7651 0.5485 0.3372
vn -0.9189 0.1908 0.3454
vn -0.9112 0.1851 0.3679
vn -0.7341 0.5711 0.3672
vn -0.9032 0.241 0.3553
vn -0.9006 0.2381 0.3635
vn -0.8832 0.2866 0.3714
vn -0.8849 0.2887 0.3655
vn -0.8649 0.3389 0.3704
vn -0.8625 0.3342 0.3799
vn -0.8562 0.3558 0.3746
vn -0.2019 0.9068 0.3702
vn -0.7639 0.3433 0.5464
vn -0.7416 0.3204 0.5894
vn -0.0799 0.7902 0.6076
vn -0.7607 0.3687 0.5342
vn -0.8101 0.4516 0.3738
vn -0.8097 0.4507 0.3759
vn -0.72 0.3722 0.5858
vn -0.0396 0.8525 0.5212
vn -0.7228 0.398 0.565
vn -0.0237 0.9086 0.417
vn -0.025 0.8704 0.4918
vn -0.6537 0.4811 0.5841
vn -0.8305 0.1928 0.5226
vn -0.6935 0.4021 0.5979
vn -0.7024 0.6009 0.3814
vn -0.7032 0.6035 0.3759
vn -0.6893 0.4522 0.5661
vn -0.6489 0.5644 0.5103
vn -0.6421 0.5492 0.5349
vn -0.6618 0.4435 0.6044
vn -0.7334 0.5636 0.3801
vn -0.6729 0.6431 0.3655
vn -0.6725 0.6414 0.3692
vn -0.6074 0.5907 0.5312
vn -0.602 0.5753 0.5537
vn -0.249 0.8844 0.3947
vn -0.2464 0.8911 0.381
vn -0.6341 0.6717 0.383
vn -0.6345 0.6842 0.3595
vn -0.5822 0.6089 0.5388
vn -0.205 0.9006 0.3833
vn -0.5362 0.5924 0.6013
vn -0.5961 0.708 0.3787
vn -0.596 0.6997 0.3939
vn -0.1076 0.854 0.509
vn -0.5345 0.635 0.5578
vn -0.5746 0.7321 0.3658
vn -0.0852 0.8281 0.5541
vn -0.5 0.6303 0.594
vn -0.0653 0.8676 0.4929
vn -0.5511 0.7348 0.3955
vn -0.495 0.6754 0.5467
vn -0.4953 0.6766 0.5449
vn -0.5424 0.7703 0.3353
vn -0.4874 0.7902 0.3715
vn -0.4882 0.7782 0.3951
vn -0.4502 0.7068 0.5457
vn -0.4506 0.7096 0.5418
vn -0.7452 0.4627 0.4802
vn -0.7889 0.4759 0.3889
vn -0.4378 0.8211 0.3661
vn -0.3903 0.7146 0.5805
vn -0.4319 0.8183 0.3793
vn -0.3846 0.747 0.5422
vn -0.3857 0.7514 0.5353
vn -0.3774 0.8539 0.3583
vn -0.3783 0.8413 0.3861
vn -0.3537 0.7953 0.4924
vn -0 0 -1
vn -0.0001 -0.0001 -1
vn -0 -0.0001 -1
vn 0.0001 -0.0001 -1
vn -0.0001 0.0001 -1
vn -0.0007 -0.0018 -1
vn 0.0004 0.0015 -1
vn -0.0002 -0.0002 -1
vn 0.0002 0.0002 -1
vn -0.0003 0.0011 -1
vn 0.0004 -0.0012 -1
vn -0.0002 0 -1
vn 0.0007 -0.0001 -1
vn 0 0.0001 -1
vn -0.0012 0.002 -1
vn -0.0003 0.0014 -1
vn 0.0003 0.0001 -1
vn -0.1002 0.9904 -0.0955
vn -0.69 0.7236 -0.02
vn 0.0355 0.9993 -0.0101
vn 0.7272 -0.6775 0.1104
vn 0.1195 -0.9912 -0.0562
vn -0.0352 -0.9993 0.0101
vn -0.0355 -0.9993 0.01
vn 0.4311 -0.0015 -0.9023
vn 0.3003 0.0016 0.9538
vn 0.4833 0.0026 -0.8755
vn 0.2406 -0.0044 0.9706
vn 0.5135 -0.004 -0.8581
vn 0.2612 -0.0002 0.9653
vn 0.5236 -0.0011 -0.852
vn 0.2281 -0.0012 0.9736
vn 0.1901 0.0022 0.9818
vn 0.5524 0.0024 -0.8336
vn 0.5741 0.0011 -0.8188
vn 0.1512 -0.0007 0.9885
vn 0.5938 -0.0028 -0.8046
vn 0.153 -0.0012 0.9882
vn 0.6064 0.0003 -0.7952
vn 0.114 0.0009 0.9935
vn 0.6431 -0.0005 -0.7658
vn 0.0828 -0.0021 0.9966
vn 0.6434 -0.0005 -0.7655
vn 0.6749 0.0007 -0.7379
vn 0.0678 0.0004 0.9977
vn 0.0132 -0.0006 0.9999
vn 0.0168 -0 0.9999
vn 0.6836 -0.0012 -0.7299
vn 0.2743 0.0015 -0.9616
vn 0.3122 -0.0016 -0.95
vn 0.3388 0.0015 -0.9409
vn 0.7072 0.0007 -0.707
vn 0.9999 -0.0119 -0.0071
vn 0.7261 -0.0023 -0.6876
vn 0.7328 0.0004 -0.6804
vn 0.9999 -0.0027 -0.0154
vn 0.764 0.0016 -0.6452
vn 1 -0.0009 0.009
vn 0.7808 -0.0022 -0.6248
vn 0.7882 -0.0002 -0.6154
vn 0.8183 0.0002 -0.5748
vn 0.8175 -0.0002 -0.5759
vn 0.8438 -0.0011 -0.5366
vn 0.8463 -0.0002 -0.5327
vn 0.8609 0.0007 -0.5088
vn 0.8735 -0.0015 -0.4868
vn 0.8809 0.0008 -0.4733
vn 0.9009 0.0001 -0.434
vn 0.9075 -0.0032 -0.4201
vn 0.9161 0.0001 -0.401
vn 0.9279 0.0006 -0.3729
vn 0.9406 0.0002 -0.3395
vn 0.937 -0.0021 -0.3494
vn 0.9546 0.0027 -0.2979
vn 0.9641 -0.0026 -0.2656
vn 0.9753 0.0022 -0.2209
vn 0.9886 -0.0009 -0.1506
vn 0.982 -0.0011 -0.1891
vn 0.9861 0.001 -0.166
vn 0.9886 -0.001 -0.1504
vn 0.9933 0.0012 -0.116
vn 0.9862 0.0151 0.1646
vn 0.9945 -0.0008 -0.105
vn 0.9971 0.0006 -0.0761
vn 0.9997 -0.0002 -0.0257
vn 0.9993 0.0011 -0.0365
vn 0.9981 -0.0008 -0.0622
vn 0.9997 0.0003 0.0249
vn 0.9751 -0.0115 0.2216
vn 0.9988 -0.0009 0.0493
vn 0.9987 -0.0007 0.0501
vn 0.9967 0.0009 0.0814
vn 0.9943 -0.0016 0.1067
vn 0.9918 0.0015 0.1277
vn 0.9845 -0.0022 0.1753
vn 0.9839 -0.0014 0.1786
vn 0.9667 -0.0085 -0.2557
vn 0.977 0.0008 0.2131
vn 0.9733 -0.0022 0.2296
vn 0.9679 -0 0.2514
vn 0.9641 -0.0015 -0.2654
vn 0.9616 -0.0017 0.2743
vn 0.9606 -0.0013 0.2778
vn 0.9492 -0.0015 0.3148
vn 0.9457 -0.0035 0.3251
vn 0.9378 0.0009 0.3473
vn 0.9192 -0.0027 0.3938
vn 0.9202 -0.0021 0.3915
vn 0.9049 0.001 0.4257
vn 0.897 -0.0024 0.4421
vn 0.8796 0.001 0.4757
vn 0.8722 -0.0021 0.4892
vn 0.8557 0.0014 0.5175
vn 0.8381 -0.0045 0.5456
vn 0.8298 -0.0001 0.558
vn 0.794 -0.0053 0.6078
vn 0.7885 -0.0014 0.6151
vn 0.7579 0.0001 0.6524
vn 0.7429 -0.0015 0.6694
vn 0.7395 -0.0028 0.6732
vn 0.7164 0.0002 0.6977
vn 0.6888 -0.0014 0.7249
vn 0.6948 -0.0034 0.7192
vn 0.6645 0.0006 0.7472
vn 0.0329 -0.0018 -0.9995
vn 0.6326 -0.0035 0.7744
vn 0.6273 -0.0057 0.7788
vn 0.0543 0.0004 -0.9985
vn 0.6081 -0.0001 0.7939
vn 0.0846 -0.0002 -0.9964
vn 0.0959 -0.0013 -0.9954
vn 0.121 0.0013 -0.9927
vn 0.5765 0.0016 0.8171
vn 0.1354 0.0019 -0.9908
vn 0.545 -0.0042 0.8384
vn 0.5408 -0.006 0.8411
vn 0.1761 -0.0013 -0.9844
vn 0.1728 -0.0007 -0.985
vn 0.5006 0.0049 0.8657
vn 0.2034 0.0007 -0.9791
vn 0.2389 -0.0018 -0.971
vn 0.4783 0.0042 0.8782
vn 0.2447 -0.0004 -0.9696
vn 0.4354 -0.0055 0.9002
vn 0.3033 0.0001 -0.9529
vn 0.399 0.0014 0.917
vn 1 -0.0013 -0.0005
vn 0.3765 -0.0019 -0.9264
vn 0.3698 0.0013 0.9291
vn 0.3849 0.0001 -0.923
vn 0.9999 0.0018 0.0138
vn 0.3364 -0.004 0.9417
vn 0.3366 -0.0039 0.9416
vn 0.4343 -0.0005 -0.9008
vn 0.1445 0.9157 0.3749
vn 0.141 0.9123 0.3845
vn 0.5247 0.7542 0.3948
vn 0.5151 0.7728 0.3708
vn 0.0761 0.8484 0.5239
vn 0.0898 0.8653 0.4932
vn 0.1045 0.9204 0.3767
vn 0.4994 0.769 0.3992
vn 0.1008 0.9386 0.33
vn 0.4652 0.8045 0.3694
vn 0.4513 0.7978 0.3998
vn 0.0409 0.8558 0.5156
vn 0.0447 0.8652 0.4994
vn 0.0032 0.8332 0.5529
vn 0.424 0.8284 0.3661
vn 0.0269 0.9225 0.3852
vn 0.4002 0.8207 0.4079
vn -0.0002 0.9324 0.3615
vn 0.8341 0.0474 0.5495
vn 0.9339 0.0665 0.3512
vn 0.9136 0.085 0.3976
vn 0.9018 0.1352 0.4105
vn 0.2494 0.884 0.3954
vn 0.8744 0.1829 0.4494
vn 0.2196 0.8997 0.3772
vn 0.8686 0.209 0.4492
vn 0.8299 0.2111 0.5165
vn 0.8462 0.3773 0.3763
vn 0.8851 0.3693 0.2831
vn 0.7422 0.4033 0.5352
vn 0.7618 0.4493 0.4666
vn 0.7674 0.4405 0.466
vn 0.7342 0.4408 0.5164
vn 0.7935 0.4918 0.3585
vn 0.8089 0.4998 0.3097
vn 0.7222 0.4784 0.4995
vn 0.706 0.4741 0.5261
vn 0.9211 0.0263 0.3885
vn 0.9201 0.0276 0.3908
vn 0.7298 0.5448 0.4131
vn 0.691 0.5185 0.5037
vn 0.8672 0.0808 0.4913
vn 0.8288 0.1066 0.5493
vn 0.6614 0.5258 0.535
vn 0.9308 0.1085 0.349
vn 0.662 0.543 0.5167
vn 0.713 0.5879 0.382
vn 0.6406 0.5495 0.5363
vn 0.6444 0.5685 0.5115
vn 0.9111 0.1535 0.3824
vn 0.6917 0.6097 0.387
vn 0.9108 0.1633 0.3792
vn 0.6146 0.5805 0.5342
vn 0.6158 0.5925 0.5194
vn 0.6463 0.7211 0.2496
vn 0.6624 0.6386 0.3918
vn 0.5939 0.6012 0.5346
vn 0.6158 0.7335 0.2877
vn 0.5961 0.6168 0.514
vn 0.9039 0.2354 0.3571
vn 0.6418 0.6658 0.3805
vn 0.821 0.2512 0.5128
vn 0.8709 0.279 0.4047
vn 0.8843 0.2755 0.3769
vn 0.5392 0.6603 0.5227
vn 0.5207 0.6554 0.547
vn 0.5841 0.7134 0.3871
vn 0.7985 0.3174 0.5115
vn 0.5259 0.7935 0.3062
vn 0.8693 0.3174 0.3789
vn 0.5181 0.6815 0.5168
vn 0.8793 0.3275 0.3459
vn 0.5612 0.7327 0.385
vn 0.5104 0.8238 0.2468
vn 0.4811 0.8245 0.2977
vn 0.4962 0.6893 0.5278
vn 0.7644 0.3524 0.5399
vn 0.4526 0.6643 0.5949
vn 0.4335 0.8658 0.25
vn 0.7813 0.3953 0.483
vn 0.3997 0.8685 0.2931
vn 0.8357 0.4188 0.3553
vn 0.8284 0.4197 0.371
vn 0.4365 0.7727 0.4609
vn 0.1816 0.9116 0.3688
vn 0.3757 0.7727 0.5117
vn 0.7994 0.3522 0.4868
vn 0.2292 0.8286 0.5107
vn 0.2458 0.8944 0.3737
vn 0.207 0.8116 0.5462
vn 0.1978 0.8266 0.5268
vn 0.8188 0.4455 0.3622
vn 0.2004 0.8939 0.4009
vn 0.7587 0.5048 0.4116
vn 0.1636 0.8234 0.5433
vn 0.1594 0.8353 0.5261
vn 0.7448 0.5664 0.3527
vn 0.7672 0.567 0.3
vn 0.7354 0.5829 0.3455
vn 0.7623 0.5141 0.3933
vn 0.6795 0.4905 0.5457
vn 0.7869 0.5405 0.2977
vn 0.7983 0.5413 0.2641
vn -0.1341 -0.0878 -0.9871
vn 0.7044 0.6072 0.3676
vn 0.5623 0.6335 0.5315
vn 0.562 0.632 0.5336
vn 0.4576 0.7177 0.5248
vn 0.6816 0.6376 0.3591
vn 0.427 0.7239 0.5419
vn 0.3353 0.7637 0.5517
vn 0.379 0.7513 0.5404
vn 0.3865 0.8531 0.3505
vn 0.6489 0.6651 0.3696
vn 0.3319 0.8114 0.4812
vn 0.3401 0.8477 0.4071
vn 0.3508 0.8564 0.3787
vn 0.6293 0.6849 0.3674
vn 0.1882 0.8997 0.3938
vn 0.6075 0.6837 0.4043
vn 0.2636 0.7895 0.5542
vn 0.2686 0.7962 0.5422
vn 0.3017 0.8795 0.3681
vn 0.2928 0.8726 0.3909
vn 0.5942 0.7144 0.3696
vn 0.1327 0.8418 0.5232
vn 0.5604 0.7462 0.3594
vn 0.1342 0.8436 0.5199
vn 0.6285 -0.605 0.4888
vn 0.7901 -0.1867 0.5838
vn 0.6018 -0.6136 0.5112
vn 0.5742 -0.6045 0.5522
vn 0.7674 -0.209 0.6062
vn 0.7908 -0.1977 0.5793
vn 0.9154 -0.2806 0.2885
vn 0.569 -0.6124 0.5489
vn 0.5422 -0.614 0.5735
vn 0.5574 -0.6548 0.5104
vn 0.8763 -0.0358 0.4805
vn 0.8149 -0.296 0.4983
vn 0.838 -0.3588 0.4111
vn 0.7435 -0.2918 0.6017
vn 0.8304 -0.3384 0.4426
vn 0.9229 -0.1638 0.3484
vn 0.7432 -0.3059 0.595
vn 0.7849 -0.3351 0.5212
vn 0.8619 -0.222 0.456
vn 0.7834 -0.356 0.5096
vn 0.7557 -0.3584 0.5481
vn 0.9106 -0.2718 0.3113
vn 0.8338 -0.2589 0.4877
vn 0.8213 -0.4208 0.3853
vn 0.7788 -0.4196 0.4663
vn 0.7627 -0.3971 0.5106
vn 0.5819 -0.6587 0.4771
vn 0.7804 -0.4351 0.4491
vn 0.7813 -0.4168 0.4647
vn 0.7064 -0.4114 0.5759
vn 0.8031 -0.4742 0.3609
vn 0.6922 -0.4444 0.5686
vn 0.9135 0.0072 0.4069
vn 0.6615 -0.4853 0.5717
vn 0.9218 -0.0528 0.384
vn 0.7109 -0.5519 0.436
vn 0.9113 -0.0997 0.3996
vn 0.6379 -0.5171 0.5707
vn 0.9267 -0.1176 0.3569
vn 0.6779 -0.59 0.4386
vn 0.8983 -0.1483 0.4136
vn 0.9216 -0.1702 0.3489
vn 0.6119 -0.5472 0.5711
vn 0.8932 -0.3191 0.317
vn 0.841 -0.3207 0.4357
vn 0.5507 -0.5584 0.6205
vn 0.8254 -0.3728 0.4239
vn 0.8386 -0.4023 0.3674
vn 0.5344 -0.6409 0.5511
vn 0.5308 -0.676 0.5112
vn 0.4995 -0.6694 0.5499
vn 0.4853 -0.6663 0.5662
vn 0.4703 -0.6975 0.5406
vn 0.4447 -0.6897 0.5715
vn 0.9401 -0.0703 0.3336
vn 0.8597 -0.0652 0.5066
vn 0.8428 -0.1769 0.5083
vn 0.8888 -0.199 0.4129
vn 0.9366 -0.2103 0.2803
vn 0.9074 -0.204 -0.3675
vn 0.9225 -0.2415 0.301
vn 0.8946 -0.2133 0.3927
vn 0.9123 -0.2199 0.3455
vn 0.853 -0.2548 0.4554
vn 0.4294 -0.7225 0.5418
vn 0.3727 -0.6865 0.6243
vn 0.831 -0.264 0.4897
vn 0.8954 -0.3061 0.3233
vn 0.8146 -0.2724 0.5121
vn 0.3641 -0.7287 0.5801
vn 0.3282 -0.7233 0.6076
vn 0.2709 -0.7391 0.6167
vn 0.2581 -0.7688 0.585
vn 0.2176 -0.7522 0.622
vn 0.7251 -0.4504 0.521
vn 0.7532 -0.4829 0.4466
vn 0.7264 -0.4444 0.5243
vn 0.7524 -0.4878 0.4426
vn 0.0327 -0.8271 0.5611
vn 0.7304 -0.4988 0.4666
vn 0.8806 -0.0113 0.4738
vn 0.7247 -0.5085 0.4649
vn 0.7537 -0.5012 0.4253
vn 0.8823 -0.0436 0.4686
vn 0.6714 -0.5071 0.5404
vn 0.7053 -0.5279 0.4731
vn 0.8755 -0.0999 0.4727
vn 0.8582 -0.0862 0.5061
vn 0.673 -0.56 0.4831
vn 0.8425 -0.1198 0.5253
vn 0.6445 -0.5369 0.5445
vn 0.7325 -0.1192 0.6703
vn 0.8761 -0.1457 0.4596
vn 0.8483 -0.1543 0.5065
vn 0.6143 -0.5679 0.5479
vn 0.628 -0.5849 0.5132
vn 0.9713 0.201 -0.1271
vn 0.0302 0.7377 -0.6745
vn 0.0326 0.7396 -0.6723
vn 0.1859 0.8444 -0.5023
vn 0.3151 0.857 -0.4076
vn 0.2251 0.8451 -0.4849
vn 0.0791 0.7848 -0.6147
vn 0.6994 0.5606 -0.4434
vn 0.3531 0.7328 -0.5816
vn 0.3888 0.6697 -0.6327
vn 0.6234 0.6087 -0.4908
vn 0.3261 0.4153 -0.8492
vn 0.3344 0.4212 -0.8431
vn 0.2414 0.8599 -0.4499
vn 0.2433 0.8606 -0.4473
vn 0.7815 0.4963 -0.378
vn 0.0294 0.7652 -0.6431
vn 0.1693 0.2578 -0.9513
vn 0.034 0.7689 -0.6385
vn 0.1763 0.2618 -0.9489
vn 0.0707 0.7955 -0.6018
vn 0.3665 0.4868 -0.7929
vn 0.3351 0.7645 -0.5507
vn 0.3692 0.5228 -0.7683
vn 0.1217 0.8177 -0.5626
vn 0.2632 0.8692 -0.4185
vn 0.3928 0.6696 -0.6304
vn 0.6304 0.6121 -0.4774
vn 0.3812 0.5352 -0.7538
vn 0.7793 0.4972 -0.3815
vn 0.3302 0.8281 -0.453
vn 0.3155 0.827 -0.4653
vn 0.6768 0.5877 -0.4433
vn 0.169 0.8482 -0.502
vn 0.1634 0.8469 -0.506
vn 0.3389 0.7648 -0.5479
vn 0.3737 0.7036 -0.6044
vn 0.0763 0.8118 -0.579
vn 0.2451 0.8675 -0.4329
vn 0.4012 0.562 -0.7233
vn 0.1057 0.2081 -0.9724
vn 0.3398 0.6919 -0.637
vn 0.1082 0.2093 -0.9718
vn 0.9511 0.271 -0.1483
vn 0.2032 0.8518 -0.4829
vn 0.827 0.4592 -0.3242
vn 0.0873 0.8347 -0.5437
vn 0.0314 0.7991 -0.6004
vn 0.035 0.8007 -0.598
vn 0.1205 0.8367 -0.5343
vn 0.1376 0.8396 -0.5254
vn 0.553 0.6208 -0.5557
vn 0.3038 0.8488 -0.4328
vn 0.3813 0.5545 -0.7397
vn 0.3017 0.7886 -0.5358
vn 0.4762 0.6094 -0.6339
vn 0.0627 0.8307 -0.5532
vn 0.7315 0.5549 -0.3962
vn 0.7217 0.5612 -0.4052
vn 0.3384 0.4484 -0.8273
vn 0.0476 0.1702 -0.9843
vn 0.2812 0.8684 -0.4084
vn 0.8061 0.4927 -0.3279
vn 0.0425 0.8309 -0.5548
vn 0.6247 0.6154 -0.4807
vn 0.9316 0.3113 -0.1875
vn 0.2589 0.3679 -0.8931
vn 0.3331 0.7296 -0.5973
vn 0.3151 0.7273 -0.6097
vn 0.3045 0.8116 -0.4986
vn 0.396 0.5853 -0.7076
vn 0.0648 0.8325 -0.5502
vn 0.2316 0.3669 -0.901
vn 0.7196 0.566 -0.4023
vn 0.3489 0.6806 -0.6442
vn 0.0968 0.8485 -0.5203
vn 0.9013 0.3713 -0.2232
vn 0.37 0.5319 -0.7617
vn 0.9181 0.3432 -0.1982
vn 0.1939 0.8662 -0.4605
vn 0.1983 0.8675 -0.4562
vn 0.6265 0.6397 -0.4453
vn 0.6618 0.6176 -0.425
vn 0.3292 0.4733 -0.8171
vn 0.1841 0.3121 -0.932
vn 0.5939 0.6579 -0.4631
vn 0.3853 0.597 -0.7037
vn 0.2618 0.8723 -0.413
vn 0.1372 0.8519 -0.5055
vn 0.2904 0.8393 -0.4596
vn 0.305 0.8467 -0.436
vn 0.7685 0.5295 -0.3593
vn 0.7776 0.5263 -0.344
vn 0.1353 0.2681 -0.9539
vn 0.55 0.6602 -0.5116
vn 0.067 0.2061 -0.9762
vn 0.0844 0.2127 -0.9735
vn 0.3146 0.7879 -0.5294
vn 0.3514 0.5051 -0.7883
vn 0.0872 0.8471 -0.5243
vn 0.2642 0.8721 -0.4118
vn 0.0127 0.8433 -0.5373
vn 0.3023 0.7517 -0.5861
vn 0.2758 0.7464 -0.6057
vn 0.3095 0.6979 -0.6458
vn 0.6792 0.6088 -0.41
vn 0.8819 0.4063 -0.239
vn 0.277 0.8138 -0.5109
vn 0.2893 0.6914 -0.662
vn 0.357 0.5836 -0.7294
vn 0.223 0.8784 -0.4228
vn 0.118 0.8643 -0.489
vn 0.0519 0.8537 -0.5182
vn 0.0484 0.853 -0.5197
vn 0.1625 0.8701 -0.4654
vn 0.1594 0.8697 -0.4672
vn 0.2931 0.8336 -0.4681
vn 0.007 0.177 -0.9842
vn 0.87 0.422 -0.2549
vn 0.3352 0.4993 -0.799
vn 0.3522 0.5307 -0.7709
vn 0.6344 0.6438 -0.4279
vn 0.6244 0.6477 -0.4366
vn 0.5131 0.6752 -0.5299
vn 0.7284 0.5734 -0.375
vn 0.3946 0.6484 -0.651
vn 0.3536 0.5631 -0.7469
vn 0.2765 0.7197 -0.6368
vn 0.2635 0.8566 -0.4437
vn 0.0348 0.2323 -0.972
vn 0.2802 0.8609 -0.4247
vn 0.591 0.6716 -0.4468
vn 0.5719 0.6766 -0.464
vn 0.2511 0.7688 -0.5882
vn 0.3551 0.5898 -0.7253
vn 0.0712 0.2748 -0.9589
vn 0.2526 0.7131 -0.654
vn 0.5696 0.6692 -0.4772
vn 0.2484 0.768 -0.5903
vn 0.2749 0.7952 -0.5405
vn 0.5295 0.6957 -0.4854
vn 0.2676 0.8137 -0.516
vn 0.0952 0.8641 -0.4942
vn 0.8031 0.509 -0.3099
vn 0.8032 0.5089 -0.3098
vn 0.0216 0.8529 -0.5217
vn 0.0249 0.8538 -0.5201
vn 0.3784 0.6421 -0.6667
vn 0.2015 0.8804 -0.4292
vn 0.3462 0.5443 -0.7641
vn 0.0123 0.2316 -0.9727
vn 0.1337 0.8717 -0.4715
vn 0.0546 0.8617 -0.5045
vn 0.2601 0.8623 -0.4345
vn 0.8369 0.4677 -0.2845
vn 0.5022 0.6874 -0.5248
vn 0.0877 0.8658 -0.4927
vn 0.3911 0.65 -0.6516
vn 0.2102 0.4146 -0.8854
vn 0.2473 0.8775 -0.4109
vn 0.5452 0.6956 -0.4678
vn 0.2492 0.8428 -0.4771
vn 0.262 0.8481 -0.4606
vn 0.2312 0.7314 -0.6415
vn 0.8225 0.1361 -0.5522
vn 0.2497 0.7439 -0.6199
vn 0.5828 0.6891 -0.4307
vn 0.7615 0.5521 -0.3396
vn 0.7644 0.5501 -0.3363
vn 0.7721 0.1253 -0.623
vn 0.3584 0.604 -0.7119
vn 0.7171 0.1412 -0.6825
vn 0.637 0.1355 -0.7589
vn 0.1097 0.2983 -0.9482
vn 0.0145 0.8628 -0.5054
vn 0.2485 0.7669 -0.5917
vn 0.255 0.8246 -0.5049
vn 0.7659 0.1391 -0.6278
vn 0.8298 0.1541 -0.5363
vn 0.0608 0.2777 -0.9587
vn 0.1223 0.8795 -0.4599
vn 0.164 0.8841 -0.4376
vn 0.1701 0.8847 -0.4341
vn 0.0383 0.8687 -0.4938
vn 0.5393 0.713 -0.4481
vn 0.3543 0.6152 -0.7043
vn 0.8423 0.1533 -0.5168
vn 0.234 0.4421 -0.8659
vn 0.2314 0.8815 -0.4116
vn 0.2163 0.8824 -0.418
vn 0.7798 0.1624 -0.6046
vn 0.8043 0.146 -0.5761
vn 0.2256 0.697 -0.6806
vn 0.5683 0.1731 -0.8044
vn 0.2288 0.8725 -0.4317
vn 0.0736 0.8744 -0.4797
vn 0.8028 0.1666 -0.5724
vn 0.2166 0.7404 -0.6363
vn 0.5029 0.716 -0.4842
vn 0.886 0.1285 -0.4456
vn 0.8424 0.1547 -0.5163
vn 0.2841 0.4828 -0.8284
vn 0.2859 0.4861 -0.8258
vn 0.7591 0.182 -0.625
vn 0.8847 0.3938 -0.2496
vn 0.245 0.7919 -0.5594
vn 0.0923 0.3384 -0.9365
vn 0.3151 0.5289 -0.788
vn 0.8076 0.1866 -0.5594
vn 0.2459 0.8224 -0.513
vn 0.3457 0.5772 -0.7398
vn 0.3388 0.5669 -0.7509
vn 0.4913 0.7141 -0.4986
vn 0.5737 0.1781 -0.7995
vn 0.0265 0.8684 -0.4951
vn 0.3752 0.6835 -0.6261
vn 0.5366 0.7142 -0.4494
vn 0.2268 0.4659 -0.8553
vn 0.7156 0.5936 -0.3681
vn 0.7196 0.5916 -0.3636
vn 0.0396 0.306 -0.9512
vn 0.1391 0.8867 -0.4409
vn 0.055 0.875 -0.4809
vn 0.3589 0.6487 -0.6711
vn 0.204 0.8879 -0.4124
vn 0.1954 0.888 -0.4163
vn 0.7726 0.2129 -0.5982
vn 0.6243 0.6623 -0.4141
vn 0.7516 0.1919 -0.6311
vn 0.8299 0.204 -0.5193
vn 0.2308 0.87 -0.4358
vn 0.0902 0.8817 -0.4631
vn 0.8647 0.1743 -0.471
vn 0.8632 0.1757 -0.4733
vn 0.8452 0.4384 -0.3057
vn 0.2258 0.8141 -0.535
vn 0.1159 0.3653 -0.9236
vn 0.6652 0.2198 -0.7136
vn 0.7348 0.2316 -0.6375
vn 0.714 0.2098 -0.6679
vn 0.3226 0.5504 -0.7701
vn 0.2374 0.7739 -0.5871
vn 0.4644 0.7328 -0.4974
vn 0.5097 0.7364 -0.4449
vn 0.4453 0.7344 -0.5123
vn 0.5513 0.7069 -0.4432
vn 0.218 0.8404 -0.4962
vn 0.573 0.7034 -0.4206
vn 0.8024 0.2183 -0.5553
vn 0.3375 0.5965 -0.7282
vn 0.8302 0.462 -0.312
vn -0.0027 0.2844 -0.9587
vn 0.5091 0.2181 -0.8326
vn 0.2097 0.8577 -0.4695
vn 0.2048 0.7466 -0.633
vn 0.1312 0.8918 -0.4329
vn 0.9133 0.1463 -0.3802
vn 0.0025 0.8765 -0.4813
vn 0.0409 0.8824 -0.4686
vn 0.2141 0.8709 -0.4424
vn 0.0675 0.3452 -0.9361
vn 0.012 0.3095 -0.9508
vn 0.1062 0.3934 -0.9132
vn 0.4904 0.7362 -0.4664
vn 0.776 0.5242 -0.3508
vn 0.1723 0.8934 -0.4149
vn 0.1692 0.8933 -0.4164
vn 0.6611 0.2356 -0.7124
vn 0.7831 0.2306 -0.5776
vn 0.804 0.221 -0.5521
vn 0.7339 0.2408 -0.6351
vn 0.0794 0.8878 -0.4534
vn 0.8041 0.4855 -0.3433
vn 0.5754 0.2371 -0.7827
vn 0.8901 0.1827 -0.4175
vn 0.2186 0.7854 -0.5791
vn 0.191 0.7692 -0.6098
vn 0.7453 0.2463 -0.6195
vn 0.5007 0.7464 -0.4383
vn 0.5252 0.2511 -0.8131
vn 0.206 0.813 -0.5447
vn 0.388 0.7128 -0.5842
vn 0.2051 0.7304 -0.6516
vn 0.6768 0.6247 -0.3894
vn 0.6675 0.6298 -0.3972
vn 0.2101 0.854 -0.476
vn 0.1905 0.8383 -0.5109
vn 0.3127 0.5719 -0.7584
vn 0.3411 0.6751 -0.6541
vn 0.215 0.4767 -0.8523
vn 0.0019 0.3309 -0.9437
vn 0.836 0.2268 -0.4998
vn 0.1107 0.8948 -0.4324
vn 0.6003 0.6815 -0.4187
vn 0.3256 0.6176 -0.716
vn 0.2585 0.5312 -0.8068
vn 0.5796 0.6948 -0.4259
vn 0.1677 0.7393 -0.6521
vn 0.0198 0.8833 -0.4683
vn 0.0562 0.3693 -0.9276
vn 0.2061 0.8128 -0.5449
vn 0.8974 0.1816 -0.4021
vn 0.0115 0.8823 -0.4706
vn 0.1776 0.8805 -0.4394
vn 0.1928 0.8817 -0.4307
vn 0.0599 0.8885 -0.455
vn 0.7215 0.5732 -0.3884
vn 0.7246 0.5718 -0.3846
vn 0.1718 0.7865 -0.5932
vn 0.8365 0.2269 -0.4987
vn 0.463 0.7578 -0.4597
vn 0.1518 0.8962 -0.4169
vn 0.559 0.258 -0.788
vn 0.1905 0.8383 -0.5108
vn 0.9301 0.1534 -0.3337
vn 0.798 0.2669 -0.5403
vn 0.351 0.6979 -0.6243
vn 0.57 0.6923 -0.4424
vn 0.1852 0.7493 -0.6358
vn 0.1301 0.4195 -0.8984
vn 0.7444 0.2767 -0.6078
vn 0.0969 0.8946 -0.4362
vn 0.6939 0.2778 -0.6643
vn 0.8258 0.4523 -0.3369
vn 0.7105 0.2749 -0.6478
vn 0.3268 0.6382 -0.6971
vn 0.3155 0.5872 -0.7454
vn 0.5013 0.2817 -0.8181
vn 0.8718 0.2069 -0.4439
vn 0.0842 0.3988 -0.9132
vn 0.3677 0.7249 -0.5825
vn 0.1685 0.8207 -0.546
vn 0.1448 0.889 -0.4343
vn 0.7278 0.3034 -0.615
vn 0.7626 0.2763 -0.5849
vn 0.3229 0.6365 -0.7004
vn 0.5394 0.725 -0.4284
vn 0.2122 0.5196 -0.8276
vn 0.6495 0.2885 -0.7035
vn 0.4246 0.751 -0.5056
vn 0.5514 0.2899 -0.7822
vn 0.0421 0.8951 -0.4438
vn 0.7086 0.3018 -0.6378
vn 0.4522 0.76 -0.4668
vn 0.7676 0.5282 -0.3629
vn 0.1692 0.8932 -0.4165
vn 0.1705 0.8171 -0.5508
vn 0.4421 0.2552 -0.8599
vn 0.161 0.8613 -0.4819
vn 0.8371 0.2643 -0.4789
vn 0.829 0.2563 -0.497
vn 0.3894 0.7615 -0.5182
vn 0.4694 0.7693 -0.4334
vn 0.8616 0.2331 -0.4508
vn 0.3052 0.6088 -0.7322
vn 0.0714 0.9008 -0.4283
vn 0.1523 0.7598 -0.632
vn 0.3282 0.6746 -0.6612
vn 0.1632 0.7994 -0.5782
vn 0.1564 0.7945 -0.5867
vn 0.029 0.3789 -0.925
vn 0.8951 0.2059 -0.3956
vn 0.8957 0.2068 -0.3937
vn 0.1366 0.9029 -0.4076
vn 0.1227 0.8998 -0.4188
vn 0.021 0.8961 -0.4433
vn 0.0187 0.8951 -0.4456
vn 0.6608 0.6216 -0.4206
vn 0.119 0.9038 -0.4112
vn 0.7726 0.3018 -0.5587
vn 0.1635 0.8576 -0.4876
vn 0.1421 0.8448 -0.5158
vn 0.0665 0.428 -0.9013
vn 0.5562 0.2995 -0.7752
vn 0.1519 0.8821 -0.4459
vn 0.3962 0.2474 -0.8842
vn 0.9284 0.1658 -0.3326
vn 0.0612 0.9012 -0.429
vn 0.4936 0.3162 -0.8102
vn 0.1186 0.4582 -0.8809
vn 0.1523 0.7598 -0.6321
vn 0.7633 0.3019 -0.5712
vn 0.3766 0.2354 -0.896
vn 0.6491 0.3287 -0.686
vn 0.4127 0.7829 -0.4655
vn 0.4262 0.7802 -0.4579
vn 0.0166 0.4022 -0.9154
vn 0.7239 0.3299 -0.6059
vn 0.3803 0.7681 -0.5152
vn 0.1312 0.8664 -0.4817
vn 0.1177 0.8632 -0.4909
vn 0.9461 0.1544 -0.2846
vn 0.6796 0.3456 -0.6471
vn 0.4336 0.7785 -0.4539
vn 0.4546 0.782 -0.4265
vn 0.9232 0.1802 -0.3395
vn 0.2289 0.571 -0.7883
vn 0.05 0.9059 -0.4206
vn 0.3106 0.6216 -0.7191
vn 0.129 0.8225 -0.5539
vn 0.1413 0.8302 -0.5393
vn 0.2644 0.5917 -0.7616
vn 0.5759 0.6976 -0.4262
vn 0.5017 0.7524 -0.4268
vn 0.1219 0.7834 -0.6095
vn 0.7834 0.4856 -0.3879
vn 0.502 0.3024 -0.8103
vn 0.3049 0.655 -0.6914
vn 0.0441 0.4306 -0.9015
vn 0.002 0.9022 -0.4314
vn 0.8287 0.2932 -0.4768
vn 0.1202 0.8046 -0.5815
vn 0.5475 0.3354 -0.7667
vn 0.4664 0.776 -0.4247
vn 0.1211 0.8943 -0.4307
vn 0.8676 0.2586 -0.4249
vn 0.1018 0.8868 -0.4508
vn 0.7387 0.3374 -0.5835
vn 0.0958 0.9099 -0.4037
vn 0.0797 0.9095 -0.4081
vn 0.6275 0.3503 -0.6953
vn 0.1151 0.8307 -0.5447
vn 0.7608 0.5134 -0.3971
vn 0.0213 0.9073 -0.4199
vn 0.506 0.7502 -0.4256
vn 0.0673 0.911 -0.4069
vn 0.2046 0.5659 -0.7987
vn 0.4473 0.2991 -0.8429
vn 0.124 0.7857 -0.6061
vn 0.3765 0.7742 -0.5088
vn 0.0976 0.84 -0.5337
vn 0.6704 0.348 -0.6553
vn 0.0934 0.8697 -0.4847
vn 0.0873 0.4706 -0.878
vn 0.092 0.4724 -0.8766
vn 0.4661 0.7761 -0.4248
vn 0.3433 0.2519 -0.9048
vn 0.361 0.2502 -0.8984
vn 0.3523 0.7567 -0.5506
vn 0.2967 0.6519 -0.6978
vn 0.239 0.5976 -0.7654
vn 0.3143 0.7268 -0.6107
vn 0.0149 0.9124 -0.409
vn 0.9461 0.1545 -0.2846
vn 0.0945 0.8682 -0.4871
vn 0.0241 0.9155 -0.4017
vn 0.9137 0.2185 -0.3426
vn 0.5884 0.3535 -0.7272
vn 0.0606 0.8974 -0.437
vn 0.5522 0.7087 -0.439
vn 0.2955 0.7033 -0.6465
vn 0.3135 0.7088 -0.632
vn 0.0928 0.7983 -0.5951
vn 0.6047 0.667 -0.4353
vn 0.6056 0.6668 -0.4343
vn 0.8575 0.2778 -0.4331
vn 0.8393 0.2783 -0.4671
vn 0.0934 0.7986 -0.5945
vn 0.0363 0.9156 -0.4004
vn 0.5378 0.3486 -0.7677
vn 0.4505 0.3333 -0.8282
vn 0.0737 0.8392 -0.5387
vn 0.7252 0.5399 -0.4273
vn 0.6815 0.5858 -0.4386
vn 0.0137 0.918 -0.3963
vn 0.7302 0.3746 -0.5714
vn 0.81 0.3365 -0.4803
vn 0.0625 0.8951 -0.4414
vn 0.8947 0.2357 -0.3795
vn 0.0789 0.8329 -0.5478
vn 0.4413 0.3122 -0.8413
vn 0.2235 0.6175 -0.7542
vn 0.3517 0.7911 -0.5005
vn 0.2945 0.6834 -0.668
vn 0.04 0.8929 -0.4486
vn 0.4237 0.7938 -0.4363
vn 0.486 0.3527 -0.7996
vn 0.0509 0.8718 -0.4872
vn 0.0486 0.8704 -0.4899
vn 0.8502 0.2867 -0.4416
vn 0.7156 0.5504 -0.4301
vn 0.6893 0.3795 -0.6171
vn 0.6789 0.3806 -0.6279
vn 0.3907 0.799 -0.457
vn 0.3844 0.7984 -0.4634
vn 0.0655 0.7994 -0.5972
vn 0.0704 0.8029 -0.5919
vn 0.5622 0.6857 -0.4623
vn 0.0041 0.9021 -0.4315
vn 0.6284 0.629 -0.4577
vn 0.7333 0.3703 -0.5702
vn 0.0177 0.8919 -0.4519
vn 0.14 0.5623 -0.815
vn 0.3305 0.771 -0.5444
vn 0.3262 0.7687 -0.5502
vn 0.0904 0.5207 -0.849
vn 0.0961 0.5245 -0.846
vn 0.5664 0.3854 -0.7285
vn 0.0441 0.4836 -0.8742
vn 0.031 0.4743 -0.8798
vn 0.0443 0.8347 -0.5489
vn 0.0457 0.8358 -0.5472
vn 0.6435 0.4088 -0.6472
vn 0.5089 0.7383 -0.4426
vn 0.6896 0.4053 -0.6002
vn 0.0143 0.8759 -0.4823
vn 0.0093 0.8708 -0.4915
vn 0.8727 0.2815 -0.399
vn 0.3158 0.7432 -0.5899
vn 0.441 0.7948 -0.4169
vn 0.9254 0.2143 -0.3126
vn 0.2926 0.2277 -0.9287
vn 0.0162 0.8492 -0.5278
vn 0.0345 0.7968 -0.6033
vn 0.3415 0.2531 -0.9051
vn 0.509 0.3695 -0.7774
vn 0.0298 0.8033 -0.5949
vn 0.0047 0.8344 -0.5511
vn 0.9619 0.1488 -0.2294
vn 0.0207 0.821 -0.5705
vn 0.0046 0.7895 -0.6137
vn 0.79 0.36 -0.4964
vn 0.6841 0.1451 -0.7148
vn 0.6619 0.5883 -0.4645
vn 0.72 0.1615 -0.6749
vn 0.7162 0.1797 -0.6744
vn 0.6097 0.1759 -0.7729
vn 0.776 0.1903 -0.6013
vn 0.6612 0.178 -0.7288
vn 0.6583 0.1891 -0.7286
vn 0.8195 0.3391 -0.462
vn 0.7172 0.1861 -0.6715
vn 0.4672 0.7751 -0.4253
vn 0.4357 0.3645 -0.823
vn 0.6003 0.2222 -0.7683
vn 0.4399 0.3705 -0.818
vn 0.6108 0.231 -0.7573
vn 0.6859 0.2546 -0.6817
vn 0.5304 0.221 -0.8185
vn 0.872 0.282 -0.4001
vn 0.4675 0.2392 -0.851
vn 0.6019 0.2746 -0.7499
vn 0.608 0.2622 -0.7494
vn 0.6639 0.259 -0.7015
vn 0.5069 0.7389 -0.4439
vn 0.914 0.2203 -0.3408
vn 0.4863 0.2423 -0.8395
vn 0.4297 0.2292 -0.8734
vn 0.2979 0.7429 -0.5995
vn 0.2806 0.7238 -0.6304
vn 0.4824 0.2682 -0.8339
vn 0.5276 0.7132 -0.4615
vn 0.4372 0.2538 -0.8628
vn 0.6097 0.4103 -0.6781
vn 0.6018 0.3112 -0.7355
vn 0.9533 0.1657 -0.2525
vn 0.8027 0.2687 -0.5324
vn 0.6604 0.3289 -0.675
vn 0.5904 0.3322 -0.7356
vn 0.2254 0.6516 -0.7243
vn 0.2216 0.6488 -0.728
vn 0.396 0.2915 -0.8707
vn 0.4025 0.2949 -0.8666
vn 0.7672 0.343 -0.542
vn 0.7893 0.3319 -0.5166
vn 0.7038 0.4241 -0.57
vn 0.8 0.3085 -0.5146
vn 0.5447 0.3933 -0.7407
vn 0.7487 0.3718 -0.5488
vn 0.7868 0.3612 -0.5005
vn 0.593 0.6445 -0.4826
vn 0.4805 0.3573 -0.8009
vn 0.4071 0.3329 -0.8506
vn 0.109 0.559 -0.822
vn 0.7425 0.3994 -0.5378
vn 0.7534 0.4116 -0.5128
vn 0.2647 0.7055 -0.6574
vn 0.2825 0.7087 -0.6465
vn 0.0087 0.4762 -0.8793
vn 0.4035 0.3417 -0.8488
vn 0.7045 0.4509 -0.548
vn 0.7551 0.4104 -0.5112
vn 0.4506 0.4036 -0.7963
vn 0.6844 0.428 -0.5902
vn 0.7207 0.4576 -0.5208
vn 0.7955 0.3985 -0.4566
vn 0.46 0.4283 -0.7778
vn 0.1477 0.5911 -0.793
vn 0.7512 0.4496 -0.4833
vn 0.6687 0.4992 -0.551
vn 0.4645 0.4689 -0.7513
vn 0.8697 0.3429 -0.355
vn 0.0539 0.5322 -0.8449
vn 0.0456 0.5242 -0.8504
vn 0.4547 0.4386 -0.7752
vn 0.6657 0.5001 -0.5538
vn 0.7096 0.4926 -0.5038
vn 0.7013 0.5054 -0.5027
vn 0.7463 0.471 -0.4702
vn 0.7346 0.4934 -0.4657
vn 0.9532 0.2244 -0.2027
vn 0.4589 0.4671 -0.7558
vn 0.4988 0.3979 -0.77
vn 0.7525 0.4935 -0.4362
vn 0.7731 0.456 -0.4409
vn 0.7997 0.4249 -0.4241
vn 0.9078 0.2937 -0.2995
vn 0.9261 0.2675 -0.2659
vn 0.6253 0.5013 -0.5981
vn 0.468 0.7634 -0.4452
vn 0.706 0.5315 -0.4681
vn 0.3745 0.2991 -0.8777
vn 0.2846 0.7677 -0.5741
vn 0.899 0.3153 -0.3039
vn 0.6222 0.5411 -0.5657
vn 0.6154 0.5524 -0.5623
vn 0.8602 0.3868 -0.3322
vn 0.8772 0.3492 -0.3295
vn 0.9325 0.2801 -0.2281
vn 0.3277 0.2908 -0.8989
vn 0.6558 0.4108 -0.6334
vn 0.926 0.2905 -0.2411
vn 0.3922 0.82 -0.4168
vn 0.6692 0.5731 -0.473
vn 0.6875 0.5447 -0.4802
vn 0.6839 0.5569 -0.4714
vn 0.7026 0.5556 -0.4446
vn 0.6484 0.5669 -0.5081
vn 0.8415 0.4121 -0.3493
vn 0.9045 0.338 -0.2601
vn 0.8969 0.3488 -0.2719
vn 0.9693 0.2042 -0.1369
vn 0.6124 0.5784 -0.539
vn 0.5982 0.6006 -0.5306
vn 0.4326 0.5298 -0.7295
vn 0.2856 0.2353 -0.929
vn 0.8496 0.3301 -0.4113
vn 0.8372 0.332 -0.4346
vn 0.3696 0.8238 -0.4298
vn 0.8803 0.3802 -0.2838
vn 0.2435 0.357 -0.9018
vn 0.2379 0.3201 -0.917
vn 0.2399 0.3154 -0.9181
vn 0.4704 0.5953 -0.6514
vn 0.8651 0.4018 -0.3003
vn 0.8453 0.4376 -0.3067
vn 0.9365 0.2878 -0.2005
vn 0.9405 0.2095 -0.2674
vn 0.6341 0.6049 -0.4817
vn 0.5768 0.6613 -0.4795
vn 0.5248 0.5972 -0.6066
vn 0.431 0.804 -0.4097
vn 0.4005 0.8117 -0.4251
vn 0.2501 0.7171 -0.6505
vn 0.5673 0.6248 -0.5365
vn 0.6584 0.6009 -0.4532
vn 0.641 0.6197 -0.4528
vn 0.5579 0.6014 -0.5719
vn 0.5099 0.715 -0.4784
vn 0.527 0.5954 -0.6064
vn 0.5961 0.6255 -0.5034
vn 0.5738 0.6519 -0.4958
vn 0.4222 0.5843 -0.6931
vn 0.3164 0.7959 -0.5162
vn 0.3242 0.8008 -0.5036
vn 0.226 0.6883 -0.6893
vn 0.6202 0.4256 -0.659
vn 0.4279 0.6007 -0.6754
vn 0.1217 0.2941 -0.948
vn 0.8107 0.3685 -0.455
vn 0.5518 0.6639 -0.5047
vn 0.4574 0.6373 -0.6202
vn 0.521 0.6564 -0.5456
vn 0.4886 0.6508 -0.5811
vn 0.4704 0.6619 -0.5836
vn 0.1282 0.6198 -0.7742
vn 0.1599 0.3372 -0.9277
vn 0.283 0.4375 -0.8535
vn 0.4257 0.6546 -0.6247
vn 0.1587 0.3456 -0.9249
vn 0.5197 0.4183 -0.7449
vn 0.4274 0.6861 -0.5888
vn 0.4572 0.6764 -0.5775
vn 0.5152 0.4189 -0.7478
vn 0.1734 0.3703 -0.9126
vn 0.4238 0.7972 -0.43
vn 0.4497 0.7155 -0.5347
vn 0.457 0.7073 -0.5393
vn 0.397 0.7122 -0.579
vn 0.2673 0.7225 -0.6376
vn 0.1726 0.414 -0.8937
vn 0.1738 0.4128 -0.8941
vn 0.2874 0.5312 -0.797
vn 0.278 0.5226 -0.806
vn 0.4054 0.7264 -0.555
vn 0.8938 0.282 -0.3486
vn 0.4593 0.7663 -0.4492
vn 0.2827 0.7664 -0.5768
vn 0.1637 0.4727 -0.8659
vn 0.1661 0.4711 -0.8663
vn 0.3431 0.6939 -0.6331
vn 0.2859 0.5685 -0.7714
vn 0.3525 0.7207 -0.597
vn 0.1521 0.5069 -0.8485
vn 0.326 0.746 -0.5807
vn 0.1652 0.5368 -0.8273
vn 0.4349 0.4065 -0.8035
vn 0.2836 0.6203 -0.7313
vn 0.1951 0.5375 -0.8204
vn 0.5718 0.4199 -0.7048
vn 0.2727 0.6372 -0.7208
vn 0.278 0.6648 -0.6934
vn 0.1826 0.5895 -0.7868
vn 0.0821 0.5948 -0.7997
vn 0.2728 0.6728 -0.6877
vn 0.2613 0.6837 -0.6814
vn 0.1904 0.6132 -0.7666
vn 0.7874 0.3972 -0.4715
vn 0.1876 0.6663 -0.7217
vn 0.0439 0.5628 -0.8254
vn 0.2489 0.7163 -0.6519
vn 0.1703 0.7008 -0.6927
vn 0.1838 0.7093 -0.6805
vn 0.2115 0.7886 -0.5774
vn 0.2181 0.7924 -0.5697
vn 0.1605 0.7835 -0.6003
vn 0.1551 0.8049 -0.5728
vn 0.1336 0.8178 -0.5598
vn 0.2732 0.3997 -0.875
vn 0.2705 0.4238 -0.8644
vn 0.8411 0.4635 -0.2788
vn 0.2518 0.7492 -0.6126
vn 0.3443 0.8209 -0.4555
vn 0.335 0.816 -0.4711
vn 0.4012 0.3702 -0.8379
vn 0.6088 0.4492 -0.6539
vn 0.9722 0.1482 -0.1813
vn 0.411 0.3815 -0.828
vn 0.7973 0.3912 -0.4597
vn 0.2128 0.7032 -0.6784
vn 0.2781 0.7859 -0.5523
vn 0.2846 0.7922 -0.5399
vn 0.002 0.5272 -0.8497
vn 0.1411 0.6485 -0.748
vn 0.6135 0.6029 -0.5101
vn 0.873 0.3031 -0.3821
vn 0.5263 0.6832 -0.5061
vn 0.9266 0.2272 -0.2996
vn 0.5283 0.6831 -0.5042
vn 0.8868 0.2939 -0.3567
vn 0.4392 0.7795 -0.4467
vn 0.7058 0.4501 -0.547
vn 0.5531 0.4508 -0.7006
vn 0.9657 0.1649 -0.2006
vn 0.6544 0.465 -0.5963
vn 0.6454 0.4692 -0.6028
vn 0.0969 0.6153 -0.7823
vn 0.3578 0.3158 -0.8788
vn 0.4599 0.7465 -0.4809
vn 0.4684 0.747 -0.4718
vn 0.2472 0.2203 -0.9436
vn 0.8442 0.3577 -0.3992
vn 0.3916 0.82 -0.4174
vn 0.9111 0.2683 -0.3129
vn 0.2843 0.2666 -0.9209
vn 0.1399 0.6566 -0.7412
vn 0.134 0.6459 -0.7516
vn 0.6323 0.5781 -0.5158
vn 0.3761 0.8258 -0.4202
vn 0.0631 0.5941 -0.8019
vn 0.9576 0.1952 -0.2117
vn 0.3181 0.8207 -0.4747
vn 0.4875 0.7105 -0.5075
vn 0.2548 0.7532 -0.6064
vn 0.0117 0.5744 -0.8185
vn 0.2082 0.7327 -0.6479
vn 0.2166 0.7355 -0.6419
vn 0.7476 0.4502 -0.4883
vn 0.5715 0.6355 -0.5192
vn 0.573 0.6357 -0.5172
vn 0.542 0.4612 -0.7026
vn 0.6379 0.4769 -0.6047
vn 0.2312 0.76 -0.6074
vn 0.2263 0.756 -0.6142
vn 0.4231 0.7982 -0.4287
vn 0.3978 0.7921 -0.4629
vn 0.604 0.4734 -0.6411
vn 0.8334 0.3662 -0.4139
vn 0.04 0.6123 -0.7896
vn 0.1909 0.1926 -0.9625
vn 0.3344 0.8351 -0.4367
vn 0.3338 0.8351 -0.4373
vn 0.9416 0.2202 -0.2548
vn 0.4084 0.4403 -0.7996
vn 0.3544 0.3509 -0.8668
vn 0.3571 0.3548 -0.8641
vn 0.4214 0.7636 -0.4893
vn 0.2784 0.8173 -0.5044
vn 0.2735 0.8139 -0.5126
vn 0.3032 0.3013 -0.9041
vn 0.3056 0.303 -0.9027
vn 0.8104 0.4031 -0.4251
vn 0.1289 0.7074 -0.695
vn 0.134 0.7106 -0.6907
vn 0.0131 0.6001 -0.7998
vn 0.5244 0.6528 -0.5467
vn 0.4601 0.7247 -0.5128
vn 0.4447 0.7228 -0.529
vn 0.2413 0.7886 -0.5656
vn 0.2354 0.7847 -0.5734
vn 0.0665 0.6533 -0.7542
vn 0.7707 0.4476 -0.4534
vn 0.2912 0.8366 -0.464
vn 0.3926 0.4321 -0.8119
vn 0.2092 0.7611 -0.614
vn 0.3808 0.8273 -0.413
vn 0.5181 0.4649 -0.7179
vn 0.5587 0.6134 -0.5582
vn 0.5585 0.6134 -0.5584
vn 0.3583 0.8402 -0.4069
vn 0.5872 0.4983 -0.6379
vn 0.4211 0.4607 -0.7813
vn 0.1738 0.7455 -0.6435
vn 0.179 0.7475 -0.6397
vn 0.3758 0.4008 -0.8355
vn 0.4002 0.8035 -0.4407
vn 0.0757 0.6714 -0.7373
vn 0.4908 0.4863 -0.7229
vn 0.043 0.6433 -0.7644
vn 0.1894 0.775 -0.603
vn 0.3998 0.7881 -0.468
vn 0.4864 0.6743 -0.5557
vn 0.4964 0.6729 -0.5484
vn 0.1738 0.7754 -0.607
vn 0.3992 0.444 -0.8022
vn 0.4692 0.4899 -0.7347
vn 0.1136 0.7121 -0.6928
vn 0.8453 0.385 -0.3706
vn 0.8315 0.395 -0.3907
vn 0.9768 0.166 -0.1352
vn 0.6658 0.5222 -0.533
vn 0.132 0.7461 -0.6526
vn 0.2218 0.2381 -0.9456
vn 0.2385 0.8028 -0.5464
vn 0.2734 0.8323 -0.4822
vn 0.4076 0.7491 -0.5222
vn 0.4105 0.7738 -0.4825
vn 0.307 0.3432 -0.8877
vn 0.0687 0.6874 -0.7231
vn 0.0699 0.6893 -0.7211
vn 0.375 0.4174 -0.8278
vn 0.3596 0.3853 -0.8498
vn 0.4096 0.4856 -0.7723
vn 0.5818 0.5273 -0.6193
vn 0.585 0.529 -0.6148
vn 0.6869 0.5357 -0.4911
vn 0.1817 0.7976 -0.5751
vn 0.2252 0.8205 -0.5254
vn 0.2202 0.2481 -0.9434
vn 0.3934 0.4402 -0.8071
vn 0.0171 0.6574 -0.7533
vn 0.2936 0.8502 -0.437
vn 0.2908 0.8487 -0.4418
vn 0.5424 0.5058 -0.6708
vn 0.1399 0.7535 -0.6423
vn 0.3858 0.7496 -0.5378
vn 0.3851 0.7735 -0.5033
vn 0.6471 0.5569 -0.5207
vn 0.3404 0.8403 -0.4219
vn 0.3208 0.3621 -0.8752
vn 0.4836 0.6483 -0.5881
vn 0.4365 0.6958 -0.5703
vn 0.4437 0.6958 -0.5648
vn 0.9573 0.2263 -0.1799
vn 0.3542 0.8246 -0.4412
vn 0.185 0.7987 -0.5726
vn 0.7503 0.4994 -0.4332
vn 0.7506 0.4994 -0.4326
vn 0.4131 0.4984 -0.7622
vn 0.0741 0.7308 -0.6786
vn 0.4155 0.4982 -0.761
vn 0.799 0.4521 -0.3965
vn 0.7938 0.4534 -0.4053
vn 0.4778 0.5286 -0.7016
vn 0.0247 0.6949 -0.7187
vn 0.0281 0.6966 -0.7169
vn 0.318 0.3827 -0.8675
vn 0.1974 0.8205 -0.5365
vn 0.13 0.7832 -0.608
vn 0.1288 0.7814 -0.6106
vn 0.439 0.5268 -0.7278
vn 0.4949 0.6318 -0.5966
vn 0.2331 0.8273 -0.5111
vn 0.5122 0.5432 -0.6652
vn 0.0725 0.7332 -0.6761
vn 0.1558 0.2091 -0.9654
vn 0.1468 0.2037 -0.968
vn 0.5834 0.5694 -0.5792
vn 0.239 0.2791 -0.93
vn 0.2432 0.85 -0.4673
vn 0.2069 0.8246 -0.5266
vn 0.3596 0.444 -0.8207
vn 0.3958 0.7142 -0.5773
vn 0.4065 0.7147 -0.5692
vn 0.2914 0.8556 -0.4278
vn 0.3333 0.8483 -0.4114
vn 0.0803 0.7561 -0.6496
vn 0.1162 0.8083 -0.5773
vn 0.3463 0.8076 -0.4774
vn 0.3602 0.8136 -0.4565
vn 0.5138 0.5292 -0.6753
vn 0.3883 0.7461 -0.5409
vn 0.3027 0.8599 -0.411
vn 0.5427 0.5625 -0.6237
vn 0.1771 0.8277 -0.5324
vn 0.1689 0.8251 -0.5391
vn 0.3789 0.5045 -0.7759
vn 0.3783 0.4958 -0.7817
vn 0.3704 0.4685 -0.8021
vn 0.0746 0.7675 -0.6366
vn 0.3443 0.7944 -0.5004
vn 0.4516 0.541 -0.7095
vn 0.4338 0.6535 -0.6203
vn 0.443 0.6535 -0.6137
vn 0.8256 0.4443 -0.3479
vn 0.3436 0.7941 -0.5013
vn 0.1741 0.98 0.096
vn 0.999 0.0319 -0.0316
vn 0.1573 0.9852 0.0686
vn 0.9998 0.013 -0.0137
vn 0.9999 0.0126 -0.0107
vn 0.0394 0.9961 0.0792
vn 0.0357 0.0619 -0.9974
vn 0.9999 -0.0076 0.009
vn 0.9997 -0.0125 0.0216
vn 0.0535 0.0986 -0.9937
vn 0.0844 0.0711 -0.9939
vn 0.9994 -0.0206 0.0288
vn 0.0999 0.0972 -0.9902
vn 0.9985 -0.0283 0.0469
vn 0.9971 -0.0427 0.0629
vn 0.1386 0.071 -0.9878
vn 0.1489 0.0909 -0.9847
vn 0.997 -0.0383 0.0665
vn 0.181 0.0836 -0.9799
vn 0.1955 0.1225 -0.973
vn 0.9973 -0.0364 0.0639
vn 0.2339 0.0803 -0.9689
vn 0.2492 0.1154 -0.9616
vn 0.9961 -0.0415 0.078
vn 0.2961 0.0957 -0.9504
vn 0.3029 0.1238 -0.945
vn 0.9976 -0.0304 0.0628
vn 0.3511 0.0944 -0.9316
vn 0.3489 0.0995 -0.9319
vn 0.9977 -0.0298 0.0611
vn 0.9978 -0.0278 0.0605
vn 0.9975 -0.0289 0.0639
vn 0.3866 0.1362 -0.9121
vn 0.4069 0.0879 -0.9092
vn 0.4431 0.1095 -0.8898
vn 0.4475 0.1294 -0.8849
vn 0.4805 0.1033 -0.8709
vn 0.9966 -0.0311 0.0765
vn 0.4855 0.1137 -0.8668
vn 0.9974 -0.0282 0.0663
vn 0.5212 0.1058 -0.8469
vn 0.5206 0.1037 -0.8475
vn 0.9965 -0.0289 0.0779
vn 0.9966 -0.0287 0.077
vn 0.5649 0.0817 -0.8211
vn 0.5744 0.1317 -0.8079
vn 0.6091 0.0557 -0.7911
vn 0.9964 -0.0255 0.0812
vn 0.6428 0.08 -0.7619
vn 0.9973 -0.0231 0.0701
vn 0.6444 0.1006 -0.758
vn 0.6829 0.0512 -0.7288
vn 0.6916 0.0631 -0.7195
vn 0.9962 -0.0223 0.0844
vn 0.7206 0.0279 -0.6928
vn 0.73 0.0846 -0.6782
vn 0.9978 -0.0135 0.0645
vn 0.998 -0.0132 0.0614
vn 0.7596 0.0369 -0.6493
vn 0.7767 0.0733 -0.6255
vn 0.9969 0.0267 0.0742
vn 0.8218 0.0659 -0.566
vn 0.9935 0.1033 0.0474
vn 0.9887 0.1225 0.0863
vn 0.8317 0.078 -0.5497
vn 0.8453 0.0478 -0.5322
vn 0.985 0.1604 0.0632
vn 0.8647 0.0679 -0.4977
vn 0.8598 0.0802 -0.5044
vn 0.9582 0.2778 0.0676
vn 0.8841 0.0524 -0.4644
vn 0.9446 0.3108 0.1054
vn 0.8902 0.1111 -0.4419
vn 0.9091 0.0512 -0.4134
vn 0.9355 0.3499 0.0488
vn 0.9283 0.3607 0.0899
vn 0.9135 0.4007 0.0699
vn 0.9312 0.0787 -0.3559
vn 0.934 0.0525 -0.3535
vn 0.8825 0.4635 0.0801
vn 0.9456 0.0897 -0.3128
vn 0.8615 0.4995 0.0913
vn 0.9531 0.0661 -0.2954
vn 0.854 0.518 0.0482
vn 0.8356 0.5404 0.0982
vn 0.9658 0.0662 -0.2506
vn 0.9656 0.0688 -0.2508
vn 0.81 0.5834 0.0598
vn 0.8101 0.5833 0.0592
vn 0.7758 0.6193 0.1211
vn 0.9757 0.0748 -0.2061
vn 0.7507 0.6591 0.0448
vn 0.743 0.6645 0.0802
vn 0.9874 0.0741 -0.1401
vn 0.7031 0.7028 0.1082
vn 0.6838 0.7285 0.0414
vn 0.9942 0.0517 -0.094
vn 0.9928 0.0823 -0.0872
vn 0.9973 0.0552 -0.0488
vn 0.582 0.8085 0.0873
vn 0.5659 0.8175 0.1074
vn 0.543 0.8369 0.0681
vn 0.4804 0.875 0.0602
vn 0.4585 0.8819 0.1097
vn 0.9965 0.0693 -0.0468
vn 0.4151 0.9062 0.0812
vn 0.4063 0.9125 0.0465
vn 0.3665 0.9239 0.1095
vn 0.9966 0.0687 -0.0462
vn 0.336 0.94 0.0595
vn 0.264 0.9609 0.0832
vn 0.2244 0.97 0.0934
vn 0.9992 0.0297 -0.0268
vn 0.2114 0.9757 0.058
vn 0.9666 -0.2359 -0.1001
vn 0.2802 0.4723 -0.8357
vn 0.3004 0.5006 -0.8119
vn 0.1624 0.6249 -0.7636
vn 0.1552 0.6668 -0.7289
vn 0.1574 0.6318 -0.759
vn 0.1532 0.6266 -0.7642
vn 0.2993 0.4484 -0.8423
vn 0.2943 0.4429 -0.8469
vn 0.8792 0.2446 -0.4088
vn 0.2391 0.4607 -0.8548
vn 0.9827 -0.1477 -0.1113
vn 0.9899 -0.119 -0.0767
vn 0.2704 0.3842 -0.8828
vn 0.2236 0.3698 -0.9018
vn 0.1149 0.5895 -0.7996
vn 0.116 0.5858 -0.8021
vn 0.5789 0.2474 -0.7769
vn 0.961 0.1088 -0.2544
vn 0.2081 0.3803 -0.9011
vn 0.9848 -0.1499 -0.0876
vn 0.0972 0.5245 -0.8459
vn 0.2022 0.3133 -0.9279
vn 0.5736 0.2232 -0.7882
vn 0.5575 0.2104 -0.8031
vn 0.0908 0.596 -0.7978
vn 0.3921 0.2213 -0.8929
vn 0.9776 0.062 -0.2012
vn 0.0722 0.4901 -0.8687
vn 0.7125 0.1983 -0.6731
vn 0.7121 0.1976 -0.6737
vn 0.5664 0.1651 -0.8074
vn 0.0523 0.3478 -0.9361
vn 0.9706 0.0751 -0.2289
vn 0.0518 0.257 -0.965
vn 0.709 0.3707 -0.5999
vn 0.033 0.2641 -0.9639
vn 0.0256 0.186 -0.9822
vn 0.03 0.2041 -0.9785
vn 0.0197 0.3017 -0.9532
vn 0.7032 -0.2131 -0.6783
vn 0.9665 0.0625 -0.2488
vn 0.7213 -0.1683 -0.6719
vn 0.6472 -0.1974 -0.7363
vn 0.8652 0.259 -0.4293
vn 0.6667 -0.2205 -0.7119
vn 0.9934 -0.0914 -0.0692
vn 0.9886 -0.1299 -0.0767
vn 0.0147 0.338 -0.941
vn 0.9519 -0.1003 -0.2896
vn 0.9664 -0.0728 -0.2466
vn 0.9158 0.205 -0.3454
vn 0.7316 -0.2698 -0.626
vn 0.9063 -0.2464 -0.3435
vn 0.8976 -0.2755 -0.3442
vn 0.5483 0.264 -0.7935
vn 0.9243 -0.339 -0.1753
vn 0.079 0.5802 -0.8106
vn 0.7057 -0.3593 -0.6107
vn 0.9313 -0.3223 -0.1699
vn 0.9368 0.181 -0.2995
vn 0.9887 -0.141 -0.0499
vn 0.9 0.2133 -0.3802
vn 0.832 0.2809 -0.4784
vn 0.8279 0.2818 -0.4849
vn 0.9929 -0.099 -0.0661
vn 0.9936 -0.1037 -0.0438
vn 0.9989 -0.0344 -0.0325
vn 0.9706 -0.2261 -0.0828
vn 0.9771 -0.2005 -0.0709
vn -0.0012 0.277 -0.9609
vn 0.9989 -0.0455 -0.0076
vn 0.9967 -0.0797 -0.0147
vn 0.7202 0.3498 -0.5991
vn 0.6431 0.3906 -0.6586
vn 0.9746 0.0583 -0.2164
vn 0.9868 -0.1572 -0.0396
vn 0.7853 0.3096 -0.5362
vn 0.7782 0.3096 -0.5464
vn 0.9993 -0.0368 -0.0015
vn 0.993 -0.1154 -0.0265
vn 0.9919 -0.124 -0.0269
vn 0.0062 0.2336 -0.9723
vn 0.9961 -0.0867 -0.0139
vn 0.9957 -0.0921 -0.0141
vn 0.9995 -0.0328 -0.0016
vn 0.0005 0.1597 -0.9872
vn 0.9678 0.1421 -0.208
vn 0.9382 0.1914 -0.2883
vn 0.8429 0.2532 -0.4747
vn 0.0031 0.168 -0.9858
vn 0.3891 0.6256 -0.6761
vn 0.3708 0.6389 -0.674
vn 0.4283 0.5443 -0.7213
vn 0.96 0.1446 -0.2396
vn 0.9773 0.0159 -0.2114
vn 0.6371 0.3943 -0.6623
vn 0.4016 0.5046 -0.7643
vn 0.9448 0.1695 -0.2805
vn 0.4303 0.5083 -0.746
vn 0.9391 0.1693 -0.2991
vn 0.2758 0.5919 -0.7573
vn 0.9743 0.0234 -0.2241
vn 0.9151 0.2015 -0.3493
vn 0.9381 -0.0732 -0.3385
vn 0.3098 0.5485 -0.7766
vn 0.2394 0.651 -0.7203
vn 0.7948 0.2844 -0.5362
vn 0.7841 0.2813 -0.5532
vn 0.9377 -0.1258 -0.3238
vn 0.8661 0.2337 -0.4418
vn 0.842 0.2531 -0.4764
vn 0.4215 0.4799 -0.7694
vn 0.4041 0.4777 -0.7801
vn 0.4378 0.4323 -0.7884
vn 0.7274 0.3102 -0.6121
vn 0.8865 0.2128 -0.4108
vn 0.8004 0.2556 -0.5423
vn 0.2162 0.7094 -0.6708
vn 0.2897 0.5246 -0.8006
vn 0.2024 0.624 -0.7548
vn 0.2836 0.5178 -0.8071
vn 0.8054 0.2568 -0.5343
vn 0.7284 0.3106 -0.6107
vn 0.6635 0.3355 -0.6687
vn 0.6248 0.3547 -0.6955
vn 0.216 0.5629 -0.7978
vn 0.8339 0.2472 -0.4935
vn 0.1798 0.7116 -0.6792
vn 0.9202 0.1924 -0.3409
vn 0.9211 -0.2844 -0.2657
vn 0.2243 0.5176 -0.8257
vn 0.6861 0.3105 -0.6579
vn 0.6325 0.316 -0.7072
vn 0.1918 0.6603 -0.7261
vn 0.8953 -0.3483 -0.2777
vn 0.93 -0.2839 -0.2336
vn 0.1872 0.5806 -0.7924
vn 0.1809 0.5747 -0.7981
vn 0.9178 -0.3175 -0.2383
vn 0.1719 0.5256 -0.8332
vn 0.1779 0.533 -0.8272
vn 0.9236 0.1829 -0.3368
vn 0.3821 0.367 -0.8481
vn 0.663 0.2936 -0.6887
vn 0.3929 0.3248 -0.8603
vn 0.6072 0.2796 -0.7437
vn 0.1675 0.7328 -0.6595
vn 0.5781 0.2793 -0.7667
vn 0.5399 0.3135 -0.7811
vn 0.4476 0.3245 -0.8333
vn 0.3873 0.3164 -0.8659
vn 0.1379 0.531 -0.836
vn 0.1372 0.712 -0.6886
vn 0.9292 0.1821 -0.3215
vn 0.9441 0.1625 -0.2868
vn 0.9993 -0.0291 -0.0228
vn 0.1264 0.647 -0.7519
vn 0.155 0.4987 -0.8528
vn 0.1168 0.4714 -0.8741
vn 0.4741 0.2746 -0.8365
vn 0.1466 0.4253 -0.8931
vn 0.1002 0.7294 -0.6767
vn 0.107 0.709 -0.697
vn 0.9993 -0.0282 -0.0228
vn 0.9303 0.18 -0.3197
vn 0.9273 0.1652 -0.336
vn 0.9425 0.1624 -0.292
vn 0.5287 0.2534 -0.8101
vn 0.9999 -0.008 -0.0088
vn 0.9997 -0.0109 -0.0232
vn 0.3849 0.2698 -0.8826
vn 0.2821 0.2466 -0.9272
vn 0.4599 0.2591 -0.8493
vn 1 -0.0002 -0.0011
vn 0.0954 0.6101 -0.7866
vn 0.9534 0.1281 -0.2732
vn 0.9615 0.1218 -0.2462
vn 0.1779 0.3507 -0.9194
vn 0.9998 -0.0198 -0.002
vn 0.0918 0.7877 -0.6091
vn 0.0595 0.7368 -0.6734
vn 0.9994 -0.0348 -0.0017
vn 1 -0.0018 -0.0001
vn 0.0911 0.6713 -0.7356
vn 0.8287 0.2066 -0.5203
vn 0.0754 0.66 -0.7475
vn 0.7747 0.183 -0.6053
vn 0.766 0.1743 -0.6187
vn 0.9982 -0.059 -0.0039
vn 0.3869 0.2345 -0.8918
vn 0.0642 0.5131 -0.8559
vn 0.297 0.2598 -0.9189
vn 0.7685 0.2344 -0.5954
vn 0.9471 0.1514 -0.2831
vn 0.2857 0.2382 -0.9282
vn 0.5396 0.5569 -0.6314
vn 0.0602 0.6884 -0.7228
vn 0.0629 0.5779 -0.8136
vn 0.0711 0.6021 -0.7952
vn 0.1587 0.3024 -0.9399
vn 0.4306 0.6121 -0.6633
vn 0.7353 0.1864 -0.6515
vn 0.4732 0.5637 -0.677
vn 0.4756 0.2073 -0.8549
vn 0.075 0.527 -0.8466
vn 0.4766 0.5565 -0.6805
vn 0.1818 0.2579 -0.9489
vn 0.1184 0.3378 -0.9338
vn 0.8805 0.2002 -0.4297
vn 0.3594 0.6086 -0.7074
vn 0.3927 0.5776 -0.7157
vn 0.3296 0.6472 -0.6874
vn 0.389 0.5763 -0.7187
vn 0.3481 0.6177 -0.7052
vn 0.9651 0.092 -0.2453
vn 0.0528 0.3867 -0.9207
vn 0.7558 0.1995 -0.6236
vn 0.7903 0.2284 -0.5686
vn 0.4492 0.5311 -0.7184
vn 0.3099 0.6656 -0.6789
vn 0.25 0.1689 -0.9534
vn 0.3083 0.622 -0.7197
vn 0.0522 0.6093 -0.7912
vn 0.2808 0.6656 -0.6915
vn 0.6103 0.1881 -0.7695
vn 0.0457 0.6179 -0.785
vn 0.5047 0.1792 -0.8445
vn 0.4226 0.1692 -0.8904
vn 0.05 0.6038 -0.7956
vn 0.044 0.4691 -0.882
vn 0.287 0.6429 -0.7101
vn 0.1029 0.2861 -0.9526
vn 0.9695 0.2061 -0.1324
vn 0.9772 0.1761 -0.1188
vn 0.932 0.1194 -0.3422
vn 0.3829 0.5442 -0.7465
vn 0.9405 0.1343 -0.312
vn 0.9712 0.203 -0.1248
vn 0.979 0.1539 -0.1336
vn 0.3308 0.5974 -0.7305
vn 0.3013 0.1464 -0.9422
vn 0.8103 0.1853 -0.556
vn 0.9622 0.2195 -0.1613
vn 0.3451 0.582 -0.7363
vn 0.2587 0.6816 -0.6845
vn 0.2443 0.6789 -0.6924
vn 0.0445 0.5181 -0.8542
vn 0.284 0.5968 -0.7504
vn 0.9742 0.1615 -0.1575
vn 0.3607 0.5547 -0.7498
vn 0.9749 0.1599 -0.155
vn 0.9726 0.1182 -0.2003
vn 0.0214 0.5385 -0.8424
vn 0.0264 0.4831 -0.8752
vn 0.0229 0.5423 -0.8398
vn 0.0487 0.3409 -0.9388
vn 0.9476 0.2625 -0.182
vn 0.2431 0.6465 -0.7232
vn 0.9507 0.2574 -0.1728
vn 0.0444 0.4658 -0.8838
vn 0.6104 0.1519 -0.7774
vn 0.9419 0.2596 -0.2133
vn 0.5478 0.3743 -0.7482
vn 0.5671 0.4008 -0.7196
vn 0.2785 0.0996 -0.9553
vn 0.8249 0.1378 -0.5483
vn 0.9693 0.1267 -0.2107
vn 0.516 0.1076 -0.8498
vn 0.0316 0.4247 -0.9048
vn 0.9655 0.2009 -0.1657
vn 0.2151 0.6914 -0.6897
vn 0.5514 0.1143 -0.8264
vn 0.8888 0.2269 -0.3983
vn 0.3485 0.0625 -0.9352
vn 0.2319 0.6166 -0.7523
vn 0.9197 0.3208 -0.2266
vn 0.9145 0.3271 -0.2382
vn 0.2862 0.5699 -0.7703
vn 0.2795 0.5637 -0.7772
vn 0.218 0.6528 -0.7255
vn 0.0264 0.4147 -0.9096
vn 0.9595 0.1439 -0.242
vn 0.4068 0.08 -0.91
vn 0.3463 0.5032 -0.7917
vn 0.3589 0.5118 -0.7806
vn 0.9526 0.2138 -0.2164
vn 0.2051 0.6663 -0.7169
vn 0.9421 0.2588 -0.2132
vn 0.0063 0.5008 -0.8656
vn 0.1819 0.6067 -0.7738
vn 0.2337 0.6137 -0.7541
vn 0.1884 0.6665 -0.7213
vn 0.0947 0.1724 -0.9805
vn 0.2295 0.1019 -0.968
vn 0.2082 0.0533 -0.9766
vn 0.07 0.1413 -0.9875
vn 0.3595 0.4703 -0.806
vn 0.9101 0.3132 -0.2713
vn 0.8529 0.0744 -0.5167
vn 0.8261 0.1403 -0.5458
vn 0.7037 0.1322 -0.6981
vn 0.8672 0.3925 -0.3065
vn 0.6488 0.1301 -0.7497
vn 0.7357 0.2812 -0.6161
vn 0.6039 0.081 -0.793
vn 0.9745 0.1583 -0.1588
vn 0.3751 0.0868 -0.9229
vn 0.9603 0.1776 -0.2151
vn 0.8195 0.1377 -0.5563
vn 0.7625 0.1006 -0.6392
vn 0.7464 0.2729 -0.6069
vn 0.6709 0.2885 -0.6831
vn 0.8698 0.2155 -0.4439
vn 0.1574 0.0511 -0.9862
vn 0.8093 0.1096 -0.5771
vn 0.2668 0.0592 -0.9619
vn 0.9646 0.1694 -0.2021
vn 0.9149 0.2911 -0.2795
vn 0.9379 0.2253 -0.2637
vn 0.0851 0.0975 -0.9916
vn 0.6743 0.243 -0.6974
vn 0.0013 0.4083 -0.9128
vn 0.0173 0.4241 -0.9055
vn 0.7253 0.0701 -0.6848
vn 0.9538 0.2073 -0.2175
vn 0.4842 0.3055 -0.8199
vn 0.9627 0.2172 -0.1612
vn 0.2133 0.0208 -0.9768
vn 0.9539 0.2226 -0.2015
vn 0.9143 0.2715 -0.3004
vn 0.929 0.2726 -0.2503
vn 0.8896 0.3701 -0.2677
vn 0.9172 0.3058 -0.2553
vn 0.575 0.0334 -0.8174
vn 0.8788 0.3652 -0.3072
vn 0.8946 0.324 -0.3078
vn 0.9276 0.2778 -0.25
vn 0.8841 0.3518 -0.3077
vn 0.9178 0.2681 -0.2929
vn 0.8335 0.4142 -0.3656
vn 0.907 0.2897 -0.3056
vn 0.0139 0.2592 -0.9657
vn 0.8304 0.3925 -0.3955
vn 0.8428 0.3831 -0.378
vn 0.8707 0.3462 -0.3494
vn 0.8359 0.4096 -0.3654
vn 0.8415 0.4168 -0.3438
vn 0.7931 0.4787 -0.3767
vn 0.8076 0.4345 -0.3986
vn 0.6996 0.2598 -0.6656
vn 0.7143 0.223 -0.6633
vn 0.8224 0.4058 -0.3986
vn 0.1275 0.7536 -0.6448
vn 0.7577 0.4266 -0.4939
vn 0.7578 0.4919 -0.4286
vn 0.7613 0.4911 -0.4233
vn 0.7734 0.4453 -0.4512
vn 0.8263 0.0442 -0.5615
vn 0.6227 0.266 -0.7358
vn 0.7625 0.4624 -0.4526
vn 0.7596 0.4336 -0.4847
vn 0.6946 0.5116 -0.5058
vn 0.3971 0.2794 -0.8742
vn 0.7448 0.4679 -0.4757
vn 0.9559 0.1928 -0.2217
vn 0.0374 0.03 -0.9989
vn 0.6837 0.5134 -0.5186
vn 0.7331 0.4577 -0.503
vn 0.0565 0.0019 -0.9984
vn 0.059 0.0699 -0.9958
vn 0.2015 0.0011 -0.9795
vn 0.6925 0.4769 -0.5413
vn 0.6412 0.5459 -0.5394
vn 0.327 0.2887 -0.8998
vn 0.6386 -0.0017 -0.7695
vn 0.678 0.4905 -0.5475
vn 0.5943 0.5592 -0.5779
vn 0.6346 0.5141 -0.5771
vn 0.0891 0.7609 -0.6427
vn 0.0246 0.0966 -0.995
vn 0.6808 -0.009 -0.7324
vn 0.6248 0.5145 -0.5873
vn 0.5996 0.5554 -0.5762
vn 0.5671 0.544 -0.6184
vn 0.9064 0.0534 -0.419
vn 0.9232 -0.0023 -0.3843
vn 0.4799 0.6105 -0.6301
vn 0.067 0.0129 -0.9977
vn 0.8784 0.3239 -0.3515
vn 0.6733 0.4564 -0.5817
vn 0.6391 0.2231 -0.7361
vn 0.5242 0.5789 -0.6246
vn 0.5591 0.5972 -0.5751
vn 0.7082 0.2114 -0.6736
vn 0.7928 0.0108 -0.6094
vn 0.1073 -0.0023 -0.9942
vn 0.6816 0.4488 -0.578
vn 0.1033 -0.015 -0.9945
vn 0.2225 -0.053 -0.9735
vn 0.9345 0.2248 -0.2759
vn 0.0741 0.7111 -0.6992
vn 0.9624 0.1214 -0.2431
vn 0.644 0.4825 -0.5937
vn 0.9679 0.1576 -0.1956
vn 0.1363 -0.0246 -0.9904
vn 0.5924 0.5011 -0.6308
vn 0.671 -0.0053 -0.7414
vn 0.5349 0.5335 -0.6552
vn 0.6244 -0.0193 -0.7808
vn 0.8666 0.332 -0.3725
vn 0.9091 0.1843 -0.3737
vn 0.2768 -0.0459 -0.9598
vn 0.8587 0.0022 -0.5124
vn 0.3978 -0.0546 -0.9158
vn 0.9465 0.1964 -0.2562
vn 0.1539 -0.0697 -0.9856
vn 0.7801 -0.0635 -0.6224
vn 0.8999 0.1938 -0.3905
vn 0.6596 0.4281 -0.6178
vn 0.402 -0.0482 -0.9144
vn 0.5477 0.5318 -0.646
vn 0.8063 -0.0351 -0.5904
vn 0.1969 -0.0371 -0.9797
vn 0.8445 -0.0984 -0.5264
vn 0.6129 0.4748 -0.6316
vn 0.6191 0.4741 -0.6261
vn 0.228 0.3111 -0.9226
vn 0.7333 -0.0571 -0.6776
vn 0.4774 0.6135 -0.6291
vn 0.4165 0.6263 -0.659
vn 0.8835 0.1977 -0.4246
vn 0.2132 -0.1279 -0.9686
vn 0.0558 0.7601 -0.6474
vn 0.5056 -0.1235 -0.8539
vn 0.474 -0.0706 -0.8777
vn 0.4643 0.602 -0.6496
vn 0.7855 -0.0702 -0.6149
vn 0.6318 -0.0977 -0.769
vn 0.5532 0.5058 -0.6619
vn 0.6866 -0.0998 -0.7201
vn 0.9798 0.0454 -0.1946
vn 0.4846 -0.1593 -0.8601
vn 0.0449 0.6293 -0.7759
vn 0.2147 -0.1244 -0.9687
vn 0.4761 0.5648 -0.6741
vn 0.9186 0.2627 -0.2951
vn 0.9345 0.1382 -0.3281
vn 0.2278 0.2319 -0.9457
vn 0.6599 -0.1504 -0.7361
vn 0.2796 -0.1005 -0.9548
vn 0.074 0.7112 -0.6991
vn 0.5802 -0.1316 -0.8038
vn 0.8916 -0.0733 -0.4468
vn 0.2785 -0.1928 -0.9409
vn 0.8685 -0.1485 -0.4729
vn 0.0278 0.6787 -0.7339
vn 0.9626 -0.0008 -0.271
vn 0.9695 -0.0087 -0.2449
vn 0.549 0.4993 -0.6703
vn 0.9581 0.1703 -0.2301
vn 0.8238 -0.1269 -0.5525
vn 0.9652 0.1577 -0.2084
vn 0.5662 0.4973 -0.6573
vn 0.9071 -0.0654 -0.4159
vn 0.9142 -0.0749 -0.3984
vn 0.5929 -0.2388 -0.7691
vn 0.5712 -0.1626 -0.8045
vn 0.4075 0.5984 -0.6898
vn 0.7661 -0.163 -0.6218
vn 0.967 -0.0628 -0.2471
vn 0.3972 -0.1887 -0.8981
vn 0.7733 -0.1725 -0.6101
vn 0.8798 0.3019 -0.3671
vn 0.9114 0.163 -0.3779
vn 0.8782 -0.1588 -0.4511
vn 0.2097 0.2073 -0.9555
vn 0.2695 0.2457 -0.9311
vn 0.6387 0.4209 -0.6442
vn 0.6606 0.4253 -0.6186
vn 0.9332 0.2275 -0.278
vn 0.8558 0.1963 -0.4787
vn 0.9825 0.0098 -0.1858
vn 0.1882 0.265 -0.9457
vn 0.9534 -0.0455 -0.2984
vn 0.8942 0.2714 -0.356
vn 0.0181 0.7529 -0.6579
vn 0.8382 -0.1779 -0.5156
vn 0.5095 -0.2197 -0.8319
vn 0.5167 -0.2092 -0.8302
vn 0.191 0.2066 -0.9596
vn 0.4326 -0.237 -0.8699
vn 0.9228 -0.1092 -0.3693
vn 0.8334 0.2057 -0.513
vn 0.5288 -0.3117 -0.7894
vn 0.5308 0.5114 -0.6758
vn 0.9498 0.1889 -0.2495
vn 0.4388 -0.3243 -0.838
vn 0.8925 -0.1721 -0.4169
vn 0.8998 0.1703 -0.4018
vn 0.5529 0.5061 -0.662
vn 0.4849 0.5307 -0.6951
vn 0.9579 0.1526 -0.2432
vn 0.6017 0.4438 -0.6641
vn 0.7116 0.5201 -0.4724
vn 0.4002 0.6072 -0.6865
vn 0.4759 -0.2955 -0.8284
vn 0.9763 -0.0327 -0.2137
vn 0.5843 0.4545 -0.6723
vn 0.766 -0.2616 -0.5872
vn 0.2497 0.1694 -0.9534
vn 0.9755 0.1202 -0.1843
vn 0.8323 -0.2228 -0.5075
vn 0.9145 -0.1946 -0.3547
vn 0.8698 0.3338 -0.3633
vn 0.9373 -0.1258 -0.3251
vn 0.9112 -0.1827 -0.3693
vn 0.8531 0.1812 -0.4892
vn 0.9917 0.0386 -0.1229
vn 0.9458 0.1399 -0.2931
vn 0.8438 -0.2538 -0.4728
vn 0.7955 -0.2774 -0.5387
vn 0.8774 0.1556 -0.4537
vn 0.5247 0.4753 -0.7063
vn 0.5618 0.4605 -0.6872
vn 0.6416 0.3905 -0.6602
vn 0.9886 0.0256 -0.1484
vn 0.1527 0.2114 -0.9654
vn 0.5933 -0.3215 -0.738
vn 0.1413 0.1855 -0.9724
vn 0.5423 -0.3896 -0.7444
vn 0.537 0.4739 -0.6978
vn 0.8556 -0.2316 -0.4628
vn 0.8387 -0.3005 -0.4542
vn 0.954 0.1159 -0.2764
vn 0.9322 -0.1527 -0.3282
vn 0.0276 0.6791 -0.7335
vn 0.9352 -0.2062 -0.288
vn 0.6043 -0.3365 -0.7222
vn 0.5874 -0.3896 -0.7094
vn 0.1062 0.1516 -0.9827
vn 0.6695 0.5588 -0.4893
vn 0.1932 0.2035 -0.9598
vn 0.0219 0.6111 -0.7913
vn 0.9106 0.1612 -0.3805
vn 0.9128 0.1354 -0.3852
vn 0.921 0.1219 -0.37
vn 0.8162 0.374 -0.4403
vn 0.8487 0.361 -0.3865
vn 0.0104 0.5935 -0.8048
vn 0.9852 -0.0268 -0.1691
vn 0.4727 0.4914 -0.7315
vn 0.6753 -0.3614 -0.6429
vn 0.7461 -0.3832 -0.5445
vn 0.8523 0.1707 -0.4945
vn 0.885 -0.2388 -0.3997
vn 0.8749 0.1265 -0.4675
vn 0.8716 -0.2996 -0.388
vn 0.4868 0.4921 -0.7217
vn 0.7062 0.3449 -0.6183
vn 0.9258 -0.1973 -0.3225
vn 0.925 -0.2476 -0.2882
vn 0.9911 -0.0031 -0.1331
vn 0.9909 -0.0025 -0.1348
vn 0.1379 0.1902 -0.972
vn 0.9522 -0.1646 -0.2575
vn 0.978 -0.0997 -0.1834
vn 0.5895 0.4314 -0.6829
vn 0.6894 -0.4216 -0.589
vn 0.185 0.1355 -0.9734
vn 0.1757 0.1227 -0.9768
vn 0.8297 -0.3474 -0.437
vn 0.8428 -0.3203 -0.4325
vn 0.963 -0.1365 -0.2324
vn 0.225 0.1245 -0.9664
vn 0.6905 0.3394 -0.6387
vn 0.8965 0.1214 -0.4261
vn 0.9765 -0.1112 -0.1844
vn 0.9753 -0.1584 -0.1542
vn 0.926 -0.2844 -0.2484
vn 0.5589 0.4091 -0.7213
vn 0.7847 -0.3887 -0.4829
vn 0.8639 0.337 -0.3744
vn 0.1322 0.1158 -0.9844
vn 0.4874 0.4566 -0.7443
vn 0.9269 -0.2403 -0.2882
vn 0.1608 0.1435 -0.9765
vn 0.9952 0.0159 -0.0965
vn 0.5413 0.4289 -0.7233
vn 0.9483 -0.1936 -0.2516
vn 0.9934 -0.0404 -0.1075
vn 0.7816 -0.3911 -0.486
vn 0.8725 -0.3502 -0.3407
vn 0.9684 -0.1597 -0.1914
vn 0.6045 0.3745 -0.7031
vn 0.9931 -0.0389 -0.1107
vn 0.7679 -0.4204 -0.4833
vn 0.4464 0.4568 -0.7694
vn 0.4961 0.447 -0.7444
vn 0.8163 0.3919 -0.4244
vn 0.786 0.4032 -0.4687
vn 0.817 -0.4284 -0.3859
vn 0.9898 -0.082 -0.1161
vn 0.9721 -0.1776 -0.1531
vn 0.9718 0.1365 -0.1921
vn 0.9956 0.0006 -0.0938
vn 0.9973 -0.0233 -0.0689
vn 0.9398 0.2069 -0.2718
vn 0.9499 -0.2315 -0.2102
vn 0.9264 0.0852 -0.3668
vn 0.8583 -0.3948 -0.328
vn 0.8395 -0.4012 -0.3665
vn 0.9041 0.1036 -0.4146
vn 0.9443 -0.2696 -0.1889
vn 0.9612 0.0985 -0.2576
vn 0.9671 -0.2075 -0.1469
vn 0.478 0.4124 -0.7756
vn 0.9436 0.0832 -0.3205
vn 0.9805 -0.1619 -0.1114
vn 0.9759 -0.1944 -0.0995
vn 0.9989 -0.0013 -0.0463
vn 0.9973 -0.0253 -0.0692
vn 0.949 0.1013 -0.2986
vn 0.9558 0.0921 -0.2792
vn 0.8867 0.2914 -0.3589
vn 0.967 -0.2262 -0.1174
vn 0.9488 -0.2744 -0.1568
vn 0.993 -0.082 -0.0847
vn 0.9958 -0.064 -0.0659
vn 0.7459 0.4363 -0.5034
vn 0.9605 -0.2402 -0.1403
vn 0.9363 -0.2995 -0.1833
vn 0.909 -0.3503 -0.2257
vn 0.9369 -0.2991 -0.1811
vn 0.8718 0.0982 -0.48
vn 0.9564 0.0556 -0.2869
vn 0.5704 0.3338 -0.7505
vn 0.6045 0.3362 -0.7221
vn 0.8333 0.333 -0.4413
vn 0.9791 -0.1894 -0.074
vn 0.9074 0.1118 -0.405
vn 0.9518 -0.2772 -0.1313
vn 0.8541 0.3273 -0.4043
vn 0.9991 -0.0246 -0.0358
vn 0.9258 0.0764 -0.3702
vn 0.9761 -0.1991 -0.0875
vn 0.9434 0.0836 -0.3209
vn 0.9576 0.1483 -0.2468
vn 0.5121 0.3761 -0.7722
vn 0.4557 0.4033 -0.7936
vn 0.9167 0.2329 -0.3248
vn 0.9962 -0.0785 -0.0373
vn 0.95 0.1824 -0.2536
vn 0.9827 -0.1702 -0.0726
vn 0.9604 0.0448 -0.2749
vn 0.983 -0.1768 -0.0492
vn 0.9508 -0.2788 -0.1352
vn 0.9926 -0.1164 -0.0333
vn 0.9955 -0.0899 -0.031
vn 0.4714 0.3527 -0.8084
vn 0.9974 -0.0624 -0.036
vn 0.9903 -0.1299 -0.0485
vn 0.9633 -0.2472 -0.1041
vn 0.9064 0.2464 -0.3433
vn 0.9645 -0.2455 -0.0978
vn 0.9565 0.1656 -0.2402
vn 0.5261 0.353 -0.7737
vn 0.9971 -0.0752 -0.0144
vn 0.9715 -0.225 -0.0746
vn 0.4645 0.3513 -0.8129
vn 0.9891 -0.1427 -0.0356
vn 0.9414 0.058 -0.3322
vn 0.9952 -0.0976 -0.0117
vn 0.8978 0.2637 -0.3526
vn 0.9831 -0.1765 -0.0492
vn 0.9228 0.2158 -0.3191
vn 0.4672 0.3537 -0.8103
vn 0.8528 0.0737 -0.517
vn 0.9599 0.1613 -0.2291
vn 0.8642 0.0546 -0.5001
vn 0.1173 0.0538 -0.9916
vn 0.9913 -0.1304 -0.0169
vn 0.9788 -0.1938 -0.0658
vn 0.052 0.0804 -0.9954
vn 0.0913 0.0859 -0.9921
vn 0.889 0.0624 -0.4536
vn 0.9992 -0.0396 -0.0094
vn 0.5949 0.0112 -0.8037
vn 0.9955 -0.0945 -0.0078
vn 0.4829 0.3053 -0.8207
vn 0.8164 0.3708 -0.4428
vn 0.7987 0.367 -0.4768
vn 0.9554 0.0179 -0.2947
vn 0.8871 0.0461 -0.4593
vn 0.9987 -0.0507 -0.007
vn 0.3691 -0.0058 -0.9294
vn 0.9982 -0.0602 -0.006
vn 0.9445 0.1704 -0.2808
vn 0.8346 0.0347 -0.5497
vn 0.8532 0.2334 -0.4664
vn 0.9194 0.1919 -0.3433
vn 0.8976 0.2105 -0.3872
vn 0.8774 0.2699 -0.3967
vn 0.8381 0.3053 -0.4521
vn 0.8656 0.2338 -0.4428
vn 0.401 0.4505 -0.7976
vn 0.9362 0.1954 -0.292
vn 0.9156 0.0418 -0.3999
vn 0.2314 0.5754 -0.7844
vn 0.9416 0.169 -0.2912
vn 0.9351 0.0605 -0.3491
vn 0.4255 0.3987 -0.8124
vn 0.429 -0.008 -0.9033
vn 0.3302 0.4245 -0.843
vn 0.2607 0.5343 -0.8041
vn 0.1278 0.0431 -0.9909
vn 0.5079 -0.0026 -0.8614
vn 0.9704 0.1212 -0.209
vn 0.754 0.2363 -0.6128
vn 0.2325 0.4932 -0.8383
vn 0.9087 -0.0076 -0.4174
vn 0.3915 0.3831 -0.8366
vn 0.4515 0.0114 -0.8922
vn 0.3778 0.4106 -0.8299
vn 0.5619 -0.0177 -0.827
vn 0.7899 0.3791 -0.482
vn 0.9674 0.034 -0.2509
vn 0.9637 0.072 -0.2571
vn 0.8422 0.2251 -0.49
vn 0.8055 0.2381 -0.5427
vn 0.1819 0.6984 -0.6922
vn 0.5313 0.0177 -0.847
vn 0.8451 0.3116 -0.4343
vn 0.1824 0.4709 -0.8631
vn 0.7423 0.0315 -0.6693
vn 0.2234 0.4448 -0.8674
vn 0.9575 0.1425 -0.2507
vn 0.8688 -0.0042 -0.4952
vn 0.9517 0.0212 -0.3063
vn 0.173 0.4506 -0.8758
vn 0.143 0.5791 -0.8026
vn 0.147 0.5698 -0.8085
vn 0.9006 0.2032 -0.3842
vn 0.8275 0.2228 -0.5153
vn 0.881 0.2149 -0.4214
vn 0.3238 0.3913 -0.8614
vn 0.2927 0.3721 -0.8809
vn 0.9063 0.2034 -0.3704
vn 0.4766 -0.0652 -0.8767
vn 0.1305 0.6816 -0.72
vn 0.8772 0.017 -0.4798
vn 0.9063 -0.0878 -0.4135
vn 0.0052 0.1242 -0.9922
vn 0.1376 0.5319 -0.8356
vn 0.3484 0.3314 -0.8768
vn 0.2988 0.3249 -0.8973
vn 0.3153 0.319 -0.8938
vn 0.1277 0.6482 -0.7507
vn 0.7803 0.2394 -0.5778
vn 0.7633 0.2406 -0.5995
vn 0.8574 0.2233 -0.4637
vn 0.1899 0.4314 -0.882
vn 0.7591 0.4155 -0.5012
vn 0.0922 0.6735 -0.7334
vn 0.7383 0.4138 -0.5326
vn 0.9559 0.1434 -0.2563
vn 0.2597 0.3083 -0.9152
vn 0.218 0.3219 -0.9213
vn 0.1607 0.3679 -0.9159
vn 0.9289 -0.0076 -0.3702
vn 0.1302 0.4395 -0.8887
vn 0.122 0.4365 -0.8914
vn 0.5604 -0.0625 -0.8259
vn 0.0107 0.1592 -0.9872
vn 0.1 0.5124 -0.8529
vn 0.8366 -0.0344 -0.5467
vn 0.0927 0.4548 -0.8858
vn 0.2123 0.2936 -0.932
vn 0.5667 -0.0959 -0.8183
vn 0.58 -0.0327 -0.8139
vn 0.0821 0.4438 -0.8924
vn 0.6354 0.2187 -0.7406
vn 0.9612 0.053 -0.2707
vn 0.833 0.2052 -0.5137
vn 0.481 0.216 -0.8497
vn 0.3478 -0.0685 -0.935
vn 0.102 0.3761 -0.9209
vn 0.1353 0.3651 -0.9211
vn 0.6461 -0.0689 -0.7602
vn 0.2764 -0.0464 -0.9599
vn 0.3227 0.2415 -0.9152
vn 0.4019 0.2393 -0.8839
vn 0.7877 0.3488 -0.5079
vn 0.7984 0.3499 -0.4901
vn 0.0558 0.7573 -0.6507
vn 0.0355 0.6896 -0.7233
vn 0.7147 0.4321 -0.5501
vn 0.0847 0.352 -0.9322
vn 0.9377 -0.0752 -0.3391
vn 0.9232 -0.0017 -0.3842
vn 0.9791 0.0688 -0.1914
vn 0.3216 -0.1466 -0.9355
vn 0.2743 0.1904 -0.9426
vn 0.9562 -0.0204 -0.2919
vn 0.711 -0.1407 -0.689
vn 0.6521 0.1855 -0.7351
vn 0.567 0.1648 -0.8071
vn 0.4131 -0.1524 -0.8978
vn 0.0573 0.7593 -0.6482
vn 0.4589 -0.1234 -0.8799
vn 0.0755 0.4073 -0.9102
vn 0.3465 0.1834 -0.9199
vn 0.0778 0.3278 -0.9415
vn 0.0914 0.3449 -0.9342
vn 0.9473 -0.0214 -0.3197
vn 0.0632 0.4157 -0.9073
vn 0.8276 0.3061 -0.4706
vn 0.8434 0.3006 -0.4453
vn 0.0657 0.4737 -0.8782
vn 0.0098 0.7385 -0.6742
vn 0.0626 0.5458 -0.8356
vn 0.1229 0.2697 -0.9551
vn 0.1359 0.2803 -0.9502
vn 0.6595 0.1936 -0.7263
vn 0.3319 -0.1233 -0.9352
vn 0.0783 0.2719 -0.9591
vn 0.9813 0.0068 -0.1924
vn 0.7232 0.1662 -0.6703
vn 0.3526 0.189 -0.9165
vn 0.9857 -0.0013 -0.1682
vn 0.4083 0.1551 -0.8996
vn 0.4882 0.1438 -0.8608
vn 0.3695 0.1183 -0.9217
vn 0.417 0.1525 -0.896
vn 0.988 0.0362 -0.1503
vn 0.0133 0.7257 -0.6878
vn 0.9754 -0.0305 -0.2182
vn 0.6224 0.1456 -0.7691
vn 0.5188 0.094 -0.8497
vn 0.0713 0.2835 -0.9563
vn 0.1035 0.228 -0.9682
vn 0.1074 0.2198 -0.9696
vn 0.6839 0.1721 -0.709
vn 0.6676 0.1513 -0.729
vn -0.0038 0.6554 -0.7553
vn 0.784 0.1704 -0.5969
vn 0.0347 0.4108 -0.9111
vn 0.9888 0.0248 -0.1471
vn 0.0333 0.6911 -0.722
vn 0.5511 -0.2891 -0.7827
vn 0.6136 -0.2864 -0.7358
vn 0.3378 0.1297 -0.9322
vn 0.695 0.1219 -0.7086
vn 0.0215 0.4597 -0.8878
vn 0.7382 0.4002 -0.5431
vn 0.7224 0.3899 -0.571
vn 0.8828 -0.2309 -0.4091
vn 0.0657 0.2116 -0.9751
vn 0.0717 0.1916 -0.9789
vn 0.439 0.0888 -0.8941
vn 0.4549 0.1254 -0.8817
vn 0.0296 0.3743 -0.9268
vn 0.0177 0.3177 -0.948
vn 0.7394 0.1256 -0.6614
vn 0.9044 -0.242 -0.3514
vn 0.6202 -0.4392 -0.6499
vn 0.0421 0.3439 -0.9381
vn 0.0287 0.2933 -0.9556
vn 0.0529 0.2125 -0.9757
vn 0.2802 0.0978 -0.9549
vn 0.5219 0.1159 -0.8451
vn 0.9754 -0.0659 -0.2104
vn 0.717 -0.3677 -0.5922
vn 0.0472 0.1493 -0.9877
vn 0.8157 -0.3058 -0.4911
vn 0.161 0.1439 -0.9764
vn 0.125 0.1187 -0.985
vn 0.5858 0.0958 -0.8048
vn 0.538 0.0533 -0.8413
vn 0.353 0.0597 -0.9337
vn 0.3833 0.0368 -0.9229
vn 0.9654 0.0939 -0.2432
vn 0.4784 0.0696 -0.8754
vn 0.4573 0.0485 -0.888
vn 0.7787 -0.3794 -0.4997
vn 0.8754 -0.3054 -0.3747
vn 0.8609 -0.3441 -0.3747
vn 0.1696 0.0678 -0.9832
vn 0.4102 0.0559 -0.9103
vn 0.9309 0.1966 -0.3079
vn 0.7204 0.0608 -0.6909
vn 0.7877 0.0739 -0.6116
vn 0.6161 0.0675 -0.7848
vn 0.6705 0.0743 -0.7382
vn 0.6638 0.0659 -0.745
vn 0.0087 0.3596 -0.9331
vn 0.0483 0.1463 -0.9881
vn 0.0514 0.0786 -0.9956
vn 0.3384 0.0434 -0.94
vn 0.8998 -0.306 -0.3109
vn 0.88 -0.3472 -0.3241
vn 0.9363 0.1813 -0.3008
vn 0.306 0.0002 -0.952
vn 0.777 0.0401 -0.6282
vn 0.3752 -0.0006 -0.927
vn 0.8287 -0.3876 -0.4037
vn 0.0072 0.1772 -0.9842
vn 0.8235 -0.3863 -0.4155
vn 0.0148 0.2214 -0.9751
vn 0.254 0.0175 -0.9671
vn 0.929 -0.2736 -0.2494
vn 0.0874 0.0429 -0.9953
vn 0.0222 0.1119 -0.9935
vn 0.3069 0.001 -0.9517
vn 0.0344 0.1319 -0.9907
vn 0.1631 -0.0025 -0.9866
vn 0.1553 0.0077 -0.9878
vn 0.7247 -0.0347 -0.6881
vn 0.972 0.1254 -0.1986
vn 0.8942 -0.0619 -0.4433
vn 0.8608 -0.0674 -0.5045
vn 0.9001 -0.1054 -0.4228
vn 0.9698 0.0951 -0.2247
vn 0.8396 -0.0957 -0.5347
vn 0.2999 -0.1614 -0.9402
vn 0.9563 0.1542 -0.2484
vn 0.5938 -0.2365 -0.769
vn 0.8147 -0.2156 -0.5384
vn 0.9089 0.2226 -0.3526
vn 0.9065 0.2238 -0.3579
vn 0.4495 -0.2516 -0.8571
vn 0.393 -0.2829 -0.8749
vn 0.8815 -0.2354 -0.4092
vn 0.8791 -0.1561 -0.4503
vn 0.9638 -0.052 -0.2616
vn 0.9846 -0.1204 -0.1266
vn 0.9458 -0.0933 -0.311
vn 0.785 0.3327 -0.5225
vn 0.7189 -0.2847 -0.6342
vn 0.7857 0.3328 -0.5215
vn 0.7614 -0.2589 -0.5943
vn 0.9619 -0.0744 -0.2632
vn 0.989 -0.1195 -0.0875
vn 0.6558 -0.3046 -0.6908
vn 0.6528 -0.3033 -0.6941
vn 0.9939 -0.071 -0.0848
vn 0.7256 0.3828 -0.5718
vn 0.8905 -0.3593 -0.2792
vn 0.997 0.008 -0.0775
vn 0.9997 0.004 -0.0232
vn 0.984 -0.05 -0.1712
vn 0.9814 0.0194 -0.1911
vn 0.9653 -0.1206 -0.2316
vn 0.946 -0.1531 -0.2857
vn 0.9495 -0.1379 -0.2819
vn 0.7773 -0.319 -0.5423
vn 0.9802 -0.1597 -0.1171
vn 0.9849 -0.0769 -0.1548
vn 0.9861 -0.0784 -0.1468
vn 0.8974 -0.3477 -0.2716
vn 0.9524 -0.2136 -0.2176
vn 0.9882 -0.0584 -0.1419
vn 0.9825 -0.1145 -0.147
vn 0.9923 -0.0517 -0.1121
vn 0.9686 -0.199 -0.1488
vn 0.9656 -0.1784 -0.1891
vn 0.9773 -0.1636 -0.1346
vn 0.9148 -0.3381 -0.2211
vn 0.9882 -0.0998 -0.1163
vn 0.9556 -0.2408 -0.1696
vn 0.9355 -0.2605 -0.2388
vn 0.9953 -0.0313 -0.0916
vn 0.9929 -0.0501 -0.108
vn 0.9975 -0.0378 -0.0589
vn 0.8895 -0.3652 -0.2745
vn 0.9965 -0.0617 -0.0563
vn 0.9742 -0.1963 -0.1115
vn 0.9679 -0.2326 -0.0948
vn 0.2026 -0.7259 -0.6572
vn 0.2094 -0.2091 -0.9552
vn 0.0247 -0.9574 -0.2877
vn 0.2303 -0.3378 -0.9126
vn 0.1858 -0.7789 -0.599
vn 0.059 -0.9526 -0.2983
vn 0.2197 -0.8654 -0.4504
vn 0.2419 -0.5942 -0.7671
vn 0.2063 -0.7564 -0.6208
vn 0.2618 -0.6197 -0.7399
vn 0.0792 -0.9051 -0.4177
vn 0.2395 -0.8236 -0.514
vn 0.2891 -0.2519 -0.9235
vn 0.23 -0.6672 -0.7084
vn 0.2472 -0.6988 -0.6712
vn 0.1596 -0.8923 -0.4223
vn 0.1565 -0.9324 -0.3257
vn 0.1143 -0.9122 -0.3935
vn 0.2552 -0.406 -0.8775
vn 0.1042 -0.9459 -0.3074
vn 0.2852 -0.7007 -0.6539
vn 0.2818 -0.3242 -0.903
vn 0.2568 -0.1867 -0.9483
vn 0.2999 -0.6196 -0.7254
vn 0.2028 -0.9094 -0.3632
vn 0.0101 -0.9795 -0.2012
vn -0.001 -0.9941 -0.1083
vn 0.1482 -0.8936 -0.4237
vn 0.2484 -0.8436 -0.476
vn 0.1359 -0.9476 -0.2892
vn 0.2679 -0.7863 -0.5567
vn 0.28 -0.3219 -0.9044
vn 0.0915 -0.9799 -0.1771
vn 0.3264 -0.5735 -0.7514
vn 0.0594 -0.9711 -0.2311
vn 0.043 -0.983 -0.1786
vn 0.2391 -0.8355 -0.4948
vn 0.2809 -0.6061 -0.7442
vn 0.1279 -0.9588 -0.2535
vn 0.29 -0.6902 -0.663
vn 0.2132 -0.897 -0.3873
vn 0.2102 -0.936 -0.2824
vn 0.2751 -0.7509 -0.6003
vn 0.1388 -0.9785 -0.1527
vn 0.3282 -0.7132 -0.6194
vn 0.14 -0.9786 -0.1509
vn 0.3472 -0.3674 -0.8628
vn 0.2492 -0.9 -0.3577
vn 0.3008 -0.8337 -0.4631
vn 0.1717 -0.9682 -0.1821
vn 0.2904 -0.8172 -0.4978
vn 0.2895 -0.8789 -0.379
vn 0.2506 -0.8983 -0.3609
vn 0.3483 -0.3383 -0.8742
vn 0.2695 -0.9215 -0.2798
vn 0.3086 -0.89 -0.3356
vn 0.0815 -0.983 -0.1646
vn 0.0341 -0.999 -0.0292
vn 0.3486 -0.699 -0.6244
vn 0.4228 -0.6411 -0.6406
vn 0.1861 -0.9822 -0.0246
vn 0.3504 -0.3392 -0.873
vn 0.3065 -0.8939 -0.3271
vn 0.0928 -0.988 -0.1232
vn 0.3525 -0.2778 -0.8936
vn 0.1934 -0.9458 -0.261
vn 0.4026 -0.4401 -0.8026
vn 0.2178 -0.9751 -0.0419
vn 0.0941 -0.9951 -0.0286
vn 0.3335 -0.7768 -0.5342
vn 0.0855 -0.9948 -0.0549
vn 0.2247 -0.9518 -0.2089
vn 0.3295 -0.6362 -0.6976
vn 0.38 -0.7262 -0.5729
vn 0.1986 -0.9765 -0.0842
vn 0.3423 -0.9037 -0.2572
vn 0.3251 -0.8523 -0.4098
vn 0.3502 -0.333 -0.8755
vn 0.3778 -0.4061 -0.8321
vn 0.4338 -0.5287 -0.7296
vn 0.1205 -0.992 -0.037
vn 0.3732 -0.6631 -0.6489
vn 0.2413 -0.9698 -0.0339
vn 0.2014 -0.9719 -0.122
vn 0.1621 -0.985 -0.0589
vn 0.274 -0.9564 -0.101
vn 0.2743 -0.9604 -0.0487
vn 0.4631 -0.6054 -0.6474
vn 0.3345 -0.7898 -0.5142
vn 0.4017 -0.4417 -0.8022
vn 0.3385 -0.7598 -0.5551
vn 0.3781 -0.8843 -0.274
vn 0.3183 -0.9422 -0.1049
vn 0.3872 -0.8364 -0.388
vn 0.2295 -0.9602 -0.159
vn 0.2883 -0.9572 -0.0253
vn 0.4287 -0.527 -0.7339
vn 0.4272 -0.5024 -0.7517
vn 0.3854 -0.6353 -0.6692
vn 0.3902 -0.7858 -0.4799
vn 0.4005 -0.887 -0.2299
vn 0.2606 -0.9376 -0.2303
vn 0.4627 -0.5991 -0.6534
vn 0.3528 -0.9343 -0.0518
vn 0.4483 -0.5856 -0.6754
vn 0.3674 -0.8559 -0.3639
vn 0.4256 -0.7212 -0.5465
vn 0.3206 -0.9469 -0.0258
vn 0.3297 -0.9429 -0.0467
vn 0.2665 -0.9392 -0.2168
vn 0.4516 -0.3413 -0.8244
vn 0.3761 -0.846 -0.3779
vn 0.4828 -0.6643 -0.5706
vn 0.4438 -0.8705 -0.2125
vn 0.4314 -0.6045 -0.6697
vn 0.278 -0.9539 -0.1135
vn 0.3206 -0.9276 -0.1917
vn 0.5105 -0.3662 -0.778
vn 0.4307 -0.7006 -0.569
vn 0.3467 -0.9376 -0.0273
vn 0.4019 -0.765 -0.5033
vn 0.4846 -0.8475 -0.2165
vn 0.3947 -0.9179 -0.0394
vn 0.3307 -0.9276 -0.1738
vn 0.3855 -0.8462 -0.3679
vn 0.4612 -0.8723 -0.1625
vn 0.4727 -0.8454 -0.2487
vn 0.5383 -0.389 -0.7476
vn 0.3861 -0.9203 -0.0622
vn 0.4845 -0.726 -0.488
vn 0.4451 -0.671 -0.593
vn 0.4332 -0.8304 -0.3503
vn 0.4277 -0.9038 -0.0135
vn 0.421 -0.9061 -0.0423
vn 0.4401 -0.8312 -0.3398
vn 0.5508 -0.6971 -0.4589
vn 0.3525 -0.9103 -0.2169
vn 0.4484 -0.8898 -0.0846
vn 0.3181 -0.9326 -0.1704
vn 0.5087 -0.8265 -0.2412
vn 0.4752 -0.7766 -0.4136
vn 0.4576 -0.7661 -0.4513
vn 0.5771 -0.5898 -0.5649
vn 0.5762 -0.5924 -0.5631
vn 0.3595 -0.9267 -0.1094
vn 0.451 -0.8924 -0.0148
vn 0.5422 -0.8212 -0.178
vn 0.4895 -0.8689 -0.0729
vn 0.4818 -0.6632 -0.5727
vn 0.4626 -0.8854 -0.0463
vn 0.6144 -0.5817 -0.5331
vn 0.58 -0.6599 -0.4777
vn 0.4765 -0.815 -0.3298
vn 0.6036 -0.4182 -0.6788
vn 0.407 -0.9018 -0.1454
vn 0.3816 -0.9152 -0.1296
vn 0.4934 -0.7174 -0.4919
vn 0.479 -0.8776 -0.0214
vn 0.4884 -0.8173 -0.3057
vn 0.5394 -0.8258 -0.1646
vn 0.509 -0.8577 -0.0735
vn 0.515 -0.8567 -0.0289
vn 0.5169 -0.8553 -0.0353
vn 0.6408 -0.4397 -0.6293
vn 0.6231 -0.551 -0.5551
vn 0.6402 -0.6685 -0.3785
vn 0.5095 -0.7305 -0.4547
vn -0.0044 -0.0079 -1
vn 0.5805 -0.8013 -0.1444
vn 0.5537 -0.8312 -0.05
vn 0.4043 -0.9083 -0.1075
vn 0.517 -0.7535 -0.4062
vn 0.5993 -0.772 -0.2116
vn 0.0187 -0.1172 -0.9929
vn 0.52 -0.7866 -0.3329
vn 0.6723 -0.591 -0.4458
vn 0.5485 -0.8361 -0.0089
vn 0.4451 -0.8829 -0.1495
vn 0.4668 -0.8797 -0.0905
vn 0.5812 -0.812 -0.053
vn 0.7329 -0.4985 -0.463
vn 0.652 -0.7381 -0.1738
vn 0.0162 -0.1369 -0.9905
vn 0.5789 -0.8144 -0.0393
vn 0.5276 -0.7978 -0.2916
vn 0.5239 -0.8096 -0.2647
vn 0.5858 -0.8102 -0.0218
vn 0.7199 -0.5291 -0.4493
vn 0.4961 -0.6786 -0.5416
vn 0.7465 -0.4631 -0.4777
vn 0.6505 -0.7445 -0.1502
vn 0.5461 -0.73 -0.411
vn 0.719 -0.5761 -0.3887
vn 0.7853 -0.4422 -0.4333
vn 0.5458 -0.724 -0.4218
vn 0.6354 -0.7695 -0.0636
vn 0.6259 -0.7798 -0.012
vn 0.6362 -0.7708 -0.0343
vn 0.7725 -0.5231 -0.36
vn 0.6991 -0.7015 -0.1383
vn 0.6926 -0.7108 -0.1227
vn 0.7817 -0.4935 -0.3815
vn 0.472 -0.875 -0.1078
vn 0.6678 -0.744 -0.0227
vn 0.7705 -0.569 -0.2873
vn 0.6767 -0.7355 -0.0334
vn 0.807 -0.4956 -0.3212
vn 0.8135 -0.4276 -0.3942
vn 0.5384 -0.7575 -0.3691
vn 0.6892 -0.7243 -0.0216
vn 0.7885 -0.5383 -0.2974
vn 0.729 -0.6766 -0.1036
vn 0.4927 -0.8533 -0.1707
vn 0.6983 -0.715 -0.0342
vn 0.7379 -0.6649 -0.1155
vn 0.8246 -0.4545 -0.3368
vn 0.8275 -0.482 -0.2878
vn 0.8112 -0.516 -0.2752
vn 0.7555 -0.6475 -0.0994
vn 0.5942 -0.662 -0.4568
vn 0.8569 -0.434 -0.2782
vn 0.8605 -0.4221 -0.2854
vn 0.5588 -0.7949 -0.2362
vn 0.5633 -0.7874 -0.2506
vn 0.9315 -0.3635 -0.0092
vn 0.9344 -0.3559 -0.0147
vn 0.9796 -0.1958 -0.0456
vn 0.9769 -0.2097 -0.0408
vn 0.5168 -0.8508 -0.0953
vn 0.9801 -0.1968 -0.0268
vn 0.5732 -0.7546 -0.3194
vn 0.6159 -0.4989 -0.6097
vn 0.9746 -0.2231 -0.0177
vn 0.9694 -0.2456 0.0026
vn 0.526 -0.8409 -0.1276
vn 0.9986 -0.0525 0.0014
vn 0.9968 -0.0799 -0.0043
vn 0.9935 -0.1135 -0.0059
vn 0.9922 -0.125 -0.0006
vn 0.9969 -0.0787 -0.0023
vn 0.5949 -0.7172 -0.363
vn 0.6018 -0.6996 -0.3852
vn 0.0206 -0.0127 -0.9997
vn 0.0268 -0.1091 -0.9937
vn 0.0328 -0.0362 -0.9988
vn 0.6112 -0.7555 -0.2359
vn 0.5508 -0.8231 -0.138
vn 0.0286 0.048 -0.9984
vn -0.0051 -0.217 -0.9762
vn 0.0246 -0.3428 -0.9391
vn 0.0565 -0.1096 -0.9924
vn 0.054 -0.2373 -0.9699
vn 0.0557 -0.0476 -0.9973
vn 0.0329 -0.0351 -0.9988
vn 0.544 -0.8355 -0.0774
vn 0.6082 -0.7558 -0.2425
vn 0.5935 -0.7171 -0.3653
vn 0.0441 -0.333 -0.9419
vn 0.0554 -0.0492 -0.9972
vn 0.65 -0.6744 -0.3502
vn 0.0742 -0.3243 -0.9431
vn 0.0543 -0.2312 -0.9714
vn 0.6452 -0.6853 -0.3377
vn 0.0846 -0.0695 -0.994
vn 0.0996 -0.4391 -0.8929
vn 0.6697 -0.5291 -0.5211
vn 0.0743 -0.3226 -0.9436
vn 0.0963 -0.4324 -0.8965
vn 0.0965 -0.4561 -0.8847
vn 0.0842 -0.0815 -0.9931
vn 0.1207 -0.1657 -0.9788
vn 0.0962 -0.337 -0.9366
vn 0.0961 -0.455 -0.8853
vn 0.1119 -0.5504 -0.8274
vn 0.0739 -0.6421 -0.7631
vn 0.079 -0.566 -0.8206
vn 0.6155 -0.7428 -0.2634
vn 0.5765 -0.8059 -0.1349
vn 0.1143 -0.1075 -0.9876
vn 0.5885 -0.8031 -0.0932
vn 0.1171 -0.6422 -0.7575
vn 0.1629 -0.3871 -0.9075
vn 0.6602 -0.6352 -0.4009
vn 0.1387 -0.0988 -0.9854
vn 0.0492 -0.7278 -0.684
vn 0.0944 -0.7521 -0.6523
vn 0.6808 -0.6597 -0.3182
vn 0.1147 -0.7303 -0.6735
vn 0.0187 -0.9818 -0.1891
vn 0.1157 -0.7319 -0.6715
vn 0.6506 -0.7042 -0.2842
vn 0.679 -0.6648 -0.3116
vn 0.1498 -0.7239 -0.6735
vn 0.6208 -0.7753 -0.1159
vn 0.1992 -0.483 -0.8527
vn 0.059 -0.8583 -0.5098
vn 0.6915 -0.5031 -0.5184
vn 0.1174 -0.8163 -0.5656
vn 0.1117 -0.803 -0.5854
vn 0.2057 -0.3976 -0.8942
vn 0.6768 -0.7093 -0.1971
vn 0.6904 -0.6261 -0.3624
vn 0.1037 -0.8618 -0.4966
vn 0.7091 -0.6464 -0.2817
vn 0.1088 -0.8706 -0.4799
vn 0.698 -0.6763 -0.2355
vn 0.6248 -0.771 -0.1232
vn 0.1298 -0.8072 -0.5759
vn 0.0056 -0.9968 -0.0792
vn 0.2725 -0.3762 -0.8856
vn 0.2527 -0.5248 -0.8129
vn 0.0528 -0.9956 -0.0779
vn 0.0954 -0.9181 -0.3848
vn 0.1198 -0.8643 -0.4885
vn 0.2168 -0.1668 -0.9619
vn 0.0235 -0.992 -0.1243
vn -0.0019 -0.9999 -0.0106
vn 0.6969 -0.6818 -0.2225
vn 0.6873 -0.6998 -0.1947
vn 0.0399 -0.999 -0.0201
vn 0.2885 -0.4446 -0.848
vn 0.2677 -0.2574 -0.9285
vn 0.7146 -0.6376 -0.2878
vn 0.667 -0.7389 -0.0956
vn 0.7342 -0.5855 -0.3435
vn 0.3217 -0.5554 -0.7668
vn 0.2618 -0.1702 -0.95
vn 0.3245 -0.4503 -0.8318
vn 0.3488 -0.5727 -0.7419
vn 0.3187 -0.5306 -0.7854
vn 0.3134 -0.2682 -0.911
vn 0.2898 -0.2452 -0.9251
vn 0.3231 -0.4237 -0.8462
vn 0.1765 -0.982 -0.0676
vn 0.308 -0.2297 -0.9232
vn 0.3118 -0.2636 -0.9129
vn 0.3807 -0.4129 -0.8274
vn 0.7315 -0.6128 -0.2988
vn 0.3772 -0.5363 -0.7551
vn 0.3786 -0.5377 -0.7533
vn 0.7256 -0.6588 -0.1989
vn 0.3789 -0.427 -0.821
vn 0.7427 -0.6227 -0.2461
vn 0.7532 -0.5124 -0.4125
vn 0.4333 -0.5239 -0.7333
vn 0.3511 -0.3336 -0.8749
vn 0.658 -0.7499 -0.0689
vn 0.7365 -0.6546 -0.1704
vn 0.3854 -0.2797 -0.8793
vn 0.4288 -0.4274 -0.7959
vn 0.7193 -0.6686 -0.1886
vn 0.4499 -0.5788 -0.6801
vn 0.4679 -0.4624 -0.7531
vn 0.4701 -0.4656 -0.7498
vn 0.4862 -0.6581 -0.5749
vn 0.4848 -0.5441 -0.6848
vn 0.5044 -0.5559 -0.6608
vn 0.5122 -0.4618 -0.7242
vn 0.5077 -0.6618 -0.5516
vn 0.7046 -0.7079 -0.0492
vn 0.7366 -0.6544 -0.1711
vn 0.5453 -0.4995 -0.6732
vn 0.6964 -0.7132 -0.0799
vn 0.5351 -0.5366 -0.6525
vn 0.5658 -0.4705 -0.6771
vn 0.7441 -0.6208 -0.2468
vn 0.5133 -0.6358 -0.5764
vn 0.5285 -0.6411 -0.5564
vn 0.5898 -0.4989 -0.635
vn 0.5903 -0.5329 -0.6063
vn 0.7623 -0.572 -0.3028
vn 0.6348 -0.6083 -0.4764
vn 0.617 -0.4996 -0.6081
vn 0.6313 -0.556 -0.5407
vn 0.6388 -0.6112 -0.4672
vn 0.6542 -0.5219 -0.5474
vn 0.6724 -0.558 -0.4864
vn 0.6918 -0.6223 -0.3663
vn 0.9935 -0.1134 0.0002
vn 0.0378 -0.13 -0.9908
vn 0.7723 -0.5943 -0.2243
vn 0.0757 -0.261 -0.9624
vn 0.0832 -0.1536 -0.9846
vn 0.0867 -0.2367 -0.9677
vn 0.7607 -0.6238 -0.1796
vn 0.127 -0.4606 -0.8784
vn 0.1264 -0.4783 -0.869
vn 0.1255 -0.1944 -0.9729
vn 0.1568 -0.2976 -0.9417
vn 0.7771 -0.5859 -0.2301
vn 0.1626 -0.4695 -0.8678
vn 0.2308 -0.349 -0.9083
vn 0.2241 -0.4959 -0.839
vn 0.2609 -0.4912 -0.8311
vn 0.7622 -0.6211 -0.1826
vn 0.1653 -0.9616 -0.219
vn 0.9553 -0.2952 -0.0131
vn 0.1777 -0.9222 -0.3435
vn 0.9617 -0.2742 -0.0036
vn 0.7989 -0.5657 -0.2045
vn 0.7345 -0.6779 -0.0301
vn 0.7828 -0.6022 -0.1568
vn 0.7386 -0.6647 -0.1121
vn 0.7363 -0.6762 -0.0263
vn 0.8162 -0.5358 -0.2163
vn 0.8223 -0.5317 -0.2026
vn 0.8343 -0.5024 -0.2271
vn 0.8468 -0.4621 -0.2634
vn 0.7891 -0.5888 -0.1749
vn 0.7707 -0.6271 -0.1128
vn 0.7673 -0.6403 -0.0354
vn 0.8111 -0.5665 -0.1459
vn 0.843 -0.4948 -0.2111
vn 0.7976 -0.595 -0.0986
vn 0.8904 -0.379 -0.2521
vn 0.7715 -0.6355 -0.0297
vn 0.857 -0.4767 -0.196
vn 0.8689 -0.4484 -0.2097
vn 0.8811 -0.4111 -0.2337
vn 0.8411 -0.5216 -0.143
vn 0.8257 -0.5403 -0.1624
vn 0.7884 -0.6091 -0.0855
vn 0.7972 -0.6028 -0.0324
vn 0.7986 -0.6008 -0.034
vn 0.8898 -0.4187 -0.1814
vn 0.8651 -0.4755 -0.1595
vn 0.9088 -0.3505 -0.2264
vn 0.8152 -0.5712 -0.0952
vn 0.8259 -0.558 -0.0812
vn 0.8843 -0.4331 -0.1744
vn 0.8496 -0.516 -0.1092
vn 0.9014 -0.3882 -0.1917
vn 0.8531 -0.514 -0.0898
vn 0.8162 -0.5775 -0.0171
vn 0.9092 -0.3888 -0.149
vn 0.9199 -0.3459 -0.1849
vn 0.8858 -0.4511 -0.1089
vn 0.8325 -0.553 -0.0343
vn 0.8451 -0.5294 -0.0736
vn 0.879 -0.4601 -0.1249
vn 0.8763 -0.4694 -0.1087
vn 0.8476 -0.5305 -0.0131
vn 0.9161 -0.3812 -0.1246
vn 0.9222 -0.3625 -0.1349
vn 0.9013 -0.4277 -0.0686
vn 0.877 -0.4759 -0.0657
vn 0.9353 -0.3341 -0.1168
vn 0.8712 -0.4879 -0.0547
vn 0.9152 -0.393 -0.0888
vn 0.8656 -0.4999 -0.0276
vn 0.9352 -0.3344 -0.1167
vn 0.9013 -0.4278 -0.0688
vn 0.8727 -0.488 -0.0154
vn 0.934 -0.3497 -0.0728
vn 0.8899 -0.4534 -0.0494
vn 0.9552 -0.2728 -0.115
vn 0.9408 -0.321 -0.1093
vn 0.8908 -0.4542 -0.0162
vn 0.9153 -0.3997 -0.0492
vn 0.9371 -0.3403 -0.0774
vn 0.8918 -0.452 -0.0185
vn 0.9479 -0.3126 -0.0619
vn 0.9351 -0.3525 -0.037
vn 0.9116 -0.4088 -0.0422
vn 0.9599 -0.2716 -0.0699
vn 0.9126 -0.4088 -0.0099
vn 0.9676 -0.2379 -0.085
vn 0.935 -0.3529 -0.0367
vn 0.9136 -0.4063 -0.0127
vn 0.954 -0.2979 -0.0352
vn 0.9704 -0.2345 -0.0576
vn 0.9533 -0.299 -0.042
vn 0.9478 -0.3177 -0.0276
vn 0.9493 -0.3143 -0.0011
vn 0.9875 -0.1534 -0.0357
vn 0.9639 -0.2656 -0.0211
vn 0.968 -0.2492 -0.0284
vn 0.9839 -0.1785 -0.0081
vn 0.9757 -0.2188 -0.0128
vn 0.9862 -0.1649 -0.0145
vn 0.983 -0.1836 -0.005
vn 0.9885 -0.1512 0.0001
vn 0.984 -0.1779 -0.01
vn 0.9916 -0.129 -0.0103
vn 0.9993 -0.0366 -0.0019
vn 0.9889 -0.1487 -0.0035
vn 0.9956 -0.0927 -0.0093
vn 0.9993 -0.0367 -0.0012
vn 0.0004 0.0867 -0.9962
vn 0.0051 -0.0443 -0.999
vn 0.0104 0.0223 -0.9997
vn 0.0164 0.0602 -0.9981
vn 0.0362 -0.1448 -0.9888
vn 0.9964 -0.0851 0.0011
vn 0.0166 0.0527 -0.9985
vn 1 -0.0073 0.0001
vn 0.9991 -0.0414 0.0011
vn -0.0012 0.0833 -0.9965
vn 0.027 -0.1086 -0.9937
vn 0.034 -0.307 -0.9511
vn 0.0565 -0.1512 -0.9869
vn 0.075 -0.2268 -0.9711
vn 0.0358 -0.2529 -0.9668
vn 0.0425 -0.232 -0.9718
vn 0.0488 -0.4874 -0.8718
vn 0.0253 -0.4533 -0.891
vn 0.073 -0.4386 -0.8957
vn 0.0831 -0.1653 -0.9827
vn 0.096 -0.3379 -0.9363
vn 0.0177 -0.4165 -0.909
vn 0.1134 -0.2662 -0.9572
vn 0.0021 -0.5882 -0.8087
vn 0.023 -0.6208 -0.7836
vn 0.0788 -0.5657 -0.8208
vn 0.1109 -0.3588 -0.9268
vn 0.1109 -0.5767 -0.8094
vn 0.1143 -0.2482 -0.9619
vn 0.0105 -0.6795 -0.7336
vn 0.0578 -0.6646 -0.745
vn 0.1245 -0.542 -0.8311
vn 0.1241 -0.344 -0.9307
vn 0.1491 -0.5769 -0.8031
vn 0.096 -0.7185 -0.6888
vn 0.1195 -0.6483 -0.7519
vn 0.13 -0.0871 -0.9877
vn 0.0015 -0.7731 -0.6343
vn 0.0088 -0.7821 -0.6231
vn 0.1537 -0.5513 -0.82
vn 0.1308 -0.6281 -0.7671
vn 0.1679 -0.2586 -0.9513
vn 0.1563 -0.1759 -0.9719
vn 0.1648 -0.2558 -0.9526
vn 0.1631 -0.3844 -0.9087
vn 0.1482 -0.6566 -0.7395
vn 0.1563 -0.5539 -0.8178
vn 0.0566 -0.7845 -0.6176
vn 0.0761 -0.8063 -0.5866
vn 0.1472 -0.7214 -0.6768
vn 0.1941 -0.1664 -0.9668
vn 0.0163 -0.8583 -0.5129
vn 0.0184 -0.8606 -0.5089
vn 0.1443 -0.7559 -0.6386
vn 0.195 -0.5393 -0.8192
vn 0.1524 -0.6501 -0.7444
vn 0.1773 -0.668 -0.7227
vn 0.1532 -0.7075 -0.6899
vn 0.2031 -0.5959 -0.7769
vn 0.1801 -0.7364 -0.6521
vn 0.1729 -0.7989 -0.5761
vn 0.0651 -0.867 -0.494
vn 0.1949 -0.1941 -0.9614
vn 0.1842 -0.1027 -0.9775
vn 0.192 -0.3799 -0.9049
vn 0.1685 -0.8362 -0.5219
vn 0.1272 -0.1299 -0.9833
vn 0.2292 -0.6598 -0.7156
vn 0.0207 -0.9542 -0.2984
vn 0.2 -0.7204 -0.6641
vn 0.1899 -0.6286 -0.7542
vn 0.057 -0.9174 -0.3939
vn 0.0692 -0.9571 -0.2812
vn 0.0266 -0.9306 -0.3651
vn 0.0111 -0.8959 -0.4441
vn 0.1682 -0.8369 -0.5208
vn 0.9472 0.2498 0.2012
vn 0.9481 0.2423 0.206
vn 0.9718 0.1759 0.1571
vn 0.9734 0.0807 0.2143
vn 0.2618 0.9477 0.1823
vn 0.9613 0.2059 0.1831
vn 0.9591 0.2106 0.1891
vn 0.6989 0.6964 0.1631
vn 0.9519 0.2367 0.1946
vn 0.6544 0.7232 0.2207
vn 0.6047 0.7783 0.1692
vn 0.5623 0.7994 0.2117
vn 0.9634 0.1808 0.198
vn 0.9742 0.0287 0.2238
vn 0.6867 0.6914 0.2246
vn 0.3618 0.9119 0.1938
vn 0.3655 0.9101 0.195
vn 0.9748 0.0644 0.2134
vn 0.6758 0.7176 0.1684
vn 0.2201 0.9583 0.1823
vn 0.2383 0.9535 0.1846
vn 0.1235 0.9769 0.1746
vn 0.0939 0.9796 0.1775
vn 0.8245 0.5364 0.1801
vn 0.8238 0.5377 0.1797
vn 0.5134 0.8325 0.2084
vn 0.6039 0.7661 0.22
vn 0.6124 0.7593 0.2199
vn 0.9359 0.2901 0.1999
vn 0.6623 0.7312 0.1634
vn 0.107 0.9791 0.1727
vn 0.3185 0.928 0.1932
vn 0.5452 0.8098 0.2168
vn 0.9731 0.0695 0.2196
vn 0.4069 0.89 0.2057
vn 0.4897 0.8452 0.2142
vn 0.1759 0.9672 0.1833
vn 0.1799 0.9661 0.1854
vn 0.9652 0.1441 0.2184
vn 0.3011 0.933 0.1969
vn 0.5512 0.8057 0.2168
vn 0.5552 0.8015 0.2223
vn 0.6405 0.7495 0.1673
vn 0.7865 0.5912 0.1786
vn 0.052 0.9833 0.1746
vn 0.0425 0.9842 0.1719
vn 0.4594 0.8638 0.207
vn 0.8819 0.4304 0.1925
vn 0.3684 0.9067 0.2056
vn 0.0053 0.9846 0.1749
vn 0.9679 0.1146 0.2237
vn 0.5855 0.7784 0.2264
vn 0.6265 0.7618 0.1645
vn 0.958 0.186 0.2182
vn 0.9579 0.1866 0.218
vn 0.4216 0.8813 0.2134
vn 0.5138 0.8283 0.2235
vn 0.9658 0.1356 0.2209
vn 0.6036 0.779 0.1698
vn 0.9456 0.2493 0.2091
vn 0.4889 0.8443 0.2194
vn 0.7121 0.6798 0.1752
vn 0.9221 0.3284 0.2045
vn 0.9242 0.3211 0.2068
vn 0.2936 0.9342 0.2025
vn 0.7659 0.6162 0.1834
vn 0.8533 0.4843 0.1934
vn 0.1756 0.9662 0.1889
vn 0.0986 0.9772 0.1881
vn 0.1009 0.9767 0.1892
vn 0.4758 0.8506 0.2237
vn 0.3551 0.9104 0.2123
vn 0.9026 0.3783 0.2052
vn 0.9008 0.3839 0.2029
vn 0.2759 0.939 0.2055
vn 0.4173 0.882 0.2189
vn 0.6902 0.701 0.1795
vn 0.2376 0.9497 0.2041
vn 0.9506 0.2193 0.2195
vn 0.7483 0.6381 0.1815
vn 0.7501 0.6357 0.1824
vn 0.0559 0.9803 0.1895
vn 0.0498 0.981 0.1876
vn 0.4396 0.8692 0.2263
vn 0.2321 0.9508 0.2052
vn 0.3273 0.9204 0.2138
vn 0.886 0.4158 0.2054
vn 0.0093 0.9822 0.1878
vn 0.0072 0.982 0.1886
vn 0.5573 0.8134 0.1666
vn 0.1966 0.9588 0.2052
vn 0.675 0.7166 0.1757
vn 0.3892 0.8938 0.2229
vn 0.8301 0.5218 0.1966
vn 0.1825 0.9607 0.2093
vn 0.8788 0.4327 0.2011
vn 0.3749 0.8999 0.2228
vn 0.6475 0.7407 0.179
vn 0.7265 0.6625 0.1826
vn 0.1313 0.9694 0.2072
vn 0.128 0.9702 0.206
vn 0.9348 0.279 0.2197
vn 0.0519 0.9782 0.2009
vn 0.0113 0.9788 0.2043
vn 0.0135 0.979 0.2036
vn 0.9448 0.2364 0.2269
vn 0.3061 0.925 0.2252
vn 0.1013 0.9735 0.2049
vn 0.361 0.9042 0.2283
vn 0.0797 0.975 0.2075
vn 0.5185 0.8385 0.1677
vn 0.5176 0.8392 0.1671
vn 0.9305 0.2922 0.2209
vn 0.2704 0.936 0.2255
vn 0.2649 0.9378 0.2243
vn 0.3145 0.9212 0.2292
vn 0.9904 -0.0095 0.1378
vn 0.2342 0.9458 0.225
vn 0.236 0.9453 0.2253
vn 0.1797 0.9589 0.2194
vn 0.1993 0.9533 0.2268
vn 0.9895 0.0404 0.1385
vn 0.4979 0.8517 0.1632
vn 0.9215 0.3217 0.2174
vn 0.9872 0.0683 0.144
vn 0.9207 0.3247 0.2164
vn 0.9143 0.3411 0.2184
vn 0.987 0.0842 0.1367
vn 0.1308 0.9659 0.2233
vn 0.0118 0.9758 0.2185
vn 0.9842 0.1126 0.1369
vn 0.1896 0.9539 0.2325
vn 0.0675 0.9733 0.2193
vn 0.123 0.9661 0.2269
vn 0.9883 -0.0135 0.1519
vn 0.9883 -0.0149 0.152
vn 0.0808 0.9705 0.2271
vn 0.1496 0.9599 0.237
vn 0.0102 0.9757 0.2191
vn 0.9779 0.1505 0.145
vn 0.1244 0.9657 0.2279
vn 0.9768 0.1612 0.141
vn 0.8604 0.4654 0.2075
vn 0.0097 0.9732 0.2297
vn 0.9876 0.0315 0.1537
vn 0.0652 0.9697 0.2353
vn 0.9876 0.0302 0.154
vn 0.0536 0.9698 0.2379
vn 0.9908 0.0252 0.133
vn 0.9686 0.2037 0.1429
vn 0.9777 0.1501 0.1471
vn 0.9682 0.2061 0.142
vn 0.4609 0.8714 0.1679
vn 0.4555 0.8748 0.1652
vn 0.8284 0.5212 0.2051
vn 0.9808 0.1154 0.1569
vn 0.9618 0.224 0.1575
vn 0.5716 0.8017 0.1748
vn 0.5728 0.8008 0.1749
vn 0.7667 0.6118 0.1948
vn 0.9545 0.2545 0.1556
vn 0.8565 0.4734 0.206
vn 0.9845 0.0793 0.1563
vn 0.9249 0.3499 0.149
vn 0.984 0.0883 0.1545
vn 0.9066 0.3906 0.1596
vn 0.9069 0.3909 0.1576
vn 0.9811 0.0395 0.1896
vn 0.6366 0.7489 0.1844
vn 0.912 0.376 0.164
vn 0.956 0.2541 0.1464
vn 0.9553 0.2577 0.1449
vn 0.8066 0.5713 0.1517
vn 0.9729 0.1237 0.1955
vn 0.904 0.389 0.1776
vn 0.5567 0.8112 0.1791
vn 0.9781 0.031 0.2057
vn 0.8143 0.5567 0.1646
vn 0.9031 0.3915 0.1767
vn 0.9154 0.3606 0.1788
vn 0.7877 0.5937 0.1648
vn 0.7827 0.5989 0.1693
vn 0.8151 0.5539 0.1697
vn 0.4117 0.8963 0.1648
vn 0.9845 -0.0102 0.1752
vn 0.4136 0.8952 0.1657
vn 0.9043 0.3808 0.1932
vn 0.7961 0.5765 0.1839
vn 0.6218 0.7609 0.1856
vn 0.621 0.7616 0.1855
vn 0.9382 0.3125 0.1487
vn 0.9407 0.3039 0.1508
vn 0.7966 0.5718 0.1961
vn 0.7998 0.5632 0.2075
vn 0.9297 0.3352 0.1526
vn 0.8015 0.5565 0.2188
vn 0.7843 0.5792 0.2221
vn 0.1452 0.9755 0.1652
vn 0.9771 0.1328 0.1661
vn 0.967 0.2047 0.1519
vn 0.517 0.8371 0.1786
vn 0.5162 0.8377 0.1783
vn 0.9844 -0.0056 0.1759
vn 0.6919 0.6958 0.193
vn 0.6881 0.7 0.1914
vn 0.7735 0.5988 0.2077
vn 0.8942 0.3875 0.2244
vn 0.8971 0.3787 0.2276
vn 0.5933 0.7832 0.1859
vn 0.8152 0.5557 0.1635
vn 0.3638 0.9169 0.1638
vn 0.8311 0.5336 0.157
vn 0.3667 0.9155 0.1652
vn 0.8574 0.4652 0.2201
vn 0.984 0.0303 0.1758
vn 0.984 0.0306 0.1757
vn 0.971 0.1488 0.1871
vn 0.76 0.6173 0.2033
vn 0.9711 0.1703 0.1674
vn 0.9705 0.1743 0.1664
vn 0.8789 0.4216 0.2232
vn 0.7545 0.6348 0.1669
vn 0.7862 0.5915 0.1791
vn 0.7512 0.6378 0.1698
vn 0.6577 0.7277 0.1946
vn 0.9013 0.3887 0.1912
vn 0.8713 0.4349 0.2273
vn 0.9621 0.2133 0.1699
vn 0.9808 0.0789 0.1784
vn 0.9806 0.0868 0.176
vn 0.8828 0.4425 0.1577
vn 0.7436 0.6358 0.2071
vn 0.88 0.449 0.1548
vn 0.794 0.5761 0.1942
vn 0.3154 0.9349 0.1626
vn 0.3182 0.9338 0.1639
vn 0.9016 0.3774 0.2113
vn 0.4597 0.8701 0.1777
vn 0.4612 0.8692 0.1783
vn 0.8821 0.4199 0.2136
vn 0.7938 0.5728 0.2044
vn 0.7061 0.6776 0.2056
vn 0.9772 0.1181 0.1763
vn 0.4145 0.8926 0.1773
vn 0.9331 0.3166 0.1707
vn 0.8263 0.5193 0.218
vn 0.9412 0.298 0.159
vn 0.901 0.4058 0.1535
vn 0.8509 0.5015 0.1566
vn 0.9233 0.3467 0.1651
vn 0.8561 0.4903 0.1633
vn 0.9811 -0.0007 0.1935
vn 0.8946 0.4145 0.1672
vn 0.959 0.2232 0.1745
vn 0.6905 0.6945 0.202
vn 0.8502 0.5004 0.1633
vn 0.8457 0.4842 0.2246
vn 0.9714 0.1495 0.1843
vn 0.2658 0.9505 0.161
vn 0.788 0.5928 0.1662
vn 0.2735 0.9478 0.1641
vn 0.4121 0.8936 0.178
vn 0.9805 0.0185 0.1957
vn 0.9164 0.3528 0.189
vn 0.8086 0.5455 0.2206
vn 0.9263 0.3363 0.17
vn 0.6722 0.7112 0.2056
vn 0.9692 0.1687 0.1796
vn 0.838 0.4973 0.2246
vn 0.5731 0.796 0.1946
vn 0.9783 0.0775 0.1922
vn 0.9779 0.0864 0.1904
vn 0.9488 0.2622 0.1763
vn 0.949 0.2611 0.1765
vn 0.6522 0.7308 0.2016
vn 0.8943 0.3915 0.2166
vn 0.8829 0.4176 0.2147
vn 0.2222 0.9616 0.1614
vn 0.3674 0.9129 0.1776
vn 0.3652 0.914 0.1769
vn 0.5573 0.8071 0.1951
vn 0.5547 0.8089 0.1947
vn 0.634 0.7457 0.2048
vn 0.7684 0.6016 0.2184
vn 0.2134 0.9631 0.1638
vn 0.7733 0.6142 0.1573
vn 0.9369 0.3018 0.1766
vn 0.7547 0.6338 0.1695
vn 0.9305 0.3146 0.1876
vn 0.8232 0.5399 0.1753
vn 0.8808 0.4331 0.1911
vn 0.8729 0.4502 0.1878
vn 0.6155 0.7621 0.2008
vn 0.1753 0.9709 0.1632
vn 0.7544 0.6181 0.2208
vn 0.3175 0.9317 0.1764
vn 0.3195 0.9309 0.177
vn 0.8219 0.5361 0.1926
vn 0.515 0.8348 0.1947
vn 0.5185 0.8324 0.1959
vn 0.7373 0.6567 0.1583
vn 0.8946 0.4105 0.1765
vn 0.8936 0.4129 0.1758
vn 0.8321 0.514 0.2083
vn 0.7612 0.6178 0.1975
vn 0.7388 0.6372 0.2196
vn 0.7363 0.6403 0.2188
vn 0.5365 0.3742 0.7564
vn 0.593 0.7793 0.2027
vn 0.9464 0.2634 0.1872
vn 0.1255 0.9793 0.1589
vn 0.2755 0.945 0.1764
vn 0.8541 0.492 0.1689
vn 0.7266 0.6512 0.2192
vn 0.9765 -0.0001 0.2157
vn 0.9702 0.1301 0.2045
vn 0.9702 0.132 0.2031
vn 0.9372 0.2902 0.1934
vn 0.0935 0.983 0.1579
vn 0.8715 0.4572 0.1771
vn 0.0989 0.9821 0.1601
vn 0.8736 0.4527 0.1786
vn 0.9754 0.0683 0.2095
vn 0.7138 0.678 0.1756
vn 0.4606 0.8659 0.195
vn 0.4592 0.8668 0.1946
vn 0.849 0.4922 0.1919
vn 0.1687 0.9718 0.1651
vn 0.7176 0.6696 0.1913
vn 0.7286 0.6561 0.1965
vn 0.7412 0.6427 0.1939
vn 0.8619 0.4604 0.2127
vn 0.977 -0.001 0.2133
vn 0.7263 0.6574 0.2008
vn 0.7066 0.6747 0.2132
vn 0.1436 0.9703 0.1949
vn 0.9514 0.2638 0.1591
vn 0.6807 0.6988 0.22
vn 0.879 0.4475 0.1645
vn 0.8749 0.4541 0.1683
vn 0.7107 0.6831 0.1682
vn 0.0434 0.9866 0.1571
vn 0.0491 0.9859 0.1598
vn 0.9221 0.3367 0.1908
vn 0.4179 0.8873 0.195
vn 0.4125 0.8902 0.1933
vn 0.6299 0.7458 0.2167
vn 0.7093 0.6673 0.2274
vn 0.6697 0.7098 0.2184
vn 0.9622 0.1811 0.2033
vn 0.9623 0.1806 0.2036
vn 0.5805 0.7866 0.2102
vn 0.8499 0.4955 0.1793
vn 0.8497 0.4958 0.1792
vn 0.7376 -0.3449 0.5805
vn 0.3382 -0.7899 0.5115
vn 0.3178 -0.7987 0.511
vn 0.7144 -0.2011 0.6703
vn 0.6821 -0.4912 0.5416
vn 0.707 -0.4653 0.5326
vn 0.602 -0.1032 0.7918
vn 0.4336 -0.5451 0.7175
vn 0.2034 -0.2485 0.947
vn 0.9246 -0.2538 0.2841
vn 0.033 -0.7918 0.6099
vn 0.9493 -0.1206 0.2902
vn 0.2686 -0.8042 0.5302
vn 0.281 -0.8065 0.5202
vn 0.1658 -0.8015 0.5746
vn 0.1366 -0.8021 0.5814
vn 0.4648 -0.3671 0.8057
vn 0.0222 -0.7861 0.6177
vn 0.4655 -0.3667 0.8055
vn 0.2256 -0.8136 0.536
vn 0.8618 -0.341 0.3755
vn 0.7672 -0.2123 0.6052
vn 0.8661 -0.2222 0.4477
vn 0.8567 -0.2348 0.4593
vn 0.7403 -0.4626 0.4878
vn 0.7821 -0.4213 0.4591
vn 0.087 -0.8083 0.5823
vn 0.0894 -0.8069 0.5839
vn 0.9262 -0.1784 0.332
vn 0.2207 -0.8123 0.5399
vn 0.8893 -0.1987 0.4119
vn 0.1844 -0.8193 0.5429
vn 0.1797 -0.8183 0.546
vn 0.5107 -0.3863 0.768
vn 0.5128 -0.3849 0.7674
vn 0.1301 -0.8198 0.5577
vn 0.2199 -0.5424 0.8108
vn 0.0324 -0.8116 0.5833
vn 0.0214 -0.8064 0.5909
vn 0.1321 -0.8202 0.5566
vn 0.6618 -0.1289 0.7385
vn 0.6566 -0.1348 0.7421
vn 0.0888 -0.8272 0.5548
vn 0.4705 -0.5509 0.6893
vn 0.0183 -0.8305 0.5568
vn 0.0843 -0.8254 0.5581
vn 0.337 -0.5547 0.7607
vn 0.7188 -0.2086 0.6632
vn 0.2587 -0.2752 0.9259
vn 0.2438 -0.2869 0.9264
vn 0.0323 -0.8239 0.5658
vn 0.0395 -0.1773 0.9834
vn 0.1251 -0.5179 0.8463
vn 0.9432 -0.1391 0.3016
vn 0.9233 -0.1721 0.3433
vn 0.8144 -0.2462 0.5256
vn 0.8265 -0.2328 0.5125
vn 0.8144 -0.1306 0.5654
vn 0.1543 -0.2234 0.9624
vn 0.8038 -0.1735 0.569
vn 0.7288 -0.4676 0.5003
vn 0.8189 -0.1497 0.554
vn 0.8085 -0.4112 0.4211
vn 0.7908 -0.2006 0.5782
vn 0.6948 -0.1487 0.7036
vn 0.804 -0.1745 0.5684
vn 0.7921 -0.2037 0.5753
vn 0.7518 -0.2267 0.6191
vn 0.7802 -0.2295 0.5819
vn 0.527 -0.5559 0.6429
vn 0.383 -0.5566 0.7372
vn 0.09 -0.1959 0.9765
vn 0.7723 -0.2338 0.5907
vn 0.0851 -0.2 0.9761
vn 0.6048 -0.5174 0.6053
vn 0.988 -0.0297 0.1518
vn 0.7609 -0.4392 0.4776
vn 0.4008 -0.3376 0.8517
vn 0.7164 -0.3639 0.5953
vn 0.0844 -0.499 0.8625
vn 0.5628 -0.5383 0.6272
vn 0.9128 -0.2734 0.3033
vn 0.4368 -0.3676 0.821
vn 0.2057 -0.5405 0.8158
vn 0.9093 -0.1974 0.3663
vn 0.681 -0.2003 0.7044
vn 0.4694 -0.5508 0.6902
vn 0.3977 -0.3707 0.8393
vn 0.9382 -0.2313 0.2576
vn 0.5773 -0.0945 0.811
vn 0.6007 -0.0723 0.7962
vn 0.9217 -0.2801 0.2684
vn 0.7253 -0.2326 0.6479
vn 0.6534 -0.5041 0.5647
vn 0.936 -0.1513 0.3177
vn 0.6104 -0.1094 0.7845
vn 0.8103 -0.4102 0.4185
vn 0.312 -0.3202 0.8945
vn 0.3194 -0.3156 0.8935
vn 0.9812 -0.0992 0.1654
vn 0.4243 -0.5514 0.7183
vn 0.1342 -0.526 0.8398
vn 0.9227 -0.1795 0.3413
vn 0.7532 -0.2378 0.6133
vn 0.5856 -0.3852 0.7132
vn 0.5773 -0.392 0.7163
vn 0.8356 -0.288 0.4678
vn 0.838 -0.2842 0.4659
vn 0.6979 -0.4884 0.5238
vn 0.8591 -0.2595 0.4411
vn 0.8367 -0.2444 0.4901
vn 0.8711 -0.3558 0.3386
vn 0.9067 -0.2984 0.2982
vn 0.6298 -0.1262 0.7664
vn 0.6067 -0.1502 0.7806
vn 0.0537 -0.5095 0.8588
vn 0.0349 -0.5036 0.8632
vn 0.6472 -0.164 0.7445
vn 0.6352 -0.1784 0.7515
vn 0.4486 -0.5668 0.691
vn 0.1723 -0.5486 0.8181
vn 0.6793 -0.2017 0.7056
vn 0.4224 -0.3777 0.824
vn 0.7887 -0.2564 0.5588
vn 0.7997 -0.2448 0.5483
vn 0.5584 -0.0899 0.8247
vn 0.2756 -0.5675 0.7759
vn 0.2945 -0.5597 0.7746
vn 0.3407 -0.346 0.8742
vn 0.3443 -0.3438 0.8736
vn 0.1695 -0.2597 0.9507
vn 0.7251 -0.2328 0.6482
vn 0.8956 -0.3175 0.3114
vn 0.9853 -0.0692 0.1564
vn 0.7894 -0.4368 0.4313
vn 0.1261 -0.229 0.9652
vn 0.1241 -0.2302 0.9652
vn 0.6239 -0.5371 0.5676
vn 0.6585 -0.1971 0.7263
vn 0.9583 -0.107 0.265
vn 0.356 -0.5835 0.7299
vn 0.2192 -0.2788 0.935
vn 0.2065 -0.2863 0.9356
vn 0.315 -0.5723 0.7571
vn 0.4798 -0.3907 0.7856
vn 0.7814 -0.3252 0.5325
vn 0.7711 -0.3405 0.538
vn 0.5408 -0.541 0.6441
vn 0.5347 -0.0921 0.84
vn 0.0749 -0.5266 0.8468
vn 0.9655 -0.1679 0.1991
vn 0.6987 -0.2346 0.6759
vn 0.1508 -0.5445 0.8251
vn 0.689 -0.2134 0.6926
vn 0.5649 -0.1266 0.8154
vn 0.3883 -0.3792 0.8399
vn 0.5715 -0.1588 0.8051
vn 0.7015 -0.3692 0.6096
vn 0.6885 -0.3808 0.6173
vn 0.8977 -0.2172 0.3835
vn 0.8875 -0.2403 0.3932
vn 0.6615 -0.3845 0.6439
vn 0.758 -0.456 0.4664
vn 0.7579 -0.2508 0.6022
vn 0.7152 -0.4934 0.495
vn 0.6751 -0.5128 0.5303
vn 0.2803 -0.3175 0.9059
vn 0.2668 -0.3263 0.9068
vn 0.6302 -0.3852 0.6742
vn 0.535 -0.0919 0.8398
vn 0.9084 -0.1935 0.3706
vn 0.5198 -0.5559 0.6487
vn 0.0577 -0.2015 0.9778
vn 0.0331 -0.2154 0.976
vn 0.8579 -0.3675 0.3592
vn 0.3987 -0.5769 0.7129
vn 0.1779 -0.2792 0.9436
vn 0.2565 -0.569 0.7813
vn 0.2373 -0.5763 0.782
vn 0.9081 -0.1942 0.3711
vn 0.6344 -0.2095 0.7441
vn 0.0447 -0.5342 0.8442
vn 0.4645 -0.3999 0.7901
vn 0.9482 -0.138 0.2861
vn 0.8863 -0.3267 0.3281
vn 0.8671 -0.3684 0.3353
vn 0.1265 -0.5571 0.8208
vn 0.0887 -0.5415 0.836
vn 0.5983 -0.5402 0.5917
vn 0.5587 -0.5597 0.612
vn 0.7388 -0.2532 0.6245
vn 0.985 -0.0611 0.1613
vn 0.8392 -0.2451 0.4855
vn 0.8179 -0.3052 0.4878
vn 0.8035 -0.3241 0.4993
vn 0.4973 -0.089 0.863
vn 0.9539 -0.1922 0.2304
vn 0.5853 -0.4117 0.6985
vn 0.5841 -0.413 0.6987
vn 0.5424 -0.4021 0.7376
vn 0.5403 -0.4041 0.7381
vn 0.4699 -0.5815 0.6641
vn 0.65 -0.2323 0.7236
vn 0.9299 -0.1674 0.3275
vn 0.9155 -0.2036 0.3471
vn 0.9752 -0.1285 0.1803
vn 0.3003 -0.3542 0.8856
vn 0.9008 -0.2027 0.384
vn 0.5987 -0.1839 0.7796
vn 0.833 -0.4061 0.3758
vn 0.5993 -0.1833 0.7793
vn 0.9096 -0.3052 0.2821
vn 0.7754 -0.4555 0.4373
vn 0.7581 -0.2687 0.5942
vn 0.7631 -0.2637 0.59
vn 0.8774 -0.3703 0.3052
vn 0.9668 -0.0802 0.2425
vn 0.6169 -0.2033 0.7603
vn 0.0605 -0.2423 0.9683
vn 0.0795 -0.2255 0.971
vn 0.577 -0.1321 0.806
vn 0.8517 -0.3907 0.3493
vn 0.6735 -0.2472 0.6966
vn 0.1508 -0.2876 0.9458
vn 0.7266 -0.2529 0.6389
vn 0.0313 -0.5404 0.8408
vn 0.7128 -0.2688 0.6477
vn 0.4426 -0.4001 0.8025
vn 0.6745 -0.514 0.53
vn 0.9777 -0.0605 0.2009
vn 0.7505 -0.3523 0.5591
vn 0.7376 -0.3683 0.5659
vn 0.8131 -0.2618 0.52
vn 0.4766 -0.5824 0.6586
vn 0.9339 -0.2626 0.2426
vn 0.1052 -0.2583 0.9603
vn 0.8589 -0.2366 0.4543
vn 0.9638 -0.1771 0.1993
vn 0.9716 -0.1437 0.1881
vn 0.1611 -0.5811 0.7977
vn 0.3389 -0.5838 0.7378
vn 0.1985 -0.5845 0.7867
vn 0.2179 -0.5774 0.7869
vn 0.6534 -0.5221 0.5481
vn 0.6156 -0.5511 0.5633
vn 0.8314 -0.4073 0.378
vn 0.2415 -0.317 0.9172
vn 0.2183 -0.3346 0.9167
vn 0.0245 -0.2495 0.9681
vn 0.9257 -0.1996 0.3213
vn 0.7286 -0.4675 0.5005
vn 0.527 -0.1411 0.8381
vn 0.6922 -0.5203 0.5002
vn 0.2984 -0.3532 0.8867
vn 0.5498 -0.5711 0.6095
vn 0.5548 -0.1592 0.8166
vn 0.4235 -0.5922 0.6855
vn 0.8604 -0.2782 0.4271
vn 0.4988 -0.5808 0.6433
vn 0.4313 -0.4051 0.8062
vn 0.9447 -0.1501 0.2915
vn 0.8136 -0.2613 0.5193
vn 0.9456 -0.221 0.2387
vn 0.6694 -0.3891 0.6328
vn 0.6535 -0.4046 0.6397
vn 0.513 -0.1044 0.852
vn 0.8737 -0.251 0.4168
vn 0.5116 -0.4172 0.7511
vn 0.2878 -0.6014 0.7454
vn 0.1377 -0.2851 0.9486
vn 0.0813 -0.5496 0.8315
vn 0.8888 -0.3402 0.3071
vn 0.4036 -0.3995 0.8231
vn 0.9166 -0.2844 0.2812
vn 0.809 -0.4387 0.3912
vn 0.7418 -0.2728 0.6127
vn 0.6148 -0.4049 0.6768
vn 0.6613 -0.5342 0.5266
vn 0.54 -0.1319 0.8313
vn 0.361 -0.3722 0.8551
vn 0.3685 -0.5871 0.7208
vn 0.6954 -0.2677 0.6669
vn 0.7006 -0.2632 0.6632
vn 0.5824 -0.2163 0.7836
vn 0.93 -0.159 0.3315
vn 0.4118 -0.6014 0.6846
vn 0.9227 -0.1704 0.3458
vn 0.5944 -0.5687 0.5686
vn 0.6195 -0.5496 0.5604
vn 0.89 -0.2115 0.404
vn 0.8879 -0.2139 0.4073
vn 0.7773 -0.4723 0.4156
vn 0.3445 -0.3841 0.8566
vn 0.6788 -0.2504 0.6904
vn 0.2825 -0.6013 0.7474
vn 0.3934 -0.4066 0.8245
vn 0.8688 -0.2305 0.4382
vn 0.883 -0.2185 0.4153
vn 0.6371 -0.5548 0.535
vn 0.1292 -0.5743 0.8084
vn 0.7231 -0.5061 0.4702
vn 0.7387 -0.4853 0.4678
vn 0.9386 -0.2556 0.2317
vn 0.1548 -0.5854 0.7959
vn 0.91 -0.2136 0.3554
vn 0.7254 -0.2854 0.6264
vn 0.9844 -0.0626 0.1644
vn 0.7201 -0.2741 0.6375
vn 0.9542 -0.2097 0.2133
vn 0.6495 -0.2322 0.724
vn 0.629 -0.2638 0.7312
vn 0.5879 -0.2882 0.7559
vn 0.3077 -0.6152 0.7258
vn 0.8307 -0.2574 0.4937
vn 0.9329 -0.1737 0.3156
vn 0.7906 -0.4529 0.4122
vn 0.0648 -0.2695 0.9608
vn 0.5258 -0.5877 0.615
vn 0.4659 -0.1106 0.8779
vn 0.6908 -0.5233 0.4989
vn 0.5576 -0.164 0.8137
vn 0.2492 -0.6113 0.7511
vn 0.2622 -0.3688 0.8917
vn 0.9186 -0.1738 0.355
vn 0.2026 -0.3295 0.9221
vn 0.7593 -0.4814 0.4378
vn 0.7975 -0.3288 0.5059
vn 0.7808 -0.3503 0.5173
vn 0.0969 -0.2981 0.9496
vn 0.1158 -0.2831 0.9521
vn 0.0551 -0.5671 0.8218
vn 0.485 -0.1428 0.8628
vn 0.5044 -0.1232 0.8547
vn 0.7992 -0.2673 0.5384
vn 0.8614 -0.3884 0.3274
vn 0.9115 -0.3181 0.2607
vn 0.5386 -0.4333 0.7226
vn 0.5538 -0.4222 0.7177
vn 0.9761 -0.1262 0.1768
vn 0.9707 -0.1523 0.1859
vn 0.4714 -0.6079 0.6389
vn 0.9675 -0.0935 0.2351
vn 0.9756 -0.0728 0.2073
vn 0.0924 -0.5828 0.8074
vn 0.8529 -0.2443 0.4615
vn 0.0912 -0.5835 0.8069
vn 0.8823 -0.2613 0.3915
vn 0.9993 -0.0007 0.0375
vn 0.9557 -0.2028 0.2133
vn 0.4782 -0.4256 0.7682
vn 0.487 -0.4196 0.766
vn 0.9813 -0.0893 0.1704
vn 0.9823 -0.0784 0.17
vn 0.2325 -0.6107 0.7569
vn 0.7017 -0.3942 0.5934
vn 0.7154 -0.3797 0.5866
vn 0.3698 -0.6069 0.7035
vn 0.3438 -0.6241 0.7016
vn 0.5873 -0.5705 0.5741
vn 0.9995 0.0003 0.0312
vn 0.7098 -0.5276 0.4666
vn 0.4676 -0.109 0.8772
vn 0.5345 -0.1783 0.8261
vn 0.6561 -0.2826 0.6997
vn 0.5887 -0.2207 0.7776
vn 0.9996 -0.0001 0.0283
vn 0.8766 -0.225 0.4254
vn 0.4417 -0.6181 0.6503
vn 0.8345 -0.4235 0.3526
vn 0.3476 -0.4063 0.8451
vn 0.4835 -0.608 0.6298
vn 0.5824 -0.1873 0.791
vn 0.1728 -0.3297 0.9281
vn 0.1767 -0.3278 0.9281
vn 0.9084 -0.1883 0.3732
vn 0.6177 -0.239 0.7492
vn 0.5991 -0.2566 0.7584
vn 0.6809 -0.2919 0.6717
vn 0.7888 -0.276 0.5492
vn 0.9989 0.003 0.0477
vn 0.8248 -0.4383 0.3572
vn 0.921 -0.289 0.2611
vn 0.2876 -0.3936 0.8731
vn 0.2984 -0.3872 0.8724
vn 0.8984 -0.2383 0.3689
vn 0.9141 -0.2094 0.3473
vn 0.734 -0.5124 0.4458
vn 0.1841 -0.6116 0.7695
vn 0.9956 -0.0099 0.0935
vn 0.2105 -0.6189 0.7568
vn 0.6239 -0.4201 0.659
vn 0.6301 -0.4139 0.657
vn 0.9784 -0.0654 0.1959
vn 0.0329 -0.5806 0.8135
vn 0.9977 0.0067 0.0679
vn 0.9981 -0.0069 0.0617
vn 0.7043 -0.2934 0.6464
vn 0.8776 -0.3705 0.3041
vn 0.5578 -0.5909 0.5828
vn 0.4949 -0.175 0.8512
vn 0.8506 -0.4116 0.3272
vn 0.835 -0.2576 0.4862
vn 0.2245 -0.3577 0.9064
vn 0.9573 -0.1255 0.2604
vn 0.9996 -0.0195 0.0207
vn 0.6141 -0.5787 0.5367
vn 0.6417 -0.5541 0.5303
vn 0.4313 -0.1077 0.8957
vn 0.4696 -0.143 0.8712
vn 0.2218 -0.3599 0.9063
vn 0.9471 -0.1388 0.2893
vn 0.4115 -0.425 0.8062
vn 0.8532 -0.2821 0.4388
vn 0.9989 -0.0192 0.0437
vn 0.9955 -0.0567 0.0762
vn 0.5214 -0.4347 0.7343
vn 0.5371 -0.2072 0.8176
vn 0.5241 -0.2176 0.8234
vn 0.991 -0 0.1338
vn 0.9953 0.0079 0.0964
vn 0.4732 -0.1871 0.8608
vn 0.4905 -0.1649 0.8557
vn 0.0542 -0.5956 0.8014
vn 0.7503 -0.3778 0.5425
vn 0.7618 -0.3616 0.5375
vn 0.3105 -0.6318 0.7102
vn 0.3179 -0.6259 0.7122
vn 0.9949 -0.0333 0.0949
vn 0.6613 -0.2865 0.6933
vn 0.5436 -0.2332 0.8063
vn 0.9904 -0.0213 0.1365
vn 0.7698 -0.2824 0.5724
vn 0.5391 -0.5956 0.5956
vn 0.0444 -0.2979 0.9536
vn 0.0481 -0.2953 0.9542
vn 0.9956 -0.029 0.089
vn 0.9705 -0.1528 0.1865
vn 0.9644 -0.1798 0.1939
vn 0.3623 -0.4182 0.833
vn 0.9914 -0.0333 0.1269
vn 0.3621 -0.6434 0.6745
vn 0.9847 -0.0297 0.1715
vn 0.9832 -0.0191 0.1817
vn 0.9667 -0.1006 0.2353
vn 0.6687 -0.5489 0.5016
vn 0.6634 -0.5556 0.5012
vn 0.4295 -0.6285 0.6484
vn 0.7159 -0.5179 0.4683
vn 0.4228 -0.1133 0.8991
vn 0.9807 -0.0205 0.1946
vn 0.379 -0.6322 0.6757
vn 0.4414 -0.4325 0.7862
vn 0.4379 -0.4354 0.7866
vn 0.7577 -0.2906 0.5843
vn 0.4405 -0.1365 0.8873
vn 0.9833 -0.0446 0.1766
vn 0.8636 -0.2784 0.4204
vn 0.9912 -0.0568 0.1195
vn 0.1212 -0.6178 0.7769
vn 0.1417 -0.6115 0.7784
vn 0.9898 -0.0417 0.1363
vn 0.5046 -0.621 0.5998
vn 0.5 -0.2142 0.8391
vn 0.1778 -0.6158 0.7676
vn 0.566 -0.2575 0.7832
vn 0.9792 -0.0136 0.2024
vn 0.9738 -0.0335 0.2248
vn 0.5754 -0.2501 0.7787
vn 0.839 -0.3078 0.4487
vn 0.9956 -0.0524 0.0781
vn 0.2456 -0.6336 0.7337
vn 0.8048 -0.4659 0.3676
vn 0.9608 -0.1217 0.2491
vn 0.9945 -0.0592 0.0869
vn 0.2499 -0.391 0.8858
vn 0.8694 -0.3892 0.3044
vn 0.966 -0.0351 0.2561
vn 0.1322 -0.3317 0.9341
vn 0.8971 -0.3432 0.2784
vn 0.1225 -0.3376 0.9333
vn 0.9715 -0.0149 0.2367
vn 0.7202 -0.5333 0.4437
vn 0.986 -0.036 0.1627
vn 0.9818 -0.0538 0.1819
vn 0.6253 -0.2792 0.7287
vn 0.5859 -0.4388 0.6813
vn 0.6299 -0.2751 0.7263
vn 0.5984 -0.4294 0.6764
vn 0.6142 -0.5786 0.5366
vn 0.5795 -0.6048 0.5463
vn 0.9896 -0.0692 0.126
vn 0.6837 -0.4026 0.6087
vn 0.6675 -0.419 0.6155
vn 0.3798 -0.1159 0.9178
vn 0.2741 -0.6429 0.7152
vn 0.9884 -0.0737 0.1327
vn 0.2984 -0.4227 0.8557
vn 0.7137 -0.2971 0.6343
vn 0.9925 -0.0764 0.0955
vn 0.7757 -0.4896 0.3982
vn 0.8178 -0.2644 0.5112
vn 0.9809 -0.0286 0.1926
vn 0.9735 -0.0639 0.2195
vn 0.7649 -0.4969 0.4099
vn 0.5371 -0.6278 0.5633
vn 0.9586 -0.0325 0.2828
vn 0.4116 -0.1544 0.8982
vn 0.6263 -0.5853 0.5149
vn 0.8232 -0.4396 0.3594
vn 0.51 -0.2081 0.8346
vn 0.9757 -0.0708 0.2075
vn 0.9753 -0.0459 0.2159
vn 0.1632 -0.3668 0.9159
vn 0.8962 -0.2405 0.3729
vn 0.7534 -0.2914 0.5895
vn 0.8804 -0.2725 0.3881
vn 0.9841 -0.0633 0.1657
vn 0.9516 -0.0273 0.306
vn 0.105 -0.6173 0.7797
vn 0.0844 -0.6231 0.7776
vn 0.8432 -0.3202 0.4319
vn 0.9838 -0.0366 0.1754
vn 0.9074 -0.1891 0.3753
vn 0.4783 -0.63 0.6118
vn 0.9446 -0.0376 0.3262
vn 0.7344 -0.5312 0.4226
vn 0.9802 -0.0753 0.1833
vn 0.3876 -0.1112 0.9151
vn 0.9665 -0.0391 0.2535
vn 0.9607 -0.0614 0.2707
vn 0.3754 -0.6496 0.6611
vn 0.4879 -0.4496 0.7482
vn 0.4848 -0.4522 0.7486
vn 0.9896 -0.0791 0.12
vn 0.2905 -0.4267 0.8565
vn 0.557 -0.2463 0.7931
vn 0.5372 -0.2631 0.8014
vn 0.9764 -0.1179 0.181
vn 0.9776 -0.1081 0.1806
vn 0.6762 -0.5724 0.4637
vn 0.9491 -0.1554 0.2739
vn 0.9221 -0.3005 0.2438
vn 0.9824 -0.1089 0.152
vn 0.4735 -0.2104 0.8553
vn 0.3962 -0.451 0.7997
vn 0.4692 -0.2126 0.8571
vn 0.7578 -0.5088 0.4084
vn 0.9537 -0.0454 0.2972
vn 0.8177 -0.3322 0.4701
vn 0.973 -0.062 0.2224
vn 0.7964 -0.2854 0.5333
vn 0.6924 -0.2986 0.6568
vn 0.9794 -0.1047 0.1725
vn 0.9868 -0.0734 0.144
vn 0.1878 -0.6476 0.7384
vn 0.2017 -0.6401 0.7413
vn 0.9626 -0.1857 0.1975
vn 0.9755 -0.0787 0.2053
vn 0.0534 -0.3256 0.944
vn 0.9198 -0.1735 0.3518
vn 0.9452 -0.0709 0.3186
vn 0.2341 -0.6442 0.7281
vn 0.4442 -0.172 0.8793
vn 0.5504 -0.6145 0.5651
vn 0.0918 -0.3379 0.9367
vn 0.0927 -0.3374 0.9368
vn 0.7311 -0.3046 0.6105
vn 0.8949 -0.2772 0.3496
vn 0.9785 -0.0968 0.1821
vn 0.9016 -0.3313 0.2781
vn 0.9349 -0.0306 0.3536
vn 0.4878 -0.632 0.6022
vn 0.6009 -0.2785 0.7492
vn 0.589 -0.2899 0.7543
vn 0.967 -0.0946 0.2366
vn 0.3955 -0.639 0.6598
vn 0.1688 -0.3713 0.9131
vn 0.2114 -0.4071 0.8886
vn 0.2242 -0.3931 0.8918
vn 0.8131 -0.4702 0.3432
vn 0.9414 -0.2562 0.2193
vn 0.3479 -0.4362 0.8299
vn 0.3324 -0.1176 0.9358
vn 0.9612 -0.0666 0.2675
vn 0.953 -0.0947 0.2879
vn 0.9313 -0.0656 0.3583
vn 0.9285 -0.0713 0.3644
vn 0.6085 -0.5866 0.5344
vn 0.7381 -0.3844 0.5545
vn 0.9237 -0.0477 0.3801
vn 0.7149 -0.4082 0.5677
vn 0.6788 -0.3131 0.6642
vn 0.5297 -0.6273 0.5709
vn 0.6564 -0.3095 0.688
vn 0.9759 -0.0982 0.1947
vn 0.666 -0.5745 0.4758
vn 0.7803 -0.294 0.552
vn 0.0446 -0.6252 0.7792
vn 0.0543 -0.621 0.782
vn 0.9648 -0.094 0.2458
vn 0.3033 -0.6653 0.6822
vn 0.3211 -0.6539 0.685
vn 0.98 -0.0804 0.1821
vn 0.7198 -0.3069 0.6227
vn 0.2564 -0.6648 0.7016
vn 0.5475 -0.4565 0.7014
vn 0.5633 -0.4461 0.6955
vn 0.7972 -0.4853 0.3593
vn 0.619 -0.3045 0.724
vn 0.9794 -0.1044 0.1729
vn 0.6219 -0.3019 0.7226
vn 0.9362 -0.1923 0.2943
vn 0.4421 -0.6521 0.6159
vn 0.9682 -0.1134 0.223
vn 0.4561 -0.6431 0.6151
vn 0.7716 -0.3797 0.5104
vn 0.7347 -0.5445 0.4046
vn 0.6858 -0.5597 0.4652
vn 0.4312 -0.1814 0.8838
vn 0.9534 -0.152 0.2605
vn 0.8966 -0.355 0.2649
vn 0.9269 -0.0665 0.3694
vn 0.9829 -0.1094 0.148
vn 0.1285 -0.3703 0.92
vn 0.1455 -0.6472 0.7483
vn 0.134 -0.6516 0.7466
vn 0.4402 -0.2129 0.8723
vn 0.0382 -0.345 0.9378
vn 0.9675 -0.1291 0.2172
vn 0.9162 -0.0402 0.3988
vn 0.9068 -0.0566 0.4177
vn 0.2569 -0.4174 0.8717
vn 0.9707 -0.1018 0.2176
vn 0.936 -0.0713 0.3446
vn 0.873 -0.2806 0.3989
vn 0.9553 -0.2134 0.2044
vn 0.947 -0.1137 0.3005
vn 0.9526 -0.0989 0.2877
vn 0.9453 -0.0771 0.3168
vn 0.629 -0.4425 0.6392
vn 0.505 -0.2633 0.822
vn 0.9351 -0.1002 0.34
vn 0.645 -0.4284 0.6328
vn 0.5263 -0.2469 0.8136
vn 0.914 -0.2228 0.3391
vn 0.9334 -0.2745 0.2311
vn 0.9704 -0.1365 0.1992
vn 0.9186 -0.3128 0.2415
vn 0.4386 -0.4614 0.7711
vn 0.4368 -0.4636 0.7709
vn 0.3344 -0.688 0.644
vn 0.7771 -0.5037 0.3773
vn 0.8972 -0.0485 0.4389
vn 0.9639 -0.1165 0.2393
vn 0.8148 -0.3339 0.4739
vn 0.8873 -0.0659 0.4564
vn 0.7953 -0.3592 0.4883
vn 0.8791 -0.3826 0.2842
vn 0.845 -0.4232 0.3268
vn 0.9133 -0.0946 0.3961
vn 0.3785 -0.4464 0.8109
vn 0.7019 -0.3206 0.6361
vn 0.9418 -0.2547 0.2193
vn 0.7037 -0.5668 0.4285
vn 0.2869 -0.4258 0.8581
vn 0.2293 -0.4432 0.8666
vn 0.5703 -0.6251 0.5329
vn 0.9616 -0.1396 0.2361
vn 0.8047 -0.283 0.5219
vn 0.92 -0.1054 0.3774
vn 0.4051 -0.1528 0.9014
vn 0.3172 -0.1059 0.9424
vn 0.9581 -0.1258 0.2573
vn 0.406 -0.1809 0.8958
vn 0.9477 -0.1304 0.2913
vn 0.9358 -0.1414 0.3229
vn 0.9721 -0.1397 0.1887
vn 0.9286 -0.1543 0.3376
vn 0.4798 -0.6498 0.5896
vn 0.2089 -0.4308 0.8779
vn 0.9052 -0.0798 0.4175
vn 0.7752 -0.2984 0.5567
vn 0.7673 -0.516 0.3807
vn 0.6478 -0.3177 0.6924
vn 0.7648 -0.3818 0.5189
vn 0.872 -0.0554 0.4863
vn 0.6233 -0.6024 0.4985
vn 0.6142 -0.6128 0.4972
vn 0.0463 -0.3498 0.9357
vn 0.4353 -0.2154 0.8741
vn 0.8643 -0.2398 0.4422
vn 0.0604 -0.6497 0.7578
vn 0.831 -0.2687 0.4871
vn 0.1157 -0.3782 0.9185
vn 0.7412 -0.5368 0.4031
vn 0.5566 -0.294 0.777
vn 0.5672 -0.2846 0.7728
vn 0.1891 -0.6654 0.7221
vn 0.3541 -0.1285 0.9264
vn 0.9035 -0.0825 0.4206
vn 0.1127 -0.6505 0.7511
vn 0.0967 -0.6571 0.7476
vn 0.3833 -0.6752 0.6302
vn 0.9674 -0.1367 0.2132
vn 0.4042 -0.6608 0.6324
vn 0.5032 -0.2568 0.8251
vn 0.9811 -0.0639 0.1828
vn 0.9814 -0.0585 0.1828
vn 0.5163 -0.6512 0.5562
vn 0.8696 -0.3454 0.3529
vn 0.9651 -0.1278 0.2284
vn 0.8764 -0.3909 0.2813
vn 0.9554 -0.1269 0.2667
vn 0.8664 -0.0458 0.4972
vn 0.3272 -0.4483 0.8318
vn 0.9866 -0.0507 0.1552
vn 0.9469 -0.165 0.2759
vn 0.8596 -0.3102 0.406
vn 0.4906 -0.6529 0.5772
vn 0.5191 -0.4691 0.7144
vn 0.5928 -0.3068 0.7446
vn 0.533 -0.4608 0.7096
vn 0.2519 -0.6692 0.6991
vn 0.8956 -0.2023 0.3962
vn 0.9348 -0.1076 0.3384
vn 0.927 -0.2162 0.3064
vn 0.9599 -0.1383 0.2438
vn 0.3822 -0.1649 0.9092
vn 0.9548 -0.1584 0.2515
vn 0.0761 -0.3765 0.9233
vn 0.9141 -0.0949 0.3942
vn 0.3591 -0.4598 0.8122
vn 0.9427 -0.1443 0.3008
vn 0.6589 -0.5892 0.4676
vn 0.7285 -0.4071 0.551
vn 0.1582 -0.6726 0.7229
vn 0.3652 -0.2035 0.9084
vn 0.888 -0.0664 0.4551
vn 0.9384 -0.1127 0.3266
vn 0.2177 -0.6805 0.6997
vn 0.8654 -0.0897 0.4929
vn 0.96 -0.1614 0.2289
vn 0.6815 -0.4335 0.5896
vn 0.6957 -0.4174 0.5846
vn 0.9224 -0.1079 0.3708
vn 0.9074 -0.1362 0.3975
vn 0.8504 -0.4116 0.3278
vn 0.4042 -0.216 0.8888
vn 0.9699 -0.1258 0.2085
vn 0.8884 -0.0852 0.4511
vn 0.8228 -0.4653 0.3263
vn 0.9041 -0.1078 0.4135
vn 0.8643 -0.0922 0.4945
vn 0.6094 -0.3255 0.723
vn 0.7069 -0.5627 0.4284
vn 0.9403 -0.1289 0.3149
vn 0.1602 -0.4038 0.9007
vn 0.1571 -0.4059 0.9003
vn 0.4696 -0.26 0.8437
vn 0.8419 -0.2577 0.4741
vn 0.5959 -0.4619 0.657
vn 0.6133 -0.4484 0.6503
vn 0.9438 -0.1567 0.2911
vn 0.9177 -0.1442 0.3701
vn 0.4482 -0.6742 0.587
vn 0.2695 -0.6937 0.6679
vn 0.9348 -0.1982 0.2946
vn 0.8646 -0.1124 0.4897
vn 0.8973 -0.137 0.4196
vn 0.58 -0.3191 0.7495
vn 0.9391 -0.1464 0.3109
vn 0.5537 -0.6505 0.5199
vn 0.6827 -0.3262 0.6538
vn 0.683 -0.326 0.6536
vn 0.5975 -0.6192 0.5095
vn 0.7791 -0.3696 0.5064
vn 0.3401 -0.1683 0.9252
vn 0.8987 -0.3544 0.2582
vn 0.5242 -0.2986 0.7975
vn 0.5381 -0.2856 0.793
vn 0.7571 -0.3077 0.5763
vn 0.7498 -0.3138 0.5825
vn 0.6849 -0.5898 0.4278
vn 0.8577 -0.0736 0.5088
vn 0.9866 -0.0502 0.1551
vn 0.4008 -0.6953 0.5966
vn 0.3348 -0.6876 0.6443
vn 0.9196 -0.153 0.3618
vn 0.1498 -0.6795 0.7182
vn 0.0362 -0.6721 0.7395
vn 0.979 -0.0819 0.1868
vn 0.0701 -0.6563 0.7512
vn 0.955 -0.2149 0.2045
vn 0.9821 -0.0635 0.1771
vn 0.0847 -0.3807 0.9208
vn 0.9023 -0.3498 0.252
vn 0.8761 -0.1186 0.4672
vn 0.38 -0.4749 0.7938
vn 0.3814 -0.4734 0.794
vn 0.1085 -0.6758 0.7291
vn 0.8617 -0.4093 0.2998
vn 0.8414 -0.4471 0.3034
vn 0.8353 -0.0658 0.5459
vn 0.2948 -0.1456 0.9444
vn 0.3069 -0.1343 0.9422
vn 0.3172 -0.4554 0.8319
vn 0.9015 -0.2504 0.353
vn 0.0456 -0.3798 0.9239
vn 0.4742 -0.2578 0.8418
vn 0.3007 -0.6785 0.6702
vn 0.9793 -0.0791 0.1862
vn 0.9781 -0.0928 0.1862
vn 0.2025 -0.4271 0.8812
vn 0.377 -0.2308 0.897
vn 0.4513 -0.486 0.7484
vn 0.6295 -0.616 0.4736
vn 0.9906 -0.0279 0.1337
vn 0.8014 -0.4896 0.3436
vn 0.7836 -0.5132 0.3502
vn 0.9524 -0.1568 0.2614
vn 0.8474 -0.0999 0.5214
vn 0.4786 -0.6781 0.5577
vn 0.5247 -0.651 0.5486
vn 0.919 -0.3123 0.2406
vn 0.8094 -0.0659 0.5835
vn 0.9208 -0.1681 0.3519
vn 0.9368 -0.1386 0.3212
vn 0.3292 -0.1738 0.9281
vn 0.1186 -0.6818 0.7219
vn 0.2616 -0.4543 0.8516
vn 0.9052 -0.1476 0.3986
vn 0.8998 -0.1562 0.4074
vn 0.2548 -0.6914 0.6761
vn 0.4849 -0.4836 0.7287
vn 0.4999 -0.4743 0.7247
vn 0.832 -0.0617 0.5513
vn 0.5559 -0.6499 0.5183
vn 0.8999 -0.2045 0.3852
vn 0.8758 -0.1181 0.468
vn 0.8671 -0.1639 0.4705
vn 0.2511 -0.1178 0.9608
vn 0.7306 -0.3225 0.6019
vn 0.8804 -0.1396 0.4533
vn 0.5571 -0.3148 0.7685
vn 0.549 -0.3215 0.7715
vn 0.9338 -0.1794 0.3094
vn 0.8195 -0.3522 0.4521
vn 0.6535 -0.3383 0.6771
vn 0.8119 -0.4833 0.3275
vn 0.4242 -0.6755 0.6031
vn 0.8428 -0.4531 0.2906
vn 0.9559 -0.1602 0.2462
vn 0.9207 -0.1615 0.3552
vn 0.4375 -0.2626 0.86
vn 0.7928 -0.0907 0.6027
vn 0.8879 -0.3794 0.2602
vn 0.5769 -0.6509 0.4935
vn 0.3341 -0.6874 0.6448
vn 0.9729 -0.1075 0.2049
vn 0.7244 -0.5684 0.39
vn 0.6554 -0.6033 0.4544
vn 0.932 -0.2846 0.2244
vn 0.8487 -0.3235 0.4184
vn 0.8456 -0.095 0.5254
vn 0.9392 -0.1325 0.3169
vn 0.037 -0.385 0.9222
vn 0.9435 -0.1563 0.2923
vn 0.9247 -0.193 0.3283
vn 0.905 -0.1669 0.3913
vn 0.9192 -0.1711 0.3547
vn 0.2991 -0.1745 0.9381
vn 0.8167 -0.0987 0.5686
vn 0.0776 -0.6769 0.732
vn 0.9161 -0.2446 0.3177
vn 0.2054 -0.7019 0.6821
vn 0.6801 -0.6031 0.4168
vn 0.11 -0.4108 0.9051
vn 0.1682 -0.6967 0.6973
vn 0.9621 -0.1388 0.2347
vn 0.9537 -0.1681 0.2495
vn 0.6215 -0.3337 0.7088
vn 0.8903 -0.1834 0.4169
vn 0.8414 -0.1438 0.5209
vn 0.8587 -0.1104 0.5004
vn 0.3896 -0.693 0.6065
vn 0.773 -0.5245 0.3569
vn 0.2949 -0.7085 0.6411
vn 0.7205 -0.3306 0.6096
vn 0.8839 -0.1443 0.4449
vn 0.5068 -0.3002 0.8081
vn 0.7954 -0.3787 0.4732
vn 0.5784 -0.4679 0.6683
vn 0.5611 -0.4801 0.6743
vn 0.8346 -0.2677 0.4814
vn 0.9162 -0.1897 0.3531
vn 0.934 -0.1628 0.318
vn 0.8664 -0.41 0.2849
vn 0.4389 -0.2619 0.8595
vn 0.6088 -0.6419 0.4661
vn 0.4746 -0.6785 0.5607
vn 0.0475 -0.6917 0.7206
vn 0.4183 -0.4865 0.767
vn 0.9499 -0.1134 0.2911
vn 0.5061 -0.677 0.5343
vn 0.6431 -0.4575 0.6141
vn 0.6512 -0.4466 0.6136
vn 0.7005 -0.5826 0.4123
vn 0.6491 -0.3379 0.6815
vn 0.7515 -0.5479 0.3675
vn 0.9428 -0.1772 0.2824
vn 0.7796 -0.5195 0.3498
vn 0.8491 -0.3228 0.4182
vn 0.1579 -0.7155 0.6805
vn 0.2081 -0.7026 0.6805
vn 0.8391 -0.1316 0.5278
vn 0.7765 -0.0661 0.6267
vn 0.3498 -0.201 0.915
vn 0.3386 -0.2105 0.9171
vn 0.2919 -0.1791 0.9395
vn 0.3275 -0.7196 0.6123
vn 0.5246 -0.3228 0.7878
vn 0.5193 -0.3267 0.7897
vn 0.1281 -0.4197 0.8986
vn 0.9093 -0.191 0.3697
vn 0.2484 -0.4524 0.8566
vn 0.9208 -0.1687 0.3516
vn 0.3313 -0.4853 0.8091
vn 0.3351 -0.4824 0.8093
vn 0.8059 -0.1255 0.5787
vn 0.9649 -0.1684 0.2015
vn 0.816 -0.0939 0.5704
vn 0.7738 -0.0691 0.6297
vn 0.9432 -0.2523 0.2161
vn 0.1099 -0.7018 0.7038
vn 0.4296 -0.7008 0.5695
vn 0.8648 -0.1462 0.4804
vn 0.852 -0.1692 0.4954
vn 0.874 -0.1754 0.4531
vn 0.8617 -0.249 0.4422
vn 0.0447 -0.4093 0.9113
vn 0.7051 -0.4383 0.5575
vn 0.7485 -0.4131 0.5187
vn 0.7018 -0.3343 0.6291
vn 0.4429 -0.4934 0.7486
vn 0.2231 -0.1102 0.9685
vn 0.3421 -0.7087 0.6171
vn 0.4751 -0.2974 0.8281
vn 0.7658 -0.403 0.5012
vn 0.7835 -0.3837 0.4888
vn 0.9803 -0.0293 0.1951
vn 0.3962 -0.2652 0.879
vn 0.649 -0.6227 0.4372
vn 0.9469 -0.1803 0.2661
vn 0.2715 -0.7075 0.6525
vn 0.2474 -0.7211 0.6472
vn 0.2574 -0.1284 0.9577
vn 0.2365 -0.1547 0.9592
vn 0.0823 -0.7042 0.7052
vn 0.8274 -0.3478 0.4409
vn 0.8123 -0.3739 0.4476
vn 0.9795 -0.0939 0.1782
vn 0.884 -0.2236 0.4105
vn 0.0811 -0.4129 0.9072
vn 0.2846 -0.4741 0.8332
vn 0.7317 -0.5606 0.3877
vn 0.8675 -0.1722 0.4667
vn 0.4196 -0.7009 0.5768
vn 0.3752 -0.7161 0.5886
vn 0.2583 -0.1763 0.9499
vn 0.9679 -0.1526 0.1998
vn 0.9701 -0.1419 0.197
vn 0.5482 -0.484 0.682
vn 0.5302 -0.4952 0.6882
vn 0.9851 -0.065 0.159
vn 0.7445 -0.0628 0.6646
vn 0.9422 -0.1958 0.2718
vn 0.5859 -0.3383 0.7364
vn 0.5804 -0.3434 0.7384
vn 0.898 -0.1921 0.3959
vn 0.8058 -0.1242 0.579
vn 0.7936 -0.147 0.5904
vn 0.8286 -0.1719 0.5329
vn 0.8423 -0.1487 0.5181
vn 0.0482 -0.6923 0.72
vn 0.1802 -0.4314 0.884
vn 0.5472 -0.6755 0.4941
vn 0.5992 -0.6548 0.4608
vn 0.8952 -0.2776 0.3486
vn 0.9733 -0.1147 0.199
vn 0.9019 -0.2633 0.3424
vn 0.6543 -0.623 0.4286
vn 0.7779 -0.085 0.6226
vn 0.3682 -0.2295 0.901
vn 0.4704 -0.3009 0.8296
vn 0.9568 -0.1733 0.2333
vn 0.7876 -0.0898 0.6096
vn 0.8035 -0.2956 0.5167
vn 0.0388 -0.6987 0.7144
vn 0.806 -0.2918 0.5149
vn 0.1537 -0.7132 0.6839
vn 0.7541 -0.5572 0.3475
vn 0.0625 -0.4249 0.9031
vn 0.934 -0.1795 0.3088
vn 0.0956 -0.6965 0.7112
vn 0.3809 -0.5042 0.775
vn 0.6104 -0.4808 0.6295
vn 0.6124 -0.3533 0.7072
vn 0.3109 -0.7188 0.6218
vn 0.3989 -0.2638 0.8782
vn 0.9068 -0.1906 0.3761
vn 0.9262 -0.1624 0.3404
vn 0.9391 -0.2637 0.2206
vn 0.1911 -0.4662 0.8638
vn 0.1855 -0.4696 0.8632
vn 0.521 -0.6815 0.514
vn 0.5677 -0.6727 0.4746
vn 0.7038 -0.5987 0.3824
vn 0.9297 -0.1527 0.3352
vn 0.0346 -0.4163 0.9086
vn 0.6155 -0.6424 0.4566
vn 0.7496 -0.1236 0.6503
vn 0.741 -0.3345 0.5822
vn 0.2016 -0.7261 0.6574
vn 0.8525 -0.1724 0.4934
vn 0.2739 -0.4872 0.8292
vn 0.8407 -0.1927 0.5061
vn 0.8867 -0.1819 0.4251
vn 0.767 -0.1244 0.6295
vn 0.6675 -0.4567 0.5881
vn 0.6527 -0.4756 0.5898
vn 0.7531 -0.0749 0.6536
vn 0.7357 -0.1065 0.6688
vn 0.3898 -0.7174 0.5774
vn 0.9408 -0.2024 0.2718
vn 0.152 -0.135 0.9791
vn 0.1762 -0.1106 0.9781
vn 0.9025 -0.3525 0.2473
vn 0.9082 -0.1906 0.3726
vn 0.9259 -0.1878 0.3278
vn 0.4897 -0.3282 0.8078
vn 0.894 -0.209 0.3963
vn 0.974 -0.1095 0.1983
vn 0.9281 -0.2297 0.293
vn 0.2649 -0.7359 0.6231
vn 0.972 -0.125 0.1989
vn 0.1465 -0.448 0.882
vn 0.0928 -0.4515 0.8874
vn 0.6034 -0.6591 0.4488
vn 0.7013 -0.5999 0.3851
vn 0.6832 -0.3497 0.6411
vn 0.3348 -0.2475 0.9092
vn 0.9163 -0.243 0.3184
vn 0.0822 -0.4416 0.8934
vn 0.4639 -0.7123 0.5267
vn 0.7484 -0.4133 0.5187
vn 0.7983 -0.5103 0.3198
vn 0.6464 -0.6456 0.4067
vn 0.4307 -0.7204 0.5436
vn 0.215 -0.4822 0.8493
vn 0.8719 -0.2339 0.4302
vn 0.5371 -0.6845 0.4929
vn 0.733 -0.5719 0.3683
vn 0.2082 -0.73 0.6509
vn 0.3596 -0.501 0.7872
vn 0.6098 -0.3529 0.7096
vn 0.3413 -0.7337 0.5876
vn 0.8271 -0.4725 0.3045
vn 0.9185 -0.3178 0.2354
vn 0.7141 -0.0841 0.695
vn 0.0482 -0.4367 0.8983
vn 0.2989 -0.2204 0.9285
vn 0.873 -0.4087 0.2661
vn 0.4711 -0.5084 0.7209
vn 0.9049 -0.3472 0.2464
vn 0.1832 -0.1543 0.9709
vn 0.0963 -0.7278 0.679
vn 0.1063 -0.7213 0.6844
vn 0.3729 -0.2627 0.8899
vn 0.0506 -0.7155 0.6968
vn 0.6955 -0.4569 0.5546
vn 0.8847 -0.2113 0.4154
vn 0.7232 -0.4267 0.5431
vn 0.773 -0.5395 0.3336
vn 0.7918 -0.5166 0.3259
vn 0.4114 -0.287 0.8651
vn 0.5151 -0.4994 0.6966
vn 0.9322 -0.1855 0.3109
vn 0.8512 -0.2577 0.4573
vn 0.4958 -0.5118 0.7017
vn 0.9343 -0.1792 0.3083
vn 0.8868 -0.3832 0.2582
vn 0.8164 -0.197 0.5428
vn 0.8293 -0.1766 0.5302
vn 0.2371 -0.1718 0.9562
vn 0.9062 -0.1912 0.3772
vn 0.2876 -0.5008 0.8164
vn 0.8452 -0.4523 0.2848
vn 0.4376 -0.3092 0.8443
vn 0.4948 -0.7124 0.4977
vn 0.3305 -0.7338 0.5936
vn 0.7652 -0.1374 0.629
vn 0.9229 -0.3058 0.234
vn 0.8522 -0.21 0.4792
vn 0.866 -0.1906 0.4623
vn 0.4725 -0.3343 0.8155
vn 0.465 -0.3409 0.8171
vn 0.877 -0.3069 0.3697
vn 0.8806 -0.2985 0.3681
vn 0.896 -0.1916 0.4006
vn 0.3115 -0.2361 0.9205
vn 0.8824 -0.2138 0.4192
vn 0.5756 -0.6823 0.4508
vn 0.7944 -0.1532 0.5878
vn 0.2578 -0.7336 0.6288
vn 0.7791 -0.1734 0.6024
vn 0.7625 -0.4217 0.4908
vn 0.5816 -0.3658 0.7266
vn 0.9291 -0.2406 0.2808
vn 0.5729 -0.6849 0.4503
vn 0.5491 -0.3483 0.7597
vn 0.5443 -0.3521 0.7614
vn 0.1646 -0.7338 0.6592
vn 0.1468 -0.7421 0.654
vn 0.7104 -0.0866 0.6985
vn 0.8423 -0.4569 0.2861
vn 0.3729 -0.7349 0.5664
vn 0.9626 -0.1624 0.217
vn 0.9649 -0.1506 0.2154
vn 0.8014 -0.3811 0.461
vn 0.7878 -0.4036 0.4652
vn 0.0447 -0.7215 0.691
vn 0.3314 -0.5137 0.7914
vn 0.2712 -0.2086 0.9396
vn 0.9507 -0.2247 0.2139
vn 0.9517 -0.2212 0.2129
vn 0.2033 -0.7435 0.6371
vn 0.4349 -0.7168 0.545
vn 0.5753 -0.5021 0.6456
vn 0.6039 -0.4816 0.6351
vn 0.1337 -0.4765 0.869
vn 0.6571 -0.634 0.4078
vn 0.7641 -0.1388 0.6299
vn 0.6387 -0.4754 0.605
vn 0.7543 -0.557 0.3476
vn 0.71 -0.3519 0.61
vn 0.3489 -0.2742 0.8962
vn 0.6186 -0.6615 0.424
vn 0.4136 -0.3052 0.8578
vn 0.9851 -0.0696 0.1572
vn 0.782 -0.3127 0.5391
vn 0.9499 -0.2027 0.2377
vn 0.8263 -0.2841 0.4864
vn 0.2182 -0.7535 0.6202
vn 0.9883 -0.0465 0.1453
vn 0.1235 -0.1174 0.9854
vn 0.108 -0.1319 0.9854
vn 0.2164 -0.1933 0.957
vn 0.7539 -0.1754 0.6331
vn 0.4142 -0.5264 0.7425
vn 0.4279 -0.5177 0.7408
vn 0.8731 -0.4085 0.266
vn 0.2926 -0.7502 0.5929
vn 0.9158 -0.1937 0.352
vn 0.879 -0.2008 0.4324
vn 0.9616 -0.0905 0.2592
vn 0.8658 -0.218 0.4503
vn 0.739 -0.1107 0.6645
vn 0.1613 -0.1484 0.9757
vn 0.8256 -0.2193 0.5198
vn 0.8412 -0.1998 0.5025
vn 0.7606 -0.1686 0.6269
vn 0.9122 -0.2646 0.3128
vn 0.1572 -0.7606 0.6299
vn 0.0338 -0.4451 0.8948
vn 0.5782 -0.3651 0.7296
vn 0.3281 -0.5131 0.7931
vn 0.9782 -0.0413 0.2037
vn 0.8671 -0.3239 0.3784
vn 0.0631 -0.7427 0.6667
vn 0.7077 -0.0862 0.7012
vn 0.5288 -0.7096 0.4656
vn 0.5416 -0.6992 0.4666
vn 0.7202 -0.4594 0.5199
vn 0.117 -0.7405 0.6618
vn 0.0992 -0.7482 0.656
vn 0.6857 -0.1435 0.7136
vn 0.6274 -0.6526 0.4248
vn 0.9138 -0.1974 0.3548
vn 0.2597 -0.7513 0.6067
vn 0.3211 -0.2735 0.9067
vn 0.8005 -0.1213 0.5869
vn 0.4571 -0.521 0.7209
vn 0.8795 -0.2398 0.4112
vn 0.4533 -0.7372 0.501
vn 0.5021 -0.7134 0.4888
vn 0.664 -0.3531 0.6591
vn 0.3713 -0.5283 0.7636
vn 0.1768 -0.7525 0.6344
vn 0.6492 -0.3659 0.6668
vn 0.5193 -0.3531 0.7782
vn 0.5112 -0.3598 0.7805
vn 0.8339 -0.3641 0.4148
vn 0.0276 -0.7349 0.6776
vn 0.958 -0.1923 0.2129
vn 0.7046 -0.1826 0.6857
vn 0.8464 -0.4518 0.2819
vn 0.9012 -0.208 0.3803
vn 0.9162 -0.1898 0.353
vn 0.5447 -0.5188 0.6589
vn 0.5669 -0.5049 0.651
vn 0.8514 -0.2571 0.4571
vn 0.9762 -0.1165 0.183
vn 0.9804 -0.093 0.1735
vn 0.9768 -0.0699 0.2024
vn 0.1727 -0.1885 0.9668
vn 0.1948 -0.1706 0.9659
vn 0.3404 -0.7557 0.5595
vn 0.7171 -0.1101 0.6882
vn 0.6956 -0.0693 0.7151
vn 0.3767 -0.3233 0.8681
vn 0.353 -0.3028 0.8853
vn 0.2212 -0.508 0.8324
vn 0.2286 -0.5012 0.8346
vn 0.3945 -0.7482 0.5334
vn 0.7644 -0.4183 0.4907
vn 0.9377 -0.2631 0.2268
vn 0.6703 -0.4792 0.5667
vn 0.6861 -0.4613 0.5625
vn 0.9023 -0.2887 0.3203
vn 0.2813 -0.5281 0.8012
vn 0.7792 -0.1942 0.596
vn 0.2692 -0.7557 0.597
vn 0.2054 -0.771 0.6029
vn 0.4512 -0.7373 0.5027
vn 0.384 -0.7535 0.5337
vn 0.7701 -0.5489 0.325
vn 0.8862 -0.3158 0.339
vn 0.0712 -0.1362 0.9881
vn 0.9768 -0.0622 0.2048
vn 0.9507 -0.1183 0.2867
vn 0.1178 -0.4673 0.8762
vn 0.6616 -0.0917 0.7442
vn 0.6175 -0.3773 0.6902
vn 0.2578 -0.2166 0.9416
vn 0.8024 -0.2255 0.5526
vn 0.9514 -0.1973 0.2364
vn 0.8178 -0.2074 0.5368
vn 0.7356 -0.4373 0.5174
vn 0.1166 -0.7654 0.6329
vn 0.7135 -0.1458 0.6853
vn 0.0491 -0.4708 0.8809
vn 0.3186 -0.7709 0.5515
vn 0.311 -0.2784 0.9087
vn 0.3834 -0.749 0.5403
vn 0.8489 -0.2247 0.4783
vn 0.8899 -0.378 0.2554
vn 0.5932 -0.5047 0.6272
vn 0.6884 -0.3569 0.6314
vn 0.0619 -0.7434 0.666
vn 0.6568 -0.1105 0.7459
vn 0.792 -0.5244 0.3127
vn 0.897 -0.2089 0.3895
vn 0.4873 -0.7286 0.4814
vn 0.7599 -0.1921 0.621
vn 0.7032 -0.6117 0.3623
vn 0.7587 -0.3304 0.5613
vn 0.7712 -0.3174 0.5518
vn 0.7997 -0.3989 0.4488
vn 0.7422 -0.5755 0.3434
vn 0.7367 -0.5821 0.3442
vn 0.672 -0.1375 0.7277
vn 0.1321 -0.7583 0.6383
vn 0.2695 -0.247 0.9308
vn 0.2602 -0.2585 0.9303
vn 0.8662 -0.3248 0.3796
vn 0.847 -0.3582 0.3929
vn 0.2813 -0.5281 0.8013
vn 0.4365 -0.3361 0.8346
vn 0.7115 -0.1791 0.6795
vn 0.795 -0.5219 0.3093
vn 0.2954 -0.7623 0.5758
vn 0.4254 -0.5515 0.7176
vn 0.0553 -0.1305 0.9899
vn 0.9303 -0.2477 0.2707
vn 0.9495 -0.2137 0.2298
vn 0.8226 -0.4847 0.2972
vn 0.817 -0.4936 0.2981
vn 0.9298 -0.2834 0.2348
vn 0.9228 -0.3062 0.2336
vn 0.9707 -0.1342 0.1992
vn 0.7007 -0.6131 0.3648
vn 0.6278 -0.6688 0.3983
vn 0.105 -0.157 0.982
vn 0.0946 -0.1663 0.9815
vn 0.7745 -0.235 0.5873
vn 0.0416 -0.7604 0.6481
vn 0.7419 -0.2069 0.6379
vn 0.7155 -0.3451 0.6074
vn 0.9535 -0.1086 0.2812
vn 0.81 -0.4013 0.4276
vn 0.9447 -0.2381 0.2256
vn 0.7736 -0.5442 0.3246
vn 0.2147 -0.2238 0.9507
vn 0.2205 -0.2205 0.9501
vn 0.8484 -0.4481 0.2818
vn 0.9091 -0.3338 0.2492
vn 0.6673 -0.6392 0.3824
vn 0.6366 -0.6614 0.3966
vn 0.6632 -0.6435 0.3823
vn 0.4817 -0.5345 0.6945
vn 0.2828 -0.2743 0.9191
vn 0.1289 -0.1881 0.9736
vn 0.2473 -0.783 0.5708
vn 0.069 -0.7602 0.646
vn 0.3109 -0.5367 0.7844
vn 0.1747 -0.7801 0.6008
vn 0.416 -0.3318 0.8467
vn 0.2098 -0.7712 0.6011
vn 0.9243 -0.1849 0.3338
vn 0.5842 -0.6915 0.4249
vn 0.1478 -0.4847 0.8621
vn 0.3602 -0.7747 0.5198
vn 0.362 -0.5373 0.7618
vn 0.5429 -0.3765 0.7507
vn 0.5441 -0.3755 0.7503
vn 0.7783 -0.4281 0.4593
vn 0.6069 -0.6791 0.413
vn 0.0659 -0.4786 0.8756
vn 0.4128 -0.7543 0.5105
vn 0.5247 -0.5245 0.6705
vn 0.5103 -0.536 0.6725
vn 0.9191 -0.1864 0.3471
vn 0.1798 -0.5093 0.8416
vn 0.1785 -0.51 0.8414
vn 0.0273 -0.1457 0.9889
vn 0.0879 -0.7704 0.6315
vn 0.9355 -0.2299 0.2682
vn 0.9614 -0.0942 0.2585
vn 0.6353 -0.506 0.5834
vn 0.6643 -0.4818 0.5715
vn 0.7184 -0.1673 0.6752
vn 0.9578 -0.1896 0.216
vn 0.7335 -0.3458 0.5851
vn 0.4895 -0.3657 0.7916
vn 0.4515 -0.7555 0.4747
vn 0.6478 -0.0846 0.7571
vn 0.6269 -0.1003 0.7726
vn 0.8272 -0.3816 0.4125
vn 0.4974 -0.738 0.4559
vn 0.5386 -0.7186 0.4399
vn 0.5327 -0.7231 0.4396
vn 0.8824 -0.2138 0.4191
vn 0.892 -0.2999 0.3381
vn 0.5683 -0.7076 0.4199
vn 0.6545 -0.3804 0.6534
vn 0.9462 -0.2247 0.2328
vn 0.0287 -0.7653 0.643
vn 0.9332 -0.1586 0.3225
vn 0.8463 -0.2242 0.4831
vn 0.9653 -0.1458 0.2167
vn 0.9615 -0.1644 0.2204
vn 0.8124 -0.3007 0.4995
vn 0.0453 -0.4723 0.8802
vn 0.629 -0.0706 0.7742
vn 0.9748 -0.1338 0.1787
vn 0.5005 -0.7354 0.4568
vn 0.1477 -0.7782 0.6103
vn 0.1276 -0.7856 0.6054
vn 0.3635 -0.3086 0.879
vn 0.3442 -0.7745 0.5308
vn 0.8564 -0.2656 0.4429
vn 0.9739 -0.0706 0.2158
vn 0.9681 -0.1221 0.2186
vn 0.9696 -0.1147 0.2162
vn 0.4457 -0.7561 0.4792
vn 0.0941 -0.5037 0.8587
vn 0.168 -0.2285 0.9589
vn 0.2657 -0.7914 0.5505
vn 0.7328 -0.1883 0.6539
vn 0.6065 -0.5152 0.6056
vn 0.2443 -0.5315 0.8111
vn 0.9803 -0.1009 0.1698
vn 0.9744 -0.0197 0.2241
vn 0.0813 -0.782 0.6179
vn 0.9739 -0.071 0.2155
vn 0.675 -0.1698 0.718
vn 0.61 -0.3823 0.6941
vn 0.3955 -0.3558 0.8467
vn 0.411 -0.7725 0.4841
vn 0.3883 -0.7787 0.4928
vn 0.3644 -0.7769 0.5135
vn 0.1296 -0.1885 0.9735
vn 0.9738 -0.0304 0.2252
vn 0.8361 -0.3782 0.3974
vn 0.0498 -0.1698 0.9842
vn 0.0353 -0.7697 0.6374
vn 0.3317 -0.7892 0.5169
vn 0.0939 -0.7911 0.6044
vn 0.29 -0.7922 0.5369
vn 0.229 -0.7931 0.5644
vn 0.1988 -0.8022 0.563
vn 0.1594 -0.8047 0.5718
vn 0.9999 -0.0002 0.0118
vn 0.9998 0.0003 -0.0197
vn 0.9923 0.0034 -0.1242
vn 0.9877 0.0019 -0.1562
vn 0.9879 0.0018 -0.1553
vn 0.9805 -0.0017 -0.1965
vn 0.9741 0.0024 -0.2263
vn 0.9429 0.0042 -0.3329
vn 0.916 0.0048 -0.4013
vn 0.8236 0.0006 -0.5672
vn 0.2416 -0.0512 0.969
vn 0.86 -0.0012 -0.5103
vn 0.8435 -0.0007 -0.5371
vn 0.8187 -0.0021 -0.5742
vn 0.5233 -0.0511 0.8506
vn 0.8731 -0.0042 -0.4876
vn 0.3912 -0.0699 0.9177
vn 0.8805 0.0028 -0.4741
vn 0.5995 -0.0006 -0.8004
vn 0.9057 0.0001 -0.424
vn 0.9196 -0.0006 -0.3928
vn 0.1905 0.0017 0.9817
vn 0.6215 -0.0354 0.7826
vn 0.2607 -0.0969 0.9606
vn 0.2638 -0.0977 0.9596
vn 0.8914 0.0017 -0.4533
vn 0.9001 -0.0013 -0.4357
vn 0.3728 -0.0752 0.9249
vn 0.2445 -0.0008 -0.9697
vn 0.916 0.0019 -0.4011
vn 0.6139 0.0002 -0.7894
vn 0.2128 -0.1009 0.9719
vn 0.9285 -0.0012 -0.3713
vn 0.2135 -0.101 0.9717
vn 0.2781 0.0004 -0.9605
vn 0.8725 -0.0163 0.4883
vn 0.3106 0.0031 -0.9505
vn 0.3169 -0.002 -0.9485
vn 0.8234 0.0001 -0.5675
vn 0.4729 -0.0478 0.8798
vn 0.8575 -0.0319 0.5135
vn 0.6393 -0.0002 -0.7689
vn 0.8919 -0.0105 0.4522
vn 0.8892 -0.0155 0.4573
vn 0.8974 -0.0315 0.4402
vn 0.9374 -0.0006 0.3483
vn 0.947 -0.038 0.319
vn 0.3086 -0.0689 0.9487
vn 0.3269 -0.0771 0.9419
vn 0.4519 -0.0567 0.8903
vn 0.1748 -0.1022 0.9793
vn 0.9328 -0.01 0.3602
vn 0.9146 -0.01 0.4042
vn 0.8587 -0.0214 0.512
vn 0.892 -0.0144 0.4518
vn 0.5665 -0.0388 0.8231
vn 0.5601 -0.0443 0.8272
vn 0.1757 -0.1018 0.9792
vn 0.911 -0.0131 0.4122
vn 0.8915 -0.0141 0.4528
vn 0.9418 0.0028 0.3362
vn 0.9355 -0.0178 0.353
vn 0.3366 -0.0013 -0.9417
vn 0.8516 -0 -0.5241
vn 0.9275 -0.011 0.3737
vn 0.9109 -0.0086 0.4126
vn 0.8928 -0.0118 0.4504
vn 0.885 -0.0152 0.4654
vn 0.9534 0.0013 0.3018
vn 0.9565 -0.0318 0.29
vn 0.9513 -0.0023 0.3083
vn 0.4188 -0.0519 0.9066
vn 0.6718 -0.0003 -0.7407
vn 0.1144 -0.0989 0.9885
vn 0.1284 -0.1031 0.9863
vn 0.5078 -0.0357 0.8607
vn 0.9706 -0.0072 0.2405
vn 0.9705 -0.0063 0.2411
vn 0.9767 0.0154 0.214
vn 0.3829 -0.0596 0.9219
vn 0.2582 -0.0776 0.963
vn 0.2471 -0.0815 0.9656
vn 0.934 -0.0086 0.3572
vn 0.7893 -0.0086 0.6139
vn 0.9514 -0.004 0.308
vn 0.2253 -0.0905 0.9701
vn 0.0694 -0.1042 0.9921
vn 0.6081 -0.0242 0.7935
vn 0.572 -0.0211 0.82
vn 0.6126 -0.0219 0.7901
vn 0.6248 -0.0293 0.7802
vn 0.354 -0.0542 0.9337
vn 0.7047 -0.0005 -0.7095
vn 0.4827 -0.0442 0.8746
vn 0.4903 -0.0159 0.8714
vn 0.4574 -0.0055 0.8892
vn 0.4917 0.0123 0.8707
vn 0.4355 -0.0088 0.9002
vn 0.1626 -0.0887 0.9827
vn 0.0751 -0.1053 0.9916
vn 0.0298 -0.1127 0.9932
vn 0.7253 0.0005 -0.6884
vn 0.5733 -0.0203 0.8191
vn 0.7596 -0.0116 0.6503
vn 0.4462 -0.0387 0.8941
vn 0.4481 -0.0374 0.8932
vn 0.5806 -0.0334 0.8135
vn 0.741 -0.0006 -0.6715
vn 0.3144 -0.0573 0.9475
vn 0.5396 -0.0222 0.8416
vn 0.0458 -0.1046 0.9935
vn 0.7683 0.0005 -0.6401
vn 0.9853 -0.0016 0.1709
vn 0.0364 -0.0933 0.995
vn 0.286 -0.0613 0.9563
vn 0.6346 -0.0549 0.7709
vn 0.1453 -0.0724 0.9867
vn 0.1621 -0.0891 0.9827
vn 0.7371 -0.0091 0.6757
vn 0.7432 -0.0102 0.669
vn 0.7104 -0.0112 0.7037
vn 0.9779 -0.0024 0.2091
vn 0.386 -0.0376 0.9217
vn 0.71 -0.0346 0.7034
vn 0.2231 -0.0645 0.9727
vn 0.247 -0.0577 0.9673
vn 0.9841 0.0005 0.1778
vn 0.3452 -0.0449 0.9375
vn 0.9779 -0.0025 0.2093
vn 0.7821 -0.0001 -0.6231
vn 0.7972 0.0004 -0.6038
vn 0.7966 -0.0218 0.6041
vn 0.804 -0.0001 -0.5946
vn 0.4909 -0.0346 0.8705
vn 0.9668 -0.0038 0.2554
vn 0.9701 -0.0022 0.2428
vn 0.7236 -0.0292 0.6896
vn 0.9148 -0.0065 0.4038
vn 0.7092 -0.0333 0.7042
vn 0.6847 -0.0307 0.7281
vn 0.8239 0.0001 -0.5667
vn 0.8151 -0.02 0.579
vn 0.801 -0.016 0.5984
vn 0.7364 -0.0244 0.6761
vn 0.7404 -0.0223 0.6718
vn 0.3253 -0.0597 0.9437
vn 0.4318 -0.029 0.9015
vn 0.9154 -0.006 0.4025
vn 0.9525 -0.0008 -0.3045
vn 0.9003 -0.0031 0.4352
vn 0.6878 -0.0099 0.7258
vn 0.6889 -0.0102 0.7248
vn 0.8812 -0.0108 0.4727
vn 0.8703 -0.0073 0.4924
vn 0.8535 -0.0107 0.521
vn 0.9623 0.0003 -0.2718
vn 0.7843 -0.0143 0.6202
vn 0.9031 -0.0065 0.4293
vn 0.9195 -0.0031 0.393
vn 0.9039 -0.0068 0.4277
vn 0.6795 -0.0257 0.7332
vn 0.659 -0.0106 0.7521
vn 0.851 -0.0001 -0.5252
vn 0.3336 -0.0385 0.9419
vn 0.3214 -0.0437 0.9459
vn 0.2765 -0.0438 0.96
vn 0.8533 -0.0064 0.5214
vn 0.9716 0.0001 -0.2366
vn 0.1476 -0.0709 0.9865
vn 0.8726 -0.0001 -0.4885
vn 0.6618 -0.025 0.7493
vn 0.0993 -0.077 0.9921
vn 0.8289 -0.0083 0.5593
vn 0.8277 -0.0076 0.5612
vn 0.877 0.0002 -0.4805
vn 0.892 -0.0001 -0.452
vn 0.1998 -0.0167 0.9797
vn 0.0885 -0.0695 0.9936
vn 0.2284 -0.0068 0.9735
vn 0.6704 -0.0156 0.7418
vn 0.3545 0.0012 -0.935
vn 0.402 0.0022 -0.9157
vn 0.8915 -0 -0.4531
vn 0.386 -0.0012 -0.9225
vn 0.0192 -0.0677 0.9975
vn 0.6034 -0.01 0.7974
vn 0.606 -0.0106 0.7954
vn 0.5319 -0.0263 0.8464
vn 0.5209 -0.0211 0.8534
vn 0.1684 -0.0587 0.984
vn 0.9058 -0.0001 -0.4236
vn 0.9074 0 -0.4202
vn 0.4805 -0.0169 0.8769
vn 0.1352 -0.0568 0.9892
vn 0.3447 -0.0452 0.9376
vn 0.5618 -0.0091 0.8272
vn 0.5746 -0.0114 0.8183
vn 0.9211 0.0001 -0.3894
vn 0.9201 0 -0.3918
vn 0.2963 -0.0362 0.9544
vn 0.9942 0.0003 -0.1071
vn 0.1301 -0.0579 0.9898
vn 0.4626 -0.022 0.8863
vn 0.4373 -0.0193 0.8991
vn 0.5462 -0.0109 0.8376
vn 0.518 -0.0071 0.8554
vn 0.9976 -0.0003 -0.069
vn 0.095 -0.0618 0.9936
vn 0.0812 -0.0553 0.9952
vn 0.9402 0.0002 -0.3408
vn 0.9367 -0.0001 -0.35
vn 0.7212 -0.0451 0.6912
vn 0.6915 -0.0625 0.7197
vn 0.3929 -0.0211 0.9193
vn 0.4051 -0.0236 0.914
vn 0.9478 -0.0003 -0.3188
vn 0.9579 0.0004 -0.2871
vn 0.9934 0.0005 -0.115
vn 0.999 0.0004 0.0442
vn 0.991 -0.0007 0.1338
vn 0.3462 -0.0222 0.9379
vn 0.997 -0.0007 0.0774
vn 0.1652 -0.0334 0.9857
vn 0.2093 -0.0376 0.9771
vn 0.7171 -0.0455 0.6955
vn 0.6939 -0.0422 0.7188
vn 0.8048 -0.0278 0.593
vn 0.3484 -0.0213 0.9371
vn 0.7502 -0.033 0.6604
vn 0.9967 0.0006 0.0815
vn 0.1457 -0.0356 0.9887
vn 0.9993 -0.0001 0.037
vn 0.4124 -0.0044 0.911
vn 0.2851 -0.0255 0.9582
vn 0.9691 -0.0001 -0.2468
vn 0.1356 -0.0345 0.9902
vn 0.6628 -0.0558 0.7467
vn 0.6724 -0.0518 0.7384
vn 0.3966 -0.0086 0.918
vn 0.75 -0.0332 0.6606
vn 0.1152 -0.0384 0.9926
vn 0.9978 -0.0001 0.0657
vn 0.9768 -0.0002 -0.2142
vn 0.3688 -0.0091 0.9295
vn 0.9919 -0.0024 0.127
vn 0.9954 -0.0003 0.0959
vn 0.0442 -0.0426 0.9981
vn 0.9878 -0.0005 -0.1558
vn 0.8085 -0.0267 0.5879
vn 0.3476 -0.0048 0.9376
vn 0.9805 0.0003 -0.1963
vn 0.3361 -0.0076 0.9418
vn 0.7464 -0.0286 0.6649
vn 0.7407 -0.0318 0.6711
vn 0.9928 -0.0011 0.1195
vn 0.298 -0.0058 0.9546
vn 0.3003 -0.0066 0.9538
vn 0.7732 -0.0231 0.6337
vn 0.7767 -0.0187 0.6296
vn 0.9708 -0.0039 0.2398
vn 0.7533 -0.024 0.6572
vn 0.8105 -0.0124 0.5857
vn 0.9854 0.0007 -0.1705
vn 0.8277 -0.016 0.561
vn 0.8821 -0.0051 0.471
vn 0.26 -0.0076 0.9656
vn 0.7592 -0.0161 0.6507
vn 0.9608 -0.0061 0.2772
vn 0.1874 -0.019 0.9821
vn 0.0691 -0.0337 0.997
vn 0.7604 -0.0154 0.6493
vn 0.8806 -0.0062 0.4738
vn 0.1954 -0.0156 0.9806
vn 0.9919 -0.0004 -0.1272
vn 0.2415 -0.0038 0.9704
vn 0.8552 -0.0074 0.5182
vn 0.7138 -0.0102 0.7003
vn 0.9563 -0.0051 0.2923
vn 0.2499 -0.0222 0.968
vn 0.9584 -0.007 0.2854
vn 0.0396 -0.0234 0.9989
vn 0.0715 -0.0194 0.9972
vn 0.1848 -0.0026 0.9828
vn 0.0335 -0.0215 0.9992
vn 0.9848 -0.0028 0.1735
vn 0.9473 -0.0096 0.3202
vn 0.4306 -0.0022 -0.9025
vn 0.4432 0.0006 -0.8964
vn 0.9966 0.0004 -0.0825
vn 0.506 0.0014 -0.8625
vn 0.9781 -0.0028 0.2083
vn 0.4755 0.0002 -0.8797
vn 0.6047 0.0122 -0.7964
vn 0.9429 -0.0073 0.333
vn 0.9985 -0.0001 -0.0545
vn 0.0539 0.0005 -0.9985
vn 0.9724 -0.0042 0.2334
vn 0.934 -0.0118 0.3572
vn 0.4844 -0.0022 -0.8748
vn 0.1774 0.0015 -0.9841
vn 0.9998 0.0002 -0.0213
vn 0.9285 -0.0106 0.3711
vn 0.9143 -0.0146 0.4047
vn 0.913 -0.0155 0.4077
vn 0.9999 -0.0002 0.0113
vn 0.9484 -0.0065 0.3169
vn 0.9621 -0.0046 0.2725
vn 0.999 0.0002 0.044
vn 0.9508 -0.0036 0.3099
vn 0.634 -0.0479 0.7718
vn 0.9686 0.0008 -0.2487
vn 0.997 -0.0005 0.0771
vn 0.9767 -0.0006 -0.2148
vn 0.9985 0.0009 -0.0556
vn 0.6275 -0.0429 0.7774
vn 0.9998 0.0007 -0.0221
vn 0.9993 -0.0014 -0.0374
vn 0.6899 -0.0287 0.7233
vn 0.7528 -0.0419 0.6569
vn 0.7339 -0.0159 0.679
vn 0.738 -0.0185 0.6746
vn 0.9972 -0.0007 -0.0742
vn 0.7008 -0.0508 0.7116
vn 0.9988 -0.0004 0.0499
vn 0.9999 -0.0009 0.0105
vn 0.7664 -0.0085 0.6423
vn 0.9999 -0.0004 0.0135
vn 0.2069 -0.0771 0.9753
vn 0.77 -0.0329 0.6372
vn 0.7845 -0.0277 0.6195
vn 0.1144 -0.0837 0.9899
vn 0.1981 -0.0795 0.9769
vn 0.7771 -0.0271 0.6288
vn 0.0803 -0.0914 0.9926
vn 0.3939 -0.0394 0.9183
vn 0.1864 -0.0666 0.9802
vn 0.0509 -0.0831 0.9952
vn 0.0059 -0.0898 0.9959
vn 0.2087 -0.0533 0.9765
vn 0.8351 -0.0129 0.55
vn 0.0388 -0.0807 0.996
vn 0.8578 -0.0131 0.5139
vn 0.8535 -0.0111 0.521
vn 0.7154 -0.0157 0.6986
vn 0.0539 -0.0732 0.9959
vn 0.2343 -0.0438 0.9712
vn 0.2953 -0.0225 0.9551
vn 0.2555 -0.0208 0.9666
vn 0.2044 -0.0393 0.9781
vn 0.259 -0.0334 0.9653
vn 0.0436 -0.0618 0.9971
vn 0.5404 -0.0015 -0.8414
vn 0.5622 0.0003 -0.827
vn 0.043 -0.0621 0.9971
vn 0.0387 -0.0447 0.9983
vn 0.5523 0.0021 -0.8336
vn 0.0884 -0.0499 0.9948
vn 0.5235 -0.0012 -0.852
vn 0.5755 -0.0005 -0.8178
vn 0.5914 0.0008 -0.8064
vn 0.0683 -0.034 0.9971
vn 0.0289 -0.0305 0.9991
vn 0.1373 -0.0111 0.9905
vn 0.6065 -0.0013 -0.7951
vn 0.1264 -0.0154 0.9919
vn 0.0561 -0.0145 0.9983
vn 0.1212 -0.0136 0.9925
vn 0.1234 0.0086 0.9923
vn 0.0737 -0.0055 0.9973
vn 0.9852 -0.002 0.1713
vn 0.0064 -0.0103 0.9999
vn 0.0407 -0.003 0.9992
vn 0.7444 0.0031 -0.6678
vn 0.9808 -0.0013 0.1951
vn 0.021 -0.0001 -0.9998
vn 0.2734 -0.0009 -0.9619
vn 0.1134 0.0001 -0.9935
vn 0.1446 0.0002 -0.9895
vn 0.9552 0.0032 -0.2958
vn 0.9918 0.001 -0.1278
vn 0.9686 -0.0005 0.2488
vn 0.9932 -0.001 -0.1163
vn 0.6299 -0.0571 0.7746
vn 0.9966 0.0003 -0.0826
vn 0.5751 -0.0688 0.8152
vn 0.746 -0.0551 0.6636
vn 0.8237 -0.0205 0.5666
vn 0.8293 -0.0266 0.5581
vn 0.8069 -0.0268 0.59
vn 0.6272 -0.0522 0.7771
vn 0.9337 -0.0055 0.3579
vn 0.7356 -0.0388 0.6763
vn 0.8157 -0.0192 0.5782
vn 0.7957 -0.0238 0.6052
vn 0.8223 -0.0234 0.5685
vn 0.8911 -0.0127 0.4536
vn 0.8348 -0.0158 0.5503
vn 0.8359 -0.0163 0.5487
vn 0.8728 -0.0109 0.4879
vn 0.872 -0.0114 0.4894
vn 0.6823 -0.0179 0.7309
vn 0.6534 -0.0212 0.7567
vn 0.6309 -0.0408 0.7748
vn 0.672 0.0003 -0.7406
vn 0.6388 0.0005 -0.7694
vn 0.6115 -0.0001 -0.7912
vn 0.6746 -0.0005 -0.7382
vn 0.704 0.0008 -0.7102
vn 0.6431 -0.0005 -0.7657
vn 0.7227 -0.0268 0.6907
vn 0.6989 -0.0233 0.7149
vn 0.1828 0 -0.9832
vn 0.6679 -0.0331 0.7435
vn 0.7767 -0.0055 -0.6299
vn 0.8277 -0.0101 0.5611
vn 0.8288 -0.0094 0.5595
vn 0.9357 -0.0053 0.3528
vn 0.7351 -0.0198 0.6776
vn 0.6559 -0.0269 0.7543
vn 0.7337 -0.0013 -0.6795
vn 0.8044 -0.0122 0.5939
vn 0.7099 -0.0182 0.7041
vn 0.4112 0.0003 -0.9115
vn 0.0207 -0.0001 -0.9998
vn 0.0362 0.0003 -0.9993
vn 0.0869 -0.0972 0.9915
vn 0.2111 -0.0538 0.976
vn 0.1921 -0.013 0.9813
vn 0.0532 -0.0002 -0.9986
vn 0.1592 -0.0235 0.987
vn 0.1055 -0.0192 0.9942
vn 0.0857 0.0002 -0.9963
vn 0.1479 -0.0045 0.989
vn 0.0843 0.0002 -0.9964
vn 0.9691 -0 -0.2467
vn 0.9768 -0.0004 -0.2139
vn 0.1387 0.0002 -0.9903
vn 0.1133 -0.0002 -0.9936
vn 0.9854 0.0003 -0.1703
vn 0.9863 -0.0007 -0.165
vn 0.1447 -0.0001 -0.9895
vn 0.2088 -0.0023 -0.978
vn 0.2049 0.0015 -0.9788
vn 0.7748 -0.0349 0.6313
vn 0.7842 -0.037 0.6194
vn 0.1796 0.0002 -0.9837
vn 0.8426 -0.0248 0.5379
vn 0.2445 -0.0008 -0.9696
vn 0.8356 -0.0215 0.549
vn 0.8414 -0.0181 0.5401
vn 0.2134 -0.0002 -0.977
vn 0.928 -0.0055 0.3724
vn 0.9149 -0.0101 0.4035
vn 0.9063 -0.0074 0.4226
vn 0.8569 -0.0155 0.5153
vn 0.8628 -0.0125 0.5054
vn 0.8732 -0.0144 0.4872
vn 0.2356 0.0003 -0.9718
vn 0.2399 0.0006 -0.9708
vn 0.8942 -0.0085 0.4476
vn 0.6836 -0.0183 0.7296
vn 0.2731 -0.0003 -0.962
vn 0.6588 -0.0106 0.7522
vn 0.6176 -0.0159 0.7864
vn 0.6374 -0.0105 0.7705
vn 0.5303 0.0003 -0.8478
vn 0.9927 -0.0003 0.1204
vn 0.647 -0.0916 0.7569
vn 0.7067 0.0001 -0.7075
vn 0.7468 0.0014 -0.6651
vn 0.2996 0.0008 -0.9541
vn 0.7227 -0.0374 0.6901
vn 0.7315 -0.0006 -0.6818
vn 0.658 -0.0452 0.7517
vn 0.6787 -0.0484 0.7328
vn 0.5726 0.0004 -0.8198
vn 0.5969 -0.0608 0.8
vn 0.3198 -0.0003 -0.9475
vn 0.3558 0.0002 -0.9346
vn 0.3556 0.0002 -0.9346
vn 0.6121 -0.0536 0.789
vn 0.9609 -0.001 0.2767
vn 0.6515 0.0004 -0.7586
vn 0.6656 -0.039 0.7453
vn 0.6707 -0.0368 0.7408
vn 0.7014 -0.0382 0.7118
vn 0.4003 -0.0003 -0.9164
vn 0.9509 -0.0029 0.3094
vn 0.8944 -0.0091 0.4472
vn 0.9369 0.0012 -0.3497
vn 0.9468 0.0011 -0.3217
vn 0.9578 0.0002 -0.2874
vn 0.9404 -0.0009 -0.3402
vn 0.9342 -0.0037 0.3568
vn 0.9559 -0.001 -0.2936
vn 0.8315 -0.0321 0.5545
vn 0.7859 -0.021 0.6181
vn 0.8401 -0.0236 0.5419
vn 0.8994 -0.0049 0.4372
vn 0.6838 0.0003 -0.7297
vn 0.4442 -0 -0.8959
vn 0.4488 0.0002 -0.8936
vn 0.8301 -0.0259 0.5571
vn 0.807 -0.03 0.5898
vn 0.8143 -0.0322 0.5795
vn 0.8556 -0.018 0.5174
vn 0.8715 -0.0218 0.4898
vn 0.4893 0.0003 -0.8721
vn 0.4745 -0.0002 -0.8802
vn 0.8658 -0.0165 0.5001
vn 0.863 -0.0185 0.5048
vn 0.8874 -0.0156 0.4608
vn 0.9063 -0.0127 0.4224
vn 0.5262 -0.0702 0.8475
vn 0.5369 -0.0748 0.8404
vn 0.6021 -0.0518 0.7967
vn 0.7607 -0.0172 0.6489
vn 0.8087 -0.0133 0.5881
vn 0.5116 -0.074 0.856
vn 0.9157 -0.007 0.4019
vn 0.4653 -0.0795 0.8816
vn 0.4716 -0.0805 0.8781
vn 0.5718 -0.0538 0.8186
vn 0.5537 -0.0619 0.8304
vn 0.4234 -0.086 0.9018
vn 0.8875 -0.0106 0.4607
vn 0.8805 -0.0099 0.4739
vn 0.4379 -0.0796 0.8955
vn 0.5115 -0.0611 0.8571
vn 0.526 -0.0564 0.8486
vn 0.5064 -0.0003 -0.8623
vn 0.3908 -0.0891 0.9161
vn 0.9336 -0.0054 0.3582
vn 0.3828 -0.0877 0.9197
vn 0.6022 -0.0395 0.7973
vn 0.5382 -0 -0.8428
vn 0.361 -0.0887 0.9283
vn 0.7839 -0.0145 0.6208
vn 0.4737 -0.0647 0.8783
vn 0.4729 -0.065 0.8787
vn 0.7628 -0 -0.6467
vn 0.7878 -0.0013 -0.616
vn 0.7647 -0.001 -0.6443
vn 0.7738 0.0014 -0.6334
vn 0.5622 -0 -0.827
vn 0.3271 -0.0962 0.9401
vn 0.8511 0.0028 -0.5249
vn 0.8058 0.0013 -0.5922
vn 0.4385 -0.0652 0.8964
vn 0.3063 -0.0927 0.9474
vn 0.7913 -0.0096 0.6114
vn 0.8055 -0.0062 0.5925
vn 0.4078 -0.0727 0.9102
vn 0.0168 0.3162 -0.9485
vn 0.0174 0.3161 -0.9486
vn 0.0173 -0.9999 0.0001
vn 0.0178 -0.9998 0
vn 0.0179 0.3162 0.9485
vn 0.0175 0.3162 0.9485
vn 1 0 0
vn 0.0169 0.9485 0.3162
vn 0.0175 0.9486 0.3161
vn 0.0174 0 -0.9998
vn 0.0175 0 -0.9998
vn 0.0174 -0.9485 0.3162
vn 0.0175 -0.9485 0.3162
f 1//1 2//1 3//1
f 4//1 3//1 5//1
f 6//1 1//1 3//1
f 7//2 3//2 4//2
f 6//1 3//1 7//1
f 8//1 9//1 7//1
f 10//1 11//1 6//1
f 6//1 11//1 12//1
f 1//1 13//1 2//1
f 1//1 14//1 13//1
f 9//1 15//1 7//1
f 15//1 16//1 7//1
f 1//1 17//1 14//1
f 16//1 18//1 7//1
f 18//1 19//1 7//1
f 1//1 20//1 17//1
f 6//1 20//1 1//1
f 19//1 21//1 7//1
f 6//1 22//1 20//1
f 21//1 23//1 7//1
f 6//1 24//1 22//1
f 23//1 25//1 7//1
f 6//1 26//1 24//1
f 25//1 27//1 7//1
f 6//1 28//1 26//1
f 27//1 29//1 7//1
f 6//1 30//1 28//1
f 29//1 31//1 7//1
f 31//1 32//1 7//1
f 33//1 5//1 34//1
f 34//1 5//1 35//1
f 6//1 36//1 30//1
f 5//1 3//1 35//1
f 32//1 37//1 7//1
f 6//1 38//1 36//1
f 35//1 3//1 39//1
f 37//1 40//1 7//1
f 6//1 41//1 38//1
f 40//1 42//1 7//1
f 33//1 4//1 5//1
f 42//1 43//1 7//1
f 6//1 44//1 41//1
f 43//3 45//3 7//3
f 46//1 4//1 33//1
f 6//1 47//1 44//1
f 45//1 48//1 7//1
f 48//3 49//3 7//3
f 6//1 50//1 47//1
f 49//1 51//1 7//1
f 51//4 52//4 7//4
f 6//1 53//1 50//1
f 7//1 54//1 6//1
f 52//1 54//1 7//1
f 6//1 55//1 53//1
f 56//1 4//1 57//1
f 57//1 4//1 46//1
f 54//1 58//1 6//1
f 56//5 7//5 4//5
f 6//1 59//1 55//1
f 58//3 60//3 6//3
f 6//1 61//1 59//1
f 60//6 62//6 6//6
f 63//1 7//1 64//1
f 64//1 7//1 56//1
f 62//3 65//3 6//3
f 6//1 66//1 61//1
f 67//1 7//1 68//1
f 68//1 7//1 69//1
f 65//1 70//1 6//1
f 69//1 7//1 71//1
f 71//1 7//1 63//1
f 72//1 7//1 73//1
f 70//4 74//4 6//4
f 6//1 75//1 66//1
f 73//1 7//1 76//1
f 76//1 7//1 77//1
f 77//1 7//1 78//1
f 78//1 7//1 67//1
f 79//1 7//1 72//1
f 8//1 7//1 79//1
f 74//1 80//1 6//1
f 6//1 81//1 75//1
f 80//1 82//1 6//1
f 82//1 83//1 6//1
f 83//1 84//1 6//1
f 6//1 85//1 81//1
f 3//1 2//1 39//1
f 39//1 2//1 13//1
f 84//1 10//1 6//1
f 6//1 12//1 85//1
f 86//7 87//7 39//7
f 39//8 87//8 35//8
f 35//9 88//9 34//9
f 89//10 90//10 53//10
f 88//11 91//11 34//11
f 53//12 92//12 50//12
f 90//13 92//13 53//13
f 91//14 93//14 34//14
f 34//15 93//15 33//15
f 92//16 94//16 50//16
f 93//17 95//17 33//17
f 50//18 96//18 47//18
f 94//19 96//19 50//19
f 95//20 97//20 33//20
f 96//21 98//21 47//21
f 97//22 99//22 33//22
f 33//23 99//23 46//23
f 98//24 100//24 47//24
f 47//25 100//25 44//25
f 100//26 101//26 44//26
f 99//27 102//27 46//27
f 101//28 103//28 44//28
f 103//29 104//29 44//29
f 46//30 102//30 57//30
f 102//31 105//31 57//31
f 44//32 104//32 41//32
f 105//33 106//33 57//33
f 57//34 106//34 56//34
f 106//35 107//35 56//35
f 104//36 108//36 41//36
f 107//37 109//37 56//37
f 108//38 110//38 41//38
f 56//39 109//39 64//39
f 109//40 111//40 64//40
f 41//41 112//41 38//41
f 110//42 112//42 41//42
f 111//43 113//43 64//43
f 112//44 114//44 38//44
f 113//45 115//45 64//45
f 38//46 114//46 36//46
f 114//47 116//47 36//47
f 64//48 115//48 63//48
f 115//49 117//49 63//49
f 117//50 118//50 63//50
f 36//51 116//51 30//51
f 118//52 119//52 63//52
f 63//52 119//52 71//52
f 116//53 120//53 30//53
f 120//54 121//54 30//54
f 30//55 122//55 28//55
f 121//56 122//56 30//56
f 119//57 123//57 71//57
f 71//58 124//58 69//58
f 123//59 124//59 71//59
f 122//60 125//60 28//60
f 28//61 125//61 26//61
f 124//62 126//62 69//62
f 125//63 127//63 26//63
f 69//64 126//64 68//64
f 127//65 128//65 26//65
f 128//66 129//66 26//66
f 126//67 130//67 68//67
f 26//68 129//68 24//68
f 130//69 131//69 68//69
f 68//70 131//70 67//70
f 131//71 132//71 67//71
f 129//72 133//72 24//72
f 132//73 134//73 67//73
f 24//74 133//74 22//74
f 134//75 135//75 67//75
f 133//76 136//76 22//76
f 67//77 135//77 78//77
f 136//78 137//78 22//78
f 135//79 138//79 78//79
f 138//80 139//80 78//80
f 22//81 140//81 20//81
f 137//82 140//82 22//82
f 78//83 139//83 77//83
f 140//84 141//84 20//84
f 141//85 142//85 20//85
f 139//86 143//86 77//86
f 20//87 142//87 17//87
f 77//88 143//88 76//88
f 143//89 144//89 76//89
f 142//90 145//90 17//90
f 145//91 146//91 17//91
f 144//92 147//92 76//92
f 76//93 148//93 73//93
f 147//94 148//94 76//94
f 17//95 149//95 14//95
f 146//95 149//95 17//95
f 148//96 150//96 73//96
f 150//97 151//97 73//97
f 73//98 151//98 72//98
f 149//99 152//99 14//99
f 152//100 153//100 14//100
f 14//101 153//101 13//101
f 153//102 154//102 13//102
f 154//103 155//103 13//103
f 155//104 156//104 13//104
f 13//105 156//105 39//105
f 156//106 86//106 39//106
f 157//107 158//107 159//107
f 160//108 161//108 162//108
f 163//109 156//109 164//109
f 162//110 161//110 165//110
f 155//111 166//111 167//111
f 168//112 169//112 157//112
f 161//113 170//113 165//113
f 165//114 170//114 171//114
f 172//115 173//115 174//115
f 175//116 173//116 172//116
f 168//117 176//117 169//117
f 169//118 176//118 160//118
f 177//119 178//119 179//119
f 180//120 159//120 181//120
f 182//121 183//121 184//121
f 170//122 185//122 171//122
f 186//123 187//123 188//123
f 171//124 185//124 189//124
f 183//125 177//125 184//125
f 176//126 161//126 160//126
f 178//127 190//127 180//127
f 191//128 190//128 178//128
f 191//129 177//129 192//129
f 192//130 177//130 183//130
f 193//131 157//131 159//131
f 186//132 194//132 195//132
f 196//133 192//133 183//133
f 185//134 197//134 189//134
f 189//135 197//135 198//135
f 193//136 168//136 157//136
f 199//137 168//137 193//137
f 161//138 200//138 170//138
f 198//139 197//139 201//139
f 202//140 203//140 204//140
f 205//141 202//141 206//141
f 197//142 207//142 201//142
f 203//143 208//143 204//143
f 199//144 176//144 168//144
f 204//145 206//145 202//145
f 170//146 200//146 185//146
f 204//147 209//147 206//147
f 206//148 209//148 210//148
f 201//149 207//149 211//149
f 199//150 212//150 176//150
f 208//151 213//151 209//151
f 200//152 214//152 185//152
f 176//153 212//153 161//153
f 210//154 209//154 215//154
f 207//155 216//155 211//155
f 213//156 217//156 218//156
f 219//157 217//157 213//157
f 214//158 220//158 185//158
f 218//159 215//159 209//159
f 211//160 216//160 221//160
f 215//161 218//161 222//161
f 212//162 223//162 161//162
f 185//163 220//163 197//163
f 161//164 223//164 200//164
f 224//165 222//165 218//165
f 221//166 225//166 226//166
f 227//167 199//167 193//167
f 135//168 228//168 229//168
f 230//169 231//169 220//169
f 220//170 231//170 197//170
f 232//171 200//171 223//171
f 188//172 129//172 186//172
f 233//173 221//173 216//173
f 234//174 221//174 233//174
f 134//175 228//175 135//175
f 235//176 228//176 134//176
f 197//177 231//177 207//177
f 226//178 225//178 236//178
f 236//179 225//179 237//179
f 131//180 238//180 132//180
f 222//181 224//181 239//181
f 232//182 214//182 200//182
f 240//183 241//183 242//183
f 134//184 132//184 235//184
f 231//185 243//185 207//185
f 133//186 129//186 188//186
f 244//187 214//187 232//187
f 245//188 246//188 247//188
f 247//189 246//189 248//189
f 249//190 248//190 246//190
f 250//191 126//191 240//191
f 199//192 251//192 212//192
f 244//193 230//193 214//193
f 214//194 230//194 220//194
f 194//195 128//195 252//195
f 234//196 225//196 221//196
f 186//197 128//197 194//197
f 129//198 128//198 186//198
f 253//199 123//199 224//199
f 254//200 230//200 244//200
f 130//201 238//201 131//201
f 251//202 255//202 212//202
f 212//203 255//203 223//203
f 123//204 256//204 224//204
f 257//205 233//205 243//205
f 247//206 248//206 258//206
f 259//207 233//207 257//207
f 237//208 225//208 260//208
f 255//209 232//209 223//209
f 261//210 232//210 255//210
f 128//211 127//211 252//211
f 233//212 259//212 234//212
f 196//213 125//213 192//213
f 262//214 263//214 227//214
f 227//215 263//215 199//215
f 248//216 264//216 258//216
f 125//217 122//217 192//217
f 265//218 264//218 248//218
f 266//219 267//219 268//219
f 199//220 263//220 251//220
f 261//221 244//221 232//221
f 269//222 244//222 261//222
f 252//223 125//223 196//223
f 266//224 257//224 267//224
f 231//225 257//225 243//225
f 263//226 270//226 251//226
f 271//227 272//227 273//227
f 274//228 275//228 276//228
f 251//229 270//229 255//229
f 277//230 95//230 278//230
f 192//231 121//231 279//231
f 122//232 121//232 192//232
f 269//233 254//233 244//233
f 280//234 281//234 282//234
f 266//235 259//235 257//235
f 283//236 259//236 266//236
f 279//237 121//237 284//237
f 285//238 270//238 286//238
f 286//239 270//239 287//239
f 273//240 288//240 275//240
f 272//241 288//241 273//241
f 289//242 290//242 227//242
f 291//243 290//243 289//243
f 285//244 255//244 270//244
f 283//245 292//245 259//245
f 121//237 120//237 284//237
f 288//246 293//246 275//246
f 294//247 255//247 285//247
f 88//248 295//248 91//248
f 120//249 116//249 284//249
f 284//250 116//250 291//250
f 291//251 296//251 290//251
f 288//252 297//252 293//252
f 298//253 297//253 288//253
f 299//254 87//254 300//254
f 301//255 261//255 294//255
f 294//256 261//256 255//256
f 302//257 87//257 86//257
f 302//258 86//258 303//258
f 303//259 86//259 164//259
f 116//260 296//260 291//260
f 164//261 86//261 163//261
f 301//262 269//262 261//262
f 304//263 175//263 172//263
f 305//264 175//264 304//264
f 190//265 306//265 180//265
f 307//266 308//266 301//266
f 194//267 252//267 182//267
f 301//268 308//268 269//268
f 182//269 252//269 183//269
f 283//270 309//270 292//270
f 114//271 290//271 296//271
f 310//272 311//272 312//272
f 262//273 110//273 287//273
f 313//274 314//274 203//274
f 315//275 316//275 266//275
f 290//276 112//276 262//276
f 110//277 286//277 287//277
f 317//278 315//278 318//278
f 266//279 319//279 283//279
f 316//280 319//280 266//280
f 112//281 110//281 262//281
f 204//282 208//282 209//282
f 317//283 316//283 315//283
f 209//151 213//151 218//151
f 286//284 108//284 285//284
f 285//285 108//285 294//285
f 110//286 108//286 286//286
f 218//287 217//287 224//287
f 320//288 242//288 219//288
f 321//289 319//289 316//289
f 322//290 319//290 321//290
f 217//291 253//291 224//291
f 312//292 323//292 324//292
f 294//293 103//293 301//293
f 108//294 104//294 294//294
f 130//295 250//295 238//295
f 126//296 250//296 130//296
f 301//297 103//297 307//297
f 103//298 101//298 307//298
f 245//299 325//299 326//299
f 104//300 103//300 294//300
f 307//301 101//301 318//301
f 245//302 247//302 325//302
f 101//303 100//303 318//303
f 318//304 100//304 317//304
f 322//305 327//305 328//305
f 100//306 98//306 317//306
f 126//307 124//307 240//307
f 224//154 256//154 239//154
f 324//308 327//308 329//308
f 322//309 330//309 327//309
f 327//310 330//310 329//310
f 247//311 331//311 325//311
f 247//311 258//311 331//311
f 332//312 333//312 334//312
f 331//313 264//313 335//313
f 258//314 264//314 331//314
f 264//315 336//315 335//315
f 337//316 338//316 271//316
f 264//317 339//317 336//317
f 275//318 340//318 273//318
f 273//319 340//319 271//319
f 147//320 341//320 148//320
f 271//321 338//321 272//321
f 339//322 342//322 336//322
f 278//323 336//323 277//323
f 95//324 280//324 278//324
f 343//325 344//325 345//325
f 338//326 346//326 272//326
f 99//327 342//327 102//327
f 347//328 348//328 349//328
f 348//329 350//329 343//329
f 346//330 288//330 272//330
f 91//331 295//331 281//331
f 281//332 295//332 282//332
f 288//333 351//333 298//333
f 346//334 351//334 288//334
f 295//335 88//335 352//335
f 300//336 88//336 299//336
f 352//337 88//337 300//337
f 353//338 354//338 355//338
f 356//339 357//339 304//339
f 304//340 357//340 305//340
f 358//341 359//341 181//341
f 354//342 360//342 355//342
f 180//343 306//343 159//343
f 159//344 306//344 193//344
f 361//345 158//345 362//345
f 360//346 146//346 355//346
f 252//347 196//347 183//347
f 355//348 146//348 363//348
f 146//349 364//349 363//349
f 127//350 125//350 252//350
f 181//351 359//351 179//351
f 180//352 179//352 178//352
f 181//353 179//353 180//353
f 203//354 314//354 208//354
f 314//355 365//355 208//355
f 208//356 365//356 213//356
f 175//357 366//357 173//357
f 213//358 365//358 219//358
f 137//359 366//359 367//359
f 368//360 219//360 365//360
f 188//361 369//361 133//361
f 219//362 242//362 217//362
f 253//363 242//363 241//363
f 217//364 242//364 253//364
f 231//365 230//365 267//365
f 231//366 267//366 257//366
f 254//367 268//367 230//367
f 230//368 268//368 267//368
f 234//369 260//369 225//369
f 260//370 234//370 259//370
f 254//371 370//371 268//371
f 287//372 270//372 262//372
f 262//373 270//373 263//373
f 371//374 372//374 373//374
f 326//375 372//375 371//375
f 259//376 292//376 260//376
f 326//377 325//377 372//377
f 268//378 370//378 308//378
f 308//379 370//379 269//379
f 269//380 370//380 254//380
f 292//381 311//381 260//381
f 260//382 311//382 310//382
f 308//383 315//383 268//383
f 268//384 315//384 266//384
f 309//385 311//385 292//385
f 311//386 309//386 323//386
f 253//387 241//387 124//387
f 307//388 315//388 308//388
f 124//389 241//389 240//389
f 318//390 315//390 307//390
f 311//391 323//391 312//391
f 323//392 309//392 328//392
f 328//393 309//393 283//393
f 256//394 332//394 239//394
f 319//395 328//395 283//395
f 119//396 256//396 123//396
f 322//397 328//397 319//397
f 327//398 323//398 328//398
f 324//399 323//399 327//399
f 124//400 123//400 253//400
f 98//401 96//401 317//401
f 322//402 92//402 330//402
f 96//403 94//403 322//403
f 329//404 330//404 89//404
f 372//405 331//405 374//405
f 325//406 331//406 372//406
f 330//407 90//407 89//407
f 118//408 256//408 119//408
f 72//409 151//409 375//409
f 151//410 150//410 375//410
f 331//411 335//411 374//411
f 374//412 335//412 376//412
f 377//413 378//413 379//413
f 380//414 381//414 378//414
f 382//415 383//415 384//415
f 335//416 336//416 376//416
f 117//417 113//417 385//417
f 117//418 115//418 113//418
f 383//419 105//419 384//419
f 386//420 387//420 380//420
f 380//421 387//421 381//421
f 388//422 338//422 337//422
f 105//423 389//423 384//423
f 384//424 389//424 390//424
f 376//425 336//425 278//425
f 381//426 391//426 378//426
f 379//427 391//427 345//427
f 378//428 391//428 379//428
f 392//429 393//429 388//429
f 72//430 394//430 395//430
f 391//431 381//431 396//431
f 338//432 388//432 346//432
f 346//433 388//433 393//433
f 397//434 398//434 399//434
f 391//427 400//427 345//427
f 400//435 391//435 401//435
f 105//436 102//436 389//436
f 72//437 402//437 394//437
f 97//438 95//438 277//438
f 345//439 400//439 343//439
f 95//440 281//440 280//440
f 93//441 281//441 95//441
f 91//442 281//442 93//442
f 393//443 353//443 346//443
f 403//444 400//444 404//444
f 405//445 353//445 393//445
f 403//446 343//446 400//446
f 351//447 346//447 353//447
f 402//448 406//448 394//448
f 394//449 406//449 407//449
f 408//450 409//450 404//450
f 356//451 410//451 357//451
f 411//452 410//452 356//452
f 177//453 191//453 178//453
f 191//454 412//454 190//454
f 192//455 279//455 191//455
f 397//456 413//456 398//456
f 414//457 413//457 397//457
f 407//458 415//458 416//458
f 406//459 415//459 407//459
f 349//460 409//460 417//460
f 348//461 403//461 349//461
f 348//462 343//462 403//462
f 415//463 341//463 416//463
f 416//464 341//464 418//464
f 419//465 420//465 421//465
f 422//466 421//466 423//466
f 423//467 421//467 420//467
f 424//468 425//468 426//468
f 420//469 427//469 423//469
f 422//470 428//470 429//470
f 418//471 430//471 431//471
f 341//472 430//472 418//472
f 429//473 428//473 432//473
f 422//474 423//474 433//474
f 433//475 428//475 422//475
f 424//476 434//476 425//476
f 430//477 435//477 431//477
f 433//478 436//478 428//478
f 423//479 437//479 433//479
f 438//480 437//480 439//480
f 439//481 437//481 423//481
f 320//482 434//482 440//482
f 414//483 441//483 413//483
f 433//484 437//484 442//484
f 431//485 435//485 443//485
f 440//486 240//486 320//486
f 442//487 436//487 433//487
f 250//488 240//488 440//488
f 435//489 444//489 443//489
f 438//490 445//490 446//490
f 166//491 153//491 447//491
f 442//492 448//492 436//492
f 438//493 449//493 437//493
f 437//494 449//494 442//494
f 446//495 449//495 438//495
f 450//496 451//496 452//496
f 452//496 451//496 453//496
f 451//497 372//497 453//497
f 373//498 372//498 451//498
f 443//499 454//499 455//499
f 444//500 454//500 443//500
f 118//501 332//501 256//501
f 349//502 417//502 385//502
f 454//503 456//503 455//503
f 332//504 118//504 333//504
f 117//505 333//505 118//505
f 333//506 385//506 417//506
f 455//507 456//507 397//507
f 372//508 374//508 453//508
f 449//509 446//509 172//509
f 449//510 448//510 442//510
f 174//511 448//511 449//511
f 456//512 414//512 397//512
f 304//513 172//513 446//513
f 364//514 457//514 363//514
f 449//515 172//515 174//515
f 414//516 458//516 441//516
f 459//517 460//517 461//517
f 374//508 462//508 453//508
f 463//518 464//518 465//518
f 374//519 376//519 462//519
f 388//520 337//520 392//520
f 392//521 337//521 461//521
f 466//522 465//522 184//522
f 184//523 467//523 466//523
f 177//524 467//524 184//524
f 179//525 467//525 177//525
f 390//526 339//526 264//526
f 468//527 469//527 460//527
f 460//528 469//528 392//528
f 470//529 109//529 350//529
f 376//530 280//530 462//530
f 182//531 465//531 195//531
f 376//532 278//532 280//532
f 184//533 465//533 182//533
f 336//534 342//534 277//534
f 366//535 369//535 173//535
f 392//536 469//536 393//536
f 102//537 342//537 339//537
f 414//538 229//538 458//538
f 146//539 145//539 364//539
f 175//540 367//540 366//540
f 97//541 277//541 342//541
f 342//542 99//542 97//542
f 366//543 137//543 369//543
f 194//544 182//544 195//544
f 369//545 137//545 136//545
f 405//546 469//546 471//546
f 469//547 405//547 393//547
f 133//548 369//548 136//548
f 243//549 216//549 207//549
f 233//550 216//550 243//550
f 411//551 297//551 410//551
f 363//552 410//552 297//552
f 190//553 472//553 306//553
f 412//554 472//554 190//554
f 96//555 321//555 317//555
f 322//556 321//556 96//556
f 330//557 92//557 90//557
f 322//558 94//558 92//558
f 375//559 406//559 402//559
f 473//560 474//560 475//560
f 398//561 476//561 399//561
f 399//562 476//562 474//562
f 474//563 476//563 475//563
f 477//564 478//564 386//564
f 475//565 479//565 473//565
f 473//566 479//566 426//566
f 426//567 479//567 424//567
f 386//568 380//568 477//568
f 425//569 313//569 426//569
f 314//570 313//570 425//570
f 475//571 476//571 479//571
f 150//572 415//572 406//572
f 413//573 480//573 398//573
f 398//574 480//574 476//574
f 147//575 430//575 341//575
f 476//576 480//576 479//576
f 415//577 148//577 341//577
f 150//578 148//578 415//578
f 481//579 314//579 425//579
f 365//580 314//580 481//580
f 479//581 480//581 482//581
f 441//582 483//582 413//582
f 413//583 483//583 480//583
f 480//584 483//584 482//584
f 479//585 482//585 424//585
f 434//586 481//586 425//586
f 368//587 481//587 434//587
f 365//588 481//588 368//588
f 482//589 434//589 424//589
f 482//590 483//590 484//590
f 483//591 485//591 484//591
f 458//592 485//592 441//592
f 441//593 485//593 483//593
f 434//594 484//594 440//594
f 482//595 484//595 434//595
f 486//596 487//596 488//596
f 320//597 368//597 434//597
f 219//598 368//598 320//598
f 147//599 144//599 430//599
f 484//600 485//600 489//600
f 229//601 490//601 458//601
f 458//602 490//602 485//602
f 485//603 490//603 489//603
f 228//604 490//604 229//604
f 235//605 490//605 228//605
f 484//606 489//606 440//606
f 440//607 489//607 250//607
f 240//608 242//608 320//608
f 491//609 492//609 493//609
f 494//610 492//610 495//610
f 495//611 492//611 491//611
f 496//612 492//612 450//612
f 496//613 493//613 492//613
f 450//614 452//614 496//614
f 496//615 452//615 497//615
f 498//616 493//616 499//616
f 143//617 444//617 144//617
f 496//618 500//618 493//618
f 497//619 500//619 496//619
f 345//620 487//620 379//620
f 493//621 500//621 499//621
f 349//622 385//622 501//622
f 502//623 487//623 345//623
f 488//624 487//624 502//624
f 117//625 385//625 333//625
f 503//626 504//626 505//626
f 505//627 504//627 506//627
f 507//628 504//628 503//628
f 452//629 453//629 497//629
f 497//630 453//630 508//630
f 501//631 347//631 349//631
f 347//632 470//632 348//632
f 344//633 502//633 345//633
f 135//634 509//634 138//634
f 348//635 470//635 350//635
f 488//636 502//636 510//636
f 111//637 347//637 501//637
f 493//638 503//638 491//638
f 498//639 503//639 493//639
f 511//640 512//640 513//640
f 497//641 512//641 500//641
f 499//642 512//642 498//642
f 500//643 512//643 499//643
f 501//644 385//644 113//644
f 111//645 470//645 347//645
f 392//646 461//646 460//646
f 498//647 514//647 503//647
f 507//648 514//648 515//648
f 503//649 514//649 507//649
f 510//650 502//650 382//650
f 343//651 502//651 344//651
f 113//652 111//652 501//652
f 453//653 516//653 508//653
f 460//654 515//654 468//654
f 504//655 515//655 460//655
f 507//656 515//656 504//656
f 508//657 512//657 497//657
f 502//658 517//658 382//658
f 343//620 517//620 502//620
f 382//659 517//659 383//659
f 350//660 517//660 343//660
f 453//661 462//661 516//661
f 518//662 519//662 427//662
f 470//663 111//663 109//663
f 520//664 427//664 419//664
f 419//665 427//665 420//665
f 512//666 514//666 498//666
f 511//667 514//667 512//667
f 109//668 517//668 350//668
f 107//669 517//669 109//669
f 513//670 521//670 511//670
f 522//671 439//671 427//671
f 427//672 439//672 423//672
f 508//657 521//657 512//657
f 512//673 521//673 513//673
f 523//674 521//674 524//674
f 516//675 521//675 508//675
f 462//676 280//676 516//676
f 107//677 106//677 517//677
f 517//678 106//678 383//678
f 428//679 525//679 432//679
f 511//680 526//680 514//680
f 515//681 526//681 527//681
f 514//682 526//682 515//682
f 106//683 105//683 383//683
f 522//684 445//684 439//684
f 439//685 445//685 438//685
f 339//686 390//686 102//686
f 428//687 528//687 525//687
f 447//688 167//688 166//688
f 516//689 280//689 282//689
f 102//690 390//690 389//690
f 511//691 529//691 526//691
f 526//692 529//692 527//692
f 523//693 529//693 521//693
f 521//694 529//694 511//694
f 302//695 530//695 300//695
f 521//673 530//673 524//673
f 516//696 530//696 521//696
f 524//697 530//697 523//697
f 523//698 530//698 302//698
f 282//699 530//699 516//699
f 352//700 530//700 282//700
f 300//701 530//701 352//701
f 469//702 468//702 471//702
f 153//703 531//703 447//703
f 468//704 515//704 471//704
f 495//705 491//705 532//705
f 298//706 351//706 355//706
f 447//707 353//707 471//707
f 351//708 353//708 355//708
f 531//709 353//709 447//709
f 471//710 353//710 405//710
f 532//711 503//711 505//711
f 297//712 355//712 363//712
f 298//713 355//713 297//713
f 446//714 445//714 304//714
f 491//715 503//715 532//715
f 306//716 289//716 193//716
f 472//717 289//717 306//717
f 193//718 289//718 227//718
f 533//719 358//719 361//719
f 353//720 531//720 354//720
f 436//721 534//721 528//721
f 279//722 412//722 191//722
f 304//723 445//723 356//723
f 412//724 284//724 472//724
f 289//725 284//725 291//725
f 279//726 284//726 412//726
f 472//727 284//727 289//727
f 361//728 358//728 158//728
f 290//729 262//729 227//729
f 296//730 116//730 114//730
f 359//731 535//731 179//731
f 179//732 535//732 467//732
f 114//733 112//733 290//733
f 536//734 448//734 174//734
f 149//735 360//735 354//735
f 363//736 457//736 410//736
f 360//737 149//737 146//737
f 187//738 537//738 448//738
f 195//739 537//739 187//739
f 448//740 536//740 187//740
f 457//741 538//741 410//741
f 305//742 367//742 175//742
f 188//743 173//743 369//743
f 188//744 536//744 173//744
f 187//745 536//745 188//745
f 141//746 539//746 305//746
f 145//747 457//747 364//747
f 538//748 457//748 145//748
f 539//749 367//749 305//749
f 195//750 187//750 186//750
f 142//751 538//751 145//751
f 317//752 321//752 316//752
f 540//753 386//753 478//753
f 541//754 386//754 540//754
f 229//755 414//755 509//755
f 396//756 381//756 387//756
f 444//757 435//757 144//757
f 144//758 435//758 430//758
f 139//759 456//759 454//759
f 486//760 488//760 542//760
f 454//761 444//761 143//761
f 543//762 386//762 541//762
f 408//763 396//763 387//763
f 391//764 396//764 401//764
f 401//765 396//765 408//765
f 143//766 139//766 454//766
f 235//767 132//767 490//767
f 132//768 238//768 490//768
f 490//769 238//769 489//769
f 488//770 544//770 542//770
f 542//771 544//771 545//771
f 545//772 544//772 249//772
f 334//773 543//773 541//773
f 404//765 401//765 408//765
f 400//774 401//774 404//774
f 543//775 409//775 408//775
f 302//776 303//776 523//776
f 249//777 544//777 546//777
f 546//778 544//778 510//778
f 488//779 510//779 544//779
f 523//780 303//780 529//780
f 334//781 333//781 543//781
f 543//782 333//782 409//782
f 409//783 333//783 417//783
f 349//784 404//784 409//784
f 403//785 404//785 349//785
f 303//786 164//786 529//786
f 510//787 382//787 546//787
f 546//788 382//788 547//788
f 547//789 382//789 384//789
f 529//790 167//790 527//790
f 164//791 167//791 529//791
f 427//792 520//792 518//792
f 527//793 167//793 515//793
f 427//794 519//794 522//794
f 515//795 447//795 471//795
f 167//796 447//796 515//796
f 522//797 548//797 445//797
f 519//798 548//798 522//798
f 436//721 528//721 428//721
f 528//799 549//799 525//799
f 411//800 356//800 548//800
f 548//801 356//801 445//801
f 35//802 87//802 299//802
f 550//803 359//803 533//803
f 533//804 359//804 358//804
f 463//805 549//805 528//805
f 551//806 549//806 463//806
f 467//807 551//807 466//807
f 535//808 551//808 467//808
f 448//809 534//809 436//809
f 152//810 531//810 153//810
f 354//811 531//811 152//811
f 534//812 463//812 528//812
f 163//813 86//813 156//813
f 448//814 537//814 534//814
f 166//815 154//815 153//815
f 551//816 463//816 466//816
f 155//817 154//817 166//817
f 149//818 354//818 152//818
f 466//819 463//819 465//819
f 534//820 464//820 463//820
f 537//821 464//821 534//821
f 410//822 538//822 357//822
f 357//823 538//823 142//823
f 537//824 465//824 464//824
f 195//825 465//825 537//825
f 357//826 141//826 305//826
f 142//827 141//827 357//827
f 173//828 536//828 174//828
f 367//829 539//829 137//829
f 137//830 539//830 140//830
f 539//831 141//831 140//831
f 552//832 540//832 478//832
f 206//833 552//833 205//833
f 206//834 210//834 552//834
f 552//835 210//835 540//835
f 541//836 540//836 210//836
f 408//837 387//837 386//837
f 414//838 456//838 138//838
f 542//839 545//839 553//839
f 138//840 456//840 139//840
f 543//841 408//841 386//841
f 138//842 509//842 414//842
f 135//843 229//843 509//843
f 541//844 222//844 334//844
f 210//845 222//845 541//845
f 215//846 222//846 210//846
f 489//847 238//847 250//847
f 246//848 553//848 249//848
f 545//849 249//849 553//849
f 332//850 222//850 239//850
f 248//851 249//851 265//851
f 332//852 334//852 222//852
f 249//853 546//853 265//853
f 546//854 547//854 265//854
f 390//855 264//855 265//855
f 547//856 384//856 265//856
f 265//857 384//857 390//857
f 340//858 275//858 274//858
f 519//859 274//859 276//859
f 518//860 274//860 519//860
f 282//861 295//861 352//861
f 87//862 302//862 300//862
f 275//863 293//863 276//863
f 276//864 293//864 519//864
f 519//865 293//865 548//865
f 72//866 375//866 402//866
f 554//867 432//867 549//867
f 549//868 432//868 525//868
f 375//869 150//869 406//869
f 554//870 551//870 555//870
f 293//871 411//871 548//871
f 297//872 411//872 293//872
f 549//873 551//873 554//873
f 555//874 551//874 535//874
f 157//875 362//875 158//875
f 362//876 157//876 556//876
f 556//877 169//877 557//877
f 157//878 169//878 556//878
f 359//879 555//879 535//879
f 550//880 555//880 359//880
f 299//881 88//881 35//881
f 169//882 160//882 557//882
f 557//883 160//883 558//883
f 159//884 158//884 181//884
f 164//885 156//885 167//885
f 167//886 156//886 155//886
f 181//887 158//887 358//887
f 558//888 160//888 162//888
f 559//889 560//889 561//889
f 562//890 563//890 564//890
f 565//891 566//891 567//891
f 568//892 569//892 570//892
f 571//893 572//893 573//893
f 574//894 575//894 576//894
f 577//895 578//895 579//895
f 580//896 581//896 582//896
f 583//897 584//897 585//897
f 585//898 584//898 586//898
f 587//899 588//899 589//899
f 589//900 588//900 590//900
f 591//901 592//901 593//901
f 211//902 594//902 583//902
f 221//903 594//903 211//903
f 595//904 596//904 597//904
f 598//905 596//905 595//905
f 599//906 600//906 601//906
f 602//907 603//907 604//907
f 593//908 578//908 577//908
f 586//909 563//909 605//909
f 606//910 607//910 608//910
f 609//911 610//911 611//911
f 612//912 610//912 609//912
f 613//913 614//913 615//913
f 616//914 617//914 618//914
f 575//915 619//915 620//915
f 621//916 622//916 623//916
f 620//917 619//917 624//917
f 625//918 626//918 627//918
f 628//919 629//919 630//919
f 564//920 631//920 632//920
f 632//921 631//921 633//921
f 634//922 635//922 636//922
f 637//923 582//923 638//923
f 639//924 640//924 641//924
f 642//925 640//925 639//925
f 643//926 644//926 645//926
f 646//927 647//927 648//927
f 649//928 650//928 565//928
f 651//929 652//929 653//929
f 654//930 652//930 651//930
f 655//931 656//931 657//931
f 658//932 659//932 660//932
f 661//933 662//933 663//933
f 664//934 665//934 655//934
f 666//935 601//935 667//935
f 561//936 668//936 669//936
f 670//937 611//937 642//937
f 671//938 569//938 568//938
f 672//939 673//939 674//939
f 675//940 676//940 677//940
f 571//941 678//941 572//941
f 608//942 679//942 680//942
f 593//943 681//943 578//943
f 682//944 627//944 683//944
f 615//945 684//945 685//945
f 686//946 687//946 688//946
f 689//947 687//947 686//947
f 685//948 684//948 587//948
f 690//949 691//949 692//949
f 693//950 694//950 695//950
f 696//951 694//951 693//951
f 638//952 697//952 574//952
f 698//953 699//953 700//953
f 574//954 697//954 575//954
f 592//955 681//955 593//955
f 579//956 701//956 654//956
f 578//957 701//957 579//957
f 599//958 702//958 600//958
f 703//959 704//959 671//959
f 705//960 706//960 707//960
f 708//961 709//961 710//961
f 533//962 711//962 550//962
f 550//963 711//963 712//963
f 566//964 713//964 567//964
f 607//965 714//965 608//965
f 715//966 572//966 635//966
f 716//967 603//967 602//967
f 717//968 641//968 718//968
f 655//969 719//969 656//969
f 567//970 626//970 625//970
f 720//971 721//971 708//971
f 722//972 723//972 724//972
f 673//973 698//973 700//973
f 597//974 725//974 658//974
f 653//975 678//975 571//975
f 587//976 726//976 588//976
f 727//977 728//977 612//977
f 612//978 728//978 610//978
f 671//979 729//979 569//979
f 563//980 631//980 564//980
f 730//981 667//981 731//981
f 581//982 732//982 582//982
f 661//983 630//983 662//983
f 606//984 699//984 607//984
f 575//985 733//985 619//985
f 226//986 594//986 221//986
f 696//987 734//987 694//987
f 735//988 736//988 737//988
f 737//989 736//989 738//989
f 608//990 714//990 679//990
f 739//991 740//991 643//991
f 643//992 740//992 644//992
f 741//993 742//993 703//993
f 721//994 709//994 708//994
f 628//995 656//995 629//995
f 743//996 744//996 745//996
f 705//997 669//997 706//997
f 582//998 746//998 638//998
f 697//999 733//999 575//999
f 586//1000 747//1000 563//1000
f 678//1001 748//1001 572//1001
f 749//1002 750//1002 751//1002
f 676//1003 752//1003 753//1003
f 611//1004 754//1004 642//1004
f 567//1005 755//1005 626//1005
f 570//1006 569//1006 672//1006
f 613//1007 756//1007 614//1007
f 679//1008 757//1008 664//1008
f 664//1009 757//1009 665//1009
f 592//1010 758//1010 681//1010
f 759//1011 760//1011 761//1011
f 744//1012 762//1012 598//1012
f 598//1013 762//1013 596//1013
f 658//1014 725//1014 659//1014
f 712//1015 763//1015 764//1015
f 667//1016 765//1016 731//1016
f 361//1017 711//1017 533//1017
f 716//1018 766//1018 603//1018
f 645//1019 767//1019 702//1019
f 654//1020 701//1020 652//1020
f 718//1021 768//1021 722//1021
f 662//1022 769//1022 663//1022
f 565//1023 650//1023 566//1023
f 770//1024 771//1024 772//1024
f 561//1025 560//1025 668//1025
f 709//1026 773//1026 710//1026
f 673//1027 774//1027 698//1027
f 563//1028 775//1028 631//1028
f 584//1029 776//1029 586//1029
f 594//1030 777//1030 583//1030
f 583//1031 777//1031 584//1031
f 644//1032 778//1032 645//1032
f 697//1033 779//1033 733//1033
f 702//1034 780//1034 600//1034
f 713//1035 755//1035 567//1035
f 581//1036 781//1036 732//1036
f 764//1037 781//1037 581//1037
f 590//1038 782//1038 783//1038
f 783//1039 782//1039 741//1039
f 707//1040 706//1040 784//1040
f 785//1041 760//1041 786//1041
f 761//1042 760//1042 785//1042
f 638//1043 746//1043 697//1043
f 601//1044 787//1044 667//1044
f 626//1045 788//1045 627//1045
f 615//1046 614//1046 684//1046
f 751//1047 789//1047 790//1047
f 635//1048 791//1048 636//1048
f 655//1049 665//1049 719//1049
f 770//1050 792//1050 771//1050
f 738//1051 792//1051 770//1051
f 692//1052 691//1052 622//1052
f 624//1053 793//1053 727//1053
f 727//1054 793//1054 728//1054
f 794//1055 795//1055 646//1055
f 722//1056 768//1056 723//1056
f 652//1057 796//1057 653//1057
f 663//1058 769//1058 797//1058
f 653//1059 796//1059 678//1059
f 226//1060 798//1060 594//1060
f 681//1061 799//1061 578//1061
f 236//1062 798//1062 226//1062
f 683//1063 756//1063 613//1063
f 582//1064 732//1064 746//1064
f 618//1065 617//1065 800//1065
f 701//1066 801//1066 652//1066
f 572//1067 748//1067 635//1067
f 600//1068 787//1068 601//1068
f 802//1069 803//1069 804//1069
f 739//1070 805//1070 740//1070
f 636//1071 805//1071 739//1071
f 806//1072 807//1072 734//1072
f 704//1073 729//1073 671//1073
f 684//1074 726//1074 587//1074
f 611//1075 808//1075 754//1075
f 610//1076 808//1076 611//1076
f 645//1077 778//1077 767//1077
f 772//1078 809//1078 689//1078
f 689//947 809//947 687//947
f 810//1079 811//1079 617//1079
f 764//1080 812//1080 781//1080
f 711//1081 763//1081 712//1081
f 690//1082 813//1082 691//1082
f 667//1083 787//1083 765//1083
f 633//1084 766//1084 716//1084
f 560//1085 814//1085 668//1085
f 569//1086 815//1086 672//1086
f 668//1087 816//1087 669//1087
f 669//1088 816//1088 817//1088
f 758//1089 799//1089 681//1089
f 361//1090 362//1090 711//1090
f 710//1091 773//1091 813//1091
f 647//1092 818//1092 648//1092
f 648//1093 818//1093 811//1093
f 586//1094 776//1094 747//1094
f 740//1095 819//1095 644//1095
f 672//1096 774//1096 673//1096
f 600//1097 780//1097 787//1097
f 702//1098 767//1098 780//1098
f 627//1099 820//1099 683//1099
f 630//1100 821//1100 662//1100
f 732//1101 822//1101 746//1101
f 823//1102 821//1102 630//1102
f 763//1103 812//1103 764//1103
f 578//1104 824//1104 701//1104
f 678//1105 825//1105 748//1105
f 619//1106 826//1106 624//1106
f 624//1107 826//1107 793//1107
f 642//1108 754//1108 640//1108
f 827//1109 799//1109 758//1109
f 683//1110 828//1110 756//1110
f 641//1111 829//1111 718//1111
f 797//1112 830//1112 831//1112
f 747//1113 775//1113 563//1113
f 749//1114 832//1114 750//1114
f 703//1115 742//1115 704//1115
f 790//1116 833//1116 735//1116
f 735//1117 833//1117 736//1117
f 729//1118 815//1118 569//1118
f 731//1119 765//1119 560//1119
f 629//1120 823//1120 630//1120
f 584//1121 834//1121 776//1121
f 814//1122 816//1122 668//1122
f 835//1123 836//1123 806//1123
f 806//1124 836//1124 807//1124
f 711//1125 362//1125 837//1125
f 597//1126 838//1126 725//1126
f 804//1127 839//1127 840//1127
f 698//1128 841//1128 699//1128
f 787//1129 842//1129 765//1129
f 719//1130 843//1130 656//1130
f 799//1131 824//1131 578//1131
f 656//1132 843//1132 629//1132
f 791//1133 805//1133 636//1133
f 811//1134 844//1134 617//1134
f 805//1135 819//1135 740//1135
f 694//1136 845//1136 695//1136
f 660//1137 803//1137 802//1137
f 714//1138 607//1138 679//1138
f 746//1139 846//1139 697//1139
f 697//1140 846//1140 779//1140
f 699//1141 847//1141 607//1141
f 566//1142 650//1142 848//1142
f 801//1143 849//1143 652//1143
f 588//1144 850//1144 590//1144
f 590//1145 850//1145 782//1145
f 652//1146 849//1146 796//1146
f 755//1147 851//1147 626//1147
f 626//1148 851//1148 788//1148
f 747//1149 852//1149 775//1149
f 688//1150 687//1150 794//1150
f 741//1151 782//1151 742//1151
f 669//1152 817//1152 706//1152
f 704//1153 853//1153 729//1153
f 610//1154 728//1154 808//1154
f 713//1155 854//1155 755//1155
f 711//1156 837//1156 763//1156
f 566//1157 854//1157 713//1157
f 701//1158 824//1158 801//1158
f 665//1159 855//1159 719//1159
f 840//1160 832//1160 749//1160
f 798//1161 856//1161 594//1161
f 788//1162 820//1162 627//1162
f 594//1163 856//1163 777//1163
f 748//1164 857//1164 635//1164
f 635//1165 857//1165 791//1165
f 744//1166 858//1166 762//1166
f 796//1167 825//1167 678//1167
f 778//1168 859//1168 767//1168
f 772//1169 771//1169 809//1169
f 733//1170 826//1170 619//1170
f 679//1171 860//1171 757//1171
f 820//1172 828//1172 683//1172
f 763//1173 861//1173 812//1173
f 862//1174 815//1174 729//1174
f 777//1175 834//1175 584//1175
f 781//1176 863//1176 732//1176
f 604//1177 864//1177 743//1177
f 732//1178 863//1178 822//1178
f 805//1179 865//1179 819//1179
f 641//1180 866//1180 829//1180
f 640//1181 866//1181 641//1181
f 646//1182 795//1182 647//1182
f 734//1183 867//1183 694//1183
f 848//1184 854//1184 566//1184
f 767//1185 868//1185 780//1185
f 622//1186 869//1186 623//1186
f 775//1187 870//1187 631//1187
f 644//1188 819//1188 778//1188
f 660//1189 871//1189 803//1189
f 617//1190 844//1190 872//1190
f 672//1191 873//1191 774//1191
f 815//1192 873//1192 672//1192
f 780//1193 874//1193 787//1193
f 769//1194 830//1194 797//1194
f 787//1195 875//1195 842//1195
f 778//1196 876//1196 859//1196
f 596//1197 838//1197 597//1197
f 662//1198 877//1198 769//1198
f 768//1199 878//1199 723//1199
f 801//1200 879//1200 849//1200
f 675//1201 880//1201 676//1201
f 623//1202 880//1202 675//1202
f 774//1203 841//1203 698//1203
f 765//1204 814//1204 560//1204
f 790//1205 789//1205 833//1205
f 633//1206 881//1206 766//1206
f 631//1207 881//1207 633//1207
f 773//1208 691//1208 813//1208
f 746//1209 822//1209 846//1209
f 817//1210 882//1210 706//1210
f 691//1211 883//1211 622//1211
f 884//1212 844//1212 811//1212
f 588//1213 885//1213 850//1213
f 726//1214 885//1214 588//1214
f 743//1215 858//1215 744//1215
f 766//1216 886//1216 603//1216
f 607//1217 860//1217 679//1217
f 804//1218 803//1218 839//1218
f 824//1219 879//1219 801//1219
f 796//1220 887//1220 825//1220
f 725//1221 888//1221 659//1221
f 706//1222 889//1222 784//1222
f 614//1223 890//1223 684//1223
f 859//1224 868//1224 767//1224
f 818//1225 884//1225 811//1225
f 699//1226 841//1226 847//1226
f 751//1227 750//1227 789//1227
f 779//1228 891//1228 733//1228
f 748//1229 892//1229 857//1229
f 733//1230 891//1230 826//1230
f 721//1231 893//1231 709//1231
f 718//1232 829//1232 768//1232
f 812//1233 894//1233 781//1233
f 603//1234 864//1234 604//1234
f 787//1235 874//1235 875//1235
f 742//1236 853//1236 704//1236
f 684//1237 895//1237 726//1237
f 793//1238 896//1238 728//1238
f 837//1239 861//1239 763//1239
f 665//1240 897//1240 855//1240
f 757//1241 897//1241 665//1241
f 816//1242 898//1242 817//1242
f 791//1243 899//1243 805//1243
f 805//1244 899//1244 865//1244
f 799//1245 900//1245 824//1245
f 607//1246 901//1246 860//1246
f 827//1247 900//1247 799//1247
f 776//1248 902//1248 747//1248
f 747//1249 902//1249 852//1249
f 629//1250 843//1250 823//1250
f 780//1251 868//1251 874//1251
f 840//1252 839//1252 832//1252
f 557//1253 903//1253 556//1253
f 856//1254 834//1254 777//1254
f 834//1255 902//1255 776//1255
f 825//1256 892//1256 748//1256
f 734//1257 807//1257 867//1257
f 819//1258 904//1258 778//1258
f 596//1259 905//1259 838//1259
f 728//1260 906//1260 808//1260
f 778//1261 904//1261 876//1261
f 889//1262 907//1262 784//1262
f 706//1263 882//1263 889//1263
f 719//1264 855//1264 843//1264
f 774//1265 908//1265 841//1265
f 849//1266 887//1266 796//1266
f 782//1267 909//1267 742//1267
f 738//1268 910//1268 792//1268
f 736//1269 910//1269 738//1269
f 853//1270 862//1270 729//1270
f 861//1271 894//1271 812//1271
f 824//1272 911//1272 879//1272
f 362//1273 912//1273 837//1273
f 773//1274 913//1274 691//1274
f 769//1275 914//1275 830//1275
f 659//1276 871//1276 660//1276
f 756//1277 890//1277 614//1277
f 721//1278 907//1278 893//1278
f 784//1279 907//1279 721//1279
f 662//1280 821//1280 877//1280
f 837//1281 915//1281 861//1281
f 755//1282 854//1282 851//1282
f 742//1283 916//1283 853//1283
f 760//1284 917//1284 786//1284
f 684//1285 918//1285 895//1285
f 847//1286 901//1286 607//1286
f 622//1287 883//1287 869//1287
f 814//1288 919//1288 816//1288
f 603//1289 920//1289 864//1289
f 887//1290 892//1290 825//1290
f 852//1291 921//1291 775//1291
f 775//1292 921//1292 870//1292
f 724//1293 836//1293 835//1293
f 765//1294 922//1294 814//1294
f 842//1295 922//1295 765//1295
f 875//1296 923//1296 842//1296
f 781//1297 924//1297 863//1297
f 919//1298 814//1298 922//1298
f 913//1299 925//1299 691//1299
f 687//1300 926//1300 794//1300
f 834//1301 927//1301 902//1301
f 752//1302 928//1302 929//1302
f 676//1303 928//1303 752//1303
f 762//1304 905//1304 596//1304
f 726//1305 895//1305 885//1305
f 623//1306 869//1306 880//1306
f 887//1307 930//1307 892//1307
f 791//1308 931//1308 899//1308
f 857//1309 931//1309 791//1309
f 892//1310 932//1310 857//1310
f 822//1311 933//1311 846//1311
f 841//1312 934//1312 847//1312
f 817//1313 935//1313 882//1313
f 898//1314 935//1314 817//1314
f 849//1315 936//1315 887//1315
f 788//1316 937//1316 820//1316
f 826//1317 896//1317 793//1317
f 532//1318 938//1318 495//1318
f 495//1319 938//1319 939//1319
f 900//1320 911//1320 824//1320
f 940//1321 842//1321 923//1321
f 754//1322 941//1322 640//1322
f 640//1323 941//1323 866//1323
f 557//1324 558//1324 903//1324
f 792//1325 942//1325 771//1325
f 532//1326 505//1326 943//1326
f 556//1327 912//1327 362//1327
f 919//1328 898//1328 816//1328
f 756//1329 944//1329 890//1329
f 877//1330 914//1330 769//1330
f 865//1331 904//1331 819//1331
f 940//1332 922//1332 842//1332
f 631//1333 945//1333 881//1333
f 870//1334 945//1334 631//1334
f 946//1335 834//1335 856//1335
f 911//1336 947//1336 879//1336
f 532//1337 943//1337 938//1337
f 838//1338 888//1338 725//1338
f 851//1339 948//1339 788//1339
f 794//1340 949//1340 795//1340
f 871//1341 950//1341 803//1341
f 505//1342 951//1342 943//1342
f 894//1343 924//1343 781//1343
f 952//1344 709//1344 953//1344
f 757//1345 954//1345 897//1345
f 743//1346 955//1346 858//1346
f 864//1347 955//1347 743//1347
f 849//1348 879//1348 936//1348
f 505//1349 506//1349 951//1349
f 880//1350 928//1350 676//1350
f 890//1351 918//1351 684//1351
f 868//1352 956//1352 874//1352
f 874//1353 956//1353 875//1353
f 789//1354 957//1354 833//1354
f 932//1355 931//1355 857//1355
f 956//1356 868//1356 958//1356
f 759//1357 959//1357 760//1357
f 863//1358 933//1358 822//1358
f 861//1359 915//1359 894//1359
f 766//1360 881//1360 886//1360
f 960//1361 773//1361 952//1361
f 779//1362 961//1362 891//1362
f 887//1363 962//1363 930//1363
f 846//1364 961//1364 779//1364
f 506//1365 963//1365 951//1365
f 724//1366 723//1366 836//1366
f 943//1367 951//1367 964//1367
f 820//1368 965//1368 828//1368
f 691//1369 925//1369 883//1369
f 774//1370 966//1370 908//1370
f 873//1371 966//1371 774//1371
f 892//1372 930//1372 932//1372
f 886//1373 920//1373 603//1373
f 853//1374 967//1374 862//1374
f 771//1375 968//1375 809//1375
f 709//1376 893//1376 953//1376
f 848//1377 969//1377 854//1377
f 728//1378 970//1378 906//1378
f 896//1379 970//1379 728//1379
f 556//1380 903//1380 912//1380
f 958//1381 859//1381 971//1381
f 709//1382 952//1382 773//1382
f 972//1383 911//1383 900//1383
f 938//1384 973//1384 939//1384
f 862//1385 974//1385 815//1385
f 815//1386 974//1386 873//1386
f 911//1387 975//1387 947//1387
f 850//1388 976//1388 782//1388
f 808//1389 977//1389 754//1389
f 782//1390 976//1390 909//1390
f 859//1391 958//1391 868//1391
f 773//1392 960//1392 913//1392
f 880//1393 978//1393 928//1393
f 948//1394 937//1394 788//1394
f 826//1395 979//1395 896//1395
f 506//1396 980//1396 963//1396
f 830//1397 981//1397 831//1397
f 901//1398 982//1398 860//1398
f 659//1399 888//1399 871//1399
f 938//1400 983//1400 973//1400
f 828//1401 944//1401 756//1401
f 943//1402 983//1402 938//1402
f 506//1403 504//1403 980//1403
f 837//1404 912//1404 915//1404
f 865//1405 984//1405 904//1405
f 855//1406 985//1406 843//1406
f 936//1407 962//1407 887//1407
f 750//1408 986//1408 789//1408
f 904//1409 971//1409 876//1409
f 987//1410 971//1410 904//1410
f 876//1411 971//1411 859//1411
f 687//1412 988//1412 926//1412
f 883//1413 989//1413 869//1413
f 943//1414 990//1414 983//1414
f 742//1415 909//1415 916//1415
f 800//1416 991//1416 618//1416
f 939//1417 973//1417 992//1417
f 964//1418 990//1418 943//1418
f 460//1419 459//1419 504//1419
f 911//1420 972//1420 975//1420
f 823//1421 993//1421 821//1421
f 879//1422 947//1422 936//1422
f 843//1423 994//1423 823//1423
f 872//1424 800//1424 617//1424
f 504//1425 459//1425 980//1425
f 899//1426 984//1426 865//1426
f 854//1427 948//1427 851//1427
f 995//1428 987//1428 904//1428
f 860//1429 954//1429 757//1429
f 694//1430 996//1430 845//1430
f 902//1431 921//1431 852//1431
f 930//1432 997//1432 932//1432
f 951//1433 998//1433 964//1433
f 834//1434 946//1434 927//1434
f 754//1435 977//1435 941//1435
f 762//1436 999//1436 905//1436
f 869//1437 1000//1437 880//1437
f 795//1438 818//1438 647//1438
f 880//1439 1000//1439 978//1439
f 989//1440 1000//1440 869//1440
f 978//1441 1001//1441 928//1441
f 838//1442 1002//1442 888//1442
f 904//1443 984//1443 995//1443
f 829//1444 1003//1444 768//1444
f 736//1445 1004//1445 910//1445
f 833//1446 1004//1446 736//1446
f 899//1447 1005//1447 984//1447
f 618//1448 991//1448 1006//1448
f 972//1449 1007//1449 975//1449
f 918//1450 1008//1450 895//1450
f 929//1451 928//1451 1009//1451
f 858//1452 1010//1452 762//1452
f 963//1453 998//1453 951//1453
f 947//1454 1011//1454 936//1454
f 831//1455 959//1455 759//1455
f 895//1456 1012//1456 885//1456
f 973//1457 983//1457 992//1457
f 932//1458 1013//1458 931//1458
f 931//1459 1005//1459 899//1459
f 963//1460 1014//1460 998//1460
f 980//1461 1014//1461 963//1461
f 794//1462 926//1462 949//1462
f 962//1463 1015//1463 930//1463
f 930//1464 1015//1464 997//1464
f 846//1465 1016//1465 961//1465
f 933//1466 1016//1466 846//1466
f 964//1467 998//1467 990//1467
f 936//1468 1017//1468 962//1468
f 828//1469 1018//1469 944//1469
f 997//1470 1013//1470 932//1470
f 803//1471 1019//1471 839//1471
f 975//1472 1011//1472 947//1472
f 792//1473 1020//1473 942//1473
f 1013//1474 1021//1474 931//1474
f 931//1475 1021//1475 1005//1475
f 459//1476 1014//1476 980//1476
f 1022//1477 927//1477 946//1477
f 885//1478 1023//1478 850//1478
f 850//1479 1023//1479 976//1479
f 891//1480 979//1480 826//1480
f 936//1481 1024//1481 1017//1481
f 1011//1482 1024//1482 936//1482
f 1007//1483 1025//1483 975//1483
f 975//1484 1025//1484 1011//1484
f 459//1485 1026//1485 1014//1485
f 934//1486 1027//1486 847//1486
f 847//1487 1027//1487 901//1487
f 863//1488 1028//1488 933//1488
f 921//1489 1029//1489 870//1489
f 962//1490 1017//1490 1015//1490
f 870//1491 1029//1491 945//1491
f 809//1492 988//1492 687//1492
f 1030//1493 1015//1493 1031//1493
f 966//1494 1032//1494 908//1494
f 853//1495 916//1495 967//1495
f 808//1496 906//1496 977//1496
f 841//1497 908//1497 934//1497
f 1015//1498 1030//1498 997//1498
f 997//1499 1030//1499 1013//1499
f 998//1500 1033//1500 990//1500
f 1024//1501 1034//1501 1017//1501
f 937//1502 1035//1502 820//1502
f 820//1503 1035//1503 965//1503
f 1011//1504 1036//1504 1024//1504
f 1025//1505 1036//1505 1011//1505
f 762//1506 1010//1506 999//1506
f 1017//1507 1031//1507 1015//1507
f 990//1508 1037//1508 983//1508
f 459//1509 1038//1509 1026//1509
f 920//1510 1039//1510 864//1510
f 864//1511 1039//1511 955//1511
f 461//1512 1038//1512 459//1512
f 1034//1513 1040//1513 1017//1513
f 694//1514 867//1514 996//1514
f 1025//1515 1041//1515 1036//1515
f 998//1516 1042//1516 1033//1516
f 1017//1517 1040//1517 1031//1517
f 1014//1518 1042//1518 998//1518
f 1036//1519 1034//1519 1024//1519
f 1036//1520 1043//1520 1034//1520
f 771//1521 942//1521 968//1521
f 1043//1522 1036//1522 1044//1522
f 823//1523 994//1523 993//1523
f 795//1524 1045//1524 818//1524
f 986//1525 957//1525 789//1525
f 1036//1526 1041//1526 1044//1526
f 1044//1527 1041//1527 1046//1527
f 903//1528 1047//1528 912//1528
f 854//1529 1048//1529 948//1529
f 969//1530 1048//1530 854//1530
f 983//1531 1037//1531 992//1531
f 337//1532 1049//1532 461//1532
f 897//1533 1050//1533 855//1533
f 855//1534 1050//1534 985//1534
f 461//1535 1049//1535 1038//1535
f 905//1536 1002//1536 838//1536
f 924//1537 1028//1537 863//1537
f 982//1538 954//1538 860//1538
f 965//1539 1018//1539 828//1539
f 843//1540 985//1540 994//1540
f 970//1541 1051//1541 906//1541
f 1014//1542 1026//1542 1052//1542
f 829//1543 866//1543 1003//1543
f 912//1544 1053//1544 915//1544
f 957//1545 1054//1545 833//1545
f 833//1546 1054//1546 1004//1546
f 1014//1547 1052//1547 1042//1547
f 902//1548 1055//1548 921//1548
f 906//1549 1056//1549 977//1549
f 873//1550 1057//1550 966//1550
f 839//1551 1058//1551 832//1551
f 271//1552 1049//1552 337//1552
f 944//1553 1059//1553 890//1553
f 831//1554 981//1554 959//1554
f 858//1555 955//1555 1010//1555
f 901//1556 1060//1556 982//1556
f 990//1557 1061//1557 1037//1557
f 1033//1558 1061//1558 990//1558
f 915//1559 1062//1559 894//1559
f 992//1560 1037//1560 1063//1560
f 896//1561 1064//1561 970//1561
f 979//1562 1064//1562 896//1562
f 891//1563 1065//1563 979//1563
f 750//1564 1066//1564 986//1564
f 933//1565 1067//1565 1016//1565
f 271//1566 1068//1566 1049//1566
f 909//1567 1069//1567 916//1567
f 1033//1568 1070//1568 1061//1568
f 1026//1569 1071//1569 1052//1569
f 1038//1570 1071//1570 1026//1570
f 890//1571 1072//1571 918//1571
f 924//1572 1073//1572 1028//1572
f 918//1573 1072//1573 1008//1573
f 894//1574 1062//1574 924//1574
f 895//1575 1008//1575 1012//1575
f 905//1576 1074//1576 1002//1576
f 1037//1577 1075//1577 1063//1577
f 162//1578 1076//1578 558//1578
f 1033//1579 1077//1579 1070//1579
f 1042//1580 1077//1580 1033//1580
f 844//1581 1078//1581 872//1581
f 271//1582 340//1582 1068//1582
f 993//1583 1079//1583 821//1583
f 974//1584 1057//1584 873//1584
f 949//1585 1045//1585 795//1585
f 862//1586 1080//1586 974//1586
f 768//1587 1003//1587 878//1587
f 967//1588 1080//1588 862//1588
f 1038//1589 1081//1589 1071//1589
f 1049//1590 1081//1590 1038//1590
f 818//1591 1082//1591 884//1591
f 1052//1592 1083//1592 1042//1592
f 1042//1593 1083//1593 1077//1593
f 888//1594 1084//1594 871//1594
f 1037//1595 1061//1595 1075//1595
f 871//1596 1084//1596 950//1596
f 1012//1597 1023//1597 885//1597
f 558//1598 1047//1598 903//1598
f 968//1599 1085//1599 809//1599
f 809//1600 1085//1600 988//1600
f 881//1601 1086//1601 886//1601
f 927//1602 1055//1602 902//1602
f 910//1603 1020//1603 792//1603
f 832//1604 1066//1604 750//1604
f 1018//1605 1059//1605 944//1605
f 803//1606 1087//1606 1019//1606
f 950//1607 1087//1607 803//1607
f 800//1608 1088//1608 991//1608
f 1052//1609 1089//1609 1083//1609
f 340//1610 1090//1610 1068//1610
f 1023//1611 1091//1611 976//1611
f 1028//1612 1067//1612 933//1612
f 1063//1613 1075//1613 1092//1613
f 961//1614 1065//1614 891//1614
f 1071//1615 1089//1615 1052//1615
f 897//1616 1093//1616 1050//1616
f 1068//1617 1094//1617 1049//1617
f 1049//1618 1094//1618 1081//1618
f 1027//1619 1060//1619 901//1619
f 1020//1620 1095//1620 942//1620
f 274//1621 1090//1621 340//1621
f 908//1622 1096//1622 934//1622
f 934//1623 1096//1623 1027//1623
f 912//1624 1097//1624 1053//1624
f 1047//1625 1097//1625 912//1625
f 920//1626 1098//1626 1039//1626
f 916//1627 1069//1627 967//1627
f 886//1628 1098//1628 920//1628
f 845//1629 1099//1629 1100//1629
f 1022//1630 1101//1630 927//1630
f 996//1631 1099//1631 845//1631
f 927//1632 1101//1632 1055//1632
f 1029//1633 1102//1633 945//1633
f 1061//1634 1103//1634 1075//1634
f 1081//1635 1104//1635 1071//1635
f 1071//1636 1104//1636 1089//1636
f 948//1637 1105//1637 937//1637
f 937//1638 1105//1638 1035//1638
f 955//1639 1106//1639 1010//1639
f 1068//1640 1107//1640 1094//1640
f 1090//1641 1107//1641 1068//1641
f 821//1642 1079//1642 877//1642
f 839//1643 1019//1643 1058//1643
f 1018//1644 1108//1644 1059//1644
f 1028//1645 1109//1645 1067//1645
f 1077//1646 1110//1646 1070//1646
f 985//1647 1111//1647 994//1647
f 915//1648 1053//1648 1062//1648
f 906//1649 1051//1649 1056//1649
f 1070//1650 1103//1650 1061//1650
f 1035//1651 1112//1651 965//1651
f 965//1652 1112//1652 1018//1652
f 909//1653 1113//1653 1069//1653
f 872//1654 1088//1654 800//1654
f 976//1655 1113//1655 909//1655
f 974//1656 1114//1656 1057//1656
f 945//1657 1086//1657 881//1657
f 1081//1658 1115//1658 1104//1658
f 999//1659 1074//1659 905//1659
f 866//1660 1116//1660 1003//1660
f 1059//1661 1072//1661 890//1661
f 910//1662 1117//1662 1020//1662
f 1070//1663 1110//1663 1103//1663
f 1083//1664 1118//1664 1077//1664
f 162//1665 1119//1665 1076//1665
f 1072//1666 1120//1666 1008//1666
f 1090//1667 1121//1667 1107//1667
f 274//1668 1121//1668 1090//1668
f 1081//1669 1122//1669 1115//1669
f 1094//1670 1122//1670 1081//1670
f 830//1671 1123//1671 981//1671
f 966//1672 1124//1672 1032//1672
f 518//1673 1125//1673 274//1673
f 1073//1674 1109//1674 1028//1674
f 558//1675 1076//1675 1047//1675
f 1077//1676 1118//1676 1110//1676
f 836//1677 1126//1677 807//1677
f 1065//1678 1127//1678 979//1678
f 760//1679 1128//1679 917//1679
f 979//1680 1127//1680 1064//1680
f 1089//1681 1129//1681 1083//1681
f 1027//1682 1130//1682 1060//1682
f 1010//1683 1131//1683 999//1683
f 1055//1684 1132//1684 921//1684
f 921//1685 1132//1685 1029//1685
f 1106//1686 1131//1686 1010//1686
f 1062//1687 1133//1687 924//1687
f 924//1688 1133//1688 1073//1688
f 518//1689 1134//1689 1125//1689
f 723//1690 686//1690 836//1690
f 982//1691 1135//1691 954//1691
f 274//1692 1125//1692 1121//1692
f 970//1693 1136//1693 1051//1693
f 520//1694 1134//1694 518//1694
f 886//1695 1137//1695 1098//1695
f 1094//1696 1138//1696 1122//1696
f 1107//1697 1138//1697 1094//1697
f 1023//1698 1139//1698 1091//1698
f 832//1699 1058//1699 1066//1699
f 1103//1700 1140//1700 1075//1700
f 1075//1701 1140//1701 1092//1701
f 1016//1702 1141//1702 961//1702
f 961//1703 1141//1703 1065//1703
f 1039//1704 1106//1704 955//1704
f 1083//1705 1129//1705 1118//1705
f 844//1706 1142//1706 1078//1706
f 884//1707 1142//1707 844//1707
f 959//1708 1143//1708 760//1708
f 1032//1709 1096//1709 908//1709
f 1048//1710 1105//1710 948//1710
f 966//1711 1057//1711 1124//1711
f 1053//1712 1144//1712 1062//1712
f 957//1713 1145//1713 1054//1713
f 986//1714 1145//1714 957//1714
f 165//1715 1119//1715 162//1715
f 1110//1716 1140//1716 1103//1716
f 1004//1717 1117//1717 910//1717
f 954//1718 1093//1718 897//1718
f 976//1719 1091//1719 1113//1719
f 872//1720 1078//1720 1088//1720
f 1074//1721 1146//1721 1002//1721
f 807//1722 1126//1722 867//1722
f 967//1723 1147//1723 1080//1723
f 1069//1724 1147//1724 967//1724
f 1110//1725 1148//1725 1140//1725
f 1008//1726 1149//1726 1012//1726
f 1138//1727 1150//1727 1122//1727
f 1121//1728 1151//1728 1107//1728
f 1107//1729 1151//1729 1138//1729
f 520//1730 1152//1730 1134//1730
f 949//1731 1153//1731 1045//1731
f 974//1732 1154//1732 1114//1732
f 1080//1733 1154//1733 974//1733
f 1089//1734 1155//1734 1129//1734
f 1029//1735 1156//1735 1102//1735
f 1101//1736 1132//1736 1055//1736
f 1104//1737 1155//1737 1089//1737
f 1118//1738 1148//1738 1110//1738
f 1096//1739 1130//1739 1027//1739
f 1115//1740 1157//1740 1104//1740
f 818//1741 1045//1741 1082//1741
f 942//1742 1158//1742 968//1742
f 968//1743 1158//1743 1085//1743
f 1048//1744 1159//1744 1105//1744
f 914//1745 1123//1745 830//1745
f 1064//1746 1136//1746 970//1746
f 1012//1747 1139//1747 1023//1747
f 760//1679 1143//1679 1128//1679
f 1003//1748 1160//1748 878//1748
f 1092//1749 1140//1749 1161//1749
f 1035//1750 1162//1750 1112//1750
f 1105//1751 1162//1751 1035//1751
f 1121//1752 1163//1752 1151//1752
f 1086//1753 1137//1753 886//1753
f 1125//1754 1163//1754 1121//1754
f 1115//1755 1122//1755 1157//1755
f 1018//1756 1164//1756 1108//1756
f 1112//1757 1164//1757 1018//1757
f 1104//1758 1157//1758 1155//1758
f 520//1759 419//1759 1152//1759
f 888//1760 1165//1760 1084//1760
f 1072//1761 1166//1761 1120//1761
f 1002//1762 1165//1762 888//1762
f 1134//1763 1152//1763 1125//1763
f 165//1764 171//1764 1119//1764
f 1060//1765 1167//1765 982//1765
f 1102//1766 1086//1766 945//1766
f 723//1767 878//1767 686//1767
f 991//1768 1168//1768 1006//1768
f 1118//1769 1169//1769 1148//1769
f 999//1770 1170//1770 1074//1770
f 1148//1771 1171//1771 1140//1771
f 1060//1772 1130//1772 1167//1772
f 1120//1773 1149//1773 1008//1773
f 1032//1774 1172//1774 1096//1774
f 1118//1775 1173//1775 1169//1775
f 1129//1776 1173//1776 1118//1776
f 866//1777 1174//1777 1116//1777
f 941//1778 1174//1778 866//1778
f 1135//1779 1175//1779 954//1779
f 954//1780 1175//1780 1093//1780
f 1082//1781 1142//1781 884//1781
f 1138//1782 1151//1782 1150//1782
f 1019//1783 1176//1783 1058//1783
f 950//1784 1177//1784 1087//1784
f 1084//1785 1177//1785 950//1785
f 1006//1786 1178//1786 1179//1786
f 1076//1787 1180//1787 1047//1787
f 1102//1788 1181//1788 1086//1788
f 1152//1789 1182//1789 1125//1789
f 1108//1790 1183//1790 1059//1790
f 1047//1791 1180//1791 1097//1791
f 1150//1792 1184//1792 1122//1792
f 1122//1793 1184//1793 1157//1793
f 1054//1794 1185//1794 1004//1794
f 1004//1795 1185//1795 1117//1795
f 1059//1796 1166//1796 1072//1796
f 1133//1797 1186//1797 1073//1797
f 1053//1798 1187//1798 1144//1798
f 1097//1799 1187//1799 1053//1799
f 926//1800 1188//1800 949//1800
f 1155//1801 1189//1801 1129//1801
f 1129//1802 1189//1802 1173//1802
f 988//1803 1188//1803 926//1803
f 1148//1804 1169//1804 1171//1804
f 1069//1805 1190//1805 1147//1805
f 1113//1806 1190//1806 1069//1806
f 1050//1807 1191//1807 985//1807
f 1039//1808 1192//1808 1106//1808
f 1086//1809 1193//1809 1137//1809
f 1051//1810 1194//1810 1056//1810
f 1057//1811 1195//1811 1124//1811
f 1114//1812 1195//1812 1057//1812
f 1157//1813 1189//1813 1155//1813
f 1096//1814 1196//1814 1130//1814
f 1064//1815 1197//1815 1136//1815
f 1132//1816 1156//1816 1029//1816
f 421//1817 1198//1817 419//1817
f 1159//1818 1162//1818 1105//1818
f 1003//1819 1116//1819 1160//1819
f 1152//1820 1199//1820 1182//1820
f 419//1821 1199//1821 1152//1821
f 1062//1822 1144//1822 1133//1822
f 1131//1823 1170//1823 999//1823
f 1058//1824 1200//1824 1066//1824
f 1065//1825 1201//1825 1127//1825
f 1141//1826 1201//1826 1065//1826
f 1067//1827 1141//1827 1016//1827
f 986//1828 1202//1828 1145//1828
f 1139//1829 1113//1829 1091//1829
f 1124//1830 1172//1830 1032//1830
f 994//1831 1111//1831 993//1831
f 1125//1832 1182//1832 1163//1832
f 1149//1833 1203//1833 1012//1833
f 1012//1834 1203//1834 1139//1834
f 1157//1835 1204//1835 1189//1835
f 1145//1836 1205//1836 1054//1836
f 1169//1837 1206//1837 1171//1837
f 1078//1838 1207//1838 1088//1838
f 1088//1839 1168//1839 991//1839
f 1142//1840 1208//1840 1078//1840
f 985//1841 1209//1841 1111//1841
f 1151//1782 1210//1782 1150//1782
f 1150//1842 1210//1842 1184//1842
f 1095//1843 1158//1843 942//1843
f 914//1844 621//1844 1123//1844
f 877//1845 621//1845 914//1845
f 1076//1846 1211//1846 1180//1846
f 1059//1847 1183//1847 1166//1847
f 981//1848 1123//1848 959//1848
f 1079//1849 692//1849 877//1849
f 1099//1850 648//1850 1100//1850
f 1154//1851 1195//1851 1114//1851
f 1158//1852 1212//1852 1085//1852
f 1157//1853 1213//1853 1204//1853
f 1112//1854 1162//1854 1164//1854
f 982//1855 1167//1855 1135//1855
f 419//1856 1198//1856 1199//1856
f 1124//1857 1214//1857 1172//1857
f 421//1858 1215//1858 1198//1858
f 422//1859 1215//1859 421//1859
f 1156//1860 1181//1860 1102//1860
f 949//1861 1188//1861 1153//1861
f 1020//1862 1216//1862 1095//1862
f 1108//1863 1164//1863 1183//1863
f 1067//1864 1217//1864 1141//1864
f 1184//1865 1213//1865 1157//1865
f 1176//1866 1200//1866 1058//1866
f 941//1867 737//1867 1174//1867
f 1080//1868 1218//1868 1154//1868
f 977//1869 737//1869 941//1869
f 1147//1870 1218//1870 1080//1870
f 1066//1871 1202//1871 986//1871
f 1132//1872 1219//1872 1156//1872
f 1098//1873 1192//1873 1039//1873
f 1163//1874 1220//1874 1151//1874
f 1151//1875 1220//1875 1210//1875
f 429//1876 1215//1876 422//1876
f 1130//1877 1221//1877 1167//1877
f 1139//1878 1222//1878 1113//1878
f 1111//1879 1223//1879 993//1879
f 1146//1880 1165//1880 1002//1880
f 1082//1881 1224//1881 1142//1881
f 171//1882 1225//1882 1119//1882
f 1073//1883 1226//1883 1109//1883
f 1131//1884 1227//1884 1170//1884
f 1165//1885 589//1885 1084//1885
f 1051//1886 1228//1886 1194//1886
f 1064//1887 1127//1887 1197//1887
f 1184//1888 1229//1888 1213//1888
f 1054//1889 1205//1889 1185//1889
f 1140//1890 1171//1890 1161//1890
f 878//1891 689//1891 686//1891
f 1096//1892 1172//1892 1196//1892
f 1006//1893 1179//1893 1230//1893
f 1123//1894 1231//1894 959//1894
f 1159//1895 1232//1895 1162//1895
f 1119//1896 1211//1896 1076//1896
f 1087//1897 1233//1897 1019//1897
f 1019//1898 1233//1898 1176//1898
f 988//1899 1234//1899 1188//1899
f 1085//1900 1234//1900 988//1900
f 1154//1901 1235//1901 1195//1901
f 1163//1902 1182//1902 1220//1902
f 1109//1903 1217//1903 1067//1903
f 1168//1904 1178//1904 1006//1904
f 1215//1905 1236//1905 1198//1905
f 1093//1906 1237//1906 1050//1906
f 1100//1907 810//1907 616//1907
f 1209//1908 1223//1908 1111//1908
f 1141//1909 1238//1909 1201//1909
f 1145//1910 1202//1910 1205//1910
f 1169//1911 1239//1911 1206//1911
f 189//1912 1240//1912 171//1912
f 1167//1913 1241//1913 1135//1913
f 1074//1914 1242//1914 1146//1914
f 1170//1915 1242//1915 1074//1915
f 692//1916 621//1916 877//1916
f 1186//1917 1226//1917 1073//1917
f 1086//1918 1243//1918 1193//1918
f 1181//1919 1243//1919 1086//1919
f 1182//1920 1244//1920 1220//1920
f 1117//1921 1185//1921 1020//1921
f 1171//1922 1245//1922 1161//1922
f 1149//1923 1246//1923 1203//1923
f 1120//1924 1246//1924 1149//1924
f 993//1925 1223//1925 1079//1925
f 1191//1926 1209//1926 985//1926
f 1180//1927 1247//1927 1097//1927
f 1097//1928 1247//1928 1187//1928
f 1098//1929 1248//1929 1192//1929
f 1020//1930 1249//1930 1216//1930
f 1195//1931 1214//1931 1124//1931
f 1127//1932 1250//1932 1197//1932
f 1198//1933 1251//1933 1199//1933
f 1045//1934 1224//1934 1082//1934
f 648//1935 810//1935 1100//1935
f 429//1936 1252//1936 1215//1936
f 1184//1937 1253//1937 1229//1937
f 1210//1938 1253//1938 1184//1938
f 1175//1939 1254//1939 1093//1939
f 1106//1940 1227//1940 1131//1940
f 1095//1941 1216//1941 1158//1941
f 1119//1942 1255//1942 1211//1942
f 1225//1943 1255//1943 1119//1943
f 1219//1944 1256//1944 1156//1944
f 1156//1945 1256//1945 1181//1945
f 1173//1946 1239//1946 1169//1946
f 1190//1947 1257//1947 1147//1947
f 1147//1948 1257//1948 1218//1948
f 1144//1949 1258//1949 1133//1949
f 1133//1950 1258//1950 1186//1950
f 1146//1951 1259//1951 1165//1951
f 1135//1952 1241//1952 1175//1952
f 1084//1953 589//1953 1177//1953
f 1078//1954 1208//1954 1207//1954
f 1171//1955 1260//1955 1245//1955
f 1139//1956 1261//1956 1222//1956
f 1188//1957 657//1957 1153//1957
f 1164//1958 1262//1958 1183//1958
f 1136//1959 1228//1959 1051//1959
f 1113//1960 1222//1960 1190//1960
f 1066//1961 1200//1961 1202//1961
f 977//1962 1263//1962 737//1962
f 1199//1963 1264//1963 1182//1963
f 1162//1964 1265//1964 1164//1964
f 1056//1965 1263//1965 977//1965
f 1182//1966 1264//1966 1244//1966
f 1050//1967 1237//1967 1191//1967
f 1229//1968 1266//1968 1213//1968
f 189//1969 198//1969 1240//1969
f 1254//1970 1237//1970 1093//1970
f 1214//1971 1267//1971 1172//1971
f 429//1972 1268//1972 1252//1972
f 1167//1973 1221//1973 1241//1973
f 1210//1974 1269//1974 1253//1974
f 1220//1975 1269//1975 1210//1975
f 1171//1976 1206//1976 1260//1976
f 1192//1977 1270//1977 1106//1977
f 1240//1978 1225//1978 171//1978
f 1172//1979 1271//1979 1196//1979
f 432//1980 1268//1980 429//1980
f 1137//1981 1248//1981 1098//1981
f 1236//1982 1272//1982 1198//1982
f 1198//1983 1272//1983 1251//1983
f 1189//1984 1273//1984 1173//1984
f 1173//1985 1273//1985 1239//1985
f 1185//1986 1249//1986 1020//1986
f 1109//1987 1226//1987 1217//1987
f 1215//1988 1252//1988 1236//1988
f 1181//1989 1256//1989 1274//1989
f 1106//1990 1270//1990 1227//1990
f 1183//1991 1275//1991 1166//1991
f 1165//1992 685//1992 589//1992
f 1203//1993 1261//1993 1139//1993
f 1196//1994 1271//1994 1130//1994
f 1130//1995 1271//1995 1221//1995
f 1195//1996 1276//1996 1214//1996
f 432//1997 1277//1997 1268//1997
f 1217//1998 1238//1998 1141//1998
f 1160//1999 772//1999 878//1999
f 878//2000 772//2000 689//2000
f 1199//2001 1278//2001 1264//2001
f 1166//2002 1246//2002 1120//2002
f 1251//2003 1278//2003 1199//2003
f 1181//2004 1274//2004 1243//2004
f 1205//2005 674//2005 1185//2005
f 1218//2006 1279//2006 1154//2006
f 1154//2007 1279//2007 1235//2007
f 1153//2008 628//2008 1045//2008
f 1045//2009 628//2009 1224//2009
f 1204//2010 1273//2010 1189//2010
f 1231//2011 677//2011 959//2011
f 959//2012 677//2012 1143//2012
f 1246//2013 1280//2013 1203//2013
f 1239//2014 1281//2014 1206//2014
f 1180//2015 602//2015 1247//2015
f 1211//2016 602//2016 1180//2016
f 1229//2017 1253//2017 1266//2017
f 1172//2018 1282//2018 1271//2018
f 1226//2019 595//2019 1217//2019
f 1079//2020 690//2020 692//2020
f 1206//2021 1281//2021 1260//2021
f 1170//2022 1227//2022 1242//2022
f 1240//2023 562//2023 1225//2023
f 1252//2024 1272//2024 1236//2024
f 1136//2025 1197//2025 1228//2025
f 1244//2026 1283//2026 1220//2026
f 1220//2027 1283//2027 1269//2027
f 1085//2028 664//2028 1234//2028
f 1212//2029 664//2029 1085//2029
f 1201//2030 1284//2030 1127//2030
f 1142//2031 661//2031 1208//2031
f 1235//2032 1276//2032 1195//2032
f 1261//2033 1285//2033 1222//2033
f 1202//2034 570//2034 1205//2034
f 1188//2035 655//2035 657//2035
f 1234//2036 655//2036 1188//2036
f 1204//2037 722//2037 1273//2037
f 1213//2038 722//2038 1204//2038
f 1164//2039 1286//2039 1262//2039
f 1265//2040 1286//2040 1164//2040
f 1275//2041 1287//2041 1166//2041
f 1166//2042 1287//2042 1246//2042
f 1190//2043 1288//2043 1257//2043
f 1187//2044 745//2044 1144//2044
f 1144//2045 745//2045 1258//2045
f 1172//2046 1267//2046 1282//2046
f 554//2047 1277//2047 432//2047
f 1158//2048 1216//2048 1212//2048
f 1268//2049 1289//2049 1252//2049
f 1143//2050 677//2050 1128//2050
f 1239//2051 806//2051 1281//2051
f 1146//2052 1242//2052 1259//2052
f 1262//2053 1275//2053 1183//2053
f 1232//2054 1265//2054 1162//2054
f 1290//2055 1265//2055 1232//2055
f 1179//2056 785//2056 1230//2056
f 867//2057 646//2057 996//2057
f 1269//2058 670//2058 1253//2058
f 1277//2059 1291//2059 1268//2059
f 1238//2060 1284//2060 1201//2060
f 1251//2061 1272//2061 1278//2061
f 1179//2062 1178//2062 759//2062
f 1194//2063 1263//2063 1056//2063
f 1237//2064 720//2064 1191//2064
f 1165//2065 1259//2065 685//2065
f 1087//2066 783//2066 1233//2066
f 1177//2067 783//2067 1087//2067
f 1262//2068 1292//2068 1275//2068
f 1230//2069 1293//2069 1294//2069
f 1200//2070 568//2070 1202//2070
f 1264//2071 1283//2071 1244//2071
f 1280//2072 1261//2072 1203//2072
f 1127//2073 1284//2073 1250//2073
f 1252//2074 1295//2074 1272//2074
f 198//2075 562//2075 1240//2075
f 1217//2076 658//2076 1238//2076
f 1193//2077 1296//2077 1137//2077
f 1137//2078 1296//2078 1248//2078
f 1248//2079 625//2079 1192//2079
f 1192//2080 625//2080 1270//2080
f 1266//2081 717//2081 1213//2081
f 1213//2082 717//2082 722//2082
f 201//2083 585//2083 198//2083
f 1088//2084 1207//2084 1168//2084
f 1243//2085 565//2085 1193//2085
f 1241//2086 705//2086 1175//2086
f 1175//2087 705//2087 1254//2087
f 1222//2088 1288//2088 1190//2088
f 1126//2089 646//2089 867//2089
f 1256//2090 1297//2090 1274//2090
f 1291//2091 1289//2091 1268//2091
f 1273//2092 835//2092 1239//2092
f 1239//2093 835//2093 806//2093
f 1218//2094 1298//2094 1279//2094
f 1257//2095 1298//2095 1218//2095
f 1123//2096 675//2096 1231//2096
f 836//2097 688//2097 1126//2097
f 1276//2098 599//2098 1214//2098
f 1214//2099 599//2099 1267//2099
f 554//2100 1299//2100 1277//2100
f 1225//2101 632//2101 1255//2101
f 1221//2102 561//2102 1241//2102
f 1230//2103 785//2103 1293//2103
f 1260//2104 693//2104 1245//2104
f 1176//2105 703//2105 1200//2105
f 1254//2106 707//2106 1237//2106
f 1252//2107 1289//2107 1295//2107
f 1191//2108 708//2108 1209//2108
f 1216//2109 608//2109 1212//2109
f 1291//2110 637//2110 1289//2110
f 1116//2111 770//2111 1160//2111
f 1261//2112 573//2112 1285//2112
f 1186//2113 595//2113 1226//2113
f 1235//2114 1279//2114 1276//2114
f 1211//2115 716//2115 602//2115
f 1255//2116 716//2116 1211//2116
f 759//2117 761//2117 1179//2117
f 1179//2118 761//2118 785//2118
f 1272//2119 620//2119 1278//2119
f 1275//2120 579//2120 1287//2120
f 1223//2121 690//2121 1079//2121
f 595//2122 658//2122 1217//2122
f 1212//2123 680//2123 664//2123
f 1222//2124 634//2124 1288//2124
f 1271//2125 559//2125 1221//2125
f 1270//2126 682//2126 1227//2126
f 1269//2127 609//2127 670//2127
f 1283//2128 609//2128 1269//2128
f 1264//2129 1300//2129 1283//2129
f 1278//2130 1300//2130 1264//2130
f 1191//2131 720//2131 708//2131
f 198//2132 605//2132 562//2132
f 1207//2133 797//2133 1168//2133
f 1263//2134 735//2134 737//2134
f 1185//2135 700//2135 1249//2135
f 567//2136 625//2136 1248//2136
f 565//2137 1296//2137 1193//2137
f 1290//2138 1286//2138 1265//2138
f 1194//2139 751//2139 1263//2139
f 1228//2140 751//2140 1194//2140
f 1153//2141 657//2141 628//2141
f 996//2142 646//2142 1099//2142
f 1286//2143 1292//2143 1262//2143
f 1233//2144 703//2144 1176//2144
f 555//2145 1299//2145 554//2145
f 1274//2146 565//2146 1243//2146
f 1266//2147 639//2147 717//2147
f 1208//2148 661//2148 1207//2148
f 1253//2149 639//2149 1266//2149
f 836//2150 686//2150 688//2150
f 717//2151 718//2151 722//2151
f 1260//2152 696//2152 693//2152
f 1273//2153 724//2153 835//2153
f 1227//2154 613//2154 1242//2154
f 1197//2155 749//2155 1228//2155
f 1200//2156 671//2156 568//2156
f 1295//2157 576//2157 1272//2157
f 1272//2158 576//2158 620//2158
f 1281//2021 696//2021 1260//2021
f 1299//2159 580//2159 1277//2159
f 1277//2160 580//2160 1291//2160
f 675//2161 677//2161 1231//2161
f 1205//2162 570//2162 674//2162
f 1250//2163 804//2163 1197//2163
f 1292//2164 577//2164 1275//2164
f 1275//2165 577//2165 579//2165
f 1249//2166 606//2166 1216//2166
f 1285//2167 634//2167 1222//2167
f 1221//2168 559//2168 561//2168
f 1247//2169 745//2169 1187//2169
f 1242//2170 615//2170 1259//2170
f 1142//2171 1224//2171 661//2171
f 677//2172 753//2172 1128//2172
f 1248//2173 1296//2173 567//2173
f 1267//2174 599//2174 666//2174
f 1186//2175 598//2175 595//2175
f 1283//2176 612//2176 609//2176
f 1258//2177 598//2177 1186//2177
f 615//2178 685//2178 1259//2178
f 1168//2179 797//2179 1178//2179
f 1241//2180 669//2180 705//2180
f 1254//2181 705//2181 707//2181
f 1278//2182 620//2182 1300//2182
f 1288//2183 739//2183 1257//2183
f 1273//2184 722//2184 724//2184
f 685//2185 587//2185 589//2185
f 1298//2186 643//2186 1279//2186
f 1261//2187 571//2187 573//2187
f 1280//2188 571//2188 1261//2188
f 1160//2189 770//2189 772//2189
f 670//2190 642//2190 1253//2190
f 1253//2191 642//2191 639//2191
f 1246//2192 651//2192 1280//2192
f 1287//2193 651//2193 1246//2193
f 1267//2194 666//2194 1282//2194
f 1202//2195 568//2195 570//2195
f 1282//2196 730//2196 1271//2196
f 211//2197 583//2197 201//2197
f 201//2198 583//2198 585//2198
f 562//2199 564//2199 1225//2199
f 1225//2200 564//2200 632//2200
f 198//2201 586//2201 605//2201
f 585//2202 586//2202 198//2202
f 661//2203 663//2203 1207//2203
f 1285//2204 715//2204 634//2204
f 648//2205 811//2205 810//2205
f 1289//2206 574//2206 1295//2206
f 1295//2207 574//2207 576//2207
f 591//2208 1286//2208 1290//2208
f 1238//2209 658//2209 1284//2209
f 1116//2210 738//2210 770//2210
f 1174//2211 738//2211 1116//2211
f 674//2212 700//2212 1185//2212
f 1299//2213 581//2213 580//2213
f 703//2214 671//2214 1200//2214
f 1279//2215 645//2215 1276//2215
f 1276//2216 645//2216 599//2216
f 1212//2217 608//2217 680//2217
f 707//2218 784//2218 1237//2218
f 1257//2219 739//2219 1298//2219
f 589//2220 590//2220 1177//2220
f 1177//2221 590//2221 783//2221
f 1247//2222 604//2222 745//2222
f 1297//2223 649//2223 1274//2223
f 595//2224 597//2224 658//2224
f 1274//2225 649//2225 565//2225
f 1223//2226 813//2226 690//2226
f 1216//2227 606//2227 608//2227
f 632//2228 633//2228 1255//2228
f 1281//2229 734//2229 696//2229
f 1255//2230 633//2230 716//2230
f 555//2231 712//2231 1299//2231
f 1224//2232 630//2232 661//2232
f 1288//2233 634//2233 739//2233
f 1300//2234 727//2234 1283//2234
f 1283//2235 727//2235 612//2235
f 1270//2236 627//2236 682//2236
f 1178//2237 831//2237 759//2237
f 1249//2238 700//2238 606//2238
f 1286//2239 593//2239 1292//2239
f 1241//2240 561//2240 669//2240
f 573//2241 715//2241 1285//2241
f 785//2242 786//2242 1293//2242
f 1263//2243 790//2243 735//2243
f 1281//2244 806//2244 734//2244
f 1209//2245 710//2245 1223//2245
f 605//2246 563//2246 562//2246
f 1250//2247 802//2247 804//2247
f 1284//2248 802//2248 1250//2248
f 637//2249 574//2249 1289//2249
f 658//2250 660//2250 1284//2250
f 810//2251 617//2251 616//2251
f 591//2252 593//2252 1286//2252
f 682//2253 683//2253 1227//2253
f 1227//2254 683//2254 613//2254
f 599//2255 601//2255 666//2255
f 634//2256 636//2256 739//2256
f 1126//2257 794//2257 646//2257
f 1291//2258 582//2258 637//2258
f 580//2259 582//2259 1291//2259
f 621//2260 623//2260 1123//2260
f 1123//2261 623//2261 675//2261
f 550//2262 712//2262 555//2262
f 680//2263 679//2263 664//2263
f 1234//2264 664//2264 655//2264
f 657//2265 656//2265 628//2265
f 712//2266 581//2266 1299//2266
f 660//2267 802//2267 1284//2267
f 1237//2268 784//2268 720//2268
f 579//2269 654//2269 1287//2269
f 1287//2270 654//2270 651//2270
f 1233//2271 741//2271 703//2271
f 1209//2272 708//2272 710//2272
f 1271//2273 731//2273 559//2273
f 730//2274 731//2274 1271//2274
f 1280//2275 653//2275 571//2275
f 651//2276 653//2276 1280//2276
f 602//2277 604//2277 1247//2277
f 1242//2278 613//2278 615//2278
f 609//2279 611//2279 670//2279
f 573//2280 572//2280 715//2280
f 570//2281 672//2281 674//2281
f 666//2282 667//2282 1282//2282
f 1282//2283 667//2283 730//2283
f 739//2284 643//2284 1298//2284
f 1292//2285 593//2285 577//2285
f 1258//2286 744//2286 598//2286
f 745//2287 744//2287 1258//2287
f 639//2288 641//2288 717//2288
f 625//2289 627//2289 1270//2289
f 565//2290 567//2290 1296//2290
f 643//2291 645//2291 1279//2291
f 688//2292 794//2292 1126//2292
f 674//2293 673//2293 700//2293
f 645//2294 702//2294 599//2294
f 1207//2295 663//2295 797//2295
f 604//2296 743//2296 745//2296
f 637//2297 638//2297 574//2297
f 700//2298 699//2298 606//2298
f 1228//2299 749//2299 751//2299
f 712//2300 764//2300 581//2300
f 751//2301 790//2301 1263//2301
f 692//2302 622//2302 621//2302
f 1178//2303 797//2303 831//2303
f 804//2304 840//2304 1197//2304
f 1197//2305 840//2305 749//2305
f 677//2306 676//2306 753//2306
f 784//2307 721//2307 720//2307
f 646//2308 648//2308 1099//2308
f 628//2309 630//2309 1224//2309
f 620//2310 624//2310 1300//2310
f 1300//2311 624//2311 727//2311
f 715//2312 635//2312 634//2312
f 1223//2313 710//2313 813//2313
f 576//2314 575//2314 620//2314
f 737//2315 738//2315 1174//2315
f 731//2316 560//2316 559//2316
f 783//2317 741//2317 1233//2317
f 893//2318 1301//2318 1302//2318
f 953//2319 893//2319 1302//2319
f 1303//2320 1304//2320 1302//2320
f 952//2321 953//2321 1302//2321
f 952//2322 1302//2322 960//2322
f 1305//2323 1306//2323 1307//2323
f 1305//2324 1308//2324 1306//2324
f 1309//2325 928//2325 1001//2325
f 913//2326 960//2326 1310//2326
f 1310//2327 1304//2327 1311//2327
f 1312//2328 1309//2328 1313//2328
f 984//2329 1314//2329 995//2329
f 1315//2330 995//2330 1316//2330
f 987//2331 995//2331 1315//2331
f 913//2332 1317//2332 1318//2332
f 1317//2333 1310//2333 1311//2333
f 1315//2334 1319//2334 987//2334
f 1317//2335 913//2335 1310//2335
f 925//2336 913//2336 1318//2336
f 987//2337 1319//2337 971//2337
f 1317//2338 1311//2338 1320//2338
f 1321//2339 971//2339 1319//2339
f 1320//2340 1318//2340 1317//2340
f 958//2341 971//2341 1321//2341
f 1321//2342 1322//2342 958//2342
f 1322//2343 1323//2343 958//2343
f 956//2344 958//2344 1323//2344
f 1322//2345 1324//2345 1323//2345
f 1325//2346 883//2346 925//2346
f 1325//2347 925//2347 1318//2347
f 1326//2348 1318//2348 1320//2348
f 1325//2349 1318//2349 1326//2349
f 1325//2350 1326//2350 1306//2350
f 1325//2351 989//2351 883//2351
f 1326//2352 1320//2352 1307//2352
f 1308//2353 989//2353 1325//2353
f 1326//2354 1307//2354 1306//2354
f 956//2355 1323//2355 875//2355
f 1308//2356 1325//2356 1306//2356
f 1327//2357 875//2357 1323//2357
f 923//2358 875//2358 1327//2358
f 1000//2359 989//2359 1308//2359
f 1000//2360 1308//2360 1328//2360
f 1044//2361 1046//2361 1329//2361
f 1305//2362 1328//2362 1308//2362
f 1327//2363 1330//2363 923//2363
f 923//2364 1330//2364 940//2364
f 1330//2365 1331//2365 940//2365
f 978//2366 1000//2366 1328//2366
f 1328//2367 1305//2367 1332//2367
f 1331//2368 1333//2368 940//2368
f 1333//2369 922//2369 940//2369
f 978//2370 1328//2370 1334//2370
f 1040//2371 1034//2371 1335//2371
f 1331//2372 1336//2372 1333//2372
f 1332//2373 1334//2373 1328//2373
f 1336//2374 1331//2374 1337//2374
f 1031//2375 1040//2375 1335//2375
f 1031//2376 1335//2376 1030//2376
f 1001//2377 978//2377 1334//2377
f 922//2378 1333//2378 1336//2378
f 922//2379 1336//2379 1338//2379
f 1339//2380 1013//2380 1030//2380
f 1334//2381 1309//2381 1001//2381
f 1338//2382 919//2382 922//2382
f 1313//2383 1334//2383 1332//2383
f 1336//2384 1340//2384 1338//2384
f 1021//2385 1013//2385 1339//2385
f 1313//2386 1309//2386 1334//2386
f 1009//2387 928//2387 1309//2387
f 1337//2388 1340//2388 1336//2388
f 1021//2389 1339//2389 1341//2389
f 1340//2390 1342//2390 1338//2390
f 1343//2391 919//2391 1338//2391
f 1343//2392 1338//2392 1342//2392
f 1344//2393 1345//2393 1346//2393
f 1005//2394 1021//2394 1341//2394
f 1344//2395 1347//2395 1348//2395
f 1005//2396 1341//2396 1349//2396
f 1350//2397 1348//2397 1301//2397
f 1314//2398 1005//2398 1349//2398
f 1340//2399 1337//2399 1342//2399
f 1314//2400 984//2400 1005//2400
f 1314//2401 1349//2401 1316//2401
f 1310//2402 1302//2402 1304//2402
f 995//2403 1314//2403 1316//2403
f 1343//2404 1342//2404 1345//2404
f 1315//2405 1316//2405 1319//2405
f 1351//2406 1345//2406 1342//2406
f 1345//2407 898//2407 919//2407
f 898//2408 1345//2408 1344//2408
f 935//2409 898//2409 1344//2409
f 1323//2410 1324//2410 1327//2410
f 1347//2411 1344//2411 1346//2411
f 1347//2412 1346//2412 1352//2412
f 882//2413 935//2413 1344//2413
f 882//2414 1344//2414 1348//2414
f 1345//2415 919//2415 1343//2415
f 1347//2416 1352//2416 1353//2416
f 1353//2417 1348//2417 1347//2417
f 1346//2418 1345//2418 1351//2418
f 1350//2419 882//2419 1348//2419
f 1350//2420 889//2420 882//2420
f 1350//2421 907//2421 889//2421
f 1353//2422 1354//2422 1348//2422
f 1301//2423 1348//2423 1354//2423
f 1301//2424 907//2424 1350//2424
f 1301//2425 893//2425 907//2425
f 1354//2426 1303//2426 1301//2426
f 1310//2427 960//2427 1302//2427
f 1303//2428 1302//2428 1301//2428
f 1355//2429 1356//2429 1357//2429
f 1358//2430 1359//2430 1360//2430
f 1361//2431 1362//2431 1363//2431
f 1364//2432 1365//2432 1366//2432
f 1367//2433 1368//2433 1369//2433
f 1370//2434 1371//2434 1372//2434
f 1373//2435 1374//2435 1375//2435
f 1376//2436 1377//2436 1378//2436
f 1379//2437 1380//2437 1381//2437
f 1382//2438 1383//2438 1384//2438
f 1364//2439 1385//2439 1386//2439
f 1387//2440 1388//2440 1355//2440
f 1389//2441 1390//2441 1391//2441
f 1357//2442 1392//2442 1393//2442
f 1394//2443 1395//2443 1396//2443
f 1389//2444 1391//2444 1397//2444
f 1398//2445 1399//2445 1400//2445
f 1401//2446 1402//2446 1403//2446
f 1398//2447 1393//2447 1399//2447
f 1363//2448 1362//2448 1404//2448
f 1405//2449 1370//2449 1406//2449
f 1407//2450 1408//2450 1409//2450
f 1410//2451 1411//2451 1412//2451
f 1413//2452 1414//2452 1415//2452
f 1413//2453 1415//2453 1374//2453
f 1416//2454 1359//2454 1358//2454
f 1379//2455 1378//2455 1380//2455
f 1417//2456 1418//2456 1419//2456
f 1420//2457 1421//2457 1422//2457
f 1420//2458 1422//2458 1423//2458
f 1424//2459 1385//2459 1364//2459
f 1401//2460 1403//2460 1425//2460
f 1426//2461 1427//2461 1428//2461
f 1429//2462 1430//2462 1431//2462
f 1429//2463 1431//2463 1395//2463
f 1432//2464 1433//2464 1354//2464
f 1367//2465 1434//2465 1435//2465
f 1436//2466 1437//2466 1438//2466
f 1439//2467 1406//2467 1440//2467
f 1441//2468 1442//2468 1421//2468
f 1443//2469 1383//2469 1382//2469
f 1416//2470 1444//2470 1445//2470
f 1446//2471 1447//2471 1414//2471
f 1448//2472 1402//2472 1401//2472
f 1449//2473 1373//2473 1418//2473
f 1450//2474 1451//2474 1376//2474
f 1426//2475 1428//2475 1452//2475
f 1453//2476 1408//2476 1407//2476
f 1432//2477 1400//2477 1454//2477
f 1327//2478 1381//2478 1330//2478
f 1455//2479 1419//2479 1456//2479
f 1432//2480 1454//2480 1433//2480
f 1457//2481 1458//2481 1459//2481
f 1460//2482 1367//2482 1369//2482
f 1461//2483 1462//2483 1444//2483
f 1461//2484 1463//2484 1462//2484
f 1424//2485 1423//2485 1385//2485
f 1464//2486 1390//2486 1389//2486
f 1450//2487 1376//2487 1378//2487
f 1465//2488 1466//2488 1387//2488
f 1467//2489 1387//2489 1355//2489
f 1468//2490 1404//2490 1447//2490
f 1449//2491 1418//2491 1417//2491
f 1405//2492 1406//2492 1439//2492
f 1379//2493 1381//2493 1327//2493
f 1441//2494 1421//2494 1420//2494
f 1469//2495 1423//2495 1424//2495
f 1470//2496 1394//2496 1396//2496
f 1436//2497 1471//2497 1437//2497
f 1472//2498 1355//2498 1357//2498
f 1473//2499 1408//2499 1453//2499
f 1407//2500 1474//2500 1410//2500
f 1475//2501 1378//2501 1379//2501
f 1476//2502 1400//2502 1432//2502
f 1432//2503 1354//2503 1353//2503
f 1367//2504 1477//2504 1434//2504
f 1478//2505 1364//2505 1366//2505
f 1479//2506 1373//2506 1449//2506
f 1439//2507 1440//2507 1480//2507
f 1358//2508 1360//2508 1448//2508
f 1481//2509 1482//2509 1483//2509
f 1484//2510 1397//2510 1451//2510
f 1450//2511 1378//2511 1485//2511
f 1417//2512 1419//2512 1455//2512
f 1486//2513 1487//2513 1488//2513
f 1489//2514 1425//2514 1427//2514
f 1490//2515 1420//2515 1423//2515
f 1491//2516 1466//2516 1465//2516
f 1490//2517 1423//2517 1469//2517
f 1429//2518 1395//2518 1394//2518
f 1492//2519 1424//2519 1364//2519
f 1493//2520 1366//2520 1464//2520
f 1494//2521 1389//2521 1397//2521
f 1495//2522 1463//2522 1496//2522
f 1497//2523 1361//2523 1363//2523
f 1485//2524 1378//2524 1475//2524
f 1460//2525 1369//2525 1371//2525
f 1324//2526 1379//2526 1327//2526
f 1498//2527 1441//2527 1420//2527
f 1446//2528 1414//2528 1413//2528
f 1492//2529 1364//2529 1478//2529
f 1480//2530 1440//2530 1443//2530
f 1499//2531 1373//2531 1479//2531
f 1500//2532 1382//2532 1487//2532
f 1499//2533 1374//2533 1373//2533
f 1501//2534 1488//2534 1491//2534
f 1467//2535 1355//2535 1472//2535
f 1457//2536 1459//2536 1502//2536
f 1475//2537 1379//2537 1503//2537
f 1504//2538 1505//2538 1430//2538
f 1496//2539 1463//2539 1461//2539
f 1506//2540 1424//2540 1492//2540
f 1398//2541 1400//2541 1476//2541
f 1507//2542 1444//2542 1416//2542
f 1508//2543 1471//2543 1436//2543
f 1478//2544 1366//2544 1493//2544
f 1509//2545 1389//2545 1494//2545
f 1509//2546 1464//2546 1389//2546
f 1484//2547 1451//2547 1450//2547
f 1510//2548 1438//2548 1361//2548
f 1511//2549 1425//2549 1489//2549
f 1511//2550 1401//2550 1425//2550
f 1468//2551 1447//2551 1446//2551
f 1503//2552 1379//2552 1324//2552
f 1512//2553 1387//2553 1467//2553
f 1494//2554 1397//2554 1484//2554
f 1513//2555 1393//2555 1398//2555
f 1498//2556 1420//2556 1490//2556
f 1506//2557 1469//2557 1424//2557
f 1460//2558 1477//2558 1367//2558
f 1514//2559 1358//2559 1448//2559
f 1500//2560 1443//2560 1382//2560
f 1515//2561 1404//2561 1468//2561
f 1486//2562 1488//2562 1501//2562
f 1489//2563 1427//2563 1426//2563
f 1516//2564 1450//2564 1485//2564
f 1517//2565 1426//2565 1452//2565
f 1518//2566 1453//2566 1407//2566
f 1519//2567 1410//2567 1412//2567
f 1499//2568 1413//2568 1374//2568
f 1520//2569 1506//2569 1492//2569
f 1507//2570 1461//2570 1444//2570
f 1521//2571 1484//2571 1450//2571
f 1522//2572 1416//2572 1358//2572
f 1523//2573 1460//2573 1371//2573
f 1524//2574 1307//2574 1320//2574
f 1524//2575 1456//2575 1307//2575
f 1457//2576 1525//2576 1458//2576
f 1504//2577 1502//2577 1505//2577
f 1526//2578 1480//2578 1443//2578
f 1520//2579 1492//2579 1478//2579
f 1500//2580 1487//2580 1486//2580
f 1493//2581 1464//2581 1509//2581
f 1508//2582 1396//2582 1471//2582
f 1527//2583 1494//2583 1484//2583
f 1510//2584 1436//2584 1438//2584
f 1512//2585 1465//2585 1387//2585
f 1528//2586 1407//2586 1410//2586
f 1529//2587 1412//2587 1495//2587
f 1490//2588 1530//2588 1498//2588
f 1513//2589 1357//2589 1393//2589
f 1531//2590 1446//2590 1413//2590
f 1532//2591 1478//2591 1493//2591
f 1507//2592 1416//2592 1522//2592
f 1527//2593 1484//2593 1521//2593
f 1523//2594 1371//2594 1370//2594
f 1533//2595 1448//2595 1401//2595
f 1534//2596 1490//2596 1469//2596
f 1535//2597 1457//2597 1502//2597
f 1504//2598 1430//2598 1429//2598
f 1536//2599 1491//2599 1465//2599
f 1521//2600 1450//2600 1516//2600
f 1537//2601 1472//2601 1357//2601
f 1510//2602 1361//2602 1497//2602
f 1538//2603 1495//2603 1496//2603
f 1539//2604 1461//2604 1507//2604
f 1515//2605 1363//2605 1404//2605
f 1540//2606 1468//2606 1446//2606
f 1520//2607 1478//2607 1532//2607
f 1460//2608 1541//2608 1477//2608
f 1542//2609 1413//2609 1499//2609
f 1517//2610 1452//2610 1312//2610
f 1543//2611 1544//2611 1473//2611
f 1543//2612 1545//2612 1544//2612
f 1546//2613 1502//2613 1504//2613
f 1543//2614 1473//2614 1453//2614
f 1518//2615 1407//2615 1528//2615
f 1547//2616 1357//2616 1513//2616
f 1519//2617 1412//2617 1529//2617
f 1470//2618 1396//2618 1508//2618
f 1548//2619 1436//2619 1510//2619
f 1503//2620 1324//2620 1322//2620
f 1534//2621 1469//2621 1506//2621
f 1549//2622 1405//2622 1439//2622
f 1533//2623 1514//2623 1448//2623
f 1550//2624 1500//2624 1486//2624
f 1536//2625 1501//2625 1491//2625
f 1551//2626 1479//2626 1449//2626
f 1552//2627 1485//2627 1475//2627
f 1552//2628 1475//2628 1503//2628
f 1528//2629 1410//2629 1519//2629
f 1457//2630 1553//2630 1525//2630
f 1529//2631 1495//2631 1538//2631
f 1352//2632 1432//2632 1353//2632
f 1554//2633 1394//2633 1470//2633
f 1523//2634 1370//2634 1405//2634
f 1554//2635 1429//2635 1394//2635
f 1534//2636 1555//2636 1530//2636
f 1534//2637 1530//2637 1490//2637
f 1556//2638 1439//2638 1480//2638
f 1557//2639 1506//2639 1520//2639
f 1558//2640 1443//2640 1500//2640
f 1559//2641 1497//2641 1363//2641
f 1559//2642 1363//2642 1515//2642
f 1560//2643 1509//2643 1494//2643
f 1560//2644 1494//2644 1527//2644
f 1552//2645 1516//2645 1485//2645
f 1512//2646 1467//2646 1472//2646
f 1531//2647 1413//2647 1542//2647
f 1561//2648 1426//2648 1517//2648
f 1537//2649 1357//2649 1547//2649
f 1562//2650 1534//2650 1506//2650
f 1563//2651 1520//2651 1532//2651
f 1564//2652 1449//2652 1417//2652
f 1565//2653 1493//2653 1509//2653
f 1566//2654 1476//2654 1432//2654
f 1523//2655 1541//2655 1460//2655
f 1567//2656 1455//2656 1456//2656
f 1567//2657 1456//2657 1524//2657
f 1535//2658 1502//2658 1546//2658
f 1568//2659 1504//2659 1429//2659
f 1562//2660 1506//2660 1557//2660
f 1569//2661 1501//2661 1536//2661
f 1570//2662 1527//2662 1521//2662
f 1548//2663 1508//2663 1436//2663
f 1571//2664 1401//2664 1511//2664
f 1572//2665 1516//2665 1552//2665
f 1573//2666 1472//2666 1537//2666
f 1489//2667 1426//2667 1561//2667
f 1574//2668 1503//2668 1322//2668
f 1574//2669 1322//2669 1321//2669
f 1557//2670 1520//2670 1563//2670
f 1575//2671 1398//2671 1476//2671
f 1565//2672 1532//2672 1493//2672
f 1566//2673 1432//2673 1352//2673
f 1576//2674 1560//2674 1527//2674
f 1577//2675 1521//2675 1516//2675
f 1549//2676 1439//2676 1556//2676
f 1578//2677 1496//2677 1461//2677
f 1578//2678 1461//2678 1539//2678
f 1526//2679 1443//2679 1558//2679
f 1550//2680 1486//2680 1501//2680
f 1579//2681 1507//2681 1522//2681
f 1565//2682 1509//2682 1560//2682
f 1580//2683 1358//2683 1514//2683
f 1576//2684 1527//2684 1570//2684
f 1580//2685 1522//2685 1358//2685
f 1577//2686 1516//2686 1572//2686
f 1581//2687 1470//2687 1508//2687
f 1582//2688 1548//2688 1510//2688
f 1574//2689 1552//2689 1503//2689
f 1583//2690 1468//2690 1540//2690
f 1583//2691 1515//2691 1468//2691
f 1584//2692 1453//2692 1518//2692
f 1570//2693 1521//2693 1577//2693
f 1585//2694 1523//2694 1405//2694
f 1585//2695 1405//2695 1549//2695
f 1586//2696 1528//2696 1519//2696
f 1556//2697 1480//2697 1526//2697
f 1558//2698 1500//2698 1550//2698
f 1319//2699 1574//2699 1321//2699
f 1534//2700 1587//2700 1555//2700
f 1551//2701 1449//2701 1564//2701
f 1573//2702 1512//2702 1472//2702
f 1535//2703 1553//2703 1457//2703
f 1571//2704 1533//2704 1401//2704
f 1575//2705 1513//2705 1398//2705
f 1587//2706 1562//2706 1557//2706
f 1588//2707 1563//2707 1532//2707
f 1589//2708 1510//2708 1497//2708
f 1590//2709 1479//2709 1551//2709
f 1591//2710 1519//2710 1529//2710
f 1592//2711 1532//2711 1565//2711
f 1578//2712 1538//2712 1496//2712
f 1590//2713 1499//2713 1479//2713
f 1593//2714 1507//2714 1579//2714
f 1593//2715 1539//2715 1507//2715
f 1594//2716 1547//2716 1513//2716
f 1587//2717 1534//2717 1562//2717
f 1595//2718 1514//2718 1533//2718
f 1596//2719 1576//2719 1570//2719
f 1597//2720 1552//2720 1574//2720
f 1598//2721 1501//2721 1569//2721
f 1598//2722 1550//2722 1501//2722
f 1584//2723 1543//2723 1453//2723
f 1599//2724 1587//2724 1557//2724
f 1592//2725 1588//2725 1532//2725
f 1600//2726 1536//2726 1465//2726
f 1601//2727 1565//2727 1560//2727
f 1602//2728 1512//2728 1573//2728
f 1603//2729 1540//2729 1446//2729
f 1603//2730 1446//2730 1531//2730
f 1604//2731 1572//2731 1552//2731
f 1580//2732 1514//2732 1595//2732
f 1605//2733 1476//2733 1566//2733
f 1606//2734 1533//2734 1571//2734
f 1596//2735 1560//2735 1576//2735
f 1570//2736 1577//2736 1572//2736
f 1607//2737 1558//2737 1550//2737
f 1568//2738 1546//2738 1504//2738
f 1581//2739 1508//2739 1548//2739
f 1608//2740 1465//2740 1512//2740
f 1582//2741 1510//2741 1589//2741
f 1609//2742 1545//2742 1543//2742
f 1609//2743 1610//2743 1545//2743
f 1591//2744 1586//2744 1519//2744
f 1597//2745 1574//2745 1319//2745
f 1599//2746 1557//2746 1563//2746
f 1611//2747 1523//2747 1585//2747
f 1611//2748 1541//2748 1523//2748
f 1612//2749 1499//2749 1590//2749
f 1601//2750 1560//2750 1596//2750
f 1613//2751 1549//2751 1556//2751
f 1600//2752 1569//2752 1536//2752
f 1614//2753 1592//2753 1565//2753
f 1535//2754 1615//2754 1553//2754
f 1616//2755 1570//2755 1572//2755
f 1617//2756 1561//2756 1517//2756
f 1618//2757 1554//2757 1470//2757
f 1616//2758 1572//2758 1604//2758
f 1619//2759 1588//2759 1592//2759
f 1575//2760 1476//2760 1605//2760
f 1566//2761 1352//2761 1346//2761
f 1620//2762 1515//2762 1583//2762
f 1620//2763 1559//2763 1515//2763
f 1621//2764 1596//2764 1570//2764
f 1316//2765 1597//2765 1319//2765
f 1622//2766 1563//2766 1588//2766
f 1622//2767 1599//2767 1563//2767
f 1600//2768 1465//2768 1608//2768
f 1595//2769 1533//2769 1606//2769
f 1564//2770 1417//2770 1455//2770
f 1623//2771 1552//2771 1597//2771
f 1624//2772 1571//2772 1511//2772
f 1625//2773 1567//2773 1524//2773
f 1623//2774 1604//2774 1552//2774
f 1594//2775 1513//2775 1575//2775
f 1614//2776 1565//2776 1601//2776
f 1517//2777 1312//2777 1313//2777
f 1626//2778 1568//2778 1429//2778
f 1626//2779 1429//2779 1554//2779
f 1613//2780 1585//2780 1549//2780
f 1609//2781 1627//2781 1610//2781
f 1607//2782 1550//2782 1598//2782
f 1628//2783 1497//2783 1559//2783
f 1619//2784 1592//2784 1614//2784
f 1629//2785 1529//2785 1538//2785
f 1630//2786 1578//2786 1539//2786
f 1630//2787 1539//2787 1593//2787
f 1621//2788 1570//2788 1616//2788
f 1631//2789 1573//2789 1537//2789
f 1612//2790 1542//2790 1499//2790
f 1632//2791 1551//2791 1564//2791
f 1633//2792 1511//2792 1489//2792
f 1634//2793 1524//2793 1320//2793
f 1634//2794 1320//2794 1311//2794
f 1635//2795 1526//2795 1558//2795
f 1636//2796 1614//2796 1601//2796
f 1637//2797 1518//2797 1528//2797
f 1637//2798 1584//2798 1518//2798
f 1638//2799 1540//2799 1603//2799
f 1639//2800 1619//2800 1614//2800
f 1638//2801 1583//2801 1540//2801
f 1640//2802 1522//2802 1580//2802
f 1641//2803 1531//2803 1542//2803
f 1642//2804 1622//2804 1588//2804
f 1351//2805 1566//2805 1346//2805
f 1642//2806 1588//2806 1619//2806
f 1643//2807 1556//2807 1526//2807
f 1644//2808 1596//2808 1621//2808
f 1633//2809 1489//2809 1561//2809
f 1349//2810 1597//2810 1316//2810
f 1598//2811 1569//2811 1600//2811
f 1349//2812 1623//2812 1597//2812
f 1546//2813 1615//2813 1535//2813
f 1618//2814 1470//2814 1581//2814
f 1631//2815 1602//2815 1573//2815
f 1645//2816 1543//2816 1584//2816
f 1629//2817 1591//2817 1529//2817
f 1628//2818 1589//2818 1497//2818
f 1646//2819 1594//2819 1575//2819
f 1647//2820 1605//2820 1566//2820
f 1639//2821 1614//2821 1636//2821
f 1644//2822 1601//2822 1596//2822
f 1648//2823 1580//2823 1595//2823
f 1643//2824 1526//2824 1635//2824
f 1649//2825 1607//2825 1598//2825
f 1624//2826 1511//2826 1633//2826
f 1632//2827 1590//2827 1551//2827
f 1608//2828 1512//2828 1602//2828
f 1650//2829 1616//2829 1604//2829
f 1625//2830 1524//2830 1634//2830
f 1651//2831 1517//2831 1313//2831
f 1652//2832 1636//2832 1601//2832
f 1652//2833 1601//2833 1644//2833
f 1646//2834 1575//2834 1605//2834
f 1653//2835 1616//2835 1654//2835
f 1653//2836 1621//2836 1616//2836
f 1647//2837 1566//2837 1351//2837
f 1585//2838 1655//2838 1611//2838
f 1656//2839 1582//2839 1589//2839
f 1657//2840 1556//2840 1643//2840
f 1657//2841 1613//2841 1556//2841
f 1658//2842 1586//2842 1591//2842
f 1629//2843 1538//2843 1578//2843
f 1635//2844 1558//2844 1607//2844
f 1654//2845 1616//2845 1650//2845
f 1641//2846 1603//2846 1531//2846
f 1640//2847 1579//2847 1522//2847
f 1639//2848 1642//2848 1619//2848
f 1653//2849 1644//2849 1621//2849
f 1606//2850 1571//2850 1624//2850
f 1659//2851 1537//2851 1547//2851
f 1650//2852 1604//2852 1623//2852
f 1660//2853 1639//2853 1636//2853
f 1661//2854 1585//2854 1613//2854
f 1662//2855 1455//2855 1567//2855
f 1663//2856 1623//2856 1349//2856
f 1609//2857 1543//2857 1645//2857
f 1664//2858 1642//2858 1639//2858
f 1637//2859 1528//2859 1586//2859
f 1665//2860 1598//2860 1600//2860
f 1666//2861 1581//2861 1548//2861
f 1666//2862 1548//2862 1582//2862
f 1658//2863 1591//2863 1629//2863
f 1667//2864 1589//2864 1628//2864
f 1668//2865 1547//2865 1594//2865
f 1640//2866 1580//2866 1648//2866
f 1669//2867 1595//2867 1606//2867
f 1663//2868 1650//2868 1623//2868
f 1633//2869 1561//2869 1670//2869
f 1663//2870 1349//2870 1341//2870
f 1671//2871 1608//2871 1602//2871
f 1664//2872 1639//2872 1660//2872
f 1546//2873 1672//2873 1615//2873
f 1617//2874 1517//2874 1651//2874
f 1673//2875 1636//2875 1652//2875
f 1674//2876 1627//2876 1609//2876
f 1675//2877 1644//2877 1653//2877
f 1676//2878 1618//2878 1581//2878
f 1659//2879 1631//2879 1537//2879
f 1645//2880 1584//2880 1637//2880
f 1677//2881 1620//2881 1583//2881
f 1647//2882 1351//2882 1342//2882
f 1677//2883 1583//2883 1638//2883
f 1678//2884 1603//2884 1641//2884
f 1679//2885 1579//2885 1640//2885
f 1680//2886 1542//2886 1612//2886
f 1681//2887 1660//2887 1636//2887
f 1682//2888 1635//2888 1607//2888
f 1681//2889 1636//2889 1673//2889
f 1683//2890 1600//2890 1608//2890
f 1662//2891 1564//2891 1455//2891
f 1684//2892 1664//2892 1660//2892
f 1675//2893 1653//2893 1654//2893
f 1659//2894 1547//2894 1668//2894
f 1670//2895 1561//2895 1617//2895
f 1685//2896 1546//2896 1568//2896
f 1626//2897 1554//2897 1618//2897
f 1686//2898 1652//2898 1644//2898
f 1661//2899 1613//2899 1657//2899
f 1686//2900 1644//2900 1675//2900
f 1687//2901 1654//2901 1650//2901
f 1656//2902 1589//2902 1667//2902
f 1628//2903 1559//2903 1620//2903
f 1688//2904 1629//2904 1578//2904
f 1684//2905 1660//2905 1681//2905
f 1686//2906 1673//2906 1652//2906
f 1687//2907 1675//2907 1654//2907
f 1689//2908 1650//2908 1663//2908
f 1689//2909 1663//2909 1341//2909
f 1415//2910 1606//2910 1624//2910
f 1662//2911 1567//2911 1625//2911
f 1634//2912 1311//2912 1304//2912
f 1685//2913 1568//2913 1626//2913
f 1690//2914 1649//2914 1598//2914
f 1691//2915 1675//2915 1687//2915
f 1692//2916 1627//2916 1674//2916
f 1683//2917 1665//2917 1600//2917
f 1671//2918 1602//2918 1631//2918
f 1666//2919 1582//2919 1656//2919
f 1681//2920 1693//2920 1684//2920
f 1694//2921 1637//2921 1586//2921
f 1695//2922 1603//2922 1678//2922
f 1339//2923 1689//2923 1341//2923
f 1696//2924 1658//2924 1629//2924
f 1697//2925 1594//2925 1646//2925
f 1695//2926 1638//2926 1603//2926
f 1698//2927 1605//2927 1647//2927
f 1698//2928 1646//2928 1605//2928
f 1688//2929 1578//2929 1630//2929
f 1680//2930 1641//2930 1542//2930
f 1691//2931 1686//2931 1675//2931
f 1661//2932 1655//2932 1585//2932
f 1687//2933 1650//2933 1689//2933
f 1356//2934 1590//2934 1632//2934
f 1682//2935 1607//2935 1649//2935
f 1699//2936 1564//2936 1662//2936
f 1689//2937 1339//2937 1030//2937
f 1685//2938 1672//2938 1546//2938
f 1700//2939 1681//2939 1673//2939
f 1700//2940 1673//2940 1686//2940
f 1701//2941 1687//2941 1689//2941
f 1702//2942 1643//2942 1635//2942
f 1703//2943 1691//2943 1687//2943
f 1700//2944 1693//2944 1681//2944
f 1704//2945 1629//2945 1688//2945
f 1705//2946 1686//2946 1691//2946
f 1706//2947 1630//2947 1593//2947
f 1707//2948 1700//2948 1686//2948
f 1648//2949 1595//2949 1669//2949
f 1701//2950 1689//2950 1030//2950
f 1701//2951 1030//2951 1335//2951
f 1697//2952 1668//2952 1594//2952
f 1329//2953 1708//2953 1044//2953
f 1375//2954 1624//2954 1633//2954
f 1647//2955 1342//2955 1337//2955
f 1368//2956 1626//2956 1618//2956
f 1709//2957 1657//2957 1643//2957
f 1705//2958 1691//2958 1703//2958
f 1368//2959 1618//2959 1676//2959
f 1690//2960 1598//2960 1665//2960
f 1707//2961 1686//2961 1705//2961
f 1384//2962 1628//2962 1620//2962
f 1710//2963 1711//2963 1712//2963
f 1713//2964 1671//2964 1631//2964
f 1701//2965 1703//2965 1687//2965
f 1710//2966 1712//2966 1714//2966
f 1715//2967 1609//2967 1645//2967
f 1707//2968 1716//2968 1700//2968
f 1717//2969 1659//2969 1668//2969
f 1612//2970 1590//2970 1356//2970
f 1718//2971 1719//2971 1720//2971
f 1699//2972 1632//2972 1564//2972
f 1721//2973 1593//2973 1579//2973
f 1362//2974 1640//2974 1648//2974
f 1454//2975 1662//2975 1625//2975
f 1710//2976 1720//2976 1711//2976
f 1722//2977 1685//2977 1626//2977
f 1723//2978 1707//2978 1705//2978
f 1724//2979 1608//2979 1671//2979
f 1415//2980 1624//2980 1375//2980
f 1724//2981 1683//2981 1608//2981
f 1725//2982 1703//2982 1701//2982
f 1713//2983 1631//2983 1659//2983
f 1726//2984 1705//2984 1703//2984
f 1727//2985 1668//2985 1697//2985
f 1723//2986 1728//2986 1716//2986
f 1723//2987 1716//2987 1707//2987
f 1383//2988 1667//2988 1628//2988
f 1723//2989 1705//2989 1726//2989
f 1725//2990 1701//2990 1335//2990
f 1725//2991 1335//2991 1034//2991
f 1419//2992 1617//2992 1651//2992
f 1718//2993 1729//2993 1719//2993
f 1710//2994 1714//2994 1730//2994
f 1726//2995 1703//2995 1725//2995
f 1731//2996 1732//2996 1733//2996
f 1702//2997 1635//2997 1682//2997
f 1431//2998 1694//2998 1586//2998
f 1431//2999 1586//2999 1658//2999
f 1696//3000 1629//3000 1704//3000
f 1734//3001 1665//3001 1683//3001
f 1735//3002 1723//3002 1726//3002
f 1718//3003 1720//3003 1710//3003
f 1735//3004 1728//3004 1723//3004
f 1706//3005 1688//3005 1630//3005
f 1043//3006 1726//3006 1725//3006
f 1043//3007 1725//3007 1034//3007
f 1685//3008 1736//3008 1672//3008
f 1730//3009 1737//3009 1731//3009
f 1722//3010 1626//3010 1368//3010
f 1676//3011 1581//3011 1666//3011
f 1708//3012 1735//3012 1726//3012
f 1738//3013 1729//3013 1718//3013
f 1708//3014 1043//3014 1044//3014
f 1739//3015 1656//3015 1667//3015
f 1708//3016 1726//3016 1043//3016
f 1709//3017 1643//3017 1702//3017
f 1740//3018 1690//3018 1665//3018
f 1677//3019 1638//3019 1695//3019
f 1714//3020 1737//3020 1730//3020
f 1740//3021 1665//3021 1734//3021
f 1651//3022 1313//3022 1332//3022
f 1715//3023 1674//3023 1609//3023
f 1741//3024 1733//3024 1742//3024
f 1717//3025 1668//3025 1727//3025
f 1399//3026 1662//3026 1454//3026
f 1743//3027 1698//3027 1647//3027
f 1744//3028 1657//3028 1709//3028
f 1706//3029 1593//3029 1721//3029
f 1744//3030 1661//3030 1657//3030
f 1745//3031 1685//3031 1722//3031
f 1362//3032 1679//3032 1640//3032
f 1746//3033 1649//3033 1690//3033
f 1447//3034 1648//3034 1669//3034
f 1738//3035 1747//3035 1729//3035
f 1748//3036 1718//3036 1710//3036
f 1749//3037 1713//3037 1659//3037
f 1749//3038 1659//3038 1717//3038
f 1384//3039 1620//3039 1677//3039
f 1419//3040 1670//3040 1617//3040
f 1750//3041 1641//3041 1680//3041
f 1751//3042 1646//3042 1698//3042
f 1743//3043 1647//3043 1337//3043
f 1456//3044 1651//3044 1332//3044
f 1737//3045 1732//3045 1731//3045
f 1752//3046 1753//3046 1747//3046
f 1754//3047 1702//3047 1682//3047
f 1734//3048 1683//3048 1724//3048
f 1714//3049 1732//3049 1737//3049
f 1721//3050 1579//3050 1679//3050
f 1741//3051 1742//3051 1755//3051
f 1756//3052 1747//3052 1738//3052
f 1383//3053 1628//3053 1384//3053
f 1746//3054 1682//3054 1649//3054
f 1757//3055 1731//3055 1733//3055
f 1757//3056 1733//3056 1741//3056
f 1399//3057 1699//3057 1662//3057
f 1752//3058 1758//3058 1753//3058
f 1751//3059 1697//3059 1646//3059
f 1505//3060 1645//3060 1637//3060
f 1505//3061 1637//3061 1694//3061
f 1454//3062 1625//3062 1634//3062
f 1745//3063 1736//3063 1685//3063
f 1372//3064 1676//3064 1666//3064
f 1746//3065 1690//3065 1740//3065
f 1759//3066 1724//3066 1671//3066
f 1759//3067 1671//3067 1713//3067
f 1752//3068 1747//3068 1756//3068
f 1414//3069 1606//3069 1415//3069
f 1414//3070 1669//3070 1606//3070
f 1738//3071 1718//3071 1748//3071
f 1388//3072 1680//3072 1612//3072
f 1377//3073 1727//3073 1697//3073
f 1388//3074 1612//3074 1356//3074
f 1392//3075 1632//3075 1699//3075
f 1760//3076 1709//3076 1702//3076
f 1418//3077 1670//3077 1419//3077
f 1746//3078 1754//3078 1682//3078
f 1433//3079 1634//3079 1304//3079
f 1403//3080 1741//3080 1755//3080
f 1435//3081 1745//3081 1722//3081
f 1481//3082 1483//3082 1692//3082
f 1481//3083 1692//3083 1674//3083
f 1411//3084 1758//3084 1752//3084
f 1369//3085 1368//3085 1676//3085
f 1411//3086 1761//3086 1758//3086
f 1406//3087 1656//3087 1739//3087
f 1406//3088 1666//3088 1656//3088
f 1395//3089 1658//3089 1696//3089
f 1359//3090 1730//3090 1731//3090
f 1377//3091 1697//3091 1751//3091
f 1403//3092 1755//3092 1762//3092
f 1393//3093 1699//3093 1399//3093
f 1373//3094 1375//3094 1633//3094
f 1445//3095 1710//3095 1730//3095
f 1445//3096 1748//3096 1710//3096
f 1402//3097 1741//3097 1403//3097
f 1760//3098 1744//3098 1709//3098
f 1505//3099 1715//3099 1645//3099
f 1763//3100 1746//3100 1740//3100
f 1466//3101 1678//3101 1641//3101
f 1466//3102 1641//3102 1750//3102
f 1437//3103 1688//3103 1706//3103
f 1462//3104 1738//3104 1748//3104
f 1392//3105 1356//3105 1632//3105
f 1380//3106 1751//3106 1698//3106
f 1764//3107 1760//3107 1702//3107
f 1454//3108 1634//3108 1433//3108
f 1745//3109 1765//3109 1736//3109
f 1372//3110 1666//3110 1406//3110
f 1365//3111 1724//3111 1759//3111
f 1440//3112 1667//3112 1383//3112
f 1418//3113 1633//3113 1670//3113
f 1440//3114 1739//3114 1667//3114
f 1381//3115 1698//3115 1743//3115
f 1395//3116 1431//3116 1658//3116
f 1402//3117 1757//3117 1741//3117
f 1438//3118 1706//3118 1721//3118
f 1392//3119 1699//3119 1393//3119
f 1425//3120 1762//3120 1766//3120
f 1425//3121 1403//3121 1762//3121
f 1391//3122 1749//3122 1717//3122
f 1433//3123 1304//3123 1303//3123
f 1369//3124 1676//3124 1372//3124
f 1743//3125 1337//3125 1331//3125
f 1360//3126 1731//3126 1757//3126
f 1487//3127 1384//3127 1677//3127
f 1466//3128 1695//3128 1678//3128
f 1365//3129 1734//3129 1724//3129
f 1390//3130 1713//3130 1749//3130
f 1387//3131 1750//3131 1680//3131
f 1390//3132 1759//3132 1713//3132
f 1387//3133 1680//3133 1388//3133
f 1459//3134 1715//3134 1505//3134
f 1430//3135 1694//3135 1431//3135
f 1462//3136 1748//3136 1445//3136
f 1381//3115 1380//3115 1698//3115
f 1361//3137 1721//3137 1679//3137
f 1764//3138 1702//3138 1754//3138
f 1386//3139 1740//3139 1734//3139
f 1447//3140 1669//3140 1414//3140
f 1415//3141 1375//3141 1374//3141
f 1451//3142 1727//3142 1377//3142
f 1373//3143 1633//3143 1418//3143
f 1488//3144 1677//3144 1695//3144
f 1451//3145 1717//3145 1727//3145
f 1378//3146 1751//3146 1380//3146
f 1378//3147 1377//3147 1751//3147
f 1307//3148 1456//3148 1332//3148
f 1307//3149 1332//3149 1305//3149
f 1458//3150 1674//3150 1715//3150
f 1360//3151 1359//3151 1731//3151
f 1386//3152 1734//3152 1365//3152
f 1435//3153 1765//3153 1745//3153
f 1396//3154 1696//3154 1704//3154
f 1437//3155 1706//3155 1438//3155
f 1361//3156 1679//3156 1362//3156
f 1474//3157 1761//3157 1411//3157
f 1404//3158 1362//3158 1648//3158
f 1495//3159 1752//3159 1756//3159
f 1404//3160 1648//3160 1447//3160
f 1764//3161 1767//3161 1760//3161
f 1422//3162 1754//3162 1746//3162
f 1491//3163 1695//3163 1466//3163
f 1445//3164 1730//3164 1359//3164
f 1385//3165 1763//3165 1740//3165
f 1385//3166 1740//3166 1386//3166
f 1390//3167 1749//3167 1391//3167
f 1355//3168 1388//3168 1356//3168
f 1427//3169 1766//3169 1768//3169
f 1419//3170 1651//3170 1456//3170
f 1400//3171 1399//3171 1454//3171
f 1505//3172 1694//3172 1430//3172
f 1433//3173 1303//3173 1354//3173
f 1442//3174 1764//3174 1754//3174
f 1367//3175 1435//3175 1722//3175
f 1422//3176 1746//3176 1763//3176
f 1367//3177 1722//3177 1368//3177
f 1371//3178 1369//3178 1372//3178
f 1471//3179 1704//3179 1688//3179
f 1463//3180 1756//3180 1738//3180
f 1366//3181 1759//3181 1390//3181
f 1471//3182 1688//3182 1437//3182
f 1444//3183 1462//3183 1445//3183
f 1440//3184 1406//3184 1739//3184
f 1366//3185 1365//3185 1759//3185
f 1438//3186 1721//3186 1361//3186
f 1487//3187 1677//3187 1488//3187
f 1448//3188 1757//3188 1402//3188
f 1381//3189 1743//3189 1331//3189
f 1421//3190 1754//3190 1422//3190
f 1474//3191 1769//3191 1761//3191
f 1357//3192 1356//3192 1392//3192
f 1364//3193 1386//3193 1365//3193
f 1463//3194 1738//3194 1462//3194
f 1397//3195 1717//3195 1451//3195
f 1397//3196 1391//3196 1717//3196
f 1458//3197 1481//3197 1674//3197
f 1370//3198 1372//3198 1406//3198
f 1459//3199 1505//3199 1502//3199
f 1764//3200 1442//3200 1767//3200
f 1396//3201 1395//3201 1696//3201
f 1382//3202 1384//3202 1487//3202
f 1425//3203 1766//3203 1427//3203
f 1488//3204 1695//3204 1491//3204
f 1466//3205 1750//3205 1387//3205
f 1410//3206 1474//3206 1411//3206
f 1495//3207 1756//3207 1463//3207
f 1416//3208 1445//3208 1359//3208
f 1360//3209 1757//3209 1448//3209
f 1421//3210 1442//3210 1754//3210
f 1435//3211 1434//3211 1765//3211
f 1423//3212 1422//3212 1763//3212
f 1423//3213 1763//3213 1385//3213
f 1464//3214 1366//3214 1390//3214
f 1443//3215 1440//3215 1383//3215
f 1427//3216 1768//3216 1428//3216
f 1407//3217 1769//3217 1474//3217
f 1458//3218 1715//3218 1459//3218
f 1407//3219 1409//3219 1769//3219
f 1376//3220 1451//3220 1377//3220
f 1412//3221 1752//3221 1495//3221
f 1412//3222 1411//3222 1752//3222
f 1471//3223 1396//3223 1704//3223
f 1381//3224 1331//3224 1330//3224
f 1770//3225 1771//3225 1772//3225
f 1773//3226 1774//3226 1775//3226
f 1776//3227 1777//3227 1778//3227
f 1779//3228 1780//3228 1781//3228
f 1782//3229 1783//3229 1784//3229
f 1785//3230 1786//3230 1787//3230
f 1788//3231 1789//3231 1790//3231
f 1791//3232 1792//3232 1541//3232
f 1793//3233 1794//3233 1795//3233
f 1796//3234 1797//3234 1798//3234
f 1799//3235 1800//3235 1801//3235
f 1802//3236 1803//3236 1804//3236
f 1530//3237 1805//3237 1498//3237
f 1806//3238 1807//3238 1808//3238
f 1809//3239 1810//3239 1811//3239
f 1806//3240 1808//3240 1812//3240
f 1813//3241 1814//3241 1815//3241
f 1816//3242 1817//3242 1818//3242
f 1819//3243 1820//3243 1774//3243
f 1821//3244 1822//3244 1823//3244
f 1824//3245 1541//3245 1611//3245
f 1825//3246 1826//3246 1827//3246
f 1828//3247 1829//3247 1789//3247
f 1830//3248 1781//3248 1831//3248
f 1830//3249 1831//3249 1786//3249
f 1832//3250 1804//3250 1833//3250
f 1785//3251 1834//3251 1835//3251
f 1836//3252 1837//3252 1838//3252
f 1836//3253 1838//3253 1839//3253
f 1840//3254 1841//3254 1800//3254
f 1842//3255 1843//3255 1844//3255
f 1845//3256 1846//3256 1809//3256
f 1770//3257 1847//3257 1771//3257
f 1848//3258 1792//3258 1791//3258
f 1849//3259 1850//3259 1851//3259
f 1852//3260 1853//3260 1854//3260
f 1855//3261 1772//3261 1822//3261
f 1329//3262 1856//3262 1708//3262
f 1857//3263 1858//3263 1826//3263
f 1859//3264 1860//3264 1861//3264
f 1782//3265 1861//3265 1783//3265
f 1793//3266 1790//3266 1794//3266
f 1862//3267 1863//3267 1864//3267
f 1862//3268 1864//3268 1848//3268
f 1865//3269 1866//3269 1841//3269
f 1791//3270 1541//3270 1824//3270
f 1842//3271 1867//3271 1868//3271
f 1869//3272 1870//3272 1664//3272
f 1802//3273 1804//3273 1832//3273
f 1855//3274 1822//3274 1821//3274
f 1871//3275 1872//3275 1873//3275
f 1871//3276 1874//3276 1872//3276
f 1857//3277 1826//3277 1825//3277
f 1875//3278 1820//3278 1819//3278
f 1815//3279 1876//3279 1859//3279
f 1824//3280 1611//3280 1655//3280
f 1877//3281 1878//3281 1797//3281
f 1796//3282 1803//3282 1802//3282
f 1779//3283 1781//3283 1830//3283
f 1879//3284 1801//3284 1805//3284
f 1880//3285 1839//3285 1881//3285
f 1880//3286 1881//3286 1870//3286
f 1879//3287 1799//3287 1801//3287
f 1821//3288 1823//3288 1882//3288
f 1883//3289 1816//3289 1863//3289
f 1884//3290 1846//3290 1845//3290
f 1856//3291 1329//3291 1885//3291
f 1883//3292 1863//3292 1862//3292
f 1849//3293 1886//3293 1850//3293
f 1887//3294 1809//3294 1811//3294
f 1888//3295 1858//3295 1857//3295
f 1888//3296 1889//3296 1858//3296
f 1828//3297 1789//3297 1788//3297
f 1890//3298 1797//3298 1796//3298
f 1891//3299 1773//3299 1777//3299
f 1892//3300 1817//3300 1816//3300
f 1893//3301 1812//3301 1847//3301
f 1865//3302 1784//3302 1866//3302
f 1840//3303 1800//3303 1799//3303
f 1894//3304 1785//3304 1835//3304
f 1895//3305 1825//3305 1829//3305
f 1895//3306 1829//3306 1828//3306
f 1887//3307 1811//3307 1896//3307
f 1849//3308 1851//3308 1853//3308
f 1897//3309 1833//3309 1817//3309
f 1873//3310 1820//3310 1875//3310
f 1898//3311 1842//3311 1868//3311
f 1819//3312 1774//3312 1773//3312
f 1899//3313 1770//3313 1772//3313
f 1900//3314 1782//3314 1784//3314
f 1877//3315 1797//3315 1890//3315
f 1901//3316 1796//3316 1802//3316
f 1902//3317 1786//3317 1785//3317
f 1865//3318 1841//3318 1840//3318
f 1903//3319 1835//3319 1837//3319
f 1904//3320 1832//3320 1833//3320
f 1869//3321 1664//3321 1684//3321
f 1897//3322 1817//3322 1892//3322
f 1793//3323 1795//3323 1905//3323
f 1898//3324 1868//3324 1807//3324
f 1906//3325 1791//3325 1824//3325
f 1893//3326 1806//3326 1812//3326
f 1907//3327 1847//3327 1770//3327
f 1908//3328 1802//3328 1832//3328
f 1909//3329 1772//3329 1855//3329
f 1910//3330 1861//3330 1782//3330
f 1911//3331 1821//3331 1882//3331
f 1904//3332 1833//3332 1897//3332
f 1892//3333 1816//3333 1883//3333
f 1912//3334 1790//3334 1793//3334
f 1879//3335 1805//3335 1913//3335
f 1914//3336 1880//3336 1870//3336
f 1915//3337 1905//3337 1843//3337
f 1916//3338 1807//3338 1806//3338
f 1893//3339 1847//3339 1907//3339
f 1917//3340 1853//3340 1852//3340
f 1918//3341 1896//3341 1874//3341
f 1919//3342 1855//3342 1821//3342
f 1920//3343 1813//3343 1815//3343
f 1921//3344 1882//3344 1856//3344
f 1891//3345 1777//3345 1776//3345
f 1922//3346 1780//3346 1779//3346
f 1923//3347 1791//3347 1906//3347
f 1924//3348 1786//3348 1902//3348
f 1924//3349 1830//3349 1786//3349
f 1923//3350 1848//3350 1791//3350
f 1903//3351 1894//3351 1835//3351
f 1925//3352 1840//3352 1799//3352
f 1880//3353 1836//3353 1839//3353
f 1901//3354 1802//3354 1908//3354
f 1913//3355 1805//3355 1530//3355
f 1899//3356 1772//3356 1909//3356
f 1926//3357 1852//3357 1813//3357
f 1927//3358 1856//3358 1885//3358
f 1857//3359 1825//3359 1895//3359
f 1928//3360 1815//3360 1859//3360
f 1929//3361 1819//3361 1773//3361
f 1929//3362 1773//3362 1891//3362
f 1912//3363 1788//3363 1790//3363
f 1915//3364 1793//3364 1905//3364
f 1910//3365 1859//3365 1861//3365
f 1930//3366 1931//3366 1878//3366
f 1930//3367 1878//3367 1877//3367
f 1932//3368 1796//3368 1901//3368
f 1932//3369 1890//3369 1796//3369
f 1898//3370 1807//3370 1916//3370
f 1902//3371 1785//3371 1894//3371
f 1907//3372 1770//3372 1899//3372
f 1903//3373 1837//3373 1836//3373
f 1933//3374 1904//3374 1897//3374
f 1909//3375 1855//3375 1919//3375
f 1911//3376 1882//3376 1921//3376
f 1934//3377 1869//3377 1684//3377
f 1935//3378 1936//3378 1937//3378
f 1938//3379 1886//3379 1849//3379
f 1939//3380 1828//3380 1788//3380
f 1940//3381 1824//3381 1655//3381
f 1941//3382 1877//3382 1890//3382
f 1922//3383 1776//3383 1780//3383
f 1921//3384 1856//3384 1927//3384
f 1914//3385 1870//3385 1869//3385
f 1942//3386 1895//3386 1828//3386
f 1943//3387 1655//3387 1661//3387
f 1943//3388 1661//3388 1744//3388
f 1845//3389 1944//3389 1884//3389
f 1945//3390 1793//3390 1915//3390
f 1918//3391 1874//3391 1871//3391
f 1946//3392 1843//3392 1842//3392
f 1947//3393 1873//3393 1875//3393
f 1917//3394 1852//3394 1926//3394
f 1948//3395 1806//3395 1893//3395
f 1920//3396 1815//3396 1928//3396
f 1949//3397 1859//3397 1910//3397
f 1950//3398 1862//3398 1848//3398
f 1950//3399 1848//3399 1923//3399
f 1951//3400 1828//3400 1939//3400
f 1940//3401 1906//3401 1824//3401
f 1930//3402 1877//3402 1941//3402
f 1925//3403 1799//3403 1879//3403
f 1952//3404 1842//3404 1898//3404
f 1845//3405 1809//3405 1887//3405
f 1908//3406 1832//3406 1904//3406
f 1938//3407 1937//3407 1886//3407
f 1953//3408 1893//3408 1907//3408
f 1954//3409 1887//3409 1896//3409
f 1917//3410 1849//3410 1853//3410
f 1955//3411 1956//3411 1957//3411
f 1955//3412 1888//3412 1857//3412
f 1955//3413 1957//3413 1888//3413
f 1958//3414 1776//3414 1922//3414
f 1940//3415 1655//3415 1943//3415
f 1959//3416 1779//3416 1830//3416
f 1945//3417 1912//3417 1793//3417
f 1960//3418 1900//3418 1784//3418
f 1960//3419 1784//3419 1865//3419
f 1946//3420 1915//3420 1843//3420
f 1948//3421 1916//3421 1806//3421
f 1961//3422 1897//3422 1892//3422
f 1934//3423 1684//3423 1693//3423
f 1962//3424 1530//3424 1555//3424
f 1950//3425 1883//3425 1862//3425
f 1963//3426 1919//3426 1821//3426
f 1963//3426 1821//3426 1911//3426
f 1955//3427 1857//3427 1895//3427
f 1964//3428 1938//3428 1849//3428
f 1942//3429 1828//3429 1951//3429
f 1947//3430 1871//3430 1873//3430
f 1939//3431 1788//3431 1912//3431
f 1930//3432 1965//3432 1931//3432
f 1952//3433 1946//3433 1842//3433
f 1966//3434 1910//3434 1782//3434
f 1966//3435 1782//3435 1900//3435
f 1953//3436 1948//3436 1893//3436
f 1967//3437 1907//3437 1899//3437
f 1968//3438 1892//3438 1883//3438
f 1969//3439 1914//3439 1869//3439
f 1969//3440 1869//3440 1934//3440
f 1970//3441 1908//3441 1904//3441
f 1958//3442 1891//3442 1776//3442
f 1961//3443 1933//3443 1897//3443
f 1959//3444 1922//3444 1779//3444
f 1968//3445 1883//3445 1950//3445
f 1971//3446 1895//3446 1942//3446
f 1972//3447 1880//3447 1914//3447
f 1973//3448 1865//3448 1840//3448
f 1974//3449 1925//3449 1879//3449
f 1975//3450 1845//3450 1887//3450
f 1976//3451 1941//3451 1890//3451
f 1976//3452 1890//3452 1932//3452
f 1954//3453 1896//3453 1918//3453
f 1962//3454 1913//3454 1530//3454
f 1977//3455 1901//3455 1908//3455
f 1978//3456 1875//3456 1819//3456
f 1979//3457 1926//3457 1813//3457
f 1980//3458 1904//3458 1933//3458
f 1981//3459 1899//3459 1909//3459
f 1961//3460 1892//3460 1968//3460
f 1979//3461 1813//3461 1920//3461
f 1928//3462 1859//3462 1949//3462
f 1924//3463 1959//3463 1830//3463
f 1945//3464 1915//3464 1946//3464
f 1982//3465 1906//3465 1940//3465
f 1960//3466 1865//3466 1983//3466
f 1984//3467 1836//3467 1880//3467
f 1985//3468 1744//3468 1760//3468
f 1985//3469 1943//3469 1744//3469
f 1984//3470 1903//3470 1836//3470
f 1986//3471 1898//3471 1916//3471
f 1973//3472 1840//3472 1925//3472
f 1987//3473 1879//3473 1913//3473
f 1988//3474 1909//3474 1919//3474
f 1989//3475 1911//3475 1921//3475
f 1989//3476 1921//3476 1927//3476
f 1990//3477 1937//3477 1938//3477
f 1990//3478 1935//3478 1937//3478
f 1991//3479 1917//3479 1926//3479
f 1992//3480 1923//3480 1906//3480
f 1993//3481 1952//3481 1898//3481
f 1992//3482 1950//3482 1923//3482
f 1994//3483 1922//3483 1959//3483
f 1995//3484 1924//3484 1902//3484
f 1953//3485 1907//3485 1967//3485
f 1996//3486 1894//3486 1903//3486
f 1983//3487 1865//3487 1973//3487
f 1955//3488 1997//3488 1956//3488
f 1970//3489 1904//3489 1980//3489
f 1998//3490 1968//3490 1950//3490
f 1999//3491 1555//3491 1587//3491
f 2000//3492 1918//3492 1871//3492
f 2001//3493 1946//3493 1952//3493
f 1986//3494 1993//3494 1898//3494
f 1978//3495 1947//3495 1875//3495
f 2002//3496 1849//3496 1917//3496
f 1988//3497 1981//3497 1909//3497
f 2003//3498 1911//3498 1989//3498
f 2003//3499 1963//3499 1911//3499
f 2004//3500 1902//3500 1894//3500
f 2005//3501 1942//3501 1951//3501
f 1966//3502 1949//3502 1910//3502
f 2006//3503 1934//3503 1693//3503
f 2007//3504 1961//3504 1968//3504
f 1975//3505 1887//3505 2008//3505
f 1974//3506 1879//3506 1987//3506
f 2009//3507 1871//3507 1947//3507
f 1967//3508 1899//3508 1981//3508
f 1982//3509 1940//3509 1943//3509
f 1988//3510 1919//3510 1963//3510
f 2010//3511 1978//3511 1819//3511
f 2010//3512 1819//3512 1929//3512
f 2011//3513 1935//3513 1990//3513
f 2012//3514 1929//3514 1891//3514
f 2013//3515 1901//3515 1977//3515
f 2013//3516 1932//3516 1901//3516
f 2014//3517 1912//3517 1945//3517
f 1994//3518 1958//3518 1922//3518
f 2015//3519 1916//3519 1948//3519
f 2004//3520 1894//3520 1996//3520
f 2016//3521 1880//3521 1972//3521
f 2016//3522 1984//3522 1880//3522
f 2017//3523 1953//3523 1967//3523
f 2007//3524 1968//3524 1998//3524
f 2018//3525 1482//3525 1481//3525
f 1992//3526 1906//3526 1982//3526
f 2019//3527 1997//3527 1955//3527
f 1971//3528 1942//3528 2005//3528
f 2018//3529 2020//3529 1482//3529
f 2021//3530 1973//3530 1925//3530
f 2018//3531 1481//3531 1458//3531
f 2008//3532 1887//3532 1954//3532
f 2022//3533 1943//3533 1985//3533
f 2023//3534 1939//3534 1912//3534
f 2024//3535 2018//3535 1458//3535
f 1999//3536 1962//3536 1555//3536
f 2001//3537 1952//3537 1993//3537
f 2025//3538 2020//3538 2018//3538
f 2026//3539 1948//3539 1953//3539
f 2002//3540 1964//3540 1849//3540
f 2025//3541 2027//3541 2020//3541
f 1525//3542 2024//3542 1458//3542
f 2028//3543 1920//3543 1928//3543
f 1995//3544 1902//3544 2004//3544
f 2019//3545 1895//3545 1971//3545
f 2019//3546 1955//3546 1895//3546
f 2025//3547 2018//3547 2024//3547
f 1998//3548 1950//3548 1992//3548
f 2029//3549 2027//3549 2025//3549
f 2030//3550 1966//3550 1900//3550
f 2031//3551 1946//3551 2001//3551
f 2031//3552 1945//3552 1946//3552
f 2006//3553 1969//3553 1934//3553
f 2030//3554 1900//3554 1960//3554
f 2015//3555 1986//3555 1916//3555
f 2013//3556 1976//3556 1932//3556
f 2032//3557 2025//3557 2024//3557
f 1977//3558 1908//3558 1970//3558
f 2000//3559 1871//3559 2009//3559
f 2033//3560 1913//3560 1962//3560
f 2034//3561 2024//3561 1525//3561
f 2023//3562 1951//3562 1939//3562
f 1980//3563 1933//3563 1961//3563
f 2035//3564 1999//3564 1587//3564
f 2036//3565 2029//3565 2025//3565
f 2037//3566 1938//3566 1964//3566
f 2036//3567 2038//3567 2029//3567
f 2039//3568 1959//3568 1924//3568
f 2040//3569 2002//3569 1917//3569
f 2032//3570 2024//3570 2034//3570
f 2022//3571 1982//3571 1943//3571
f 2015//3572 1948//3572 2026//3572
f 2041//3573 1972//3573 1914//3573
f 2041//3574 1914//3574 1969//3574
f 1767//3575 1985//3575 1760//3575
f 2042//3576 1930//3576 1941//3576
f 2042//3577 1941//3577 1976//3577
f 2019//3578 2043//3578 1997//3578
f 2044//3579 1954//3579 1918//3579
f 2023//3580 1912//3580 2014//3580
f 2009//3581 1947//3581 1978//3581
f 2045//3582 2025//3582 2032//3582
f 1553//3583 2034//3583 1525//3583
f 2036//3584 2046//3584 2038//3584
f 2026//3585 1953//3585 2017//3585
f 2012//3586 1891//3586 1958//3586
f 1990//3587 2047//3587 2011//3587
f 2048//3588 1967//3588 1981//3588
f 2045//3589 2036//3589 2025//3589
f 2005//3590 1951//3590 2023//3590
f 2049//3591 1965//3591 1930//3591
f 2028//3592 1979//3592 1920//3592
f 2050//3593 1993//3593 1986//3593
f 2051//3594 1693//3594 1700//3594
f 1975//3595 2052//3595 1944//3595
f 1975//3596 1944//3596 1845//3596
f 2053//3597 1988//3597 1963//3597
f 2053//3598 1963//3598 2003//3598
f 2021//3599 1925//3599 1974//3599
f 2033//3600 1987//3600 1913//3600
f 2054//3601 1945//3601 2031//3601
f 2054//3602 2014//3602 1945//3602
f 2055//3603 2032//3603 2034//3603
f 2055//3604 2045//3604 2032//3604
f 2037//3605 1990//3605 1938//3605
f 1994//3606 1959//3606 2039//3606
f 2056//3607 1985//3607 1767//3607
f 2057//3608 1995//3608 2004//3608
f 2017//3609 1967//3609 2048//3609
f 2058//3610 1553//3610 1615//3610
f 2059//3611 1981//3611 1988//3611
f 1984//3612 1996//3612 1903//3612
f 2060//3613 1977//3613 1970//3613
f 1979//3614 1991//3614 1926//3614
f 2061//3615 1980//3615 1961//3615
f 2062//3616 1949//3616 1966//3616
f 2063//3617 2046//3617 2036//3617
f 2050//3618 2001//3618 1993//3618
f 2064//3619 1986//3619 2015//3619
f 2058//3620 2034//3620 1553//3620
f 2033//3621 1962//3621 1999//3621
f 2065//3622 1958//3622 1994//3622
f 2039//3623 1924//3623 1995//3623
f 2035//3624 1587//3624 1599//3624
f 2066//3625 2004//3625 1996//3625
f 2067//3626 2045//3626 2055//3626
f 2067//3627 2036//3627 2045//3627
f 2037//3628 1964//3628 2002//3628
f 2068//3629 2034//3629 2058//3629
f 2069//3630 1970//3630 1980//3630
f 2040//3631 1917//3631 1991//3631
f 2061//3632 1961//3632 2007//3632
f 2070//3633 2015//3633 2026//3633
f 2071//3634 2041//3634 1969//3634
f 2072//3635 1928//3635 1949//3635
f 2073//3636 1971//3636 2005//3636
f 2074//3637 1992//3637 1982//3637
f 2044//3638 1918//3638 2000//3638
f 2075//3639 2023//3639 2014//3639
f 2074//3640 1982//3640 2022//3640
f 2076//3641 2010//3641 1929//3641
f 2077//3642 2001//3642 2050//3642
f 2076//3643 1929//3643 2078//3643
f 2056//3644 2022//3644 1985//3644
f 2068//3645 2055//3645 2034//3645
f 2079//3646 1930//3646 2042//3646
f 2079//3647 2049//3647 1930//3647
f 2080//3648 2012//3648 1958//3648
f 2081//3649 1615//3649 1672//3649
f 2081//3650 2058//3650 1615//3650
f 2082//3651 1976//3651 2013//3651
f 2059//3652 1988//3652 2053//3652
f 2063//3653 2083//3653 2046//3653
f 2059//3654 2053//3654 2084//3654
f 2085//3655 2043//3655 2019//3655
f 2041//3656 2016//3656 1972//3656
f 2063//3657 2036//3657 2067//3657
f 2051//3658 1700//3658 1716//3658
f 2064//3659 2015//3659 2070//3659
f 2086//3660 2055//3660 2068//3660
f 2087//3661 2026//3661 2017//3661
f 2088//3662 2008//3662 1954//3662
f 2089//3663 2048//3663 1981//3663
f 2088//3664 1954//3664 2044//3664
f 2090//3665 1949//3665 2062//3665
f 2089//3666 1981//3666 2059//3666
f 2073//3667 2019//3667 1971//3667
f 2091//3668 1978//3668 2010//3668
f 2075//3669 2005//3669 2023//3669
f 2078//3670 1929//3670 2012//3670
f 1831//3671 2021//3671 1974//3671
f 2064//3672 2050//3672 1986//3672
f 2070//3673 2026//3673 2087//3673
f 2060//3674 1970//3674 2069//3674
f 2092//3675 2067//3675 2055//3675
f 2057//3676 2004//3676 2066//3676
f 2092//3677 2055//3677 2086//3677
f 2093//3678 2007//3678 1998//3678
f 2094//3679 2063//3679 2067//3679
f 2072//3680 2028//3680 1928//3680
f 2095//3681 1975//3681 2008//3681
f 2096//3682 1767//3682 1442//3682
f 2085//3683 2019//3683 2073//3683
f 2097//3684 2049//3684 2079//3684
f 2098//3685 2042//3685 1976//3685
f 2099//3686 2083//3686 2063//3686
f 2030//3687 1960//3687 1983//3687
f 2098//3688 1976//3688 2082//3688
f 2100//3689 1973//3689 2021//3689
f 2101//3690 2013//3690 1977//3690
f 2102//3691 2050//3691 2064//3691
f 2103//3692 1974//3692 1987//3692
f 2104//3693 2039//3693 1995//3693
f 2105//3694 1672//3694 1736//3694
f 2106//3695 2033//3695 1999//3695
f 2105//3696 2081//3696 1672//3696
f 2061//3697 2007//3697 2107//3697
f 2108//3698 2035//3698 1599//3698
f 2071//3699 1969//3699 2006//3699
f 2109//3700 2054//3700 2031//3700
f 2110//3701 1992//3701 2111//3701
f 2110//3702 1998//3702 1992//3702
f 2095//3703 2008//3703 2088//3703
f 2091//3704 2009//3704 1978//3704
f 2112//3705 2017//3705 2048//3705
f 2094//3706 2067//3706 2092//3706
f 2072//3707 1949//3707 2090//3707
f 2113//3708 2086//3708 2068//3708
f 2080//3709 1958//3709 2065//3709
f 2062//3710 1966//3710 2030//3710
f 2077//3711 2050//3711 2102//3711
f 2114//3712 1980//3712 2061//3712
f 2115//3713 1996//3713 1984//3713
f 2107//3714 2007//3714 2093//3714
f 1787//3715 1987//3715 2033//3715
f 2116//3716 2085//3716 2073//3716
f 2117//3717 2068//3717 2058//3717
f 2117//3718 2058//3718 2081//3718
f 2118//3719 2005//3719 2075//3719
f 2111//3720 1992//3720 2074//3720
f 2119//3721 1999//3721 2035//3721
f 2109//3722 2014//3722 2054//3722
f 1846//3723 1990//3723 2037//3723
f 2120//3724 2001//3724 2077//3724
f 2120//3725 2031//3725 2001//3725
f 1975//3726 2121//3726 2052//3726
f 2122//3727 1991//3727 1979//3727
f 2112//3728 2087//3728 2017//3728
f 2096//3729 2056//3729 1767//3729
f 2123//3730 2000//3730 2009//3730
f 2124//3731 2059//3731 2084//3731
f 2124//3732 2089//3732 2059//3732
f 2091//3733 2010//3733 2076//3733
f 2117//3734 2081//3734 2105//3734
f 2100//3735 1983//3735 1973//3735
f 2093//3736 1998//3736 2110//3736
f 2113//3737 2068//3737 2117//3737
f 2112//3738 2048//3738 2089//3738
f 2103//3739 1831//3739 1974//3739
f 2118//3740 2073//3740 2005//3740
f 2125//3741 2014//3741 2109//3741
f 1834//3742 2033//3742 2106//3742
f 2125//3743 2075//3743 2014//3743
f 2126//3744 1984//3744 2016//3744
f 2099//3745 2063//3745 2094//3745
f 2127//3746 2077//3746 2102//3746
f 2128//3747 1693//3747 2051//3747
f 2128//3748 2006//3748 1693//3748
f 2129//3749 2022//3749 2056//3749
f 2079//3750 2130//3750 2097//3750
f 2131//3751 2101//3751 1977//3751
f 1765//3752 2105//3752 1736//3752
f 2131//3753 1977//3753 2060//3753
f 2114//3754 2069//3754 1980//3754
f 2099//3755 2132//3755 2083//3755
f 2133//3756 2070//3756 2087//3756
f 1778//3757 2030//3757 1983//3757
f 1844//3758 2065//3758 1994//3758
f 2134//3759 2073//3759 2118//3759
f 2134//3760 2116//3760 2073//3760
f 2104//3761 1995//3761 2057//3761
f 2109//3762 2031//3762 2120//3762
f 2115//3763 2066//3763 1996//3763
f 2100//3764 2021//3764 1831//3764
f 2103//3765 1987//3765 1787//3765
f 2135//3766 2064//3766 2070//3766
f 2136//3767 2016//3767 2041//3767
f 2137//3768 2071//3768 2006//3768
f 2112//3769 2089//3769 2124//3769
f 2138//3770 2022//3770 2139//3770
f 2112//3771 2124//3771 2140//3771
f 2138//3772 2074//3772 2022//3772
f 2106//3773 1999//3773 2119//3773
f 2129//3774 2056//3774 2096//3774
f 2108//3775 1599//3775 1622//3775
f 1846//3776 2047//3776 1990//3776
f 2079//3777 2042//3777 2098//3777
f 2123//3778 2044//3778 2000//3778
f 1810//3779 2002//3779 2040//3779
f 1810//3780 2037//3780 2002//3780
f 2122//3781 2040//3781 1991//3781
f 2101//3782 2082//3782 2013//3782
f 2141//3783 2105//3783 1765//3783
f 2142//3784 2099//3784 2094//3784
f 2118//3785 2075//3785 2125//3785
f 2143//3786 2086//3786 2113//3786
f 2144//3787 2120//3787 2077//3787
f 2144//3788 2077//3788 2127//3788
f 1844//3789 1994//3789 2039//3789
f 2135//3790 2102//3790 2064//3790
f 2143//3791 2092//3791 2086//3791
f 2133//3792 2087//3792 2145//3792
f 2126//3793 2115//3793 1984//3793
f 1778//3794 1983//3794 2100//3794
f 1771//3795 2041//3795 2071//3795
f 2146//3796 2109//3796 2120//3796
f 2139//3797 2022//3797 2129//3797
f 2147//3798 2092//3798 2143//3798
f 2135//3799 2070//3799 2133//3799
f 1834//3800 1787//3800 2033//3800
f 2147//3801 2094//3801 2092//3801
f 2145//3802 2087//3802 2112//3802
f 1858//3803 1975//3803 2095//3803
f 2119//3804 2035//3804 2108//3804
f 2148//3805 2120//3805 2144//3805
f 2141//3806 2117//3806 2105//3806
f 2112//3807 2140//3807 2149//3807
f 2150//3808 2028//3808 2072//3808
f 2078//3809 2012//3809 2080//3809
f 2151//3810 2134//3810 2118//3810
f 2136//3811 2126//3811 2016//3811
f 2148//3812 2146//3812 2120//3812
f 2152//3813 2141//3813 1765//3813
f 2153//3814 2132//3814 2099//3814
f 2153//3815 2154//3815 2132//3815
f 2155//3816 2135//3816 2133//3816
f 2147//3817 2142//3817 2094//3817
f 1801//3818 1442//3818 1441//3818
f 1801//3819 2096//3819 1442//3819
f 2149//3820 2145//3820 2112//3820
f 2156//3821 2143//3821 2113//3821
f 1827//3822 2044//3822 2123//3822
f 2125//3823 2109//3823 2146//3823
f 1789//3824 2009//3824 2091//3824
f 2157//3825 2102//3825 2135//3825
f 2158//3826 2040//3826 2122//3826
f 2159//3827 2118//3827 2125//3827
f 2160//3828 1765//3828 1434//3828
f 1872//3829 1979//3829 2028//3829
f 2161//3830 2144//3830 2127//3830
f 2145//3831 2149//3831 2162//3831
f 1775//3832 2062//3832 2030//3832
f 2156//3833 2113//3833 2117//3833
f 1771//3834 2136//3834 2041//3834
f 2127//3835 2102//3835 2157//3835
f 2155//3836 2133//3836 2145//3836
f 1823//3837 2051//3837 1716//3837
f 2163//3838 2118//3838 2159//3838
f 2163//3839 2151//3839 2118//3839
f 1781//3840 2100//3840 1831//3840
f 2121//3841 1975//3841 1858//3841
f 1826//3842 2095//3842 2088//3842
f 2157//3843 2135//3843 2155//3843
f 1854//3844 2060//3844 2069//3844
f 2145//3845 2162//3845 2164//3845
f 1876//3846 2114//3846 2061//3846
f 1876//3847 2061//3847 2107//3847
f 1881//3848 2108//3848 1622//3848
f 2165//3849 2117//3849 2141//3849
f 2152//3850 1765//3850 2160//3850
f 1867//3851 2039//3851 2104//3851
f 1867//3852 1844//3852 2039//3852
f 2153//3853 2099//3853 2142//3853
f 2166//3854 2155//3854 2145//3854
f 2166//3855 2145//3855 2164//3855
f 1808//3856 2057//3856 2066//3856
f 2138//3857 2111//3857 2074//3857
f 1774//3858 2090//3858 2062//3858
f 2167//3859 2157//3859 2155//3859
f 1771//3860 2071//3860 2137//3860
f 2159//3861 2125//3861 2168//3861
f 2161//3862 2127//3862 2157//3862
f 2169//3863 2168//3863 2125//3863
f 2169//3864 2125//3864 2146//3864
f 2169//3865 2146//3865 2170//3865
f 2148//3866 2171//3866 2172//3866
f 1850//3867 2098//3867 2082//3867
f 2148//3868 2144//3868 2161//3868
f 1827//3869 2088//3869 2044//3869
f 2157//3870 2167//3870 2173//3870
f 2170//3871 2146//3871 2172//3871
f 2161//3872 2174//3872 2171//3872
f 1814//3873 2069//3873 2114//3873
f 1789//3874 2123//3874 2009//3874
f 2167//3875 2155//3875 2166//3875
f 2172//3876 2146//3876 2148//3876
f 2173//3877 2161//3877 2157//3877
f 2175//3878 2147//3878 2143//3878
f 2173//3879 2174//3879 2161//3879
f 2156//3880 2117//3880 2165//3880
f 1838//3881 2119//3881 2108//3881
f 2171//3882 2148//3882 2161//3882
f 1795//3883 2078//3883 2080//3883
f 1809//3884 1846//3884 2037//3884
f 1888//3885 1957//3885 1889//3885
f 2122//3886 1979//3886 1872//3886
f 1808//3887 2066//3887 2115//3887
f 2150//3888 2072//3888 2090//3888
f 2176//3889 2142//3889 2147//3889
f 1823//3890 2128//3890 2051//3890
f 1886//3891 2079//3891 2098//3891
f 1851//3892 2082//3892 2101//3892
f 1854//3893 2131//3893 2060//3893
f 1790//3894 2076//3894 2078//3894
f 1798//3895 2153//3895 2142//3895
f 1860//3896 2107//3896 2093//3896
f 1808//3897 2104//3897 2057//3897
f 1783//3898 2111//3898 2138//3898
f 1818//3899 2141//3899 2152//3899
f 1872//3900 2028//3900 2150//3900
f 1822//3901 2137//3901 2006//3901
f 1822//3902 2006//3902 2128//3902
f 1882//3903 1716//3903 1728//3903
f 1882//3904 1823//3904 1716//3904
f 1864//3905 2160//3905 1434//3905
f 1800//3906 2129//3906 2096//3906
f 1800//3907 2096//3907 1801//3907
f 1864//3908 1434//3908 1477//3908
f 2177//3909 2154//3909 2153//3909
f 1826//3910 2088//3910 1827//3910
f 1851//3911 2101//3911 2131//3911
f 2175//3912 2143//3912 2156//3912
f 1814//3913 1854//3913 2069//3913
f 1794//3914 2078//3914 1795//3914
f 1861//3915 2093//3915 2110//3915
f 1881//3916 1622//3916 1642//3916
f 1810//3917 2040//3917 2158//3917
f 2176//3918 2147//3918 2175//3918
f 1772//3919 1771//3919 2137//3919
f 1858//3920 2095//3920 1826//3920
f 1774//3921 2062//3921 1775//3921
f 1850//3922 2082//3922 1851//3922
f 1818//3923 2165//3923 2141//3923
f 1777//3924 2030//3924 1778//3924
f 1798//3925 2142//3925 2176//3925
f 1780//3926 2100//3926 1781//3926
f 1790//3927 2091//3927 2076//3927
f 1780//3928 1778//3928 2100//3928
f 1814//3929 2114//3929 1876//3929
f 1786//3930 2103//3930 1787//3930
f 1786//3931 1831//3931 2103//3931
f 1835//3932 1834//3932 2106//3932
f 1783//3933 2110//3933 2111//3933
f 2178//3934 2156//3934 2165//3934
f 1838//3935 2108//3935 1881//3935
f 1812//3936 2115//3936 2126//3936
f 1812//3937 1808//3937 2115//3937
f 1809//3938 2037//3938 1810//3938
f 1866//3939 2138//3939 2139//3939
f 1797//3940 2177//3940 2153//3940
f 1805//3941 1441//3941 1498//3941
f 1820//3942 2150//3942 2090//3942
f 1805//3943 1801//3943 1441//3943
f 1804//3944 2175//3944 2156//3944
f 1794//3945 1790//3945 2078//3945
f 1905//3946 2080//3946 2065//3946
f 1863//3947 2152//3947 2160//3947
f 1861//3948 1860//3948 2093//3948
f 1792//3949 1477//3949 1541//3949
f 1837//3950 2106//3950 2119//3950
f 1846//3951 2179//3951 2047//3951
f 1841//3952 2139//3952 2129//3952
f 1858//3953 1889//3953 2121//3953
f 1896//3954 2158//3954 2122//3954
f 1829//3955 2123//3955 1789//3955
f 2180//3956 2130//3956 2079//3956
f 1873//3957 1872//3957 2150//3957
f 1851//3958 2131//3958 1854//3958
f 1796//3959 1798//3959 2176//3959
f 1773//3960 2030//3960 1777//3960
f 1773//3961 1775//3961 2030//3961
f 1843//3962 2065//3962 1844//3962
f 1868//3963 1867//3963 2104//3963
f 1876//3964 2107//3964 1860//3964
f 1861//3965 2110//3965 1783//3965
f 1818//3966 2152//3966 1863//3966
f 1772//3967 2137//3967 1822//3967
f 1792//3968 1864//3968 1477//3968
f 1870//3969 1881//3969 1642//3969
f 1856//3970 1728//3970 1735//3970
f 1797//3971 2153//3971 1798//3971
f 1803//3972 2176//3972 2175//3972
f 1811//3973 1810//3973 2158//3973
f 1804//3974 2156//3974 2178//3974
f 1874//3975 2122//3975 1872//3975
f 1817//3976 2165//3976 1818//3976
f 1905//3977 1795//3977 2080//3977
f 1815//3978 1814//3978 1876//3978
f 1807//3979 2104//3979 1808//3979
f 1863//3980 2160//3980 1864//3980
f 1841//3981 1866//3981 2139//3981
f 1835//3982 2106//3982 1837//3982
f 1839//3983 1838//3983 1881//3983
f 1829//3984 1827//3984 2123//3984
f 1789//3985 2091//3985 1790//3985
f 1886//3986 2098//3986 1850//3986
f 1843//3987 1905//3987 2065//3987
f 1803//3988 1796//3988 2176//3988
f 1820//3989 2090//3989 1774//3989
f 1813//3990 1854//3990 1814//3990
f 1847//3991 2126//3991 2136//3991
f 1776//3992 1778//3992 1780//3992
f 1817//3993 2178//3993 2165//3993
f 1822//3994 2128//3994 1823//3994
f 1784//3995 1783//3995 2138//3995
f 1856//3996 1882//3996 1728//3996
f 1784//3997 2138//3997 1866//3997
f 1785//3998 1787//3998 1834//3998
f 1837//3999 2119//3999 1838//3999
f 1841//4000 2129//4000 1800//4000
f 1803//4001 2175//4001 1804//4001
f 1846//4002 1884//4002 2179//4002
f 1937//4003 1936//4003 2180//4003
f 1937//4004 2180//4004 2079//4004
f 1937//4005 2079//4005 1886//4005
f 1896//4006 2122//4006 1874//4006
f 1833//4007 1804//4007 2178//4007
f 1868//4008 2104//4008 1807//4008
f 1873//4009 2150//4009 1820//4009
f 1853//4010 1851//4010 1854//4010
f 1847//4011 2136//4011 1771//4011
f 1878//4012 2177//4012 1797//4012
f 1859//4013 1876//4013 1860//4013
f 1856//4014 1735//4014 1708//4014
f 1825//4015 1827//4015 1829//4015
f 1833//4016 2178//4016 1817//4016
f 1870//4017 1642//4017 1664//4017
f 1816//4018 1818//4018 1863//4018
f 1811//4019 2158//4019 1896//4019
f 1848//4020 1864//4020 1792//4020
f 1842//4021 1844//4021 1867//4021
f 1847//4022 1812//4022 2126//4022
f 1852//4023 1854//4023 1813//4023
f 2181//4024 2182//4024 2183//4024
f 2184//4025 2185//4025 2186//4025
f 2187//4026 2188//4026 2189//4026
f 2190//4027 2191//4027 2192//4027
f 2193//4028 2194//4028 2195//4028
f 2196//4029 2197//4029 2198//4029
f 2199//4030 2197//4030 2196//4030
f 2200//4031 2201//4031 2202//4031
f 2203//4032 2204//4032 2205//4032
f 2189//4033 2188//4033 2206//4033
f 2206//4034 2207//4034 2208//4034
f 2191//4035 2209//4035 2192//4035
f 2192//4036 2209//4036 2210//4036
f 2211//4037 2212//4037 2213//4037
f 2195//4038 2214//4038 2215//4038
f 2213//4039 2212//4039 2216//4039
f 2194//4040 2214//4040 2195//4040
f 2202//4041 2201//4041 2182//4041
f 2217//4042 2218//4042 2219//4042
f 2220//4043 2218//4043 2217//4043
f 2188//4044 2207//4044 2206//4044
f 2207//4045 2221//4045 2208//4045
f 2182//4024 2201//4024 2183//4024
f 2198//4046 2197//4046 2222//4046
f 2209//4047 2223//4047 2210//4047
f 2224//4048 2225//4048 2226//4048
f 2215//4049 2214//4049 2227//4049
f 2208//4050 2221//4050 2199//4050
f 2222//4051 2228//4051 2229//4051
f 2197//4052 2228//4052 2222//4052
f 929//4053 2230//4053 2184//4053
f 1009//4054 2230//4054 929//4054
f 2204//4055 2231//4055 2205//4055
f 2205//4056 2231//4056 2232//4056
f 2214//4057 2233//4057 2227//4057
f 2225//4058 2234//4058 2235//4058
f 2221//4059 2236//4059 2199//4059
f 2227//4060 2233//4060 2200//4060
f 2218//4061 2237//4061 2219//4061
f 2219//4062 2237//4062 2238//4062
f 2230//4063 2239//4063 2184//4063
f 2223//4064 2240//4064 2210//4064
f 2210//4065 2240//4065 2241//4065
f 2216//4066 2242//4066 2243//4066
f 2212//4067 2242//4067 2216//4067
f 2229//4068 2244//4068 2245//4068
f 2228//4069 2244//4069 2229//4069
f 2236//4070 2246//4070 2199//4070
f 2199//4071 2246//4071 2197//4071
f 2224//4072 2234//4072 2225//4072
f 2233//4073 2247//4073 2200//4073
f 2185//4074 2248//4074 2211//4074
f 2200//4075 2247//4075 2201//4075
f 2237//4076 2249//4076 2238//4076
f 2240//4077 2250//4077 2241//4077
f 2241//4078 2250//4078 2193//4078
f 2184//4079 2239//4079 2185//4079
f 2232//4080 2251//4080 2252//4080
f 2231//4081 2251//4081 2232//4081
f 2245//4082 2244//4082 2191//4082
f 2247//4083 2253//4083 2201//4083
f 2197//4084 2254//4084 2228//4084
f 2246//4085 2254//4085 2197//4085
f 2239//4086 2248//4086 2185//4086
f 2238//4087 2249//4087 2255//4087
f 2201//4088 2253//4088 2183//4088
f 2242//4089 2256//4089 2243//4089
f 2243//4090 2256//4090 2257//4090
f 2244//4091 2258//4091 2191//4091
f 2248//4092 2259//4092 2211//4092
f 2211//4093 2259//4093 2212//4093
f 2193//4094 2260//4094 2194//4094
f 2250//4095 2260//4095 2193//4095
f 2249//4096 2261//4096 2255//4096
f 2191//4097 2258//4097 2209//4097
f 2262//4098 2233//4098 2214//4098
f 2254//4099 2263//4099 2228//4099
f 2228//4100 2263//4100 2244//4100
f 2194//4101 2260//4101 2214//4101
f 2209//4102 2264//4102 2223//4102
f 2258//4103 2264//4103 2209//4103
f 2252//4104 2265//4104 2224//4104
f 2251//4105 2265//4105 2252//4105
f 2266//4106 2267//4106 2233//4106
f 2268//4107 2218//4107 2220//4107
f 2233//4108 2267//4108 2247//4108
f 2235//4109 2269//4109 2270//4109
f 2256//4110 2271//4110 2257//4110
f 2257//4111 2271//4111 2203//4111
f 2267//4112 2272//4112 2247//4112
f 2264//4113 2273//4113 2223//4113
f 2223//4114 2273//4114 2240//4114
f 2244//4115 2274//4115 2258//4115
f 2263//4116 2274//4116 2244//4116
f 2255//4117 2275//4117 2276//4117
f 2261//4118 2275//4118 2255//4118
f 2247//4119 2272//4119 2253//4119
f 2212//4120 2277//4120 2242//4120
f 2259//4121 2277//4121 2212//4121
f 2272//4122 2278//4122 2253//4122
f 2270//4123 2269//4123 2268//4123
f 2234//4124 2279//4124 2235//4124
f 2240//4125 2280//4125 2250//4125
f 2273//4125 2280//4125 2240//4125
f 2258//4126 2281//4126 2264//4126
f 2203//4127 2271//4127 2204//4127
f 2274//4128 2281//4128 2258//4128
f 2275//4129 2282//4129 2276//4129
f 2224//4130 2283//4130 2234//4130
f 2265//4131 2283//4131 2224//4131
f 2260//4132 2284//4132 2262//4132
f 2269//4133 2285//4133 2268//4133
f 2262//4134 2284//4134 2266//4134
f 2250//4135 2286//4135 2260//4135
f 2280//4136 2286//4136 2250//4136
f 1294//4137 2287//4137 2288//4137
f 2284//4138 2289//4138 2266//4138
f 2266//4139 2289//4139 2267//4139
f 2287//4140 2290//4140 2288//4140
f 2264//4141 2291//4141 2273//4141
f 2279//4142 2269//4142 2235//4142
f 2281//4143 2291//4143 2264//4143
f 2288//4144 2290//4144 2292//4144
f 2276//4145 2282//4145 2293//4145
f 2272//4146 2294//4146 2278//4146
f 2267//4147 2295//4147 2272//4147
f 2292//4148 2290//4148 2296//4148
f 2277//4149 2256//4149 2242//4149
f 2289//4150 2295//4150 2267//4150
f 2286//4151 2284//4151 2260//4151
f 2291//4152 2297//4152 2273//4152
f 2273//4153 2297//4153 2280//4153
f 2272//4154 2295//4154 2294//4154
f 2290//4155 2298//4155 2296//4155
f 2271//4156 2299//4156 2204//4156
f 2204//4157 2299//4157 2231//4157
f 2285//4158 2300//4158 2268//4158
f 2298//4159 2301//4159 2296//4159
f 2268//4160 2300//4160 2218//4160
f 2297//4161 2302//4161 2280//4161
f 2296//4162 2301//4162 2303//4162
f 2282//4163 2304//4163 2293//4163
f 2280//4164 2302//4164 2286//4164
f 2302//4165 2305//4165 2286//4165
f 2303//4166 2301//4166 2306//4166
f 2218//4167 2300//4167 2237//4167
f 1128//4168 2307//4168 917//4168
f 2295//4169 2308//4169 2294//4169
f 2286//4170 2305//4170 2284//4170
f 2301//4171 2309//4171 2306//4171
f 2293//4172 2304//4172 2310//4172
f 2249//4173 2311//4173 2261//4173
f 2305//4174 2312//4174 2284//4174
f 2256//4175 2313//4175 2271//4175
f 2284//4176 2312//4176 2289//4176
f 2312//4177 2314//4177 2289//4177
f 2306//4178 2309//4178 2315//4178
f 2289//4179 2314//4179 2295//4179
f 2316//4180 2317//4180 2318//4180
f 2307//4181 2316//4181 917//4181
f 2277//4182 2319//4182 2256//4182
f 917//4183 2316//4183 2318//4183
f 2314//4184 2308//4184 2295//4184
f 2300//4185 2320//4185 2237//4185
f 2299//4186 2321//4186 2231//4186
f 2290//4187 2322//4187 2298//4187
f 2231//4188 2321//4188 2251//4188
f 2317//4189 2322//4189 2290//4189
f 2309//4190 2323//4190 2315//4190
f 2314//4191 2324//4191 2308//4191
f 2308//4192 2324//4192 2325//4192
f 1294//4193 1293//4193 2287//4193
f 2311//4194 2275//4194 2261//4194
f 917//4195 1293//4195 786//4195
f 2304//4196 2326//4196 2310//4196
f 2290//4197 2318//4197 2317//4197
f 2265//4198 2327//4198 2283//4198
f 2315//4199 2323//4199 2328//4199
f 2313//4200 2329//4200 2271//4200
f 753//4201 2330//4201 1128//4201
f 2316//4202 2331//4202 2317//4202
f 2332//4203 2330//4203 2333//4203
f 2298//4204 2334//4204 2301//4204
f 2322//4205 2334//4205 2298//4205
f 2237//4206 2320//4206 2249//4206
f 2323//4207 2335//4207 2328//4207
f 752//4208 929//4208 2333//4208
f 2333//4209 929//4209 2184//4209
f 2310//4210 2326//4210 2336//4210
f 2279//4211 2337//4211 2338//4211
f 2319//4212 2313//4212 2256//4212
f 2334//4213 2339//4213 2301//4213
f 1128//4214 2330//4214 2307//4214
f 917//4215 2287//4215 1293//4215
f 2331//4216 2322//4216 2317//4216
f 2318//4217 2287//4217 917//4217
f 2318//4218 2290//4218 2287//4218
f 2320//4219 2311//4219 2249//4219
f 2328//4220 2335//4220 2340//4220
f 2321//4221 2341//4221 2251//4221
f 2251//4222 2341//4222 2265//4222
f 2275//4223 2342//4223 2282//4223
f 2339//4224 2343//4224 2301//4224
f 2301//4225 2343//4225 2309//4225
f 2344//4226 2335//4226 2323//4226
f 2335//4227 2345//4227 2340//4227
f 2326//4228 2346//4228 2336//4228
f 2271//4229 2347//4229 2299//4229
f 2329//4230 2347//4230 2271//4230
f 2330//4231 2332//4231 2307//4231
f 2307//4232 2332//4232 2316//4232
f 2340//4233 2348//4233 2349//4233
f 2342//4234 2350//4234 2282//4234
f 2285//4235 2351//4235 2300//4235
f 2345//4236 2348//4236 2340//4236
f 2283//4237 2279//4237 2234//4237
f 2279//4238 2338//4238 2269//4238
f 2269//4239 2338//4239 2285//4239
f 2316//4240 2332//4240 2331//4240
f 2283//4241 2337//4241 2279//4241
f 2327//4242 2337//4242 2283//4242
f 2311//4243 2222//4243 2275//4243
f 2309//4244 2352//4244 2323//4244
f 2343//4245 2352//4245 2309//4245
f 2336//4246 2346//4246 2353//4246
f 2285//4247 2338//4247 2354//4247
f 2349//4248 2348//4248 2355//4248
f 2282//4249 2350//4249 2304//4249
f 2341//4250 2327//4250 2265//4250
f 2335//4251 2344//4251 2345//4251
f 2348//4252 2356//4252 2355//4252
f 2222//4253 2342//4253 2275//4253
f 2299//4254 2357//4254 2321//4254
f 2347//4255 2357//4255 2299//4255
f 2353//4256 2358//4256 2359//4256
f 2346//4257 2358//4257 2353//4257
f 2300//4258 2196//4258 2320//4258
f 2351//4259 2196//4259 2300//4259
f 2352//4260 2344//4260 2323//4260
f 2350//4261 2190//4261 2304//4261
f 2327//4262 2189//4262 2337//4262
f 2355//4263 2356//4263 2360//4263
f 2358//4264 2361//4264 2359//4264
f 2331//4265 2213//4265 2322//4265
f 753//4266 752//4266 2330//4266
f 2304//4267 2192//4267 2326//4267
f 2190//4268 2192//4268 2304//4268
f 2356//4269 2362//4269 2360//4269
f 2360//4270 2362//4270 2363//4270
f 2326//4271 2364//4271 2346//4271
f 2346//4272 2364//4272 2358//4272
f 752//4273 2333//4273 2330//4273
f 2321//4274 2365//4274 2341//4274
f 2357//4275 2365//4275 2321//4275
f 2320//4276 2198//4276 2311//4276
f 2196//4277 2198//4277 2320//4277
f 2322//4278 2216//4278 2334//4278
f 2213//4279 2216//4279 2322//4279
f 2354//4280 2351//4280 2285//4280
f 2337//4281 2189//4281 2338//4281
f 2362//4282 2226//4282 2363//4282
f 2361//4283 2195//4283 2359//4283
f 2359//4284 2195//4284 2366//4284
f 2332//4285 2186//4285 2331//4285
f 2333//4286 2186//4286 2332//4286
f 2192//4287 2364//4287 2326//4287
f 2352//4288 2205//4288 2344//4288
f 2363//4289 2226//4289 2367//4289
f 2338//4290 2206//4290 2354//4290
f 2260//4291 2262//4291 2214//4291
f 2189//4292 2206//4292 2338//4292
f 2334//4293 2216//4293 2339//4293
f 2198//4294 2222//4294 2311//4294
f 2365//4295 2368//4295 2341//4295
f 2270//4296 2268//4296 2220//4296
f 2341//4297 2368//4297 2327//4297
f 2226//4298 2225//4298 2367//4298
f 2262//4299 2266//4299 2233//4299
f 2205//4300 2348//4300 2345//4300
f 2344//4301 2205//4301 2345//4301
f 2186//4302 2213//4302 2331//4302
f 2222//4303 2229//4303 2342//4303
f 2339//4304 2243//4304 2343//4304
f 2216//4305 2243//4305 2339//4305
f 2366//4306 2215//4306 2369//4306
f 2195//4307 2215//4307 2366//4307
f 2327//4308 2368//4308 2189//4308
f 2342//4309 2229//4309 2350//4309
f 2367//4310 2235//4310 2370//4310
f 2225//4311 2235//4311 2367//4311
f 2206//4312 2208//4312 2354//4312
f 2354//4313 2208//4313 2351//4313
f 2368//4314 2187//4314 2189//4314
f 2232//4315 2356//4315 2348//4315
f 2369//4316 2227//4316 2371//4316
f 2215//4317 2227//4317 2369//4317
f 2192//4318 2210//4318 2364//4318
f 2205//4319 2232//4319 2348//4319
f 2358//4320 2241//4320 2361//4320
f 2243//4321 2257//4321 2343//4321
f 2229//4322 2245//4322 2350//4322
f 2343//4323 2257//4323 2352//4323
f 2370//4324 2270//4324 2372//4324
f 2235//4325 2270//4325 2370//4325
f 2241//4326 2193//4326 2361//4326
f 2356//4327 2252//4327 2362//4327
f 2351//4328 2199//4328 2196//4328
f 2208//4329 2199//4329 2351//4329
f 2352//4330 2257//4330 2205//4330
f 2364//4331 2210//4331 2358//4331
f 2227//4332 2200//4332 2371//4332
f 2371//4333 2200//4333 2373//4333
f 2270//4334 2220//4334 2372//4334
f 2333//4335 2184//4335 2186//4335
f 2185//4336 2211//4336 2186//4336
f 2186//4337 2211//4337 2213//4337
f 2245//4338 2191//4338 2350//4338
f 2350//4339 2191//4339 2190//4339
f 2257//4340 2203//4340 2205//4340
f 2361//4341 2193//4341 2195//4341
f 2232//4342 2252//4342 2356//4342
f 2362//4343 2224//4343 2226//4343
f 2252//4344 2224//4344 2362//4344
f 2210//4345 2241//4345 2358//4345
f 2372//4346 2220//4346 2217//4346
f 2373//4347 2200//4347 2202//4347
f 202//4348 313//4348 203//4348
f 477//4349 552//4349 478//4349
f 2374//4350 477//4350 380//4350
f 378//4351 2374//4351 380//4351
f 377//4352 379//4352 487//4352
f 486//4353 377//4353 487//4353
f 2375//4354 486//4354 542//4354
f 2375//4355 542//4355 553//4355
f 246//4356 2375//4356 553//4356
f 2376//4357 2375//4357 246//4357
f 245//4358 2376//4358 246//4358
f 2377//4359 2376//4359 245//4359
f 2377//4360 245//4360 326//4360
f 2377//4361 326//4361 371//4361
f 2377//4362 371//4362 373//4362
f 2378//4363 2377//4363 373//4363
f 2378//4364 373//4364 451//4364
f 2378//4365 451//4365 450//4365
f 2379//4366 2378//4366 450//4366
f 2379//4367 450//4367 492//4367
f 2380//4368 492//4368 494//4368
f 2380//4369 2379//4369 492//4369
f 939//4370 494//4370 495//4370
f 939//4371 2380//4371 494//4371
f 2310//4372 2381//4372 2293//4372
f 2310//4373 2382//4373 2381//4373
f 394//4374 2383//4374 395//4374
f 394//4375 2384//4375 2383//4375
f 2336//4376 2382//4376 2310//4376
f 2353//4377 2382//4377 2336//4377
f 394//4378 2385//4378 2384//4378
f 992//4379 2386//4379 939//4379
f 407//4380 2385//4380 394//4380
f 992//4381 2387//4381 2386//4381
f 2359//4382 2388//4382 2353//4382
f 416//4383 2385//4383 407//4383
f 2366//4384 2388//4384 2359//4384
f 416//4385 2389//4385 2385//4385
f 2366//4386 2369//4386 2388//4386
f 418//4387 2389//4387 416//4387
f 418//4388 2390//4388 2389//4388
f 2371//4389 2391//4389 2369//4389
f 2392//4390 2387//4390 992//4390
f 1063//4391 2392//4391 992//4391
f 431//4392 2390//4392 418//4392
f 2373//4393 2391//4393 2371//4393
f 431//4394 2393//4394 2390//4394
f 1092//4395 2394//4395 2392//4395
f 1092//4396 2392//4396 1063//4396
f 2202//4397 2182//4397 2373//4397
f 443//4398 2393//4398 431//4398
f 443//4399 2395//4399 2393//4399
f 1161//4400 2394//4400 1092//4400
f 455//4401 2395//4401 443//4401
f 2396//4402 2394//4402 1161//4402
f 2181//4403 2397//4403 2182//4403
f 455//4404 2398//4404 2395//4404
f 397//4405 2398//4405 455//4405
f 2399//4406 2396//4406 1161//4406
f 1245//4407 2399//4407 1161//4407
f 399//4408 2398//4408 397//4408
f 399//4409 2400//4409 2398//4409
f 474//4410 2400//4410 399//4410
f 693//4411 2399//4411 1245//4411
f 693//4412 2401//4412 2399//4412
f 474//4413 2402//4413 2400//4413
f 695//4414 2401//4414 693//4414
f 473//4415 2402//4415 474//4415
f 473//4416 2403//4416 2402//4416
f 845//4417 2401//4417 695//4417
f 845//4418 2404//4418 2401//4418
f 426//4419 2403//4419 473//4419
f 426//4420 2405//4420 2403//4420
f 845//4421 2406//4421 2404//4421
f 1100//4422 2406//4422 845//4422
f 313//4423 2405//4423 426//4423
f 313//4424 2407//4424 2405//4424
f 616//4425 2408//4425 2406//4425
f 616//4426 2406//4426 1100//4426
f 202//4427 2407//4427 313//4427
f 202//4428 2409//4428 2407//4428
f 2410//4429 2408//4429 616//4429
f 618//4430 2410//4430 616//4430
f 205//4431 2409//4431 202//4431
f 552//4432 2411//4432 2409//4432
f 2412//4433 2410//4433 618//4433
f 552//4434 2409//4434 205//4434
f 552//4435 2413//4435 2411//4435
f 1006//4436 2412//4436 618//4436
f 2414//4437 2412//4437 1006//4437
f 477//4438 2413//4438 552//4438
f 1230//4439 2414//4439 1006//4439
f 2374//4440 2413//4440 477//4440
f 2415//4441 2414//4441 1230//4441
f 378//4442 2416//4442 2374//4442
f 1294//4443 2415//4443 1230//4443
f 377//4444 2416//4444 378//4444
f 1294//4445 2288//4445 2415//4445
f 377//4446 2417//4446 2416//4446
f 2292//4447 2418//4447 2288//4447
f 486//4448 2419//4448 2417//4448
f 486//4449 2417//4449 377//4449
f 2296//4450 2418//4450 2292//4450
f 2296//4451 2303//4451 2418//4451
f 2375//4452 2420//4452 2419//4452
f 2375//4453 2419//4453 486//4453
f 2421//4454 2306//4454 2315//4454
f 2375//4455 2422//4455 2420//4455
f 2328//4456 2421//4456 2315//4456
f 2376//4457 2422//4457 2375//4457
f 2340//4458 2421//4458 2328//4458
f 2376//4459 2423//4459 2422//4459
f 2377//4460 2423//4460 2376//4460
f 2360//4461 2349//4461 2355//4461
f 2377//4462 2424//4462 2423//4462
f 2377//4463 2425//4463 2424//4463
f 2363//4464 2426//4464 2360//4464
f 2367//4465 2426//4465 2363//4465
f 2378//4466 2425//4466 2377//4466
f 2370//4467 2426//4467 2367//4467
f 2378//4468 2427//4468 2425//4468
f 2379//4469 2427//4469 2378//4469
f 2372//4470 2428//4470 2370//4470
f 2217//4471 2428//4471 2372//4471
f 2219//4472 2428//4472 2217//4472
f 2219//4473 2429//4473 2428//4473
f 2379//4474 2380//4474 2427//4474
f 2238//4475 2429//4475 2219//4475
f 2430//4476 2429//4476 2238//4476
f 2255//4477 2430//4477 2238//4477
f 2255//4478 2431//4478 2430//4478
f 939//4479 2432//4479 2380//4479
f 939//4480 2386//4480 2432//4480
f 2276//4481 2431//4481 2255//4481
f 2276//4482 2381//4482 2431//4482
f 2293//4483 2381//4483 2276//4483
f 2433//4484 2434//4484 2435//4484
f 2436//4485 2437//4485 2391//4485
f 2436//4486 2391//4486 2373//4486
f 2438//4487 2439//4487 2415//4487
f 2433//4488 2440//4488 2441//4488
f 2442//4489 2433//4489 2441//4489
f 2438//4490 2415//4490 2288//4490
f 2443//4491 2438//4491 2288//4491
f 2436//4492 2373//4492 2182//4492
f 2444//4493 2436//4493 2182//4493
f 2445//4494 2442//4494 2441//4494
f 2443//4495 2288//4495 2418//4495
f 2445//4496 2441//4496 2446//4496
f 2447//4497 2443//4497 2418//4497
f 2448//4498 2445//4498 2446//4498
f 2444//4499 2182//4499 2397//4499
f 2447//4500 2418//4500 2303//4500
f 2448//4501 2446//4501 2449//4501
f 2450//4502 2447//4502 2303//4502
f 2448//4503 2449//4503 2451//4503
f 2450//4504 2303//4504 2306//4504
f 2444//4505 2397//4505 2452//4505
f 2453//4506 2450//4506 2306//4506
f 2454//4507 2448//4507 2451//4507
f 2455//4508 2444//4508 2452//4508
f 2454//4509 2451//4509 2456//4509
f 2453//4510 2306//4510 2421//4510
f 2457//4511 2453//4511 2421//4511
f 2455//4512 2452//4512 2458//4512
f 2459//4513 2454//4513 2456//4513
f 2460//4514 2455//4514 2458//4514
f 2459//4515 2456//4515 2461//4515
f 2460//4516 2458//4516 2462//4516
f 2463//4517 2457//4517 2421//4517
f 2464//4518 2459//4518 2461//4518
f 2463//4519 2421//4519 2340//4519
f 2465//4520 2464//4520 2461//4520
f 2460//4521 2462//4521 2466//4521
f 2467//4522 2459//4522 2468//4522
f 2469//4523 2464//4523 2465//4523
f 2464//4524 2468//4524 2459//4524
f 2470//4525 2463//4525 2340//4525
f 2470//4526 2340//4526 2349//4526
f 2471//4527 2460//4527 2466//4527
f 2470//4528 2349//4528 2360//4528
f 2471//4529 2466//4529 2472//4529
f 2473//4530 2470//4530 2360//4530
f 2474//4531 2471//4531 2472//4531
f 2473//4532 2360//4532 2426//4532
f 2474//4533 2472//4533 2475//4533
f 2476//4534 2473//4534 2426//4534
f 2477//4535 2474//4535 2475//4535
f 2477//4536 2475//4536 2478//4536
f 2476//4537 2426//4537 2370//4537
f 2479//4538 2476//4538 2370//4538
f 2480//4539 2477//4539 2478//4539
f 2479//4540 2370//4540 2428//4540
f 2481//4541 2479//4541 2428//4541
f 2482//4542 2480//4542 2478//4542
f 2482//4543 2478//4543 2483//4543
f 2484//4544 2481//4544 2428//4544
f 2484//4545 2428//4545 2429//4545
f 2482//4546 2483//4546 2485//4546
f 2486//4547 2482//4547 2485//4547
f 2487//4548 2484//4548 2429//4548
f 2487//4549 2429//4549 2430//4549
f 2488//4550 2485//4550 2489//4550
f 2488//4551 2486//4551 2485//4551
f 2487//4552 2430//4552 2431//4552
f 2488//4553 2489//4553 2490//4553
f 2491//4554 2487//4554 2431//4554
f 2492//4555 2488//4555 2490//4555
f 2492//4556 2490//4556 2493//4556
f 2491//4557 2431//4557 2381//4557
f 2494//4558 2491//4558 2381//4558
f 2495//4559 2492//4559 2493//4559
f 2494//4560 2381//4560 2382//4560
f 2495//4561 2493//4561 2496//4561
f 2497//4562 2495//4562 2496//4562
f 2498//4563 2494//4563 2382//4563
f 2498//4564 2382//4564 2353//4564
f 2499//4565 2498//4565 2353//4565
f 2497//4566 2496//4566 2500//4566
f 2501//4567 2497//4567 2500//4567
f 2502//4568 2353//4568 2388//4568
f 2502//4569 2499//4569 2353//4569
f 2501//4570 2500//4570 2503//4570
f 2434//4571 2501//4571 2503//4571
f 2502//4572 2388//4572 2369//4572
f 2437//4573 2502//4573 2369//4573
f 2434//4574 2503//4574 2435//4574
f 2437//4575 2369//4575 2391//4575
f 2433//4576 2435//4576 2440//4576
f 2504//4577 2505//4577 2506//4577
f 2507//4578 2508//4578 2509//4578
f 2510//4579 2509//4579 2508//4579
f 2511//4580 2512//4580 2508//4580
f 2513//4581 2506//4581 2514//4581
f 2513//4582 2514//4582 2515//4582
f 2511//4583 2508//4583 2507//4583
f 2506//4584 2516//4584 2517//4584
f 2518//4585 2519//4585 2520//4585
f 2509//4586 2510//4586 2521//4586
f 2522//4587 2523//4587 2524//4587
f 2525//4588 2521//4588 2526//4588
f 2527//4589 2504//4589 2528//4589
f 2529//4590 2530//4590 2531//4590
f 2524//4591 2532//4591 2533//4591
f 2507//4592 2509//4592 2534//4592
f 2534//4593 2509//4593 2521//4593
f 2528//4594 2506//4594 2517//4594
f 2525//4595 2526//4595 2535//4595
f 2533//4596 2518//4596 2520//4596
f 2529//4597 2535//4597 2530//4597
f 2531//4598 2536//4598 2529//4598
f 2537//4599 2524//4599 2533//4599
f 2538//4600 2539//4600 2527//4600
f 2534//4601 2521//4601 2525//4601
f 2538//4602 2527//4602 2528//4602
f 2538//4603 2528//4603 2540//4603
f 2534//4604 2525//4604 2541//4604
f 2539//4605 2538//4605 2542//4605
f 2507//4606 2543//4606 2511//4606
f 2535//4607 2529//4607 2544//4607
f 2535//4608 2544//4608 2525//4608
f 2545//4609 2522//4609 2537//4609
f 2536//4610 2546//4610 2547//4610
f 2548//4611 2517//4611 2516//4611
f 2540//4612 2528//4612 2517//4612
f 2549//4613 2537//4613 2533//4613
f 2549//4614 2550//4614 2551//4614
f 2549//4615 2520//4615 2550//4615
f 2547//4616 2529//4616 2536//4616
f 2552//4617 2512//4617 2511//4617
f 2553//4618 2552//4618 2511//4618
f 2554//4619 2555//4619 2556//4619
f 2557//4620 2543//4620 2507//4620
f 2557//4621 2507//4621 2534//4621
f 2552//4622 2558//4622 2559//4622
f 2547//4623 2544//4623 2529//4623
f 2541//4624 2525//4624 2544//4624
f 2553//4625 2558//4625 2552//4625
f 2560//4626 2517//4626 2548//4626
f 2551//4627 2537//4627 2549//4627
f 2557//4628 2534//4628 2541//4628
f 2557//4629 2561//4629 2543//4629
f 2546//4630 2545//4630 2562//4630
f 2546//4631 2562//4631 2563//4631
f 2564//4632 2545//4632 2537//4632
f 2543//4633 2553//4633 2511//4633
f 2560//4634 2565//4634 2566//4634
f 2560//4635 2566//4635 2517//4635
f 2547//4636 2567//4636 2544//4636
f 2564//4637 2537//4637 2551//4637
f 2564//4638 2551//4638 2568//4638
f 2563//4639 2547//4639 2546//4639
f 2569//4640 2541//4640 2544//4640
f 2551//4641 2550//4641 2568//4641
f 2566//4642 2570//4642 2540//4642
f 2566//4643 2540//4643 2517//4643
f 2558//4644 2553//4644 2543//4644
f 2558//4645 2543//4645 2571//4645
f 2571//4646 2543//4646 2561//4646
f 2542//4647 2572//4647 2554//4647
f 2570//4648 2572//4648 2542//4648
f 2573//4649 2574//4649 2568//4649
f 2573//4650 2568//4650 2550//4650
f 2575//4651 2560//4651 2559//4651
f 2571//4652 2576//4652 2558//4652
f 2563//4653 2567//4653 2547//4653
f 2562//4654 2577//4654 2578//4654
f 2565//4655 2560//4655 2579//4655
f 2580//4656 2571//4656 2561//4656
f 2574//4657 2581//4657 2568//4657
f 2569//4658 2557//4658 2541//4658
f 2569//4659 2561//4659 2557//4659
f 2575//4660 2559//4660 2558//4660
f 2565//4661 2582//4661 2583//4661
f 2580//4662 2576//4662 2571//4662
f 2580//4663 2561//4663 2584//4663
f 2585//4664 2581//4664 2574//4664
f 2586//4665 2577//4665 2581//4665
f 2579//4666 2582//4666 2565//4666
f 2566//4667 2572//4667 2570//4667
f 2587//4668 2580//4668 2584//4668
f 2588//4669 2582//4669 2579//4669
f 2588//4670 2589//4670 2582//4670
f 2566//4671 2583//4671 2572//4671
f 2590//4672 2573//4672 2591//4672
f 2569//4673 2584//4673 2561//4673
f 2565//4674 2583//4674 2566//4674
f 2592//4675 2593//4675 2574//4675
f 2563//4676 2594//4676 2567//4676
f 2595//4677 2588//4677 2596//4677
f 2579//4678 2560//4678 2575//4678
f 2597//4679 2575//4679 2558//4679
f 2578//4680 2563//4680 2562//4680
f 2592//4681 2590//4681 2591//4681
f 2598//4682 2584//4682 2569//4682
f 2599//4683 2600//4683 2577//4683
f 2599//4684 2577//4684 2586//4684
f 2587//4685 2601//4685 2580//4685
f 2601//4686 2587//4686 2584//4686
f 2602//4687 2569//4687 2544//4687
f 2602//4688 2544//4688 2567//4688
f 2595//4689 2589//4689 2588//4689
f 2592//4690 2591//4690 2603//4690
f 2578//4691 2594//4691 2563//4691
f 2588//4692 2579//4692 2575//4692
f 2598//4693 2569//4693 2602//4693
f 2595//4694 2604//4694 2589//4694
f 2593//4695 2592//4695 2605//4695
f 2588//4696 2575//4696 2597//4696
f 2606//4697 2592//4697 2603//4697
f 2606//4698 2605//4698 2592//4698
f 2607//4699 2584//4699 2608//4699
f 2601//4700 2584//4700 2607//4700
f 2609//4701 2595//4701 2596//4701
f 2599//4702 2610//4702 2611//4702
f 2597//4703 2558//4703 2576//4703
f 2609//4704 2612//4704 2604//4704
f 2609//4705 2604//4705 2595//4705
f 2602//4706 2584//4706 2598//4706
f 2613//4707 2567//4707 2594//4707
f 2613//4708 2602//4708 2567//4708
f 2605//4709 2606//4709 2614//4709
f 2596//4710 2588//4710 2597//4710
f 2577//4711 2600//4711 2578//4711
f 2615//4712 2599//4712 2611//4712
f 2616//4713 2607//4713 2608//4713
f 2600//4714 2594//4714 2578//4714
f 2617//4715 2612//4715 2609//4715
f 2600//4716 2618//4716 2594//4716
f 2602//4717 2608//4717 2584//4717
f 2614//4718 2606//4718 2619//4718
f 2617//4719 2620//4719 2612//4719
f 2621//4720 2611//4720 2610//4720
f 2621//4721 2610//4721 2622//4721
f 2616//4722 2608//4722 2623//4722
f 2596//4723 2597//4723 2576//4723
f 2613//4724 2608//4724 2602//4724
f 2624//4725 2576//4725 2580//4725
f 2625//4726 2617//4726 2626//4726
f 2611//4727 2627//4727 2628//4727
f 2629//4728 2613//4728 2594//4728
f 2616//4729 2630//4729 2607//4729
f 2625//4730 2620//4730 2617//4730
f 2631//4731 2627//4731 2621//4731
f 2609//4732 2596//4732 2576//4732
f 2615//4733 2618//4733 2600//4733
f 2616//4734 2623//4734 2632//4734
f 2627//4735 2633//4735 2628//4735
f 2634//4736 2631//4736 2635//4736
f 2629//4737 2594//4737 2618//4737
f 2625//4738 2636//4738 2620//4738
f 2625//4739 2626//4739 2637//4739
f 2609//4740 2576//4740 2624//4740
f 2638//4741 2635//4741 2619//4741
f 2632//4742 2630//4742 2616//4742
f 2639//4743 2625//4743 2637//4743
f 2640//4744 2629//4744 2618//4744
f 2623//4745 2608//4745 2613//4745
f 2623//4746 2613//4746 2629//4746
f 2641//4747 2642//4747 2643//4747
f 2615//4748 2600//4748 2599//4748
f 2624//4749 2580//4749 2601//4749
f 2617//4750 2609//4750 2624//4750
f 2639//4751 2636//4751 2625//4751
f 2644//4752 2634//4752 2645//4752
f 2646//4753 2647//4753 2641//4753
f 2632//4754 2648//4754 2630//4754
f 2649//4755 2650//4755 2638//4755
f 2646//4756 2651//4756 2647//4756
f 2615//4757 2652//4757 2618//4757
f 2626//4758 2624//4758 2601//4758
f 2623//4759 2629//4759 2640//4759
f 2653//4760 2651//4760 2646//4760
f 2632//4761 2654//4761 2648//4761
f 2653//4762 2646//4762 2655//4762
f 2655//4763 2646//4763 2656//4763
f 2657//4764 2632//4764 2658//4764
f 2639//4765 2659//4765 2636//4765
f 2626//4766 2601//4766 2607//4766
f 2617//4767 2624//4767 2626//4767
f 2660//4768 2659//4768 2639//4768
f 2661//4769 2644//4769 2662//4769
f 2657//4770 2654//4770 2632//4770
f 2640//4771 2632//4771 2623//4771
f 2640//4772 2618//4772 2652//4772
f 2628//4773 2615//4773 2611//4773
f 2660//4774 2663//4774 2659//4774
f 2637//4775 2626//4775 2607//4775
f 2664//4776 2662//4776 2649//4776
f 2664//4777 2665//4777 2662//4777
f 2657//4778 2658//4778 2666//4778
f 2667//4779 2640//4779 2652//4779
f 2628//4780 2652//4780 2615//4780
f 2668//4781 2663//4781 2660//4781
f 2661//4782 2662//4782 2669//4782
f 2670//4783 2657//4783 2666//4783
f 2667//4784 2632//4784 2640//4784
f 2664//4785 2671//4785 2665//4785
f 2669//4786 2672//4786 2661//4786
f 2668//4787 2673//4787 2663//4787
f 2630//4788 2637//4788 2607//4788
f 2666//4789 2674//4789 2670//4789
f 2673//4790 2668//4790 2675//4790
f 2658//4791 2632//4791 2667//4791
f 2676//4792 2677//4792 2671//4792
f 2675//4793 2678//4793 2673//4793
f 2679//4794 2680//4794 2674//4794
f 2681//4795 2669//4795 2677//4795
f 2681//4796 2672//4796 2669//4796
f 2639//4797 2637//4797 2630//4797
f 2676//4798 2682//4798 2677//4798
f 2683//4799 2678//4799 2675//4799
f 2683//4800 2684//4800 2678//4800
f 2685//4801 2667//4801 2652//4801
f 2686//4802 2682//4802 2676//4802
f 2680//4803 2679//4803 2687//4803
f 2633//4804 2652//4804 2628//4804
f 2683//4805 2688//4805 2684//4805
f 2687//4806 2689//4806 2680//4806
f 2686//4807 2690//4807 2682//4807
f 2687//4808 2691//4808 2689//4808
f 2692//4809 2690//4809 2686//4809
f 2693//4810 2694//4810 2695//4810
f 2658//4811 2667//4811 2685//4811
f 2633//4812 2696//4812 2652//4812
f 2697//4813 2698//4813 2699//4813
f 2697//4814 2699//4814 2700//4814
f 2701//4815 2700//4815 2699//4815
f 2702//4816 2703//4816 2704//4816
f 2705//4817 2706//4817 2707//4817
f 2708//4818 2709//4818 2710//4818
f 2660//4819 2639//4819 2630//4819
f 2711//4820 2712//4820 2713//4820
f 2711//4821 2713//4821 2714//4821
f 2715//4822 2696//4822 2633//4822
f 2660//4823 2630//4823 2648//4823
f 2716//4824 2708//4824 2717//4824
f 2718//4825 2719//4825 2712//4825
f 2685//4826 2652//4826 2696//4826
f 2720//4827 2712//4827 2721//4827
f 2720//4828 2722//4828 2718//4828
f 2723//4829 2685//4829 2696//4829
f 2724//4830 2719//4830 2718//4830
f 2725//4831 2726//4831 2727//4831
f 2728//4832 2696//4832 2715//4832
f 2685//4833 2666//4833 2658//4833
f 2726//4834 2725//4834 2729//4834
f 2728//4835 2644//4835 2661//4835
f 2728//4836 2730//4836 2696//4836
f 2720//4837 2731//4837 2722//4837
f 2724//4838 2718//4838 2722//4838
f 2722//4839 2732//4839 2733//4839
f 2734//4840 2731//4840 2720//4840
f 2668//4841 2648//4841 2654//4841
f 2734//4842 2720//4842 2735//4842
f 2668//4843 2660//4843 2648//4843
f 2725//4844 2733//4844 2736//4844
f 2733//4845 2724//4845 2722//4845
f 2722//4846 2731//4846 2732//4846
f 2737//4847 2717//4847 2738//4847
f 2729//4848 2739//4848 2740//4848
f 2741//4849 2723//4849 2696//4849
f 2742//4850 2734//4850 2743//4850
f 2744//4851 2731//4851 2734//4851
f 2723//4852 2666//4852 2685//4852
f 2744//4853 2734//4853 2745//4853
f 2746//4854 2737//4854 2747//4854
f 2741//4855 2696//4855 2730//4855
f 2748//4856 2736//4856 2749//4856
f 2750//4857 2740//4857 2739//4857
f 2751//4858 2750//4858 2739//4858
f 2744//4859 2745//4859 2752//4859
f 2523//4860 2742//4860 2753//4860
f 2745//4861 2742//4861 2523//4861
f 2751//4862 2736//4862 2748//4862
f 2754//4863 2728//4863 2661//4863
f 2669//4864 2662//4864 2665//4864
f 2675//4865 2654//4865 2657//4865
f 2748//4866 2508//4866 2751//4866
f 2754//4867 2730//4867 2728//4867
f 2748//4868 2510//4868 2508//4868
f 2515//4869 2750//4869 2751//4869
f 2570//4870 2538//4870 2540//4870
f 2514//4871 2505//4871 2750//4871
f 2741//4872 2666//4872 2723//4872
f 2741//4873 2674//4873 2666//4873
f 2754//4874 2755//4874 2730//4874
f 2745//4875 2523//4875 2531//4875
f 2505//4876 2514//4876 2506//4876
f 2675//4877 2657//4877 2670//4877
f 2570//4878 2542//4878 2538//4878
f 2668//4879 2654//4879 2675//4879
f 2515//4880 2508//4880 2512//4880
f 2515//4881 2756//4881 2513//4881
f 2556//4882 2542//4882 2554//4882
f 2512//4883 2756//4883 2515//4883
f 2531//4884 2523//4884 2522//4884
f 2741//4885 2730//4885 2755//4885
f 2531//4886 2522//4886 2546//4886
f 2531//4887 2546//4887 2536//4887
f 2516//4888 2506//4888 2513//4888
f 2754//4889 2661//4889 2672//4889
f 2520//4890 2549//4890 2533//4890
f 2677//4891 2665//4891 2671//4891
f 2537//4892 2522//4892 2524//4892
f 2516//4893 2513//4893 2548//4893
f 2683//4894 2675//4894 2670//4894
f 2741//4895 2679//4895 2674//4895
f 2522//4896 2545//4896 2546//4896
f 2757//4897 2520//4897 2758//4897
f 2550//4898 2520//4898 2757//4898
f 2683//4899 2670//4899 2674//4899
f 2672//4900 2755//4900 2754//4900
f 2677//4901 2669//4901 2665//4901
f 2562//4902 2545//4902 2564//4902
f 2573//4903 2550//4903 2757//4903
f 2672//4904 2759//4904 2755//4904
f 2581//4905 2564//4905 2568//4905
f 2564//4906 2577//4906 2562//4906
f 2564//4907 2581//4907 2577//4907
f 2573//4908 2590//4908 2574//4908
f 2585//4909 2586//4909 2581//4909
f 2590//4910 2592//4910 2574//4910
f 2679//4911 2741//4911 2755//4911
f 2680//4912 2683//4912 2674//4912
f 2586//4913 2610//4913 2599//4913
f 2586//4914 2585//4914 2610//4914
f 2585//4915 2622//4915 2610//4915
f 2585//4916 2574//4916 2593//4916
f 2622//4917 2585//4917 2593//4917
f 2622//4918 2593//4918 2605//4918
f 2622//4919 2605//4919 2621//4919
f 2627//4920 2611//4920 2621//4920
f 2759//4921 2672//4921 2681//4921
f 2621//4922 2605//4922 2614//4922
f 2760//4923 2755//4923 2759//4923
f 2621//4924 2614//4924 2635//4924
f 2621//4925 2635//4925 2631//4925
f 2635//4926 2614//4926 2619//4926
f 2631//4927 2633//4927 2627//4927
f 2760//4928 2679//4928 2755//4928
f 2760//4929 2687//4929 2679//4929
f 2645//4930 2634//4930 2635//4930
f 2650//4931 2635//4931 2638//4931
f 2761//4932 2759//4932 2681//4932
f 2634//4933 2715//4933 2633//4933
f 2634//4934 2633//4934 2631//4934
f 2645//4935 2635//4935 2650//4935
f 2644//4936 2728//4936 2715//4936
f 2644//4937 2715//4937 2634//4937
f 2645//4938 2662//4938 2644//4938
f 2645//4939 2650//4939 2662//4939
f 2662//4940 2650//4940 2649//4940
f 2762//4941 2677//4941 2682//4941
f 2762//4942 2681//4942 2677//4942
f 2761//4943 2763//4943 2759//4943
f 2697//4944 2764//4944 2698//4944
f 2688//4945 2683//4945 2680//4945
f 2702//4946 2765//4946 2703//4946
f 2705//4947 2707//4947 2438//4947
f 2714//4948 2709//4948 2711//4948
f 2714//4949 2766//4949 2709//4949
f 2743//4950 2717//4950 2737//4950
f 2763//4951 2760//4951 2759//4951
f 2753//4952 2524//4952 2523//4952
f 2530//4953 2745//4953 2531//4953
f 2756//4954 2512//4954 2552//4954
f 2552//4955 2548//4955 2513//4955
f 2552//4956 2513//4956 2756//4956
f 2552//4957 2559//4957 2548//4957
f 2559//4958 2560//4958 2548//4958
f 2688//4959 2767//4959 2684//4959
f 2688//4960 2680//4960 2689//4960
f 2687//4961 2760//4961 2763//4961
f 2761//4962 2681//4962 2762//4962
f 2768//4963 2761//4963 2762//4963
f 2689//4964 2767//4964 2688//4964
f 2769//4965 2682//4965 2690//4965
f 2769//4966 2762//4966 2682//4966
f 2770//4967 2763//4967 2761//4967
f 2770//4968 2771//4968 2687//4968
f 2770//4969 2687//4969 2763//4969
f 2770//4970 2761//4970 2768//4970
f 2691//4971 2767//4971 2689//4971
f 2768//4972 2762//4972 2769//4972
f 2771//4973 2691//4973 2687//4973
f 2691//4974 2772//4974 2767//4974
f 2773//4975 2768//4975 2769//4975
f 2774//4976 2690//4976 2692//4976
f 2775//4977 2770//4977 2768//4977
f 2770//4978 2775//4978 2771//4978
f 2690//4979 2776//4979 2769//4979
f 2775//4980 2768//4980 2773//4980
f 2774//4981 2776//4981 2690//4981
f 2691//4982 2771//4982 2777//4982
f 2778//4983 2769//4983 2776//4983
f 2778//4984 2773//4984 2769//4984
f 2777//4985 2771//4985 2775//4985
f 2775//4986 2773//4986 2778//4986
f 2779//4987 2691//4987 2777//4987
f 2779//4988 2772//4988 2691//4988
f 2779//4989 2780//4989 2772//4989
f 2781//4990 2776//4990 2774//4990
f 2782//4991 2778//4991 2776//4991
f 2778//4992 2783//4992 2775//4992
f 2781//4993 2782//4993 2776//4993
f 2784//4994 2777//4994 2775//4994
f 2779//4995 2777//4995 2784//4995
f 2785//4996 2781//4996 2786//4996
f 2785//4997 2782//4997 2781//4997
f 2784//4998 2775//4998 2783//4998
f 2783//4999 2778//4999 2782//4999
f 2785//5000 2787//5000 2782//5000
f 2783//5001 2782//5001 2787//5001
f 2784//5002 2780//5002 2779//5002
f 2784//5003 2788//5003 2780//5003
f 2789//5004 2783//5004 2787//5004
f 2695//5005 2785//5005 2786//5005
f 2695//5006 2694//5006 2787//5006
f 2789//5007 2787//5007 2790//5007
f 2695//5008 2787//5008 2785//5008
f 2787//5009 2694//5009 2790//5009
f 2791//5010 2784//5010 2783//5010
f 2791//5011 2788//5011 2784//5011
f 2791//5012 2783//5012 2789//5012
f 2790//5013 2694//5013 2693//5013
f 2792//5014 2790//5014 2693//5014
f 2793//5015 2790//5015 2792//5015
f 2791//5016 2794//5016 2788//5016
f 2795//5017 2791//5017 2789//5017
f 2795//5018 2794//5018 2791//5018
f 2795//5019 2789//5019 2790//5019
f 2693//5020 2796//5020 2698//5020
f 2797//5021 2792//5021 2764//5021
f 2793//5022 2795//5022 2790//5022
f 2795//5023 2798//5023 2794//5023
f 2792//5024 2693//5024 2698//5024
f 2698//5025 2764//5025 2792//5025
f 2793//5026 2798//5026 2795//5026
f 2797//5027 2793//5027 2792//5027
f 2765//5028 2764//5028 2697//5028
f 2797//5029 2798//5029 2793//5029
f 2797//5030 2799//5030 2798//5030
f 2799//5031 2797//5031 2764//5031
f 2765//5032 2697//5032 2700//5032
f 2765//5033 2700//5033 2703//5033
f 2799//5034 2764//5034 2765//5034
f 2765//5035 2702//5035 2799//5035
f 2701//5036 2800//5036 2700//5036
f 2800//5037 2701//5037 2801//5037
f 2800//5038 2704//5038 2703//5038
f 2703//5039 2700//5039 2800//5039
f 2802//5040 2800//5040 2803//5040
f 2804//5041 2805//5041 2806//5041
f 2802//5042 2704//5042 2800//5042
f 2804//5043 2806//5043 2439//5043
f 2803//5044 2800//5044 2801//5044
f 2807//5045 2803//5045 2801//5045
f 2808//5046 2802//5046 2803//5046
f 2809//5047 2803//5047 2807//5047
f 2439//5048 2707//5048 2804//5048
f 2809//5049 2807//5049 2805//5049
f 2808//5050 2803//5050 2809//5050
f 2808//5051 2810//5051 2802//5051
f 2809//5052 2805//5052 2804//5052
f 2804//5053 2808//5053 2809//5053
f 2810//5054 2808//5054 2804//5054
f 2811//5055 2706//5055 2810//5055
f 2811//5056 2804//5056 2707//5056
f 2811//5057 2810//5057 2804//5057
f 2707//5058 2706//5058 2811//5058
f 2707//5059 2439//5059 2438//5059
f 2656//5060 2646//5060 2812//5060
f 2812//5061 2710//5061 2766//5061
f 2656//5062 2713//5062 2655//5062
f 2812//5063 2646//5063 2641//5063
f 2812//5064 2641//5064 2643//5064
f 2714//5065 2656//5065 2766//5065
f 2713//5066 2656//5066 2714//5066
f 2709//5067 2766//5067 2710//5067
f 2766//5068 2656//5068 2812//5068
f 2653//5069 2719//5069 2813//5069
f 2708//5070 2710//5070 2814//5070
f 2708//5071 2716//5071 2709//5071
f 2711//5072 2709//5072 2721//5072
f 2713//5073 2712//5073 2655//5073
f 2653//5074 2655//5074 2712//5074
f 2719//5075 2653//5075 2712//5075
f 2717//5076 2708//5076 2814//5076
f 2721//5077 2712//5077 2711//5077
f 2721//5078 2709//5078 2716//5078
f 2727//5079 2815//5079 2813//5079
f 2727//5080 2813//5080 2719//5080
f 2735//5081 2720//5081 2721//5081
f 2735//5082 2721//5082 2716//5082
f 2726//5083 2815//5083 2727//5083
f 2727//5084 2719//5084 2724//5084
f 2718//5085 2712//5085 2720//5085
f 2716//5086 2717//5086 2743//5086
f 2725//5087 2727//5087 2724//5087
f 2743//5088 2735//5088 2716//5088
f 2738//5089 2717//5089 2814//5089
f 2729//5090 2725//5090 2739//5090
f 2733//5091 2725//5091 2724//5091
f 2740//5092 2816//5092 2729//5092
f 2734//5093 2735//5093 2743//5093
f 2732//5094 2749//5094 2733//5094
f 2739//5095 2725//5095 2736//5095
f 2743//5096 2737//5096 2742//5096
f 2732//5097 2731//5097 2752//5097
f 2736//5098 2733//5098 2749//5098
f 2737//5099 2738//5099 2747//5099
f 2521//5100 2749//5100 2752//5100
f 2732//5101 2752//5101 2749//5101
f 2752//5102 2731//5102 2744//5102
f 2753//5103 2742//5103 2737//5103
f 2745//5104 2734//5104 2742//5104
f 2532//5105 2753//5105 2737//5105
f 2532//5106 2737//5106 2746//5106
f 2751//5107 2739//5107 2736//5107
f 2514//5108 2750//5108 2515//5108
f 2526//5109 2521//5109 2752//5109
f 2752//5110 2745//5110 2526//5110
f 2746//5111 2747//5111 2519//5111
f 2505//5112 2504//5112 2817//5112
f 2748//5113 2749//5113 2521//5113
f 2505//5114 2740//5114 2750//5114
f 2505//5115 2817//5115 2740//5115
f 2751//5116 2508//5116 2515//5116
f 2530//5117 2526//5117 2745//5117
f 2521//5118 2510//5118 2748//5118
f 2518//5119 2746//5119 2519//5119
f 2532//5120 2746//5120 2518//5120
f 2532//5121 2518//5121 2533//5121
f 2535//5122 2526//5122 2530//5122
f 2524//5123 2753//5123 2532//5123
f 2504//5124 2506//5124 2528//5124
f 2818//5125 2819//5125 2820//5125
f 2821//5126 2822//5126 2823//5126
f 2824//5127 2825//5127 2826//5127
f 2827//5128 2825//5128 2824//5128
f 2828//5129 2829//5129 2830//5129
f 2831//5130 2832//5130 2833//5130
f 2834//5131 2835//5131 2836//5131
f 2837//5132 2838//5132 2839//5132
f 2840//5133 2841//5133 2842//5133
f 2843//5134 2844//5134 2845//5134
f 2843//5135 2845//5135 2846//5135
f 2839//5136 2847//5136 2848//5136
f 2849//5137 2850//5137 2412//5137
f 2851//5138 2818//5138 2820//5138
f 2852//5139 2841//5139 2853//5139
f 2854//5140 2831//5140 2844//5140
f 2852//5141 2853//5141 2838//5141
f 2837//5142 2855//5142 2838//5142
f 2840//5143 2856//5143 2857//5143
f 2820//5144 2835//5144 2834//5144
f 2858//5145 2859//5145 2846//5145
f 2848//5146 2847//5146 2827//5146
f 2860//5147 2827//5147 2824//5147
f 2854//5148 2844//5148 2843//5148
f 2837//5149 2839//5149 2848//5149
f 2848//5150 2827//5150 2860//5150
f 2861//5151 2862//5151 2863//5151
f 2864//5152 2865//5152 2866//5152
f 2864//5153 2866//5153 2857//5153
f 2867//5154 2842//5154 2852//5154
f 2868//5155 2869//5155 2818//5155
f 2870//5156 2837//5156 2848//5156
f 2865//5157 2871//5157 2872//5157
f 2865//5158 2873//5158 2871//5158
f 2874//5159 2875//5159 2869//5159
f 2876//5160 2848//5160 2860//5160
f 2843//5161 2859//5161 2877//5161
f 2878//5162 2879//5162 2880//5162
f 2878//5163 2880//5163 2881//5163
f 2882//5164 2820//5164 2834//5164
f 2868//5165 2818//5165 2851//5165
f 2876//5166 2883//5166 2848//5166
f 2874//5167 2869//5167 2868//5167
f 2851//5168 2820//5168 2882//5168
f 2865//5169 2864//5169 2884//5169
f 2865//5170 2884//5170 2873//5170
f 2854//5171 2781//5171 2774//5171
f 2885//5172 2878//5172 2881//5172
f 2883//5173 2870//5173 2848//5173
f 2886//5174 2408//5174 2410//5174
f 2887//5175 2888//5175 2861//5175
f 2886//5176 2889//5176 2408//5176
f 2890//5177 2874//5177 2868//5177
f 2891//5178 2781//5178 2854//5178
f 2892//5179 2893//5179 2855//5179
f 2894//5180 2895//5180 2822//5180
f 2896//5181 2897//5181 2879//5181
f 2898//5182 2888//5182 2887//5182
f 2899//5183 2860//5183 2897//5183
f 2899//5184 2876//5184 2860//5184
f 2876//5185 2900//5185 2883//5185
f 2886//5186 2901//5186 2889//5186
f 2876//5187 2899//5187 2900//5187
f 2898//5188 2902//5188 2888//5188
f 2896//5189 2899//5189 2897//5189
f 2903//5190 2842//5190 2867//5190
f 2850//5191 2886//5191 2410//5191
f 2904//5192 2842//5192 2903//5192
f 2883//5193 2900//5193 2905//5193
f 2905//5194 2892//5194 2870//5194
f 2905//5195 2870//5195 2883//5195
f 2873//5196 2884//5196 2906//5196
f 2907//5197 2893//5197 2892//5197
f 2908//5198 2901//5198 2886//5198
f 2909//5199 2910//5199 2911//5199
f 2899//5200 2896//5200 2912//5200
f 2900//5201 2899//5201 2912//5201
f 2913//5202 2857//5202 2914//5202
f 2915//5203 2864//5203 2913//5203
f 2907//5204 2916//5204 2917//5204
f 2907//5205 2918//5205 2893//5205
f 2877//5206 2695//5206 2786//5206
f 2877//5207 2786//5207 2919//5207
f 2920//5208 2881//5208 2921//5208
f 2915//5209 2922//5209 2884//5209
f 2850//5210 2908//5210 2886//5210
f 2903//5211 2918//5211 2923//5211
f 2924//5212 2695//5212 2877//5212
f 2924//5213 2693//5213 2695//5213
f 2796//5214 2924//5214 2902//5214
f 2925//5215 2926//5215 2896//5215
f 2925//5216 2896//5216 2927//5216
f 2912//5217 2896//5217 2926//5217
f 2796//5218 2693//5218 2924//5218
f 2928//5219 2895//5219 2894//5219
f 2917//5220 2916//5220 2929//5220
f 2916//5221 2930//5221 2931//5221
f 2932//5222 2913//5222 2914//5222
f 2922//5223 2915//5223 2932//5223
f 2928//5224 2894//5224 2933//5224
f 2934//5225 2903//5225 2923//5225
f 2923//5226 2918//5226 2935//5226
f 2936//5227 2698//5227 2796//5227
f 2937//5228 2912//5228 2938//5228
f 2939//5229 2932//5229 2914//5229
f 2699//5230 2936//5230 2940//5230
f 2941//5231 2926//5231 2925//5231
f 2942//5232 2908//5232 2850//5232
f 2943//5233 2927//5233 2944//5233
f 2943//5234 2925//5234 2927//5234
f 2945//5235 2946//5235 2947//5235
f 2926//5236 2941//5236 2938//5236
f 2941//5237 2925//5237 2943//5237
f 2699//5238 2698//5238 2936//5238
f 2942//5239 2828//5239 2908//5239
f 2948//5240 2939//5240 2949//5240
f 2923//5241 2950//5241 2951//5241
f 2911//5242 2952//5242 2953//5242
f 2942//5243 2850//5243 2849//5243
f 2954//5244 2955//5244 2956//5244
f 2957//5245 2941//5245 2943//5245
f 2958//5246 2701//5246 2699//5246
f 2928//5247 2933//5247 2959//5247
f 2946//5248 2945//5248 2960//5248
f 2961//5249 2962//5249 2963//5249
f 2964//5250 2965//5250 2966//5250
f 2960//5251 2945//5251 2967//5251
f 2968//5252 2949//5252 2951//5252
f 2968//5253 2948//5253 2949//5253
f 2969//5254 2928//5254 2959//5254
f 2970//5255 2967//5255 2969//5255
f 2971//5256 2937//5256 2972//5256
f 2973//5257 2974//5257 2939//5257
f 2877//5258 2858//5258 2888//5258
f 2960//5259 2975//5259 2976//5259
f 2924//5260 2877//5260 2888//5260
f 2950//5261 2977//5261 2978//5261
f 2950//5262 2978//5262 2951//5262
f 2979//5263 2944//5263 2980//5263
f 2946//5264 2960//5264 2976//5264
f 2946//5265 2976//5265 2981//5265
f 2982//5266 2983//5266 2984//5266
f 2982//5267 2984//5267 2985//5267
f 2967//5268 2975//5268 2960//5268
f 2986//5269 2987//5269 2988//5269
f 2989//5270 2990//5270 2991//5270
f 2992//5271 2971//5271 2972//5271
f 2983//5272 2982//5272 2993//5272
f 2902//5273 2924//5273 2888//5273
f 2994//5274 2995//5274 2996//5274
f 2997//5275 2983//5275 2993//5275
f 2992//5276 2998//5276 2971//5276
f 2999//5277 2986//5277 2988//5277
f 3000//5278 2964//5278 3001//5278
f 3002//5279 2971//5279 2998//5279
f 3003//5280 2978//5280 2977//5280
f 3003//5281 2977//5281 3004//5281
f 3005//5282 3006//5282 3007//5282
f 3008//5283 2836//5283 2989//5283
f 2796//5284 2902//5284 2936//5284
f 3009//5285 3010//5285 3002//5285
f 2975//5286 2967//5286 2970//5286
f 3011//5287 3001//5287 3012//5287
f 3011//5288 3000//5288 3001//5288
f 3011//5289 3013//5289 3000//5289
f 3014//5290 3008//5290 2989//5290
f 3009//5291 3002//5291 3015//5291
f 3016//5292 2975//5292 2970//5292
f 3017//5293 2993//5293 3018//5293
f 2976//5294 3019//5294 2981//5294
f 2998//5295 2992//5295 3020//5295
f 3017//5296 2997//5296 2993//5296
f 3021//5297 2399//5297 3022//5297
f 3004//5298 3013//5298 3011//5298
f 3023//5299 3024//5299 3025//5299
f 3026//5300 2957//5300 2979//5300
f 3026//5301 3027//5301 2957//5301
f 3004//5302 3011//5302 3028//5302
f 3003//5303 3029//5303 2978//5303
f 3030//5304 2999//5304 2988//5304
f 2970//5305 2969//5305 3031//5305
f 2970//5306 3031//5306 3032//5306
f 3015//5307 3002//5307 2998//5307
f 3011//5308 3012//5308 3033//5308
f 2821//5309 2834//5309 3008//5309
f 3003//5310 3004//5310 3034//5310
f 2823//5311 2882//5311 2834//5311
f 3015//5312 2998//5312 3035//5312
f 3036//5313 3029//5313 3037//5313
f 3038//5314 3012//5314 3001//5314
f 3038//5315 3001//5315 3039//5315
f 2825//5316 3017//5316 3018//5316
f 3030//5317 2988//5317 3040//5317
f 3007//5318 3006//5318 3021//5318
f 3007//5319 3021//5319 3022//5319
f 3003//5320 3034//5320 3029//5320
f 2826//5321 2825//5321 3018//5321
f 3014//5322 3041//5322 3008//5322
f 3042//5323 3043//5323 3044//5323
f 3042//5324 3009//5324 3043//5324
f 2823//5325 2834//5325 2821//5325
f 3045//5326 2998//5326 3020//5326
f 3045//5327 3046//5327 3035//5327
f 3045//5328 3035//5328 2998//5328
f 3047//5329 3004//5329 3028//5329
f 3047//5330 3034//5330 3004//5330
f 3035//5331 3048//5331 3015//5331
f 3049//5332 3019//5332 3050//5332
f 3048//5333 3043//5333 3009//5333
f 3048//5334 3009//5334 3015//5334
f 3051//5335 3052//5335 3053//5335
f 3054//5336 3055//5336 3019//5336
f 3056//5337 3045//5337 3027//5337
f 3014//5338 3057//5338 3058//5338
f 3059//5339 3031//5339 3060//5339
f 3046//5340 3048//5340 3035//5340
f 2839//5341 3030//5341 3040//5341
f 3061//5342 3008//5342 3041//5342
f 3061//5343 2821//5343 3008//5343
f 3062//5344 3054//5344 3063//5344
f 3064//5345 2866//5345 3065//5345
f 3028//5346 3033//5346 3066//5346
f 3067//5347 3053//5347 2439//5347
f 3032//5348 3059//5348 3068//5348
f 3032//5349 3068//5349 3069//5349
f 2847//5350 2839//5350 3040//5350
f 3070//5351 3071//5351 3072//5351
f 3073//5352 3057//5352 3074//5352
f 3070//5353 3075//5353 3076//5353
f 3046//5354 3077//5354 3048//5354
f 3070//5355 3078//5355 3079//5355
f 3046//5356 3080//5356 3081//5356
f 3046//5357 3045//5357 3080//5357
f 3082//5358 3083//5358 3084//5358
f 3063//5359 3032//5359 3085//5359
f 3022//5360 3073//5360 3007//5360
f 2847//5361 3040//5361 2827//5361
f 2872//5362 3086//5362 3065//5362
f 2984//5363 3070//5363 3076//5363
f 3087//5364 3054//5364 3062//5364
f 3078//5365 3070//5365 2984//5365
f 3059//5366 3088//5366 3068//5366
f 3048//5367 3089//5367 3043//5367
f 3066//5368 3033//5368 3090//5368
f 2866//5369 3064//5369 2840//5369
f 3091//5370 3046//5370 3081//5370
f 3083//5371 3082//5371 3092//5371
f 3093//5372 3047//5372 3028//5372
f 3093//5373 3028//5373 3066//5373
f 2838//5374 3030//5374 2839//5374
f 2984//5375 3076//5375 2985//5375
f 2984//5376 2987//5376 3078//5376
f 3085//5377 3062//5377 3063//5377
f 3041//5378 3014//5378 3058//5378
f 3077//5379 3089//5379 3048//5379
f 3094//5380 3092//5380 3095//5380
f 3094//5381 3083//5381 3092//5381
f 3096//5382 3047//5382 3097//5382
f 3098//5383 3044//5383 2747//5383
f 2872//5384 2871//5384 3086//5384
f 3099//5385 2519//5385 3044//5385
f 3092//5386 3078//5386 2987//5386
f 3081//5387 3080//5387 3100//5387
f 3021//5388 3101//5388 2399//5388
f 3102//5389 2996//5389 3094//5389
f 3102//5390 3094//5390 3095//5390
f 3099//5391 2758//5391 2519//5391
f 3100//5392 3103//5392 3104//5392
f 3105//5393 3106//5393 3107//5393
f 3105//5394 3108//5394 3106//5394
f 3109//5395 3110//5395 3111//5395
f 3103//5396 3112//5396 3113//5396
f 3021//5397 3006//5397 3114//5397
f 3115//5398 3116//5398 3117//5398
f 3118//5399 3119//5399 3120//5399
f 3073//5400 3022//5400 3121//5400
f 3122//5401 3104//5401 3123//5401
f 2842//5402 2841//5402 2852//5402
f 2757//5403 3124//5403 3122//5403
f 2986//5404 3095//5404 3092//5404
f 2986//5405 3125//5405 3095//5405
f 3126//5406 3127//5406 3128//5406
f 2986//5407 3092//5407 2987//5407
f 2988//5408 2987//5408 2984//5408
f 3129//5409 3130//5409 3131//5409
f 2988//5410 2984//5410 2983//5410
f 3123//5411 2573//5411 2757//5411
f 3123//5412 2757//5412 3122//5412
f 3102//5413 3095//5413 3125//5413
f 3132//5414 3119//5414 3130//5414
f 2996//5415 3102//5415 2994//5415
f 3133//5416 2591//5416 3123//5416
f 3133//5417 3123//5417 3113//5417
f 2591//5418 2573//5418 3123//5418
f 3134//5419 3135//5419 3115//5419
f 3134//5420 3115//5420 3136//5420
f 3137//5421 3138//5421 3111//5421
f 3133//5422 3139//5422 2603//5422
f 3140//5423 3061//5423 3041//5423
f 2855//5424 2867//5424 2852//5424
f 2855//5425 2852//5425 2838//5425
f 2865//5426 2872//5426 2866//5426
f 3140//5427 2821//5427 3061//5427
f 2994//5428 3102//5428 3125//5428
f 2603//5429 2591//5429 3133//5429
f 3141//5430 3139//5430 3142//5430
f 3143//5431 3138//5431 3137//5431
f 3144//5432 3145//5432 3132//5432
f 2603//5433 3141//5433 2606//5433
f 2909//5434 3058//5434 3057//5434
f 3141//5435 3142//5435 3146//5435
f 3005//5436 3114//5436 3006//5436
f 3141//5437 2619//5437 2606//5437
f 3143//5438 3147//5438 3148//5438
f 3143//5439 3148//5439 3149//5439
f 2989//5440 2836//5440 2990//5440
f 3144//5441 3150//5441 3151//5441
f 3152//5442 3134//5442 3153//5442
f 3152//5443 3153//5443 3154//5443
f 3155//5444 3150//5444 3144//5444
f 3148//5445 3150//5445 3155//5445
f 2897//5446 2824//5446 2879//5446
f 2873//5447 3156//5447 2871//5447
f 3152//5448 3157//5448 3135//5448
f 3152//5449 3158//5449 3157//5449
f 3151//5450 3150//5450 3159//5450
f 3148//5451 3160//5451 3150//5451
f 3125//5452 3161//5452 2994//5452
f 2860//5453 2824//5453 2897//5453
f 3125//5454 2986//5454 2999//5454
f 3162//5455 3160//5455 3148//5455
f 2997//5456 2988//5456 2983//5456
f 3147//5457 2833//5457 3162//5457
f 3147//5458 3162//5458 3148//5458
f 3052//5459 2414//5459 2415//5459
f 2995//5460 2994//5460 3161//5460
f 3160//5461 2671//5461 2664//5461
f 3160//5462 2664//5462 3159//5462
f 2846//5463 3163//5463 2862//5463
f 3164//5464 3165//5464 2863//5464
f 3166//5465 3041//5465 3058//5465
f 3167//5466 2863//5466 3168//5466
f 3167//5467 3168//5467 2887//5467
f 3014//5468 2991//5468 3074//5468
f 2854//5469 2774//5469 2692//5469
f 3169//5470 2412//5470 2414//5470
f 3169//5471 2849//5471 2412//5471
f 2786//5472 2781//5472 2891//5472
f 3170//5473 3169//5473 3051//5473
f 3171//5474 3172//5474 3173//5474
f 3174//5475 3175//5475 3172//5475
f 3176//5476 3175//5476 3177//5476
f 3053//5477 3052//5477 2415//5477
f 2958//5478 2699//5478 2940//5478
f 3174//5479 3067//5479 3175//5479
f 3178//5480 2995//5480 3161//5480
f 3179//5481 2806//5481 3177//5481
f 2851//5482 2882//5482 3180//5482
f 3178//5483 3181//5483 2995//5483
f 3040//5484 2988//5484 2997//5484
f 2826//5485 2879//5485 2824//5485
f 3053//5486 2415//5486 2439//5486
f 2826//5487 2890//5487 2879//5487
f 2880//5488 2879//5488 2890//5488
f 3182//5489 3183//5489 2386//5489
f 3184//5490 3182//5490 3185//5490
f 2840//5491 2857//5491 2866//5491
f 3186//5492 3187//5492 3188//5492
f 2873//5493 3189//5493 3156//5493
f 3187//5494 3186//5494 3190//5494
f 2873//5495 2906//5495 3189//5495
f 3191//5496 3192//5496 3181//5496
f 3191//5497 3181//5497 3178//5497
f 3187//5498 3193//5498 3194//5498
f 3193//5499 3187//5499 3190//5499
f 3195//5500 3161//5500 3125//5500
f 2895//5501 3196//5501 2822//5501
f 3193//5502 3190//5502 3197//5502
f 2895//5503 2945//5503 3196//5503
f 2822//5504 2821//5504 3140//5504
f 3197//5505 3190//5505 3198//5505
f 2903//5506 2867//5506 2893//5506
f 3195//5507 3125//5507 2999//5507
f 3072//5508 3194//5508 3193//5508
f 3193//5509 3197//5509 3199//5509
f 2855//5510 2837//5510 2892//5510
f 3017//5511 3040//5511 2997//5511
f 2822//5512 3140//5512 2894//5512
f 2856//5513 2840//5513 2842//5513
f 3072//5514 3193//5514 3199//5514
f 3200//5515 2921//5515 3201//5515
f 3202//5516 3178//5516 3161//5516
f 3196//5517 3200//5517 2822//5517
f 3196//5518 2921//5518 3200//5518
f 2933//5519 2894//5519 3166//5519
f 2870//5520 2892//5520 2837//5520
f 3064//5521 3191//5521 3178//5521
f 3064//5522 3178//5522 3202//5522
f 3195//5523 2999//5523 3030//5523
f 2900//5524 2930//5524 2905//5524
f 3071//5525 3203//5525 3072//5525
f 3198//5526 3204//5526 3197//5526
f 2842//5527 2904//5527 2856//5527
f 3202//5528 3161//5528 2853//5528
f 3140//5529 3041//5529 3166//5529
f 3075//5530 3072//5530 3199//5530
f 3075//5531 3070//5531 3072//5531
f 2879//5532 2878//5532 2896//5532
f 2894//5533 3140//5533 3166//5533
f 3205//5534 3204//5534 3198//5534
f 3199//5535 3197//5535 3204//5535
f 2893//5536 2867//5536 2855//5536
f 2914//5537 2857//5537 2856//5537
f 2914//5538 2856//5538 2904//5538
f 3195//5539 2853//5539 3161//5539
f 2878//5540 2927//5540 2896//5540
f 2878//5541 2885//5541 2927//5541
f 2909//5542 2911//5542 3206//5542
f 2913//5543 2864//5543 2857//5543
f 3071//5544 3084//5544 3207//5544
f 3058//5545 2909//5545 3206//5545
f 2915//5546 2884//5546 2864//5546
f 3208//5547 3199//5547 3204//5547
f 2892//5548 2916//5548 2907//5548
f 3075//5549 3199//5549 3208//5549
f 2920//5550 2885//5550 2881//5550
f 2916//5551 2892//5551 2905//5551
f 3079//5552 3084//5552 3071//5552
f 3185//5553 3182//5553 2386//5553
f 3185//5554 2386//5554 2387//5554
f 3166//5555 3058//5555 3206//5555
f 3079//5556 3071//5556 3070//5556
f 3166//5557 3206//5557 2933//5557
f 2903//5558 2893//5558 2918//5558
f 3065//5559 3086//5559 3192//5559
f 3065//5560 3192//5560 3191//5560
f 2904//5561 2934//5561 3209//5561
f 2916//5562 2905//5562 2930//5562
f 2904//5563 2903//5563 2934//5563
f 3184//5564 3183//5564 3182//5564
f 3209//5565 2914//5565 2904//5565
f 2906//5566 2884//5566 2922//5566
f 2932//5567 2915//5567 2913//5567
f 3209//5568 2939//5568 2914//5568
f 2920//5569 2927//5569 2885//5569
f 2917//5570 2965//5570 2964//5570
f 2917//5571 2929//5571 2965//5571
f 2923//5572 2935//5572 2950//5572
f 3210//5573 3183//5573 3184//5573
f 2912//5574 2930//5574 2900//5574
f 3208//5575 3076//5575 3075//5575
f 2928//5576 2967//5576 2895//5576
f 2950//5577 2935//5577 3211//5577
f 2950//5578 3211//5578 2977//5578
f 2979//5579 2957//5579 2943//5579
f 2979//5580 2943//5580 2944//5580
f 3082//5581 3079//5581 3078//5581
f 3022//5582 2399//5582 2401//5582
f 3082//5583 3084//5583 3079//5583
f 2980//5584 2946//5584 2981//5584
f 2980//5585 2981//5585 2979//5585
f 2920//5586 2921//5586 2947//5586
f 3210//5587 3212//5587 3183//5587
f 2967//5588 2928//5588 2969//5588
f 2937//5589 2930//5589 2912//5589
f 2979//5590 2981//5590 3049//5590
f 2979//5591 3049//5591 3026//5591
f 2985//5592 3076//5592 3208//5592
f 3213//5593 2968//5593 3024//5593
f 3214//5594 3185//5594 2387//5594
f 2917//5595 2918//5595 2907//5595
f 2917//5596 2935//5596 2918//5596
f 3065//5597 3191//5597 3064//5597
f 3213//5598 3024//5598 3023//5598
f 2827//5599 3040//5599 3017//5599
f 3054//5600 2976//5600 3016//5600
f 3054//5601 3019//5601 2976//5601
f 3046//5602 3091//5602 3077//5602
f 3202//5603 2853//5603 2841//5603
f 2838//5604 3195//5604 3030//5604
f 3099//5605 3089//5605 2758//5605
f 2838//5606 2853//5606 3195//5606
f 3149//5607 3130//5607 3129//5607
f 3149//5608 3129//5608 3215//5608
f 2912//5609 2926//5609 2938//5609
f 3132//5610 3155//5610 3144//5610
f 3132//5611 3130//5611 3155//5611
f 2827//5612 3017//5612 2825//5612
f 3143//5613 3149//5613 3215//5613
f 3143//5614 3215//5614 3138//5614
f 3216//5615 2868//5615 2851//5615
f 3092//5616 3082//5616 3078//5616
f 3149//5617 3155//5617 3130//5617
f 3216//5618 2851//5618 3180//5618
f 3217//5619 3184//5619 3185//5619
f 3218//5620 3212//5620 3210//5620
f 2922//5621 2932//5621 2956//5621
f 3148//5622 3155//5622 3149//5622
f 3176//5623 2958//5623 3173//5623
f 3214//5624 2387//5624 2392//5624
f 3219//5625 3184//5625 3217//5625
f 3219//5626 3210//5626 3184//5626
f 3220//5627 3020//5627 2972//5627
f 3220//5628 2972//5628 2941//5628
f 2973//5629 3213//5629 3023//5629
f 3200//5630 3201//5630 3180//5630
f 2841//5631 2840//5631 3064//5631
f 2841//5632 3064//5632 3202//5632
f 3200//5633 2882//5633 2822//5633
f 3220//5634 2941//5634 2957//5634
f 2939//5635 3209//5635 2949//5635
f 3216//5636 2890//5636 2868//5636
f 2929//5637 2916//5637 2931//5637
f 2872//5638 3065//5638 2866//5638
f 3200//5639 3180//5639 2882//5639
f 2934//5640 2949//5640 3209//5640
f 3221//5641 2922//5641 3222//5641
f 3221//5642 2906//5642 2922//5642
f 3223//5643 3217//5643 3185//5643
f 3223//5644 3185//5644 3214//5644
f 3219//5645 3218//5645 3210//5645
f 2880//5646 2890//5646 3216//5646
f 3022//5647 2401//5647 3224//5647
f 2944//5648 2927//5648 2920//5648
f 2944//5649 2920//5649 2980//5649
f 2947//5650 2980//5650 2920//5650
f 2875//5651 2985//5651 3225//5651
f 3201//5652 3216//5652 3180//5652
f 2929//5653 2931//5653 2965//5653
f 2982//5654 2985//5654 2875//5654
f 3226//5655 3217//5655 3223//5655
f 2945//5656 2895//5656 2967//5656
f 2955//5657 2922//5657 2956//5657
f 2955//5658 3222//5658 2922//5658
f 3114//5659 3101//5659 3021//5659
f 2880//5660 3216//5660 3201//5660
f 2875//5661 3225//5661 2869//5661
f 2923//5662 2949//5662 2934//5662
f 3186//5663 3218//5663 3219//5663
f 3227//5664 2931//5664 2930//5664
f 3227//5665 2930//5665 2937//5665
f 3226//5666 3219//5666 3217//5666
f 2909//5667 3057//5667 2910//5667
f 3211//5668 2935//5668 2917//5668
f 3186//5669 3228//5669 3229//5669
f 2921//5670 2880//5670 3201//5670
f 3186//5671 3229//5671 3218//5671
f 2933//5672 3206//5672 2959//5672
f 2881//5673 2880//5673 2921//5673
f 3230//5674 3219//5674 3226//5674
f 2991//5675 3231//5675 3114//5675
f 3222//5676 3232//5676 3221//5676
f 2939//5677 2956//5677 2932//5677
f 3186//5678 3188//5678 3228//5678
f 3233//5679 3214//5679 2392//5679
f 2937//5680 2938//5680 2972//5680
f 2951//5681 2949//5681 2923//5681
f 2964//5682 3211//5682 2917//5682
f 2939//5683 2974//5683 2956//5683
f 2980//5684 2947//5684 2946//5684
f 2972//5685 2938//5685 2941//5685
f 3186//5686 3219//5686 3230//5686
f 3234//5687 2392//5687 2394//5687
f 2993//5688 2982//5688 2875//5688
f 2953//5689 2952//5689 3235//5689
f 3236//5690 3214//5690 3233//5690
f 2945//5691 2921//5691 3196//5691
f 3236//5692 3223//5692 3214//5692
f 3233//5693 2392//5693 3234//5693
f 2954//5694 2956//5694 2974//5694
f 2948//5695 2968//5695 3213//5695
f 3005//5696 2991//5696 3114//5696
f 2971//5697 3227//5697 2937//5697
f 3000//5698 3211//5698 2964//5698
f 2906//5699 3237//5699 3189//5699
f 3238//5700 2953//5700 3235//5700
f 3236//5701 3226//5701 3223//5701
f 3238//5702 3239//5702 2953//5702
f 3213//5703 2973//5703 2948//5703
f 3240//5704 3186//5704 3230//5704
f 3241//5705 3230//5705 3226//5705
f 3074//5706 2991//5706 3005//5706
f 2947//5707 2921//5707 2945//5707
f 3018//5708 2993//5708 2875//5708
f 3232//5709 3242//5709 3243//5709
f 3221//5710 3237//5710 2906//5710
f 3018//5711 2875//5711 2874//5711
f 3244//5712 3226//5712 3236//5712
f 2977//5713 3211//5713 3000//5713
f 3221//5714 3245//5714 3237//5714
f 3002//5715 3010//5715 3227//5715
f 3002//5716 3227//5716 2971//5716
f 3246//5717 3230//5717 3241//5717
f 3238//5718 2404//5718 2406//5718
f 3238//5719 2406//5719 3247//5719
f 3190//5720 3186//5720 3240//5720
f 2973//5721 3023//5721 2974//5721
f 2911//5722 2910//5722 2952//5722
f 3248//5723 3236//5723 3233//5723
f 3248//5724 3233//5724 3249//5724
f 2911//5725 3250//5725 3251//5725
f 3013//5726 2977//5726 3000//5726
f 3238//5727 3247//5727 3239//5727
f 3244//5728 3241//5728 3226//5728
f 3245//5729 3221//5729 3252//5729
f 2978//5730 2968//5730 2951//5730
f 2890//5731 2826//5731 3018//5731
f 2890//5732 3018//5732 2874//5732
f 3252//5733 3253//5733 3245//5733
f 3222//5734 2955//5734 3232//5734
f 3240//5735 3230//5735 3246//5735
f 3013//5736 3004//5736 2977//5736
f 3020//5737 2992//5737 2972//5737
f 3232//5738 3252//5738 3221//5738
f 3254//5739 2954//5739 2974//5739
f 3254//5740 3255//5740 2954//5740
f 2966//5741 3010//5741 3009//5741
f 2973//5742 2939//5742 2948//5742
f 3238//5743 3235//5743 2404//5743
f 3220//5744 2957//5744 3027//5744
f 3251//5745 3206//5745 2911//5745
f 3250//5746 2911//5746 2953//5746
f 3250//5747 2953//5747 3239//5747
f 3020//5748 3220//5748 3027//5748
f 3253//5749 3256//5749 2961//5749
f 3023//5750 3025//5750 3254//5750
f 3257//5751 3234//5751 2394//5751
f 2961//5752 2963//5752 3253//5752
f 3254//5753 3258//5753 3259//5753
f 3036//5754 2978//5754 3029//5754
f 3010//5755 2965//5755 2931//5755
f 3010//5756 2931//5756 3227//5756
f 3039//5757 3001//5757 2966//5757
f 3039//5758 2966//5758 3009//5758
f 2976//5759 2975//5759 3016//5759
f 3242//5760 3232//5760 2955//5760
f 3260//5761 3206//5761 3251//5761
f 3244//5762 3236//5762 3248//5762
f 3010//5763 2966//5763 2965//5763
f 2954//5764 3255//5764 3242//5764
f 3024//5765 3261//5765 3025//5765
f 2954//5766 3242//5766 2955//5766
f 3254//5767 3025//5767 3258//5767
f 3262//5768 3240//5768 3246//5768
f 3042//5769 3039//5769 3009//5769
f 3263//5770 3234//5770 3257//5770
f 3260//5771 2959//5771 3206//5771
f 3024//5772 3036//5772 3261//5772
f 3224//5773 3121//5773 3022//5773
f 3264//5774 3241//5774 3244//5774
f 2966//5775 3001//5775 2964//5775
f 3027//5776 3045//5776 3020//5776
f 3019//5777 3049//5777 2981//5777
f 3265//5778 3244//5778 3248//5778
f 3016//5779 2970//5779 3032//5779
f 3233//5780 3234//5780 3263//5780
f 3060//5781 3266//5781 3267//5781
f 3060//5782 3268//5782 3266//5782
f 3269//5783 3027//5783 3026//5783
f 3198//5784 3190//5784 3240//5784
f 3198//5785 3240//5785 3262//5785
f 3033//5786 3012//5786 3038//5786
f 3270//5787 3241//5787 3264//5787
f 3270//5788 3246//5788 3241//5788
f 3028//5789 3011//5789 3033//5789
f 3271//5790 3243//5790 3242//5790
f 3269//5791 3026//5791 3049//5791
f 3260//5792 3250//5792 3268//5792
f 3260//5793 3251//5793 3250//5793
f 3056//5794 3027//5794 3269//5794
f 3031//5795 2959//5795 3260//5795
f 3031//5796 2969//5796 2959//5796
f 3254//5797 2974//5797 3023//5797
f 3272//5798 3244//5798 3265//5798
f 3060//5799 3267//5799 3059//5799
f 2978//5800 3024//5800 2968//5800
f 3255//5801 3271//5801 3242//5801
f 3059//5802 3032//5802 3031//5802
f 2910//5803 3057//5803 3073//5803
f 2910//5804 3073//5804 3121//5804
f 3044//5805 3273//5805 3042//5805
f 3036//5806 3024//5806 2978//5806
f 2910//5807 3121//5807 2952//5807
f 3261//5808 3036//5808 3037//5808
f 3255//5809 3254//5809 3259//5809
f 3255//5810 3259//5810 3271//5810
f 3264//5811 3244//5811 3272//5811
f 3262//5812 3246//5812 3270//5812
f 3063//5813 3054//5813 3016//5813
f 3034//5814 3047//5814 3096//5814
f 3063//5815 3016//5815 3032//5815
f 3261//5816 3274//5816 3025//5816
f 3268//5817 3031//5817 3260//5817
f 3072//5818 3203//5818 3194//5818
f 3055//5819 3050//5819 3019//5819
f 3250//5820 3239//5820 3275//5820
f 3060//5821 3031//5821 3268//5821
f 3269//5822 3049//5822 3050//5822
f 3224//5823 2401//5823 2404//5823
f 3276//5824 3233//5824 3263//5824
f 3056//5825 3080//5825 3045//5825
f 3099//5826 3044//5826 3043//5826
f 3275//5827 3268//5827 3250//5827
f 3087//5828 3277//5828 3055//5828
f 3087//5829 3055//5829 3054//5829
f 3044//5830 3098//5830 3273//5830
f 3276//5831 3249//5831 3233//5831
f 3069//5832 3085//5832 3032//5832
f 3235//5833 3121//5833 3224//5833
f 2952//5834 3121//5834 3235//5834
f 3096//5835 3278//5835 3034//5835
f 3101//5836 2394//5836 2396//5836
f 3276//5837 3248//5837 3249//5837
f 3266//5838 3268//5838 3275//5838
f 3235//5839 3224//5839 2404//5839
f 3279//5840 3262//5840 3270//5840
f 3280//5841 3275//5841 3239//5841
f 3280//5842 3239//5842 3281//5842
f 3281//5843 3239//5843 3247//5843
f 3088//5844 3109//5844 3068//5844
f 3281//5845 3247//5845 3282//5845
f 3088//5846 3110//5846 3109//5846
f 3089//5847 3099//5847 3043//5847
f 3098//5848 3090//5848 3273//5848
f 3098//5849 2747//5849 2738//5849
f 3093//5850 2814//5850 2710//5850
f 3093//5851 3066//5851 2814//5851
f 3090//5852 2814//5852 3066//5852
f 3090//5853 2738//5853 2814//5853
f 3283//5854 3248//5854 3276//5854
f 3093//5855 2710//5855 3097//5855
f 3257//5856 2394//5856 3101//5856
f 3093//5857 3097//5857 3047//5857
f 3090//5858 3098//5858 2738//5858
f 3081//5859 3100//5859 3091//5859
f 3077//5860 3124//5860 3089//5860
f 3273//5861 3038//5861 3039//5861
f 3109//5862 3069//5862 3068//5862
f 3273//5863 3039//5863 3042//5863
f 3034//5864 3037//5864 3029//5864
f 2519//5865 2747//5865 3044//5865
f 3109//5866 3131//5866 3069//5866
f 3205//5867 3198//5867 3262//5867
f 3205//5868 3262//5868 3279//5868
f 3284//5869 3105//5869 3107//5869
f 3284//5870 3107//5870 2408//5870
f 3285//5871 3087//5871 3062//5871
f 3285//5872 3062//5872 3085//5872
f 3279//5873 3270//5873 3264//5873
f 3120//5874 3087//5874 3285//5874
f 3103//5875 3100//5875 3080//5875
f 3265//5876 3248//5876 3283//5876
f 3285//5877 3085//5877 3069//5877
f 3116//5878 3110//5878 3286//5878
f 3034//5879 3278//5879 3037//5879
f 3284//5880 2408//5880 2889//5880
f 3131//5881 3285//5881 3069//5881
f 2758//5882 2520//5882 2519//5882
f 3117//5883 3116//5883 3287//5883
f 3127//5884 3288//5884 3289//5884
f 2758//5885 3089//5885 3124//5885
f 3116//5886 3111//5886 3110//5886
f 3280//5887 3266//5887 3275//5887
f 3090//5888 3033//5888 3038//5888
f 3112//5889 3126//5889 3113//5889
f 3129//5890 3109//5890 3215//5890
f 3129//5891 3131//5891 3109//5891
f 3118//5892 3285//5892 3131//5892
f 3118//5893 3120//5893 3285//5893
f 3126//5894 3112//5894 3290//5894
f 3126//5895 3290//5895 3127//5895
f 3289//5896 3119//5896 3291//5896
f 3273//5897 3090//5897 3038//5897
f 3124//5898 2757//5898 2758//5898
f 3055//5899 3277//5899 3050//5899
f 3292//5900 3272//5900 3265//5900
f 3111//5901 3215//5901 3109//5901
f 3267//5902 3266//5902 3286//5902
f 3115//5903 3111//5903 3116//5903
f 3261//5904 3037//5904 3274//5904
f 3113//5905 3126//5905 3139//5905
f 3114//5906 3257//5906 3101//5906
f 3113//5907 3123//5907 3104//5907
f 3293//5908 3264//5908 3272//5908
f 3294//5909 3252//5909 3232//5909
f 3294//5910 3253//5910 3252//5910
f 3295//5911 3056//5911 3269//5911
f 3128//5912 3127//5912 3289//5912
f 3287//5913 3266//5913 3280//5913
f 3130//5914 3119//5914 3118//5914
f 3256//5915 3253//5915 3294//5915
f 3113//5916 3139//5916 3133//5916
f 3115//5917 3117//5917 3136//5917
f 3126//5918 3142//5918 3139//5918
f 3291//5919 3128//5919 3289//5919
f 3115//5920 3135//5920 3111//5920
f 3295//5921 3080//5921 3056//5921
f 3138//5922 3215//5922 3111//5922
f 3111//5923 3135//5923 3137//5923
f 3128//5924 3142//5924 3126//5924
f 3088//5925 3059//5925 3267//5925
f 3287//5926 3286//5926 3266//5926
f 3256//5927 3294//5927 3243//5927
f 3145//5928 3119//5928 3132//5928
f 3145//5929 3291//5929 3119//5929
f 3243//5930 3294//5930 3232//5930
f 3088//5931 3286//5931 3110//5931
f 3088//5932 3267//5932 3286//5932
f 3296//5933 3297//5933 3298//5933
f 3295//5934 3269//5934 3050//5934
f 3282//5935 3106//5935 3108//5935
f 3134//5936 3136//5936 3297//5936
f 3142//5937 3128//5937 3146//5937
f 3295//5938 3103//5938 3080//5938
f 3296//5939 3298//5939 3299//5939
f 3146//5940 3291//5940 3145//5940
f 3277//5941 3120//5941 3288//5941
f 3293//5942 3279//5942 3264//5942
f 3300//5943 3280//5943 3281//5943
f 3141//5944 2603//5944 3139//5944
f 3300//5945 3281//5945 3282//5945
f 3087//5946 3120//5946 3277//5946
f 3290//5947 3050//5947 3277//5947
f 3290//5948 3295//5948 3050//5948
f 3146//5949 3145//5949 3151//5949
f 3295//5950 3112//5950 3103//5950
f 3231//5951 3263//5951 3257//5951
f 3231//5952 3257//5952 3114//5952
f 3144//5953 3151//5953 3145//5953
f 3296//5954 3299//5954 3301//5954
f 3152//5955 3135//5955 3134//5955
f 3290//5956 3112//5956 3295//5956
f 2901//5957 3302//5957 3303//5957
f 3292//5958 3265//5958 3283//5958
f 3157//5959 3147//5959 3137//5959
f 3304//5960 3278//5960 3096//5960
f 3157//5961 3137//5961 3135//5961
f 3305//5962 3280//5962 3300//5962
f 3153//5963 3134//5963 3297//5963
f 3306//5964 2638//5964 2619//5964
f 3306//5965 3141//5965 3146//5965
f 3306//5966 2619//5966 3141//5966
f 3300//5967 3282//5967 3108//5967
f 3153//5968 3297//5968 3307//5968
f 3288//5969 3290//5969 3277//5969
f 3097//5970 2710//5970 2812//5970
f 3286//5971 3287//5971 3116//5971
f 3308//5972 3147//5972 3157//5972
f 3106//5973 3247//5973 2406//5973
f 3097//5974 3304//5974 3096//5974
f 2990//5975 3283//5975 3276//5975
f 3306//5976 2649//5976 2638//5976
f 3231//5977 3276//5977 3263//5977
f 3309//5978 3279//5978 3293//5978
f 3159//5979 3150//5979 3160//5979
f 3151//5980 2664//5980 2649//5980
f 3305//5981 3287//5981 3280//5981
f 3151//5982 2649//5982 3306//5982
f 3164//5983 3153//5983 3307//5983
f 3159//5984 2664//5984 3151//5984
f 3163//5985 3154//5985 3153//5985
f 3292//5986 3293//5986 3272//5986
f 3158//5987 3152//5987 3154//5987
f 3310//5988 3308//5988 3158//5988
f 2833//5989 2832//5989 3162//5989
f 2833//5990 3147//5990 3308//5990
f 2833//5991 3308//5991 3310//5991
f 2846//5992 3154//5992 3163//5992
f 2845//5993 3158//5993 3154//5993
f 3101//5994 2396//5994 2399//5994
f 3288//5995 3127//5995 3290//5995
f 2845//5996 3154//5996 2846//5996
f 3309//5997 3205//5997 3279//5997
f 3097//5998 2812//5998 2643//5998
f 3097//5999 2643//5999 3304//5999
f 3108//5962 3305//5962 3300//5962
f 2819//6000 3293//6000 3292//6000
f 3310//6001 2831//6001 2833//6001
f 3311//6002 2676//6002 2671//6002
f 3311//6003 2671//6003 3160//6003
f 3312//6004 3311//6004 2832//6004
f 3312//6005 2676//6005 3311//6005
f 3305//6006 3108//6006 3298//6006
f 2863//6007 2862//6007 3164//6007
f 2990//6008 3276//6008 3231//6008
f 3124//6009 3077//6009 3091//6009
f 3117//6010 3287//6010 3305//6010
f 2863//6011 3165//6011 3168//6011
f 3119//6012 3288//6012 3120//6012
f 3312//6013 2686//6013 2676//6013
f 3289//6014 3288//6014 3119//6014
f 2686//6015 2832//6015 2831//6015
f 2686//6016 3312//6016 2832//6016
f 3225//6017 3204//6017 3205//6017
f 3122//6018 3091//6018 3100//6018
f 3122//6019 3124//6019 3091//6019
f 3108//6020 3105//6020 3303//6020
f 2985//6021 3208//6021 3204//6021
f 3108//6022 3303//6022 3299//6022
f 2862//6023 2858//6023 2846//6023
f 3136//6024 3117//6024 3305//6024
f 2859//6025 2843//6025 2846//6025
f 2835//6026 3292//6026 3283//6026
f 3104//6027 3122//6027 3100//6027
f 3136//6028 3305//6028 3298//6028
f 3136//6029 3298//6029 3297//6029
f 3113//6030 3104//6030 3103//6030
f 3282//6031 3247//6031 3106//6031
f 3309//6032 3293//6032 2819//6032
f 3167//6033 2861//6033 2863//6033
f 3284//6034 3303//6034 3105//6034
f 3298//6035 3108//6035 3299//6035
f 3130//6036 3118//6036 3131//6036
f 3107//6037 3106//6037 2406//6037
f 3225//6038 3205//6038 3309//6038
f 2849//6039 3170//6039 2942//6039
f 2849//6040 3169//6040 3170//6040
f 3167//6041 2887//6041 2861//6041
f 2985//6042 3204//6042 3225//6042
f 3303//6043 3284//6043 2889//6043
f 2858//6044 2862//6044 2861//6044
f 2858//6045 2861//6045 2888//6045
f 3168//6046 2829//6046 3171//6046
f 2836//6047 3283//6047 2990//6047
f 3313//6048 2942//6048 3170//6048
f 3313//6049 2828//6049 2942//6049
f 2692//6050 2831//6050 2854//6050
f 2692//6051 2686//6051 2831//6051
f 3146//6052 3128//6052 3291//6052
f 2859//6053 2858//6053 2877//6053
f 3313//6054 2829//6054 2828//6054
f 2901//6055 3303//6055 2889//6055
f 2891//6056 2843//6056 2919//6056
f 2891//6057 2854//6057 2843//6057
f 3170//6058 3172//6058 3313//6058
f 2919//6059 2843//6059 2877//6059
f 3314//6060 2887//6060 3168//6060
f 3314//6061 3168//6061 3171//6061
f 3314//6062 2898//6062 2887//6062
f 3313//6063 3171//6063 2829//6063
f 3313//6064 3172//6064 3171//6064
f 2786//6065 2891//6065 2919//6065
f 2835//6066 3283//6066 2836//6066
f 3296//6067 3307//6067 3297//6067
f 2414//6068 3051//6068 3169//6068
f 3147//6069 3143//6069 3137//6069
f 2414//6070 3052//6070 3051//6070
f 3306//6071 3146//6071 3151//6071
f 3170//6072 3051//6072 3315//6072
f 2940//6073 2902//6073 2898//6073
f 2940//6074 2936//6074 2902//6074
f 2940//6075 2898//6075 3314//6075
f 3173//6076 2940//6076 3314//6076
f 3173//6077 3314//6077 3171//6077
f 3174//6078 3172//6078 3170//6078
f 3037//6079 3278//6079 3274//6079
f 3173//6080 3172//6080 3175//6080
f 3173//6081 3175//6081 3176//6081
f 3174//6082 3170//6082 3315//6082
f 3301//6083 3164//6083 3307//6083
f 3301//6084 3307//6084 3296//6084
f 3302//6085 3299//6085 3303//6085
f 2818//6086 3309//6086 2819//6086
f 3302//6087 2901//6087 2830//6087
f 2958//6088 2940//6088 3173//6088
f 3107//6089 2406//6089 2408//6089
f 3174//6090 3315//6090 3067//6090
f 3302//6091 3301//6091 3299//6091
f 3175//6092 3179//6092 3177//6092
f 3053//6093 3315//6093 3051//6093
f 3301//6094 3165//6094 3164//6094
f 2990//6095 3231//6095 2991//6095
f 3308//6096 3157//6096 3158//6096
f 3316//6097 2958//6097 3176//6097
f 3053//6098 3067//6098 3315//6098
f 3067//6099 3179//6099 3175//6099
f 3165//6100 3301//6100 3302//6100
f 3179//6101 3067//6101 2806//6101
f 3177//6102 3316//6102 3176//6102
f 2830//6103 2901//6103 2908//6103
f 3316//6104 2801//6104 2701//6104
f 2820//6105 3292//6105 2835//6105
f 3316//6106 2701//6106 2958//6106
f 2807//6107 3316//6107 3177//6107
f 2807//6108 2801//6108 3316//6108
f 3165//6109 3302//6109 2830//6109
f 2807//6110 3177//6110 2805//6110
f 2806//6111 3067//6111 2439//6111
f 3311//6112 3160//6112 3162//6112
f 3311//6113 3162//6113 2832//6113
f 2862//6114 3163//6114 3153//6114
f 2862//6115 3153//6115 3164//6115
f 2869//6116 3225//6116 3309//6116
f 2806//6117 2805//6117 3177//6117
f 3165//6118 2830//6118 2829//6118
f 3310//6119 2844//6119 2831//6119
f 3165//6120 2829//6120 3168//6120
f 2989//6121 2991//6121 3014//6121
f 2820//6122 2819//6122 3292//6122
f 2830//6123 2908//6123 2828//6123
f 2850//6124 2410//6124 2412//6124
f 2869//6125 3309//6125 2818//6125
f 2836//6126 3008//6126 2834//6126
f 3304//6127 3317//6127 3278//6127
f 3074//6128 3005//6128 3007//6128
f 3014//6129 3074//6129 3057//6129
f 2844//6130 3158//6130 2845//6130
f 3074//6131 3007//6131 3073//6131
f 2844//6132 3310//6132 3158//6132
f 2882//6133 2823//6133 2822//6133
f 3318//6134 3319//6134 3320//6134
f 3321//6135 3322//6135 3323//6135
f 3189//6136 3237//6136 3324//6136
f 3325//6137 3326//6137 3327//6137
f 3328//6138 3329//6138 3330//6138
f 3331//6139 3332//6139 3333//6139
f 3334//6140 3335//6140 3336//6140
f 3337//6141 3338//6141 3339//6141
f 3336//6142 3335//6142 3340//6142
f 3341//6143 3333//6143 3342//6143
f 3320//6144 3343//6144 3344//6144
f 3345//6145 3321//6145 3346//6145
f 3347//6146 3348//6146 3349//6146
f 3350//6147 3351//6147 3352//6147
f 3353//6148 3354//6148 3355//6148
f 3356//6149 3357//6149 3358//6149
f 3359//6150 3357//6150 3356//6150
f 3360//6151 3361//6151 3337//6151
f 3362//6152 3363//6152 3364//6152
f 3237//6153 3365//6153 3332//6153
f 3332//6154 3366//6154 3333//6154
f 3367//6155 3368//6155 3369//6155
f 3370//6156 3361//6156 3371//6156
f 3372//6157 3373//6157 3374//6157
f 3375//6158 3376//6158 3377//6158
f 3333//6159 3378//6159 3342//6159
f 3342//6160 3378//6160 3370//6160
f 3379//6161 3380//6161 3381//6161
f 3337//6162 3382//6162 3338//6162
f 3381//6163 3380//6163 3383//6163
f 3361//6164 3384//6164 3337//6164
f 3383//6165 3385//6165 3386//6165
f 3364//6166 3363//6166 3387//6166
f 3388//6167 3389//6167 3390//6167
f 3366//6168 3378//6168 3333//6168
f 3391//6169 3392//6169 3393//6169
f 3394//6170 3393//6170 3395//6170
f 3319//6171 3343//6171 3320//6171
f 3370//6172 3396//6172 3361//6172
f 3397//6173 3373//6173 3398//6173
f 3237//6174 3245//6174 3365//6174
f 3399//6175 3400//6175 3379//6175
f 3365//6176 3366//6176 3332//6176
f 3401//6177 3400//6177 3399//6177
f 3377//6178 3402//6178 3403//6178
f 3384//6179 3382//6179 3337//6179
f 3404//6180 3405//6180 3375//6180
f 3330//6181 3406//6181 3407//6181
f 3352//6182 3408//6182 3401//6182
f 3390//6183 3409//6183 3359//6183
f 3322//6184 3410//6184 3411//6184
f 3361//6185 3396//6185 3384//6185
f 3412//6186 3351//6186 3350//6186
f 3384//6187 3413//6187 3382//6187
f 3327//6188 3414//6188 3415//6188
f 3349//6189 3416//6189 3347//6189
f 3343//6190 3417//6190 3344//6190
f 3358//6191 3416//6191 3349//6191
f 3319//6192 3418//6192 3419//6192
f 3411//6193 3418//6193 3319//6193
f 3402//6194 3420//6194 3421//6194
f 3366//6195 3422//6195 3378//6195
f 3378//6196 3423//6196 3370//6196
f 3370//6197 3423//6197 3396//6197
f 3203//6198 3207//6198 3424//6198
f 3365//6199 3422//6199 3366//6199
f 3373//6200 3425//6200 3374//6200
f 3321//6201 3410//6201 3322//6201
f 3374//6202 3426//6202 3388//6202
f 3395//6203 3427//6203 3412//6203
f 3384//6204 3396//6204 3413//6204
f 3428//6205 3429//6205 3430//6205
f 3365//6206 3253//6206 3422//6206
f 3423//6207 3431//6207 3396//6207
f 3335//6208 3397//6208 3340//6208
f 3329//6209 3432//6209 3330//6209
f 3245//6210 3253//6210 3365//6210
f 3433//6211 3348//6211 3392//6211
f 3434//6212 3406//6212 3429//6212
f 3326//6213 3414//6213 3327//6213
f 3396//6214 3435//6214 3413//6214
f 3378//6215 3436//6215 3423//6215
f 3422//6216 3436//6216 3378//6216
f 3387//6217 3405//6217 3404//6217
f 3396//6218 3431//6218 3435//6218
f 3402//6219 3437//6219 3420//6219
f 3438//6220 3439//6220 3326//6220
f 3253//6221 3436//6221 3422//6221
f 3330//6222 3440//6222 3406//6222
f 3345//6223 3441//6223 3321//6223
f 3253//6224 2963//6224 3436//6224
f 3351//6225 3408//6225 3352//6225
f 3423//6226 3442//6226 3431//6226
f 3367//6227 3430//6227 3368//6227
f 3388//6228 3426//6228 3389//6228
f 2390//6229 3443//6229 2389//6229
f 3436//6230 3442//6230 3423//6230
f 3436//6231 2962//6231 3442//6231
f 2963//6232 2962//6232 3436//6232
f 2409//6233 3444//6233 3445//6233
f 3446//6234 3447//6234 2407//6234
f 2411//6235 3448//6235 3444//6235
f 3444//6236 3448//6236 3449//6236
f 3203//6237 3071//6237 3207//6237
f 3450//6238 3446//6238 3451//6238
f 3326//6239 3439//6239 3414//6239
f 3452//6240 3453//6240 3454//6240
f 3323//6241 3453//6241 3452//6241
f 3455//6242 3456//6242 3457//6242
f 3323//6243 3458//6243 3453//6243
f 3420//6244 3459//6244 3460//6244
f 3460//6245 3459//6245 3329//6245
f 3357//6246 3416//6246 3358//6246
f 3455//6247 3344//6247 3456//6247
f 3411//6248 3410//6248 3418//6248
f 3456//6249 3364//6249 3457//6249
f 3383//6250 3380//6250 3461//6250
f 3458//6251 3411//6251 3462//6251
f 3379//6252 3400//6252 3380//6252
f 3362//6253 3456//6253 3344//6253
f 3328//6254 3460//6254 3329//6254
f 3411//6255 3319//6255 3462//6255
f 3363//6256 3362//6256 3463//6256
f 3412//6257 3427//6257 3351//6257
f 3353//6258 3464//6258 3465//6258
f 3392//6259 3466//6259 3393//6259
f 3467//6260 3387//6260 3363//6260
f 2386//6261 3468//6261 2432//6261
f 3353//6262 3465//6262 3354//6262
f 3393//6263 3469//6263 3395//6263
f 3395//6264 3469//6264 3427//6264
f 3470//6265 3471//6265 3465//6265
f 3465//6266 3471//6266 3354//6266
f 3472//6267 3441//6267 3473//6267
f 3474//6268 3467//6268 3463//6268
f 3405//6269 3475//6269 3375//6269
f 3463//6270 3467//6270 3363//6270
f 3212//6271 3476//6271 3468//6271
f 3468//6272 3476//6272 3465//6272
f 3477//6273 3471//6273 3478//6273
f 3401//6274 3479//6274 3400//6274
f 3419//6275 3343//6275 3319//6275
f 3465//6276 3476//6276 3470//6276
f 3207//6277 3439//6277 3438//6277
f 3480//6278 3481//6278 3482//6278
f 3483//6279 3484//6279 3473//6279
f 3473//6280 3484//6280 3485//6280
f 3354//6281 3471//6281 3345//6281
f 3486//6282 3487//6282 3488//6282
f 3489//6283 3482//6283 3490//6283
f 3491//6284 3443//6284 2390//6284
f 3359//6285 3409//6285 3357//6285
f 3468//6286 3464//6286 2432//6286
f 3478//6287 3492//6287 3493//6287
f 3417//6288 3494//6288 3344//6288
f 3344//6289 3494//6289 3362//6289
f 3414//6290 3495//6290 3415//6290
f 3415//6291 3495//6291 3334//6291
f 3496//6292 3432//6292 3329//6292
f 3400//6293 3497//6293 3380//6293
f 3377//6294 3376//6294 3402//6294
f 3468//6295 3465//6295 3464//6295
f 3335//6296 3498//6296 3397//6296
f 3369//6297 3499//6297 3491//6297
f 3351//6298 3500//6298 3408//6298
f 3348//6299 3501//6299 3392//6299
f 3347//6300 3502//6300 3348//6300
f 3321//6301 3441//6301 3410//6301
f 3400//6302 3503//6302 3497//6302
f 3389//6303 3504//6303 3390//6303
f 3387//6304 3467//6304 3405//6304
f 3390//6305 3504//6305 3409//6305
f 3357//6306 3505//6306 3416//6306
f 3408//6307 3479//6307 3401//6307
f 3410//6308 3506//6308 3418//6308
f 3397//6309 3507//6309 3373//6309
f 3471//6310 3477//6310 3345//6310
f 3427//6311 3500//6311 3351//6311
f 3477//6312 3483//6312 3345//6312
f 3439//6313 3508//6313 3414//6313
f 3425//6314 3426//6314 3374//6314
f 3392//6315 3509//6315 3466//6315
f 3334//6316 3495//6316 3335//6316
f 3380//6317 3497//6317 3461//6317
f 3348//6318 3502//6318 3501//6318
f 3441//6319 3472//6319 3410//6319
f 3429//6320 3510//6320 3430//6320
f 3491//6321 3511//6321 3443//6321
f 3500//6322 3512//6322 3408//6322
f 3392//6323 3501//6323 3509//6323
f 3375//6324 3475//6324 3376//6324
f 3376//6325 3513//6325 3402//6325
f 2389//6326 3443//6326 2385//6326
f 3510//6327 3368//6327 3430//6327
f 3479//6328 3503//6328 3400//6328
f 3345//6329 3483//6329 3441//6329
f 3419//6330 3514//6330 3343//6330
f 3393//6331 3466//6331 3469//6331
f 3330//6332 3432//6332 3440//6332
f 3467//6333 3481//6333 3405//6333
f 3406//6334 3515//6334 3429//6334
f 3207//6335 3084//6335 3439//6335
f 3362//6336 3494//6336 3463//6336
f 3402//6337 3513//6337 3437//6337
f 3408//6338 3516//6338 3479//6338
f 3512//6339 3516//6339 3408//6339
f 3343//6340 3517//6340 3417//6340
f 3405//6341 3481//6341 3475//6341
f 3418//6342 3518//6342 3419//6342
f 3368//6343 3499//6343 3369//6343
f 3418//6344 3506//6344 3518//6344
f 3416//6345 3519//6345 3347//6345
f 3347//6346 3519//6346 3502//6346
f 2386//6347 3183//6347 3468//6347
f 3414//6348 3508//6348 3495//6348
f 3410//6349 3472//6349 3506//6349
f 3469//6350 3500//6350 3427//6350
f 3498//6351 3507//6351 3397//6351
f 3373//6352 3520//6352 3425//6352
f 3507//6353 3520//6353 3373//6353
f 3504//6354 3521//6354 3409//6354
f 3329//6355 3522//6355 3496//6355
f 3459//6356 3522//6356 3329//6356
f 3499//6357 3511//6357 3491//6357
f 3505//6358 3523//6358 3416//6358
f 3495//6359 3524//6359 3335//6359
f 3335//6360 3524//6360 3498//6360
f 3368//6361 3525//6361 3499//6361
f 3479//6362 3526//6362 3503//6362
f 3469//6363 3527//6363 3500//6363
f 3509//6364 3528//6364 3466//6364
f 3503//6365 3529//6365 3497//6365
f 3470//6366 3492//6366 3471//6366
f 3084//6367 3083//6367 3439//6367
f 3409//6368 3530//6368 3357//6368
f 3357//6369 3530//6369 3505//6369
f 3472//6370 3531//6370 3506//6370
f 3508//6371 3532//6371 3495//6371
f 3501//6372 3533//6372 3509//6372
f 3513//6373 3534//6373 3437//6373
f 3440//6374 3515//6374 3406//6374
f 3437//6375 3534//6375 3420//6375
f 3420//6376 3534//6376 3459//6376
f 3481//6377 3480//6377 3475//6377
f 3419//6378 3518//6378 3514//6378
f 3514//6379 3517//6379 3343//6379
f 3535//6380 3389//6380 3426//6380
f 3500//6381 3516//6381 3512//6381
f 3466//6382 3528//6382 3469//6382
f 3439//6383 3083//6383 3508//6383
f 3417//6384 3487//6384 3494//6384
f 3517//6385 3487//6385 3417//6385
f 3475//6386 3480//6386 3376//6386
f 3516//6387 3526//6387 3479//6387
f 3500//6388 3536//6388 3516//6388
f 3494//6389 3537//6389 3463//6389
f 3511//6390 3538//6390 3443//6390
f 3443//6391 3539//6391 2385//6391
f 3483//6392 3473//6392 3441//6392
f 3429//6393 3515//6393 3510//6393
f 3521//6394 3530//6394 3409//6394
f 3416//6395 3523//6395 3519//6395
f 3183//6396 3212//6396 3468//6396
f 3520//6397 3540//6397 3425//6397
f 3519//6398 3541//6398 3502//6398
f 3506//6399 3531//6399 3518//6399
f 3498//6400 3542//6400 3507//6400
f 3524//6401 3542//6401 3498//6401
f 3496//6402 3543//6402 3432//6402
f 3492//6403 3478//6403 3471//6403
f 3536//6404 3526//6404 3516//6404
f 3526//6405 3544//6405 3503//6405
f 3503//6406 3544//6406 3529//6406
f 3495//6407 3545//6407 3524//6407
f 3532//6408 3545//6408 3495//6408
f 3477//6409 3484//6409 3483//6409
f 3478//6410 3484//6410 3477//6410
f 3504//6411 3546//6411 3521//6411
f 3083//6412 3547//6412 3508//6412
f 3527//6413 3536//6413 3500//6413
f 3502//6414 3533//6414 3501//6414
f 3505//6415 3530//6415 3523//6415
f 3499//6416 3548//6416 3511//6416
f 3533//6417 3549//6417 3509//6417
f 3509//6418 3549//6418 3528//6418
f 3513//6419 3550//6419 3534//6419
f 3376//6420 3551//6420 3513//6420
f 3480//6421 3551//6421 3376//6421
f 3469//6422 3552//6422 3527//6422
f 3528//6423 3552//6423 3469//6423
f 3494//6424 3487//6424 3537//6424
f 3473//6425 3553//6425 3472//6425
f 3527//6426 3554//6426 3536//6426
f 3518//6427 3555//6427 3514//6427
f 3510//6428 3525//6428 3368//6428
f 3531//6429 3556//6429 3518//6429
f 3515//6430 3557//6430 3510//6430
f 3508//6431 3547//6431 3532//6431
f 3537//6432 3558//6432 3463//6432
f 3525//6433 3548//6433 3499//6433
f 3472//6434 3553//6434 3531//6434
f 3536//6435 3559//6435 3526//6435
f 3519//6436 3560//6436 3541//6436
f 3523//6437 3560//6437 3519//6437
f 2416//6438 3561//6438 2374//6438
f 2374//6439 3562//6439 2413//6439
f 3520//6440 3563//6440 3540//6440
f 2374//6441 3561//6441 3562//6441
f 3425//6442 3540//6442 3426//6442
f 3467//6443 3474//6443 3481//6443
f 3507//6444 3542//6444 3520//6444
f 3514//6445 3555//6445 3517//6445
f 3543//6446 3564//6446 3432//6446
f 3440//6447 3564//6447 3515//6447
f 3432//6448 3564//6448 3440//6448
f 3459//6449 3565//6449 3522//6449
f 3534//6450 3565//6450 3459//6450
f 3502//6451 3541//6451 3533//6451
f 3511//6452 3566//6452 3538//6452
f 3528//6453 3567//6453 3552//6453
f 3083//6454 3094//6454 3547//6454
f 2417//6455 3568//6455 2416//6455
f 3517//6456 3488//6456 3487//6456
f 3212//6457 3218//6457 3476//6457
f 2409//6458 3445//6458 2407//6458
f 3545//6459 3569//6459 3524//6459
f 3524//6460 3569//6460 3542//6460
f 2411//6461 3444//6461 2409//6461
f 3530//6462 3570//6462 3523//6462
f 2385//6463 3539//6463 2384//6463
f 3571//6464 3561//6464 2416//6464
f 3549//6465 3572//6465 3528//6465
f 3526//6466 3559//6466 3544//6466
f 2416//6467 3568//6467 3571//6467
f 3554//6468 3573//6468 3536//6468
f 3553//6469 3574//6469 3531//6469
f 3443//6470 3538//6470 3539//6470
f 3481//6471 3474//6471 3482//6471
f 3510//6472 3575//6472 3525//6472
f 3470//6473 3576//6473 3492//6473
f 2407//6474 3447//6474 2405//6474
f 3532//6475 3577//6475 3545//6475
f 3547//6476 3577//6476 3532//6476
f 3521//6477 3578//6477 3530//6477
f 3518//6478 3556//6478 3555//6478
f 3480//6479 3579//6479 3551//6479
f 3558//6480 3474//6480 3463//6480
f 3562//6481 3448//6481 2413//6481
f 3476//6482 3218//6482 3470//6482
f 2419//6483 3568//6483 2417//6483
f 3555//6484 3580//6484 3517//6484
f 3559//6485 3581//6485 3544//6485
f 3496//6486 3582//6486 3543//6486
f 3522//6487 3582//6487 3496//6487
f 3445//6488 3446//6488 2407//6488
f 2413//6489 3448//6489 2411//6489
f 3389//6490 3583//6490 3504//6490
f 3535//6491 3583//6491 3389//6491
f 3540//6492 3535//6492 3426//6492
f 3527//6493 3584//6493 3554//6493
f 3552//6494 3584//6494 3527//6494
f 3561//6495 3585//6495 3562//6495
f 3546//6496 3586//6496 3521//6496
f 3536//6497 3573//6497 3559//6497
f 3487//6498 3558//6498 3537//6498
f 3511//6499 3587//6499 3566//6499
f 3548//6500 3587//6500 3511//6500
f 3482//6501 3489//6501 3480//6501
f 3571//6502 3588//6502 3561//6502
f 2419//6503 3589//6503 3568//6503
f 3218//6504 3576//6504 3470//6504
f 3513//6505 3551//6505 3550//6505
f 3533//6506 3590//6506 3549//6506
f 3541//6507 3590//6507 3533//6507
f 3444//6508 3451//6508 3445//6508
f 3520//6509 3591//6509 3563//6509
f 3542//6510 3591//6510 3520//6510
f 3473//6511 3485//6511 3553//6511
f 3523//6512 3570//6512 3560//6512
f 3451//6513 3446//6513 3445//6513
f 3517//6514 3580//6514 3488//6514
f 3531//6515 3574//6515 3556//6515
f 3539//6516 3592//6516 2384//6516
f 3572//6517 3567//6517 3528//6517
f 3568//6518 3588//6518 3571//6518
f 2384//6519 3592//6519 2383//6519
f 3586//6520 3578//6520 3521//6520
f 3573//6521 3593//6521 3559//6521
f 3594//6522 3585//6522 3561//6522
f 3525//6523 3595//6523 3548//6523
f 3562//6524 3596//6524 3448//6524
f 3585//6525 3596//6525 3562//6525
f 3560//6526 3597//6526 3541//6526
f 2422//6527 3598//6527 2420//6527
f 2420//6528 3599//6528 2419//6528
f 3557//6529 3575//6529 3510//6529
f 3094//6530 3577//6530 3547//6530
f 3567//6531 3584//6531 3552//6531
f 3576//6532 3493//6532 3492//6532
f 3589//6533 3600//6533 3568//6533
f 3530//6534 3578//6534 3570//6534
f 3489//6535 3579//6535 3480//6535
f 3577//6536 3601//6536 3545//6536
f 3559//6537 3593//6537 3581//6537
f 3570//6538 3602//6538 3560//6538
f 3474//6539 3603//6539 3482//6539
f 3540//6540 3604//6540 3535//6540
f 3588//6541 3594//6541 3561//6541
f 3563//6542 3604//6542 3540//6542
f 2405//6543 3605//6543 2403//6543
f 3554//6544 3606//6544 3573//6544
f 3584//6545 3606//6545 3554//6545
f 3601//6546 3569//6546 3545//6546
f 3583//6547 3607//6547 3504//6547
f 3504//6548 3607//6548 3546//6548
f 3478//6549 3608//6549 3484//6549
f 3600//6550 3588//6550 3568//6550
f 3493//6551 3608//6551 3478//6551
f 3446//6552 3609//6552 3447//6552
f 3538//6553 3610//6553 3539//6553
f 3447//6554 3605//6554 2405//6554
f 3573//6555 3611//6555 3593//6555
f 3566//6556 3612//6556 3538//6556
f 3596//6557 3449//6557 3448//6557
f 3558//6558 3603//6558 3474//6558
f 3549//6559 3590//6559 3572//6559
f 2403//6560 3613//6560 2402//6560
f 3558//6561 3614//6561 3603//6561
f 3610//6562 3615//6562 3539//6562
f 3539//6563 3615//6563 3592//6563
f 3572//6564 3616//6564 3567//6564
f 3094//6565 2996//6565 3577//6565
f 3542//6566 3617//6566 3591//6566
f 3569//6567 3617//6567 3542//6567
f 3593//6568 3611//6568 3618//6568
f 3619//6569 3592//6569 3615//6569
f 3575//6570 3595//6570 3525//6570
f 3444//6571 3620//6571 3451//6571
f 3449//6572 3620//6572 3444//6572
f 3541//6573 3597//6573 3590//6573
f 3564//6574 3621//6574 3515//6574
f 3515//6575 3621//6575 3557//6575
f 3605//6576 3622//6576 2403//6576
f 3557//6577 3623//6577 3575//6577
f 3606//6578 3611//6578 3573//6578
f 3570//6579 3624//6579 3602//6579
f 3578//6580 3624//6580 3570//6580
f 3565//6581 3582//6581 3522//6581
f 2423//6582 3625//6582 2422//6582
f 3601//6583 3626//6583 3569//6583
f 2419//6584 3627//6584 3589//6584
f 3599//6585 3627//6585 2419//6585
f 3450//6586 3609//6586 3446//6586
f 3487//6587 3628//6587 3558//6587
f 3486//6588 3628//6588 3487//6588
f 3609//6589 3629//6589 3447//6589
f 3594//6590 3630//6590 3585//6590
f 3595//6591 3587//6591 3548//6591
f 3560//6592 3602//6592 3597//6592
f 3567//6593 3631//6593 3584//6593
f 3543//6594 3632//6594 3564//6594
f 3598//6595 3599//6595 2420//6595
f 3447//6596 3633//6596 3605//6596
f 3553//6597 3634//6597 3574//6597
f 2996//6598 2995//6598 3577//6598
f 3618//6599 3611//6599 3635//6599
f 3538//6600 3612//6600 3610//6600
f 3569//6601 3626//6601 3617//6601
f 3607//6602 3586//6602 3546//6602
f 3600//6603 3636//6603 3588//6603
f 3534//6604 3637//6604 3565//6604
f 3550//6605 3637//6605 3534//6605
f 3551//6606 3638//6606 3550//6606
f 3606//6607 3639//6607 3611//6607
f 3586//6608 3640//6608 3578//6608
f 3622//6609 3613//6609 2403//6609
f 2422//6610 3625//6610 3598//6610
f 3591//6611 3641//6611 3563//6611
f 3563//6612 3641//6612 3604//6612
f 3584//6613 3631//6613 3606//6613
f 3555//6614 3642//6614 3580//6614
f 3596//6615 3643//6615 3449//6615
f 3590//6616 3616//6616 3572//6616
f 3567//6617 3616//6617 3631//6617
f 3588//6618 3644//6618 3594//6618
f 3608//6619 3645//6619 3484//6619
f 3484//6620 3645//6620 3485//6620
f 3617//6621 3646//6621 3591//6621
f 3535//6622 3604//6622 3583//6622
f 3587//6623 3647//6623 3566//6623
f 3585//6624 3630//6624 3596//6624
f 3605//6625 3648//6625 3622//6625
f 3640//6626 3624//6626 3578//6626
f 3595//6627 3649//6627 3587//6627
f 2995//6628 3601//6628 3577//6628
f 3636//6629 3644//6629 3588//6629
f 3229//6630 3576//6630 3218//6630
f 3627//6631 3636//6631 3589//6631
f 3589//6632 3636//6632 3600//6632
f 3575//6633 3650//6633 3595//6633
f 3597//6634 3651//6634 3590//6634
f 3607//6635 3652//6635 3586//6635
f 2402//6636 3653//6636 2400//6636
f 3580//6637 3654//6637 3488//6637
f 3488//6638 3654//6638 3486//6638
f 3629//6639 3633//6639 3447//6639
f 3591//6640 3646//6640 3641//6640
f 3556//6641 3642//6641 3555//6641
f 3616//6642 3655//6642 3631//6642
f 3603//6643 3656//6643 3482//6643
f 3489//6644 3657//6644 3579//6644
f 3611//6645 3639//6645 3635//6645
f 3626//6646 3658//6646 3617//6646
f 3602//6647 3659//6647 3597//6647
f 3631//6648 3639//6648 3606//6648
f 3643//6649 3660//6649 3449//6649
f 3642//6650 3661//6650 3580//6650
f 3601//6651 3181//6651 3626//6651
f 3574//6652 3634//6652 3556//6652
f 3651//6653 3616//6653 3590//6653
f 3622//6654 3648//6654 3613//6654
f 2995//6655 3181//6655 3601//6655
f 3229//6656 3228//6656 3576//6656
f 3576//6657 3228//6657 3493//6657
f 3614//6658 3662//6658 3603//6658
f 3617//6659 3663//6659 3646//6659
f 3613//6660 3653//6660 2402//6660
f 3625//6661 3664//6661 3598//6661
f 3565//6662 3665//6662 3582//6662
f 3624//6663 3666//6663 3602//6663
f 3450//6664 3667//6664 3609//6664
f 3609//6665 3667//6665 3629//6665
f 3566//6666 3647//6666 3612//6666
f 2423//6667 3668//6667 3625//6667
f 3664//6668 3669//6668 3598//6668
f 3598//6669 3669//6669 3599//6669
f 3583//6670 3670//6670 3607//6670
f 3604//6671 3670//6671 3583//6671
f 3620//6672 3671//6672 3451//6672
f 3451//6673 3671//6673 3450//6673
f 3579//6674 3672//6674 3551//6674
f 3551//6675 3672//6675 3638//6675
f 2424//6676 3668//6676 2423//6676
f 3633//6677 3648//6677 3605//6677
f 3612//6678 3673//6678 3610//6678
f 3651//6679 3674//6679 3616//6679
f 3636//6680 3675//6680 3644//6680
f 3564//6681 3676//6681 3621//6681
f 3557//6682 3621//6682 3623//6682
f 3662//6683 3656//6683 3603//6683
f 3564//6684 3632//6684 3676//6684
f 3630//6685 3677//6685 3596//6685
f 3596//6686 3677//6686 3643//6686
f 3449//6687 3660//6687 3620//6687
f 3623//6688 3650//6688 3575//6688
f 3649//6689 3647//6689 3587//6689
f 3635//6690 3639//6690 3678//6690
f 3489//6691 3490//6691 3657//6691
f 3613//6692 3679//6692 3653//6692
f 3610//6693 3673//6693 3615//6693
f 3658//6694 3680//6694 3617//6694
f 3617//6695 3680//6695 3663//6695
f 3543//6696 3681//6696 3632//6696
f 3582//6697 3681//6697 3543//6697
f 3181//6698 3658//6698 3626//6698
f 3668//6699 3682//6699 3625//6699
f 3228//6700 3608//6700 3493//6700
f 3659//6701 3651//6701 3597//6701
f 3645//6702 3683//6702 3485//6702
f 3485//6703 3683//6703 3553//6703
f 3558//6704 3628//6704 3614//6704
f 3648//6705 3679//6705 3613//6705
f 2400//6706 3684//6706 2398//6706
f 3550//6707 3638//6707 3637//6707
f 3644//6708 3685//6708 3594//6708
f 3594//6709 3685//6709 3630//6709
f 3637//6710 3665//6710 3565//6710
f 3666//6711 3659//6711 3602//6711
f 3631//6712 3655//6712 3639//6712
f 3640//6713 3686//6713 3624//6713
f 3627//6714 3687//6714 3636//6714
f 3633//6715 3688//6715 3648//6715
f 2425//6716 3689//6716 2424//6716
f 3654//6717 3690//6717 3486//6717
f 3486//6718 3690//6718 3628//6718
f 3616//6719 3674//6719 3655//6719
f 3682//6720 3454//6720 3625//6720
f 3655//6721 3678//6721 3639//6721
f 3181//6722 3192//6722 3658//6722
f 3653//6723 3684//6723 2400//6723
f 3641//6724 3670//6724 3604//6724
f 3228//6725 3188//6725 3608//6725
f 3677//6726 3660//6726 3643//6726
f 3482//6727 3691//6727 3490//6727
f 3656//6728 3691//6728 3482//6728
f 3632//6729 3692//6729 3676//6729
f 3652//6730 3640//6730 3586//6730
f 3595//6731 3693//6731 3649//6731
f 3650//6732 3693//6732 3595//6732
f 3646//6733 3694//6733 3641//6733
f 3612//6734 3695//6734 3673//6734
f 3658//6735 3696//6735 3680//6735
f 3556//6736 3697//6736 3642//6736
f 3675//6737 3698//6737 3644//6737
f 3651//6738 3699//6738 3674//6738
f 3630//6739 3685//6739 3677//6739
f 3620//6740 3700//6740 3671//6740
f 3660//6741 3700//6741 3620//6741
f 3669//6742 3701//6742 3599//6742
f 3599//6743 3701//6743 3627//6743
f 3674//6744 3702//6744 3655//6744
f 3625//6745 3454//6745 3664//6745
f 3607//6746 3703//6746 3652//6746
f 3670//6747 3703//6747 3607//6747
f 3648//6748 3704//6748 3679//6748
f 3683//6749 3634//6749 3553//6749
f 3450//6750 3705//6750 3667//6750
f 3671//6751 3705//6751 3450//6751
f 3677//6752 3706//6752 3660//6752
f 3659//6753 3707//6753 3651//6753
f 3636//6754 3687//6754 3675//6754
f 3647//6755 3695//6755 3612//6755
f 3661//6756 3654//6756 3580//6756
f 3655//6757 3708//6757 3678//6757
f 3638//6758 3709//6758 3637//6758
f 3192//6759 3696//6759 3658//6759
f 3663//6760 3694//6760 3646//6760
f 3666//6761 3710//6761 3659//6761
f 3649//6762 3711//6762 3647//6762
f 3689//6763 3668//6763 2424//6763
f 3662//6764 3712//6764 3656//6764
f 3667//6765 3713//6765 3629//6765
f 3629//6766 3713//6766 3633//6766
f 3707//6767 3699//6767 3651//6767
f 3642//6768 3336//6768 3661//6768
f 3714//6769 3336//6769 3642//6769
f 3641//6770 3694//6770 3670//6770
f 3668//6771 3715//6771 3682//6771
f 3686//6772 3716//6772 3624//6772
f 3624//6773 3716//6773 3666//6773
f 3490//6774 3717//6774 3657//6774
f 3623//6775 3718//6775 3650//6775
f 3621//6776 3718//6776 3623//6776
f 3708//6777 3719//6777 3678//6777
f 3614//6778 3720//6778 3662//6778
f 3702//6779 3708//6779 3655//6779
f 3653//6780 3721//6780 3684//6780
f 3628//6781 3720//6781 3614//6781
f 3679//6782 3722//6782 3653//6782
f 3657//6783 3723//6783 3579//6783
f 3579//6784 3723//6784 3672//6784
f 3192//6785 3086//6785 3696//6785
f 3710//6786 3707//6786 3659//6786
f 3454//6787 3453//6787 3664//6787
f 3664//6788 3453//6788 3669//6788
f 3608//6789 3724//6789 3645//6789
f 3701//6790 3725//6790 3627//6790
f 3627//6791 3725//6791 3687//6791
f 3696//6792 3726//6792 3680//6792
f 3687//6793 3727//6793 3675//6793
f 3688//6794 3704//6794 3648//6794
f 3663//6795 3728//6795 3694//6795
f 3680//6796 3728//6796 3663//6796
f 3652//6797 3729//6797 3640//6797
f 3644//6798 3455//6798 3685//6798
f 3698//6799 3455//6799 3644//6799
f 3697//6800 3714//6800 3642//6800
f 3706//6801 3730//6801 3660//6801
f 3670//6802 3731//6802 3703//6802
f 3699//6803 3702//6803 3674//6803
f 3685//6804 3706//6804 3677//6804
f 3694//6805 3732//6805 3670//6805
f 3582//6806 3665//6806 3681//6806
f 3700//6807 3705//6807 3671//6807
f 3722//6808 3721//6808 3653//6808
f 3705//6809 3733//6809 3667//6809
f 3695//6810 3734//6810 3673//6810
f 3725//6811 3727//6811 3687//6811
f 3693//6812 3711//6812 3649//6812
f 3681//6813 3735//6813 3632//6813
f 3632//6814 3735//6814 3692//6814
f 3716//6815 3710//6815 3666//6815
f 3628//6816 3690//6816 3720//6816
f 2398//6817 3736//6817 2395//6817
f 3696//6818 3737//6818 3726//6818
f 3732//6819 3731//6819 3670//6819
f 3086//6820 3737//6820 3696//6820
f 3683//6821 3738//6821 3634//6821
f 3672//6822 3739//6822 3638//6822
f 3638//6823 3739//6823 3709//6823
f 3634//6824 3325//6824 3556//6824
f 2425//6825 3740//6825 3689//6825
f 3669//6826 3453//6826 3701//6826
f 3730//6827 3700//6827 3660//6827
f 3680//6828 3726//6828 3728//6828
f 3640//6829 3741//6829 3686//6829
f 3729//6830 3741//6830 3640//6830
f 3700//6831 3742//6831 3705//6831
f 2427//6832 3740//6832 2425//6832
f 3637//6833 3743//6833 3665//6833
f 3650//6834 3744//6834 3693//6834
f 3685//6835 3457//6835 3706//6835
f 3675//6836 3727//6836 3698//6836
f 3654//6837 3745//6837 3690//6837
f 3704//6838 3746//6838 3679//6838
f 3703//6839 3729//6839 3652//6839
f 3720//6840 3747//6840 3662//6840
f 3728//6841 3732//6841 3694//6841
f 3708//6842 3748//6842 3719//6842
f 3682//6843 3452//6843 3454//6843
f 3702//6844 3749//6844 3708//6844
f 3715//6845 3452//6845 3682//6845
f 3707//6846 3750//6846 3699//6846
f 3647//6847 3751//6847 3695//6847
f 3656//6848 3752//6848 3691//6848
f 3712//6849 3752//6849 3656//6849
f 3188//6850 3724//6850 3608//6850
f 3699//6851 3753//6851 3702//6851
f 3556//6852 3325//6852 3697//6852
f 3633//6853 3754//6853 3688//6853
f 3713//6854 3754//6854 3633//6854
f 3691//6855 3717//6855 3490//6855
f 3728//6856 3755//6856 3732//6856
f 3710//6857 3756//6857 3707//6857
f 3645//6858 3757//6858 3683//6858
f 3724//6859 3757//6859 3645//6859
f 3667//6860 3733//6860 3713//6860
f 3453//6861 3458//6861 3701//6861
f 3693//6862 3758//6862 3711//6862
f 3657//6863 3717//6863 3723//6863
f 3676//6864 3718//6864 3621//6864
f 3718//6865 3744//6865 3650//6865
f 3756//6866 3750//6866 3707//6866
f 3689//6867 3715//6867 3668//6867
f 3727//6868 3759//6868 3698//6868
f 3698//6869 3759//6869 3455//6869
f 3661//6870 3340//6870 3654//6870
f 3336//6142 3340//6142 3661//6142
f 3750//6871 3753//6871 3699//6871
f 3732//6872 3760//6872 3731//6872
f 3708//6873 3749//6873 3748//6873
f 3702//6874 3753//6874 3749//6874
f 3662//6875 3747//6875 3712//6875
f 3691//6876 3752//6876 3356//6876
f 3701//6877 3458//6877 3725//6877
f 3744//6878 3758//6878 3693//6878
f 3716//6879 3756//6879 3710//6879
f 3665//6880 3761//6880 3681//6880
f 3686//6881 3762//6881 3716//6881
f 3741//6882 3762//6882 3686//6882
f 3703//6883 3763//6883 3729//6883
f 3731//6884 3763//6884 3703//6884
f 3745//6885 3398//6885 3690//6885
f 3679//6886 3746//6886 3722//6886
f 3691//6887 3356//6887 3717//6887
f 3728//6888 3764//6888 3755//6888
f 3726//6889 3764//6889 3728//6889
f 3730//6890 3765//6890 3700//6890
f 3711//6891 3751//6891 3647//6891
f 3688//6892 3328//6892 3704//6892
f 3086//6893 2871//6893 3737//6893
f 3684//6894 3736//6894 2398//6894
f 3695//6895 3751//6895 3734//6895
f 3737//6896 3766//6896 3726//6896
f 3455//6897 3457//6897 3685//6897
f 3690//6898 3372//6898 3720//6898
f 3706//6899 3457//6899 3730//6899
f 3750//6900 3767//6900 3753//6900
f 3688//6901 3754//6901 3328//6901
f 3738//6902 3768//6902 3634//6902
f 3634//6903 3768//6903 3325//6903
f 3761//6904 3735//6904 3681//6904
f 3766//6905 3764//6905 3726//6905
f 3735//6906 3769//6906 3692//6906
f 3757//6907 3738//6907 3683//6907
f 3742//6908 3733//6908 3705//6908
f 3753//6909 3770//6909 3749//6909
f 3676//6910 3771//6910 3718//6910
f 3692//6911 3771//6911 3676//6911
f 3188//6912 3187//6912 3724//6912
f 3760//6913 3763//6913 3731//6913
f 3725//6914 3318//6914 3727//6914
f 3755//6915 3760//6915 3732//6915
f 3458//6916 3462//6916 3725//6916
f 3689//6917 3772//6917 3715//6917
f 3729//6918 3763//6918 3741//6918
f 3751//6919 3773//6919 3734//6919
f 3720//6920 3372//6920 3747//6920
f 3736//6921 3369//6921 2395//6921
f 3752//6922 3359//6922 3356//6922
f 3749//6923 3770//6923 3748//6923
f 3684//6924 3428//6924 3736//6924
f 3767//6925 3774//6925 3753//6925
f 3672//6926 3723//6926 3739//6926
f 2871//6927 3766//6927 3737//6927
f 3755//6928 3775//6928 3760//6928
f 3690//6929 3398//6929 3372//6929
f 3697//6930 3327//6930 3714//6930
f 3369//6931 2393//6931 2395//6931
f 3187//6932 3194//6932 3724//6932
f 3457//6933 3765//6933 3730//6933
f 3763//6934 3776//6934 3741//6934
f 3742//6935 3377//6935 3733//6935
f 3756//6936 3777//6936 3750//6936
f 3711//6937 3381//6937 3751//6937
f 3704//6938 3328//6938 3746//6938
f 3765//6939 3404//6939 3700//6939
f 3637//6940 3391//6940 3743//6940
f 3709//6941 3391//6941 3637//6941
f 3722//6942 3434//6942 3721//6942
f 3736//6943 3367//6943 3369//6943
f 3340//6944 3745//6944 3654//6944
f 3744//6945 3399//6945 3758//6945
f 3733//6946 3421//6946 3713//6946
f 3713//6947 3421//6947 3754//6947
f 3372//6948 3374//6948 3747//6948
f 3724//6949 3194//6949 3757//6949
f 3746//6950 3407//6950 3722//6950
f 3717//6951 3349//6951 3723//6951
f 3774//6952 3770//6952 3753//6952
f 3740//6953 3355//6953 3689//6953
f 3716//6954 3778//6954 3756//6954
f 3156//6955 3766//6955 2871//6955
f 3771//6956 3744//6956 3718//6956
f 3766//6957 3779//6957 3764//6957
f 3712//6958 3388//6958 3752//6958
f 3727//6959 3318//6959 3759//6959
f 3747//6960 3388//6960 3712//6960
f 3764//6961 3780//6961 3755//6961
f 3755//6962 3780//6962 3775//6962
f 3734//6963 3773//6963 3781//6963
f 3750//6964 3777//6964 3767//6964
f 3665//6965 3743//6965 3761//6965
f 3741//6966 3782//6966 3762//6966
f 3776//6967 3782//6967 3741//6967
f 3725//6968 3462//6968 3318//6968
f 3763//6969 3760//6969 3776//6969
f 3715//6970 3346//6970 3452//6970
f 3457//6971 3364//6971 3765//6971
f 3759//6972 3344//6972 3455//6972
f 3772//6973 3346//6973 3715//6973
f 3355//6974 3772//6974 3689//6974
f 3721//6975 3428//6975 3684//6975
f 3777//6976 3783//6976 3767//6976
f 3758//6977 3381//6977 3711//6977
f 3766//6978 3156//6978 3779//6978
f 3762//6979 3778//6979 3716//6979
f 3764//6980 3779//6980 3780//6980
f 3327//6981 3415//6981 3714//6981
f 3377//6982 3403//6982 3733//6982
f 3778//6983 3784//6983 3756//6983
f 3756//6984 3784//6984 3777//6984
f 3760//6985 3785//6985 3776//6985
f 3692//6986 3350//6986 3771//6986
f 2380//6987 3464//6987 2427//6987
f 3775//6988 3785//6988 3760//6988
f 3769//6989 3350//6989 3692//6989
f 3404//6990 3742//6990 3700//6990
f 3754//6991 3460//6991 3328//6991
f 3774//6992 3786//6992 3770//6992
f 3757//6993 3194//6993 3738//6993
f 3318//6994 3320//6994 3759//6994
f 3771//6995 3352//6995 3744//6995
f 3346//6996 3323//6996 3452//6996
f 3739//6997 3433//6997 3709//6997
f 3709//6998 3433//6998 3391//6998
f 3767//6999 3783//6999 3774//6999
f 3323//7000 3322//7000 3458//7000
f 3738//7001 3438//7001 3768//7001
f 3743//7002 3394//7002 3761//7002
f 3462//7003 3319//7003 3318//7003
f 3381//7004 3386//7004 3751//7004
f 3751//7005 3386//7005 3773//7005
f 3783//7006 3787//7006 3774//7006
f 3735//7007 3395//7007 3769//7007
f 3761//7008 3395//7008 3735//7008
f 3723//7009 3349//7009 3739//7009
f 3714//7010 3415//7010 3336//7010
f 3403//7011 3421//7011 3733//7011
f 3779//7012 3324//7012 3780//7012
f 3770//7013 3786//7013 3788//7013
f 2427//7014 3464//7014 3740//7014
f 3776//7015 3785//7015 3782//7015
f 3434//7016 3428//7016 3721//7016
f 3356//7017 3358//7017 3717//7017
f 3717//7018 3358//7018 3349//7018
f 3780//7019 3331//7019 3775//7019
f 3775//7020 3331//7020 3785//7020
f 3194//7021 3203//7021 3738//7021
f 3774//7022 3787//7022 3786//7022
f 3355//7023 3354//7023 3772//7023
f 3325//7024 3327//7024 3697//7024
f 3784//7025 3783//7025 3777//7025
f 3428//7026 3367//7026 3736//7026
f 3324//7027 3331//7027 3780//7027
f 3388//7028 3390//7028 3752//7028
f 3424//7029 3438//7029 3738//7029
f 3364//7030 3404//7030 3765//7030
f 3352//7031 3399//7031 3744//7031
f 3782//7032 3778//7032 3762//7032
f 3322//7033 3411//7033 3458//7033
f 3375//7034 3377//7034 3742//7034
f 2393//7035 3491//7035 2390//7035
f 3779//7036 3189//7036 3324//7036
f 3156//7037 3189//7037 3779//7037
f 3743//7038 3391//7038 3394//7038
f 3369//7039 3491//7039 2393//7039
f 3421//7040 3420//7040 3754//7040
f 3346//7041 3321//7041 3323//7041
f 3203//7042 3424//7042 3738//7042
f 3746//7043 3330//7043 3407//7043
f 3328//7044 3330//7044 3746//7044
f 3778//7045 3371//7045 3784//7045
f 3464//7046 3355//7046 3740//7046
f 3784//7047 3360//7047 3783//7047
f 3783//7048 3339//7048 3787//7048
f 3394//7049 3395//7049 3761//7049
f 3381//7050 3383//7050 3386//7050
f 3434//7051 3429//7051 3428//7051
f 3340//7052 3397//7052 3745//7052
f 3407//7053 3406//7053 3722//7053
f 3722//7054 3406//7054 3434//7054
f 3785//7055 3331//7055 3341//7055
f 3785//7056 3341//7056 3782//7056
f 3404//7057 3375//7057 3742//7057
f 3399//7058 3379//7058 3758//7058
f 3758//7059 3379//7059 3381//7059
f 3374//7060 3388//7060 3747//7060
f 3320//7061 3344//7061 3759//7061
f 3415//7062 3334//7062 3336//7062
f 3364//7063 3387//7063 3404//7063
f 3752//7064 3390//7064 3359//7064
f 2432//7065 3464//7065 2380//7065
f 3772//7066 3345//7066 3346//7066
f 3352//7067 3401//7067 3399//7067
f 3787//7068 3339//7068 3786//7068
f 3782//7069 3342//7069 3778//7069
f 3773//7070 3386//7070 3781//7070
f 3350//7071 3352//7071 3771//7071
f 3768//7072 3326//7072 3325//7072
f 3360//7073 3339//7073 3783//7073
f 3456//7074 3362//7074 3364//7074
f 3398//7075 3373//7075 3372//7075
f 3341//7076 3342//7076 3782//7076
f 3391//7077 3393//7077 3394//7077
f 3324//7078 3332//7078 3331//7078
f 3433//7079 3392//7079 3391//7079
f 3784//7080 3361//7080 3360//7080
f 3371//7081 3361//7081 3784//7081
f 3403//7082 3402//7082 3421//7082
f 3354//7083 3345//7083 3772//7083
f 3339//7084 3338//7084 3786//7084
f 3331//7085 3333//7085 3341//7085
f 3464//7086 3353//7086 3355//7086
f 3395//7087 3412//7087 3769//7087
f 3769//7088 3412//7088 3350//7088
f 3424//7089 3207//7089 3438//7089
f 3349//7090 3348//7090 3739//7090
f 3739//7091 3348//7091 3433//7091
f 3428//7092 3430//7092 3367//7092
f 3342//7093 3370//7093 3778//7093
f 3778//7094 3370//7094 3371//7094
f 3438//7095 3326//7095 3768//7095
f 3360//7096 3337//7096 3339//7096
f 3754//7097 3420//7097 3460//7097
f 3324//7098 3237//7098 3332//7098
f 3745//7099 3397//7099 3398//7099
f 1408//7100 3789//7100 1409//7100
f 2297//7101 2291//7101 2281//7101
f 3790//7102 3791//7102 1544//7102
f 3791//7103 2297//7103 2281//7103
f 3791//7104 2281//7104 3789//7104
f 1473//7105 3789//7105 1408//7105
f 1473//7106 3791//7106 3789//7106
f 3790//7107 1545//7107 3792//7107
f 3793//7108 2312//7108 3794//7108
f 3793//7109 3794//7109 3795//7109
f 3793//7110 3795//7110 3796//7110
f 3794//7111 2305//7111 3792//7111
f 3794//7112 2312//7112 2305//7112
f 3797//7113 1712//7113 1711//7113
f 3797//7114 3798//7114 3799//7114
f 3797//7115 3799//7115 1712//7115
f 1627//7116 3794//7116 3792//7116
f 1627//7117 3792//7117 1610//7117
f 3797//7118 3800//7118 3798//7118
f 1720//7119 3800//7119 3797//7119
f 1720//7120 3797//7120 1711//7120
f 3801//7121 1692//7121 1483//7121
f 1544//7122 3791//7122 1473//7122
f 2239//7123 3802//7123 3803//7123
f 1545//7124 3790//7124 1544//7124
f 1428//7125 3804//7125 3803//7125
f 1768//7126 3805//7126 3804//7126
f 1610//7127 3792//7127 1545//7127
f 1762//7128 3805//7128 1766//7128
f 1762//7129 3806//7129 3805//7129
f 3793//7130 2314//7130 2312//7130
f 1755//7131 3806//7131 1762//7131
f 2324//7132 2314//7132 3793//7132
f 2324//7133 3793//7133 3796//7133
f 1755//7134 3807//7134 3806//7134
f 3808//7135 1009//7135 1309//7135
f 3808//7136 1309//7136 1312//7136
f 3809//7137 3810//7137 3811//7137
f 3812//7138 1755//7138 1742//7138
f 3812//7139 3807//7139 1755//7139
f 3809//7140 1732//7140 1714//7140
f 3802//7141 2230//7141 1009//7141
f 3802//7142 1009//7142 3808//7142
f 2329//7143 3812//7143 3813//7143
f 1452//7144 3802//7144 3808//7144
f 1452//7145 3808//7145 1312//7145
f 2347//7146 2329//7146 3813//7146
f 3802//7147 2239//7147 2230//7147
f 2347//7148 3813//7148 3814//7148
f 2365//7149 2357//7149 3815//7149
f 1452//7150 3803//7150 3802//7150
f 3803//7151 2248//7151 2239//7151
f 1428//7152 3803//7152 1452//7152
f 3798//7153 2365//7153 3815//7153
f 3804//7154 2248//7154 3803//7154
f 3799//7155 3815//7155 3810//7155
f 3799//7156 3798//7156 3815//7156
f 1768//7157 3804//7157 1428//7157
f 2368//7158 2365//7158 3798//7158
f 3805//7159 2248//7159 3804//7159
f 3805//7160 2259//7160 2248//7160
f 2187//7161 2368//7161 3800//7161
f 3806//7162 2259//7162 3805//7162
f 3806//7163 2277//7163 2259//7163
f 3807//7164 2319//7164 2277//7164
f 3807//7165 2277//7165 3806//7165
f 3812//7166 2319//7166 3807//7166
f 3812//7167 2313//7167 2319//7167
f 3812//7168 2329//7168 2313//7168
f 2302//7169 3792//7169 2305//7169
f 1733//7170 3813//7170 3812//7170
f 1733//7171 3812//7171 1742//7171
f 3801//7172 1627//7172 1692//7172
f 3814//7173 3813//7173 1733//7173
f 3811//7174 2347//7174 3814//7174
f 3811//7175 2357//7175 2347//7175
f 1732//7176 3814//7176 1733//7176
f 1483//7177 3796//7177 3801//7177
f 3811//7178 3814//7178 1732//7178
f 3816//7179 2324//7179 3796//7179
f 3816//7180 3796//7180 1483//7180
f 1712//7181 3799//7181 1714//7181
f 3805//7182 1768//7182 1766//7182
f 3809//7183 3811//7183 1732//7183
f 3817//7184 2187//7184 3800//7184
f 3817//7185 2188//7185 2187//7185
f 3809//7186 1714//7186 3799//7186
f 1719//7187 3800//7187 1720//7187
f 1719//7188 3817//7188 3800//7188
f 3809//7189 3799//7189 3810//7189
f 3798//7190 3800//7190 2368//7190
f 3818//7191 2188//7191 3817//7191
f 3818//7192 2207//7192 2188//7192
f 1729//7193 3817//7193 1719//7193
f 1729//7194 3818//7194 3817//7194
f 3791//7195 3790//7195 2297//7195
f 3790//7196 2302//7196 2297//7196
f 3819//7197 2221//7197 2207//7197
f 3819//7198 2207//7198 3818//7198
f 3819//7199 3818//7199 1729//7199
f 3790//7200 3792//7200 2302//7200
f 1747//7201 3819//7201 1729//7201
f 3820//7202 2221//7202 3819//7202
f 3820//7203 2236//7203 2221//7203
f 3794//7204 1627//7204 3795//7204
f 1747//7205 3820//7205 3819//7205
f 3820//7206 2246//7206 2236//7206
f 3795//7207 1627//7207 3801//7207
f 1753//7208 3820//7208 1747//7208
f 3795//7209 3801//7209 3796//7209
f 3821//7210 2246//7210 3820//7210
f 1758//7211 3821//7211 3820//7211
f 1753//7212 1758//7212 3820//7212
f 3821//7213 2254//7213 2246//7213
f 3822//7214 2263//7214 2254//7214
f 3822//7215 2254//7215 3821//7215
f 1761//7216 3821//7216 1758//7216
f 1761//7217 3822//7217 3821//7217
f 3811//7218 3810//7218 3815//7218
f 3811//7219 3815//7219 2357//7219
f 3822//7220 2274//7220 2263//7220
f 1769//7221 3822//7221 1761//7221
f 3823//7222 2274//7222 3822//7222
f 1409//7223 3822//7223 1769//7223
f 1409//7224 3823//7224 3822//7224
f 3789//7225 2274//7225 3823//7225
f 3789//7226 2281//7226 2274//7226
f 1409//7227 3789//7227 3823//7227
f 2467//7228 3824//7228 3825//7228
f 3826//7228 3827//7228 2555//7228
f 3825//7229 3827//7229 3826//7229
f 3824//7228 3828//7228 3825//7228
f 3825//7228 3829//7228 3827//7228
f 3828//7228 3830//7228 3825//7228
f 3825//7230 3831//7230 3829//7230
f 3830//7228 3832//7228 3825//7228
f 3825//7228 3833//7228 3831//7228
f 3832//7231 3834//7231 3825//7231
f 3825//7228 3835//7228 3833//7228
f 3834//7232 3836//7232 3825//7232
f 3825//7228 3837//7228 3835//7228
f 2794//7228 3838//7228 2788//7228
f 3836//7228 3839//7228 3825//7228
f 2788//7228 3838//7228 2780//7228
f 2780//7228 3838//7228 2772//7228
f 2772//7228 3838//7228 2767//7228
f 2767//7228 3838//7228 2684//7228
f 2684//7228 3838//7228 2678//7228
f 2678//7233 3838//7233 2673//7233
f 3825//7228 3840//7228 3837//7228
f 2673//7234 3838//7234 2663//7234
f 2663//7228 3838//7228 2659//7228
f 3839//7228 3841//7228 3825//7228
f 2659//7228 3838//7228 2636//7228
f 2636//7228 3838//7228 2620//7228
f 2620//7228 3838//7228 2612//7228
f 2612//7228 3838//7228 2604//7228
f 3841//7228 3842//7228 3825//7228
f 3825//7228 3843//7228 3840//7228
f 3842//7228 3844//7228 3825//7228
f 3825//7228 3845//7228 3843//7228
f 2704//7228 3846//7228 2702//7228
f 2702//7235 3846//7235 2799//7235
f 2799//7236 3846//7236 2798//7236
f 2798//7228 3846//7228 2794//7228
f 3844//7228 3847//7228 3825//7228
f 2794//7230 3846//7230 3838//7230
f 3825//7228 3848//7228 3845//7228
f 3838//7228 2589//7228 2604//7228
f 3847//7228 3849//7228 3825//7228
f 3825//7228 3850//7228 3848//7228
f 3849//7228 3851//7228 3825//7228
f 3838//7228 2582//7228 2589//7228
f 3825//7237 3852//7237 3850//7237
f 3851//7228 3853//7228 3825//7228
f 3838//7228 2583//7228 2582//7228
f 3825//7238 3853//7238 3852//7238
f 3854//7239 3855//7239 3825//7239
f 3854//7240 3825//7240 3826//7240
f 3838//7230 3825//7230 3855//7230
f 2443//7228 3825//7228 2438//7228
f 2447//7228 3825//7228 2443//7228
f 2450//7228 3825//7228 2447//7228
f 2453//7228 3825//7228 2450//7228
f 2457//7228 3825//7228 2453//7228
f 2463//7228 3825//7228 2457//7228
f 2704//7228 3825//7228 3846//7228
f 2470//7228 3825//7228 2463//7228
f 2473//7228 3825//7228 2470//7228
f 2476//7228 3825//7228 2473//7228
f 2479//7228 3825//7228 2476//7228
f 2481//7228 3825//7228 2479//7228
f 2484//7228 3825//7228 2481//7228
f 2487//7228 3825//7228 2484//7228
f 2491//7228 3825//7228 2487//7228
f 2494//7228 3825//7228 2491//7228
f 2498//7228 3825//7228 2494//7228
f 2499//7228 3825//7228 2498//7228
f 2502//7228 3825//7228 2499//7228
f 2437//7228 3825//7228 2502//7228
f 2436//7228 3825//7228 2437//7228
f 2444//7228 3825//7228 2436//7228
f 2455//7228 3825//7228 2444//7228
f 2460//7228 3825//7228 2455//7228
f 2471//7228 3825//7228 2460//7228
f 2474//7228 3825//7228 2471//7228
f 2477//7228 3825//7228 2474//7228
f 2480//7228 3825//7228 2477//7228
f 2482//7228 3825//7228 2480//7228
f 2486//7228 3825//7228 2482//7228
f 2488//7228 3825//7228 2486//7228
f 2492//7228 3825//7228 2488//7228
f 2495//7228 3825//7228 2492//7228
f 2497//7228 3825//7228 2495//7228
f 2501//7228 3825//7228 2497//7228
f 2434//7228 3825//7228 2501//7228
f 2433//7228 3825//7228 2434//7228
f 2442//7228 3825//7228 2433//7228
f 2445//7228 3825//7228 2442//7228
f 2448//7228 3825//7228 2445//7228
f 2454//7228 3825//7228 2448//7228
f 2438//7228 3825//7228 2705//7228
f 2705//7228 3825//7228 2706//7228
f 2706//7229 3825//7229 2810//7229
f 2810//7241 3825//7241 2802//7241
f 2802//7228 3825//7228 2704//7228
f 2583//7228 3855//7228 2572//7228
f 3838//7228 3855//7228 2583//7228
f 3855//7242 3856//7242 2572//7242
f 2454//7228 2459//7228 3825//7228
f 3855//7243 3857//7243 3856//7243
f 3856//7228 2554//7228 2572//7228
f 3857//7228 2554//7228 3856//7228
f 3857//7228 2555//7228 2554//7228
f 2459//7228 2467//7228 3825//7228
f 3826//7244 2555//7244 3857//7244
f 3858//7245 3857//7245 3855//7245
f 3858//7246 3826//7246 3857//7246
f 3859//7247 3825//7247 3838//7247
f 3826//7248 3858//7248 3854//7248
f 3858//7249 3855//7249 3854//7249
f 3838//7250 3846//7250 3859//7250
f 3825//7251 3859//7251 3846//7251
f 3860//7252 3861//7252 19//7252
f 3862//7253 3863//7253 66//7253
f 3861//7254 3864//7254 19//7254
f 66//7255 3865//7255 61//7255
f 19//7256 3864//7256 21//7256
f 3863//7257 3865//7257 66//7257
f 3864//7258 3866//7258 21//7258
f 3867//7259 61//7259 3865//7259
f 3867//7260 3868//7260 61//7260
f 3866//7261 3869//7261 21//7261
f 3869//7262 3870//7262 21//7262
f 3871//7263 59//7263 3868//7263
f 21//7264 3870//7264 23//7264
f 3868//7265 59//7265 61//7265
f 3872//7266 23//7266 3870//7266
f 3871//7267 3873//7267 59//7267
f 3874//7268 23//7268 3872//7268
f 59//7269 3873//7269 55//7269
f 3874//7270 25//7270 23//7270
f 3875//7271 25//7271 3874//7271
f 3873//7272 3876//7272 55//7272
f 53//7273 55//7273 89//7273
f 89//7274 55//7274 3876//7274
f 3875//7275 27//7275 25//7275
f 3877//7276 3878//7276 15//7276
f 15//7277 3879//7277 16//7277
f 16//7278 3879//7278 3880//7278
f 3881//7279 27//7279 3875//7279
f 54//7280 52//7280 3882//7280
f 3881//7281 29//7281 27//7281
f 3883//7282 29//7282 3881//7282
f 52//7283 3884//7283 3882//7283
f 3885//7284 29//7284 3883//7284
f 3886//7285 54//7285 3882//7285
f 3885//7286 31//7286 29//7286
f 3887//7287 31//7287 3885//7287
f 3888//7288 32//7288 3887//7288
f 3887//7289 32//7289 31//7289
f 3889//7290 37//7290 3888//7290
f 3888//7291 37//7291 32//7291
f 3890//7292 37//7292 3889//7292
f 3890//7293 40//7293 37//7293
f 3891//7294 40//7294 3890//7294
f 3892//7295 40//7295 3891//7295
f 40//7296 3892//7296 42//7296
f 3893//7297 42//7297 3892//7297
f 3894//7298 42//7298 3893//7298
f 3895//7299 43//7299 3894//7299
f 3894//7300 43//7300 42//7300
f 3895//7301 3896//7301 43//7301
f 3897//7302 3898//7302 3896//7302
f 3899//7303 45//7303 3898//7303
f 49//7304 48//7304 3900//7304
f 3899//7305 48//7305 45//7305
f 3901//7306 48//7306 3899//7306
f 3901//7307 3900//7307 48//7307
f 3902//7308 49//7308 3900//7308
f 60//7309 3903//7309 62//7309
f 3902//7310 51//7310 49//7310
f 3904//7311 51//7311 3902//7311
f 3884//7312 52//7312 3905//7312
f 3905//7313 52//7313 3904//7313
f 3904//7314 52//7314 51//7314
f 3906//7315 54//7315 3886//7315
f 62//7316 3903//7316 65//7316
f 3906//7317 58//7317 54//7317
f 3907//7318 58//7318 3906//7318
f 3908//7319 58//7319 3907//7319
f 3908//7320 60//7320 58//7320
f 3909//7321 60//7321 3908//7321
f 3909//7322 3903//7322 60//7322
f 3910//7323 3903//7323 3909//7323
f 43//7324 3898//7324 45//7324
f 3911//7325 3903//7325 3910//7325
f 3911//7326 65//7326 3903//7326
f 3912//7327 65//7327 3911//7327
f 43//7328 3896//7328 3898//7328
f 3912//7329 70//7329 65//7329
f 3913//7330 70//7330 3912//7330
f 3914//7331 70//7331 3913//7331
f 74//7332 70//7332 3914//7332
f 3915//7333 74//7333 3914//7333
f 3916//7334 74//7334 3915//7334
f 3916//7335 80//7335 74//7335
f 3917//7336 80//7336 3916//7336
f 3917//7337 82//7337 80//7337
f 3918//7338 82//7338 3917//7338
f 3918//7339 83//7339 82//7339
f 3919//7340 83//7340 3918//7340
f 83//7341 3919//7341 84//7341
f 3920//7342 84//7342 3919//7342
f 3921//7343 10//7343 3920//7343
f 3920//7344 10//7344 84//7344
f 3922//7345 10//7345 3921//7345
f 3923//7346 10//7346 3922//7346
f 3923//7347 11//7347 10//7347
f 3924//7348 11//7348 3923//7348
f 3925//7349 12//7349 3924//7349
f 3924//7350 12//7350 11//7350
f 3926//7351 12//7351 3925//7351
f 72//7352 3927//7352 79//7352
f 3926//7353 3928//7353 12//7353
f 12//7354 3928//7354 85//7354
f 3927//7355 3929//7355 79//7355
f 3928//7356 3930//7356 85//7356
f 3929//7357 3931//7357 79//7357
f 79//7358 3931//7358 8//7358
f 3931//7359 3932//7359 8//7359
f 3930//7360 3933//7360 85//7360
f 3932//7361 3934//7361 8//7361
f 3933//7362 3935//7362 85//7362
f 85//7363 3935//7363 81//7363
f 8//7364 3936//7364 9//7364
f 3934//7365 3936//7365 8//7365
f 3935//7366 3937//7366 81//7366
f 3936//7367 3938//7367 9//7367
f 9//7368 3938//7368 15//7368
f 3937//7369 3939//7369 81//7369
f 3938//7370 3877//7370 15//7370
f 3939//7371 3940//7371 81//7371
f 3879//7372 15//7372 3878//7372
f 81//7371 3940//7371 75//7371
f 3940//7373 3941//7373 75//7373
f 3884//7374 3905//7374 3886//7374
f 16//7375 3880//7375 18//7375
f 3941//7376 3942//7376 75//7376
f 3880//7377 3860//7377 18//7377
f 3905//7378 3906//7378 3886//7378
f 3942//7379 3862//7379 75//7379
f 75//7380 3862//7380 66//7380
f 18//7381 3860//7381 19//7381
f 3943//7382 3944//7382 3945//7382
f 3943//7383 3946//7383 3944//7383
f 3947//7384 3948//7384 3949//7384
f 3947//7385 3949//7385 3950//7385
f 3951//7386 2027//7386 3946//7386
f 3951//7387 2020//7387 2027//7387
f 3951//7388 3946//7388 3943//7388
f 3947//7389 3950//7389 3952//7389
f 3953//7390 3951//7390 3943//7390
f 3952//7391 3950//7391 3954//7391
f 3952//7392 3954//7392 3955//7392
f 3816//7393 2020//7393 3951//7393
f 3816//7394 1482//7394 2020//7394
f 1482//7395 3816//7395 1483//7395
f 3955//7396 3954//7396 3956//7396
f 2325//7397 3816//7397 3951//7397
f 3955//7398 3956//7398 3957//7398
f 2325//7399 2324//7399 3816//7399
f 1889//7400 1957//7400 3958//7400
f 3959//7401 3958//7401 3960//7401
f 3959//7402 3961//7402 3958//7402
f 3962//7403 2121//7403 3961//7403
f 3963//7404 3964//7404 3965//7404
f 2052//7405 2121//7405 3966//7405
f 3967//7406 3963//7406 3965//7406
f 2052//7407 3966//7407 3968//7407
f 1944//7408 2052//7408 3968//7408
f 3969//7409 3970//7409 3971//7409
f 3970//7410 3969//7410 3972//7410
f 2011//7411 2047//7411 3973//7411
f 2011//7412 3973//7412 3974//7412
f 2011//7413 3974//7413 3975//7413
f 1935//7414 2011//7414 3975//7414
f 3976//7415 3975//7415 3974//7415
f 3976//7416 3974//7416 3977//7416
f 1935//7417 3975//7417 3978//7417
f 1935//7418 3978//7418 1936//7418
f 3960//7419 3958//7419 1957//7419
f 3960//7420 1957//7420 3979//7420
f 3978//7421 3980//7421 3981//7421
f 2180//7422 3978//7422 3981//7422
f 3961//7423 1889//7423 3958//7423
f 3961//7424 2121//7424 1889//7424
f 2130//7425 2180//7425 3981//7425
f 3962//7426 3961//7426 3959//7426
f 2130//7427 3981//7427 3982//7427
f 3982//7428 3981//7428 3983//7428
f 2097//7429 2130//7429 3982//7429
f 2097//7430 3982//7430 3984//7430
f 3985//7431 2121//7431 3962//7431
f 3984//7432 3982//7432 3986//7432
f 3966//7433 2121//7433 3985//7433
f 2049//7434 2097//7434 3984//7434
f 2049//7435 3984//7435 3987//7435
f 3988//7436 3989//7436 3990//7436
f 3984//7437 3991//7437 3987//7437
f 1965//7438 2049//7438 3987//7438
f 3988//7439 3990//7439 3992//7439
f 1965//7440 3987//7440 3993//7440
f 3994//7441 3968//7441 3966//7441
f 3987//7442 3989//7442 3993//7442
f 1884//7443 1944//7443 3968//7443
f 3995//7444 1884//7444 3968//7444
f 3995//7445 3968//7445 3994//7445
f 1931//7446 3996//7446 3997//7446
f 1931//7447 3997//7447 1878//7447
f 3996//7448 3992//7448 3997//7448
f 3969//7449 2179//7449 1884//7449
f 3950//7450 3949//7450 3998//7450
f 3969//7451 1884//7451 3995//7451
f 1878//7452 3997//7452 3948//7452
f 3972//7453 3969//7453 3995//7453
f 3997//7454 3992//7454 3948//7454
f 3950//7455 3998//7455 3999//7455
f 3954//7456 3950//7456 3999//7456
f 3947//7457 1878//7457 3948//7457
f 3971//7458 2047//7458 2179//7458
f 3947//7459 2177//7459 1878//7459
f 3956//7460 3954//7460 4000//7460
f 3973//7461 2047//7461 3971//7461
f 3956//7462 4000//7462 4001//7462
f 4002//7463 3971//7463 3970//7463
f 4002//7464 3973//7464 3971//7464
f 2154//7465 3952//7465 3955//7465
f 3945//7466 3944//7466 3967//7466
f 3957//7467 2132//7467 3955//7467
f 3969//7468 3971//7468 2179//7468
f 2046//7469 4003//7469 3963//7469
f 3963//7470 4003//7470 3964//7470
f 2038//7471 2046//7471 3963//7471
f 2038//7472 3963//7472 4004//7472
f 3973//7473 4002//7473 3974//7473
f 4004//7474 3963//7474 3967//7474
f 3975//7475 3976//7475 3978//7475
f 2029//7476 2038//7476 4004//7476
f 2029//7477 4004//7477 3944//7477
f 3980//7478 4005//7478 3981//7478
f 4006//7479 4005//7479 3980//7479
f 3981//7480 4005//7480 3983//7480
f 3978//7481 3976//7481 3980//7481
f 2180//7482 1936//7482 3978//7482
f 4006//7483 3980//7483 3976//7483
f 4006//7484 3976//7484 3977//7484
f 4006//7485 3977//7485 4005//7485
f 3982//7486 3983//7486 3986//7486
f 1931//7487 3993//7487 3996//7487
f 1931//7488 1965//7488 3993//7488
f 2177//7489 3947//7489 3952//7489
f 3984//7490 3986//7490 3991//7490
f 2177//7491 3952//7491 2154//7491
f 3957//7492 2083//7492 2132//7492
f 2132//7493 2154//7493 3955//7493
f 4001//7494 3957//7494 3956//7494
f 3987//7495 3991//7495 3989//7495
f 4007//7496 2083//7496 3957//7496
f 4008//7497 3957//7497 4001//7497
f 4008//7498 4007//7498 3957//7498
f 3993//7499 3989//7499 3988//7499
f 4004//7500 3967//7500 3944//7500
f 3993//7501 3988//7501 3996//7501
f 4003//7502 2083//7502 4007//7502
f 4003//7503 2046//7503 2083//7503
f 3964//7504 4007//7504 4008//7504
f 3964//7505 4003//7505 4007//7505
f 3996//7506 3988//7506 3992//7506
f 3946//7507 2027//7507 2029//7507
f 3948//7508 3992//7508 3949//7508
f 3946//7509 2029//7509 3944//7509
f 4009//7510 4010//7510 4011//7510
f 4012//7511 2116//7511 2134//7511
f 4010//7512 4009//7512 4013//7512
f 4013//7513 4009//7513 2166//7513
f 4014//7514 2134//7514 2151//7514
f 4014//7515 4012//7515 2134//7515
f 4015//7516 4016//7516 4017//7516
f 4018//7517 4013//7517 2166//7517
f 4018//7518 2166//7518 2164//7518
f 4018//7519 2164//7519 4019//7519
f 1956//7520 1997//7520 4020//7520
f 4021//7521 4022//7521 2163//7521
f 4023//7522 4024//7522 4025//7522
f 4021//7523 2163//7523 2159//7523
f 4021//7524 4024//7524 4023//7524
f 4026//7525 4027//7525 4028//7525
f 2168//7526 4021//7526 2159//7526
f 2168//7527 4024//7527 4021//7527
f 4014//7528 4029//7528 4012//7528
f 2168//7529 4030//7529 4024//7529
f 4030//7530 2168//7530 2169//7530
f 4029//7531 4015//7531 4017//7531
f 4014//7532 2151//7532 4015//7532
f 4030//7533 4031//7533 4032//7533
f 4030//7534 2170//7534 4031//7534
f 2169//7535 2170//7535 4030//7535
f 4019//7536 4013//7536 4018//7536
f 4031//7537 4033//7537 4034//7537
f 2170//7538 4033//7538 4031//7538
f 4033//7539 2170//7539 2172//7539
f 4034//7540 4035//7540 4031//7540
f 4036//7541 2172//7541 2171//7541
f 4020//7542 3979//7542 1957//7542
f 2174//7543 4037//7543 2171//7543
f 4038//7544 4039//7544 4020//7544
f 4040//7545 4041//7545 4042//7545
f 4043//7546 4044//7546 4038//7546
f 2173//7547 4041//7547 2174//7547
f 4043//7548 4045//7548 4044//7548
f 4042//7549 4046//7549 4011//7549
f 4028//7550 4045//7550 4043//7550
f 4028//7551 4027//7551 4045//7551
f 2167//7552 4046//7552 2173//7552
f 4023//7553 4016//7553 4022//7553
f 4021//7554 4023//7554 4022//7554
f 4009//7555 2167//7555 2166//7555
f 4030//7556 4025//7556 4024//7556
f 4030//7557 4032//7557 4025//7557
f 2162//7558 4047//7558 4019//7558
f 2162//7559 4019//7559 2164//7559
f 2162//7560 4048//7560 4047//7560
f 2149//7561 4048//7561 2162//7561
f 2149//7562 4049//7562 4048//7562
f 2140//7563 4049//7563 2149//7563
f 4038//7564 4044//7564 4039//7564
f 4038//7565 1997//7565 2043//7565
f 4012//7566 4028//7566 2116//7566
f 4012//7567 4026//7567 4028//7567
f 4050//7568 4027//7568 4026//7568
f 4050//7569 4017//7569 4027//7569
f 4050//7570 4029//7570 4017//7570
f 4029//7571 4026//7571 4012//7571
f 4029//7572 4050//7572 4026//7572
f 4015//7573 4029//7573 4014//7573
f 4051//7574 4049//7574 2140//7574
f 4051//7575 2140//7575 2124//7575
f 4015//7576 2151//7576 4022//7576
f 4022//7577 4016//7577 4015//7577
f 4022//7578 2151//7578 2163//7578
f 4052//7579 4051//7579 2124//7579
f 4052//7580 2124//7580 2084//7580
f 4053//7581 2084//7581 2053//7581
f 4054//7582 4053//7582 2053//7582
f 4054//7583 2053//7583 2003//7583
f 4034//7584 4033//7584 2172//7584
f 4036//7585 4035//7585 4034//7585
f 4036//7586 4034//7586 2172//7586
f 4036//7587 4055//7587 4035//7587
f 1329//7588 1046//7588 1885//7588
f 2171//7589 4055//7589 4036//7589
f 1956//7590 4020//7590 1957//7590
f 2171//7591 4040//7591 4055//7591
f 2171//7592 4037//7592 4040//7592
f 1997//7593 4038//7593 4020//7593
f 4037//7594 2174//7594 4041//7594
f 4037//7595 4041//7595 4040//7595
f 2085//7596 4038//7596 2043//7596
f 2085//7597 4043//7597 4038//7597
f 4041//7598 4046//7598 4042//7598
f 4056//7599 4043//7599 2085//7599
f 4041//7600 2173//7600 4046//7600
f 4056//7601 2085//7601 2116//7601
f 4056//7602 4028//7602 4043//7602
f 2116//7603 4028//7603 4056//7603
f 4046//7604 2167//7604 4009//7604
f 4046//7605 4009//7605 4011//7605
f 4057//7606 4058//7606 4059//7606
f 3593//7607 4060//7607 4061//7607
f 3593//7608 4061//7608 3581//7608
f 4062//7609 4063//7609 4064//7609
f 4065//7610 4066//7610 4067//7610
f 4068//7611 4069//7611 4063//7611
f 4070//7612 4071//7612 4072//7612
f 4073//7613 4074//7613 4075//7613
f 4076//7614 4077//7614 4078//7614
f 4079//7615 4080//7615 4081//7615
f 4082//7616 4083//7616 4084//7616
f 4085//7617 4086//7617 4087//7617
f 4085//7618 4087//7618 4088//7618
f 4089//7619 4090//7619 4091//7619
f 4089//7620 4091//7620 4068//7620
f 4092//7621 4093//7621 4094//7621
f 3618//7622 4060//7622 3593//7622
f 4095//7623 4096//7623 4097//7623
f 3618//7624 4072//7624 4060//7624
f 4095//7625 4098//7625 4096//7625
f 4099//7626 4070//7626 4072//7626
f 4100//7627 4101//7627 4102//7627
f 4103//7628 4076//7628 4104//7628
f 4105//7629 4106//7629 4100//7629
f 4107//7630 4108//7630 4109//7630
f 4110//7631 4111//7631 4090//7631
f 4079//7632 4081//7632 4077//7632
f 4112//7633 4113//7633 4083//7633
f 4114//7634 4115//7634 4106//7634
f 4092//7635 4094//7635 4116//7635
f 4117//7636 4118//7636 4119//7636
f 4117//7637 4120//7637 4118//7637
f 4121//7638 4073//7638 4075//7638
f 4122//7639 4064//7639 4123//7639
f 4122//7640 4062//7640 4064//7640
f 4103//7641 4104//7641 4124//7641
f 4125//7642 4077//7642 4076//7642
f 4099//7643 4109//7643 4070//7643
f 4089//7644 4110//7644 4090//7644
f 4126//7645 4127//7645 4115//7645
f 4128//7646 4129//7646 4130//7646
f 4125//7647 4079//7647 4077//7647
f 4128//7648 4097//7648 4129//7648
f 4131//7649 4057//7649 4132//7649
f 4062//7650 4068//7650 4063//7650
f 4133//7651 4134//7651 4093//7651
f 4135//7652 4107//7652 4109//7652
f 3635//7653 4099//7653 4072//7653
f 3635//7654 4072//7654 3618//7654
f 4136//7655 4123//7655 4137//7655
f 4136//7656 4137//7656 4107//7656
f 4138//7657 4139//7657 4140//7657
f 4065//7658 4119//7658 4066//7658
f 4126//7659 4115//7659 4114//7659
f 4141//7660 4103//7660 4124//7660
f 4142//7661 4143//7661 4144//7661
f 4145//7662 4109//7662 4099//7662
f 4146//7663 4116//7663 4074//7663
f 4146//7664 4092//7664 4116//7664
f 4085//7665 4102//7665 4086//7665
f 3619//7666 4130//7666 2383//7666
f 4147//7667 4065//7667 4111//7667
f 4148//7668 4133//7668 4093//7668
f 4145//7669 4099//7669 3635//7669
f 4082//7670 4112//7670 4083//7670
f 4131//7671 4132//7671 4149//7671
f 4150//7672 4151//7672 4152//7672
f 4153//7673 4076//7673 4103//7673
f 4153//7674 4125//7674 4076//7674
f 4117//7675 4124//7675 4120//7675
f 4126//7676 4154//7676 4127//7676
f 4145//7677 4135//7677 4109//7677
f 4155//7678 4150//7678 4156//7678
f 4146//7679 4074//7679 4073//7679
f 4157//7680 4079//7680 4125//7680
f 4158//7681 4136//7681 4107//7681
f 4159//7682 4149//7682 4160//7682
f 4114//7683 4106//7683 4105//7683
f 4159//7684 4131//7684 4149//7684
f 4161//7685 4068//7685 4062//7685
f 4161//7686 4089//7686 4068//7686
f 4162//7687 4121//7687 4112//7687
f 4163//7688 4073//7688 4121//7688
f 4164//7689 4102//7689 4085//7689
f 4156//7690 4098//7690 4095//7690
f 4165//7691 4112//7691 4082//7691
f 4166//7692 4154//7692 4126//7692
f 4167//7693 4147//7693 4111//7693
f 4136//7694 4122//7694 4123//7694
f 4168//7695 4117//7695 4119//7695
f 4168//7696 4119//7696 4065//7696
f 4169//7697 4148//7697 4093//7697
f 4169//7698 4093//7698 4092//7698
f 4128//7699 4095//7699 4097//7699
f 4170//7700 4171//7700 4138//7700
f 4172//7701 4130//7701 3619//7701
f 4172//7702 4128//7702 4130//7702
f 4141//7703 4124//7703 4117//7703
f 4173//7704 4100//7704 4102//7704
f 4158//7705 4107//7705 4135//7705
f 4167//7706 4111//7706 4110//7706
f 3678//7707 4145//7707 3635//7707
f 4174//7708 4103//7708 4141//7708
f 4174//7709 4153//7709 4103//7709
f 4175//7710 4125//7710 4153//7710
f 4163//7711 4146//7711 4073//7711
f 4176//7712 4159//7712 4160//7712
f 4177//7713 4141//7713 4117//7713
f 4175//7714 4157//7714 4125//7714
f 4178//7715 4126//7715 4114//7715
f 4179//7716 4110//7716 4089//7716
f 4180//7717 4122//7717 4136//7717
f 4181//7718 4158//7718 4135//7718
f 4181//7719 4135//7719 4145//7719
f 4182//7720 4161//7720 4062//7720
f 4182//7721 4062//7721 4122//7721
f 4183//7722 4117//7722 4168//7722
f 3619//7723 2383//7723 3592//7723
f 4184//7724 4176//7724 4160//7724
f 4173//7725 4102//7725 4164//7725
f 4105//7726 4100//7726 4173//7726
f 4185//7727 4163//7727 4121//7727
f 4185//7728 4121//7728 4162//7728
f 4170//7729 4138//7729 4186//7729
f 4146//7730 4169//7730 4092//7730
f 4187//7731 4142//7731 4154//7731
f 4178//7732 4114//7732 4105//7732
f 4188//7733 4153//7733 4174//7733
f 4189//7734 4168//7734 4065//7734
f 4190//7735 4172//7735 3619//7735
f 4189//7736 4065//7736 4147//7736
f 4191//7737 4112//7737 4165//7737
f 4191//7738 4162//7738 4112//7738
f 4192//7739 4174//7739 4141//7739
f 4193//7740 4126//7740 4178//7740
f 4194//7741 4128//7741 4172//7741
f 4188//7742 4175//7742 4153//7742
f 4165//7743 4082//7743 4195//7743
f 4196//7744 4192//7744 4141//7744
f 4196//7745 4141//7745 4177//7745
f 4197//7746 4195//7746 4170//7746
f 4183//7747 4177//7747 4117//7747
f 4180//7748 4136//7748 4158//7748
f 4198//7749 4133//7749 4148//7749
f 4198//7750 4199//7750 4133//7750
f 3719//7751 4145//7751 3678//7751
f 3719//7752 4181//7752 4145//7752
f 4200//7753 4154//7753 4166//7753
f 4201//7754 4089//7754 4161//7754
f 4201//7754 4179//7754 4089//7754
f 4202//7755 4105//7755 4173//7755
f 4190//7756 3619//7756 3615//7756
f 4180//7757 4182//7757 4122//7757
f 4181//7758 4203//7758 4158//7758
f 4189//7759 4147//7759 4167//7759
f 4176//7760 4184//7760 4199//7760
f 4204//7761 4170//7761 4186//7761
f 4203//7762 4180//7762 4158//7762
f 4200//7763 4187//7763 4154//7763
f 4205//7764 4150//7764 4155//7764
f 4206//7765 4167//7765 4110//7765
f 4197//7766 4165//7766 4195//7766
f 4207//7767 4183//7767 4168//7767
f 4207//7768 4168//7768 4189//7768
f 4208//7769 4188//7769 4174//7769
f 4209//7770 4210//7770 4211//7770
f 4208//7771 4174//7771 4192//7771
f 4191//7772 4185//7772 4162//7772
f 4212//7773 4198//7773 4148//7773
f 4212//7774 4148//7774 4169//7774
f 4213//7775 4214//7775 4215//7775
f 4193//7776 4166//7776 4126//7776
f 4216//7777 4215//7777 4217//7777
f 4218//7778 4219//7778 4220//7778
f 4194//7779 4221//7779 4128//7779
f 3748//7780 4181//7780 3719//7780
f 4222//7781 4192//7781 4196//7781
f 4223//7782 4177//7782 4183//7782
f 4224//7783 4213//7783 4215//7783
f 4225//7784 4210//7784 4209//7784
f 4190//7785 4194//7785 4172//7785
f 4226//7786 4182//7786 4180//7786
f 4227//7787 4161//7787 4182//7787
f 4227//7788 4201//7788 4161//7788
f 4228//7789 4203//7789 4181//7789
f 4229//7790 4191//7790 4165//7790
f 4230//7791 4166//7791 4193//7791
f 4225//7792 4231//7792 4210//7792
f 4205//7793 4232//7793 4150//7793
f 4233//7794 4110//7794 4179//7794
f 4233//7795 4206//7795 4110//7795
f 4234//7796 4211//7796 4214//7796
f 4234//7797 4214//7797 4213//7797
f 4235//7798 4188//7798 4208//7798
f 4236//7799 4220//7799 4237//7799
f 4206//7800 4189//7800 4167//7800
f 4238//7801 4180//7801 4203//7801
f 4234//7802 4209//7802 4211//7802
f 4222//7803 4208//7803 4192//7803
f 4239//7804 4197//7804 4170//7804
f 4240//7805 4241//7805 4231//7805
f 4225//7806 4242//7806 4231//7806
f 4243//7807 4164//7807 4085//7807
f 4243//7808 4085//7808 4232//7808
f 4244//7809 4213//7809 4224//7809
f 4245//7810 4159//7810 4176//7810
f 4196//7811 4177//7811 4223//7811
f 4246//7812 4221//7812 4194//7812
f 4247//7813 4173//7813 4164//7813
f 4234//7814 4225//7814 4209//7814
f 4223//7815 4183//7815 4207//7815
f 4248//7816 4105//7816 4202//7816
f 4248//7817 4178//7817 4105//7817
f 4239//7818 4170//7818 4204//7818
f 4236//7819 4249//7819 4220//7819
f 3748//7820 4228//7820 4181//7820
f 4250//7821 4187//7821 4200//7821
f 4229//7822 4165//7822 4197//7822
f 4243//7823 4232//7823 4205//7823
f 4251//7824 4169//7824 4146//7824
f 4251//7825 4212//7825 4169//7825
f 4252//7826 4194//7826 4190//7826
f 4226//7827 4227//7827 4182//7827
f 4228//7828 4238//7828 4203//7828
f 4200//7829 4166//7829 4230//7829
f 4253//7830 4179//7830 4201//7830
f 4253//7831 4233//7831 4179//7831
f 4254//7832 4234//7832 4244//7832
f 4185//7833 4255//7833 4163//7833
f 4244//7834 4224//7834 4256//7834
f 4257//7835 4242//7835 4225//7835
f 4258//7836 4189//7836 4206//7836
f 4238//7837 4226//7837 4180//7837
f 4259//7838 4231//7838 4242//7838
f 4259//7839 4240//7839 4231//7839
f 4245//7840 4176//7840 4199//7840
f 4260//7841 4196//7841 4223//7841
f 4246//7842 4261//7842 4221//7842
f 4262//7843 4216//7843 4263//7843
f 4264//7844 4244//7844 4256//7844
f 4264//7845 4256//7845 4262//7845
f 4247//7846 4202//7846 4173//7846
f 4265//7847 4222//7847 4196//7847
f 4266//7848 4239//7848 4204//7848
f 4267//7849 4229//7849 4197//7849
f 4266//7850 4204//7850 4268//7850
f 4269//7851 4270//7851 4185//7851
f 4271//7852 4223//7852 4207//7852
f 4269//7853 4185//7853 4191//7853
f 4272//7854 4225//7854 4234//7854
f 4193//7855 4178//7855 4248//7855
f 4273//7856 4245//7856 4199//7856
f 3673//7857 4190//7857 3615//7857
f 4274//7858 4237//7858 4275//7858
f 4258//7859 4207//7859 4189//7859
f 4265//7860 4208//7860 4222//7860
f 4276//7861 4227//7861 4226//7861
f 4277//7862 4278//7862 4241//7862
f 4228//7863 3748//7863 3770//7863
f 4279//7864 4238//7864 4228//7864
f 4258//7865 4206//7865 4233//7865
f 4252//7866 4246//7866 4194//7866
f 4252//7867 4190//7867 3673//7867
f 4280//7868 4261//7868 4246//7868
f 4267//7869 4197//7869 4239//7869
f 4281//7870 4198//7870 4212//7870
f 4282//7871 4201//7871 4227//7871
f 4282//7872 4253//7872 4201//7872
f 4283//7873 4262//7873 4263//7873
f 4254//7874 4272//7874 4234//7874
f 4272//7875 4257//7875 4225//7875
f 4284//7876 4244//7876 4264//7876
f 4285//7877 4226//7877 4238//7877
f 4273//7878 4199//7878 4198//7878
f 4286//7879 4249//7879 4236//7879
f 4287//7880 4241//7880 4240//7880
f 4288//7881 4196//7881 4260//7881
f 4288//7882 4265//7882 4196//7882
f 4284//7883 4254//7883 4244//7883
f 4289//7884 4229//7884 4267//7884
f 4274//7885 4290//7885 4236//7885
f 4271//7886 4260//7886 4223//7886
f 4291//7887 4187//7887 4250//7887
f 4265//7888 4292//7888 4208//7888
f 4293//7889 4251//7889 4146//7889
f 4293//7890 4146//7890 4163//7890
f 4294//7891 4207//7891 4258//7891
f 4294//7892 4271//7892 4207//7892
f 4295//7893 4202//7893 4247//7893
f 4296//7894 4200//7894 4230//7894
f 4297//7895 4243//7895 4205//7895
f 4252//7896 3673//7896 3734//7896
f 4298//7897 4259//7897 4242//7897
f 4299//7898 4276//7898 4226//7898
f 4300//7899 4255//7899 4185//7899
f 4301//7900 4193//7900 4248//7900
f 4302//7901 4303//7901 4243//7901
f 4270//7902 4300//7902 4185//7902
f 4265//7903 4304//7903 4292//7903
f 3788//7904 4279//7904 4228//7904
f 4305//7905 4246//7905 4252//7905
f 4306//7906 4260//7906 4271//7906
f 4287//7907 4277//7907 4241//7907
f 3788//7908 4228//7908 3770//7908
f 4307//7909 4258//7909 4233//7909
f 4307//7910 4233//7910 4253//7910
f 4279//7911 4285//7911 4238//7911
f 4308//7912 4212//7912 4251//7912
f 4308//7913 4281//7913 4212//7913
f 4306//7914 4288//7914 4260//7914
f 4298//7915 4242//7915 4257//7915
f 4309//7916 4267//7916 4239//7916
f 4276//7917 4282//7917 4227//7917
f 4290//7918 4286//7918 4236//7918
f 4310//7919 4271//7919 4294//7919
f 4277//7920 4311//7920 4278//7920
f 4312//7921 4257//7921 4272//7921
f 4313//7922 4250//7922 4200//7922
f 4255//7923 4293//7923 4163//7923
f 4304//7924 4265//7924 4288//7924
f 4280//7925 4314//7925 4261//7925
f 4315//7926 4254//7926 4284//7926
f 4285//7927 4299//7927 4226//7927
f 4316//7928 4264//7928 4317//7928
f 4273//7929 4318//7929 4245//7929
f 4316//7930 4284//7930 4264//7930
f 4319//7931 4230//7931 4193//7931
f 4295//7932 4248//7932 4202//7932
f 4320//7933 4290//7933 4274//7933
f 4287//7934 4240//7934 4259//7934
f 4305//7935 4280//7935 4246//7935
f 4321//7936 4291//7936 4250//7936
f 4310//7937 4306//7937 4271//7937
f 4322//7938 4307//7938 4253//7938
f 4323//7939 4315//7939 4284//7939
f 4315//7940 4272//7940 4254//7940
f 4319//7941 4193//7941 4301//7941
f 4229//7942 4269//7942 4191//7942
f 4302//7943 4243//7943 4297//7943
f 4324//7944 4317//7944 4283//7944
f 4325//7945 4266//7945 4268//7945
f 4326//7946 4286//7946 4290//7946
f 4327//7947 4285//7947 4279//7947
f 4323//7948 4284//7948 4316//7948
f 4309//7949 4239//7949 4266//7949
f 4281//7950 4273//7950 4198//7950
f 4322//7951 4253//7951 4282//7951
f 4328//7952 4306//7952 4310//7952
f 4329//7953 4330//7953 4331//7953
f 4307//7954 4294//7954 4258//7954
f 4332//7955 4259//7955 4298//7955
f 4332//7956 4333//7956 4259//7956
f 4325//7957 4268//7957 4291//7957
f 4334//7958 4289//7958 4267//7958
f 4333//7959 4287//7959 4259//7959
f 4335//7960 4248//7960 4295//7960
f 4336//7961 4299//7961 4285//7961
f 4337//7962 4304//7962 4288//7962
f 4296//7963 4230//7963 4319//7963
f 4338//7964 4306//7964 4328//7964
f 4338//7965 4288//7965 4306//7965
f 3734//7966 4305//7966 4252//7966
f 4339//7967 4340//7967 4277//7967
f 4339//7968 4277//7968 4287//7968
f 4341//7969 4282//7969 4276//7969
f 4341//7970 4322//7970 4282//7970
f 3786//7971 4279//7971 3788//7971
f 3786//7972 4327//7972 4279//7972
f 4293//7973 4308//7973 4251//7973
f 4299//7974 4341//7974 4276//7974
f 4342//7975 4312//7975 4272//7975
f 4343//7976 4294//7976 4307//7976
f 4343//7977 4310//7977 4294//7977
f 4344//7978 4280//7978 4305//7978
f 4326//7979 4345//7979 4286//7979
f 4346//7980 4307//7980 4322//7980
f 4347//7981 4348//7981 4349//7981
f 4350//7982 4311//7982 4277//7982
f 4327//7983 4336//7983 4285//7983
f 4320//7984 4326//7984 4290//7984
f 4351//7985 4314//7985 4280//7985
f 4337//7986 4288//7986 4338//7986
f 4342//7987 4272//7987 4315//7987
f 4347//7988 4349//7988 4352//7988
f 4353//7989 4317//7989 4324//7989
f 4354//7990 4309//7990 4266//7990
f 4354//7991 4266//7991 4325//7991
f 3781//7992 4305//7992 3734//7992
f 4355//7993 4315//7993 4323//7993
f 4356//7994 4325//7994 4291//7994
f 4357//7995 4307//7995 4346//7995
f 4357//7996 4343//7996 4307//7996
f 4350//7997 4358//7997 4311//7997
f 4359//7998 4323//7998 4316//7998
f 4360//7999 4334//7999 4267//7999
f 4360//8000 4267//8000 4309//8000
f 4340//8001 4350//8001 4277//8001
f 4361//8002 4303//8002 4302//8002
f 4362//8003 4336//8003 4327//8003
f 4335//8004 4301//8004 4248//8004
f 4363//8005 4328//8005 4310//8005
f 4363//8006 4310//8006 4343//8006
f 4364//8007 4295//8007 4303//8007
f 4365//8008 4300//8008 4270//8008
f 4366//8009 4229//8009 4289//8009
f 4367//8010 4337//8010 4338//8010
f 4368//8011 4273//8011 4281//8011
f 4369//8012 4326//8012 4320//8012
f 4370//8013 4319//8013 4301//8013
f 4344//8014 4305//8014 3781//8014
f 3338//8015 4327//8015 3786//8015
f 4371//8016 4333//8016 4332//8016
f 4363//8017 4338//8017 4328//8017
f 4372//8018 4345//8018 4326//8018
f 4334//8019 4373//8019 4289//8019
f 4374//8020 4322//8020 4341//8020
f 4375//8021 4339//8021 4287//8021
f 4374//8022 4346//8022 4322//8022
f 4355//8023 4342//8023 4315//8023
f 4376//8024 4299//8024 4336//8024
f 4376//8025 4341//8025 4299//8025
f 4377//8026 4353//8026 4324//8026
f 4363//8027 4343//8027 4357//8027
f 4378//8028 4368//8028 4281//8028
f 3338//8029 4362//8029 4327//8029
f 4366//8030 4269//8030 4229//8030
f 4362//8031 4376//8031 4336//8031
f 4379//8032 4361//8032 4302//8032
f 4329//8033 4320//8033 4330//8033
f 4367//8034 4338//8034 4363//8034
f 4380//8035 4325//8035 4356//8035
f 4381//8036 4363//8036 4357//8036
f 4359//8037 4316//8037 4353//8037
f 4374//8038 4357//8038 4346//8038
f 4382//8039 4280//8039 4344//8039
f 4382//8040 4351//8040 4280//8040
f 4373//8041 4366//8041 4289//8041
f 4383//8042 4352//8042 4384//8042
f 4383//8043 4347//8043 4352//8043
f 4356//8044 4291//8044 4321//8044
f 4370//8045 4301//8045 4335//8045
f 4364//8046 4303//8046 4361//8046
f 4385//8047 4313//8047 4296//8047
f 4362//8048 3338//8048 3382//8048
f 4386//8049 4358//8049 4350//8049
f 4387//8050 4357//8050 4374//8050
f 3382//8051 4388//8051 4362//8051
f 4389//8052 4350//8052 4340//8052
f 4377//8053 4324//8053 4372//8053
f 4376//8054 4374//8054 4341//8054
f 4365//8055 4270//8055 4269//8055
f 4390//8056 4296//8056 4319//8056
f 4390//8057 4319//8057 4391//8057
f 4392//8058 4367//8058 4363//8058
f 4393//8059 4255//8059 4300//8059
f 4393//8060 4293//8060 4255//8060
f 4394//8061 4287//8061 4333//8061
f 4394//8062 4375//8062 4287//8062
f 4381//8063 4392//8063 4363//8063
f 4388//8064 4376//8064 4362//8064
f 4395//8065 4372//8065 4326//8065
f 4396//8066 4369//8066 4320//8066
f 4387//8067 4381//8067 4357//8067
f 4378//8068 4281//8068 4308//8068
f 4397//8069 4308//8069 4293//8069
f 3413//8070 4388//8070 3382//8070
f 4398//8071 4342//8071 4355//8071
f 4399//8072 4371//8072 4332//8072
f 4400//8073 4374//8073 4376//8073
f 4389//8074 4340//8074 4339//8074
f 4401//8075 4381//8075 4387//8075
f 4396//8076 4320//8076 4329//8076
f 4402//8077 4364//8077 4361//8077
f 4403//8078 4380//8078 4356//8078
f 4391//8079 4319//8079 4370//8079
f 4400//8080 4376//8080 4388//8080
f 4354//8081 4360//8081 4309//8081
f 4404//8082 4326//8082 4369//8082
f 4405//8083 4374//8083 4400//8083
f 4405//8084 4387//8084 4374//8084
f 4394//8085 4333//8085 4371//8085
f 4406//8086 4378//8086 4308//8086
f 4407//8087 4323//8087 4359//8087
f 4407//8088 4355//8088 4323//8088
f 4408//8089 4325//8089 4380//8089
f 4408//8090 4354//8090 4325//8090
f 4409//8091 4381//8091 4401//8091
f 4409//8092 4392//8092 4381//8092
f 4393//8093 4300//8093 4365//8093
f 3413//8094 4400//8094 4388//8094
f 4410//8095 4397//8095 4293//8095
f 4411//8096 4398//8096 4355//8096
f 3435//8097 4400//8097 3413//8097
f 4412//8098 4379//8098 4413//8098
f 4414//8099 4321//8099 4415//8099
f 4414//8100 4356//8100 4321//8100
f 4416//8101 4413//8101 4351//8101
f 4416//8102 4351//8102 4382//8102
f 4417//8103 4377//8103 4372//8103
f 3385//8104 4382//8104 4344//8104
f 3385//8105 4344//8105 3781//8105
f 4418//8106 4401//8106 4387//8106
f 4418//8107 4387//8107 4405//8107
f 4419//8108 4359//8108 4353//8108
f 4420//8109 4365//8109 4269//8109
f 4407//8110 4411//8110 4355//8110
f 3431//8111 4400//8111 3435//8111
f 3431//8112 4405//8112 4400//8112
f 4421//8113 4389//8113 4339//8113
f 4415//8114 4313//8114 4385//8114
f 4422//8115 4373//8115 4334//8115
f 4423//8116 4386//8116 4350//8116
f 4424//8117 4384//8117 4425//8117
f 3442//8118 4405//8118 3431//8118
f 4418//8119 4409//8119 4401//8119
f 4424//8120 4383//8120 4384//8120
f 4404//8121 4395//8121 4326//8121
f 4418//8122 2961//8122 4409//8122
f 4418//8123 4405//8123 3442//8123
f 4426//8124 4427//8124 4358//8124
f 4418//8125 3442//8125 2962//8125
f 2962//8126 2961//8126 4418//8126
f 4428//8127 4399//8127 4332//8127
f 4216//8128 4217//8128 4219//8128
f 4397//8129 4406//8129 4308//8129
f 4216//8130 4224//8130 4215//8130
f 4216//8131 4262//8131 4224//8131
f 4218//8132 4220//8132 4249//8132
f 4213//8133 4244//8133 4234//8133
f 4216//8134 4219//8134 4218//8134
f 4216//8135 4218//8135 4263//8135
f 4399//8136 4394//8136 4371//8136
f 4262//8137 4256//8137 4224//8137
f 4429//8138 4366//8138 4373//8138
f 4430//8139 4431//8139 4369//8139
f 4218//8140 4249//8140 4286//8140
f 4430//8141 4369//8141 4396//8141
f 4286//8142 4263//8142 4218//8142
f 4262//8143 4317//8143 4264//8143
f 4236//8144 4237//8144 4274//8144
f 4421//8145 4339//8145 4375//8145
f 4275//8146 4331//8146 4330//8146
f 4286//8147 4345//8147 4283//8147
f 4286//8148 4283//8148 4263//8148
f 4283//8149 4317//8149 4262//8149
f 4420//8150 4269//8150 4366//8150
f 4423//8151 4350//8151 4389//8151
f 4330//8152 4274//8152 4275//8152
f 4348//8153 4331//8153 4349//8153
f 4432//8154 4296//8154 4390//8154
f 4432//8155 4385//8155 4296//8155
f 4320//8156 4274//8156 4330//8156
f 4433//8157 4393//8157 4365//8157
f 4348//8158 4329//8158 4331//8158
f 4434//8159 4353//8159 4377//8159
f 4345//8160 4324//8160 4283//8160
f 4426//8161 4358//8161 4386//8161
f 4298//8162 4257//8162 4312//8162
f 4316//8163 4317//8163 4353//8163
f 4324//8164 4345//8164 4372//8164
f 4435//8165 4436//8165 4364//8165
f 4435//8166 4364//8166 4402//8166
f 4348//8167 4437//8167 4329//8167
f 4348//8168 4347//8168 4437//8168
f 4342//8169 4438//8169 4312//8169
f 4312//8170 4438//8170 4332//8170
f 4439//8171 4398//8171 4411//8171
f 4312//8172 4332//8172 4298//8172
f 4417//8173 4372//8173 4395//8173
f 4342//8174 4398//8174 4438//8174
f 4438//8175 4428//8175 4332//8175
f 4410//8176 4293//8176 4393//8176
f 4431//8177 4404//8177 4369//8177
f 4437//8178 4396//8178 4329//8178
f 4416//8179 4412//8179 4413//8179
f 4398//8180 4440//8180 4438//8180
f 4438//8181 4441//8181 4428//8181
f 4442//8182 4391//8182 4370//8182
f 4442//8183 4370//8183 4443//8183
f 3385//8184 3781//8184 3386//8184
f 4444//8185 4396//8185 4437//8185
f 4440//8186 4398//8186 4445//8186
f 4440//8187 4441//8187 4438//8187
f 4404//8188 4431//8188 4446//8188
f 4439//8189 4411//8189 4407//8189
f 4440//8190 4445//8190 4441//8190
f 4447//8191 4448//8191 4449//8191
f 4446//8192 4450//8192 4404//8192
f 4412//8193 4451//8193 4379//8193
f 4441//8194 4452//8194 4428//8194
f 4439//8195 4453//8195 4445//8195
f 4450//8196 4454//8196 4455//8196
f 4456//8197 4457//8197 4458//8197
f 3461//8198 4416//8198 4382//8198
f 3461//8199 4382//8199 3385//8199
f 4459//8200 4450//8200 4446//8200
f 4460//8201 4453//8201 4439//8201
f 4445//8202 4452//8202 4441//8202
f 4445//8203 4461//8203 4452//8203
f 4452//8204 4462//8204 4448//8204
f 4452//8205 4463//8205 4462//8205
f 4464//8206 4465//8206 4466//8206
f 4459//8207 4454//8207 4450//8207
f 4450//8208 4395//8208 4404//8208
f 4467//8209 4462//8209 4463//8209
f 4467//8210 4449//8210 4462//8210
f 4467//8211 4468//8211 4449//8211
f 4469//8212 4470//8212 4456//8212
f 4469//8213 4465//8213 4470//8213
f 4471//8214 4460//8214 4472//8214
f 4473//8215 4420//8215 4366//8215
f 4452//8216 4075//8216 4463//8216
f 4437//8217 4347//8217 4383//8217
f 4474//8218 4415//8218 4385//8218
f 4475//8219 4469//8219 4456//8219
f 4471//8220 4453//8220 4460//8220
f 4471//8221 4139//8221 4453//8221
f 4475//8222 4458//8222 4134//8222
f 4475//8223 4456//8223 4458//8223
f 4149//8224 4466//8224 4465//8224
f 4476//8225 4383//8225 4424//8225
f 4419//8226 4407//8226 4359//8226
f 4149//8227 4465//8227 4469//8227
f 4477//8228 4360//8228 4354//8228
f 4083//8229 4113//8229 4075//8229
f 4083//8230 4075//8230 4452//8230
f 4478//8231 4406//8231 4397//8231
f 4463//8232 4075//8232 4074//8232
f 4084//8233 4083//8233 4461//8233
f 4094//8234 4134//8234 4458//8234
f 4160//8235 4149//8235 4469//8235
f 4160//8236 4469//8236 4475//8236
f 4132//8237 4059//8237 4464//8237
f 4132//8237 4057//8237 4059//8237
f 4139//8238 4084//8238 4453//8238
f 4139//8239 4171//8239 4084//8239
f 4115//8240 4127//8240 4454//8240
f 4479//8241 4424//8241 4425//8241
f 4447//8242 4375//8242 4394//8242
f 4447//8243 4421//8243 4375//8243
f 4480//8244 4354//8244 4408//8244
f 4184//8245 4160//8245 4475//8245
f 4152//8246 4156//8246 4150//8246
f 4152//8247 4098//8247 4156//8247
f 4152//8248 4481//8248 4098//8248
f 4144//8249 4482//8249 4142//8249
f 4184//8250 4475//8250 4134//8250
f 4184//8251 4134//8251 4133//8251
f 4132//8252 4466//8252 4149//8252
f 4470//8253 4426//8253 4386//8253
f 4483//8254 4397//8254 4410//8254
f 4484//8255 4410//8255 4393//8255
f 4140//8256 4485//8256 4144//8256
f 4486//8257 4334//8257 4360//8257
f 4486//8258 4422//8258 4334//8258
f 4487//8259 4443//8259 4488//8259
f 4139//8260 4138//8260 4171//8260
f 4113//8261 4121//8261 4075//8261
f 4113//8262 4112//8262 4121//8262
f 4140//8263 4139//8263 4485//8263
f 4433//8264 4365//8264 4420//8264
f 4143//8265 4140//8265 4144//8265
f 4171//8266 4082//8266 4084//8266
f 4171//8267 4195//8267 4082//8267
f 4154//8268 4482//8268 4127//8268
f 4489//8269 4403//8269 4356//8269
f 4489//8270 4356//8270 4414//8270
f 4488//8271 4436//8271 4435//8271
f 4434//8272 4419//8272 4353//8272
f 4154//8273 4142//8273 4482//8273
f 4095//8274 4128//8274 4221//8274
f 4447//8275 4394//8275 4399//8275
f 4170//8276 4195//8276 4171//8276
f 4490//8277 4143//8277 4142//8277
f 4186//8278 4138//8278 4140//8278
f 4186//8279 4140//8279 4143//8279
f 4186//8280 4143//8280 4490//8280
f 4491//8281 4451//8281 4412//8281
f 4221//8282 4156//8282 4095//8282
f 4232//8283 4085//8283 4088//8283
f 4187//8284 4490//8284 4142//8284
f 4261//8285 4156//8285 4221//8285
f 4455//8286 4395//8286 4450//8286
f 4492//8287 4490//8287 4187//8287
f 4492//8288 4186//8288 4490//8288
f 4455//8289 4417//8289 4395//8289
f 4261//8290 4155//8290 4156//8290
f 4422//8291 4429//8291 4373//8291
f 4492//8292 4268//8292 4204//8292
f 4492//8293 4204//8293 4186//8293
f 4187//8294 4291//8294 4492//8294
f 4442//8295 4390//8295 4391//8295
f 4261//8296 4205//8296 4155//8296
f 4314//8297 4205//8297 4261//8297
f 4303//8298 4247//8298 4164//8298
f 4303//8299 4164//8299 4243//8299
f 4268//8300 4492//8300 4291//8300
f 4456//8301 4423//8301 4389//8301
f 4473//8302 4366//8302 4429//8302
f 4474//8303 4385//8303 4432//8303
f 4297//8304 4314//8304 4351//8304
f 4297//8305 4205//8305 4314//8305
f 4313//8306 4200//8306 4296//8306
f 4295//8307 4247//8307 4303//8307
f 4321//8308 4250//8308 4313//8308
f 4297//8309 4351//8309 4413//8309
f 4321//8310 4313//8310 4415//8310
f 4297//8311 4413//8311 4379//8311
f 4446//8312 4431//8312 4430//8312
f 4364//8313 4335//8313 4295//8313
f 4379//8314 4302//8314 4297//8314
f 4417//8315 4434//8315 4377//8315
f 4335//8316 4364//8316 4436//8316
f 4436//8317 4370//8317 4335//8317
f 4361//8318 4379//8318 4451//8318
f 4493//8319 4412//8319 4416//8319
f 4443//8320 4370//8320 4436//8320
f 4443//8321 4436//8321 4488//8321
f 4451//8322 4402//8322 4361//8322
f 4448//8323 4399//8323 4428//8323
f 4494//8324 4435//8324 4402//8324
f 4495//8325 4416//8325 3461//8325
f 4442//8326 4443//8326 4487//8326
f 4435//8327 4494//8327 4496//8327
f 4496//8328 4497//8328 4435//8328
f 4498//8329 4499//8329 4500//8329
f 4501//8330 4498//8330 4500//8330
f 4502//8331 4108//8331 4503//8331
f 4137//8332 4503//8332 4108//8332
f 4137//8333 4108//8333 4107//8333
f 4150//8334 4088//8334 4151//8334
f 4150//8335 4232//8335 4088//8335
f 4184//8336 4133//8336 4199//8336
f 4498//8337 4390//8337 4442//8337
f 4504//8338 4380//8338 4403//8338
f 4504//8339 4408//8339 4380//8339
f 4444//8340 4505//8340 4396//8340
f 4506//8341 4419//8341 4434//8341
f 4464//8342 4507//8342 4427//8342
f 4505//8343 4430//8343 4396//8343
f 4448//8344 4447//8344 4399//8344
f 4497//8345 4488//8345 4435//8345
f 4508//8346 4414//8346 4415//8346
f 4508//8347 4415//8347 4474//8347
f 3461//8348 3385//8348 3383//8348
f 4491//8349 4402//8349 4451//8349
f 4483//8350 4478//8350 4397//8350
f 4457//8351 4389//8351 4421//8351
f 4509//8352 4484//8352 4393//8352
f 4470//8353 4386//8353 4423//8353
f 4509//8354 4393//8354 4433//8354
f 4457//8355 4456//8355 4389//8355
f 4510//8356 4473//8356 4429//8356
f 4445//8357 4398//8357 4439//8357
f 4506//8358 4434//8358 4417//8358
f 4464//8359 4427//8359 4426//8359
f 4460//8360 4439//8360 4407//8360
f 4460//8361 4407//8361 4419//8361
f 4491//8362 4412//8362 4493//8362
f 4476//8363 4437//8363 4383//8363
f 4511//8364 4433//8364 4420//8364
f 4511//8365 4420//8365 4473//8365
f 4512//8366 4479//8366 4425//8366
f 4468//8367 4457//8367 4421//8367
f 4477//8368 4486//8368 4360//8368
f 4456//8369 4470//8369 4423//8369
f 4481//8370 4424//8370 4479//8370
f 4513//8371 4402//8371 4491//8371
f 4513//8372 4494//8372 4402//8372
f 4514//8373 4478//8373 4483//8373
f 4480//8374 4477//8374 4354//8374
f 4493//8375 4416//8375 4495//8375
f 4465//8376 4464//8376 4426//8376
f 4504//8377 4403//8377 4489//8377
f 4515//8378 4509//8378 4433//8378
f 4498//8379 4432//8379 4390//8379
f 3497//8380 4495//8380 3461//8380
f 4516//8381 4487//8381 4488//8381
f 4516//8382 4488//8382 4497//8382
f 4452//8383 4448//8383 4428//8383
f 4517//8384 4410//8384 4484//8384
f 4517//8385 4483//8385 4410//8385
f 4518//8386 4506//8386 4417//8386
f 4472//8387 4460//8387 4419//8387
f 4499//8388 4442//8388 4487//8388
f 4499//8389 4498//8389 4442//8389
f 4519//8390 4429//8390 4422//8390
f 4519//8391 4510//8391 4429//8391
f 4472//8392 4419//8392 4506//8392
f 4468//8393 4421//8393 4447//8393
f 3529//8394 4493//8394 4495//8394
f 4096//8395 4512//8395 4520//8395
f 4067//8396 4408//8396 4504//8396
f 4067//8397 4480//8397 4408//8397
f 4465//8398 4426//8398 4470//8398
f 4521//8399 4446//8399 4430//8399
f 4087//8400 4437//8400 4476//8400
f 4087//8401 4444//8401 4437//8401
f 4510//8402 4511//8402 4473//8402
f 4069//8403 4414//8403 4508//8403
f 4069//8404 4489//8404 4414//8404
f 4152//8405 4476//8405 4424//8405
f 4152//8406 4424//8406 4481//8406
f 4468//8407 4447//8407 4449//8407
f 4522//8408 4496//8408 4494//8408
f 4522//8409 4494//8409 4513//8409
f 3529//8410 4495//8410 3497//8410
f 4517//8411 4484//8411 4509//8411
f 4523//8412 4433//8412 4511//8412
f 4523//8413 4515//8413 4433//8413
f 4501//8414 4432//8414 4498//8414
f 4501//8415 4474//8415 4432//8415
f 4524//8416 4491//8416 4493//8416
f 4462//8417 4449//8417 4448//8417
f 4091//8418 4504//8418 4489//8418
f 4525//8419 4430//8419 4505//8419
f 4499//8420 4487//8420 4516//8420
f 4118//8421 4486//8421 4477//8421
f 4518//8422 4417//8422 4455//8422
f 4526//8423 4483//8423 4517//8423
f 4526//8424 4514//8424 4483//8424
f 4066//8425 4477//8425 4480//8425
f 4527//8426 4472//8426 4506//8426
f 4521//8427 4459//8427 4446//8427
f 4502//8428 4497//8428 4496//8428
f 4502//8429 4516//8429 4497//8429
f 4086//8430 4505//8430 4444//8430
f 4519//8431 4422//8431 4486//8431
f 4524//8432 4513//8432 4491//8432
f 4528//8433 4518//8433 4455//8433
f 4524//8434 4493//8434 3529//8434
f 4503//8435 4499//8435 4516//8435
f 4529//8436 4510//8436 4519//8436
f 4530//8437 4509//8437 4515//8437
f 4530//8438 4517//8438 4509//8438
f 4503//8439 4516//8439 4502//8439
f 4521//8440 4430//8440 4101//8440
f 4454//8441 4528//8441 4455//8441
f 4531//8442 4522//8442 4513//8442
f 4094//8443 4457//8443 4468//8443
f 4094//8444 4458//8444 4457//8444
f 4464//8445 4059//8445 4507//8445
f 4453//8446 4461//8446 4445//8446
f 4071//8447 4496//8447 4522//8447
f 4096//8448 4479//8448 4512//8448
f 4501//8449 4508//8449 4474//8449
f 4091//8450 4489//8450 4069//8450
f 4078//8451 4523//8451 4511//8451
f 4104//8452 4511//8452 4510//8452
f 4151//8453 4476//8453 4152//8453
f 4061//8454 4531//8454 4513//8454
f 4061//8455 4513//8455 4524//8455
f 4525//8456 4505//8456 4086//8456
f 4086//8457 4444//8457 4087//8457
f 4106//8458 4459//8458 4521//8458
f 4485//8459 4472//8459 4527//8459
f 4485//8460 4471//8460 4472//8460
f 4083//8461 4452//8461 4461//8461
f 4137//8462 4500//8462 4499//8462
f 4063//8463 4508//8463 4501//8463
f 4098//8464 4479//8464 4096//8464
f 4101//8465 4430//8465 4525//8465
f 3544//8466 4524//8466 3529//8466
f 4090//8467 4067//8467 4504//8467
f 4090//8468 4504//8468 4091//8468
f 4527//8469 4506//8469 4518//8469
f 4071//8470 4502//8470 4496//8470
f 4078//8471 4511//8471 4104//8471
f 4104//8472 4510//8472 4529//8472
f 4084//8473 4461//8473 4453//8473
f 4066//8474 4118//8474 4477//8474
f 4151//8475 4087//8475 4476//8475
f 4530//8476 4526//8476 4517//8476
f 4081//8477 4530//8477 4515//8477
f 4081//8478 4515//8478 4523//8478
f 4466//8479 4132//8479 4464//8479
f 4118//8480 4519//8480 4486//8480
f 4137//8481 4499//8481 4503//8481
f 4074//8482 4467//8482 4463//8482
f 4074//8483 4116//8483 4467//8483
f 4115//8484 4459//8484 4106//8484
f 4522//8485 4531//8485 4061//8485
f 4115//8486 4454//8486 4459//8486
f 4116//8487 4468//8487 4467//8487
f 4116//8488 4094//8488 4468//8488
f 4482//8489 4518//8489 4528//8489
f 3581//8490 4524//8490 3544//8490
f 3581//8491 4061//8491 4524//8491
f 4088//8492 4087//8492 4151//8492
f 4064//8493 4501//8493 4500//8493
f 4070//8494 4502//8494 4071//8494
f 4070//8495 4108//8495 4502//8495
f 4127//8496 4528//8496 4454//8496
f 4532//8497 4526//8497 4530//8497
f 4063//8498 4069//8498 4508//8498
f 4482//8499 4527//8499 4518//8499
f 4060//8500 4522//8500 4061//8500
f 4097//8501 4096//8501 4520//8501
f 4097//8502 4520//8502 4129//8502
f 4485//8503 4139//8503 4471//8503
f 4098//8504 4481//8504 4479//8504
f 4068//8505 4091//8505 4069//8505
f 4064//8506 4063//8506 4501//8506
f 4102//8507 4525//8507 4086//8507
f 4077//8508 4081//8508 4523//8508
f 4077//8509 4523//8509 4078//8509
f 4111//8510 4067//8510 4090//8510
f 4066//8511 4480//8511 4067//8511
f 4060//8512 4071//8512 4522//8512
f 4109//8513 4108//8513 4070//8513
f 4120//8514 4529//8514 4519//8514
f 4120//8515 4519//8515 4118//8515
f 4144//8516 4527//8516 4482//8516
f 4076//8517 4078//8517 4104//8517
f 4111//8518 4065//8518 4067//8518
f 4144//8519 4485//8519 4527//8519
f 4123//8520 4500//8520 4137//8520
f 4123//8521 4064//8521 4500//8521
f 4119//8474 4118//8474 4066//8474
f 4100//8522 4521//8522 4101//8522
f 4100//8523 4106//8523 4521//8523
f 4102//8524 4101//8524 4525//8524
f 4072//8525 4071//8525 4060//8525
f 4124//8526 4104//8526 4529//8526
f 4127//8527 4482//8527 4528//8527
f 4080//8528 4530//8528 4081//8528
f 4080//8529 4532//8529 4530//8529
f 4093//8530 4134//8530 4094//8530
f 4120//8531 4124//8531 4529//8531
f 2462//8532 4533//8532 4534//8532
f 4535//8533 4536//8533 4537//8533
f 2458//8534 4533//8534 2462//8534
f 4538//8535 4535//8535 4537//8535
f 4539//8536 4535//8536 4538//8536
f 2397//8537 2181//8537 2452//8537
f 2383//8538 4540//8538 395//8538
f 4541//8539 4539//8539 4538//8539
f 4541//8540 4542//8540 4539//8540
f 4130//8541 4540//8541 2383//8541
f 4130//8542 4543//8542 4540//8542
f 4544//8543 4542//8543 4541//8543
f 4129//8544 4543//8544 4130//8544
f 4545//8545 4542//8545 4544//8545
f 4546//8546 4545//8546 4544//8546
f 4129//8547 4547//8547 4543//8547
f 4520//8548 4547//8548 4129//8548
f 4548//8549 4545//8549 4546//8549
f 4520//8550 4549//8550 4547//8550
f 4512//8551 4549//8551 4520//8551
f 4550//8552 4548//8552 4546//8552
f 4512//8553 4551//8553 4549//8553
f 4425//8554 4551//8554 4512//8554
f 4552//8555 4548//8555 4550//8555
f 4553//8556 4551//8556 4425//8556
f 4384//8557 4553//8557 4425//8557
f 4554//8558 4552//8558 4550//8558
f 4352//8559 4555//8559 4553//8559
f 4352//8560 4553//8560 4384//8560
f 4556//8561 4552//8561 4554//8561
f 4557//8562 4556//8562 4554//8562
f 4558//8563 4556//8563 4557//8563
f 4349//8564 4555//8564 4352//8564
f 4559//8565 4555//8565 4349//8565
f 4349//8566 4560//8566 4559//8566
f 4331//8567 4560//8567 4349//8567
f 4561//8568 4560//8568 4331//8568
f 4562//8569 4563//8569 4558//8569
f 4275//8570 4561//8570 4331//8570
f 4562//8571 4558//8571 4557//8571
f 4564//8572 4561//8572 4275//8572
f 4237//8573 4564//8573 4275//8573
f 4565//8574 4563//8574 4562//8574
f 4565//8575 4566//8575 4563//8575
f 4567//8576 4564//8576 4237//8576
f 4220//8577 4567//8577 4237//8577
f 4568//8578 4567//8578 4220//8578
f 4569//8579 4566//8579 4565//8579
f 4220//8580 4570//8580 4568//8580
f 4571//8581 4566//8581 4569//8581
f 4219//8582 4570//8582 4220//8582
f 4219//8583 4572//8583 4570//8583
f 4217//8584 4572//8584 4219//8584
f 4573//8585 4571//8585 4569//8585
f 4217//8586 4574//8586 4572//8586
f 4215//8587 4574//8587 4217//8587
f 2461//8588 4575//8588 4573//8588
f 2461//8589 4573//8589 4569//8589
f 4215//8590 4576//8590 4574//8590
f 4214//8591 4576//8591 4215//8591
f 2456//8592 4575//8592 2461//8592
f 4211//8593 4577//8593 4214//8593
f 2451//8594 4578//8594 2456//8594
f 2451//8595 4579//8595 4578//8595
f 4210//8596 4577//8596 4211//8596
f 4580//8597 4577//8597 4210//8597
f 2449//8598 4579//8598 2451//8598
f 4231//8599 4581//8599 4580//8599
f 4231//8600 4580//8600 4210//8600
f 2441//8601 4582//8601 2446//8601
f 4231//8602 4583//8602 4581//8602
f 2441//8603 4584//8603 4582//8603
f 4241//8604 4583//8604 4231//8604
f 4241//8605 4585//8605 4583//8605
f 2440//8606 4584//8606 2441//8606
f 2440//8607 4586//8607 4584//8607
f 2435//8608 4586//8608 2440//8608
f 4241//8609 4587//8609 4585//8609
f 4278//8610 4587//8610 4241//8610
f 2503//8611 4588//8611 2435//8611
f 4311//8612 4587//8612 4278//8612
f 2503//8613 4589//8613 4588//8613
f 4590//8614 4587//8614 4311//8614
f 2500//8615 4589//8615 2503//8615
f 2500//8616 4591//8616 4589//8616
f 4311//8617 4592//8617 4590//8617
f 4358//8618 4592//8618 4311//8618
f 2496//8619 4591//8619 2500//8619
f 2496//8620 4593//8620 4591//8620
f 2496//8621 4594//8621 4593//8621
f 4427//8622 4592//8622 4358//8622
f 2493//8623 4594//8623 2496//8623
f 4595//8624 4594//8624 2493//8624
f 4507//8625 4596//8625 4427//8625
f 4597//8626 4595//8626 2493//8626
f 2490//8627 4597//8627 2493//8627
f 4507//8628 4598//8628 4596//8628
f 4059//8629 4598//8629 4507//8629
f 4059//8630 4599//8630 4598//8630
f 2485//8631 4600//8631 2489//8631
f 2485//8632 4601//8632 4600//8632
f 2483//8633 4601//8633 2485//8633
f 2478//8634 4602//8634 2483//8634
f 2478//8635 4603//8635 4602//8635
f 4604//8636 4599//8636 4059//8636
f 2478//8637 4605//8637 4603//8637
f 2475//8638 4605//8638 2478//8638
f 2475//8639 4606//8639 4605//8639
f 4604//8640 4536//8640 4599//8640
f 2472//8641 4606//8641 2475//8641
f 2466//8642 4607//8642 2472//8642
f 2466//8643 4534//8643 4607//8643
f 4537//8644 4536//8644 4604//8644
f 2462//8645 4534//8645 2466//8645
f 4608//8646 4609//8646 4610//8646
f 4611//8647 4612//8647 4613//8647
f 4614//8648 4612//8648 4611//8648
f 4615//8649 4616//8649 4617//8649
f 4618//8650 4616//8650 4619//8650
f 4620//8651 4617//8651 4616//8651
f 4620//8652 4616//8652 4618//8652
f 4621//8653 4622//8653 4613//8653
f 4612//8654 4621//8654 4613//8654
f 4623//8655 4624//8655 4625//8655
f 4612//8656 4626//8656 4627//8656
f 4628//8657 4629//8657 4630//8657
f 4630//8658 4629//8658 4631//8658
f 4621//8659 4632//8659 4633//8659
f 4621//8660 4627//8660 4632//8660
f 4620//8661 4634//8661 4635//8661
f 4635//8662 4634//8662 4636//8662
f 4637//8663 4638//8663 4639//8663
f 4640//8664 4641//8664 4642//8664
f 4643//8665 4632//8665 4627//8665
f 4629//8666 4628//8666 4644//8666
f 4635//8667 4636//8667 4645//8667
f 4643//8668 4646//8668 4632//8668
f 4647//8669 4638//8669 4648//8669
f 4648//8670 4638//8670 4649//8670
f 4650//8671 4651//8671 4634//8671
f 4652//8672 4653//8672 4654//8672
f 4641//8673 4655//8673 4557//8673
f 4656//8674 4657//8674 4658//8674
f 4659//8675 4660//8675 4661//8675
f 4662//8676 4660//8676 4659//8676
f 4663//8677 4664//8677 4648//8677
f 4665//8678 4666//8678 4667//8678
f 4641//8679 4668//8679 4655//8679
f 4667//8680 4666//8680 4669//8680
f 4670//8681 4671//8681 4672//8681
f 4673//8682 4669//8682 4674//8682
f 4675//8683 4669//8683 4676//8683
f 4676//8684 4669//8684 4673//8684
f 4674//8685 4677//8685 3317//8685
f 4678//8686 4679//8686 4680//8686
f 4640//8687 4668//8687 4641//8687
f 4681//8688 4679//8688 4678//8688
f 4681//8689 4682//8689 4679//8689
f 4623//8690 4683//8690 4624//8690
f 4679//8691 4682//8691 4684//8691
f 4631//8692 4685//8692 4686//8692
f 4629//8693 4687//8693 4631//8693
f 3278//8694 4677//8694 3274//8694
f 4688//8695 4689//8695 4690//8695
f 4691//8696 4692//8696 4693//8696
f 4694//8697 4695//8697 4696//8697
f 4697//8698 4698//8698 4680//8698
f 4699//8699 4700//8699 4701//8699
f 4701//8700 4700//8700 4702//8700
f 4637//8701 4649//8701 4638//8701
f 4703//8702 4704//8702 4705//8702
f 4634//8703 4651//8703 4636//8703
f 4706//8704 4698//8704 4697//8704
f 4707//8705 4704//8705 4703//8705
f 4708//8706 4696//8706 4709//8706
f 4710//8707 4687//8707 4629//8707
f 4624//8708 4695//8708 4694//8708
f 4711//8709 4712//8709 4623//8709
f 4623//8710 4712//8710 4683//8710
f 4631//8711 4713//8711 4685//8711
f 4631//8712 4687//8712 4713//8712
f 4714//8713 4715//8713 4716//8713
f 4609//8714 4717//8714 4718//8714
f 4718//8715 4717//8715 4719//8715
f 3278//8716 3317//8716 4677//8716
f 4715//8717 4720//8717 4716//8717
f 4721//8718 4720//8718 4722//8718
f 4671//8719 4723//8719 4672//8719
f 4671//8720 4724//8720 4723//8720
f 4668//8721 4725//8721 4655//8721
f 4726//8722 4727//8722 4728//8722
f 4711//8723 4729//8723 4712//8723
f 4672//8724 4729//8724 4711//8724
f 4721//8725 4730//8725 4720//8725
f 4726//8726 4731//8726 4727//8726
f 4732//8727 4731//8727 4726//8727
f 3304//8728 4733//8728 3317//8728
f 4732//8729 4734//8729 4731//8729
f 4735//8730 4734//8730 4732//8730
f 4721//8731 2465//8731 4730//8731
f 4736//8732 4733//8732 2643//8732
f 4541//8733 4737//8733 4544//8733
f 4694//8734 4708//8734 4738//8734
f 4712//8735 4739//8735 4683//8735
f 4733//8736 3304//8736 2643//8736
f 4080//8737 4079//8737 4740//8737
f 4079//8738 4741//8738 4740//8738
f 4742//8739 4743//8739 4744//8739
f 4745//8740 4746//8740 4709//8740
f 4655//8741 4725//8741 4747//8741
f 4748//8742 4749//8742 4724//8742
f 4742//8743 4750//8743 4743//8743
f 4709//8744 4751//8744 4745//8744
f 4743//8745 4750//8745 4752//8745
f 4709//8746 4696//8746 4751//8746
f 4753//8747 4754//8747 4755//8747
f 4725//8748 4691//8748 4747//8748
f 4695//8749 4751//8749 4696//8749
f 4756//8750 4688//8750 4757//8750
f 4758//8751 4755//8751 4759//8751
f 4760//8752 4761//8752 4762//8752
f 4712//8753 4763//8753 4739//8753
f 4729//8754 4763//8754 4712//8754
f 4688//8755 4756//8755 4764//8755
f 4683//8756 4765//8756 4624//8756
f 4683//8757 4739//8757 4765//8757
f 4742//8758 4766//8758 4750//8758
f 4750//8759 4766//8759 4767//8759
f 4766//8760 4768//8760 4767//8760
f 4723//8761 4769//8761 4729//8761
f 4765//8762 4770//8762 4695//8762
f 4771//8763 4739//8763 4763//8763
f 4208//8764 4619//8764 4235//8764
f 4759//8765 4614//8765 4611//8765
f 4761//8766 4615//8766 4617//8766
f 4772//8767 4614//8767 4759//8767
f 4771//8768 4773//8768 4739//8768
f 4729//8769 4769//8769 4763//8769
f 4723//8770 4774//8770 4769//8770
f 4749//8771 4775//8771 4774//8771
f 4754//8772 4776//8772 4777//8772
f 4773//8773 4778//8773 4739//8773
f 4208//8774 4292//8774 4619//8774
f 4751//8775 4779//8775 4780//8775
f 4702//8776 4781//8776 4782//8776
f 4772//8777 4777//8777 4626//8777
f 4774//8778 4783//8778 4769//8778
f 4775//8779 4783//8779 4774//8779
f 4619//8780 4616//8780 4615//8780
f 4781//8781 4784//8781 4782//8781
f 4782//8782 4784//8782 4785//8782
f 4776//8783 4786//8783 4777//8783
f 4617//8784 4786//8784 4776//8784
f 4784//8785 4787//8785 4785//8785
f 4786//8786 4788//8786 4777//8786
f 4777//8787 4788//8787 4626//8787
f 4779//8788 4789//8788 4780//8788
f 4790//8789 4791//8789 4792//8789
f 4783//8790 4639//8790 4793//8790
f 4794//8791 4791//8791 4790//8791
f 4783//8792 4795//8792 4639//8792
f 4292//8793 4304//8793 4796//8793
f 4637//8794 4639//8794 4797//8794
f 4797//8795 4639//8795 4795//8795
f 4791//8796 4798//8796 4799//8796
f 4794//8797 4798//8797 4791//8797
f 4635//8798 4788//8798 4786//8798
f 4304//8799 4337//8799 4796//8799
f 4789//8800 4800//8800 4780//8800
f 4780//8801 4800//8801 4801//8801
f 4802//8802 4714//8802 4803//8802
f 4618//8803 4634//8803 4620//8803
f 4788//8804 4804//8804 4805//8804
f 4788//8805 4645//8805 4804//8805
f 4654//8806 4799//8806 4798//8806
f 4804//8807 4806//8807 4805//8807
f 4807//8808 4796//8808 4808//8808
f 4808//8809 4796//8809 4337//8809
f 4803//8810 4714//8810 4716//8810
f 4809//8811 4800//8811 4789//8811
f 4810//8812 4800//8812 4809//8812
f 4801//8813 4800//8813 4811//8813
f 4799//8814 4649//8814 4637//8814
f 4716//8815 4812//8815 4803//8815
f 4803//8816 4812//8816 4569//8816
f 4813//8817 4654//8817 4798//8817
f 4814//8818 4815//8818 4816//8818
f 4654//8819 4649//8819 4799//8819
f 4569//8820 4812//8820 2461//8820
f 4817//8821 4650//8821 4634//8821
f 4818//8822 4819//8822 4811//8822
f 4550//8823 4819//8823 4818//8823
f 4820//8824 4643//8824 4806//8824
f 4730//8825 4812//8825 4716//8825
f 4821//8826 4367//8826 4392//8826
f 4822//8827 4367//8827 4821//8827
f 2465//8828 4812//8828 4730//8828
f 2461//8829 4812//8829 2465//8829
f 4807//8830 4817//8830 4796//8830
f 4823//8831 4824//8831 4825//8831
f 4650//8832 4817//8832 4826//8832
f 4823//8833 4827//8833 4824//8833
f 4661//8834 4827//8834 4823//8834
f 4734//8835 4721//8835 4722//8835
f 4816//8836 4652//8836 4813//8836
f 4657//8837 4636//8837 4658//8837
f 4816//8838 4815//8838 4652//8838
f 4828//8839 4659//8839 4829//8839
f 4800//8840 4810//8840 4811//8840
f 4830//8841 4815//8841 4814//8841
f 4831//8842 4832//8842 4833//8842
f 4817//8843 4807//8843 4834//8843
f 4650//8844 4835//8844 4651//8844
f 4826//8845 4835//8845 4650//8845
f 4643//8846 4820//8846 4836//8846
f 4837//8847 4080//8847 4740//8847
f 4661//8848 4838//8848 4827//8848
f 4833//8849 4839//8849 4840//8849
f 4649//8850 4653//8850 4648//8850
f 4636//8851 4651//8851 4658//8851
f 4839//8852 4744//8852 4840//8852
f 4836//8853 4820//8853 4841//8853
f 4842//8854 4820//8854 4806//8854
f 4843//8855 4844//8855 4845//8855
f 4741//8856 4846//8856 4740//8856
f 4839//8857 4846//8857 4758//8857
f 4157//8858 4741//8858 4079//8858
f 4758//8859 4744//8859 4839//8859
f 4846//8860 4741//8860 4753//8860
f 4554//8861 4642//8861 4641//8861
f 4665//8862 4847//8862 4848//8862
f 4659//8863 4661//8863 4829//8863
f 4829//8864 4661//8864 4823//8864
f 4840//8865 4744//8865 4743//8865
f 4157//8866 4849//8866 4741//8866
f 4850//8867 4830//8867 4851//8867
f 4741//8868 4849//8868 4753//8868
f 4651//8869 4835//8869 4852//8869
f 4175//8870 4849//8870 4157//8870
f 4664//8871 4853//8871 4647//8871
f 4834//8872 4835//8872 4826//8872
f 4653//8873 4854//8873 4648//8873
f 4652//8874 4855//8874 4653//8874
f 4834//8875 4852//8875 4835//8875
f 4658//8876 4856//8876 4656//8876
f 4753//8877 4849//8877 4762//8877
f 4842//8878 4857//8878 4858//8878
f 4059//8879 4058//8879 4604//8879
f 4058//8880 4859//8880 4604//8880
f 4860//8881 4810//8881 4861//8881
f 4744//8882 4758//8882 4742//8882
f 4862//8883 4810//8883 4860//8883
f 4057//8884 4863//8884 4058//8884
f 4604//8885 4859//8885 4864//8885
f 4846//8886 4753//8886 4758//8886
f 4865//8887 4866//8887 4850//8887
f 4825//8888 4824//8888 4867//8888
f 4058//8889 4863//8889 4859//8889
f 4758//8890 4753//8890 4755//8890
f 4175//8891 4760//8891 4849//8891
f 4188//8892 4760//8892 4175//8892
f 4852//8893 4856//8893 4651//8893
f 4753//8894 4762//8894 4754//8894
f 4604//8895 4864//8895 4868//8895
f 4758//8896 4759//8896 4742//8896
f 4604//8897 4868//8897 4537//8897
f 4546//8898 4746//8898 4550//8898
f 3258//8899 4856//8899 4852//8899
f 4869//8900 4856//8900 3258//8900
f 3258//8901 4852//8901 3259//8901
f 4848//8902 4666//8902 4665//8902
f 4131//8903 4870//8903 4057//8903
f 4849//8904 4760//8904 4762//8904
f 4057//8905 4870//8905 4863//8905
f 4856//8906 4871//8906 4656//8906
f 4872//8907 4873//8907 4664//8907
f 4863//8908 4870//8908 4874//8908
f 4775//8909 4749//8909 4875//8909
f 4875//8910 4749//8910 4876//8910
f 4866//8911 4865//8911 4877//8911
f 4867//8912 4824//8912 4878//8912
f 4550//8913 4746//8913 4879//8913
f 4880//8914 4663//8914 4881//8914
f 4882//8915 4848//8915 4871//8915
f 4859//8916 4883//8916 4864//8916
f 4188//8917 4235//8917 4760//8917
f 4664//8918 4663//8918 4872//8918
f 4624//8919 4765//8919 4695//8919
f 4884//8920 4885//8920 4877//8920
f 4762//8921 4761//8921 4754//8921
f 4131//8922 4886//8922 4870//8922
f 4159//8923 4886//8923 4131//8923
f 4754//8924 4772//8924 4755//8924
f 4755//8925 4772//8925 4759//8925
f 4760//8926 4235//8926 4761//8926
f 4882//8927 4871//8927 4869//8927
f 4746//8928 4745//8928 4879//8928
f 4854//8929 4885//8929 4887//8929
f 4742//8930 4611//8930 4766//8930
f 4759//8931 4611//8931 4742//8931
f 4864//8932 4883//8932 4868//8932
f 4235//8933 4615//8933 4761//8933
f 4870//8934 4888//8934 4874//8934
f 4869//8935 3258//8935 3025//8935
f 4617//8936 4776//8936 4761//8936
f 4761//8937 4776//8937 4754//8937
f 4619//8938 4615//8938 4235//8938
f 4889//8939 4890//8939 4891//8939
f 4892//8940 4893//8940 4865//8940
f 4865//8941 4893//8941 4894//8941
f 4891//8942 4895//8942 4889//8942
f 4611//8943 4613//8943 4766//8943
f 4870//8944 4896//8944 4888//8944
f 4897//8945 4878//8945 4898//8945
f 4867//8946 4878//8946 4897//8946
f 4838//8947 4899//8947 4900//8947
f 4245//8948 4318//8948 4159//8948
f 4873//8949 4901//8949 4899//8949
f 4769//8950 4771//8950 4763//8950
f 4872//8951 4901//8951 4873//8951
f 4868//8952 4902//8952 4537//8952
f 4885//8953 4884//8953 4887//8953
f 4537//8954 4902//8954 4903//8954
f 4824//8955 4904//8955 4878//8955
f 4900//8956 4904//8956 4824//8956
f 4769//8957 4793//8957 4771//8957
f 4783//8958 4793//8958 4769//8958
f 4845//8959 4770//8959 4778//8959
f 4905//8960 4892//8960 4906//8960
f 4898//8961 4878//8961 4904//8961
f 4877//8962 4894//8962 4907//8962
f 4537//8963 4903//8963 4538//8963
f 4888//8964 4896//8964 4908//8964
f 4868//8965 4909//8965 4902//8965
f 4889//8966 4910//8966 4890//8966
f 4793//8967 4639//8967 4911//8967
f 3025//8968 3274//8968 4869//8968
f 4869//8969 3274//8969 4882//8969
f 4900//8970 4899//8970 4912//8970
f 4883//8971 4909//8971 4868//8971
f 4799//8972 4637//8972 4797//8972
f 4863//8973 4874//8973 4859//8973
f 4913//8974 4894//8974 4893//8974
f 4859//8975 4874//8975 4883//8975
f 4883//8976 4914//8976 4909//8976
f 4888//8977 4883//8977 4874//8977
f 4318//8978 4886//8978 4159//8978
f 4870//8979 4886//8979 4896//8979
f 4915//8980 4916//8980 4901//8980
f 4318//8981 4896//8981 4886//8981
f 4896//8982 4917//8982 4908//8982
f 4883//8983 4888//8983 4908//8983
f 4896//8984 4318//8984 4918//8984
f 4908//8985 4914//8985 4883//8985
f 4318//8986 4919//8986 4918//8986
f 4914//8987 4908//8987 4920//8987
f 4674//8988 3317//8988 4673//8988
f 4921//8989 4918//8989 4922//8989
f 4921//8990 4917//8990 4918//8990
f 4896//8991 4918//8991 4917//8991
f 4919//8992 4922//8992 4918//8992
f 4273//8993 4919//8993 4318//8993
f 4368//8994 4919//8994 4273//8994
f 4368//8995 4922//8995 4919//8995
f 4793//8996 4911//8996 4828//8996
f 4828//8997 4911//8997 4662//8997
f 4921//8998 4922//8998 4923//8998
f 4367//8999 4808//8999 4337//8999
f 4922//9000 4924//9000 4925//9000
f 4378//9001 4924//9001 4368//9001
f 4368//9002 4924//9002 4922//9002
f 4922//9003 4925//9003 4923//9003
f 4904//9004 4926//9004 4927//9004
f 4639//9005 4638//9005 4911//9005
f 4925//9006 4928//9006 4923//9006
f 4923//9007 4928//9007 4929//9007
f 4930//9008 4928//9008 4924//9008
f 4794//9009 4813//9009 4798//9009
f 4924//9010 4928//9010 4925//9010
f 4902//9011 4931//9011 4903//9011
f 4932//9012 4933//9012 4934//9012
f 4478//9013 4930//9013 4924//9013
f 4935//9014 4929//9014 4928//9014
f 4936//9015 4937//9015 4932//9015
f 4932//9016 4937//9016 4933//9016
f 4894//9017 4913//9017 4938//9017
f 4928//9018 4930//9018 4935//9018
f 4478//9019 4939//9019 4930//9019
f 4794//9020 4816//9020 4813//9020
f 4940//9021 4941//9021 4916//9021
f 4942//9022 4935//9022 4930//9022
f 4478//9023 4514//9023 4939//9023
f 4943//9024 4942//9024 4930//9024
f 4367//9025 4822//9025 4808//9025
f 4934//9026 4944//9026 4676//9026
f 4912//9027 4941//9027 4945//9027
f 4930//9028 4939//9028 4943//9028
f 4514//9029 4831//9029 4939//9029
f 4831//9030 4943//9030 4939//9030
f 4946//9031 4947//9031 4948//9031
f 4948//9032 4947//9032 4949//9032
f 4532//9033 4832//9033 4526//9033
f 4950//9034 4937//9034 4936//9034
f 4908//9035 4917//9035 4951//9035
f 4935//9036 4942//9036 4952//9036
f 4911//9037 4638//9037 4647//9037
f 4514//9038 4832//9038 4831//9038
f 4526//9039 4832//9039 4514//9039
f 4828//9040 4662//9040 4659//9040
f 4953//9041 4954//9041 4926//9041
f 4950//9042 4955//9042 4937//9042
f 4942//9043 4956//9043 4952//9043
f 4957//9044 4955//9044 4950//9044
f 4938//9045 4913//9045 4958//9045
f 4902//9046 4909//9046 4931//9046
f 4808//9047 4822//9047 4807//9047
f 4550//9048 4818//9048 4554//9048
f 4943//9049 4959//9049 4942//9049
f 4903//9050 4960//9050 4538//9050
f 4957//9051 4905//9051 4955//9051
f 4959//9052 4943//9052 4831//9052
f 4961//9053 4945//9053 4941//9053
f 4840//9054 4831//9054 4833//9054
f 4940//9055 4961//9055 4941//9055
f 4908//9056 4951//9056 4920//9056
f 4962//9057 4809//9057 4789//9057
f 4938//9058 4958//9058 4963//9058
f 4964//9059 4965//9059 4927//9059
f 4966//9060 4967//9060 4968//9060
f 4903//9061 4931//9061 4960//9061
f 4969//9062 4913//9062 4957//9062
f 4954//9063 4970//9063 4926//9063
f 4962//9064 4844//9064 4809//9064
f 4952//9065 4956//9065 4971//9065
f 4966//9066 4972//9066 4967//9066
f 4831//9067 4840//9067 4959//9067
f 4926//9068 4970//9068 4964//9068
f 4913//9069 4969//9069 4958//9069
f 4973//9070 4965//9070 4964//9070
f 4942//9071 4974//9071 4956//9071
f 4959//9072 4974//9072 4942//9072
f 4646//9073 4836//9073 4814//9073
f 4954//9074 4945//9074 4681//9074
f 4532//9075 4837//9075 4832//9075
f 4080//9076 4837//9076 4532//9076
f 4845//9077 4844//9077 4962//9077
f 4975//9078 4958//9078 4969//9078
f 4409//9079 4821//9079 4392//9079
f 4976//9080 4977//9080 4972//9080
f 4972//9081 4977//9081 4978//9081
f 4832//9082 4837//9082 4833//9082
f 4954//9083 4678//9083 4970//9083
f 4979//9084 4681//9084 4961//9084
f 4959//9085 4840//9085 4980//9085
f 4961//9086 4681//9086 4945//9086
f 4747//9087 4981//9087 4655//9087
f 4982//9088 4977//9088 4976//9088
f 4826//9089 4817//9089 4834//9089
f 4983//9090 4958//9090 4975//9090
f 4837//9091 4839//9091 4833//9091
f 4914//9092 4984//9092 4909//9092
f 4861//9093 4810//9093 4809//9093
f 4836//9094 4985//9094 4814//9094
f 4682//9095 4681//9095 4979//9095
f 4983//9096 4986//9096 4958//9096
f 4822//9097 4834//9097 4807//9097
f 4977//9098 4982//9098 4979//9098
f 4987//9099 4988//9099 4989//9099
f 4990//9100 4986//9100 4983//9100
f 4991//9101 4988//9101 4973//9101
f 4834//9102 4822//9102 4992//9102
f 4690//9103 4691//9103 4993//9103
f 4993//9104 4691//9104 4725//9104
f 4980//9105 4994//9105 4959//9105
f 4538//9106 4960//9106 4995//9106
f 4970//9107 4996//9107 4964//9107
f 4538//9108 4995//9108 4541//9108
f 4959//9109 4994//9109 4974//9109
f 4987//9110 4756//9110 4949//9110
f 4989//9111 4756//9111 4987//9111
f 4997//9112 4682//9112 4982//9112
f 4982//9113 4682//9113 4979//9113
f 4740//9114 4839//9114 4837//9114
f 4678//9115 4996//9115 4970//9115
f 4690//9116 4692//9116 4691//9116
f 4986//9117 4998//9117 4999//9117
f 4680//9118 4996//9118 4678//9118
f 4914//9119 4920//9119 4984//9119
f 4809//9120 4844//9120 5000//9120
f 4991//9121 4973//9121 5001//9121
f 4985//9122 4851//9122 4814//9122
f 4814//9123 4851//9123 4830//9123
f 4971//9124 4748//9124 4671//9124
f 4956//9125 4748//9125 4971//9125
f 4909//9126 5002//9126 4931//9126
f 5003//9127 4843//9127 4845//9127
f 4747//9128 5004//9128 5005//9128
f 4841//9129 4985//9129 4836//9129
f 4757//9130 4688//9130 4690//9130
f 4909//9131 4984//9131 5002//9131
f 4409//9132 2961//9132 3256//9132
f 4973//9133 5006//9133 5001//9133
f 4976//9134 5007//9134 4982//9134
f 4982//9135 5007//9135 4997//9135
f 4851//9136 4985//9136 4841//9136
f 4999//9137 5007//9137 4976//9137
f 4989//9138 5008//9138 4756//9138
f 4825//9139 4843//9139 5003//9139
f 4997//9140 5007//9140 5009//9140
f 4980//9141 5010//9141 4994//9141
f 4960//9142 4931//9142 5011//9142
f 5012//9143 5007//9143 5013//9143
f 4991//9144 5008//9144 4989//9144
f 5000//9145 4844//9145 5014//9145
f 4840//9146 5010//9146 4980//9146
f 4743//9147 5010//9147 4840//9147
f 4737//9148 4709//9148 4746//9148
f 4956//9149 4974//9149 4748//9149
f 4406//9150 4924//9150 4378//9150
f 4740//9151 4846//9151 4839//9151
f 5012//9152 5009//9152 5007//9152
f 4691//9153 4693//9153 5015//9153
f 4974//9154 5016//9154 4748//9154
f 4680//9155 5017//9155 4996//9155
f 4892//9156 4850//9156 4851//9156
f 4544//9157 4746//9157 4546//9157
f 4996//9158 5017//9158 5006//9158
f 5018//9159 5008//9159 4699//9159
f 4917//9160 5019//9160 4951//9160
f 4756//9161 5018//9161 4764//9161
f 5008//9162 5018//9162 4756//9162
f 4825//9163 4867//9163 4843//9163
f 4562//9164 5020//9164 4565//9164
f 4811//9165 4810//9165 4818//9165
f 5021//9166 5001//9166 5006//9166
f 5006//9167 5017//9167 5021//9167
f 4844//9168 4843//9168 5014//9168
f 5022//9169 4994//9169 5010//9169
f 4974//9170 4994//9170 5016//9170
f 4748//9171 4724//9171 4671//9171
f 4981//9172 5005//9172 5020//9172
f 4858//9173 5023//9173 4841//9173
f 5024//9174 5025//9174 4684//9174
f 5023//9175 5026//9175 4841//9175
f 5027//9176 5024//9176 5009//9176
f 4994//9177 5022//9177 5016//9177
f 5021//9178 5028//9178 5001//9178
f 5029//9179 5028//9179 5021//9179
f 4810//9180 4862//9180 4818//9180
f 4764//9181 5018//9181 5030//9181
f 4992//9182 3271//9182 4834//9182
f 5030//9183 5018//9183 5031//9183
f 5027//9184 5025//9184 5024//9184
f 5032//9185 5025//9185 5027//9185
f 4890//9186 5023//9186 4891//9186
f 4478//9187 4924//9187 4406//9187
f 4841//9188 5026//9188 4851//9188
f 4834//9189 3259//9189 4852//9189
f 4809//9190 5000//9190 4861//9190
f 4860//9191 5000//9191 5033//9191
f 4861//9192 5000//9192 4860//9192
f 4917//9193 5034//9193 5019//9193
f 4921//9194 5034//9194 4917//9194
f 3271//9195 3259//9195 4834//9195
f 5005//9196 5035//9196 5036//9196
f 4752//9197 5010//9197 4743//9197
f 5025//9198 5032//9198 4697//9198
f 5037//9199 5017//9199 4706//9199
f 4843//9200 4867//9200 5014//9200
f 5029//9201 4699//9201 5028//9201
f 5014//9202 4867//9202 4897//9202
f 4700//9203 4699//9203 5029//9203
f 5010//9204 4752//9204 5022//9204
f 4672//9205 4723//9205 4729//9205
f 4701//9206 5031//9206 5018//9206
f 4702//9207 5031//9207 4701//9207
f 5005//9208 5038//9208 5020//9208
f 5036//9209 5038//9209 5005//9209
f 4890//9210 5026//9210 5023//9210
f 5030//9211 5031//9211 5039//9211
f 4693//9212 5040//9212 5035//9212
f 5016//9213 4876//9213 4748//9213
f 5041//9214 4706//9214 5042//9214
f 5026//9215 5043//9215 4851//9215
f 4851//9216 5043//9216 4892//9216
f 5029//9217 5044//9217 5045//9217
f 5021//9218 5044//9218 5029//9218
f 5039//9219 5040//9219 4693//9219
f 4892//9220 4865//9220 4850//9220
f 4723//9221 4724//9221 4774//9221
f 5000//9222 5014//9222 5033//9222
f 5040//9223 5046//9223 5035//9223
f 5047//9224 5046//9224 5040//9224
f 5048//9225 4702//9225 4782//9225
f 4748//9226 4876//9226 4749//9226
f 5041//9227 5037//9227 4706//9227
f 4951//9228 5019//9228 4920//9228
f 4906//9229 5026//9229 4890//9229
f 5022//9230 4752//9230 4876//9230
f 4702//9231 5048//9231 5031//9231
f 5043//9232 5026//9232 4906//9232
f 5038//9233 4565//9233 5020//9233
f 5022//9234 4876//9234 5016//9234
f 5031//9235 5049//9235 5039//9235
f 5036//9236 5050//9236 5038//9236
f 5037//9237 5041//9237 5044//9237
f 5051//9238 5045//9238 5052//9238
f 5049//9239 5040//9239 5039//9239
f 4724//9240 4749//9240 4774//9240
f 5036//9241 5053//9241 5050//9241
f 5041//9242 5054//9242 5044//9242
f 4750//9243 4767//9243 4752//9243
f 4752//9244 4767//9244 4876//9244
f 4923//9245 5055//9245 4921//9245
f 4921//9246 5055//9246 5034//9246
f 5052//9247 5054//9247 5056//9247
f 5057//9248 4630//9248 5053//9248
f 5046//9249 5047//9249 5058//9249
f 4541//9250 4995//9250 4737//9250
f 5038//9251 5059//9251 4565//9251
f 5060//9252 5059//9252 5038//9252
f 4931//9253 5061//9253 5011//9253
f 5048//9254 5062//9254 5049//9254
f 4860//9255 5033//9255 5063//9255
f 5051//9256 5052//9256 5064//9256
f 5064//9257 5052//9257 5056//9257
f 5033//9258 5014//9258 4946//9258
f 4787//9259 5065//9259 4785//9259
f 4818//9260 4640//9260 4642//9260
f 5062//9261 5066//9261 5058//9261
f 4876//9262 4767//9262 4875//9262
f 4860//9263 5067//9263 4862//9263
f 5058//9264 5066//9264 4628//9264
f 4628//9265 5066//9265 4644//9265
f 5059//9266 4802//9266 4803//9266
f 5060//9267 4802//9267 5059//9267
f 5067//9268 4640//9268 4862//9268
f 4862//9269 4640//9269 4818//9269
f 4920//9270 5068//9270 4984//9270
f 4610//9271 5066//9271 5062//9271
f 5065//9272 4704//9272 5062//9272
f 4686//9273 4685//9273 5069//9273
f 5069//9274 4685//9274 5060//9274
f 4923//9275 4929//9275 5055//9275
f 4704//9276 4610//9276 5062//9276
f 4787//9277 4704//9277 5065//9277
f 5070//9278 4705//9278 4787//9278
f 4787//9279 4705//9279 4704//9279
f 5014//9280 4897//9280 4946//9280
f 4640//9281 5067//9281 5071//9281
f 4795//9282 4775//9282 4875//9282
f 4783//9283 4775//9283 4795//9283
f 4920//9284 5072//9284 5068//9284
f 4644//9285 4718//9285 4629//9285
f 5033//9286 4946//9286 5063//9286
f 4704//9287 4608//9287 4610//9287
f 5019//9288 5072//9288 4920//9288
f 4802//9289 4715//9289 4714//9289
f 5063//9290 5073//9290 4860//9290
f 4609//9291 4718//9291 4644//9291
f 4860//9292 5073//9292 5067//9292
f 4745//9293 4801//9293 4879//9293
f 4767//9294 5074//9294 4875//9294
f 4792//9295 5074//9295 4767//9295
f 5002//9296 5061//9296 4931//9296
f 4713//9297 4715//9297 4685//9297
f 5011//9298 4738//9298 4960//9298
f 4718//9299 4710//9299 4629//9299
f 5071//9300 5067//9300 4993//9300
f 4719//9301 4710//9301 4718//9301
f 4707//9302 4608//9302 4704//9302
f 5075//9303 4713//9303 4687//9303
f 4722//9304 4713//9304 5075//9304
f 5074//9305 4797//9305 4875//9305
f 4713//9306 4720//9306 4715//9306
f 4710//9307 5075//9307 4687//9307
f 4608//9308 4717//9308 4609//9308
f 5002//9309 4625//9309 5061//9309
f 5076//9310 4717//9310 4608//9310
f 4995//9311 4708//9311 4737//9311
f 4797//9312 4795//9312 4875//9312
f 4722//9313 4720//9313 4713//9313
f 4717//9314 5077//9314 4719//9314
f 4791//9315 5074//9315 4792//9315
f 4710//9316 4731//9316 5075//9316
f 5067//9317 5073//9317 4993//9317
f 5075//9318 4734//9318 4722//9318
f 4984//9319 4623//9319 5002//9319
f 4719//9320 4728//9320 4710//9320
f 5011//9321 5061//9321 4738//9321
f 4727//8722 4710//8722 4728//8722
f 4791//9322 4797//9322 5074//9322
f 4897//9323 4898//9323 5078//9323
f 4960//9324 4708//9324 4995//9324
f 5078//9325 4898//9325 4927//9325
f 4910//9326 4905//9326 4906//9326
f 4710//9327 4727//9327 4731//9327
f 5077//9328 4728//9328 4719//9328
f 4933//9329 4937//9329 4889//9329
f 4889//9330 4937//9330 4910//9330
f 4897//9331 5078//9331 4946//9331
f 4720//9332 4730//9332 4716//9332
f 5079//9333 4916//9333 4915//9333
f 4731//9334 4734//9334 5075//9334
f 4791//9335 4799//9335 4797//9335
f 5034//9336 5080//9336 5019//9336
f 5019//9337 5080//9337 5072//9337
f 4993//9338 5073//9338 5081//9338
f 4946//9339 5078//9339 4947//9339
f 2465//9340 4721//9340 4735//9340
f 4967//9341 5082//9341 4968//9341
f 4735//9342 4721//9342 4734//9342
f 4745//9343 4751//9343 4780//9343
f 4904//9344 4927//9344 4898//9344
f 4778//9345 4765//9345 4739//9345
f 4695//9346 4779//9346 4751//9346
f 4770//9347 4779//9347 4695//9347
f 5002//9348 4623//9348 4625//9348
f 4984//9349 5068//9349 4623//9349
f 4770//9350 4765//9350 4778//9350
f 4766//9351 4622//9351 4768//9351
f 4960//9352 4738//9352 4708//9352
f 4946//9353 4948//9353 5063//9353
f 4754//9354 4777//9354 4772//9354
f 4780//9355 4801//9355 4745//9355
f 5063//9356 4948//9356 5073//9356
f 4767//9357 4768//9357 4792//9357
f 4967//9358 5083//9358 5082//9358
f 4766//9359 4613//9359 4622//9359
f 4772//9360 4626//9360 4614//9360
f 4910//9361 4955//9361 4905//9361
f 5083//9362 4978//9362 4915//9362
f 4879//9363 4819//9363 4550//9363
f 4793//9364 4828//9364 4771//9364
f 4614//9365 4626//9365 4612//9365
f 4947//9366 5078//9366 4949//9366
f 4792//9367 4622//9367 4790//9367
f 4967//9368 4978//9368 5083//9368
f 4768//9369 4622//9369 4792//9369
f 4940//9370 4916//9370 5079//9370
f 5055//9371 5080//9371 5034//9371
f 4668//9372 5071//9372 4725//9372
f 4640//9373 5071//9373 4668//9373
f 4773//9374 5003//9374 4778//9374
f 4771//9375 5003//9375 4773//9375
f 4292//9376 4618//9376 4619//9376
f 4915//9377 4978//9377 5079//9377
f 5072//9378 5084//9378 5068//9378
f 4626//9379 4788//9379 4805//9379
f 4912//9380 4945//9380 4953//9380
f 4612//9381 4627//9381 4621//9381
f 4801//9382 4811//9382 4879//9382
f 4927//9383 4965//9383 5078//9383
f 5081//9384 5073//9384 4757//9384
f 4627//9385 4626//9385 4805//9385
f 4786//9386 4620//9386 4635//9386
f 4617//9387 4620//9387 4786//9387
f 4962//9388 4779//9388 4770//9388
f 4771//9389 4823//9389 5003//9389
f 4770//9390 4845//9390 4962//9390
f 4622//9391 4633//9391 4790//9391
f 4621//9392 4633//9392 4622//9392
f 4962//9393 4789//9393 4779//9393
f 4972//9394 4978//9394 4967//9394
f 4292//9395 4796//9395 4618//9395
f 5078//9396 4965//9396 4949//9396
f 4949//9397 4965//9397 4987//9397
f 4934//9398 4676//9398 4736//9398
f 4635//9399 4645//9399 4788//9399
f 4790//9400 4816//9400 4794//9400
f 4814//9401 4816//9401 4633//9401
f 4633//9402 4816//9402 4790//9402
f 4796//9403 4634//9403 4618//9403
f 4771//9404 4829//9404 4823//9404
f 4828//9405 4829//9405 4771//9405
f 4778//9406 5003//9406 4845//9406
f 4805//9407 4806//9407 4627//9407
f 4929//9408 4952//9408 5055//9408
f 4817//9409 4634//9409 4796//9409
f 5055//9410 4952//9410 5080//9410
f 4879//9411 4811//9411 4819//9411
f 4633//9412 4632//9412 4814//9412
f 4814//9413 4632//9413 4646//9413
f 4806//9414 4643//9414 4627//9414
f 5073//9415 4948//9415 4757//9415
f 4804//9416 5085//9416 4806//9416
f 4645//9417 5085//9417 4804//9417
f 4977//9418 5079//9418 4978//9418
f 4736//9419 4676//9419 4733//9419
f 4645//9420 4636//9420 4657//9420
f 4926//9421 4964//9421 4927//9421
f 5085//9422 4645//9422 4847//9422
f 4836//9423 4646//9423 4643//9423
f 4979//9424 4940//9424 4977//9424
f 4977//9425 4940//9425 5079//9425
f 4847//9426 4645//9426 4657//9426
f 4662//9427 4911//9427 4647//9427
f 5071//9428 4993//9428 4725//9428
f 4825//9429 5003//9429 4823//9429
f 4649//9430 4654//9430 4653//9430
f 4963//9431 4966//9431 4968//9431
f 5086//9432 5085//9432 4847//9432
f 4806//9433 5085//9433 4842//9433
f 4940//9434 4979//9434 4961//9434
f 4963//9435 4958//9435 4966//9435
f 4815//9436 4830//9436 4652//9436
f 4813//9437 4652//9437 4654//9437
f 5072//9438 4670//9438 5084//9438
f 5080//9439 4670//9439 5072//9439
f 4821//9440 5087//9440 4822//9440
f 4822//9441 5087//9441 4992//9441
f 4935//9442 4952//9442 4929//9442
f 5086//9443 4842//9443 5085//9443
f 4757//9444 4949//9444 4756//9444
f 4948//9445 4949//9445 4757//9445
f 4557//9446 4655//9446 4562//9446
f 4958//9447 4986//9447 4966//9447
f 4866//9448 4830//9448 4850//9448
f 5081//9449 4690//9449 4993//9449
f 4681//9450 4678//9450 4954//9450
f 4662//9451 4647//9451 4853//9451
f 4664//9452 4647//9452 4648//9452
f 4966//9453 4999//9453 4972//9453
f 4409//9454 5087//9454 4821//9454
f 4972//9455 4999//9455 4976//9455
f 4847//9456 4665//9456 5086//9456
f 4830//9457 4866//9457 4652//9457
f 4667//9458 5086//9458 4665//9458
f 4842//9459 5086//9459 4667//9459
f 4757//9460 4690//9460 5081//9460
f 4847//9461 4656//9461 4848//9461
f 5084//9462 4711//9462 5068//9462
f 5068//9463 4711//9463 4623//9463
f 4657//9464 4656//9464 4847//9464
f 4409//9465 3256//9465 5087//9465
f 4658//9466 4651//9466 4856//9466
f 4842//9467 4858//9467 4820//9467
f 4820//9468 4858//9468 4841//9468
f 4853//9469 4660//9469 4662//9469
f 4986//9470 4999//9470 4966//9470
f 4857//9471 4842//9471 4667//9471
f 5004//9472 4747//9472 5015//9472
f 4838//9473 4661//9473 4660//9473
f 4866//9474 4855//9474 4652//9474
f 5005//9475 4981//9475 4747//9475
f 4653//9476 4855//9476 4854//9476
f 4663//9477 4648//9477 4854//9477
f 4885//9478 4855//9478 4866//9478
f 4854//9479 4855//9479 4885//9479
f 4655//9480 4981//9480 4562//9480
f 5087//9481 3256//9481 3243//9481
f 4747//9482 4691//9482 5015//9482
f 4853//9483 4664//9483 4873//9483
f 4663//9484 4854//9484 4881//9484
f 4857//9485 4667//9485 4669//9485
f 4858//9486 4857//9486 5023//9486
f 5023//9487 4857//9487 4891//9487
f 4660//9488 4873//9488 4838//9488
f 4853//9489 4873//9489 4660//9489
f 3271//9490 5087//9490 3243//9490
f 4900//9491 4824//9491 4827//9491
f 4656//9492 4871//9492 4848//9492
f 4981//9493 5020//9493 4562//9493
f 3271//9494 4992//9494 5087//9494
f 5009//9495 5024//9495 4997//9495
f 4997//9496 5024//9496 4684//9496
f 4866//9497 4877//9497 4885//9497
f 4838//9498 4873//9498 4899//9498
f 4871//9499 4856//9499 4869//9499
f 4952//9500 4971//9500 5080//9500
f 5080//9501 4971//9501 4670//9501
f 5028//9502 4699//9502 5008//9502
f 4857//9503 4669//9503 4891//9503
f 4891//9504 4669//9504 4895//9504
f 4880//9505 4881//9505 4887//9505
f 4887//9506 4881//9506 4854//9506
f 4677//9507 4848//9507 4882//9507
f 4674//9508 4848//9508 4677//9508
f 4838//9509 4900//9509 4827//9509
f 4699//9510 4701//9510 5018//9510
f 5042//9511 4697//9511 5032//9511
f 4674//9512 4666//9512 4848//9512
f 4674//9513 4669//9513 4666//9513
f 4675//9514 4895//9514 4669//9514
f 4865//9515 4894//9515 4877//9515
f 4880//9516 4872//9516 4663//9516
f 4693//9517 5035//9517 5015//9517
f 5042//9518 4706//9518 4697//9518
f 4889//9519 4895//9519 4675//9519
f 5017//9520 5037//9520 5021//9520
f 5043//9521 4906//9521 4892//9521
f 4890//9522 4910//9522 4906//9522
f 4901//9523 4872//9523 4915//9523
f 4915//9524 4872//9524 4880//9524
f 4907//9525 4884//9525 4877//9525
f 5082//9526 4887//9526 4884//9526
f 4554//9527 4818//9527 4642//9527
f 4915//9528 4880//9528 5083//9528
f 4887//9529 5083//9529 4880//9529
f 5037//9530 5044//9530 5021//9530
f 5045//9531 4700//9531 5029//9531
f 5051//9532 4700//9532 5045//9532
f 4893//9533 4892//9533 4905//9533
f 5082//9534 5083//9534 4887//9534
f 5061//9535 4694//9535 4738//9535
f 4953//9536 4900//9536 4912//9536
f 4904//9537 4900//9537 4953//9537
f 4916//9538 4941//9538 4901//9538
f 4912//9539 4899//9539 4941//9539
f 4941//9540 4899//9540 4901//9540
f 4882//9541 3274//9541 4677//9541
f 4675//9542 4944//9542 4889//9542
f 4889//9543 4944//9543 4933//9543
f 4884//9544 4907//9544 5082//9544
f 4700//9545 5051//9545 4702//9545
f 4702//9546 5051//9546 4781//9546
f 4694//9547 4696//9547 4708//9547
f 4894//9548 4963//9548 4907//9548
f 4926//9549 4904//9549 4953//9549
f 5082//9550 4907//9550 4968//9550
f 5044//9551 5052//9551 5045//9551
f 4676//9552 4673//9552 4733//9552
f 5054//9553 5052//9553 5044//9553
f 4733//9554 4673//9554 3317//9554
f 4894//9555 4938//9555 4963//9555
f 5048//9556 4782//9556 4785//9556
f 4910//9557 4937//9557 4955//9557
f 4676//9558 4944//9558 4675//9558
f 4907//9559 4963//9559 4968//9559
f 4944//9560 4934//9560 4933//9560
f 4913//9561 4905//9561 4957//9561
f 4893//9562 4905//9562 4913//9562
f 4945//9563 4954//9563 4953//9563
f 4737//9564 4746//9564 4544//9564
f 4988//9565 4987//9565 4965//9565
f 4965//9566 4973//9566 4988//9566
f 4989//9567 4988//9567 4991//9567
f 4554//9568 4641//9568 4557//9568
f 4964//9569 4996//9569 4973//9569
f 4990//9570 4998//9570 4986//9570
f 4737//9571 4708//9571 4709//9571
f 4684//9572 4682//9572 4997//9572
f 5006//9573 4973//9573 4996//9573
f 5061//9574 4624//9574 4694//9574
f 4625//9575 4624//9575 5061//9575
f 5007//9576 4999//9576 5013//9576
f 5013//9577 4999//9577 4998//9577
f 5008//9578 5001//9578 5028//9578
f 4991//9579 5001//9579 5008//9579
f 4689//9580 4692//9580 4690//9580
f 5046//9581 5058//9581 4630//9581
f 4764//9582 4689//9582 4688//9582
f 5084//9583 4672//9583 4711//9583
f 4679//9584 4697//9584 4680//9584
f 4670//9585 4672//9585 5084//9585
f 4680//9586 4698//9586 5017//9586
f 4689//9587 4693//9587 4692//9587
f 4631//9588 4686//9588 4630//9588
f 5025//9589 4697//9589 4684//9589
f 4684//9590 4697//9590 4679//9590
f 5053//9591 4686//9591 5069//9591
f 4971//9592 4671//9592 4670//9592
f 5064//9593 4781//9593 5051//9593
f 5059//9594 4803//9594 4565//9594
f 4565//9595 4803//9595 4569//9595
f 5005//9596 5015//9596 5035//9596
f 5004//9597 5015//9597 5005//9597
f 4693//9598 4689//9598 5039//9598
f 4764//9599 5030//9599 4689//9599
f 4689//9600 5030//9600 5039//9600
f 4698//9601 4706//9601 5017//9601
f 5058//9602 4628//9602 4630//9602
f 5057//9603 5035//9603 5046//9603
f 5036//9604 5035//9604 5057//9604
f 5064//9605 4784//9605 4781//9605
f 5049//9606 5031//9606 5048//9606
f 5036//9607 5057//9607 5053//9607
f 5046//9608 4630//9608 5057//9608
f 5050//9609 5053//9609 5069//9609
f 5062//9610 5058//9610 5049//9610
f 5049//9611 5058//9611 5040//9611
f 5040//9612 5058//9612 5047//9612
f 4784//9613 5070//9613 4787//9613
f 4686//9614 5053//9614 4630//9614
f 5048//9615 5065//9615 5062//9615
f 4785//9616 5065//9616 5048//9616
f 5038//9617 5069//9617 5060//9617
f 5050//9618 5069//9618 5038//9618
f 5060//9619 4685//9619 4802//9619
f 5064//9620 5070//9620 4784//9620
f 4802//9621 4685//9621 4715//9621
f 5066//9622 4610//9622 4644//9622
f 4644//9623 4610//9623 4609//9623
f 5088//9624 5089//9624 5090//9624
f 5091//9625 5092//9625 4969//9625
f 5093//9626 2527//9626 2539//9626
f 5092//9627 5094//9627 5095//9627
f 5096//9628 5097//9628 5089//9628
f 5098//9629 5099//9629 5093//9629
f 5100//9630 5097//9630 5096//9630
f 5101//9631 5102//9631 5103//9631
f 5104//9632 5090//9632 5089//9632
f 5102//9633 5105//9633 5103//9633
f 5099//9634 5106//9634 5107//9634
f 5089//9635 5097//9635 5104//9635
f 5095//9636 5108//9636 5092//9636
f 5109//9637 5110//9637 5101//9637
f 5090//9638 5110//9638 5109//9638
f 5111//9639 5112//9639 5113//9639
f 5114//9640 5112//9640 5115//9640
f 5106//9641 5114//9641 5115//9641
f 5116//9642 5117//9642 5094//9642
f 5106//9643 5098//9643 5118//9643
f 5101//9644 5110//9644 5102//9644
f 5119//9645 5108//9645 5120//9645
f 4969//9646 5119//9646 4975//9646
f 5121//9647 5122//9647 5105//9647
f 5113//9648 5123//9648 5100//9648
f 2542//9649 5124//9649 2539//9649
f 5125//9650 5124//9650 2542//9650
f 5112//9651 5123//9651 5113//9651
f 5100//9652 5126//9652 5097//9652
f 5106//9653 5118//9653 5114//9653
f 5090//9654 5104//9654 5110//9654
f 5095//9655 5120//9655 5108//9655
f 5118//9656 5098//9656 5127//9656
f 5121//9657 5128//9657 5122//9657
f 5124//9658 5098//9658 5093//9658
f 5127//9659 5098//9659 5124//9659
f 5097//9660 5126//9660 5104//9660
f 5102//9661 5121//9661 5105//9661
f 5118//9662 5129//9662 5114//9662
f 5102//9663 5110//9663 5130//9663
f 5123//9664 5131//9664 5100//9664
f 5123//9665 5132//9665 5131//9665
f 5104//9666 5133//9666 5110//9666
f 5118//9667 5134//9667 5129//9667
f 5130//9668 5121//9668 5102//9668
f 5135//9669 5134//9669 5118//9669
f 5136//9670 5120//9670 5137//9670
f 5100//9671 5131//9671 5126//9671
f 5104//9672 5138//9672 5133//9672
f 5129//9673 5134//9673 5139//9673
f 5126//9674 5138//9674 5104//9674
f 5140//9675 5138//9675 5126//9675
f 5131//9676 5141//9676 5126//9676
f 5142//9677 5136//9677 5137//9677
f 5132//9678 5141//9678 5131//9678
f 5126//9679 5141//9679 5140//9679
f 5127//9680 5135//9680 5118//9680
f 3827//9681 5143//9681 5125//9681
f 5144//9682 5121//9682 5130//9682
f 5145//9683 5146//9683 5147//9683
f 3831//9684 5148//9684 5134//9684
f 5136//9685 5142//9685 5149//9685
f 5150//9686 5140//9686 5141//9686
f 5143//9687 5135//9687 5127//9687
f 4990//9688 5149//9688 4998//9688
f 5129//9689 5151//9689 5123//9689
f 5137//9690 5152//9690 5142//9690
f 3833//9691 5148//9691 3831//9691
f 3829//9692 5143//9692 3827//9692
f 5110//9693 5133//9693 5130//9693
f 3829//9694 5135//9694 5143//9694
f 5123//9695 5151//9695 5132//9695
f 5121//9696 5153//9696 5128//9696
f 5144//9697 5153//9697 5121//9697
f 3833//9698 5139//9698 5148//9698
f 5140//9699 5150//9699 5154//9699
f 5154//9700 5138//9700 5140//9700
f 5142//9701 5155//9701 5149//9701
f 5156//9702 5155//9702 5142//9702
f 5145//9703 5157//9703 5152//9703
f 3829//9704 5134//9704 5135//9704
f 5128//9705 5153//9705 5146//9705
f 3833//9706 5158//9706 5139//9706
f 5129//9707 5139//9707 5151//9707
f 3831//9708 5134//9708 3829//9708
f 5158//9709 5159//9709 5160//9709
f 3835//9710 5158//9710 3833//9710
f 5145//9711 5161//9711 5157//9711
f 5138//9712 5162//9712 5133//9712
f 5152//9713 5156//9713 5142//9713
f 5133//9714 5163//9714 5130//9714
f 5164//9715 5154//9715 5150//9715
f 5159//9716 5165//9716 5160//9716
f 5133//9717 5162//9717 5163//9717
f 5139//9718 5158//9718 5151//9718
f 3835//9719 5159//9719 5158//9719
f 5152//9720 5157//9720 5156//9720
f 5156//9721 5157//9721 5166//9721
f 5153//9722 5147//9722 5146//9722
f 5130//9723 5163//9723 5144//9723
f 5164//9724 5167//9724 5154//9724
f 5151//9725 5160//9725 5132//9725
f 5157//9726 5161//9726 5168//9726
f 5160//9727 5165//9727 5169//9727
f 5157//9728 5168//9728 5166//9728
f 5154//9729 5162//9729 5138//9729
f 5144//9730 5147//9730 5153//9730
f 3835//9731 5165//9731 5159//9731
f 3837//9732 5165//9732 3835//9732
f 5132//9733 5160//9733 5141//9733
f 5156//9734 5012//9734 5013//9734
f 5167//9735 5162//9735 5154//9735
f 5161//9736 5170//9736 5168//9736
f 5167//9737 5164//9737 5171//9737
f 5147//9738 5161//9738 5145//9738
f 5151//9739 5158//9739 5160//9739
f 5160//9740 5172//9740 5141//9740
f 5173//9741 5009//9741 5012//9741
f 5174//9742 5147//9742 5144//9742
f 3837//9743 5169//9743 5165//9743
f 5163//9744 5175//9744 5144//9744
f 5171//9745 5176//9745 5177//9745
f 3840//9746 5169//9746 3837//9746
f 5141//9747 5172//9747 5150//9747
f 5167//9748 5163//9748 5162//9748
f 5178//9749 5176//9749 5164//9749
f 5164//9750 5176//9750 5171//9750
f 5179//9751 5027//9751 5009//9751
f 3840//9752 5180//9752 5169//9752
f 5174//9753 5181//9753 5147//9753
f 5147//9754 5181//9754 5161//9754
f 5171//9755 5163//9755 5167//9755
f 3840//9756 5182//9756 5180//9756
f 5180//9757 5182//9757 5183//9757
f 5171//9758 5175//9758 5163//9758
f 5184//9759 5185//9759 5186//9759
f 5172//9760 5187//9760 5150//9760
f 5182//9761 5188//9761 5183//9761
f 5160//9762 5169//9762 5172//9762
f 5176//9763 5189//9763 5177//9763
f 5144//9764 5190//9764 5174//9764
f 5175//9765 5190//9765 5144//9765
f 5191//9766 5192//9766 5184//9766
f 5184//9767 5192//9767 5193//9767
f 5172//9768 5169//9768 5187//9768
f 3840//9769 5188//9769 5182//9769
f 5177//9770 5189//9770 5194//9770
f 5183//9771 5188//9771 5195//9771
f 5181//9772 5170//9772 5161//9772
f 3843//9773 5188//9773 3840//9773
f 5192//9774 5191//9774 5196//9774
f 5197//9775 5184//9775 5186//9775
f 5177//9776 5175//9776 5171//9776
f 5198//9777 5032//9777 5027//9777
f 5150//9778 5187//9778 5164//9778
f 5169//9779 5180//9779 5187//9779
f 5199//9780 5181//9780 5174//9780
f 3843//9781 5195//9781 5188//9781
f 5177//9782 5190//9782 5175//9782
f 5200//9783 5194//9783 5189//9783
f 5195//9784 5201//9784 5202//9784
f 3843//9785 5201//9785 5195//9785
f 3845//9786 5201//9786 3843//9786
f 5203//9787 5042//9787 5032//9787
f 5191//9788 5204//9788 5196//9788
f 5205//9789 5206//9789 5197//9789
f 5199//9790 5170//9790 5181//9790
f 2641//9791 2647//9791 2642//9791
f 5200//9792 5207//9792 5194//9792
f 5202//9793 5201//9793 5208//9793
f 5187//9794 5180//9794 5164//9794
f 5174//9795 5190//9795 5199//9795
f 5207//9796 5209//9796 5210//9796
f 2647//9797 2651//9797 5211//9797
f 5190//9798 5212//9798 5199//9798
f 5206//9799 5213//9799 5214//9799
f 3845//9800 5208//9800 5201//9800
f 5180//9801 5183//9801 5164//9801
f 5164//9802 5183//9802 5178//9802
f 5208//9803 5215//9803 5216//9803
f 5217//9804 5041//9804 5042//9804
f 5210//9805 5209//9805 5218//9805
f 2651//9806 5219//9806 5211//9806
f 3848//9807 5208//9807 3845//9807
f 5177//9808 5212//9808 5190//9808
f 5194//9809 5212//9809 5177//9809
f 3848//9810 5215//9810 5208//9810
f 5214//9811 5213//9811 5217//9811
f 5170//9812 5186//9812 5185//9812
f 5220//9813 5041//9813 5217//9813
f 5221//9814 5218//9814 5209//9814
f 5199//9815 5186//9815 5170//9815
f 5222//9816 5217//9816 5213//9816
f 5041//9817 5220//9817 5054//9817
f 5223//9818 5186//9818 5199//9818
f 5215//9819 5224//9819 5216//9819
f 3848//9820 5224//9820 5215//9820
f 3850//9821 5224//9821 3848//9821
f 5217//9822 5222//9822 5225//9822
f 5226//9823 5227//9823 5221//9823
f 5221//9824 5227//9824 5218//9824
f 5225//9825 5054//9825 5220//9825
f 5183//9826 5195//9826 5178//9826
f 3850//9827 5228//9827 5224//9827
f 5229//9828 5225//9828 5222//9828
f 3852//9829 5228//9829 3850//9829
f 5230//9830 5056//9830 5225//9830
f 5225//9831 5056//9831 5054//9831
f 5212//9832 5231//9832 5199//9832
f 5228//9833 3852//9833 5232//9833
f 5233//9834 5225//9834 5229//9834
f 5226//9835 5234//9835 5227//9835
f 5178//9836 5202//9836 5176//9836
f 5232//9837 3852//9837 3853//9837
f 5235//9838 5234//9838 5226//9838
f 5236//9839 5056//9839 5230//9839
f 5230//9840 5233//9840 5237//9840
f 5225//9841 5233//9841 5230//9841
f 5238//9842 5234//9842 5235//9842
f 5184//9843 5197//9843 5191//9843
f 5239//9844 5064//9844 5236//9844
f 5236//9845 5064//9845 5056//9845
f 5207//9846 5231//9846 5194//9846
f 5194//9847 5231//9847 5212//9847
f 3839//9848 5240//9848 5241//9848
f 3836//9849 5240//9849 3839//9849
f 4728//9850 5242//9850 5243//9850
f 5077//9851 5242//9851 4728//9851
f 5195//9852 5202//9852 5178//9852
f 5243//9853 5242//9853 5244//9853
f 5199//9854 5231//9854 5223//9854
f 5198//9855 5196//9855 5203//9855
f 5244//9856 3834//9856 5245//9856
f 5245//9857 3834//9857 3832//9857
f 5176//9858 5202//9858 5189//9858
f 4735//9859 5246//9859 2465//9859
f 5247//9860 5246//9860 4735//9860
f 3830//9861 5247//9861 5248//9861
f 3830//9862 3828//9862 5247//9862
f 3828//9863 5246//9863 5247//9863
f 5249//9864 5197//9864 5223//9864
f 5223//9865 5197//9865 5186//9865
f 5211//9866 5250//9866 5251//9866
f 5252//9867 5250//9867 5211//9867
f 5251//9868 5250//9868 5253//9868
f 5210//9869 5231//9869 5207//9869
f 5202//9870 5200//9870 5189//9870
f 5253//9871 4932//9871 4934//9871
f 2653//9872 5254//9872 2651//9872
f 2813//9873 5254//9873 2653//9873
f 5255//9874 5250//9874 5256//9874
f 5219//9875 5257//9875 5256//9875
f 5253//9876 5255//9876 4932//9876
f 5250//9877 5255//9877 5253//9877
f 5202//9878 5208//9878 5200//9878
f 5210//9879 5249//9879 5231//9879
f 5231//9880 5249//9880 5223//9880
f 5257//9881 5254//9881 5258//9881
f 4932//9882 5255//9882 5259//9882
f 5249//9883 5205//9883 5197//9883
f 5258//9884 5260//9884 5257//9884
f 5257//9885 5260//9885 5256//9885
f 5261//9886 5205//9886 5249//9886
f 4932//9887 5259//9887 4936//9887
f 5262//9888 5263//9888 5258//9888
f 5203//9889 5214//9889 5042//9889
f 5258//9890 5264//9890 5260//9890
f 5258//9891 5263//9891 5264//9891
f 5264//9892 5263//9892 5265//9892
f 4936//9893 5259//9893 5266//9893
f 5266//9894 5259//9894 5267//9894
f 5268//9895 5264//9895 5269//9895
f 5262//9896 5265//9896 5263//9896
f 5270//9897 5265//9897 5262//9897
f 5271//9898 5270//9898 2816//9898
f 2816//9899 5270//9899 5272//9899
f 5218//9900 5249//9900 5210//9900
f 5200//9901 5216//9901 5207//9901
f 4936//9902 5266//9902 4950//9902
f 5208//9903 5216//9903 5200//9903
f 5270//9904 5273//9904 5274//9904
f 5275//9905 5276//9905 5277//9905
f 5205//9906 5278//9906 5206//9906
f 4950//9907 5279//9907 4957//9907
f 5280//9908 5281//9908 5282//9908
f 5282//9909 5281//9909 5271//9909
f 5261//9910 5278//9910 5205//9910
f 5283//9911 5271//9911 5281//9911
f 2539//9912 5124//9912 5093//9912
f 5273//9913 5271//9913 5283//9913
f 5249//9914 5284//9914 5261//9914
f 5285//9915 5278//9915 5261//9915
f 5283//9916 5286//9916 5273//9916
f 5207//9917 5216//9917 5209//9917
f 5287//9918 5275//9918 5288//9918
f 5289//9919 5290//9919 5107//9919
f 5214//9920 5217//9920 5042//9920
f 5281//9921 5111//9921 5283//9921
f 5289//9922 5111//9922 5281//9922
f 5116//9923 5291//9923 5276//9923
f 5218//9924 5284//9924 5249//9924
f 5278//9925 5292//9925 5213//9925
f 5107//9926 5115//9926 5289//9926
f 5285//9927 5292//9927 5278//9927
f 5289//9928 5115//9928 5111//9928
f 5261//9929 5284//9929 5285//9929
f 5216//9930 5224//9930 5209//9930
f 5111//9931 5113//9931 5283//9931
f 2556//9932 5125//9932 2542//9932
f 5116//9933 5094//9933 5291//9933
f 5287//9934 5105//9934 5116//9934
f 5124//9935 5143//9935 5127//9935
f 5106//9936 5115//9936 5107//9936
f 5111//9937 5115//9937 5112//9937
f 4969//9938 5092//9938 5119//9938
f 5125//9939 5143//9939 5124//9939
f 2555//9940 5125//9940 2556//9940
f 5218//9941 5285//9941 5284//9941
f 5227//9942 5285//9942 5218//9942
f 3827//9943 5125//9943 2555//9943
f 5117//9944 5095//9944 5094//9944
f 5119//9945 5092//9945 5108//9945
f 5293//9946 5292//9946 5285//9946
f 5209//9947 5224//9947 5221//9947
f 5213//9948 5292//9948 5222//9948
f 5116//9949 5122//9949 5117//9949
f 4975//9950 5119//9950 4983//9950
f 5117//9951 5120//9951 5095//9951
f 5146//9952 5122//9952 5128//9952
f 5146//9953 5117//9953 5122//9953
f 5136//9954 5119//9954 5120//9954
f 5136//9955 4983//9955 5119//9955
f 5117//9956 5294//9956 5120//9956
f 5139//9957 5134//9957 5148//9957
f 5136//9958 4990//9958 4983//9958
f 5149//9959 4990//9959 5136//9959
f 5294//9960 5137//9960 5120//9960
f 5292//9961 5295//9961 5222//9961
f 5145//9962 5117//9962 5146//9962
f 5117//9963 5145//9963 5294//9963
f 5227//9964 5296//9964 5285//9964
f 5294//9965 5152//9965 5137//9965
f 5293//9966 5295//9966 5292//9966
f 5217//9967 5225//9967 5220//9967
f 5294//9968 5145//9968 5152//9968
f 5149//9969 5155//9969 4998//9969
f 5224//9970 5228//9970 5221//9970
f 5285//9971 5296//9971 5293//9971
f 5155//9972 5013//9972 4998//9972
f 5155//9973 5156//9973 5013//9973
f 5234//9974 5296//9974 5227//9974
f 5297//9975 5166//9975 5168//9975
f 5156//9976 5173//9976 5012//9976
f 5156//9977 5166//9977 5173//9977
f 5185//9978 5168//9978 5170//9978
f 5173//9979 5166//9979 5193//9979
f 5193//9980 5166//9980 5297//9980
f 5173//9981 5179//9981 5009//9981
f 5185//9982 5297//9982 5168//9982
f 5221//9983 5232//9983 5226//9983
f 5234//9984 5293//9984 5296//9984
f 5173//9985 5193//9985 5179//9985
f 5221//9986 5228//9986 5232//9986
f 5179//9987 5193//9987 5192//9987
f 5179//9988 5198//9988 5027//9988
f 5298//9989 5295//9989 5293//9989
f 5193//9990 5297//9990 5184//9990
f 5184//9991 5297//9991 5185//9991
f 5179//9992 5192//9992 5198//9992
f 5198//9993 5192//9993 5196//9993
f 5295//9994 5229//9994 5222//9994
f 5206//9995 5191//9995 5197//9995
f 5198//9996 5203//9996 5032//9996
f 5203//9997 5196//9997 5204//9997
f 5191//9998 5206//9998 5204//9998
f 5203//9999 5204//9999 5214//9999
f 5214//10000 5204//10000 5206//10000
f 5278//10001 5213//10001 5206//10001
f 5248//10002 5247//10002 4735//10002
f 5252//10003 5219//10003 5256//10003
f 5298//10004 5229//10004 5295//10004
f 5268//10005 5299//10005 5260//10005
f 5259//10006 5255//10006 5299//10006
f 5277//10007 5299//10007 5268//10007
f 5234//10008 5298//10008 5293//10008
f 5264//10009 5265//10009 5269//10009
f 5269//10010 5265//10010 5300//10010
f 5267//10011 5301//10011 5266//10011
f 5276//10012 5301//10012 5267//10012
f 5302//10013 5229//10013 5298//10013
f 5269//10014 5300//10014 5275//10014
f 5291//10015 5094//10015 5092//10015
f 5287//10016 5103//10016 5105//10016
f 5116//10017 5105//10017 5122//10017
f 5238//10018 5298//10018 5234//10018
f 5123//10019 5114//10019 5129//10019
f 3834//10020 5303//10020 3836//10020
f 5112//10021 5114//10021 5123//10021
f 5303//10022 3834//10022 5244//10022
f 5302//10023 5233//10023 5229//10023
f 3851//10024 5232//10024 3853//10024
f 5238//10025 5302//10025 5298//10025
f 5232//10026 5235//10026 5226//10026
f 3851//10027 5235//10027 5232//10027
f 5302//10028 5304//10028 5233//10028
f 5233//10029 5304//10029 5237//10029
f 5305//10030 5236//10030 5237//10030
f 5237//10031 5236//10031 5230//10031
f 5238//10032 5306//10032 5302//10032
f 5235//10033 5307//10033 5238//10033
f 3849//10034 5235//10034 3851//10034
f 5302//10035 5306//10035 5304//10035
f 5237//10036 5304//10036 5305//10036
f 5238//10037 5307//10037 5306//10037
f 5064//10038 5239//10038 5070//10038
f 3849//10039 5307//10039 5235//10039
f 5308//10040 5239//10040 5305//10040
f 5305//10041 5239//10041 5236//10041
f 5239//10042 5309//10042 5070//10042
f 5310//10043 5305//10043 5304//10043
f 5306//10044 5310//10044 5304//10044
f 5307//10045 5311//10045 5306//10045
f 3849//10046 5311//10046 5307//10046
f 3847//10047 5311//10047 3849//10047
f 5308//10048 5309//10048 5239//10048
f 5308//10049 5305//10049 5310//10049
f 5309//10050 4705//10050 5070//10050
f 5311//10051 5312//10051 5306//10051
f 5306//10052 5312//10052 5310//10052
f 5313//10053 5309//10053 5308//10053
f 5310//10054 5314//10054 5308//10054
f 5309//10055 5315//10055 4705//10055
f 5310//10056 5312//10056 5314//10056
f 3847//10057 5312//10057 5311//10057
f 5313//10058 5315//10058 5309//10058
f 4705//10059 5315//10059 4703//10059
f 5316//10060 5313//10060 5308//10060
f 3844//10061 5312//10061 3847//10061
f 5312//10062 5317//10062 5314//10062
f 5308//10063 5314//10063 5316//10063
f 5316//10064 5315//10064 5313//10064
f 3844//10065 5317//10065 5312//10065
f 5318//10066 4703//10066 5316//10066
f 5316//10067 4703//10067 5315//10067
f 5318//10068 5316//10068 5319//10068
f 5314//10069 5317//10069 5316//10069
f 5318//10070 4707//10070 4703//10070
f 5317//10071 5320//10071 5316//10071
f 5319//10072 5321//10072 5318//10072
f 3842//10073 5317//10073 3844//10073
f 5322//10074 4707//10074 5318//10074
f 5316//10075 5320//10075 5319//10075
f 3842//10076 5320//10076 5317//10076
f 5318//10077 5321//10077 5322//10077
f 5320//10078 5323//10078 5319//10078
f 4608//10079 5322//10079 5076//10079
f 4707//10080 5322//10080 4608//10080
f 3842//10081 5323//10081 5320//10081
f 5319//10082 5323//10082 5321//10082
f 5321//10083 5324//10083 5322//10083
f 3841//10084 5323//10084 3842//10084
f 5322//10085 5324//10085 5076//10085
f 5321//10086 5241//10086 5324//10086
f 5323//10087 5241//10087 5321//10087
f 5324//10088 4717//10088 5076//10088
f 3841//10089 5241//10089 5323//10089
f 5324//10090 5077//10090 4717//10090
f 5241//10091 5240//10091 5324//10091
f 3839//10092 5241//10092 3841//10092
f 5324//10093 5325//10093 5077//10093
f 5242//10094 5077//10094 5325//10094
f 5240//10095 5325//10095 5324//10095
f 5240//10096 5303//10096 5325//10096
f 3836//10097 5303//10097 5240//10097
f 4728//10098 5243//10098 4726//10098
f 5325//10099 5303//10099 5242//10099
f 5242//10100 5303//10100 5244//10100
f 3832//10101 5326//10101 5245//10101
f 5244//10102 5245//10102 5243//10102
f 5243//10103 5245//10103 4726//10103
f 3830//10104 5326//10104 3832//10104
f 3830//10105 5248//10105 5326//10105
f 5245//10106 5326//10106 4726//10106
f 4726//10107 5326//10107 4732//10107
f 2465//10108 5246//10108 2469//10108
f 5326//10109 5248//10109 4732//10109
f 4732//10110 5248//10110 4735//10110
f 2469//10111 5246//10111 3824//10111
f 2642//10112 5251//10112 4736//10112
f 5211//10113 5251//10113 2647//10113
f 2647//10114 5251//10114 2642//10114
f 4736//10115 5251//10115 4934//10115
f 5252//10116 5211//10116 5219//10116
f 3824//10117 5246//10117 3828//10117
f 5251//10118 5253//10118 4934//10118
f 2469//10119 2467//10119 2468//10119
f 3824//10120 2467//10120 2469//10120
f 2642//10121 4736//10121 2643//10121
f 5250//10122 5252//10122 5256//10122
f 5258//10123 5254//10123 2813//10123
f 5299//10124 5255//10124 5256//10124
f 5260//10125 5299//10125 5256//10125
f 2651//10126 5254//10126 5219//10126
f 5219//10127 5254//10127 5257//10127
f 2813//10128 5272//10128 5258//10128
f 2815//10129 5272//10129 2813//10129
f 5258//10130 5272//10130 5262//10130
f 5267//10131 5259//10131 5299//10131
f 5264//10132 5268//10132 5260//10132
f 2726//10133 5272//10133 2815//10133
f 5277//10134 5267//10134 5299//10134
f 2729//10135 2816//10135 2726//10135
f 2726//10136 2816//10136 5272//10136
f 5272//10137 5270//10137 5262//10137
f 5268//10138 5269//10138 5277//10138
f 5274//10139 5265//10139 5270//10139
f 5276//10140 5267//10140 5277//10140
f 2740//10141 5280//10141 2816//10141
f 2816//10142 5280//10142 5282//10142
f 5274//10143 5327//10143 5265//10143
f 5269//10144 5275//10144 5277//10144
f 5300//10145 5265//10145 5327//10145
f 2816//10146 5282//10146 5271//10146
f 5271//10147 5273//10147 5270//10147
f 5266//10148 5279//10148 4950//10148
f 2740//10149 5290//10149 5280//10149
f 2817//10150 5290//10150 2740//10150
f 5327//10151 5288//10151 5300//10151
f 5273//10152 5328//10152 5274//10152
f 5279//10153 5301//10153 5291//10153
f 5266//10154 5301//10154 5279//10154
f 5276//10155 5291//10155 5301//10155
f 5275//10156 5287//10156 5276//10156
f 5274//10157 5328//10157 5327//10157
f 5275//10158 5300//10158 5288//10158
f 5290//10159 5289//10159 5280//10159
f 5280//10160 5289//10160 5281//10160
f 5273//10161 5286//10161 5328//10161
f 5291//10162 5091//10162 5279//10162
f 2504//10163 5329//10163 2817//10163
f 5329//10164 5290//10164 2817//10164
f 5283//10165 5096//10165 5286//10165
f 5287//10166 5288//10166 5103//10166
f 5328//10167 5088//10167 5327//10167
f 5327//10168 5088//10168 5288//10168
f 5286//10169 5089//10169 5328//10169
f 5288//10170 5101//10170 5103//10170
f 5328//10171 5089//10171 5088//10171
f 5096//10172 5089//10172 5286//10172
f 5107//10173 5290//10173 5329//10173
f 5092//10174 5091//10174 5291//10174
f 4957//10175 5091//10175 4969//10175
f 5287//10176 5116//10176 5276//10176
f 5283//10177 5113//10177 5096//10177
f 5279//10178 5091//10178 4957//10178
f 5288//10179 5109//10179 5101//10179
f 5099//10180 2527//10180 5093//10180
f 5090//10181 5109//10181 5088//10181
f 5088//10182 5109//10182 5288//10182
f 5329//10183 5099//10183 5107//10183
f 5106//10184 5099//10184 5098//10184
f 2527//10185 5099//10185 2504//10185
f 2504//10186 5099//10186 5329//10186
f 5100//10187 5096//10187 5113//10187
f 5330//10188 5331//10188 5332//10188
f 5330//10189 5332//10189 5333//10189
f 5334//10190 5335//10190 5336//10190
f 3959//10191 5337//10191 5338//10191
f 5339//10192 5340//10192 5341//10192
f 5342//10193 5343//10193 5344//10193
f 5342//10194 5332//10194 5343//10194
f 5345//10195 4595//10195 4597//10195
f 5332//10196 5342//10196 5333//10196
f 3990//10197 3989//10197 5346//10197
f 5347//10198 4600//10198 5348//10198
f 5349//10199 5350//10199 5351//10199
f 5332//10200 5352//10200 5343//10200
f 3960//10201 3979//10201 5337//10201
f 3989//10202 3991//10202 5353//10202
f 5354//10203 5355//10203 5356//10203
f 5354//10204 5356//10204 5357//10204
f 5358//10205 3959//10205 5338//10205
f 5359//10206 5345//10206 4597//10206
f 5360//10207 5341//10207 5361//10207
f 5360//10208 5339//10208 5341//10208
f 5362//10209 5363//10209 5364//10209
f 5362//10210 5364//10210 5365//10210
f 5366//10211 5367//10211 5368//10211
f 5366//10212 5369//10212 5367//10212
f 5370//10213 5349//10213 5371//10213
f 3992//10214 5372//10214 5350//10214
f 3992//10215 3990//10215 5372//10215
f 5373//10216 5330//10216 5333//10216
f 5359//10217 4597//10217 2490//10217
f 5374//10218 5362//10218 5365//10218
f 5354//10219 5357//10219 5340//10219
f 3998//10220 5350//10220 5349//10220
f 3959//10221 3960//10221 5337//10221
f 5375//10222 5376//10222 5355//10222
f 5377//10223 5370//10223 5371//10223
f 5362//10224 5361//10224 5363//10224
f 5362//10225 5360//10225 5361//10225
f 3985//10226 5358//10226 5378//10226
f 5339//10227 5354//10227 5340//10227
f 5370//10228 3998//10228 5349//10228
f 3949//10229 5350//10229 3998//10229
f 5347//10230 5359//10230 2490//10230
f 5379//10231 5368//10231 5380//10231
f 5381//10232 5374//10232 5365//10232
f 5381//10233 5365//10233 2183//10233
f 5377//10234 5371//10234 5376//10234
f 5382//10235 5383//10235 5384//10235
f 5354//10236 5375//10236 5355//10236
f 5381//10237 2183//10237 2253//10237
f 3962//10238 3959//10238 5358//10238
f 3949//10239 3992//10239 5350//10239
f 5347//10240 2490//10240 2489//10240
f 3966//10241 5378//10241 5331//10241
f 3966//10242 3985//10242 5378//10242
f 5375//10243 5377//10243 5376//10243
f 3999//10244 3998//10244 5370//10244
f 3962//10245 5358//10245 3985//10245
f 4600//10246 5347//10246 2489//10246
f 5385//10247 5331//10247 5330//10247
f 3999//10248 5370//10248 5377//10248
f 5386//10249 5387//10249 5345//10249
f 5388//10250 5373//10250 5389//10250
f 5388//10251 5330//10251 5373//10251
f 5390//10252 5354//10252 5339//10252
f 5391//10253 5379//10253 5380//10253
f 5392//10254 5382//10254 5393//10254
f 5394//10255 5360//10255 5362//10255
f 5395//10256 5362//10256 5374//10256
f 5395//10257 5396//10257 5362//10257
f 3954//10258 3999//10258 5377//10258
f 5397//10259 5375//10259 5354//10259
f 5398//10260 5388//10260 5389//10260
f 5398//10261 5389//10261 5383//10261
f 5399//10262 5390//10262 5339//10262
f 4000//10263 5377//10263 5375//10263
f 5400//10264 5386//10264 5345//10264
f 5399//10265 5339//10265 5360//10265
f 5385//10266 3966//10266 5331//10266
f 5401//10267 5391//10267 5380//10267
f 5401//10268 5380//10268 5402//10268
f 5403//10269 5395//10269 5374//10269
f 5403//10270 5374//10270 5381//10270
f 4000//10271 3954//10271 5377//10271
f 5404//10272 5399//10272 5360//10272
f 5390//10273 5397//10273 5354//10273
f 5405//10274 5398//10274 5383//10274
f 5403//10275 2253//10275 2278//10275
f 5403//10276 5381//10276 2253//10276
f 5406//10277 4600//10277 4601//10277
f 5404//10278 5360//10278 5394//10278
f 5400//10279 5345//10279 5359//10279
f 4001//10280 4000//10280 5375//10280
f 5407//10281 5392//10281 5369//10281
f 5408//10282 5404//10282 5394//10282
f 5405//10283 5383//10283 5382//10283
f 5397//10284 4001//10284 5375//10284
f 5400//10285 5359//10285 5347//10285
f 5386//10286 5401//10286 5402//10286
f 5409//10287 5394//10287 5396//10287
f 5409//10288 5408//10288 5394//10288
f 3994//10289 5385//10289 5330//10289
f 5410//10290 5395//10290 5403//10290
f 5410//10291 2278//10291 2294//10291
f 5410//10292 5403//10292 2278//10292
f 3994//10293 3966//10293 5385//10293
f 3964//10294 5397//10294 5390//10294
f 5409//10295 5396//10295 5395//10295
f 4008//10296 4001//10296 5397//10296
f 5410//10297 5409//10297 5395//10297
f 5411//10298 4601//10298 2483//10298
f 5411//10299 5406//10299 4601//10299
f 3995//10300 3994//10300 5330//10300
f 3965//10301 5390//10301 5399//10301
f 3965//10302 3964//10302 5390//10302
f 3964//10303 4008//10303 5397//10303
f 5412//10304 5413//10304 4575//10304
f 3967//10305 3965//10305 5399//10305
f 3967//10306 5399//10306 5404//10306
f 5408//10307 5414//10307 5404//10307
f 3967//10308 5404//10308 5414//10308
f 5415//10309 5412//10309 2456//10309
f 5411//10310 2483//10310 4602//10310
f 3972//10311 5330//10311 5388//10311
f 5416//10312 2456//10312 4578//10312
f 3972//10313 3995//10313 5330//10313
f 3972//10314 5388//10314 5417//10314
f 5416//10315 5415//10315 2456//10315
f 5409//10316 5414//10316 5408//10316
f 5418//10317 5410//10317 2294//10317
f 5416//10318 4578//10318 4579//10318
f 3945//10319 3967//10319 5414//10319
f 5418//10320 5409//10320 5410//10320
f 3953//10321 5414//10321 5409//10321
f 5419//10322 5413//10322 5412//10322
f 5419//10323 5420//10323 5413//10323
f 3953//10324 5409//10324 5418//10324
f 3943//10325 3945//10325 5414//10325
f 5418//10326 2294//10326 2308//10326
f 5336//10327 5416//10327 4579//10327
f 3953//10328 3943//10328 5414//10328
f 5336//10329 4579//10329 2449//10329
f 5421//10330 5405//10330 5382//10330
f 5418//10331 2308//10331 2325//10331
f 5422//10332 5419//10332 5412//10332
f 3951//10333 3953//10333 5418//10333
f 5422//10334 5412//10334 5415//10334
f 2325//10335 3951//10335 5418//10335
f 5412//10336 4575//10336 2456//10336
f 5423//10337 5336//10337 2449//10337
f 5336//10338 5335//10338 5416//10338
f 5423//10339 2449//10339 2446//10339
f 5424//10340 5411//10340 4602//10340
f 5424//10341 4602//10341 4603//10341
f 5425//10342 5392//10342 5407//10342
f 5335//10343 5426//10343 5416//10343
f 5423//10344 5427//10344 5334//10344
f 5428//10345 5348//10345 4600//10345
f 5428//10346 4600//10346 5406//10346
f 5391//10347 5429//10347 5379//10347
f 5430//10348 5427//10348 5423//10348
f 5421//10349 5382//10349 5392//10349
f 5426//10350 5422//10350 5415//10350
f 4586//10351 5431//10351 4584//10351
f 5426//10352 5415//10352 5416//10352
f 5432//10353 5431//10353 4586//10353
f 5432//10354 5433//10354 5431//10354
f 5434//10355 5435//10355 5436//10355
f 5437//10356 5400//10356 5347//10356
f 5438//10357 5431//10357 5433//10357
f 5430//10358 2446//10358 4582//10358
f 5430//10359 5423//10359 2446//10359
f 5439//10360 4591//10360 4593//10360
f 5352//10361 5338//10361 5440//10361
f 5438//10362 5433//10362 5384//10362
f 5441//10363 5428//10363 5406//10363
f 5442//10364 5436//10364 5337//10364
f 5443//10365 5444//10365 5439//10365
f 5445//10366 5438//10366 5384//10366
f 5445//10367 5446//10367 5438//10367
f 5443//10368 5439//10368 5447//10368
f 5447//10369 5380//10369 5443//10369
f 5368//10370 5444//10370 5443//10370
f 5448//10371 4603//10371 4605//10371
f 5419//10372 5449//10372 5420//10372
f 5448//10373 5424//10373 4603//10373
f 5445//10374 5383//10374 5389//10374
f 5368//10375 5379//10375 5366//10375
f 5450//10376 5347//10376 5348//10376
f 5450//10377 5437//10377 5347//10377
f 5451//10378 5430//10378 4582//10378
f 5451//10379 4582//10379 4584//10379
f 5366//10380 5429//10380 5407//10380
f 5407//10381 5452//10381 5425//10381
f 5431//10382 5451//10382 4584//10382
f 5452//10383 5453//10383 5425//10383
f 5453//10384 5452//10384 4005//10384
f 5364//10385 5363//10385 4533//10385
f 5454//10386 5426//10386 5335//10386
f 5336//10387 5423//10387 5334//10387
f 5455//10388 5441//10388 5406//10388
f 5455//10389 5406//10389 5411//10389
f 5434//10390 5449//10390 5419//10390
f 5456//10391 5457//10391 5386//10391
f 5456//10392 5386//10392 5400//10392
f 5458//10393 5452//10393 5429//10393
f 3970//10394 5417//10394 5459//10394
f 3970//10395 3972//10395 5417//10395
f 5428//10396 5450//10396 5348//10396
f 4591//10397 5439//10397 5444//10397
f 5460//10398 4605//10398 4606//10398
f 4591//10399 5444//10399 4589//10399
f 5460//10400 5448//10400 4605//10400
f 4002//10401 5461//10401 5421//10401
f 5435//10402 5434//10402 5419//10402
f 5435//10403 5419//10403 5422//10403
f 5343//10404 5352//10404 5440//10404
f 5458//10405 5429//10405 5462//10405
f 5344//10406 5454//10406 5335//10406
f 5344//10407 5335//10407 5334//10407
f 3970//10408 5459//10408 5461//10408
f 5387//10409 5380//10409 5447//10409
f 5443//10410 5380//10410 5368//10410
f 5402//10411 5380//10411 5387//10411
f 5437//10412 5456//10412 5400//10412
f 5384//10413 5383//10413 5445//10413
f 4002//10414 3970//10414 5461//10414
f 5427//10415 5344//10415 5334//10415
f 5440//10416 5422//10416 5426//10416
f 5440//10417 5435//10417 5422//10417
f 5463//10418 2435//10418 4588//10418
f 5464//10419 5458//10419 5462//10419
f 5463//10420 5432//10420 2435//10420
f 5379//10421 5429//10421 5366//10421
f 5465//10422 4606//10422 2472//10422
f 5465//10423 5460//10423 4606//10423
f 5417//10424 5388//10424 5398//10424
f 5466//10425 5411//10425 5424//10425
f 5466//10426 5455//10426 5411//10426
f 5398//10427 5461//10427 5459//10427
f 5429//10428 5452//10428 5407//10428
f 5467//10429 5464//10429 5457//10429
f 5440//10430 5426//10430 5454//10430
f 5466//10431 5424//10431 5448//10431
f 5446//10432 5468//10432 5451//10432
f 3977//10433 5421//10433 5425//10433
f 5451//10434 5468//10434 5430//10434
f 5432//10435 4586//10435 2435//10435
f 5444//10436 5463//10436 4588//10436
f 5451//10437 5431//10437 5438//10437
f 5444//10438 4588//10438 4589//10438
f 5442//10439 5449//10439 5434//10439
f 5469//10440 5433//10440 5432//10440
f 5342//10441 5344//10441 5427//10441
f 5467//10442 5457//10442 5456//10442
f 5444//10443 5367//10443 5463//10443
f 3974//10444 4002//10444 5421//10444
f 5343//10445 5440//10445 5454//10445
f 5341//10446 5465//10446 2472//10446
f 5447//10447 5439//10447 4593//10447
f 5341//10448 2472//10448 4607//10448
f 5356//10449 5466//10449 5448//10449
f 5436//10450 5442//10450 5434//10450
f 5446//10451 5445//10451 5389//10451
f 5453//10452 3977//10452 5425//10452
f 5438//10453 5446//10453 5451//10453
f 5346//10454 5467//10454 5456//10454
f 5343//10455 5454//10455 5344//10455
f 3977//10456 3974//10456 5421//10456
f 5351//10457 5450//10457 5428//10457
f 5338//10458 5436//10458 5435//10458
f 5338//10459 5435//10459 5440//10459
f 5470//10460 5342//10460 5427//10460
f 5470//10461 5427//10461 5468//10461
f 5346//10462 5456//10462 5437//10462
f 5398//10463 5459//10463 5417//10463
f 5461//10464 5398//10464 5405//10464
f 5341//10465 4607//10465 4534//10465
f 5357//10466 5356//10466 5448//10466
f 5357//10467 5448//10467 5460//10467
f 5349//10468 5428//10468 5441//10468
f 5349//10469 5351//10469 5428//10469
f 5372//10470 5346//10470 5437//10470
f 4005//10471 5452//10471 5458//10471
f 5361//10472 5341//10472 4534//10472
f 4594//10473 5447//10473 4593//10473
f 5446//10474 5470//10474 5468//10474
f 4594//10475 5387//10475 5447//10475
f 5446//10476 5373//10476 5470//10476
f 5444//10477 5368//10477 5367//10477
f 5382//10478 5384//10478 5471//10478
f 5382//10479 5471//10479 5393//10479
f 5372//10480 5437//10480 5450//10480
f 4533//10481 5361//10481 4534//10481
f 3983//10482 4005//10482 5458//10482
f 5340//10483 5460//10483 5465//10483
f 5340//10484 5357//10484 5460//10484
f 5366//10485 5407//10485 5369//10485
f 5371//10486 5441//10486 5455//10486
f 5371//10487 5349//10487 5441//10487
f 4595//10488 5387//10488 4594//10488
f 5471//10489 5433//10489 5469//10489
f 5471//10490 5384//10490 5433//10490
f 5421//10491 5392//10491 5425//10491
f 5462//10492 5429//10492 5391//10492
f 3986//10493 3983//10493 5458//10493
f 3986//10494 5458//10494 5464//10494
f 5453//10495 4005//10495 3977//10495
f 5351//10496 5372//10496 5450//10496
f 5333//10497 5342//10497 5470//10497
f 5364//10498 4533//10498 2458//10498
f 5341//10499 5340//10499 5465//10499
f 5472//10500 5463//10500 5367//10500
f 5353//10501 3986//10501 5464//10501
f 5337//10502 5473//10502 5442//10502
f 5378//10503 5358//10503 5338//10503
f 5378//10504 5338//10504 5352//10504
f 5373//10505 5333//10505 5470//10505
f 5365//10506 5364//10506 2458//10506
f 5393//10507 5471//10507 5469//10507
f 5365//10508 2458//10508 2452//10508
f 5393//10509 5469//10509 5472//10509
f 5338//10510 5337//10510 5436//10510
f 5402//10511 5387//10511 5386//10511
f 5376//10512 5371//10512 5455//10512
f 5376//10513 5455//10513 5466//10513
f 5393//10514 5369//10514 5392//10514
f 5363//10515 5361//10515 4533//10515
f 5401//10516 5386//10516 5457//10516
f 5462//10517 5401//10517 5457//10517
f 5462//10518 5391//10518 5401//10518
f 5421//10519 5461//10519 5405//10519
f 5337//10520 3979//10520 5473//10520
f 5464//10521 5462//10521 5457//10521
f 5464//10522 5467//10522 5353//10522
f 5396//10523 5394//10523 5362//10523
f 5468//10524 5427//10524 5430//10524
f 3989//10525 5353//10525 5467//10525
f 5469//10526 5432//10526 5463//10526
f 5469//10527 5463//10527 5472//10527
f 5345//10528 5387//10528 4595//10528
f 2183//10529 5365//10529 2452//10529
f 2183//10530 2452//10530 2181//10530
f 5389//10531 5373//10531 5446//10531
f 5355//10532 5376//10532 5466//10532
f 5355//10533 5466//10533 5356//10533
f 3990//10534 5346//10534 5372//10534
f 3991//10535 3986//10535 5353//10535
f 3989//10536 5467//10536 5346//10536
f 5331//10537 5378//10537 5352//10537
f 5331//10538 5352//10538 5332//10538
f 5350//10539 5372//10539 5351//10539
f 5369//10540 5393//10540 5472//10540
f 5369//10541 5472//10541 5367//10541
f 5474//10542 5475//10542 5476//10542
f 4052//10543 2084//10543 5477//10543
f 4053//10544 5477//10544 2084//10544
f 5478//10545 5479//10545 5480//10545
f 5481//10546 5482//10546 5483//10546
f 5481//10547 5483//10547 5484//10547
f 5485//10548 5486//10548 5487//10548
f 5488//10549 5489//10549 5490//10549
f 5491//10550 5492//10550 5493//10550
f 5494//10551 5495//10551 5496//10551
f 5497//10552 1007//10552 5498//10552
f 5499//10553 5500//10553 5501//10553
f 5502//10554 4053//10554 4054//10554
f 5502//10555 5503//10555 4053//10555
f 5504//10556 5505//10556 5506//10556
f 5507//10557 5508//10557 5504//10557
f 5509//10558 5510//10558 5511//10558
f 5497//10559 1025//10559 1007//10559
f 5509//10560 5511//10560 5512//10560
f 4054//10561 5506//10561 5502//10561
f 5513//10562 5514//10562 5515//10562
f 5516//10563 5517//10563 5518//10563
f 5519//10564 5520//10564 5521//10564
f 5519//10565 5521//10565 5522//10565
f 5523//10566 5484//10566 5524//10566
f 5525//10567 5526//10567 5527//10567
f 5528//10568 5497//10568 5508//10568
f 5528//10569 5508//10569 5507//10569
f 5529//10570 4548//10570 4552//10570
f 5506//10571 4054//10571 2003//10571
f 5530//10572 5531//10572 5532//10572
f 2003//10573 5504//10573 5506//10573
f 2003//10574 1989//10574 5504//10574
f 5533//10575 5512//10575 5534//10575
f 5533//10576 5534//10576 5535//10576
f 5507//10577 5504//10577 1989//10577
f 5536//10578 5537//10578 5538//10578
f 5528//10579 1025//10579 5497//10579
f 5528//10580 1041//10580 1025//10580
f 1927//10581 5507//10581 1989//10581
f 5539//10582 5540//10582 5541//10582
f 5539//10583 5541//10583 5542//10583
f 1927//10584 5528//10584 5507//10584
f 5543//10585 5490//10585 5544//10585
f 1046//10586 1041//10586 5528//10586
f 1927//10587 1885//10587 5528//10587
f 5545//10588 5546//10588 5547//10588
f 5478//10589 5548//10589 5549//10589
f 5550//10590 5493//10590 5551//10590
f 5550//10591 5551//10591 5552//10591
f 1046//10592 5528//10592 1885//10592
f 856//10593 798//10593 5553//10593
f 5554//10594 5555//10594 5556//10594
f 5499//10595 5557//10595 5500//10595
f 5558//10596 5559//10596 5560//10596
f 5561//10597 5562//10597 5563//10597
f 5561//10598 5564//10598 5562//10598
f 5565//10599 5566//10599 5567//10599
f 5568//10600 5569//10600 5491//10600
f 5570//10601 5567//10601 5571//10601
f 5572//10602 5484//10602 5523//10602
f 5570//10603 5565//10603 5567//10603
f 5573//10604 5527//10604 5574//10604
f 5517//10605 5571//10605 5575//10605
f 5576//10606 5542//10606 5577//10606
f 5517//10607 5570//10607 5571//10607
f 5518//10608 5517//10608 5575//10608
f 5516//10609 5549//10609 5517//10609
f 5518//10610 5575//10610 5578//10610
f 5579//10611 5543//10611 5580//10611
f 5581//10612 5547//10612 5582//10612
f 5583//10613 5584//10613 5585//10613
f 5578//10614 5586//10614 5587//10614
f 5583//10615 5585//10615 5588//10615
f 5589//10616 5590//10616 5591//10616
f 5592//10617 5413//10617 5420//10617
f 5523//10618 5524//10618 5525//10618
f 5593//10619 5594//10619 5595//10619
f 5474//10620 5596//10620 5475//10620
f 5597//10621 5598//10621 5554//10621
f 5589//10622 5580//10622 5599//10622
f 5600//10623 5601//10623 5495//10623
f 5602//10624 5603//10624 5510//10624
f 5604//10625 5537//10625 5536//10625
f 5605//10626 5532//10626 5606//10626
f 5607//10627 5479//10627 5478//10627
f 5608//10628 5490//10628 5543//10628
f 5609//10629 5593//10629 5603//10629
f 5610//10630 5496//10630 5611//10630
f 5612//10631 5613//10631 5485//10631
f 5612//10632 5614//10632 5613//10632
f 5610//10633 5494//10633 5496//10633
f 5615//10634 5549//10634 5516//10634
f 5591//10635 5482//10635 5481//10635
f 5560//10636 5557//10636 5499//10636
f 5616//10637 5485//10637 5487//10637
f 5617//10638 5527//10638 5573//10638
f 5618//10639 5619//10639 5620//10639
f 5618//10640 5621//10640 5619//10640
f 5622//10641 5623//10641 5624//10641
f 5625//10642 5582//10642 5488//10642
f 5626//10643 5554//10643 5556//10643
f 5627//10644 5529//10644 4552//10644
f 5516//10645 5518//10645 5578//10645
f 5628//10646 5629//10646 5630//10646
f 5628//10647 5631//10647 5629//10647
f 5632//10648 5633//10648 5634//10648
f 5632//10649 5634//10649 5635//10649
f 5481//10650 5484//10650 5572//10650
f 5530//10651 5635//10651 5636//10651
f 5563//10652 5520//10652 5519//10652
f 5637//10653 5513//10653 5515//10653
f 5600//10654 5495//10654 5494//10654
f 5638//10655 5487//10655 5540//10655
f 5638//10656 5540//10656 5539//10656
f 5597//10657 848//10657 5598//10657
f 5597//10658 969//10658 848//10658
f 5639//10659 5539//10659 5542//10659
f 5639//10660 5542//10660 5576//10660
f 5608//10661 5488//10661 5490//10661
f 5604//10662 5556//10662 5537//10662
f 5607//10663 5576//10663 5479//10663
f 5602//10664 5510//10664 5509//10664
f 5640//10665 5564//10665 5561//10665
f 5640//10666 5586//10666 5564//10666
f 5612//10667 5641//10667 5614//10667
f 5642//10668 5643//10668 5546//10668
f 5642//10669 5546//10669 5545//10669
f 5644//10670 5620//10670 5594//10670
f 5644//10671 5594//10671 5593//10671
f 5645//10672 5568//10672 5491//10672
f 5615//10673 5478//10673 5549//10673
f 5600//10674 5515//10674 5601//10674
f 5624//10675 5646//10675 5592//10675
f 5617//10676 5525//10676 5527//10676
f 5647//10677 5588//10677 5569//10677
f 5647//10678 5569//10678 5568//10678
f 5648//10679 5589//10679 5591//10679
f 5649//10680 5576//10680 5607//10680
f 5650//10681 5501//10681 5651//10681
f 5625//10682 5581//10682 5582//10682
f 5652//10683 5491//10683 5493//10683
f 5652//10684 5493//10684 5550//10684
f 5545//10685 5547//10685 5581//10685
f 5653//10686 5512//10686 5533//10686
f 5654//10687 5655//10687 5656//10687
f 5654//10688 5476//10688 5655//10688
f 5579//10689 5580//10689 5589//10689
f 5657//10690 5641//10690 5612//10690
f 5597//10691 5554//10691 5626//10691
f 5658//10692 5659//10692 5660//10692
f 5661//10693 5478//10693 5615//10693
f 5662//10694 5556//10694 5604//10694
f 5663//10695 5607//10695 5478//10695
f 5612//10696 5485//10696 5616//10696
f 5609//10697 5603//10697 5602//10697
f 5616//10698 5487//10698 5638//10698
f 5664//10699 5596//10699 5474//10699
f 5664//10700 5665//10700 5596//10700
f 5666//10701 5532//10701 5605//10701
f 5666//10702 5530//10702 5532//10702
f 5667//10703 5668//10703 5665//10703
f 5617//10704 5523//10704 5525//10704
f 5587//10705 5516//10705 5578//10705
f 5669//10706 5481//10706 5572//10706
f 5670//10707 5591//10707 5481//10707
f 5671//10708 5552//10708 5621//10708
f 5671//10709 5621//10709 5618//10709
f 5672//10710 5630//10710 5668//10710
f 5657//10711 5673//10711 5641//10711
f 5674//10712 5675//10712 5529//10712
f 5676//10713 5543//10713 5579//10713
f 946//10714 5584//10714 5583//10714
f 946//10715 856//10715 5584//10715
f 5677//10716 5513//10716 5637//10716
f 5608//10717 5625//10717 5488//10717
f 5678//10718 5491//10718 5652//10718
f 5679//10719 5643//10719 5642//10719
f 5679//10720 5536//10720 5643//10720
f 5627//10721 5674//10721 5529//10721
f 5649//10722 5639//10722 5576//10722
f 5597//10723 1048//10723 969//10723
f 5653//10724 5509//10724 5512//10724
f 5650//10725 5499//10725 5501//10725
f 5680//10726 5515//10726 5600//10726
f 5680//10727 5637//10727 5515//10727
f 5662//10728 5626//10728 5556//10728
f 5681//10729 5597//10729 5626//10729
f 5682//10730 5589//10730 5648//10730
f 5683//10731 5579//10731 5589//10731
f 5684//10732 5516//10732 5587//10732
f 5420//10733 5624//10733 5592//10733
f 5685//10734 5563//10734 5519//10734
f 5686//10735 5633//10735 5632//10735
f 5686//10736 5656//10736 5633//10736
f 5687//10737 5673//10737 5657//10737
f 5688//10738 5689//10738 5659//10738
f 5690//10739 5628//10739 5630//10739
f 5672//10740 5690//10740 5630//10740
f 5691//10741 5535//10741 5631//10741
f 5691//10742 5631//10742 5628//10742
f 5676//10743 5608//10743 5543//10743
f 5663//10744 5649//10744 5607//10744
f 5692//10745 5558//10745 5560//10745
f 5692//10746 5606//10746 5558//10746
f 5622//10747 5693//10747 5623//10747
f 5618//10748 5620//10748 5644//10748
f 5674//10749 5694//10749 5675//10749
f 5695//10750 5638//10750 5539//10750
f 5677//10751 5573//10751 5513//10751
f 5695//10752 5539//10752 5639//10752
f 5696//10753 5600//10753 5494//10753
f 5697//10754 5523//10754 5617//10754
f 5698//10755 5586//10755 5640//10755
f 5698//10756 5587//10756 5586//10756
f 5699//10757 5680//10757 5600//10757
f 5700//10758 4566//10758 5701//10758
f 5702//10759 5639//10759 5649//10759
f 1022//10760 5588//10760 5647//10760
f 1022//10761 5583//10761 5588//10761
f 5703//10762 5612//10762 5616//10762
f 5680//10763 5677//10763 5637//10763
f 5663//10764 5478//10764 5661//10764
f 5678//10765 5645//10765 5491//10765
f 5704//10766 5615//10766 5516//10766
f 5681//10767 1048//10767 5597//10767
f 5704//10768 5516//10768 5684//10768
f 5705//10769 5509//10769 5653//10769
f 5670//10770 5481//10770 5669//10770
f 5701//10771 4566//10771 4571//10771
f 5706//10772 5476//10772 5654//10772
f 5706//10773 5474//10773 5476//10773
f 5707//10774 5563//10774 5685//10774
f 5708//10775 5608//10775 5676//10775
f 5709//10776 5610//10776 5611//10776
f 5647//10777 5568//10777 5645//10777
f 5710//10778 5519//10778 5522//10778
f 5711//10779 5658//10779 5660//10779
f 5711//10780 5660//10780 5693//10780
f 5712//10781 5662//10781 5604//10781
f 5713//10782 5545//10782 5581//10782
f 5714//10783 5604//10783 5536//10783
f 5714//10784 5536//10784 5679//10784
f 5715//10785 5591//10785 5670//10785
f 5715//10786 5648//10786 5591//10786
f 5716//10787 5573//10787 5677//10787
f 5717//10788 5550//10788 5552//10788
f 5717//10789 5552//10789 5671//10789
f 1022//10790 946//10790 5583//10790
f 5718//10791 5692//10791 5560//10791
f 5669//10792 5572//10792 5523//10792
f 5719//10793 5612//10793 5703//10793
f 5720//10794 5670//10794 5669//10794
f 5721//10795 5618//10795 5644//10795
f 5683//10796 5589//10796 5682//10796
f 5703//10797 5616//10797 5638//10797
f 5708//10798 5722//10798 5608//10798
f 5723//10799 5635//10799 5530//10799
f 5676//10800 5579//10800 5683//10800
f 5705//10801 5602//10801 5509//10801
f 5724//10802 5560//10802 5499//10802
f 5707//10803 5561//10803 5563//10803
f 5709//10804 5611//10804 5688//10804
f 5725//10805 5665//10805 5664//10805
f 5725//10806 5667//10806 5665//10806
f 5726//10807 5687//10807 5657//10807
f 5723//10808 5530//10808 5666//10808
f 5691//10809 5533//10809 5535//10809
f 5713//10810 5642//10810 5545//10810
f 5727//10811 5645//10811 5678//10811
f 5681//10812 5626//10812 5662//10812
f 5699//10813 5600//10813 5696//10813
f 5728//10814 5609//10814 5602//10814
f 5696//10815 5494//10815 5610//10815
f 5716//10816 5617//10816 5573//10816
f 5729//10817 5587//10817 5698//10817
f 5672//10818 5668//10818 5667//10818
f 5730//10819 5670//10819 5720//10819
f 5719//10820 5657//10820 5612//10820
f 5731//10821 5593//10821 5609//10821
f 5732//10822 5581//10822 5625//10822
f 5733//10823 5615//10823 5704//10823
f 5733//10824 5661//10824 5615//10824
f 5695//10825 5639//10825 5702//10825
f 5734//10826 4552//10826 4556//10826
f 5722//10827 5625//10827 5608//10827
f 5734//10828 5627//10828 4552//10828
f 5735//10829 5682//10829 5648//10829
f 5735//10830 5648//10830 5715//10830
f 5736//10831 5694//10831 5674//10831
f 5736//10832 5737//10832 5694//10832
f 5738//10833 5697//10833 5617//10833
f 5731//10834 5644//10834 5593//10834
f 5739//10835 5663//10835 5661//10835
f 5740//10836 5642//10836 5713//10836
f 5728//10837 5602//10837 5705//10837
f 5736//10838 5522//10838 5741//10838
f 5736//10839 5741//10839 5737//10839
f 5715//10840 5670//10840 5730//10840
f 5742//10841 5662//10841 5712//10841
f 5743//10842 5669//10842 5523//10842
f 5743//10843 5523//10843 5697//10843
f 5744//10844 5709//10844 5688//10844
f 5712//10845 5604//10845 5714//10845
f 5692//10846 5605//10846 5606//10846
f 5684//10847 5587//10847 5729//10847
f 5745//10848 5624//10848 5420//10848
f 5746//10849 5704//10849 5684//10849
f 5744//10850 5688//10850 5659//10850
f 5747//10851 5649//10851 5663//10851
f 5747//10852 5663//10852 5748//10852
f 5748//10853 5663//10853 5739//10853
f 5732//10854 5713//10854 5581//10854
f 5685//10855 5519//10855 5710//10855
f 5718//10856 5560//10856 5724//10856
f 5738//10857 5617//10857 5716//10857
f 1101//10858 1022//10858 5647//10858
f 5749//10859 5676//10859 5683//10859
f 5750//10860 5687//10860 5726//10860
f 5743//10861 5720//10861 5669//10861
f 5751//10862 5703//10862 5638//10862
f 5740//10863 5679//10863 5642//10863
f 5721//10864 5671//10864 5618//10864
f 5752//10865 5627//10865 5734//10865
f 5717//10866 5652//10866 5550//10866
f 5753//10867 5697//10867 5738//10867
f 5754//10868 5656//10868 5686//10868
f 5754//10869 5654//10869 5656//10869
f 5755//10870 5645//10870 5727//10870
f 5755//10871 5647//10871 5645//10871
f 1159//10872 1048//10872 5681//10872
f 5756//10873 5657//10873 5719//10873
f 5756//10874 5726//10874 5657//10874
f 5757//10875 5561//10875 5707//10875
f 5758//10876 5677//10876 5680//10876
f 5759//10877 5696//10877 5610//10877
f 5760//10878 5691//10878 5628//10878
f 5760//10879 5628//10879 5690//10879
f 5761//10880 5693//10880 5622//10880
f 5761//10881 5711//10881 5693//10881
f 5749//10882 5708//10882 5676//10882
f 5762//10883 5651//10883 5700//10883
f 5763//10884 5700//10884 5701//10884
f 5764//10885 5662//10885 5742//10885
f 5765//10886 5710//10886 5522//10886
f 5764//10887 5681//10887 5662//10887
f 5766//10888 5723//10888 5666//10888
f 5767//10889 5768//10889 5769//10889
f 5744//10890 5659//10890 5658//10890
f 5770//10891 5653//10891 5533//10891
f 5770//10892 5533//10892 5691//10892
f 5771//10893 5622//10893 5624//10893
f 5771//10894 5624//10894 5745//10894
f 5772//10895 5679//10895 5740//10895
f 5773//10896 5664//10896 5474//10896
f 5773//10897 5474//10897 5706//10897
f 5774//10898 5625//10898 5722//10898
f 5774//10899 5732//10899 5625//10899
f 5775//10900 5682//10900 5735//10900
f 4599//10901 5769//10901 5768//10901
f 5776//10902 5720//10902 5743//10902
f 5750//10903 5777//10903 5687//10903
f 5751//10904 5719//10904 5703//10904
f 5739//10905 5661//10905 5733//10905
f 5778//10906 5695//10906 5702//10906
f 5779//10907 5769//10907 4599//10907
f 5765//10908 5522//10908 5736//10908
f 5780//10909 5722//10909 5708//10909
f 5781//10910 5677//10910 5758//10910
f 5731//10911 5609//10911 5728//10911
f 5782//10912 5708//10912 5749//10912
f 5783//10913 5638//10913 5695//10913
f 5784//10914 5678//10914 5652//10914
f 5784//10915 5652//10915 5717//10915
f 5752//10916 5674//10916 5627//10916
f 5785//10917 5702//10917 5649//10917
f 5785//10918 5649//10918 5747//10918
f 5733//10919 5704//10919 5746//10919
f 5757//10920 5640//10920 5561//10920
f 5786//10921 5767//10921 5769//10921
f 5716//10922 5677//10922 5781//10922
f 5759//10923 5610//10923 5709//10923
f 5787//10924 5721//10924 5644//10924
f 5787//10925 5644//10925 5731//10925
f 5788//10926 5666//10926 5605//10926
f 5788//10927 5605//10927 5692//10927
f 5753//10928 5743//10928 5697//10928
f 5789//10929 5712//10929 5714//10929
f 5790//10930 5767//10930 5786//10930
f 5772//10931 5714//10931 5679//10931
f 5791//10932 5672//10932 5667//10932
f 5791//10933 5667//10933 5725//10933
f 5792//10934 5701//10934 4571//10934
f 5764//10935 1159//10935 5681//10935
f 5793//10936 5767//10936 5790//10936
f 5786//10937 5769//10937 5779//10937
f 5746//10938 5684//10938 5729//10938
f 5794//10939 5680//10939 5699//10939
f 5775//10940 5683//10940 5682//10940
f 5795//10941 5719//10941 5751//10941
f 5794//10942 5758//10942 5680//10942
f 5796//10943 5685//10943 5710//10943
f 5797//10944 5717//10944 5671//10944
f 5762//10945 5650//10945 5651//10945
f 5779//10946 4599//10946 4536//10946
f 5798//10947 5735//10947 5715//10947
f 5798//10948 5715//10948 5730//10948
f 5799//10949 5777//10949 5750//10949
f 5756//10950 5750//10950 5726//10950
f 5797//10951 5671//10951 5721//10951
f 5724//10952 5499//10952 5650//10952
f 5800//10953 5728//10953 5705//10953
f 5801//10954 5635//10954 5723//10954
f 5802//10955 5786//10955 5779//10955
f 5802//10956 5779//10956 4536//10956
f 5803//10957 5691//10957 5760//10957
f 5804//10958 5751//10958 5638//10958
f 5804//10959 5638//10959 5783//10959
f 5805//10960 5806//10960 5807//10960
f 5808//10961 5807//10961 5793//10961
f 5809//10962 5719//10962 5795//10962
f 5809//10963 5756//10963 5719//10963
f 1232//10964 1159//10964 5764//10964
f 5810//10965 5706//10965 5654//10965
f 5810//10966 5654//10966 5754//10966
f 5811//10967 5732//10967 5774//10967
f 5811//10968 5713//10968 5732//10968
f 5812//10969 5786//10969 5802//10969
f 5813//10970 5739//10970 5733//10970
f 5783//10971 5695//10971 5778//10971
f 5808//10972 5793//10972 5790//10972
f 5814//10973 5640//10973 5757//10973
f 5815//10974 5683//10974 5775//10974
f 1132//10975 1101//10975 5647//10975
f 1132//10976 5647//10976 5755//10976
f 5812//10977 5790//10977 5786//10977
f 5816//10978 5711//10978 5761//10978
f 5816//10979 5658//10979 5711//10979
f 5817//10980 5731//10980 5728//10980
f 5818//10981 5790//10981 5812//10981
f 5819//10982 5774//10982 5722//10982
f 5805//10983 5807//10983 5808//10983
f 5820//10984 5806//10984 5805//10984
f 5762//10985 5700//10985 5763//10985
f 5821//10986 5720//10986 5776//10986
f 5821//10987 5730//10987 5720//10987
f 5782//10988 5780//10988 5708//10988
f 5776//10989 5743//10989 5753//10989
f 5799//10990 5822//10990 5777//10990
f 5823//10991 5820//10991 5805//10991
f 5819//10992 5722//10992 5780//10992
f 5824//10993 5705//10993 5653//10993
f 5824//10994 5653//10994 5770//10994
f 5698//10995 5640//10995 5814//10995
f 5825//10996 5750//10996 5756//10996
f 4573//10997 5792//10997 4571//10997
f 5826//10998 5723//10998 5766//10998
f 5818//10999 5812//10999 5827//10999
f 5828//11000 5742//11000 5712//11000
f 5828//11001 5712//11001 5789//11001
f 5808//11002 5790//11002 5818//11002
f 5815//11003 5749//11003 5683//11003
f 5829//11004 5751//11004 5804//11004
f 5789//11005 5714//11005 5772//11005
f 5830//11006 5702//11006 5785//11006
f 5831//11007 5832//11007 5820//11007
f 5831//11008 5820//11008 5823//11008
f 5830//11009 5778//11009 5702//11009
f 5801//11010 5632//11010 5635//11010
f 5833//11011 5812//11011 5802//11011
f 5834//11012 5772//11012 5740//11012
f 5835//11013 5738//11013 5716//11013
f 5836//11014 5650//11014 5762//11014
f 5833//11015 5802//11015 4536//11015
f 5837//11016 5721//11016 5787//11016
f 5838//11017 5794//11017 5699//11017
f 5839//11018 5832//11018 5831//11018
f 5840//11019 5727//11019 5678//11019
f 5838//11020 5699//11020 5696//11020
f 5840//11021 5678//11021 5784//11021
f 5839//11022 5841//11022 5832//11022
f 5842//11023 5776//11023 5753//11023
f 5843//11024 5805//11024 5808//11024
f 5843//11025 5808//11025 5818//11025
f 5844//11026 5748//11026 5739//11026
f 5845//11027 5690//11027 5672//11027
f 5844//11028 5747//11028 5748//11028
f 5845//11029 5672//11029 5791//11029
f 5846//11030 5735//11030 5798//11030
f 5846//11031 5775//11031 5735//11031
f 5847//11032 5812//11032 5833//11032
f 5848//11033 5664//11033 5773//11033
f 5848//11034 5725//11034 5664//11034
f 5849//11035 5822//11035 5799//11035
f 5811//11036 5740//11036 5713//11036
f 5847//11037 5827//11037 5812//11037
f 5817//11038 5850//11038 5731//11038
f 5851//11039 5746//11039 5729//11039
f 5833//11040 4536//11040 4535//11040
f 5835//11041 5852//11041 5738//11041
f 5853//11042 5707//11042 5685//11042
f 5854//11043 5823//11043 5805//11043
f 5854//11044 5805//11044 5843//11044
f 5842//11045 5753//11045 5738//11045
f 5855//11046 5815//11046 5775//11046
f 5856//11047 5841//11047 5839//11047
f 5799//11048 5750//11048 5825//11048
f 5821//11049 5798//11049 5730//11049
f 5835//11050 5716//11050 5781//11050
f 5829//11051 5795//11051 5751//11051
f 5763//11052 5701//11052 5792//11052
f 5854//11053 5831//11053 5823//11053
f 5784//11054 5717//11054 5797//11054
f 5857//11055 5666//11055 5788//11055
f 5858//11056 5698//11056 5814//11056
f 5857//11057 5766//11057 5666//11057
f 5859//11058 5818//11058 5827//11058
f 5860//11059 5856//11059 5839//11059
f 5861//11060 5742//11060 5828//11060
f 5861//11061 5764//11061 5742//11061
f 5826//11062 5801//11062 5723//11062
f 5745//11063 5420//11063 5449//11063
f 5862//11064 5674//11064 5752//11064
f 5815//11065 5782//11065 5749//11065
f 5863//11066 5856//11066 5860//11066
f 5864//11067 5776//11067 5842//11067
f 5843//11068 5818//11068 5859//11068
f 5849//11069 5865//11069 5822//11069
f 5866//11070 5839//11070 5831//11070
f 5866//11071 5831//11071 5854//11071
f 5867//11072 5774//11072 5819//11072
f 5868//11073 5691//11073 5803//11073
f 5868//11074 5770//11074 5691//11074
f 5869//11075 5847//11075 5833//11075
f 5787//11076 5731//11076 5850//11076
f 5870//11077 5783//11077 5778//11077
f 5870//11078 5778//11078 5830//11078
f 5871//11079 5761//11079 5622//11079
f 5871//11080 5622//11080 5771//11080
f 5872//11081 5821//11081 5776//11081
f 5836//11082 5724//11082 5650//11082
f 5873//11083 5759//11083 5709//11083
f 5869//11084 5833//11084 4535//11084
f 5874//11085 5809//11085 5795//11085
f 5824//11086 5800//11086 5705//11086
f 5874//11087 5795//11087 5829//11087
f 5842//11088 5738//11088 5852//11088
f 5875//11089 5860//11089 5839//11089
f 5801//11090 5686//11090 5632//11090
f 5876//11091 5854//11091 5843//11091
f 5853//11092 5757//11092 5707//11092
f 5877//11093 5733//11093 5746//11093
f 5878//11094 5847//11094 5869//11094
f 5878//11095 5827//11095 5847//11095
f 5879//11096 5789//11096 5772//11096
f 5879//11097 5772//11097 5834//11097
f 5880//11098 5658//11098 5816//11098
f 5881//11099 5843//11099 5859//11099
f 1219//11100 1132//11100 5755//11100
f 5724//11101 5692//11101 5718//11101
f 5875//11102 5839//11102 5866//11102
f 5834//11103 5740//11103 5811//11103
f 5882//11104 5756//11104 5809//11104
f 5855//11105 5775//11105 5846//11105
f 5883//11106 5755//11106 5727//11106
f 5883//11107 5727//11107 5840//11107
f 5858//11108 5729//11108 5698//11108
f 5884//11109 5857//11109 5788//11109
f 5859//11110 5827//11110 5878//11110
f 5838//11111 5696//11111 5759//11111
f 5885//11112 5863//11112 5860//11112
f 5886//11113 5782//11113 5815//11113
f 5887//11114 5785//11114 5747//11114
f 5887//11115 5747//11115 5844//11115
f 5876//11116 5843//11116 5881//11116
f 5867//11117 5819//11117 5780//11117
f 5888//11118 5784//11118 5797//11118
f 5889//11119 5721//11119 5837//11119
f 5889//11120 5797//11120 5721//11120
f 5890//11121 5835//11121 5781//11121
f 5891//11122 5709//11122 5744//11122
f 5817//11123 5728//11123 5800//11123
f 5892//11124 5865//11124 5849//11124
f 5893//11125 5866//11125 5854//11125
f 5893//11126 5854//11126 5876//11126
f 5894//11127 5860//11127 5875//11127
f 5885//11128 5860//11128 5894//11128
f 5846//11129 5798//11129 5821//11129
f 5895//11130 5706//11130 5810//11130
f 5896//11131 5863//11131 5885//11131
f 5895//11132 5773//11132 5706//11132
f 5877//11133 5746//11133 5851//11133
f 5897//11134 5815//11134 5855//11134
f 5898//11135 5813//11135 5733//11135
f 5899//11136 5859//11136 5878//11136
f 5900//11137 5821//11137 5872//11137
f 5901//11138 5757//11138 5853//11138
f 1290//11139 1232//11139 5764//11139
f 1290//11140 5764//11140 5861//11140
f 5902//11141 5876//11141 5881//11141
f 5903//11142 5811//11142 5774//11142
f 5903//11143 5774//11143 5867//11143
f 5904//11144 5763//11144 5792//11144
f 5905//11145 5729//11145 5858//11145
f 5906//11146 5834//11146 5811//11146
f 5907//11147 5760//11147 5690//11147
f 5907//11148 5690//11148 5845//11148
f 5908//11149 5852//11149 5835//11149
f 5909//11150 5844//11150 5739//11150
f 5910//11151 5878//11151 5869//11151
f 5909//11152 5739//11152 5813//11152
f 5911//11153 5692//11153 5724//11153
f 5912//11154 5780//11154 5782//11154
f 5881//11155 5859//11155 5899//11155
f 5912//11156 5782//11156 5886//11156
f 5913//11157 5810//11157 5754//11157
f 5914//11158 5864//11158 5842//11158
f 5872//11159 5776//11159 5864//11159
f 5882//11160 5825//11160 5756//11160
f 5915//11161 5724//11161 5836//11161
f 5873//11162 5838//11162 5759//11162
f 5916//11163 5885//11163 5894//11163
f 4539//11164 5869//11164 4535//11164
f 5917//11165 5840//11165 5784//11165
f 5918//11166 5789//11166 5879//11166
f 5918//11167 5828//11167 5789//11167
f 5919//11168 5809//11168 5874//11168
f 5883//11169 1219//11169 5755//11169
f 5899//11170 5878//11170 5910//11170
f 5920//11171 5921//11171 5896//11171
f 5920//11172 5896//11172 5885//11172
f 5922//11173 5837//11173 5787//11173
f 5923//11174 5762//11174 5763//11174
f 5924//11175 5894//11175 5875//11175
f 5925//11176 5766//11176 5857//11176
f 5926//11177 5744//11177 5658//11177
f 5927//11178 5876//11178 5902//11178
f 5927//11179 5893//11179 5876//11179
f 5928//11180 5875//11180 5866//11180
f 5929//11181 5791//11181 5725//11181
f 5930//11182 5783//11182 5870//11182
f 5928//11183 5866//11183 5893//11183
f 5929//11184 5725//11184 5848//11184
f 5930//11185 5804//11185 5783//11185
f 5911//11186 5788//11186 5692//11186
f 5931//11187 5709//11187 5891//11187
f 5910//11188 5869//11188 4539//11188
f 5931//11189 5873//11189 5709//11189
f 5932//11190 5824//11190 5770//11190
f 5932//11191 5770//11191 5868//11191
f 5933//11192 5903//11192 5867//11192
f 5934//11193 5852//11193 5908//11193
f 5935//11194 5921//11194 5936//11194
f 5937//11195 5881//11195 5899//11195
f 5938//11196 5686//11196 5801//11196
f 5936//11197 5921//11197 5920//11197
f 5938//11198 5754//11198 5686//11198
f 5939//11199 5794//11199 5838//11199
f 5890//11200 5781//11200 5758//11200
f 5916//11201 5894//11201 5924//11201
f 5940//11202 5800//11202 5824//11202
f 5905//11203 5851//11203 5729//11203
f 5926//11204 5891//11204 5744//11204
f 5941//11205 5872//11205 5864//11205
f 5942//11206 5787//11206 5850//11206
f 5942//11207 5922//11207 5787//11207
f 5943//11208 5855//11208 5846//11208
f 5923//11209 5836//11209 5762//11209
f 5796//11210 5853//11210 5685//11210
f 5924//11211 5875//11211 5928//11211
f 5944//11212 5799//11212 5825//11212
f 5945//11213 5946//11213 5892//11213
f 5902//11214 5881//11214 5937//11214
f 5947//11215 5825//11215 5882//11215
f 5927//11216 5902//11216 5948//11216
f 5557//11217 4556//11217 4558//11217
f 5871//11218 5816//11218 5761//11218
f 5557//11219 5734//11219 4556//11219
f 5886//11220 5815//11220 5897//11220
f 5922//11221 5889//11221 5837//11221
f 5949//11222 5885//11222 5916//11222
f 5901//11223 5814//11223 5757//11223
f 5934//11224 5842//11224 5852//11224
f 5898//11225 5733//11225 5877//11225
f 5950//11226 5810//11226 5913//11226
f 5936//11227 5951//11227 5935//11227
f 5952//11228 5821//11228 5900//11228
f 5952//11229 5846//11229 5821//11229
f 1256//11230 1219//11230 5883//11230
f 5919//11231 5882//11231 5809//11231
f 5953//11232 5710//11232 5765//11232
f 591//11233 1290//11233 5861//11233
f 5796//11234 5710//11234 5954//11234
f 5917//11235 5784//11235 5888//11235
f 5914//11236 5842//11236 5934//11236
f 5955//11237 5785//11237 5887//11237
f 5955//11238 5830//11238 5785//11238
f 5879//11239 5834//11239 5906//11239
f 5956//11240 5892//11240 5849//11240
f 5949//11241 5920//11241 5885//11241
f 5957//11242 5828//11242 5918//11242
f 5957//11243 5861//11243 5828//11243
f 5958//11244 5867//11244 5780//11244
f 5959//11245 5910//11245 4539//11245
f 5958//11246 5780//11246 5912//11246
f 5930//11247 5829//11247 5804//11247
f 5960//11248 5771//11248 5745//11248
f 5960//11249 5745//11249 5449//11249
f 5943//11250 5897//11250 5855//11250
f 5961//11251 5925//11251 5857//11251
f 5962//11252 5899//11252 5910//11252
f 5963//11253 5939//11253 5838//11253
f 5964//11254 5902//11254 5937//11254
f 5965//11255 5951//11255 5936//11255
f 5966//11256 5850//11256 5817//11256
f 5967//11257 5792//11257 4573//11257
f 5968//11258 5724//11258 5915//11258
f 5925//11259 5826//11259 5766//11259
f 5969//11260 5886//11260 5897//11260
f 5970//11261 5803//11261 5760//11261
f 5971//11262 5887//11262 5844//11262
f 5970//11263 5760//11263 5907//11263
f 5906//11264 5811//11264 5903//11264
f 5736//11265 5674//11265 5862//11265
f 5972//11266 5928//11266 5893//11266
f 5973//11267 5788//11267 5911//11267
f 5962//11268 5937//11268 5899//11268
f 5944//11269 5849//11269 5799//11269
f 5962//11270 5910//11270 5959//11270
f 5883//11271 5840//11271 5917//11271
f 5974//11272 5916//11272 5924//11272
f 5940//11273 5817//11273 5800//11273
f 5948//11274 5902//11274 5964//11274
f 5900//11275 5872//11275 5941//11275
f 5895//11276 5810//11276 5950//11276
f 5975//11277 5918//11277 5879//11277
f 5944//11278 5825//11278 5947//11278
f 5976//11279 5936//11279 5920//11279
f 5977//11280 5893//11280 5927//11280
f 5978//11281 5879//11281 5906//11281
f 5965//11282 5936//11282 5979//11282
f 5959//11283 4539//11283 4542//11283
f 5980//11284 5848//11284 5773//11284
f 5980//11285 5773//11285 5895//11285
f 5981//11286 5924//11286 5928//11286
f 5981//11287 5928//11287 5972//11287
f 5890//11288 5758//11288 5794//11288
f 5982//11289 5882//11289 5919//11289
f 5983//11290 5923//11290 5763//11290
f 5984//11291 5920//11291 5949//11291
f 5985//11292 5835//11292 5890//11292
f 5974//11293 5949//11293 5916//11293
f 5979//11294 5936//11294 5976//11294
f 5909//11295 5813//11295 5898//11295
f 5941//11296 5864//11296 5914//11296
f 5986//11297 5927//11297 5948//11297
f 5987//11298 5797//11298 5889//11298
f 5987//11299 5888//11299 5797//11299
f 5988//11300 5829//11300 5930//11300
f 5954//11301 5710//11301 5953//11301
f 5989//11302 5845//11302 5791//11302
f 5989//11303 5791//11303 5929//11303
f 5962//11304 5964//11304 5937//11304
f 5972//11305 5893//11305 5977//11305
f 5969//11306 5912//11306 5886//11306
f 5990//11307 5906//11307 5903//11307
f 5911//11308 5724//11308 5968//11308
f 5976//11309 5920//11309 5984//11309
f 5974//11310 5924//11310 5981//11310
f 5971//11311 5844//11311 5909//11311
f 5991//11312 5948//11312 5964//11312
f 5992//11313 5943//11313 5846//11313
f 5993//11314 5851//11314 5905//11314
f 5993//11315 5877//11315 5851//11315
f 5992//11316 5846//11316 5952//11316
f 5913//11317 5754//11317 5938//11317
f 5994//11318 5849//11318 5944//11318
f 5995//11319 5838//11319 5873//11319
f 5996//11320 5830//11320 5955//11320
f 5996//11321 5870//11321 5830//11321
f 5997//11322 5814//11322 5901//11322
f 5997//11323 5858//11323 5814//11323
f 5998//11324 5900//11324 5941//11324
f 5999//11325 5965//11325 5979//11325
f 5967//11326 4573//11326 5413//11326
f 6000//11327 5958//11327 5912//11327
f 5958//11328 5933//11328 5867//11328
f 5977//11329 5927//11329 5986//11329
f 5978//11330 5975//11330 5879//11330
f 592//11331 591//11331 5861//11331
f 6001//11332 5763//11332 5904//11332
f 592//11333 5861//11333 5957//11333
f 5926//11334 5658//11334 5880//11334
f 5967//11335 5904//11335 5792//11335
f 6002//11336 5883//11336 5917//11336
f 5963//11337 5838//11337 5995//11337
f 5984//11338 5949//11338 5974//11338
f 6003//11339 5940//11339 5824//11339
f 6003//11340 5824//11340 5932//11340
f 5975//11341 5957//11341 5918//11341
f 6004//11342 5794//11342 5939//11342
f 6004//11343 5890//11343 5794//11343
f 6005//11344 5951//11344 5965//11344
f 6006//11345 5892//11345 5956//11345
f 6006//11346 5945//11346 5892//11346
f 5966//11347 5817//11347 5940//11347
f 5973//11348 5884//11348 5788//11348
f 5883//11349 1297//11349 1256//11349
f 5988//11350 5874//11350 5829//11350
f 5990//11351 5903//11351 5933//11351
f 6007//11352 5771//11352 5960//11352
f 6007//11353 5871//11353 5771//11353
f 6008//11354 5889//11354 5922//11354
f 5947//11355 5882//11355 5982//11355
f 6009//11356 5932//11356 5868//11356
f 6010//11357 5952//11357 5900//11357
f 5413//11358 4573//11358 4575//11358
f 6011//11359 5835//11359 5985//11359
f 6011//11360 5908//11360 5835//11360
f 6012//11361 5962//11361 5959//11361
f 5999//11362 5979//11362 5976//11362
f 6013//11363 5969//11363 5897//11363
f 6013//11364 5897//11364 5943//11364
f 5931//11365 5995//11365 5873//11365
f 6014//11366 6015//11366 6005//11366
f 6016//11367 5948//11367 5991//11367
f 6016//11368 5986//11368 5948//11368
f 5994//11369 5956//11369 5849//11369
f 6017//11370 5957//11370 5975//11370
f 5942//11371 5850//11371 5966//11371
f 6018//11372 5981//11372 5972//11372
f 6018//11373 5972//11373 5977//11373
f 6019//11374 5906//11374 5990//11374
f 6020//11375 5868//11375 5803//11375
f 6020//11376 5803//11376 5970//11376
f 6021//11377 6005//11377 5965//11377
f 6022//11378 5943//11378 5992//11378
f 5532//11379 5736//11379 5862//11379
f 6023//11380 5984//11380 5974//11380
f 6023//11381 5974//11381 6024//11381
f 6025//11382 5946//11382 5945//11382
f 6026//11383 5858//11383 5997//11383
f 6024//11384 5974//11384 5981//11384
f 6027//11385 5955//11385 5887//11385
f 6027//11386 5887//11386 5971//11386
f 6028//11387 5962//11387 6012//11387
f 6029//11388 5938//11388 5801//11388
f 5898//11389 5877//11389 5993//11389
f 6004//11390 5985//11390 5890//11390
f 6000//11391 5912//11391 5969//11391
f 6030//11392 6004//11392 5939//11392
f 5959//11393 4542//11393 4545//11393
f 6016//11394 5977//11394 5986//11394
f 6031//11395 5874//11395 5988//11395
f 6014//11396 6005//11396 6021//11396
f 6032//11397 5939//11397 5963//11397
f 6010//11398 5992//11398 5952//11398
f 6033//11399 5933//11399 5958//11399
f 5983//11400 5763//11400 6001//11400
f 6034//11401 5941//11401 5914//11401
f 6035//11402 5900//11402 5998//11402
f 6036//11403 5931//11403 5891//11403
f 6037//11404 5801//11404 5826//11404
f 5566//11405 5999//11405 5976//11405
f 5557//11406 4558//11406 5500//11406
f 6002//11407 1297//11407 5883//11407
f 6038//11408 5964//11408 5962//11408
f 6038//11409 5962//11409 6028//11409
f 6039//11410 5977//11410 6016//11410
f 5559//11411 5752//11411 5734//11411
f 6040//11412 5956//11412 5994//11412
f 6021//11413 5965//11413 5999//11413
f 6041//11414 5957//11414 6017//11414
f 6042//11415 5884//11415 5973//11415
f 6019//11416 5978//11416 5906//11416
f 6043//11417 5998//11417 5941//11417
f 5917//11418 5888//11418 5987//11418
f 6044//11419 5975//11419 5978//11419
f 6045//11420 5836//11420 5923//11420
f 6045//11421 5915//11421 5836//11421
f 6046//11422 5909//11422 5898//11422
f 6039//11423 6018//11423 5977//11423
f 5567//11424 5984//11424 6023//11424
f 5567//11425 5976//11425 5984//11425
f 6047//11426 5958//11426 6000//11426
f 6011//11427 5934//11427 5908//11427
f 6033//11428 5990//11428 5933//11428
f 6026//11429 5905//11429 5858//11429
f 6048//11430 6024//11430 5981//11430
f 5996//11431 5930//11431 5870//11431
f 6029//11432 5913//11432 5938//11432
f 6049//11433 5845//11433 5989//11433
f 6049//11434 5907//11434 5845//11434
f 5633//11435 5796//11435 5954//11435
f 6050//11436 5964//11436 6038//11436
f 6050//11437 5991//11437 5964//11437
f 6030//11438 5939//11438 6032//11438
f 6031//11439 5919//11439 5874//11439
f 6010//11440 5900//11440 6035//11440
f 6051//11441 5969//11441 6013//11441
f 6041//11442 592//11442 5957//11442
f 6052//11443 5932//11443 6009//11443
f 5500//11444 4558//11444 4563//11444
f 6013//11445 5943//11445 6022//11445
f 6053//11446 5929//11446 5848//11446
f 6053//11447 5848//11447 5980//11447
f 6043//11448 5941//11448 6034//11448
f 6054//11449 5898//11449 5993//11449
f 6055//11450 5914//11450 5934//11450
f 6012//11451 5959//11451 4545//11451
f 6055//11452 5934//11452 6011//11452
f 6037//11453 5826//11453 5925//11453
f 6056//11454 6044//11454 5978//11454
f 6056//11455 5978//11455 6019//11455
f 5567//11456 5566//11456 5976//11456
f 6057//11457 6015//11457 6014//11457
f 6058//11458 5944//11458 5947//11458
f 6058//11459 5994//11459 5944//11459
f 6040//11460 6006//11460 5956//11460
f 6059//11461 6033//11461 5958//11461
f 6060//11462 5996//11462 5955//11462
f 6060//11463 5955//11463 6027//11463
f 6061//11464 5917//11464 5987//11464
f 6062//11465 5991//11465 6050//11465
f 6063//11466 5922//11466 5942//11466
f 6062//11467 6016//11467 5991//11467
f 6064//11468 5966//11468 5940//11468
f 6064//11469 5940//11469 6003//11469
f 6065//11470 5999//11470 5566//11470
f 6066//11471 5880//11471 5816//11471
f 6065//11472 6021//11472 5999//11472
f 6057//11473 6067//11473 6015//11473
f 6068//11474 5891//11474 5926//11474
f 6044//11475 6017//11475 5975//11475
f 6051//11476 6000//11476 5969//11476
f 6069//11477 6023//11477 6024//11477
f 6069//11478 6024//11478 6048//11478
f 6018//11479 6048//11479 5981//11479
f 5636//11480 5953//11480 5765//11480
f 6002//11481 649//11481 1297//11481
f 6070//11482 5980//11482 5895//11482
f 6071//11483 5895//11483 5950//11483
f 6072//11484 5905//11484 6026//11484
f 6009//11485 5868//11485 6020//11485
f 6073//11486 6074//11486 6025//11486
f 6059//11487 5958//11487 6047//11487
f 6075//11488 5930//11488 5996//11488
f 6076//11489 5950//11489 5913//11489
f 6076//11490 5913//11490 6029//11490
f 5960//11491 5449//11491 5442//11491
f 6077//11492 5919//11492 6031//11492
f 6043//11493 6035//11493 5998//11493
f 6045//11494 5968//11494 5915//11494
f 6078//11495 5990//11495 6033//11495
f 6078//11496 6019//11496 5990//11496
f 6079//11497 6025//11497 5945//11497
f 6079//11498 5945//11498 6006//11498
f 6080//11499 6041//11499 6017//11499
f 6081//11500 5801//11500 6037//11500
f 6081//11501 6029//11501 5801//11501
f 5646//11502 6001//11502 5904//11502
f 5531//11503 5765//11503 5736//11503
f 6082//11504 6002//11504 5917//11504
f 6083//11505 5942//11505 5966//11505
f 6034//11506 5914//11506 6055//11506
f 6084//11507 6048//11507 6018//11507
f 6085//11508 6000//11508 6051//11508
f 6085//11509 6047//11509 6000//11509
f 6086//11510 6006//11510 6040//11510
f 6087//11511 6066//11511 5816//11511
f 6087//11512 5816//11512 5871//11512
f 6088//11513 5907//11513 6049//11513
f 6088//11514 5970//11514 5907//11514
f 5646//11515 5904//11515 5967//11515
f 6089//11516 6067//11516 6057//11516
f 6090//11517 5911//11517 5968//11517
f 6091//11518 5971//11518 5909//11518
f 6091//11519 5909//11519 6046//11519
f 6039//11520 6016//11520 6062//11520
f 6092//11521 6065//11521 5566//11521
f 6092//11522 5566//11522 5565//11522
f 5571//11523 6023//11523 6069//11523
f 5571//11524 5567//11524 6023//11524
f 758//11525 592//11525 6041//11525
f 6093//11526 5889//11526 6008//11526
f 6094//11527 6022//11527 5992//11527
f 6094//11528 5992//11528 6010//11528
f 6095//11529 5857//11529 5884//11529
f 6096//11530 5871//11530 6007//11530
f 6095//11531 5884//11531 6042//11531
f 6097//11532 6035//11532 6043//11532
f 6098//11533 6057//11533 6014//11533
f 6099//11534 5947//11534 5982//11534
f 6075//11535 5988//11535 5930//11535
f 5689//11536 5968//11536 6045//11536
f 6100//11537 6014//11537 6021//11537
f 5655//11538 5796//11538 5633//11538
f 6080//11539 758//11539 6041//11539
f 5655//11540 5853//11540 5796//11540
f 6101//11541 6044//11541 6056//11541
f 6102//11542 6034//11542 6055//11542
f 6082//11543 5917//11543 6061//11543
f 6103//11544 6028//11544 6012//11544
f 6080//11545 6017//11545 6044//11545
f 6052//11546 6003//11546 5932//11546
f 6053//11547 5989//11547 5929//11547
f 6054//11548 6046//11548 5898//11548
f 6104//11549 6033//11549 6059//11549
f 6077//11550 5982//11550 5919//11550
f 5558//11551 5862//11551 5752//11551
f 5558//11552 5752//11552 5559//11552
f 6036//11553 5891//11553 6068//11553
f 5555//11554 6008//11554 5922//11554
f 5555//11555 5922//11555 6063//11555
f 6105//11556 6013//11556 6022//11556
f 6106//11557 6022//11557 6094//11557
f 6107//11558 6043//11558 6034//11558
f 5557//11559 5559//11559 5734//11559
f 6082//11560 649//11560 6002//11560
f 6094//11561 6010//11561 6035//11561
f 6098//11562 6014//11562 6100//11562
f 5475//11563 6026//11563 5997//11563
f 6078//11564 6056//11564 6019//11564
f 6108//11565 6069//11565 6048//11565
f 6083//11566 5966//11566 6064//11566
f 6108//11567 6048//11567 6084//11567
f 6109//11568 6018//11568 6039//11568
f 6100//11569 6021//11569 6065//11569
f 6110//11570 5980//11570 6070//11570
f 6110//11571 6053//11571 5980//11571
f 6111//11572 6089//11572 6057//11572
f 6111//11573 6057//11573 6098//11573
f 6112//11574 6047//11574 6085//11574
f 6090//11575 5968//11575 5689//11575
f 6113//11576 6074//11576 6073//11576
f 6113//11577 6114//11577 6074//11577
f 4023//11578 5963//11578 5995//11578
f 5737//11579 6062//11579 6050//11579
f 6038//11580 6028//11580 6103//11580
f 5511//11581 5996//11581 6060//11581
f 5531//11582 5736//11582 5532//11582
f 6087//11583 5871//11583 6096//11583
f 6090//11584 5973//11584 5911//11584
f 6078//11585 6033//11585 6104//11585
f 5660//11586 5923//11586 5983//11586
f 6093//11587 5987//11587 5889//11587
f 6093//11588 6061//11588 5987//11588
f 6094//11589 6035//11589 6097//11589
f 6115//11590 6043//11590 6107//11590
f 6072//11591 5993//11591 5905//11591
f 6099//11592 6058//11592 5947//11592
f 6042//11593 5973//11593 6090//11593
f 6116//11594 6082//11594 6061//11594
f 6105//11595 6051//11595 6013//11595
f 6071//11596 5950//11596 6076//11596
f 6117//11597 6011//11597 5985//11597
f 6118//11598 6097//11598 6043//11598
f 6119//11599 6085//11599 6051//11599
f 6083//11600 6063//11600 5942//11600
f 5636//11601 5765//11601 5531//11601
f 6120//11602 6022//11602 6106//11602
f 6107//11603 6034//11603 6102//11603
f 6121//11604 6056//11604 6078//11604
f 6122//11605 6003//11605 6052//11605
f 5629//11606 6046//11606 6054//11606
f 6112//11607 6059//11607 6047//11607
f 6117//11608 5985//11608 6004//11608
f 6123//11609 5995//11609 5931//11609
f 6124//11610 6089//11610 6111//11610
f 6082//11611 650//11611 649//11611
f 6058//11612 6040//11612 5994//11612
f 4032//11613 6030//11613 6032//11613
f 5489//11614 6009//11614 6020//11614
f 4023//11615 5995//11615 6123//11615
f 6073//11616 6025//11616 6079//11616
f 6125//11617 6080//11617 6044//11617
f 6125//11618 6044//11618 6101//11618
f 5619//11619 5982//11619 6077//11619
f 827//11620 758//11620 6080//11620
f 5483//11621 6070//11621 5895//11621
f 5741//11622 6062//11622 5737//11622
f 5483//11623 5895//11623 6071//11623
f 6126//11624 6055//11624 6011//11624
f 6126//11625 6011//11625 6117//11625
f 5594//11626 6077//11626 6031//11626
f 5544//11627 5970//11627 6088//11627
f 6103//11628 4545//11628 4548//11628
f 5634//11629 5954//11629 5953//11629
f 5544//11630 6020//11630 5970//11630
f 6103//11631 6012//11631 4545//11631
f 6032//11632 5963//11632 4023//11632
f 5575//11633 6069//11633 6108//11633
f 5575//11634 5571//11634 6069//11634
f 6127//11635 6079//11635 6006//11635
f 5532//11636 5862//11636 5558//11636
f 5538//11637 6083//11637 6064//11637
f 4032//11638 6128//11638 6030//11638
f 6075//11639 6031//11639 5988//11639
f 6120//11640 6105//11640 6022//11640
f 6129//11641 6059//11641 6112//11641
f 6130//11642 6065//11642 6092//11642
f 6036//11643 6123//11643 5931//11643
f 5562//11644 6018//11644 6109//11644
f 5562//11645 6084//11645 6018//11645
f 5510//11646 6075//11646 5996//11646
f 5510//11647 5996//11647 5511//11647
f 5514//11648 5961//11648 5857//11648
f 5514//11649 5857//11649 6095//11649
f 5521//11650 6039//11650 6062//11650
f 5551//11651 6058//11651 6099//11651
f 5521//11652 6062//11652 5741//11652
f 6131//11653 6106//11653 6094//11653
f 6132//11654 6092//11654 5565//11654
f 6133//11655 6078//11655 6104//11655
f 6132//11656 5565//11656 5570//11656
f 5524//11657 6071//11657 6076//11657
f 5629//11658 6091//11658 6046//11658
f 5495//11659 6042//11659 6090//11659
f 6134//11660 6131//11660 6094//11660
f 5534//11661 6027//11661 5971//11661
f 5534//11662 5971//11662 6091//11662
f 6135//11663 6056//11663 6121//11663
f 6135//11664 6101//11664 6056//11664
f 6136//11665 6089//11665 6124//11665
f 6128//11666 6004//11666 6030//11666
f 6119//11667 6112//11667 6085//11667
f 5659//11668 6045//11668 5923//11668
f 5659//11669 5923//11669 5660//11669
f 5526//11670 6029//11670 6081//11670
f 5526//11671 6076//11671 6029//11671
f 6125//11672 827//11672 6080//11672
f 6122//11673 6064//11673 6003//11673
f 5492//11674 6040//11674 6058//11674
f 6137//11675 6068//11675 5926//11675
f 6137//11676 5926//11676 5880//11676
f 6121//11677 6078//11677 6133//11677
f 6119//11678 6051//11678 6105//11678
f 5599//11679 6049//11679 5989//11679
f 5599//11680 5989//11680 6053//11680
f 6093//11681 6008//11681 5555//11681
f 6118//11682 6043//11682 6115//11682
f 6130//11683 6100//11683 6065//11683
f 5590//11684 6053//11684 6110//11684
f 6126//11685 6102//11685 6055//11685
f 5596//11686 6072//11686 6026//11686
f 5619//11687 6099//11687 5982//11687
f 6134//11688 6094//11688 6097//11688
f 5595//11689 6031//11689 6075//11689
f 5592//11690 5646//11690 5967//11690
f 5655//11691 5901//11691 5853//11691
f 5611//11692 6090//11692 5689//11692
f 5634//11693 5633//11693 5954//11693
f 6138//11694 6121//11694 6133//11694
f 5413//11695 5592//11695 5967//11695
f 5553//11696 6139//11696 6114//11696
f 5553//11697 6114//11697 6113//11697
f 6127//11698 6006//11698 6086//11698
f 5548//11699 6092//11699 6132//11699
f 5582//11700 6052//11700 6009//11700
f 5582//11701 6009//11701 5489//11701
f 4025//11702 4032//11702 6032//11702
f 6129//11703 6104//11703 6059//11703
f 5675//11704 6038//11704 6103//11704
f 5520//11705 6109//11705 6039//11705
f 5651//11706 4563//11706 4566//11706
f 5520//11707 6039//11707 5521//11707
f 5577//11708 6111//11708 6098//11708
f 5585//11709 6113//11709 6073//11709
f 5564//11710 6084//11710 5562//11710
f 5564//11711 6108//11711 6084//11711
f 5548//11712 6130//11712 6092//11712
f 5601//11713 6042//11713 5495//11713
f 6140//11714 6135//11714 6121//11714
f 6116//11715 650//11715 6082//11715
f 5631//11716 6091//11716 5629//11716
f 5546//11717 6064//11717 6122//11717
f 5473//11718 5960//11718 5442//11718
f 5514//11719 5925//11719 5961//11719
f 6141//11720 827//11720 6125//11720
f 5541//11721 6136//11721 6124//11721
f 6142//11722 6120//11722 6106//11722
f 6142//11723 6106//11723 6131//11723
f 5484//11724 5483//11724 6071//11724
f 6143//11725 6101//11725 6135//11725
f 6143//11726 6125//11726 6101//11726
f 5542//11727 6111//11727 5577//11727
f 6134//11728 6097//11728 6118//11728
f 5529//11729 5675//11729 6103//11729
f 6129//11730 6133//11730 6104//11730
f 5621//11731 6099//11731 5619//11731
f 6130//11732 6098//11732 6100//11732
f 5489//11733 6020//11733 5544//11733
f 5530//11734 5636//11734 5531//11734
f 6144//11735 6119//11735 6105//11735
f 6144//11736 6105//11736 6120//11736
f 5668//11737 5993//11737 6072//11737
f 5547//11738 6122//11738 6052//11738
f 6140//11739 6121//11739 6138//11739
f 5668//11740 6054//11740 5993//11740
f 5512//11741 6060//11741 6027//11741
f 5512//11742 6027//11742 5534//11742
f 5574//11743 6081//11743 6037//11743
f 6141//11744 900//11744 827//11744
f 6137//11745 5880//11745 6066//11745
f 5480//11746 6130//11746 5548//11746
f 4031//11747 6004//11747 6128//11747
f 5694//11748 6038//11748 5675//11748
f 5694//11749 6050//11749 6038//11749
f 5580//11750 6088//11750 6049//11750
f 5580//11751 6049//11751 5599//11751
f 5634//11752 5953//11752 5636//11752
f 5623//11753 5983//11753 6001//11753
f 5623//11754 6001//11754 5646//11754
f 6096//11755 6007//11755 5960//11755
f 5569//11756 6079//11756 6127//11756
f 5569//11757 6073//11757 6079//11757
f 6145//11758 6129//11758 6112//11758
f 5542//11759 6124//11759 6111//11759
f 5540//11760 6146//11760 6136//11760
f 5595//11761 5594//11761 6031//11761
f 5619//11762 6077//11762 5594//11762
f 5537//11763 6083//11763 5538//11763
f 5537//11764 6063//11764 6083//11764
f 6147//11765 6112//11765 6119//11765
f 5524//11766 6076//11766 5526//11766
f 4017//11767 6036//11767 6068//11767
f 5482//11768 6110//11768 6070//11768
f 5482//11769 6070//11769 5483//11769
f 5601//11770 6095//11770 6042//11770
f 5546//11771 5538//11771 6064//11771
f 5517//11772 6132//11772 5570//11772
f 6148//11773 6133//11773 6129//11773
f 6148//11774 6138//11774 6133//11774
f 6149//11775 6119//11775 6144//11775
f 6149//11776 6147//11776 6119//11776
f 4040//11777 6102//11777 6126//11777
f 5515//11778 5514//11778 6095//11778
f 5553//11779 6150//11779 6139//11779
f 5473//11780 6096//11780 5960//11780
f 5501//11781 5500//11781 4563//11781
f 5598//11782 6061//11782 6093//11782
f 6151//11783 6146//11783 5540//11783
f 5630//11784 6054//11784 5668//11784
f 5492//11785 6086//11785 6040//11785
f 5586//11786 6108//11786 5564//11786
f 5689//11787 6045//11787 5659//11787
f 5586//11788 5575//11788 6108//11788
f 5484//11789 6071//11789 5524//11789
f 6152//11790 6143//11790 6135//11790
f 5577//11791 6098//11791 6130//11791
f 6116//11792 848//11792 650//11792
f 5477//11793 6145//11793 6112//11793
f 5621//11794 5551//11794 6099//11794
f 5477//11795 6112//11795 6147//11795
f 5562//11796 6109//11796 5520//11796
f 4025//11797 6032//11797 4023//11797
f 5599//11798 6053//11798 5590//11798
f 5665//11799 6072//11799 5596//11799
f 6141//11800 6125//11800 6143//11800
f 5540//11801 6136//11801 5541//11801
f 4035//11802 6126//11802 6117//11802
f 5737//11803 6050//11803 5694//11803
f 6144//11804 6120//11804 6142//11804
f 5549//11805 6132//11805 5517//11805
f 4042//11806 6115//11806 6107//11806
f 5476//11807 5997//11807 5901//11807
f 5476//11808 5901//11808 5655//11808
f 5526//11809 6081//11809 5574//11809
f 4042//11810 6102//11810 4040//11810
f 4042//11811 6107//11811 6102//11811
f 5541//11812 6124//11812 5542//11812
f 6152//11813 6135//11813 6140//11813
f 5493//11814 5492//11814 6058//11814
f 5493//11815 6058//11815 5551//11815
f 5513//11816 5925//11816 5514//11816
f 5513//11817 6037//11817 5925//11817
f 5643//11818 5538//11818 5546//11818
f 5603//11819 6075//11819 5510//11819
f 5479//11820 6130//11820 5480//11820
f 4055//11821 6126//11821 4035//11821
f 6153//11822 6129//11822 6145//11822
f 5488//11823 5582//11823 5489//11823
f 798//11824 6150//11824 5553//11824
f 5496//11825 5495//11825 6090//11825
f 5688//11826 5611//11826 5689//11826
f 4035//11827 6004//11827 4031//11827
f 4035//11828 6117//11828 6004//11828
f 4016//11829 6036//11829 4017//11829
f 4016//11830 6123//11830 6036//11830
f 5660//11831 5983//11831 5623//11831
f 4011//11832 6115//11832 4042//11832
f 4013//11833 6134//11833 6118//11833
f 5584//11834 5553//11834 6113//11834
f 5584//11835 6113//11835 5585//11835
f 5578//11836 5575//11836 5586//11836
f 972//11837 900//11837 6141//11837
f 5548//11838 6132//11838 5549//11838
f 5596//11839 6026//11839 5475//11839
f 5501//11840 4563//11840 5651//11840
f 5527//11841 5526//11841 5574//11841
f 4017//11842 6068//11842 6137//11842
f 4040//11843 6126//11843 4055//11843
f 5491//11844 6127//11844 6086//11844
f 5491//11845 6086//11845 5492//11845
f 4032//11846 4031//11846 6128//11846
f 4016//11847 4023//11847 6123//11847
f 4010//11848 6118//11848 6115//11848
f 4010//11849 4013//11849 6118//11849
f 4010//11850 6115//11850 4011//11850
f 5490//11851 5489//11851 5544//11851
f 5552//11852 5551//11852 5621//11852
f 5585//11853 6073//11853 5569//11853
f 6153//11854 6148//11854 6129//11854
f 6141//11855 6143//11855 6152//11855
f 5546//11856 6122//11856 5547//11856
f 5505//11857 6140//11857 6138//11857
f 5593//11858 5595//11858 6075//11858
f 5505//11859 6138//11859 6148//11859
f 5529//11860 6103//11860 4548//11860
f 4047//11861 6131//11861 6134//11861
f 5554//11862 6093//11862 5555//11862
f 6154//11863 5477//11863 6147//11863
f 5547//11864 6052//11864 5582//11864
f 5535//11865 6091//11865 5631//11865
f 5535//11866 5534//11866 6091//11866
f 5525//11867 5524//11867 5526//11867
f 4013//11868 4019//11868 6134//11868
f 5598//11869 6116//11869 6061//11869
f 6154//11870 6147//11870 6149//11870
f 5543//11871 6088//11871 5580//11871
f 5543//11872 5544//11872 6088//11872
f 5606//11873 5532//11873 5558//11873
f 5556//11874 5555//11874 6063//11874
f 5556//11875 6063//11875 5537//11875
f 798//11876 236//11876 6150//11876
f 5498//11877 6141//11877 6152//11877
f 5496//11878 6090//11878 5611//11878
f 5651//11879 4566//11879 5700//11879
f 5591//11880 5590//11880 6110//11880
f 5591//11881 6110//11881 5482//11881
f 5479//11882 5577//11882 6130//11882
f 4027//11883 6137//11883 6066//11883
f 5476//11884 5475//11884 5997//11884
f 5512//11885 5511//11885 6060//11885
f 4049//11886 6149//11886 6144//11886
f 5487//11887 5486//11887 6151//11887
f 5487//11888 6151//11888 5540//11888
f 5513//11889 5574//11889 6037//11889
f 6142//11890 4048//11890 4049//11890
f 4048//11891 6131//11891 4047//11891
f 4048//11892 6142//11892 6131//11892
f 5522//11893 5521//11893 5741//11893
f 5515//11894 6095//11894 5601//11894
f 4047//11895 6134//11895 4019//11895
f 5668//11896 6072//11896 5665//11896
f 4027//11897 4017//11897 6137//11897
f 5498//11898 972//11898 6141//11898
f 5560//11899 5559//11899 5557//11899
f 5563//11900 5562//11900 5520//11900
f 4045//11901 6066//11901 6087//11901
f 4045//11902 4027//11902 6066//11902
f 5656//11903 5655//11903 5633//11903
f 5598//11904 848//11904 6116//11904
f 5485//11905 5613//11905 5486//11905
f 5693//11906 5660//11906 5623//11906
f 4049//11907 6144//11907 6142//11907
f 5508//11908 6140//11908 5505//11908
f 5508//11909 6152//11909 6140//11909
f 5620//11910 5619//11910 5594//11910
f 5503//11911 6145//11911 5477//11911
f 5635//11912 5634//11912 5636//11912
f 4044//11913 6096//11913 5473//11913
f 4044//11914 4045//11914 6087//11914
f 4044//11915 6087//11915 6096//11915
f 4051//11916 6149//11916 4049//11916
f 5554//11917 5598//11917 6093//11917
f 5491//11918 5569//11918 6127//11918
f 5502//11919 6148//11919 6153//11919
f 5478//11920 5480//11920 5548//11920
f 5589//11921 5599//11921 5590//11921
f 5536//11922 5538//11922 5643//11922
f 5624//11923 5623//11923 5646//11923
f 4020//11924 5473//11924 3979//11924
f 5508//11925 5498//11925 6152//11925
f 4039//11926 4044//11926 5473//11926
f 5576//11927 5577//11927 5479//11927
f 5630//11928 5629//11928 6054//11928
f 5593//11929 6075//11929 5603//11929
f 4051//11930 6154//11930 6149//11930
f 4051//11931 4052//11931 5477//11931
f 4051//11932 5477//11932 6154//11932
f 5588//11933 5585//11933 5569//11933
f 4020//11934 4039//11934 5473//11934
f 5573//11935 5574//11935 5513//11935
f 856//11936 5553//11936 5584//11936
f 1007//11937 972//11937 5498//11937
f 4053//11938 5503//11938 5477//11938
f 5497//11939 5498//11939 5508//11939
f 5503//11919 5502//11919 6153//11919
f 5503//11940 6153//11940 6145//11940
f 5506//11941 6148//11941 5502//11941
f 5506//11942 5505//11942 6148//11942
f 5504//11943 5508//11943 5505//11943
f 4599//11944 5768//11944 6155//11944
f 4598//11945 4599//11945 6155//11945
f 4427//11946 4596//11946 6156//11946
f 4427//11947 6156//11947 6157//11947
f 4592//11948 4427//11948 6157//11948
f 4592//11949 6157//11949 6158//11949
f 4590//11950 4592//11950 6158//11950
f 4585//11951 4587//11951 6159//11951
f 4583//11952 4585//11952 6160//11952
f 3888//11953 6161//11953 6162//11953
f 6163//11954 6164//11954 6165//11954
f 6166//11955 3890//11955 3889//11955
f 3889//11956 3888//11956 6162//11956
f 3888//11957 3887//11957 6161//11957
f 6167//11958 6168//11958 6169//11958
f 6170//11959 3891//11959 6166//11959
f 6171//11960 6172//11960 6173//11960
f 3890//11961 6166//11961 3891//11961
f 6174//11962 6175//11962 4567//11962
f 6176//11963 3892//11963 6177//11963
f 6176//11964 6178//11964 3892//11964
f 3867//11965 6179//11965 3868//11965
f 6180//11966 6181//11966 6182//11966
f 6183//11967 6184//11967 5946//11967
f 6183//11968 5946//11968 6025//11968
f 6177//11969 3891//11969 6170//11969
f 6177//11970 3892//11970 3891//11970
f 6173//11971 6185//11971 6171//11971
f 6186//11972 6187//11972 3877//11972
f 3893//11973 3892//11973 6178//11973
f 6174//11974 4567//11974 4568//11974
f 6188//11975 6183//11975 6025//11975
f 3893//11976 6178//11976 3894//11976
f 6188//11977 6025//11977 6074//11977
f 3878//11978 3877//11978 6187//11978
f 6189//11979 5935//11979 5951//11979
f 6190//11980 3879//11980 3878//11980
f 6190//11981 3878//11981 6191//11981
f 4577//11982 6161//11982 4214//11982
f 6192//11983 6168//11983 6167//11983
f 6189//11984 5951//11984 6193//11984
f 6194//11985 6174//11985 4568//11985
f 6189//11986 6195//11986 6196//11986
f 6189//11987 6196//11987 5921//11987
f 6189//11988 5921//11988 5935//11988
f 6197//11989 6198//11989 6199//11989
f 6197//11990 6199//11990 6200//11990
f 6201//11991 6185//11991 6173//11991
f 6201//11992 6173//11992 6184//11992
f 6192//11993 6202//11993 6168//11993
f 6188//11994 6074//11994 6114//11994
f 6203//11995 6198//11995 6197//11995
f 6203//11996 6197//11996 6196//11996
f 6189//11997 6193//11997 6204//11997
f 6196//11998 6195//11998 6205//11998
f 6169//11999 6206//11999 6180//11999
f 6169//12000 6180//12000 6207//12000
f 6114//12001 6208//12001 6188//12001
f 6203//12002 6196//12002 6209//12002
f 6205//12003 6209//12003 6196//12003
f 6203//12004 6210//12004 6211//12004
f 6203//12005 6211//12005 6198//12005
f 3879//12006 6190//12006 3880//12006
f 6166//12007 4577//12007 4580//12007
f 6212//12008 6210//12008 6203//12008
f 6212//12009 6203//12009 6209//12009
f 6213//12010 6209//12010 6205//12010
f 6213//12011 6205//12011 6214//12011
f 6210//12012 6215//12012 6216//12012
f 6210//12013 6216//12013 6211//12013
f 6210//12014 6217//12014 6215//12014
f 6171//12015 6202//12015 6192//12015
f 6218//12016 6194//12016 4570//12016
f 6219//12017 6208//12017 6114//12017
f 6219//12018 6114//12018 6139//12018
f 6168//12019 6206//12019 6169//12019
f 6215//12020 6220//12020 6216//12020
f 6215//12021 6221//12021 6220//12021
f 6215//12022 6222//12022 6221//12022
f 6171//12023 6223//12023 6202//12023
f 6183//12024 6201//12024 6184//12024
f 6183//12025 6224//12025 6201//12025
f 6217//12026 6210//12026 6225//12026
f 3921//12027 6226//12027 6227//12027
f 6215//12028 6217//12028 6228//12028
f 6229//12029 6183//12029 6188//12029
f 6230//12030 6219//12030 6139//12030
f 6231//12031 6232//12031 6233//12031
f 6231//12032 6234//12032 6235//12032
f 6233//12033 6232//12033 6181//12033
f 6233//12034 6181//12034 6180//12034
f 6185//12035 6223//12035 6171//12035
f 6236//12036 6218//12036 4572//12036
f 6168//12037 6237//12037 6206//12037
f 3939//12038 3935//12038 6238//12038
f 3939//12039 6238//12039 6239//12039
f 3939//12040 3937//12040 3935//12040
f 3939//12041 6239//12041 3940//12041
f 6229//12042 6188//12042 6208//12042
f 6230//12043 6139//12043 6150//12043
f 6230//12044 6150//12044 236//12044
f 6236//12045 4572//12045 4574//12045
f 6233//12046 6234//12046 6231//12046
f 6240//12047 3921//12047 6227//12047
f 6202//12048 6241//12048 6237//12048
f 6202//12049 6237//12049 6168//12049
f 6234//12050 6233//12050 6180//12050
f 6242//12051 6236//12051 4574//12051
f 6201//12052 6243//12052 6185//12052
f 6206//12053 6234//12053 6180//12053
f 237//12054 6230//12054 236//12054
f 6244//12055 6242//12055 4574//12055
f 6245//12056 6221//12056 3910//12056
f 237//12057 6246//12057 6230//12057
f 6201//12058 6163//12058 6243//12058
f 6247//12059 6151//12059 5613//12059
f 6248//12060 6249//12060 6229//12060
f 6248//12061 6229//12061 6208//12061
f 3923//12062 6240//12062 6250//12062
f 3923//12063 3922//12063 6240//12063
f 3923//12064 6250//12064 6251//12064
f 6222//12065 3910//12065 6221//12065
f 6223//12066 6252//12066 6202//12066
f 6253//12067 6254//12067 6255//12067
f 6224//12068 6164//12068 6163//12068
f 6224//12069 6163//12069 6201//12069
f 3910//12070 3909//12070 6245//12070
f 6223//12071 6256//12071 6252//12071
f 3910//12072 6222//12072 3911//12072
f 6257//12073 6244//12073 4576//12073
f 6257//12074 4576//12074 4214//12074
f 6258//12075 6259//12075 6260//12075
f 6161//12076 6257//12076 4214//12076
f 6237//12077 6261//12077 6206//12077
f 6262//12078 3912//12078 3911//12078
f 6262//12079 3911//12079 6222//12079
f 6254//12080 6263//12080 6264//12080
f 6265//12081 6225//12081 6266//12081
f 6267//12082 6263//12082 6254//12082
f 6267//12083 6254//12083 6268//12083
f 6162//12084 6161//12084 4577//12084
f 6269//12085 6270//12085 6271//12085
f 6258//12086 6271//12086 6270//12086
f 6272//12087 6263//12087 6273//12087
f 6272//12088 6274//12088 6263//12088
f 6243//12089 6223//12089 6185//12089
f 6241//12090 6261//12090 6237//12090
f 6275//12091 6265//12091 6266//12091
f 6276//12092 6159//12092 4587//12092
f 6275//12093 6277//12093 6278//12093
f 3925//12094 6251//12094 6279//12094
f 3925//12095 3924//12095 6251//12095
f 6280//12096 6277//12096 6281//12096
f 6280//12097 6281//12097 6282//12097
f 6280//12098 6282//12098 6283//12098
f 4590//12099 6276//12099 4587//12099
f 6284//12100 6226//12100 6271//12100
f 6275//12101 6278//12101 3917//12101
f 6275//12102 3916//12102 3915//12102
f 6275//12103 3917//12103 3916//12103
f 6285//12104 6286//12104 6267//12104
f 3926//12105 3925//12105 6279//12105
f 6166//12106 6162//12106 4577//12106
f 6243//12107 6287//12107 6256//12107
f 6243//12108 6256//12108 6223//12108
f 6243//12109 6163//12109 6287//12109
f 6280//12110 6288//12110 3919//12110
f 6289//12111 4590//12111 6158//12111
f 6290//12112 6249//12112 6248//12112
f 6170//12113 6166//12113 4580//12113
f 6285//12114 6181//12114 6232//12114
f 6291//12115 6248//12115 6246//12115
f 6288//12116 3920//12116 3919//12116
f 6288//12117 6292//12117 3920//12117
f 6170//12118 4580//12118 4581//12118
f 6170//12119 4581//12119 4583//12119
f 6293//12120 6294//12120 6295//12120
f 6290//12121 6248//12121 6291//12121
f 3865//12122 6293//12122 3867//12122
f 3928//12123 6296//12123 6232//12123
f 6190//12124 6297//12124 3880//12124
f 6298//12125 3860//12125 6297//12125
f 6177//12126 6170//12126 4583//12126
f 3860//12127 3880//12127 6297//12127
f 6299//12128 260//12128 310//12128
f 3930//12129 6232//12129 6231//12129
f 3930//12130 3928//12130 6232//12130
f 6238//12131 6234//12131 6206//12131
f 6238//12132 6235//12132 6234//12132
f 6300//12133 6301//12133 6249//12133
f 6176//12134 6177//12134 4583//12134
f 6176//12135 4583//12135 6160//12135
f 6238//12136 6206//12136 6261//12136
f 6300//12137 6249//12137 6290//12137
f 6287//12138 6252//12138 6256//12138
f 3933//12139 6231//12139 6235//12139
f 3933//12140 3930//12140 6231//12140
f 6178//12141 6160//12141 4585//12141
f 6178//12142 6176//12142 6160//12142
f 6302//12143 6287//12143 6163//12143
f 6303//12144 6156//12144 4596//12144
f 6304//12145 6300//12145 6290//12145
f 6239//12146 6238//12146 6261//12146
f 6239//12147 6261//12147 6241//12147
f 3935//12148 3933//12148 6235//12148
f 3935//12149 6235//12149 6238//12149
f 4598//12150 6303//12150 4596//12150
f 6305//12151 6290//12151 6291//12151
f 6305//12152 6304//12152 6290//12152
f 6306//12153 4585//12153 6159//12153
f 6306//12154 6178//12154 4585//12154
f 6307//12155 6089//12155 6136//12155
f 6307//12156 6136//12156 6146//12156
f 6308//12157 6241//12157 6252//12157
f 6308//12158 6239//12158 6241//12158
f 6309//12159 6306//12159 6159//12159
f 6276//12160 6309//12160 6159//12160
f 3902//12161 3900//12161 3901//12161
f 3906//12162 6310//12162 6311//12162
f 5806//12163 6245//12163 5807//12163
f 6308//12164 6252//12164 6287//12164
f 6311//12165 6312//12165 3908//12165
f 6313//12166 6301//12166 6300//12166
f 6313//12167 6294//12167 6301//12167
f 6307//12168 6253//12168 6255//12168
f 6307//12169 6314//12169 6253//12169
f 6315//12170 6260//12170 6316//12170
f 6317//12171 6308//12171 6287//12171
f 6318//12172 6319//12172 6255//12172
f 3908//12173 3907//12173 6311//12173
f 6300//12174 6320//12174 6313//12174
f 6311//12175 5768//12175 5767//12175
f 3940//12176 6239//12176 6308//12176
f 6317//12177 6287//12177 6302//12177
f 6289//12178 6276//12178 4590//12178
f 6320//12179 6300//12179 6304//12179
f 6314//12180 6151//12180 6247//12180
f 6314//12181 6146//12181 6151//12181
f 3941//12182 3940//12182 6308//12182
f 6255//12183 6264//12183 6318//12183
f 6321//12184 6320//12184 6304//12184
f 5793//12185 6311//12185 5767//12185
f 6322//12186 6289//12186 6158//12186
f 3942//12187 3941//12187 6308//12187
f 6245//12188 3909//12188 3908//12188
f 6312//12189 5793//12189 5807//12189
f 324//12190 6323//12190 312//12190
f 6322//12191 6157//12191 6156//12191
f 6270//12192 6259//12192 6258//12192
f 3942//12193 6308//12193 6317//12193
f 6322//12194 6158//12194 6157//12194
f 3862//12195 3942//12195 6317//12195
f 6264//12196 6274//12196 6318//12196
f 6264//12197 6263//12197 6274//12197
f 6245//12198 6312//12198 5807//12198
f 3863//12199 6317//12199 6324//12199
f 3863//12200 3862//12200 6317//12200
f 6258//12201 6260//12201 6274//12201
f 6274//12202 6284//12202 6258//12202
f 6216//12203 5832//12203 5841//12203
f 6274//12204 6272//12204 6284//12204
f 6269//12205 6271//12205 6325//12205
f 6326//12206 6322//12206 6156//12206
f 6269//12207 6325//12207 6283//12207
f 3917//12208 6278//12208 6280//12208
f 3865//12209 3863//12209 6324//12209
f 6327//12210 6227//12210 6284//12210
f 6211//12211 6216//12211 5841//12211
f 6293//12212 6295//12212 6313//12212
f 6328//12213 6321//12213 6323//12213
f 6240//12214 6227//12214 6327//12214
f 3918//12215 3917//12215 6280//12215
f 6179//12216 6293//12216 6313//12216
f 6303//12217 6326//12217 6156//12217
f 6293//12218 3865//12218 6324//12218
f 3919//12219 3918//12219 6280//12219
f 6251//12220 3924//12220 3923//12220
f 6199//12221 6211//12221 5841//12221
f 6324//12222 6294//12222 6293//12222
f 6199//12223 5841//12223 5856//12223
f 6328//12224 324//12224 329//12224
f 6329//12225 6321//12225 6328//12225
f 3867//12226 6293//12226 6179//12226
f 329//12227 6329//12227 6328//12227
f 6220//12228 5806//12228 5820//12228
f 6200//12229 6199//12229 5856//12229
f 6298//12230 3861//12230 3860//12230
f 6298//12231 6330//12231 3861//12231
f 6331//12232 6303//12232 4598//12232
f 6332//12233 3864//12233 6333//12233
f 6220//12234 5820//12234 5832//12234
f 6333//12235 3861//12235 6330//12235
f 6174//12236 6334//12236 6175//12236
f 6200//12237 5856//12237 5863//12237
f 6335//12238 6331//12238 4598//12238
f 3927//12239 6336//12239 3929//12239
f 6216//12240 6220//12240 5832//12240
f 6197//12241 6200//12241 5863//12241
f 3864//12242 3861//12242 6333//12242
f 3936//12243 3934//12243 6337//12243
f 6155//12244 6335//12244 4598//12244
f 6197//12245 5863//12245 5896//12245
f 6197//12246 5896//12246 5921//12246
f 6196//12247 6197//12247 5921//12247
f 6310//12248 6155//12248 5768//12248
f 6198//12249 6211//12249 6199//12249
f 3913//12250 6262//12250 6215//12250
f 6311//12251 6310//12251 5768//12251
f 6228//12252 3913//12252 6215//12252
f 6338//12253 6339//12253 6340//12253
f 6289//12254 3898//12254 3897//12254
f 6312//12255 6311//12255 5793//12255
f 3899//12256 3898//12256 6289//12256
f 6331//12257 6335//12257 3904//12257
f 6182//12258 6340//12258 6180//12258
f 3905//12259 6335//12259 6155//12259
f 3905//12260 3904//12260 6335//12260
f 6268//12261 6285//12261 6267//12261
f 6067//12262 6255//12262 6319//12262
f 6327//12263 6250//12263 6240//12263
f 6273//12264 6250//12264 6327//12264
f 3904//12265 3902//12265 6331//12265
f 6307//12266 6146//12266 6314//12266
f 3906//12267 6311//12267 3907//12267
f 3906//12268 6155//12268 6310//12268
f 3921//12269 6240//12269 3922//12269
f 3905//12270 6155//12270 3906//12270
f 6224//12271 6183//12271 6229//12271
f 6319//12272 6318//12272 6260//12272
f 6319//12273 6260//12273 6315//12273
f 6248//12274 6208//12274 6219//12274
f 6249//12275 6224//12275 6229//12275
f 6318//12276 6274//12276 6260//12276
f 6246//12277 6248//12277 6219//12277
f 6241//12278 6202//12278 6252//12278
f 6164//12279 6224//12279 6249//12279
f 237//12280 6299//12280 6246//12280
f 237//12281 260//12281 6299//12281
f 6164//12282 6249//12282 6301//12282
f 6341//12283 6269//12283 6283//12283
f 6291//12284 6246//12284 6299//12284
f 6283//12285 6342//12285 6341//12285
f 6283//12286 6282//12286 6342//12286
f 6251//12287 6250//12287 6286//12287
f 6299//12288 310//12288 6291//12288
f 6165//12289 6302//12289 6163//12289
f 6302//12290 6324//12290 6317//12290
f 6302//12291 6294//12291 6324//12291
f 6165//12292 6301//12292 6294//12292
f 6165//12293 6294//12293 6302//12293
f 6305//12294 6291//12294 310//12294
f 6343//12295 3869//12295 6332//12295
f 6343//12296 6175//12296 3869//12296
f 312//12297 6305//12297 310//12297
f 312//12298 6323//12298 6305//12298
f 6332//12299 3869//12299 3866//12299
f 6323//12300 6304//12300 6305//12300
f 6332//12301 3866//12301 3864//12301
f 3870//12302 3869//12302 6175//12302
f 6334//12303 3870//12303 6175//12303
f 6323//12304 6321//12304 6304//12304
f 324//12305 6328//12305 6323//12305
f 6344//12306 6179//12306 6313//12306
f 3872//12307 3870//12307 6334//12307
f 6179//12308 6344//12308 3873//12308
f 3873//12309 6321//12309 6329//12309
f 3873//12310 6344//12310 6321//12310
f 3871//12311 6179//12311 3873//12311
f 3873//12312 6329//12312 3876//12312
f 6221//12313 6245//12313 5806//12313
f 3876//12314 329//12314 89//12314
f 3876//12315 6329//12315 329//12315
f 6242//12316 6345//12316 6236//12316
f 6221//12317 5806//12317 6220//12317
f 3927//12318 72//12318 6336//12318
f 3878//12319 6187//12319 6191//12319
f 6346//12320 3932//12320 3931//12320
f 6346//12321 3934//12321 3932//12321
f 3896//12322 3895//12322 3897//12322
f 3901//12323 6326//12323 6303//12323
f 6222//12324 6215//12324 6262//12324
f 3901//12325 6303//12325 3902//12325
f 5613//12326 6339//12326 6247//12326
f 6331//12327 3902//12327 6303//12327
f 5614//12328 5641//12328 6347//12328
f 6067//12329 6089//12329 6307//12329
f 6316//12330 6348//12330 6204//12330
f 6316//12331 6204//12331 6349//12331
f 6316//12332 6349//12332 6315//12332
f 6247//12333 6339//12333 6338//12333
f 6265//12334 6228//12334 6217//12334
f 6307//12335 6255//12335 6067//12335
f 6259//12336 6270//12336 6348//12336
f 6259//12337 6316//12337 6260//12337
f 6259//12338 6348//12338 6316//12338
f 6266//12339 6213//12339 6350//12339
f 6351//12340 6270//12340 6269//12340
f 6269//12341 6341//12341 6351//12341
f 6281//12342 6350//12342 6342//12342
f 6281//12343 6342//12343 6282//12343
f 6279//12344 6286//12344 6285//12344
f 6279//12345 6285//12345 6232//12345
f 6338//12346 6340//12346 6182//12346
f 6218//12347 3874//12347 6194//12347
f 6174//12348 6194//12348 3872//12348
f 6174//12349 3872//12349 6334//12349
f 6218//12350 3875//12350 3874//12350
f 3875//12351 6218//12351 6236//12351
f 3872//12352 6194//12352 3874//12352
f 6263//12353 6286//12353 6273//12353
f 6263//12354 6267//12354 6286//12354
f 4549//12355 3934//12355 4547//12355
f 6181//12356 6268//12356 6182//12356
f 6257//12357 6242//12357 6244//12357
f 6288//12358 6325//12358 6292//12358
f 6288//12359 6283//12359 6325//12359
f 3915//12360 3914//12360 6228//12360
f 6273//12361 6327//12361 6272//12361
f 6181//12362 6285//12362 6268//12362
f 6345//12363 3883//12363 3881//12363
f 6226//12364 6292//12364 6325//12364
f 6286//12365 6250//12365 6273//12365
f 4559//12366 6298//12366 4555//12366
f 6336//12367 72//12367 395//12367
f 6336//12368 395//12368 4540//12368
f 6219//12369 6230//12369 6246//12369
f 6165//12370 6164//12370 6301//12370
f 6294//12371 6313//12371 6295//12371
f 3929//12372 6336//12372 4540//12372
f 6313//12373 6320//12373 6344//12373
f 6344//12374 6320//12374 6321//12374
f 3931//12375 4540//12375 4543//12375
f 3868//12376 6179//12376 3871//12376
f 3931//12377 3929//12377 4540//12377
f 6289//12378 3897//12378 6276//12378
f 6289//12379 6322//12379 3899//12379
f 6346//12380 4543//12380 4547//12380
f 6346//12381 3931//12381 4543//12381
f 3899//12382 6322//12382 6326//12382
f 3899//12383 6326//12383 3901//12383
f 3934//12384 6346//12384 4547//12384
f 6186//12385 3936//12385 6337//12385
f 6186//12386 3938//12386 3936//12386
f 6015//12387 6067//12387 6319//12387
f 6015//12388 6319//12388 6315//12388
f 6337//12389 3934//12389 4549//12389
f 6348//12390 6352//12390 6204//12390
f 3938//12391 6186//12391 3877//12391
f 6351//12392 6348//12392 6270//12392
f 6351//12393 6352//12393 6348//12393
f 6186//12394 6337//12394 4549//12394
f 6225//12395 6210//12395 6212//12395
f 6225//12396 6212//12396 6266//12396
f 6213//12397 6266//12397 6212//12397
f 6342//12398 6351//12398 6341//12398
f 6342//12399 6214//12399 6351//12399
f 6342//12400 6350//12400 6214//12400
f 6187//12401 4549//12401 4551//12401
f 6187//12402 6186//12402 4549//12402
f 6266//12403 6350//12403 6281//12403
f 6286//12404 6279//12404 6251//12404
f 6191//12405 6187//12405 4551//12405
f 6232//12406 3926//12406 6279//12406
f 6232//12407 6296//12407 3926//12407
f 6296//12408 3928//12408 3926//12408
f 4564//12409 6332//12409 4561//12409
f 6245//12410 3908//12410 6312//12410
f 6151//12411 5486//12411 5613//12411
f 3875//12412 6236//12412 3881//12412
f 6242//12413 3883//12413 6345//12413
f 6191//12414 4551//12414 4553//12414
f 6255//12415 6254//12415 6264//12415
f 6345//12416 3881//12416 6236//12416
f 6314//12417 6247//12417 6338//12417
f 6253//12418 6314//12418 6338//12418
f 4567//12419 6175//12419 4564//12419
f 5614//12420 6339//12420 5613//12420
f 6190//12421 6191//12421 4553//12421
f 6297//12422 4553//12422 4555//12422
f 6297//12423 6190//12423 4553//12423
f 6339//12424 5614//12424 6207//12424
f 3913//12425 3912//12425 6262//12425
f 6194//12426 4568//12426 4570//12426
f 6268//12427 6338//12427 6182//12427
f 6268//12428 6253//12428 6338//12428
f 6268//12429 6254//12429 6253//12429
f 6298//12430 6297//12430 4555//12430
f 3913//12431 6228//12431 3914//12431
f 6275//12432 6266//12432 6281//12432
f 6306//12433 3894//12433 6178//12433
f 6306//12434 6309//12434 3895//12434
f 3897//12435 6309//12435 6276//12435
f 3894//12436 6306//12436 3895//12436
f 6228//12437 6265//12437 3915//12437
f 3897//12438 3895//12438 6309//12438
f 6193//12439 6005//12439 6349//12439
f 6271//12440 6258//12440 6284//12440
f 6193//12441 5951//12441 6005//12441
f 6277//12442 6275//12442 6281//12442
f 6218//12443 4570//12443 4572//12443
f 6330//12444 6298//12444 4559//12444
f 6330//12445 4559//12445 4560//12445
f 6193//12446 6349//12446 6204//12446
f 6315//12447 6005//12447 6015//12447
f 6315//12448 6349//12448 6005//12448
f 6189//12449 6204//12449 6352//12449
f 6195//12450 6189//12450 6352//12450
f 6333//12451 4560//12451 4561//12451
f 6333//12452 6330//12452 4560//12452
f 6214//12453 6195//12453 6352//12453
f 6214//12454 6352//12454 6351//12454
f 6214//12455 6205//12455 6195//12455
f 6212//12456 6209//12456 6213//12456
f 6353//12457 6347//12457 5641//12457
f 6353//12458 5641//12458 5673//12458
f 6339//12459 6207//12459 6340//12459
f 6284//12460 6272//12460 6327//12460
f 6271//12461 6226//12461 6325//12461
f 6353//12462 5673//12462 5687//12462
f 6275//12463 3915//12463 6265//12463
f 6354//12464 5687//12464 5777//12464
f 6354//12465 6353//12465 5687//12465
f 6347//12466 6169//12466 6207//12466
f 6347//12467 6207//12467 5614//12467
f 6354//12468 5777//12468 5822//12468
f 6213//12469 6214//12469 6350//12469
f 6280//12470 6278//12470 6277//12470
f 6172//12471 6354//12471 5822//12471
f 6353//12472 6167//12472 6169//12472
f 6353//12473 6169//12473 6347//12473
f 6280//12098 6283//12098 6288//12098
f 6332//12474 6333//12474 4561//12474
f 6173//12475 6172//12475 5822//12475
f 6217//12476 6225//12476 6265//12476
f 6173//12477 5822//12477 5865//12477
f 6207//12478 6180//12478 6340//12478
f 6343//12479 6332//12479 4564//12479
f 6173//12480 5865//12480 5892//12480
f 6227//12481 6226//12481 6284//12481
f 6354//12482 6167//12482 6353//12482
f 6354//12483 6192//12483 6167//12483
f 6244//12484 4574//12484 4576//12484
f 3885//12485 6257//12485 3887//12485
f 3885//12486 3883//12486 6242//12486
f 3885//12487 6242//12487 6257//12487
f 6175//12488 6343//12488 4564//12488
f 6184//12489 6173//12489 5892//12489
f 6162//12490 6166//12490 3889//12490
f 6161//12491 3887//12491 6257//12491
f 6172//12492 6192//12492 6354//12492
f 6184//12493 5892//12493 5946//12493
f 3920//12494 6226//12494 3921//12494
f 3920//12495 6292//12495 6226//12495
f 6171//12496 6192//12496 6172//12496
f 3886//12497 6355//12497 6356//12497
f 3886//12498 3882//12498 6355//12498
f 3884//12499 3886//12499 6357//12499
f 3886//12500 6356//12500 6357//12500
f 6355//12501 3884//12501 6357//12501
f 3882//12502 3884//12502 6355//12502
f 6357//12503 6356//12503 6355//12503
f 2469//12504 6358//12504 6359//12504
f 2469//12505 2468//12505 6358//12505
f 6359//12506 6360//12506 2469//12506
f 6360//12507 2464//12507 2469//12507
f 6358//12508 2464//12508 6360//12508
f 2468//12509 2464//12509 6358//12509
f 6358//12503 6360//12503 6359//12503